scene_id,panorama_id,frame_id,camera_index,yaw_index,rgb_path,depth_path,height,width,process_height,process_width,focal_scale,gt_valid_pixels,gt_valid_fraction,camera_x,camera_y,camera_z,camera_in_bim_aabb,bim_hit_pixels,bim_hit_fraction,three_rule_pass,filter_reasons,deterministic_scale,deterministic_scale_support,learned_scale,learned_log_scale,oracle_frame_scale,scale_abs_log_error,confidence_source,round_1_log_scale,round_2_log_scale,round_3_log_scale,raw_abs_rel,raw_sq_rel,raw_rmse_m,raw_mae_m,raw_rmse_log,raw_mean_log_error,raw_mean_abs_log_error,raw_log10_error,raw_silog_x100,raw_delta1,raw_delta2,raw_delta3,scale_abs_rel,scale_sq_rel,scale_rmse_m,scale_mae_m,scale_rmse_log,scale_mean_log_error,scale_mean_abs_log_error,scale_log10_error,scale_silog_x100,scale_delta1,scale_delta2,scale_delta3,scale_low_abs_rel,scale_low_sq_rel,scale_low_rmse_m,scale_low_mae_m,scale_low_rmse_log,scale_low_mean_log_error,scale_low_mean_abs_log_error,scale_low_log10_error,scale_low_silog_x100,scale_low_delta1,scale_low_delta2,scale_low_delta3,final_abs_rel,final_sq_rel,final_rmse_m,final_mae_m,final_rmse_log,final_mean_log_error,final_mean_abs_log_error,final_log10_error,final_silog_x100,final_delta1,final_delta2,final_delta3,oracle_frame_scale_abs_rel,oracle_frame_scale_sq_rel,oracle_frame_scale_rmse_m,oracle_frame_scale_mae_m,oracle_frame_scale_rmse_log,oracle_frame_scale_mean_log_error,oracle_frame_scale_mean_abs_log_error,oracle_frame_scale_log10_error,oracle_frame_scale_silog_x100,oracle_frame_scale_delta1,oracle_frame_scale_delta2,oracle_frame_scale_delta3,bim_render_seconds,da3_inference_seconds,model_inference_seconds,status,error
759xd9YjKW5,013de08029c64d4caa3807ff21822447,013de08029c64d4caa3807ff21822447_i0_0,0,0,/mnt/priorbimda-data/PriorBIMDA-Datasets/Matterport3D/v1/scans/759xd9YjKW5/undistorted_color_images/013de08029c64d4caa3807ff21822447_i0_0.jpg,/mnt/priorbimda-data/PriorBIMDA-Datasets/Matterport3D/v1/scans/759xd9YjKW5/undistorted_depth_images/013de08029c64d4caa3807ff21822447_d0_0.png,1024,1280,406,504,1.4155678118069965,1168765,0.8916969299316406,-6.383389949798584,-13.631799697875977,1.5737500190734863,True,95002,0.4642759402611619,True,,1.0,95002,1.104200005531311,0.09912109587714518,1.131124803538722,0.024091443125380058,log-depth Laplacian fallback,,,,0.1173022966142459,0.02565414024234413,0.21495193078864747,0.2011133421842945,0.13049614789781075,-0.12385157287441427,0.1251017134046673,0.05433098380828912,4.111000501947117,0.9957117127908519,0.9993129499942247,0.9998631033612403,0.035269317558655824,0.0043426916329484585,0.08711809161065864,0.0623491091241649,0.04797529574118287,-0.02473047693533428,0.035691163613211466,0.015500475409923867,4.111000501100503,0.9986909258918603,0.9990263226568216,0.9996705924629844,0.035269317558655824,0.0043426916329484585,0.08711809161065864,0.0623491091241649,0.04797529574118287,-0.02473047693533428,0.035691163613211466,0.015500475409923867,4.111000501100503,0.9986909258918603,0.9990263226568216,0.9996705924629844,0.055517672573806714,0.009061930877064105,0.13320698971864867,0.10256532505029346,0.07091968504481541,-0.040488089165342286,0.05730197384878739,0.02488593104469282,5.822642323374421,0.9988261113226354,0.9992573357347285,0.9998263123895736,0.026806916551764707,0.0036483107540051176,0.08104580377415324,0.049421722547831295,0.04111497075685006,-0.0006389891568327272,0.026512519992116117,0.011514241133925672,4.111000502546899,0.9986464344842633,0.9989766976252711,0.9996021441436046,0.020639085210859776,0.25582545064389706,0.06812539231032133,ok,
759xd9YjKW5,013de08029c64d4caa3807ff21822447,013de08029c64d4caa3807ff21822447_i1_0,1,0,/mnt/priorbimda-data/PriorBIMDA-Datasets/Matterport3D/v1/scans/759xd9YjKW5/undistorted_color_images/013de08029c64d4caa3807ff21822447_i1_0.jpg,/mnt/priorbimda-data/PriorBIMDA-Datasets/Matterport3D/v1/scans/759xd9YjKW5/undistorted_depth_images/013de08029c64d4caa3807ff21822447_d1_0.png,1024,1280,406,504,1.4121168655554452,1207296,0.92109375,-6.374410152435303,-13.636699676513672,1.60725998878479,True,204624,1.0,True,,1.0,204624,0.9289220571517944,-0.07373044341703952,0.8877964238874142,0.045282371234309116,log-depth Laplacian fallback,,,,0.1211284164061082,0.06608007336479885,0.29368720926611963,0.15331684967540077,0.1536051252856797,0.09352207726192155,0.10657923961154465,0.0462867756487383,12.185300808205161,0.9855014843087362,0.9919439805979644,0.993028221745123,0.09109675422074513,0.0527733285970754,0.30583399540432016,0.18026047516596425,0.1234498455407351,0.019791633815928317,0.08430336382731067,0.03661248571608324,12.185300814886581,0.9875448937128923,0.9923167143765903,0.9933388332273113,0.09109675422074513,0.0527733285970754,0.30583399540432016,0.18026047516596425,0.1234498455407351,0.019791633815928317,0.08430336382731067,0.03661248571608324,12.185300814886581,0.9875448937128923,0.9923167143765903,0.9933388332273113,0.08185339339989216,0.04893963411162941,0.2829040110255291,0.15172499481541601,0.11820984376929639,0.023687088428205126,0.07497416536310861,0.03256086630249997,11.581230075322676,0.9877453416560644,0.9923092597010178,0.9933214389843087,0.07763058940861314,0.05590278071028382,0.3558711043655717,0.203595123457218,0.12449070050901229,-0.025490762020597427,0.07461446035476031,0.03240464840226137,12.185300802538219,0.9885347089694656,0.9925171623197625,0.9935401094677693,0.007604285143315792,0.06266296282410622,0.017662585712969303,ok,
759xd9YjKW5,013de08029c64d4caa3807ff21822447,013de08029c64d4caa3807ff21822447_i1_1,1,1,/mnt/priorbimda-data/PriorBIMDA-Datasets/Matterport3D/v1/scans/759xd9YjKW5/undistorted_color_images/013de08029c64d4caa3807ff21822447_i1_1.jpg,/mnt/priorbimda-data/PriorBIMDA-Datasets/Matterport3D/v1/scans/759xd9YjKW5/undistorted_depth_images/013de08029c64d4caa3807ff21822447_d1_1.png,1024,1280,406,504,1.4121168655554452,1117456,0.85255126953125,-6.371419906616211,-13.634900093078613,1.607300043106079,True,101967,0.49831398076471967,True,,1.0,101967,0.941479504108429,-0.06030270052344926,1.0155583274122963,0.07574123804898024,log-depth Laplacian fallback,,,,0.04123422198116558,0.015742969800796328,0.24415901632990922,0.14220683226791442,0.06674221471037813,-0.01914945138939238,0.041789106900698834,0.018148778530638593,6.393607538730785,0.9913150942855915,0.9978719520052691,0.9994568018785527,0.08119855824008004,0.03203019041682318,0.35801654609743283,0.28579016921651357,0.10198267591006636,-0.07945215200964842,0.08534222744725183,0.037063658453673674,6.393607531600098,0.9900613536461391,0.9978110994974299,0.9997637490872123,0.08119855824008004,0.03203019041682318,0.35801654609743283,0.28579016921651357,0.10198267591006636,-0.07945215200964842,0.08534222744725183,0.037063658453673674,6.393607531600098,0.9900613536461391,0.9978110994974299,0.9997637490872123,0.0787435239874628,0.031270472374916015,0.337660139343272,0.26739247770232794,0.103791705380508,-0.07427026830907159,0.08293838404815673,0.036019682530087145,7.250272650799203,0.97702907318051,0.9978093097177876,0.9996232513852894,0.03751368338332182,0.015564564426680258,0.24337010083398758,0.1315735127870792,0.0640436754526873,-0.0037108798202673842,0.037471563672115904,0.01627369333108629,6.393607539135221,0.9906841969616701,0.9978647928866998,0.9994004238198193,0.009756767190992832,0.06568406615406275,0.017697601579129696,ok,
759xd9YjKW5,013de08029c64d4caa3807ff21822447,013de08029c64d4caa3807ff21822447_i1_5,1,5,/mnt/priorbimda-data/PriorBIMDA-Datasets/Matterport3D/v1/scans/759xd9YjKW5/undistorted_color_images/013de08029c64d4caa3807ff21822447_i1_5.jpg,/mnt/priorbimda-data/PriorBIMDA-Datasets/Matterport3D/v1/scans/759xd9YjKW5/undistorted_depth_images/013de08029c64d4caa3807ff21822447_d1_5.png,1024,1280,406,504,1.4121168655554452,1305329,0.9958869934082031,-6.374330043792725,-13.640199661254883,1.607300043106079,True,62251,0.3042214012041598,True,,1.0,62251,0.9673420786857605,-0.03320309356562899,0.9346360902921006,0.034394940132750795,log-depth Laplacian fallback,,,,0.06253096807034583,0.00624276047175215,0.09257109058815434,0.08369175878383728,0.06775316631404829,0.055337392090562224,0.06027219317582383,0.026175880908467147,3.909302472557566,0.9995342170441321,1.0,1.0,0.04012409484528973,0.0031512310817711194,0.07655994120173316,0.06144129682305345,0.0449242891654077,0.022134298577000278,0.039548287238036835,0.017175602916204184,3.9093024742546736,0.9997019908390912,1.0,1.0,0.04012409484528973,0.0031512310817711194,0.07655994120173316,0.06144129682305345,0.0449242891654077,0.022134298577000278,0.039548287238036835,0.017175602916204184,3.9093024742546736,0.9997019908390912,1.0,1.0,0.04243719171470237,0.003433577184795366,0.07904312670300731,0.06455620595680908,0.047295762071388185,0.02440190319076194,0.041772212341594624,0.01814144131684546,4.051464217516975,0.9997272718218931,1.0,1.0,0.029650939070323283,0.003858615425989283,0.10126020595660759,0.062062538041262404,0.040970565522115594,-0.012260614064953398,0.03022443332749122,0.01312630461278217,3.9093024722477465,0.9996973942967635,1.0,1.0,0.009169800207018852,0.06620062422007322,0.017657115124166012,ok,
759xd9YjKW5,013de08029c64d4caa3807ff21822447,013de08029c64d4caa3807ff21822447_i2_0,2,0,/mnt/priorbimda-data/PriorBIMDA-Datasets/Matterport3D/v1/scans/759xd9YjKW5/undistorted_color_images/013de08029c64d4caa3807ff21822447_i2_0.jpg,/mnt/priorbimda-data/PriorBIMDA-Datasets/Matterport3D/v1/scans/759xd9YjKW5/undistorted_depth_images/013de08029c64d4caa3807ff21822447_d2_0.png,1024,1280,406,504,1.4165615917841592,1225524,0.9350006103515625,-6.384799957275391,-13.630999565124512,1.6402299404144287,True,145023,0.7087291813277035,True,,1.0,145023,1.041359782218933,0.04052734204465353,1.0430331694102908,0.001605635395723351,log-depth Laplacian fallback,,,,0.05467651816238175,0.011873345502218625,0.1344195615905133,0.08897510925194153,0.07414260296285029,-0.043908001697447054,0.05464039211710095,0.0237300207854869,5.974289046442131,0.9888570113681984,0.9979747438646652,0.9986936200351849,0.02790354738820493,0.009696617950383887,0.11543950899769836,0.04235402647150268,0.059838464296636855,-0.00338065964614941,0.026317791490671653,0.011429671620279063,5.9742890369790285,0.987334397367983,0.9976654883951681,0.9986046784885486,0.02790354738820493,0.009696617950383887,0.11543950899769836,0.04235402647150268,0.059838464296636855,-0.00338065964614941,0.026317791490671653,0.011429671620279063,5.9742890369790285,0.987334397367983,0.9976654883951681,0.9986046784885486,0.04854703925383721,0.012771428704956908,0.1322911167154861,0.06987290593002689,0.07428052605815438,0.010107955968451087,0.046334992505692785,0.02012303156425091,7.358957655548785,0.9867477095511797,0.9976475368903425,0.998587542961215,0.02791776556479051,0.009725417484755017,0.11568450796572909,0.04259222997839845,0.05976925489710498,-0.0017750686863027554,0.02628720517839494,0.011416388153635514,5.97428904733778,0.9872731990560772,0.9976532487327869,0.9986030465335645,0.01122415903955698,0.06383108254522085,0.01764026563614607,ok,
759xd9YjKW5,013de08029c64d4caa3807ff21822447,013de08029c64d4caa3807ff21822447_i2_5,2,5,/mnt/priorbimda-data/PriorBIMDA-Datasets/Matterport3D/v1/scans/759xd9YjKW5/undistorted_color_images/013de08029c64d4caa3807ff21822447_i2_5.jpg,/mnt/priorbimda-data/PriorBIMDA-Datasets/Matterport3D/v1/scans/759xd9YjKW5/undistorted_depth_images/013de08029c64d4caa3807ff21822447_d2_5.png,1024,1280,406,504,1.4165615917841592,1233108,0.9407867431640625,-6.384479999542236,-13.645600318908691,1.6404099464416504,True,65859,0.3218537414965986,True,,1.0,65859,1.0279719829559326,0.027587912727660473,0.9950205191207635,0.03257983253191694,log-depth Laplacian fallback,,,,0.02662038747220526,0.0033424882497853823,0.071380250693918,0.042574334427730634,0.045690809827010785,0.006436215517706971,0.02583409035505321,0.011219602886189627,4.523522114964945,0.9897348812918252,1.0,1.0,0.039589504808095116,0.005601740694355961,0.09867286939389566,0.06755946070512571,0.05660270792850876,0.0340241281890575,0.03792438846814873,0.01647035264127231,4.523522129728836,0.9887649743574772,0.9999951342461487,1.0,0.039589504808095116,0.005601740694355961,0.09867286939389566,0.06755946070512571,0.05660270792850876,0.0340241281890575,0.03792438846814873,0.01647035264127231,4.523522129728836,0.9887649743574772,0.9999951342461487,1.0,0.05102345257966996,0.0071514871290658906,0.1032281792419461,0.07828240384106074,0.06783477301081713,0.04123071569775941,0.048688569472743234,0.021145177053775492,5.386635789135571,0.9826268258741326,0.9986594848139823,1.0,0.026107799165449676,0.0032317660001656805,0.06956458437558827,0.041261891194822556,0.0452582720603174,0.0014442853390165106,0.025452800184668268,0.011054010669187497,4.523522111966746,0.989933566240751,1.0,1.0,0.009104086086153984,0.06371294893324375,0.017703616991639137,ok,
759xd9YjKW5,03bb2fc19b214b91a81c958303f98892,03bb2fc19b214b91a81c958303f98892_i0_0,0,0,/mnt/priorbimda-data/PriorBIMDA-Datasets/Matterport3D/v1/scans/759xd9YjKW5/undistorted_color_images/03bb2fc19b214b91a81c958303f98892_i0_0.jpg,/mnt/priorbimda-data/PriorBIMDA-Datasets/Matterport3D/v1/scans/759xd9YjKW5/undistorted_depth_images/03bb2fc19b214b91a81c958303f98892_d0_0.png,1024,1280,406,504,1.4155678118069965,1239409,0.9455940246582031,-8.204360008239746,-3.7431600093841553,1.5707900524139404,True,120351,0.5881568144499179,True,,1.0,120351,0.9216930866241455,-0.08154298868967064,0.9606255250291951,0.041372370549829514,log-depth Laplacian fallback,,,,0.051645223385824654,0.008634187902017493,0.13814716109604186,0.10427046650682498,0.061791688303062316,0.04498453075466829,0.04998960613197482,0.021710210095633644,4.236277535909458,0.9958657715088401,1.0,1.0,0.044448775822376795,0.005973381404710185,0.12073643581229108,0.08773294483232734,0.05595646152285754,-0.03655845798553417,0.04578791164635956,0.019885437365887586,4.2362775356189415,0.9964087722454815,0.9994973410714301,1.0,0.044448775822376795,0.005973381404710185,0.12073643581229108,0.08773294483232734,0.05595646152285754,-0.03655845798553417,0.04578791164635956,0.019885437365887586,4.2362775356189415,0.9964087722454815,0.9994973410714301,1.0,0.039013421825320235,0.004977574411288805,0.10438110211539012,0.06818754167182052,0.05728252658063388,-0.03445873570731441,0.040489023419194026,0.017584159448607514,4.575897054037035,0.9965628779523144,0.9994916932183,1.0,0.030538142268774715,0.00400554868141933,0.09948176237297128,0.06295774691286725,0.04263541410867537,0.004813917090505601,0.030412827267722195,0.0132081230614485,4.236277538669973,0.9961578461992773,0.99973455090289,1.0,0.00898428913205862,0.06498831789940596,0.017673250287771225,ok,
759xd9YjKW5,03bb2fc19b214b91a81c958303f98892,03bb2fc19b214b91a81c958303f98892_i0_1,0,1,/mnt/priorbimda-data/PriorBIMDA-Datasets/Matterport3D/v1/scans/759xd9YjKW5/undistorted_color_images/03bb2fc19b214b91a81c958303f98892_i0_1.jpg,/mnt/priorbimda-data/PriorBIMDA-Datasets/Matterport3D/v1/scans/759xd9YjKW5/undistorted_depth_images/03bb2fc19b214b91a81c958303f98892_d0_1.png,1024,1280,406,504,1.4155678118069965,1208895,0.9223136901855469,-8.191080093383789,-3.7490999698638916,1.5705499649047852,True,94966,0.4641000078192196,True,,1.0,94966,0.8933355808258057,-0.11279297829872667,1.1852663016512497,0.28276045477031797,log-depth Laplacian fallback,,,,0.1793057133256794,0.09800857302818573,0.47347690436961626,0.3621659425072455,0.24814823156485538,-0.20213754270508089,0.20539040363398842,0.08919991893412277,14.393734281942502,0.5514258889316277,0.9505126582540254,0.998489529694473,0.2662359019001862,0.1653661785059042,0.6094985540168381,0.5012081149954385,0.3462646267801078,-0.3149305210922472,0.3175371808175328,0.13790464542816955,14.393734277015472,0.428069435310759,0.7779997435674728,0.9986012019240712,0.2662359019001862,0.1653661785059042,0.6094985540168381,0.5012081149954385,0.3462646267801078,-0.3149305210922472,0.3175371808175328,0.13790464542816955,14.393734277015472,0.428069435310759,0.7779997435674728,0.9986012019240712,0.2573302751378014,0.14204869576606843,0.5569060025985071,0.4690802300464321,0.3213854939993645,-0.29945773268264836,0.30209140601423484,0.13119663066237708,11.667777033258332,0.29057362301936895,0.8650279800975271,0.9986417348074068,0.11970414088737913,0.03803649988858534,0.2728812817489007,0.21129715808308752,0.1474885564217006,-0.03217010450570121,0.12345837264347675,0.05361728998381731,14.39373427969595,0.8655193379077587,0.9975630637896592,0.9984465152060352,0.009778518229722977,0.0638604462146759,0.017694149166345596,ok,
759xd9YjKW5,03bb2fc19b214b91a81c958303f98892,03bb2fc19b214b91a81c958303f98892_i0_5,0,5,/mnt/priorbimda-data/PriorBIMDA-Datasets/Matterport3D/v1/scans/759xd9YjKW5/undistorted_color_images/03bb2fc19b214b91a81c958303f98892_i0_5.jpg,/mnt/priorbimda-data/PriorBIMDA-Datasets/Matterport3D/v1/scans/759xd9YjKW5/undistorted_depth_images/03bb2fc19b214b91a81c958303f98892_d0_5.png,1024,1280,406,504,1.4155678118069965,1258031,0.9598014831542969,-8.216139793395996,-3.751689910888672,1.5712699890136719,True,47231,0.23081847681601375,True,,1.0,47231,0.9721956253051758,-0.028198234169863244,1.0446486018798915,0.07187879689285578,log-depth Laplacian fallback,,,,0.09791074838392705,0.04972405749015966,0.3628997319431621,0.2724790034154845,0.1386307333038572,-0.040110060262852354,0.09766283679820834,0.042414431108479714,13.270140648115051,0.876105596761924,0.9910749417144729,1.0,0.11477321921607672,0.05752922058611317,0.40579061407073885,0.3321670113176247,0.1492504149721722,-0.06830829449598814,0.11750665425397078,0.05103249152941278,13.270140644475081,0.8337982132395784,0.9891687883684901,1.0,0.11477321921607672,0.05752922058611317,0.40579061407073885,0.3321670113176247,0.1492504149721722,-0.06830829449598814,0.11750665425397078,0.05103249152941278,13.270140644475081,0.8337982132395784,0.9891687883684901,1.0,0.11013779386371614,0.05492551664517608,0.39727215548744244,0.3192707533553912,0.14613411373341936,-0.062435510318605024,0.11291620504381636,0.0490388847679856,13.21248888283631,0.8407439880257322,0.9880328863120225,1.0,0.08690103237227878,0.04628388567067542,0.32817787236738266,0.22295736567060775,0.13274943344007223,0.0035705459464951926,0.0827222469673397,0.03592581538855368,13.270140647447612,0.9097383132848078,0.9927132161290143,0.999639913483849,0.009598203003406525,0.06597050651907921,0.01765903364866972,ok,
759xd9YjKW5,03bb2fc19b214b91a81c958303f98892,03bb2fc19b214b91a81c958303f98892_i1_0,1,0,/mnt/priorbimda-data/PriorBIMDA-Datasets/Matterport3D/v1/scans/759xd9YjKW5/undistorted_color_images/03bb2fc19b214b91a81c958303f98892_i1_0.jpg,/mnt/priorbimda-data/PriorBIMDA-Datasets/Matterport3D/v1/scans/759xd9YjKW5/undistorted_depth_images/03bb2fc19b214b91a81c958303f98892_d1_0.png,1024,1280,406,504,1.4121168655554452,1191344,0.90892333984375,-8.202329635620117,-3.7535300254821777,1.604200005531311,True,204624,1.0,True,,1.0,204624,1.011108636856079,0.011047389118174631,0.9920654038467496,0.019013631691684747,log-depth Laplacian fallback,,,,0.05481478627220109,0.043313452514320616,0.4170636256718858,0.12799285475362426,0.1297743684991699,-0.00983163722115676,0.057513584341613126,0.024977832314039838,12.940141277787468,0.9737128822573496,0.9805077290858056,0.9862843981251427,0.058500433715491074,0.04390302181430247,0.41619374364064077,0.13472555146143828,0.12940712386043185,0.0012157519063275266,0.060575252997725954,0.026307498116805803,12.940141287146526,0.973363696799581,0.9836747404611934,0.9862373923904431,0.058500433715491074,0.04390302181430247,0.41619374364064077,0.13472555146143828,0.12940712386043185,0.0012157519063275266,0.060575252997725954,0.026307498116805803,12.940141287146526,0.973363696799581,0.9836747404611934,0.9862373923904431,0.07224369538893195,0.04553319010091044,0.4108333157882311,0.1566304583497463,0.13270228685897428,0.0023034325258490793,0.07355736559233096,0.03194555798008946,13.2682293981527,0.9732747216588995,0.9846299641413395,0.9862978283350569,0.05357609132427137,0.043188105854270596,0.41849019424347,0.12578186566082988,0.13061963565924758,-0.017797853775909537,0.056705713727075516,0.024626978564054373,12.940141274625223,0.973862293342645,0.9782430599390268,0.9863448340697565,0.00853040162473917,0.06409463752061129,0.017718049697577953,ok,
759xd9YjKW5,03bb2fc19b214b91a81c958303f98892,03bb2fc19b214b91a81c958303f98892_i1_1,1,1,/mnt/priorbimda-data/PriorBIMDA-Datasets/Matterport3D/v1/scans/759xd9YjKW5/undistorted_color_images/03bb2fc19b214b91a81c958303f98892_i1_1.jpg,/mnt/priorbimda-data/PriorBIMDA-Datasets/Matterport3D/v1/scans/759xd9YjKW5/undistorted_depth_images/03bb2fc19b214b91a81c958303f98892_d1_1.png,1024,1280,406,504,1.4121168655554452,968302,0.7387557983398437,-8.199130058288574,-3.754960060119629,1.604140043258667,True,163024,0.7967002893111268,True,,1.0,163024,0.9302837252616882,-0.0722656584360119,1.0416800689287318,0.11310051904508106,log-depth Laplacian fallback,,,,0.05636841718778454,0.03751146851799983,0.2520005636119465,0.09664390296570206,0.11404968761799716,-0.035275490483192846,0.05161005553054434,0.022413962327635817,10.845723128004378,0.9859000601052151,0.9877651806977575,0.9935175182949121,0.12060657291529174,0.04898851577950304,0.3186646711812433,0.19498341533015986,0.15273529292161064,-0.1075411488202201,0.12225870889421095,0.05309628263737184,10.845723126780195,0.9857399860787234,0.987844701343176,0.9931385043096059,0.12060657291529174,0.04898851577950304,0.3186646711812433,0.19498341533015986,0.15273529292161064,-0.1075411488202201,0.12225870889421095,0.05309628263737184,10.845723126780195,0.9857399860787234,0.987844701343176,0.9931385043096059,0.13754478361552283,0.050445498602380845,0.26811883811321524,0.15270992479055542,0.17928996707688719,-0.12529795959645892,0.14149903513456413,0.06145225015357561,12.823928265315365,0.9568543698143761,0.987734198628114,0.9934875689609234,0.04124246898441831,0.03727408724089309,0.23483855489764388,0.056571114454598045,0.10859962204498298,0.00555939765867072,0.03462496355976266,0.015037430610106102,10.845723122957695,0.9859888753715267,0.9877228385359114,0.9933089056926455,0.009587191976606846,0.05879324674606323,0.01767572294920683,ok,
759xd9YjKW5,03bb2fc19b214b91a81c958303f98892,03bb2fc19b214b91a81c958303f98892_i1_3,1,3,/mnt/priorbimda-data/PriorBIMDA-Datasets/Matterport3D/v1/scans/759xd9YjKW5/undistorted_color_images/03bb2fc19b214b91a81c958303f98892_i1_3.jpg,/mnt/priorbimda-data/PriorBIMDA-Datasets/Matterport3D/v1/scans/759xd9YjKW5/undistorted_depth_images/03bb2fc19b214b91a81c958303f98892_d1_3.png,1024,1280,406,504,1.4121168655554452,1154410,0.8807449340820312,-8.201600074768066,-3.760499954223633,1.6043100357055664,True,85966,0.4201168973336461,True,,1.0,85966,0.9558387398719788,-0.04516606230145004,0.9743388534314155,0.019169925259313856,log-depth Laplacian fallback,,,,0.08107612905602105,0.05989531100145317,0.4725404674320656,0.3157532081009119,0.11074545402454627,0.022802570663356458,0.07626248321410901,0.033120375636126916,10.837249816372015,0.9677298360201315,0.992066943287047,0.9975390026073925,0.0782580506451395,0.058711068941286484,0.4957340983224587,0.3211127511374285,0.11065588155019791,-0.022363491684415954,0.07694747868879177,0.03341786539091033,10.837249817796252,0.9806819067748893,0.9937890350915186,0.9977694233417936,0.0782580506451395,0.058711068941286484,0.4957340983224587,0.3211127511374285,0.11065588155019791,-0.022363491684415954,0.07694747868879177,0.03341786539091033,10.837249817796252,0.9806819067748893,0.9937890350915186,0.9977694233417936,0.07903918190251044,0.05801267016439734,0.48672948208798505,0.32075599030975166,0.11039429911176872,-0.017285606802450903,0.07759517440145675,0.03369915606487312,10.903260555379626,0.9812674872878786,0.9937015445119152,0.9977027226028881,0.07615435645568375,0.05697186781235073,0.4746915974469313,0.30289776325070933,0.10841954338579674,-0.003193590932363397,0.07337479519781422,0.03186626866519196,10.837249819461293,0.9786141838688162,0.9929609064370545,0.997683665248915,0.010118930600583553,0.06514088250696659,0.01766062807291746,ok,
759xd9YjKW5,03bb2fc19b214b91a81c958303f98892,03bb2fc19b214b91a81c958303f98892_i1_4,1,4,/mnt/priorbimda-data/PriorBIMDA-Datasets/Matterport3D/v1/scans/759xd9YjKW5/undistorted_color_images/03bb2fc19b214b91a81c958303f98892_i1_4.jpg,/mnt/priorbimda-data/PriorBIMDA-Datasets/Matterport3D/v1/scans/759xd9YjKW5/undistorted_depth_images/03bb2fc19b214b91a81c958303f98892_d1_4.png,1024,1280,406,504,1.4121168655554452,1140267,0.8699546813964844,-8.20479965209961,-3.7590699195861816,1.6043699979782104,True,158657,0.7753587067010712,True,,1.0,158657,0.9916729927062988,-0.008361870491234547,1.0377744973338514,0.04544038436343232,log-depth Laplacian fallback,,,,0.0679901924792533,0.07889614918358825,0.5324608819203546,0.29066179750573007,0.11028919539905327,-0.024303559996572893,0.06425321704535077,0.02790481760732783,10.75780813793569,0.9788952938215347,0.9890218694393506,0.9931805445566696,0.07185686124557576,0.07984229674846259,0.5402399939456527,0.31238664727762133,0.11242808329489745,-0.03266543038222287,0.06870403007305625,0.029837781145243384,10.75780812773148,0.9792513507801243,0.9891490326388469,0.9933524341228852,0.07185686124557576,0.07984229674846259,0.5402399939456527,0.31238664727762133,0.11242808329489745,-0.03266543038222287,0.06870403007305625,0.029837781145243384,10.75780812773148,0.9792513507801243,0.9891490326388469,0.9933524341228852,0.06623467862380077,0.0776434413316909,0.527007064181913,0.2820398789169612,0.10900419538507994,-0.02726431052570904,0.0626044314933684,0.027188759140260046,10.553943330862827,0.9793504503769731,0.9892314694716238,0.9930533813571734,0.06062036511311686,0.08249525542827171,0.5336818140064528,0.2377728364017548,0.10833393614501469,0.01277490216443426,0.05455426469953308,0.023692616123296602,10.757808138910665,0.9760836716312934,0.988170314496517,0.9925070180931308,0.008458886295557022,0.058470044285058975,0.01772812195122242,ok,
759xd9YjKW5,03bb2fc19b214b91a81c958303f98892,03bb2fc19b214b91a81c958303f98892_i1_5,1,5,/mnt/priorbimda-data/PriorBIMDA-Datasets/Matterport3D/v1/scans/759xd9YjKW5/undistorted_color_images/03bb2fc19b214b91a81c958303f98892_i1_5.jpg,/mnt/priorbimda-data/PriorBIMDA-Datasets/Matterport3D/v1/scans/759xd9YjKW5/undistorted_depth_images/03bb2fc19b214b91a81c958303f98892_d1_5.png,1024,1280,406,504,1.4121168655554452,1224927,0.9345451354980469,-8.205160140991211,-3.7555899620056152,1.6043100357055664,True,178766,0.8736316365626711,True,,1.0,178766,1.001351237297058,0.0013503251974911412,1.028828497512663,0.02707044867968231,log-depth Laplacian fallback,,,,0.038945429304107555,0.016571726866466813,0.20855216303081237,0.14343848217112976,0.06563011044384347,-0.01765419004916321,0.03750961724002715,0.016290219785646865,6.321108265628044,0.9905218841612602,0.9966177576296383,0.9981574412189461,0.038031513317955914,0.016389414648201754,0.2061316222274903,0.13928104013097206,0.06527983587390392,-0.016303864889204298,0.03654373153606848,0.015870740954268374,6.321108258366095,0.990488412778884,0.9966063283771196,0.9981566248437662,0.038031513317955914,0.016389414648201754,0.2061316222274903,0.13928104013097206,0.06527983587390392,-0.016303864889204298,0.03654373153606848,0.015870740954268374,6.321108258366095,0.990488412778884,0.9966063283771196,0.9981566248437662,0.03897362241762421,0.017075001982506343,0.21403836280105887,0.14430625080211842,0.06629739087387405,-0.012806998556644833,0.03749397350625573,0.016283425798393585,6.504863430275332,0.9906296456850082,0.9965638768677644,0.9981525429678667,0.026907710133252133,0.015780386649448242,0.18730577010046467,0.08458957638752175,0.06412145029956642,0.010766587922220346,0.02457919296130578,0.010674607872730356,6.3211082675689605,0.9892662991345607,0.9962324285447215,0.9981394809649882,0.00825726892799139,0.11435008887201548,0.01791202649474144,ok,
759xd9YjKW5,03bb2fc19b214b91a81c958303f98892,03bb2fc19b214b91a81c958303f98892_i2_0,2,0,/mnt/priorbimda-data/PriorBIMDA-Datasets/Matterport3D/v1/scans/759xd9YjKW5/undistorted_color_images/03bb2fc19b214b91a81c958303f98892_i2_0.jpg,/mnt/priorbimda-data/PriorBIMDA-Datasets/Matterport3D/v1/scans/759xd9YjKW5/undistorted_depth_images/03bb2fc19b214b91a81c958303f98892_d2_0.png,1024,1280,406,504,1.4165615917841592,1224545,0.9342536926269531,-8.202569961547852,-3.7419300079345703,1.6372599601745605,True,204624,1.0,True,,1.0,204624,0.9671059250831604,-0.03344724962804383,0.9825937295994099,0.015887708922488808,log-depth Laplacian fallback,,,,0.03279700853660715,0.008444674303429217,0.13547957720429507,0.060852952503351085,0.054220332778944884,0.019554880919428204,0.03162745782335276,0.013735630409309934,5.0571247946699005,0.9928675548877338,0.9980417216190504,0.9992291014213442,0.030681623332781127,0.006957888702572655,0.11977836800637479,0.052393254844306784,0.05244472361219344,-0.013892368705123967,0.030487035260830016,0.013240351183368342,5.057124802217414,0.9942043779526273,0.9981544165383878,0.9992299180511945,0.030681623332781127,0.006957888702572655,0.11977836800637479,0.052393254844306784,0.05244472361219344,-0.013892368705123967,0.030487035260830016,0.013240351183368342,5.057124802217414,0.9942043779526273,0.9981544165383878,0.9992299180511945,0.035164940001415214,0.007580186797682486,0.12295511863345854,0.0574296800900087,0.057671970076713194,-0.017274469063943514,0.03519727937852518,0.015285984212100603,5.502407519521033,0.9938662931946152,0.9981478834995856,0.999258500095954,0.027846272820316535,0.007166618936649391,0.12370394571523025,0.04989683225788829,0.05061059610207553,0.001995325539248183,0.027195669148890423,0.011810929043029618,5.057124789640697,0.9934342960038218,0.9981054187473715,0.9992184852332907,0.008080663159489632,0.06348935049027205,0.017627499997615814,ok,
759xd9YjKW5,03bb2fc19b214b91a81c958303f98892,03bb2fc19b214b91a81c958303f98892_i2_1,2,1,/mnt/priorbimda-data/PriorBIMDA-Datasets/Matterport3D/v1/scans/759xd9YjKW5/undistorted_color_images/03bb2fc19b214b91a81c958303f98892_i2_1.jpg,/mnt/priorbimda-data/PriorBIMDA-Datasets/Matterport3D/v1/scans/759xd9YjKW5/undistorted_depth_images/03bb2fc19b214b91a81c958303f98892_d2_1.png,1024,1280,406,504,1.4165615917841592,1170496,0.893017578125,-8.189290046691895,-3.7478699684143066,1.6370099782943726,True,105798,0.5170361247947455,True,,1.0,105798,0.9038659334182739,-0.10107423332889515,1.012206271616942,0.11320660913297215,log-depth Laplacian fallback,,,,0.03207048591125415,0.0074626719441553135,0.09742846453205643,0.05009608219746223,0.056263249533062755,-0.0011587866335258884,0.030689747700047936,0.013328388077133836,5.625131519847023,0.9960914005686479,0.9977513806112964,0.9981964910602001,0.10170766077258739,0.024826026478158535,0.22326012585601068,0.18686641016160793,0.11668676368441172,-0.10223301992262067,0.10644986739809682,0.04623059001032635,5.625131515478363,0.996123011099568,0.9978650076548745,0.99856300235114,0.10170766077258739,0.024826026478158535,0.22326012585601068,0.18686641016160793,0.11668676368441172,-0.10223301992262067,0.10644986739809682,0.04623059001032635,5.625131515478363,0.996123011099568,0.9978650076548745,0.99856300235114,0.08686511790786802,0.016362059225411767,0.16157509825865052,0.1374469473559292,0.10220300714587933,-0.08581379407031114,0.09003215472305179,0.0391004679900812,5.551078649162608,0.996293878834272,0.9979060159112034,0.9985219940948111,0.030958289383786714,0.007510361308804812,0.09411981725367059,0.04182782876838187,0.057311701062784305,0.010973632973249731,0.029197559182654726,0.012680338838070557,5.625131516754394,0.9960495379736454,0.997732585160479,0.9981614631745858,0.00886922050267458,0.06540112290531397,0.01766006276011467,ok,
759xd9YjKW5,03bb2fc19b214b91a81c958303f98892,03bb2fc19b214b91a81c958303f98892_i2_3,2,3,/mnt/priorbimda-data/PriorBIMDA-Datasets/Matterport3D/v1/scans/759xd9YjKW5/undistorted_color_images/03bb2fc19b214b91a81c958303f98892_i2_3.jpg,/mnt/priorbimda-data/PriorBIMDA-Datasets/Matterport3D/v1/scans/759xd9YjKW5/undistorted_depth_images/03bb2fc19b214b91a81c958303f98892_d2_3.png,1024,1280,406,504,1.4165615917841592,1258695,0.9603080749511719,-8.199569702148438,-3.7708699703216553,1.637719988822937,True,129290,0.6318418171866448,True,,1.0,129290,1.01500403881073,0.014892591609705864,1.1497782345584322,0.12467649265511617,log-depth Laplacian fallback,,,,0.13176716429981725,0.04211513926782057,0.33817097941665947,0.2871010223432052,0.14831947088238642,-0.13525550263084515,0.14129467041424237,0.0613634956832441,6.086554403690578,0.9853205105287619,0.9979550248471631,0.999302452142894,0.11933600101109734,0.03554871212186422,0.3116533735605662,0.2599979230896997,0.13487714716241817,-0.12036291108522464,0.1269936219209739,0.05515262923718681,6.086554412607281,0.9879295619669578,0.9979526414262391,0.9993143692475143,0.11933600101109734,0.03554871212186422,0.3116533735605662,0.2599979230896997,0.13487714716241817,-0.12036291108522464,0.1269936219209739,0.05515262923718681,6.086554412607281,0.9879295619669578,0.9979526414262391,0.9993143692475143,0.14041144554206522,0.04437654588077817,0.3235649922175749,0.28737524444411505,0.16405244704304445,-0.14659661315455694,0.15217016980781103,0.06608666505781313,7.363856593133852,0.861335748533203,0.9974227275074581,0.9993795160861051,0.031261064692846154,0.010215452531369408,0.16547349127072053,0.06825028221841489,0.06101820655294018,0.004313592337601601,0.030296755884890125,0.013157713900377652,6.086554404654785,0.9846038953042635,0.9965496009756136,0.9994605523975229,0.008765107952058315,0.06557521037757397,0.017618214711546898,ok,
759xd9YjKW5,03bb2fc19b214b91a81c958303f98892,03bb2fc19b214b91a81c958303f98892_i2_4,2,4,/mnt/priorbimda-data/PriorBIMDA-Datasets/Matterport3D/v1/scans/759xd9YjKW5/undistorted_color_images/03bb2fc19b214b91a81c958303f98892_i2_4.jpg,/mnt/priorbimda-data/PriorBIMDA-Datasets/Matterport3D/v1/scans/759xd9YjKW5/undistorted_depth_images/03bb2fc19b214b91a81c958303f98892_d2_4.png,1024,1280,406,504,1.4165615917841592,1247857,0.9520393371582031,-8.212849617004395,-3.764930009841919,1.6379599571228027,True,204624,1.0,True,,1.0,204624,1.1020454168319702,0.09716792297764815,1.1339218127278254,0.028514331739080828,log-depth Laplacian fallback,,,,0.13039072175184485,0.037840178494796574,0.29446675779760634,0.2792850038705573,0.1509032454286191,-0.13649449629404103,0.1406866705031432,0.06109944467685608,6.435092821650724,0.8911149274315887,0.9999767601576142,1.0,0.05072477803804555,0.010015622570125534,0.14521877798734373,0.09359185269724203,0.07541632005798767,-0.039326573184594094,0.05237657487694936,0.022746857450051606,6.435092829668891,0.9915070396688082,0.9992178590976369,1.0,0.05072477803804555,0.010015622570125534,0.14521877798734373,0.09359185269724203,0.07541632005798767,-0.039326573184594094,0.05237657487694936,0.022746857450051606,6.435092829668891,0.9915070396688082,0.9992178590976369,1.0,0.06482125083402955,0.014656349325150619,0.16965779914264806,0.11879725792978622,0.09600576621191063,-0.0478037669691298,0.0679023110596522,0.029489599001685112,8.325807474051498,0.9897720652286279,0.9991625643002363,1.0,0.0467415766805419,0.009215187586652912,0.14749857961245913,0.09783636743132475,0.06525293549701006,-0.010812198409359298,0.0470336088989607,0.02042643680881431,6.43509281715004,0.989793702323263,0.9991232969803431,1.0,0.007819075137376785,0.059830657206475735,0.017664753831923008,ok,
759xd9YjKW5,03bb2fc19b214b91a81c958303f98892,03bb2fc19b214b91a81c958303f98892_i2_5,2,5,/mnt/priorbimda-data/PriorBIMDA-Datasets/Matterport3D/v1/scans/759xd9YjKW5/undistorted_color_images/03bb2fc19b214b91a81c958303f98892_i2_5.jpg,/mnt/priorbimda-data/PriorBIMDA-Datasets/Matterport3D/v1/scans/759xd9YjKW5/undistorted_depth_images/03bb2fc19b214b91a81c958303f98892_d2_5.png,1024,1280,406,504,1.4165615917841592,1245695,0.9503898620605469,-8.214349746704102,-3.750459909439087,1.6377300024032593,True,204624,1.0,True,,1.0,204624,1.0031942129135132,0.0031891222529998073,1.0156893066317125,0.012378379577426839,log-depth Laplacian fallback,,,,0.035290848520895104,0.013703365128116932,0.16210369658806847,0.07768679633021575,0.06606685484264474,-0.004341884880030124,0.03342820226991317,0.014517683785769049,6.592402706515779,0.9873548501037573,0.995295798730829,0.9978959536644203,0.03460400758191218,0.013830561338816763,0.1633679143461603,0.07722988145744027,0.06593410500023328,-0.0011527625871935031,0.03262995141071886,0.01417100784244644,6.592402703566699,0.987248082395771,0.9952412107297532,0.997883109428873,0.03460400758191218,0.013830561338816763,0.1633679143461603,0.07722988145744027,0.06593410500023328,-0.0011527625871935031,0.03262995141071886,0.01417100784244644,6.592402703566699,0.987248082395771,0.9952412107297532,0.997883109428873,0.031235938599501457,0.013586912114898797,0.16141425736055368,0.06811039333933688,0.0651187446248351,0.0023592398117290923,0.029188254814245657,0.012676298002212903,6.507599318508511,0.987146131276115,0.9951729757284087,0.9979224449002364,0.03350286996431218,0.01480465569846059,0.17207334004752636,0.0792063233779073,0.06687294411302964,0.011225564933605341,0.031110088701057876,0.013510939854390138,6.592402707864407,0.9868467000349203,0.9950549693143185,0.9978269158983539,0.008093366399407387,0.06331581342965364,0.017659776844084263,ok,
759xd9YjKW5,095e289950a64f99bc690533335dbea5,095e289950a64f99bc690533335dbea5_i0_0,0,0,/mnt/priorbimda-data/PriorBIMDA-Datasets/Matterport3D/v1/scans/759xd9YjKW5/undistorted_color_images/095e289950a64f99bc690533335dbea5_i0_0.jpg,/mnt/priorbimda-data/PriorBIMDA-Datasets/Matterport3D/v1/scans/759xd9YjKW5/undistorted_depth_images/095e289950a64f99bc690533335dbea5_d0_0.png,1024,1280,406,504,1.4155678118069965,1197905,0.9139289855957031,-1.7330600023269653,3.4803500175476074,1.57014000415802,True,204624,1.0,True,,1.0,204624,1.0079046487808228,0.007873570711368957,1.1644930315693969,0.1444122555592255,log-depth Laplacian fallback,,,,0.14816893882307955,0.05246076315468243,0.2994141560536874,0.2414240033407594,0.1954556544928693,-0.14767254571942082,0.16086453075190377,0.06986257803950777,12.804582036904394,0.7722791039356209,0.9843017601562728,0.989816387776994,0.14181523870899956,0.04988981514379736,0.29119457975085206,0.2302760072462822,0.18957712279477526,-0.13979897484965748,0.15336925782312405,0.06660742236617986,12.804582038524387,0.7958302202595364,0.984325969087699,0.9898564577324579,0.14181523870899956,0.04988981514379736,0.29119457975085206,0.2302760072462822,0.18957712279477526,-0.13979897484965748,0.15336925782312405,0.06660742236617986,12.804582038524387,0.7958302202595364,0.984325969087699,0.9898564577324579,0.16962740912205745,0.06813627373632604,0.3422797867377264,0.280251731523998,0.22680897185864352,-0.17427606846265772,0.18802903385967876,0.0816599718428581,14.515564638268119,0.6370805698281583,0.9842800555970632,0.9898873449897947,0.08298054038145734,0.03335276924911061,0.22969187667186686,0.1354814606214525,0.12812889949689907,0.004613325562599013,0.07993299588467549,0.03471445903470991,12.804582036731983,0.975192523614143,0.9839519828367024,0.9907989364765988,0.00881863385438919,0.05905964970588684,0.01768380869179964,ok,
759xd9YjKW5,095e289950a64f99bc690533335dbea5,095e289950a64f99bc690533335dbea5_i0_1,0,1,/mnt/priorbimda-data/PriorBIMDA-Datasets/Matterport3D/v1/scans/759xd9YjKW5/undistorted_color_images/095e289950a64f99bc690533335dbea5_i0_1.jpg,/mnt/priorbimda-data/PriorBIMDA-Datasets/Matterport3D/v1/scans/759xd9YjKW5/undistorted_depth_images/095e289950a64f99bc690533335dbea5_d0_1.png,1024,1280,406,504,1.4155678118069965,1235407,0.9425407409667969,-1.7387900352478027,3.4669899940490723,1.5693999528884888,True,204624,1.0,True,,1.0,204624,1.0421228408813477,0.04125982590419852,1.0316664752907139,0.010084393937497299,log-depth Laplacian fallback,,,,0.04946591367479497,0.006183718076214915,0.11338263662844461,0.09252454690703178,0.06145613175848728,-0.030195588459502428,0.05074617168222242,0.022038782339304255,5.3526466054662265,0.999957099158415,1.0,1.0,0.04587892842367019,0.008248425935407042,0.15658845976547278,0.10852880294429765,0.05465802712151793,0.011064237505472472,0.045265126911104646,0.019658394840143135,5.35264661381553,0.9994997599981221,1.0,1.0,0.04587892842367019,0.008248425935407042,0.15658845976547278,0.10852880294429765,0.05465802712151793,0.011064237505472472,0.045265126911104646,0.019658394840143135,5.35264661381553,0.9994997599981221,1.0,1.0,0.018574202960923266,0.0012745239481975399,0.0574452871108545,0.0402919765821819,0.023436008265856255,0.01006924199976869,0.01842149513144079,0.008000353683992347,2.116262859352252,1.0,1.0,1.0,0.04487009644662991,0.007061928395002141,0.14141310405603127,0.10084172502988388,0.053535434406355366,0.0009798841916141237,0.04471292867141521,0.019418578191729315,5.352646601493697,0.9996778389631918,1.0,1.0,0.007716531865298748,0.06236320827156305,0.017630597576498985,ok,
759xd9YjKW5,095e289950a64f99bc690533335dbea5,095e289950a64f99bc690533335dbea5_i0_2,0,2,/mnt/priorbimda-data/PriorBIMDA-Datasets/Matterport3D/v1/scans/759xd9YjKW5/undistorted_color_images/095e289950a64f99bc690533335dbea5_i0_2.jpg,/mnt/priorbimda-data/PriorBIMDA-Datasets/Matterport3D/v1/scans/759xd9YjKW5/undistorted_depth_images/095e289950a64f99bc690533335dbea5_d0_2.png,1024,1280,406,504,1.4155678118069965,1259969,0.9612800598144531,-1.7532299757003784,3.465290069580078,1.5687700510025024,True,204624,1.0,True,,1.0,204624,1.2336299419403076,0.2099609955332656,1.314276949859994,0.06332567085939342,log-depth Laplacian fallback,,,,0.24423084678982568,0.12287991110787494,0.5392796964977177,0.5129565236871343,0.2859598940174914,-0.2813275768342022,0.2813275768342022,0.12217901422630713,5.1262613073184,0.10107074062933294,1.0,1.0,0.06944180777075397,0.01101367548445387,0.1417089615675855,0.1253346783085985,0.08786947375099427,-0.07136658129203982,0.07309589749839933,0.031745144933320535,5.126261300366324,0.9999992063296795,1.0,1.0,0.06944180777075397,0.01101367548445387,0.1417089615675855,0.1253346783085985,0.08786947375099427,-0.07136658129203982,0.07309589749839933,0.031745144933320535,5.126261300366324,0.9999992063296795,1.0,1.0,0.05720912377138271,0.007732124880284242,0.13610744936858954,0.11683258868450504,0.06541152069937689,-0.05788819552962698,0.059249470356379084,0.025731718031465765,3.0456918073381725,0.9999968253187181,1.0,1.0,0.04228861546709891,0.005088971754685814,0.10958120015336291,0.08793214219386761,0.051889420308533836,-0.008040922727559324,0.04273779021088388,0.018560786457325666,5.126261309809619,0.9999246013195563,1.0,1.0,0.007539002224802971,0.05867425911128521,0.017656318843364716,ok,
759xd9YjKW5,095e289950a64f99bc690533335dbea5,095e289950a64f99bc690533335dbea5_i0_3,0,3,/mnt/priorbimda-data/PriorBIMDA-Datasets/Matterport3D/v1/scans/759xd9YjKW5/undistorted_color_images/095e289950a64f99bc690533335dbea5_i0_3.jpg,/mnt/priorbimda-data/PriorBIMDA-Datasets/Matterport3D/v1/scans/759xd9YjKW5/undistorted_depth_images/095e289950a64f99bc690533335dbea5_d0_3.png,1024,1280,406,504,1.4155678118069965,906686,0.6917465209960938,-1.761929988861084,3.47694993019104,1.5688799619674683,True,204624,1.0,True,,1.0,204624,0.8106159567832947,-0.20996087983080958,0.7686567058330483,0.0531499456610634,log-depth Laplacian fallback,,,,0.2710864006069623,0.1436194194172168,0.5217057255633593,0.48155622961130956,0.25282725695529396,0.2351027810537935,0.23581739143274186,0.10241419183605893,9.299625906621339,0.4105467603999621,0.9984757677961279,0.9999768387291742,0.08371775793626425,0.019686215076091033,0.2349033707061948,0.17007400675764095,0.0963349333796378,0.025141901237651216,0.08244017937665554,0.035803314990395796,9.29962590183898,0.9909737218838716,0.9998698557163119,1.0,0.08371775793626425,0.019686215076091033,0.2349033707061948,0.17007400675764095,0.0963349333796378,0.025141901237651216,0.08244017937665554,0.035803314990395796,9.29962590183898,0.9909737218838716,0.9998698557163119,1.0,0.05650087894855804,0.008504207901342733,0.1417766082467047,0.10457412123747037,0.06884718124504012,0.030244948596924556,0.055297406106800444,0.02401535833574663,6.184801896388271,0.9967166141310222,0.9998863994811875,1.0,0.07282198176679154,0.022512055295445026,0.2804346340516151,0.16800776320530622,0.09712236068446364,-0.028008012136110493,0.07565101188725673,0.03285481701303291,9.299625907049453,0.9570226076061613,0.9997496376915492,1.0,0.0076715582981705666,0.0631831493228674,0.01762839313596487,ok,
759xd9YjKW5,095e289950a64f99bc690533335dbea5,095e289950a64f99bc690533335dbea5_i0_4,0,4,/mnt/priorbimda-data/PriorBIMDA-Datasets/Matterport3D/v1/scans/759xd9YjKW5/undistorted_color_images/095e289950a64f99bc690533335dbea5_i0_4.jpg,/mnt/priorbimda-data/PriorBIMDA-Datasets/Matterport3D/v1/scans/759xd9YjKW5/undistorted_depth_images/095e289950a64f99bc690533335dbea5_d0_4.png,1024,1280,406,504,1.4155678118069965,898950,0.6858444213867188,-1.7562099695205688,3.490299940109253,1.5696300268173218,True,204624,1.0,True,,1.0,204624,0.990644633769989,-0.009399402534359063,1.0728197109648265,0.07968982873347731,log-depth Laplacian fallback,,,,0.10679390468957527,0.03136064718213668,0.20631428938958815,0.1411193155408257,0.1845350635708597,-0.08220230374316786,0.11700794451692494,0.05081590464254233,16.521492349790076,0.9096979809778074,0.9755236664998054,0.9766360754213249,0.11047155921927661,0.03286531735987188,0.2136725963707513,0.1484731564527956,0.18890961742993986,-0.09160170632379959,0.12170624471077318,0.05285635049105563,16.52149235271881,0.8910729184048056,0.9755770621280383,0.9765170476667223,0.11047155921927661,0.03286531735987188,0.2136725963707513,0.1484731564527956,0.18890961742993986,-0.09160170632379959,0.12170624471077318,0.05285635049105563,16.52149235271881,0.8910729184048056,0.9755770621280383,0.9765170476667223,0.11002578070605833,0.03246570583292041,0.21208749613570624,0.14741657749896678,0.18699086924404149,-0.09038264361010197,0.12099102400432489,0.052545734084902214,16.369655743078876,0.88864564213805,0.9755670504477446,0.9763946826853551,0.09511598350958894,0.026878343203522725,0.17508067927113172,0.10684780354799249,0.16564378587311904,-0.011911878644122052,0.09839947952330115,0.04273435097912169,16.52149234952685,0.9716869681294844,0.9751777073252127,0.9770521163579732,0.007963264361023903,0.06050022877752781,0.017632530070841312,ok,
759xd9YjKW5,095e289950a64f99bc690533335dbea5,095e289950a64f99bc690533335dbea5_i0_5,0,5,/mnt/priorbimda-data/PriorBIMDA-Datasets/Matterport3D/v1/scans/759xd9YjKW5/undistorted_color_images/095e289950a64f99bc690533335dbea5_i0_5.jpg,/mnt/priorbimda-data/PriorBIMDA-Datasets/Matterport3D/v1/scans/759xd9YjKW5/undistorted_depth_images/095e289950a64f99bc690533335dbea5_d0_5.png,1024,1280,406,504,1.4155678118069965,1224229,0.9340126037597656,-1.7417700290679932,3.492000102996826,1.5702500343322754,True,204624,1.0,True,,1.0,204624,0.9850974678993225,-0.015014690523439088,1.0727199378328642,0.0852121115598794,log-depth Laplacian fallback,,,,0.0946553205100441,0.025072075144438506,0.18613790825504106,0.14437460167565352,0.13695804888947155,-0.07204336420914985,0.09950249614701916,0.04321338501225002,11.647858528089474,0.942401299103354,0.994371967989649,0.9967636773838882,0.10214114813933176,0.02723478660701242,0.19422658533439524,0.15553467257322973,0.14541790043233474,-0.08705805482072386,0.1084642614087623,0.0471054302135373,11.64785854008378,0.9311860771146575,0.9932471784282189,0.9966141955467482,0.10214114813933176,0.02723478660701242,0.19422658533439524,0.15553467257322973,0.14541790043233474,-0.08705805482072386,0.1084642614087623,0.0471054302135373,11.64785854008378,0.9311860771146575,0.9932471784282189,0.9966141955467482,0.10219168074685595,0.027278676088175444,0.1946349634501478,0.15584786273165724,0.145232506053579,-0.08693758339783411,0.10848128896749316,0.04711282518833438,11.633717122032621,0.9306894380054712,0.9940909748094515,0.9966231807937894,0.08027118465281001,0.025239956611306305,0.20441615274187702,0.13964040326460472,0.11649321163073682,-0.00184594896751248,0.07920934572361135,0.034400181762931345,11.647858527838057,0.9563088278418499,0.9944593699381407,0.9970683589426488,0.00817991141229868,0.05792420729994774,0.017702565528452396,ok,
759xd9YjKW5,095e289950a64f99bc690533335dbea5,095e289950a64f99bc690533335dbea5_i1_0,1,0,/mnt/priorbimda-data/PriorBIMDA-Datasets/Matterport3D/v1/scans/759xd9YjKW5/undistorted_color_images/095e289950a64f99bc690533335dbea5_i1_0.jpg,/mnt/priorbimda-data/PriorBIMDA-Datasets/Matterport3D/v1/scans/759xd9YjKW5/undistorted_depth_images/095e289950a64f99bc690533335dbea5_d1_0.png,1024,1280,406,504,1.4121168655554452,1170663,0.8931449890136719,-1.7453199625015259,3.477760076522827,1.6028599739074707,True,204624,1.0,True,,1.0,204624,0.9216930866241455,-0.08154298868967064,1.054997828753755,0.1350816975622698,log-depth Laplacian fallback,,,,0.09846463814978659,0.05183947047288168,0.30088147082130146,0.20417221905035865,0.15111621937008898,-0.04297031284461582,0.09649908053481365,0.04190901818500707,14.487810038354553,0.9669119123095203,0.981360989456402,0.9906352212378797,0.1422864136782263,0.07058512500426449,0.38301926991985635,0.3057613890770587,0.19103200324323533,-0.12451330149251992,0.14988398312100742,0.06509378679513364,14.487810053474718,0.8141079029575549,0.9829233519808861,0.99067536942741,0.1422864136782263,0.07058512500426449,0.38301926991985635,0.3057613890770587,0.19103200324323533,-0.12451330149251992,0.14988398312100742,0.06509378679513364,14.487810053474718,0.8141079029575549,0.9829233519808861,0.99067536942741,0.14910976441694204,0.0755263151830956,0.39374278635718096,0.31874147206111714,0.19684339731246578,-0.1265212831606908,0.15721992900496964,0.06827974761207935,15.079684337838625,0.7953809080837099,0.982382632747426,0.9906403465386708,0.09194880319603019,0.05477120800035061,0.30298929920811285,0.18582073464625834,0.14526305251788743,0.010568370426504346,0.08498009910664815,0.03690638811360877,14.487810039251173,0.9684734206172058,0.9803256786966018,0.9889447261936185,0.008120612241327763,0.059805309399962425,0.017642565071582794,ok,
759xd9YjKW5,095e289950a64f99bc690533335dbea5,095e289950a64f99bc690533335dbea5_i1_1,1,1,/mnt/priorbimda-data/PriorBIMDA-Datasets/Matterport3D/v1/scans/759xd9YjKW5/undistorted_color_images/095e289950a64f99bc690533335dbea5_i1_1.jpg,/mnt/priorbimda-data/PriorBIMDA-Datasets/Matterport3D/v1/scans/759xd9YjKW5/undistorted_depth_images/095e289950a64f99bc690533335dbea5_d1_1.png,1024,1280,406,504,1.4121168655554452,841746,0.6422012329101563,-1.746690034866333,3.4745500087738037,1.602679967880249,True,204624,1.0,True,,1.0,204624,0.9451643228530884,-0.056396479987895,0.9905956057465617,0.04694758519867512,log-depth Laplacian fallback,,,,0.038774878945242494,0.01660509947260994,0.2225870119876731,0.12275032847743376,0.06540969821008533,0.0274360745631336,0.036597578202921824,0.015894126264551674,5.937752464106779,0.9862880251287205,0.9970858192376323,0.9988832735765896,0.04998124724015591,0.0161655133555596,0.23155381212199255,0.16932702458519197,0.06606357193699393,-0.02896040552769843,0.050097324033327374,0.021756991385793248,5.9377524777862085,0.9927519703093333,0.9978556476656854,0.9993608523236226,0.04998124724015591,0.0161655133555596,0.23155381212199255,0.16932702458519197,0.06606357193699393,-0.02896040552769843,0.050097324033327374,0.021756991385793248,5.9377524777862085,0.9927519703093333,0.9978556476656854,0.9993608523236226,0.056321521570392566,0.018525389921244154,0.24410686993603992,0.18658019587948943,0.07212492922022358,-0.026641298919566007,0.05634861830259866,0.024471893991691192,6.7024224030574135,0.9914843670180791,0.9976489344766711,0.9993406562074545,0.03726069210956102,0.014952535735837989,0.21077714222362579,0.11682521212708341,0.06204214780684172,0.017987152928754416,0.035440353126147454,0.01539154979938851,5.937752465372395,0.988686610925386,0.997208183941474,0.9989521779729277,0.009559017606079578,0.060204390436410904,0.01766222156584263,ok,
759xd9YjKW5,095e289950a64f99bc690533335dbea5,095e289950a64f99bc690533335dbea5_i1_2,1,2,/mnt/priorbimda-data/PriorBIMDA-Datasets/Matterport3D/v1/scans/759xd9YjKW5/undistorted_color_images/095e289950a64f99bc690533335dbea5_i1_2.jpg,/mnt/priorbimda-data/PriorBIMDA-Datasets/Matterport3D/v1/scans/759xd9YjKW5/undistorted_depth_images/095e289950a64f99bc690533335dbea5_d1_2.png,1024,1280,406,504,1.4121168655554452,1140518,0.8701461791992188,-1.7501699924468994,3.474139928817749,1.6025300025939941,True,204624,1.0,True,,1.0,204624,0.9780282378196716,-0.022216736337888406,1.0000530495619122,0.02226978449272237,log-depth Laplacian fallback,,,,0.017671051995890634,0.005715857826769947,0.15383031290249594,0.06969547612930324,0.0353036619385316,0.0037582324426192353,0.017259638756103948,0.007495765871419446,3.5103051650495694,0.9929242677450071,1.0,1.0,0.027269976551700728,0.006991424223970534,0.17581305504134395,0.11696546829396567,0.03966031515221317,-0.01845850387862506,0.027330138633215723,0.011869328398056472,3.510305161286769,0.9938098302701054,0.9999850944921518,1.0,0.027269976551700728,0.006991424223970534,0.17581305504134395,0.11696546829396567,0.03966031515221317,-0.01845850387862506,0.027330138633215723,0.011869328398056472,3.510305161286769,0.9938098302701054,0.9999850944921518,1.0,0.026682659762066203,0.006919153134233187,0.16804456621330063,0.1036348760939844,0.041246288306302226,-0.019022089073153784,0.026847735122220513,0.011659823215180502,3.6598038558638724,0.9940193841745593,0.9999894784650484,1.0,0.017671893384866844,0.005717885857652795,0.15384985026100792,0.0696909322029553,0.03530934839070262,0.0038112791261439975,0.017259542732749204,0.00749572416900635,3.510305165079858,0.9929242677450071,1.0,1.0,0.008830121718347073,0.06376081705093384,0.017699633724987507,ok,
759xd9YjKW5,095e289950a64f99bc690533335dbea5,095e289950a64f99bc690533335dbea5_i1_3,1,3,/mnt/priorbimda-data/PriorBIMDA-Datasets/Matterport3D/v1/scans/759xd9YjKW5/undistorted_color_images/095e289950a64f99bc690533335dbea5_i1_3.jpg,/mnt/priorbimda-data/PriorBIMDA-Datasets/Matterport3D/v1/scans/759xd9YjKW5/undistorted_depth_images/095e289950a64f99bc690533335dbea5_d1_3.png,1024,1280,406,504,1.4121168655554452,664999,0.5073539733886718,-1.7522599697113037,3.4769399166107178,1.602560043334961,True,204624,1.0,True,,1.0,204624,1.0085200071334839,0.008483916721530194,1.0438559973115842,0.03443762961560791,log-depth Laplacian fallback,,,,0.19189733622817112,0.2972840485333794,0.6466788033928681,0.3663731310514719,0.2638412634831876,0.04416257738300129,0.14805097084806737,0.06429771967973485,26.011897100229973,0.79767187619831,0.9452059326405002,0.9705112338514795,0.19005923675566036,0.30235624785612164,0.6454381396710347,0.34868543672739905,0.2653931655028779,0.05264649400524575,0.1445927687165569,0.06279584157671378,26.011897078950923,0.7923260034977496,0.9433532982756365,0.970160857384748,0.19005923675566036,0.30235624785612164,0.6454381396710347,0.34868543672739905,0.2653931655028779,0.05264649400524575,0.1445927687165569,0.06279584157671378,26.011897078950923,0.7923260034977496,0.9433532982756365,0.970160857384748,0.17192406493184992,0.2804453337097928,0.6270884668092921,0.31316853680083506,0.2565136711977328,0.053902710307832606,0.12943665522536466,0.05621362512038955,25.07862861737229,0.8070944467585666,0.9470029278239516,0.9710586030956437,0.18732227137428434,0.32923439915452807,0.6588391739470574,0.302772480030911,0.2743091836702933,0.0870841500191425,0.13539077055821516,0.05879946455406209,26.011897097541,0.7804553089553519,0.9327788462839793,0.9687232612379868,0.008213122375309467,0.06390907056629658,0.01767004281282425,ok,
759xd9YjKW5,095e289950a64f99bc690533335dbea5,095e289950a64f99bc690533335dbea5_i1_4,1,4,/mnt/priorbimda-data/PriorBIMDA-Datasets/Matterport3D/v1/scans/759xd9YjKW5/undistorted_color_images/095e289950a64f99bc690533335dbea5_i1_4.jpg,/mnt/priorbimda-data/PriorBIMDA-Datasets/Matterport3D/v1/scans/759xd9YjKW5/undistorted_depth_images/095e289950a64f99bc690533335dbea5_d1_4.png,1024,1280,406,504,1.4121168655554452,747224,0.570086669921875,-1.7508800029754639,3.4801599979400635,1.6027400493621826,True,204624,1.0,True,,1.0,204624,0.9842560887336731,-0.0158691630116402,1.0109593398820698,0.026768884518242775,log-depth Laplacian fallback,,,,0.11786910150812618,0.09078738388977305,0.30649491513711874,0.15025629581967884,0.17344696099711843,0.0522362117210739,0.09785229758150678,0.0424967128812033,16.53941548669936,0.9831295568664818,0.9858007772769611,0.9866706636831793,0.11728929687874289,0.08816532038048708,0.31197740274933705,0.16889194139632768,0.1693451762802708,0.036367048719515536,0.09913817893418432,0.04305516405705345,16.53941549657314,0.9839833838313544,0.985840925880325,0.9867362397353404,0.11728929687874289,0.08816532038048708,0.31197740274933705,0.16889194139632768,0.1693451762802708,0.036367048719515536,0.09913817893418432,0.04305516405705345,16.53941549657314,0.9839833838313544,0.985840925880325,0.9867362397353404,0.11714282477563051,0.08816983392764685,0.31157282472644815,0.16797501239498266,0.16937781271514307,0.036954397210465804,0.09893518862278938,0.0429670064849348,16.529735620080924,0.9839700009635665,0.9858422641671039,0.9867362397353404,0.11862894610969318,0.09324668801560518,0.3052537403255889,0.1383903944732474,0.17703496373448108,0.06313597964948023,0.09732395723748181,0.04226725758522639,16.539415484886234,0.9813442823035663,0.98576865839427,0.9866198087855851,0.007615313865244389,0.05869055353105068,0.017606004141271114,ok,
759xd9YjKW5,095e289950a64f99bc690533335dbea5,095e289950a64f99bc690533335dbea5_i1_5,1,5,/mnt/priorbimda-data/PriorBIMDA-Datasets/Matterport3D/v1/scans/759xd9YjKW5/undistorted_color_images/095e289950a64f99bc690533335dbea5_i1_5.jpg,/mnt/priorbimda-data/PriorBIMDA-Datasets/Matterport3D/v1/scans/759xd9YjKW5/undistorted_depth_images/095e289950a64f99bc690533335dbea5_d1_5.png,1024,1280,406,504,1.4121168655554452,1217466,0.9288528442382813,-1.7474100589752197,3.480570077896118,1.6028900146484375,True,204624,1.0,True,,1.0,204624,0.9847368001937866,-0.015380881441536341,1.0164652663819647,0.03171206512792897,log-depth Laplacian fallback,,,,0.045458702853397204,0.026741826300320008,0.20402864123038983,0.10653122812837311,0.09455604522915079,-0.0104421009410916,0.04178452294264035,0.01814678774294851,9.39777006385731,0.9848833560855087,0.9936277481260257,0.9956762652920081,0.05534410938984901,0.028154926486537647,0.22152205341714845,0.14166032405154555,0.09746093915245048,-0.02582298247677317,0.05244141036183076,0.022775015143367112,9.397770074055824,0.9860924247576524,0.9936096778061975,0.9957124059316647,0.05534410938984901,0.028154926486537647,0.22152205341714845,0.14166032405154555,0.09746093915245048,-0.02582298247677317,0.05244141036183076,0.022775015143367112,9.397770074055824,0.9860924247576524,0.9936096778061975,0.9957124059316647,0.05534014066733259,0.028192761611074205,0.2213418402597124,0.14140478532492073,0.09750662583038057,-0.025756673292005705,0.052410581448269586,0.022761626316324432,9.404326590327836,0.9859651111406807,0.9936170702097635,0.9957099417971426,0.04167843800199528,0.0268254439435145,0.19727500766887218,0.09210266360715534,0.0941620410260289,0.005889121952983846,0.03730497962420591,0.01620134679830586,9.397770061461621,0.9835822930578759,0.9936236412351557,0.9956228757106975,0.007321593351662159,0.06379610765725374,0.017627024091780186,ok,
759xd9YjKW5,095e289950a64f99bc690533335dbea5,095e289950a64f99bc690533335dbea5_i2_0,2,0,/mnt/priorbimda-data/PriorBIMDA-Datasets/Matterport3D/v1/scans/759xd9YjKW5/undistorted_color_images/095e289950a64f99bc690533335dbea5_i2_0.jpg,/mnt/priorbimda-data/PriorBIMDA-Datasets/Matterport3D/v1/scans/759xd9YjKW5/undistorted_depth_images/095e289950a64f99bc690533335dbea5_d2_0.png,1024,1280,406,504,1.4165615917841592,1229155,0.9377708435058594,-1.735640048980713,3.477760076522827,1.6365400552749634,True,204624,1.0,True,,1.0,204624,0.9663978219032288,-0.034179705629427785,1.1095515974380838,0.13813567306531865,log-depth Laplacian fallback,,,,0.11978451114389997,0.0346411728362726,0.21660847556523072,0.17288854527451433,0.1470574110228151,-0.088326670700707,0.12064256753388955,0.05239440136260868,11.757670423881617,0.9657130304965607,0.9839678478304201,0.994436828552949,0.14640000319610022,0.04215334187778314,0.2475463254257666,0.21618666516262347,0.16980015795621545,-0.12250637639174454,0.15180906772721892,0.06592984041680823,11.757670426287653,0.963797080107879,0.9849970101411132,0.9955375847635164,0.14640000319610022,0.04215334187778314,0.2475463254257666,0.21618666516262347,0.16980015795621545,-0.12250637639174454,0.15180906772721892,0.06592984041680823,11.757670426287653,0.963797080107879,0.9849970101411132,0.9955375847635164,0.16730239515211107,0.05262271870318246,0.2930633394894255,0.2561082941152434,0.19528860495747632,-0.15498750681313134,0.17897956509244542,0.07772983749309292,11.881292841305955,0.7991514495730807,0.9885726372996083,0.9974071618306886,0.06134648908962348,0.03153210157021275,0.19487005910365301,0.0858071696629232,0.11861093938059414,0.015629253037751433,0.05355481406991741,0.02325856022991975,11.75767042837522,0.9640802014392001,0.9787561373463883,0.9893837636425024,0.007996644824743271,0.0579008124768734,0.01766598504036665,ok,
759xd9YjKW5,095e289950a64f99bc690533335dbea5,095e289950a64f99bc690533335dbea5_i2_1,2,1,/mnt/priorbimda-data/PriorBIMDA-Datasets/Matterport3D/v1/scans/759xd9YjKW5/undistorted_color_images/095e289950a64f99bc690533335dbea5_i2_1.jpg,/mnt/priorbimda-data/PriorBIMDA-Datasets/Matterport3D/v1/scans/759xd9YjKW5/undistorted_depth_images/095e289950a64f99bc690533335dbea5_d2_1.png,1024,1280,406,504,1.4165615917841592,1171042,0.8934341430664062,-1.7413699626922607,3.464400053024292,1.6357899904251099,True,204624,1.0,True,,1.0,204624,1.066575527191162,0.06445307422880252,1.0319596259570796,0.03299353006933501,log-depth Laplacian fallback,,,,0.0581387559717639,0.022017379074736023,0.17905562980060277,0.10627123965142156,0.10139776747854562,-0.018023033485062075,0.05443112122702796,0.023639135592705196,9.978315245385632,0.9760990639106027,0.9847409401199957,0.9946705583574287,0.062383284456396945,0.02846927535484616,0.20653861543098695,0.11687607669561943,0.11005646813386186,0.04643004069495148,0.05523469517120075,0.02398812332246069,9.978315238137599,0.9737532898051479,0.9827862706888395,0.9916843289993015,0.062383284456396945,0.02846927535484616,0.20653861543098695,0.11687607669561943,0.11005646813386186,0.04643004069495148,0.05523469517120075,0.02398812332246069,9.978315238137599,0.9737532898051479,0.9827862706888395,0.9916843289993015,0.057258306396838744,0.026308423841550098,0.19387595473123867,0.10262524919694867,0.10723173562692744,0.03981273587260309,0.05051188657424319,0.021937033609716765,9.956701857493576,0.9741281696130455,0.9836163006963029,0.9924520213621715,0.04975291307525017,0.02281824350107205,0.17837432441452922,0.08764020338523988,0.10068375257380252,0.013436536749646984,0.04439944495971434,0.019282433945571085,9.978315244828693,0.9751614374206903,0.9840432708647512,0.9934673564227414,0.007356972433626652,0.059747982770204544,0.01772657036781311,ok,
759xd9YjKW5,095e289950a64f99bc690533335dbea5,095e289950a64f99bc690533335dbea5_i2_2,2,2,/mnt/priorbimda-data/PriorBIMDA-Datasets/Matterport3D/v1/scans/759xd9YjKW5/undistorted_color_images/095e289950a64f99bc690533335dbea5_i2_2.jpg,/mnt/priorbimda-data/PriorBIMDA-Datasets/Matterport3D/v1/scans/759xd9YjKW5/undistorted_depth_images/095e289950a64f99bc690533335dbea5_d2_2.png,1024,1280,406,504,1.4165615917841592,1260982,0.9620529174804687,-1.755810022354126,3.4626998901367188,1.6351699829101562,True,204624,1.0,True,,1.0,204624,1.1980127096176147,0.18066410866671076,1.1413493478822612,0.04845290771486746,log-depth Laplacian fallback,,,,0.12694874633278053,0.03642520025831127,0.28266125243961904,0.2753073452005087,0.1422797858080983,-0.1301116522846593,0.13523027979654928,0.05872976430187419,5.757165439132563,0.9795698907676715,0.9976637255726093,0.9986677050108567,0.05813745374468723,0.016693934792174427,0.1979326094113022,0.14544894638281922,0.07661622700281294,0.050552456351265124,0.05490202139744732,0.023843644938245662,5.757165445772769,0.991882516959005,0.9964733834424282,0.9979444591596074,0.05813745374468723,0.016693934792174427,0.1979326094113022,0.14544894638281922,0.07661622700281294,0.050552456351265124,0.05490202139744732,0.023843644938245662,5.757165445772769,0.991882516959005,0.9964733834424282,0.9979444591596074,0.055054417433527326,0.01595218882384555,0.19345488444533795,0.13847608765074415,0.07468181240842449,0.04866444149596412,0.05196900280352395,0.022569851147585085,5.6649318076151545,0.9918959985154427,0.9963131908306383,0.9979024284248308,0.03269815848615493,0.00773232086086352,0.11649504037624495,0.06993415821093049,0.057609924278928755,0.002099520430227677,0.03147416859329609,0.013669057742561126,5.757165439160978,0.9933472484143311,0.9968199387461518,0.9981712665208544,0.007723129354417324,0.058398619294166565,0.017670306377112865,ok,
759xd9YjKW5,095e289950a64f99bc690533335dbea5,095e289950a64f99bc690533335dbea5_i2_3,2,3,/mnt/priorbimda-data/PriorBIMDA-Datasets/Matterport3D/v1/scans/759xd9YjKW5/undistorted_color_images/095e289950a64f99bc690533335dbea5_i2_3.jpg,/mnt/priorbimda-data/PriorBIMDA-Datasets/Matterport3D/v1/scans/759xd9YjKW5/undistorted_depth_images/095e289950a64f99bc690533335dbea5_d2_3.png,1024,1280,406,504,1.4165615917841592,924524,0.7053558349609375,-1.7645200490951538,3.4743599891662598,1.6352800130844116,True,204624,1.0,True,,1.0,204624,1.1521174907684326,0.141601545587489,1.2266934420844966,0.06272074547329262,log-depth Laplacian fallback,,,,0.1866384197310335,0.058299163393651286,0.3287904301785269,0.28704645141544194,0.21621694270519012,-0.20065301456673307,0.20707677000796762,0.08993229854480907,8.054895441942051,0.7334065962592642,0.9982066447166326,0.999914550622807,0.07274219220136259,0.015162038854052547,0.15970622574090995,0.10997864533288114,0.09987597338847531,-0.05905146895362306,0.07476054300763028,0.03246809129230459,8.05489545227914,0.9821421618043448,0.9965171266511199,0.9987928923424378,0.07274219220136259,0.015162038854052547,0.15970622574090995,0.10997864533288114,0.09987597338847531,-0.05905146895362306,0.07476054300763028,0.03246809129230459,8.05489545227914,0.9821421618043448,0.9965171266511199,0.9987928923424378,0.06772821535445422,0.013753705212105352,0.1439618117489063,0.09541846813076924,0.09796130267360821,-0.050564365509553726,0.0693913690723355,0.030136288679827268,8.390269222216014,0.9786852477599284,0.9961288187218503,0.9986630958201194,0.04971039707516875,0.011306932554449874,0.13080448868738878,0.0705595803540812,0.08063248323254907,0.0036692355147338192,0.04814171432027345,0.020907680878657527,8.054895444997857,0.984647234685092,0.9948178738464334,0.9984554213844097,0.00749256182461977,0.06259244587272406,0.017626541666686535,ok,
759xd9YjKW5,095e289950a64f99bc690533335dbea5,095e289950a64f99bc690533335dbea5_i2_4,2,4,/mnt/priorbimda-data/PriorBIMDA-Datasets/Matterport3D/v1/scans/759xd9YjKW5/undistorted_color_images/095e289950a64f99bc690533335dbea5_i2_4.jpg,/mnt/priorbimda-data/PriorBIMDA-Datasets/Matterport3D/v1/scans/759xd9YjKW5/undistorted_depth_images/095e289950a64f99bc690533335dbea5_d2_4.png,1024,1280,406,504,1.4165615917841592,934722,0.7131362915039062,-1.7587900161743164,3.4877099990844727,1.6360299587249756,True,204624,1.0,True,,1.0,204624,0.9872041940689087,-0.012878377390981702,1.1429178846164887,0.1464629176425718,log-depth Laplacian fallback,,,,0.12322556761331731,0.03386149499695549,0.2548490057453623,0.2139586498023494,0.14482156695422538,-0.11839930321446607,0.13039533579857973,0.05662997480324474,8.339599063148126,0.9960276959352621,0.9967765817002274,0.9972954525516677,0.13135780182494874,0.03836974675026113,0.27424966315550664,0.23092256802892688,0.1555272346050446,-0.13127768062384138,0.14016671979086295,0.06087363295165111,8.339599075445586,0.995157918611095,0.9968108164780545,0.9973157794510026,0.13135780182494874,0.03836974675026113,0.27424966315550664,0.23092256802892688,0.1555272346050446,-0.13127768062384138,0.14016671979086295,0.06087363295165111,8.339599075445586,0.995157918611095,0.9968108164780545,0.9973157794510026,0.13118537079087791,0.03817310928407703,0.2732891735869572,0.23020378070519623,0.1553600024925334,-0.13243515645291887,0.13998985609757994,0.06079682202560929,8.122597927862053,0.9954275174864826,0.9968086768044403,0.9973157794510026,0.04033051621164772,0.012967459322284502,0.11163675261229919,0.036797494183585806,0.08476722437946228,0.015185225584480745,0.0367648266500404,0.015966761342242158,8.339599062872589,0.9952745308230683,0.9965176811929108,0.9969509650997836,0.00885844323784113,0.06171866785734892,0.017600078135728836,ok,
759xd9YjKW5,095e289950a64f99bc690533335dbea5,095e289950a64f99bc690533335dbea5_i2_5,2,5,/mnt/priorbimda-data/PriorBIMDA-Datasets/Matterport3D/v1/scans/759xd9YjKW5/undistorted_color_images/095e289950a64f99bc690533335dbea5_i2_5.jpg,/mnt/priorbimda-data/PriorBIMDA-Datasets/Matterport3D/v1/scans/759xd9YjKW5/undistorted_depth_images/095e289950a64f99bc690533335dbea5_d2_5.png,1024,1280,406,504,1.4165615917841592,1216025,0.9277534484863281,-1.7443499565124512,3.489409923553467,1.6366499662399292,True,204624,1.0,True,,1.0,204624,0.984676718711853,-0.015441896034333102,1.0938272553580328,0.10512468569979558,log-depth Laplacian fallback,,,,0.09911752922119531,0.02132651801974337,0.18897830413271877,0.169991513446538,0.12280984759941006,-0.09716242904493683,0.10440246849814516,0.04534141596582254,7.5111390943570875,0.9614341810406858,0.996321621677186,0.9992738636130014,0.11256941071524361,0.025846934802391596,0.21251294600230944,0.19803434019440092,0.13535676962062262,-0.11260432516817458,0.11948897985869811,0.051893404600881404,7.511139085085773,0.9218313768220225,0.996396455664974,0.9993544540613886,0.11256941071524361,0.025846934802391596,0.21251294600230944,0.19803434019440092,0.13535676962062262,-0.11260432516817458,0.11948897985869811,0.051893404600881404,7.511139085085773,0.9218313768220225,0.996396455664974,0.9993544540613886,0.11255035015983463,0.025848382361577875,0.21253380592722634,0.1980288619307031,0.13523875575933658,-0.11256109798560891,0.11945284894093428,0.05187771314267045,7.496345962939305,0.9239974507103061,0.9963931662589174,0.9993528093583602,0.04585657955493506,0.011586698792686355,0.1407465421107886,0.0804319330357875,0.07548288656322853,-0.007479646452605524,0.04520113002889941,0.019630601347342402,7.511139096609283,0.9898891881334676,0.9956563393022347,0.9985452601714603,0.008420430123806,0.058163455687463284,0.0176217183470726,ok,
759xd9YjKW5,112b976211e448f08cc955a8f4315e0c,112b976211e448f08cc955a8f4315e0c_i0_0,0,0,/mnt/priorbimda-data/PriorBIMDA-Datasets/Matterport3D/v1/scans/759xd9YjKW5/undistorted_color_images/112b976211e448f08cc955a8f4315e0c_i0_0.jpg,/mnt/priorbimda-data/PriorBIMDA-Datasets/Matterport3D/v1/scans/759xd9YjKW5/undistorted_depth_images/112b976211e448f08cc955a8f4315e0c_d0_0.png,1024,1280,406,504,1.4155678118069965,1226485,0.9357337951660156,-6.876299858093262,0.9852349758148193,1.5886000394821167,True,204624,1.0,True,,1.0,204624,1.043905258178711,0.04296873647155252,1.086928959065251,0.04038751448601866,log-depth Laplacian fallback,,,,0.0867817921268024,0.01757395790666917,0.162444980657853,0.12939284512686977,0.10796910952911587,-0.06611272405101533,0.08956785713942243,0.03889882611154993,8.536062517967238,0.991668059535991,0.9938841486035296,0.9984427041504788,0.06811956597069611,0.015999979276694606,0.1701498896933789,0.11576094800146049,0.08844252650689742,-0.023143987526773345,0.0676035273460394,0.029359838883580496,8.53606252102444,0.9912285922779325,0.9937455411195408,0.9981312449805746,0.06811956597069611,0.015999979276694606,0.1701498896933789,0.11576094800146049,0.08844252650689742,-0.023143987526773345,0.0676035273460394,0.029359838883580496,8.53606252102444,0.9912285922779325,0.9937455411195408,0.9981312449805746,0.06322492642731978,0.014439371145400053,0.1617189111842923,0.1065173306617241,0.08598099941495967,-0.025951571233504042,0.06308179952729702,0.027396077443232268,8.197102055548449,0.9912530524221658,0.9938662111644252,0.9984459655030432,0.059564629849800155,0.020249212293589457,0.20737873794060288,0.11733282554724882,0.08708487638563538,0.017243531136203662,0.056520394928256376,0.024546495632334294,8.536062516790848,0.9902338797457776,0.9935783968006131,0.9980154669645369,0.008578935638070107,0.05892889201641083,0.017675839364528656,ok,
759xd9YjKW5,112b976211e448f08cc955a8f4315e0c,112b976211e448f08cc955a8f4315e0c_i0_1,0,1,/mnt/priorbimda-data/PriorBIMDA-Datasets/Matterport3D/v1/scans/759xd9YjKW5/undistorted_color_images/112b976211e448f08cc955a8f4315e0c_i0_1.jpg,/mnt/priorbimda-data/PriorBIMDA-Datasets/Matterport3D/v1/scans/759xd9YjKW5/undistorted_depth_images/112b976211e448f08cc955a8f4315e0c_d0_1.png,1024,1280,406,504,1.4155678118069965,1236398,0.9432968139648438,-6.890500068664551,0.9820590019226074,1.58843994140625,True,204624,1.0,True,,1.0,204624,1.1085216999053955,0.10302732580088719,1.1629381819994469,0.047922392410149506,log-depth Laplacian fallback,,,,0.13144204659774733,0.03443962168988409,0.256125200379127,0.22114848192643569,0.15630254345257544,-0.13537636576644702,0.14234016318776418,0.061817547425654304,7.812633795086897,0.9197273046381504,1.0,1.0,0.06865794585041513,0.013431289989181878,0.1653406019623444,0.12416311820669043,0.08455876689831146,-0.03234904003018324,0.06951074122131666,0.03018813134542273,7.812633786687161,0.9931187206708519,0.9997986085386744,1.0,0.06865794585041513,0.013431289989181878,0.1653406019623444,0.12416311820669043,0.08455876689831146,-0.03234904003018324,0.06951074122131666,0.03018813134542273,7.812633786687161,0.9931187206708519,0.9997986085386744,1.0,0.042678972007130375,0.006319421573493701,0.11299225498943445,0.07821828888396001,0.05781676976438905,-0.024324476725728995,0.043268492828272734,0.01879126767558928,5.245091703686257,0.9930645310005354,1.0,1.0,0.06018597424470118,0.01523861314097112,0.1802458940833017,0.11713591560625536,0.0796633884296468,0.015573399842134916,0.05802610383784511,0.025200416703121224,7.812633789862273,0.9928647571413088,0.9978599124230224,1.0,0.008207502774894238,0.05809174384921789,0.017677387222647667,ok,
759xd9YjKW5,112b976211e448f08cc955a8f4315e0c,112b976211e448f08cc955a8f4315e0c_i0_2,0,2,/mnt/priorbimda-data/PriorBIMDA-Datasets/Matterport3D/v1/scans/759xd9YjKW5/undistorted_color_images/112b976211e448f08cc955a8f4315e0c_i0_2.jpg,/mnt/priorbimda-data/PriorBIMDA-Datasets/Matterport3D/v1/scans/759xd9YjKW5/undistorted_depth_images/112b976211e448f08cc955a8f4315e0c_d0_2.png,1024,1280,406,504,1.4155678118069965,1237639,0.9442436218261718,-6.900350093841553,0.9927679896354675,1.5883699655532837,True,204624,1.0,True,,1.0,204624,1.148747205734253,0.13867196224454276,1.1341555984679996,0.012783554298785416,log-depth Laplacian fallback,,,,0.12000443442539552,0.027915360532778506,0.2468058079780193,0.2192150062450775,0.1346114229243424,-0.1281766004181812,0.12858249767851393,0.05584266921111632,4.11217009248654,0.9803973533477855,1.0,1.0,0.03242033265091514,0.002863556241573125,0.0733622755549263,0.05513305302931187,0.04243992110347186,0.01049536192271528,0.03206918822834727,0.013927471486687939,4.112170085709168,0.9991063630024587,0.999966872407867,1.0,0.03242033265091514,0.002863556241573125,0.0733622755549263,0.05513305302931187,0.04243992110347186,0.01049536192271528,0.03206918822834727,0.013927471486687939,4.112170085709168,0.9991063630024587,0.999966872407867,1.0,0.02937097396836434,0.0023425277939291634,0.06574141294765558,0.05008934752182183,0.038061382243199646,0.011940897519327247,0.028994558983019256,0.012592176971543623,3.6139781193248495,0.9991435305448519,0.9999604084874507,1.0,0.02971239450768343,0.002516263768496732,0.06758181392888311,0.04864166673982121,0.041185312652136825,-0.0022881637410973998,0.029753973884675558,0.01292198667280807,4.112170090047576,0.9991637302961526,0.9999789922586473,1.0,0.007831606082618237,0.05759420245885849,0.017691468819975853,ok,
759xd9YjKW5,112b976211e448f08cc955a8f4315e0c,112b976211e448f08cc955a8f4315e0c_i0_3,0,3,/mnt/priorbimda-data/PriorBIMDA-Datasets/Matterport3D/v1/scans/759xd9YjKW5/undistorted_color_images/112b976211e448f08cc955a8f4315e0c_i0_3.jpg,/mnt/priorbimda-data/PriorBIMDA-Datasets/Matterport3D/v1/scans/759xd9YjKW5/undistorted_depth_images/112b976211e448f08cc955a8f4315e0c_d0_3.png,1024,1280,406,504,1.4155678118069965,1196620,0.9129486083984375,-6.895999908447266,1.0066499710083008,1.5884499549865723,True,192924,0.9428219563687544,True,,1.0,192924,1.0723196268081665,0.06982417754392503,1.0747174721734067,0.002233632910493194,log-depth Laplacian fallback,,,,0.08127973209573343,0.029299152735883422,0.35556947884550644,0.16711276520285007,0.10586778945770223,-0.056582709713393506,0.08416448586252562,0.03655217178231914,8.947840972072656,0.9727340341963197,0.9967683976533904,0.9988409018736106,0.06445058170038886,0.028564720073310793,0.3294086557766218,0.1553729398479391,0.09045287334151511,0.013241467795165154,0.06242225089051214,0.027109639109729765,8.947840983368991,0.9808209790911067,0.9966990356169878,0.9987038491751767,0.06445058170038886,0.028564720073310793,0.3294086557766218,0.1553729398479391,0.09045287334151511,0.013241467795165154,0.06242225089051214,0.027109639109729765,8.947840983368991,0.9808209790911067,0.9966990356169878,0.9987038491751767,0.03623422819618478,0.019626005705673907,0.310462346598071,0.10018556476679394,0.06792626627305035,0.013418162978819159,0.03559646731039013,0.015459349328151921,6.658776578374728,0.9754567030469155,0.9969363707776905,0.9988158312580435,0.06456584656262433,0.028841286875200614,0.3295772378106002,0.15610135899369568,0.09080675068934634,0.01547514674965566,0.06239343587361141,0.02709712490689383,8.947840970778214,0.981514599455132,0.9966865003092042,0.9987005064264345,0.0088771628215909,0.06510672252625227,0.01762080378830433,ok,
759xd9YjKW5,112b976211e448f08cc955a8f4315e0c,112b976211e448f08cc955a8f4315e0c_i0_4,0,4,/mnt/priorbimda-data/PriorBIMDA-Datasets/Matterport3D/v1/scans/759xd9YjKW5/undistorted_color_images/112b976211e448f08cc955a8f4315e0c_i0_4.jpg,/mnt/priorbimda-data/PriorBIMDA-Datasets/Matterport3D/v1/scans/759xd9YjKW5/undistorted_depth_images/112b976211e448f08cc955a8f4315e0c_d0_4.png,1024,1280,406,504,1.4155678118069965,1223386,0.9333694458007813,-6.881800174713135,1.0098299980163574,1.5886199474334717,True,204624,1.0,True,,1.0,204624,0.9912494421005249,-0.008789068857424429,1.048918605816846,0.05654880309418432,log-depth Laplacian fallback,,,,0.09144302574616228,0.02403653773385762,0.22357450002532664,0.1526480817688471,0.12189953965861552,-0.04277078497007368,0.09497317524372421,0.04124632593717996,11.41497162590696,0.9640947337962017,0.9902867941925116,1.0,0.0930610215542775,0.024384824859492824,0.22372240794291154,0.15260730313482201,0.12525404688148317,-0.05155985373137234,0.09740162815010937,0.04230098963398496,11.414971635264047,0.9600812826041821,0.9898372222667253,1.0,0.0930610215542775,0.024384824859492824,0.22372240794291154,0.15260730313482201,0.12525404688148317,-0.05155985373137234,0.09740162815010937,0.04230098963398496,11.414971635264047,0.9600812826041821,0.9898372222667253,1.0,0.06955699219587319,0.018997027818639333,0.19980425357897139,0.10982788992626995,0.11178071924687652,-0.050748526911966095,0.07385245980169197,0.032073715766856546,9.959676807815846,0.9662297917419359,0.9908941249940738,1.0,0.09005686958699673,0.026455101816995216,0.23965822150193408,0.16392971520246793,0.11425868601848932,0.004988948387405058,0.08929921052660227,0.038782154370020146,11.41497162706046,0.9728662907700432,0.9915578566372347,1.0,0.008395064622163773,0.059467642568051815,0.01769086252897978,ok,
759xd9YjKW5,112b976211e448f08cc955a8f4315e0c,112b976211e448f08cc955a8f4315e0c_i0_5,0,5,/mnt/priorbimda-data/PriorBIMDA-Datasets/Matterport3D/v1/scans/759xd9YjKW5/undistorted_color_images/112b976211e448f08cc955a8f4315e0c_i0_5.jpg,/mnt/priorbimda-data/PriorBIMDA-Datasets/Matterport3D/v1/scans/759xd9YjKW5/undistorted_depth_images/112b976211e448f08cc955a8f4315e0c_d0_5.png,1024,1280,406,504,1.4155678118069965,1247737,0.9519477844238281,-6.871950149536133,0.999118983745575,1.5886900424957275,True,204624,1.0,True,,1.0,204624,0.9497906565666199,-0.051513680179536454,1.1253445969935267,0.1696029773717581,log-depth Laplacian fallback,,,,0.10613668148581995,0.023526738642012886,0.22009824204299933,0.18577703187810524,0.12498460854301001,-0.11082250503478493,0.1134730968757538,0.04928073981761301,5.778862128883609,0.9910726379036607,1.0,1.0,0.14898233175449016,0.04290437135682733,0.296832166819456,0.2634844238850855,0.1723152975082249,-0.16233618515686657,0.1628789687537792,0.07073743734785845,5.778862123345387,0.8702242539894225,1.0,1.0,0.14898233175449016,0.04290437135682733,0.296832166819456,0.2634844238850855,0.1723152975082249,-0.16233618515686657,0.1628789687537792,0.07073743734785845,5.778862123345387,0.8702242539894225,1.0,1.0,0.15022632195700505,0.04152040278357921,0.2807289688093837,0.25239262550899605,0.17767994294093079,-0.16423325511935083,0.16495569528183399,0.07163934821941483,6.780560475649961,0.7864517923248249,1.0,1.0,0.0457653657198976,0.008666122926817784,0.153738259426598,0.09723514590058877,0.05824372494964479,0.007266825121237843,0.04505718825346902,0.019568088228557608,5.778862127328547,0.9980340408275141,1.0,1.0,0.00831512175500393,0.06276316568255424,0.017613749019801617,ok,
759xd9YjKW5,112b976211e448f08cc955a8f4315e0c,112b976211e448f08cc955a8f4315e0c_i1_0,1,0,/mnt/priorbimda-data/PriorBIMDA-Datasets/Matterport3D/v1/scans/759xd9YjKW5/undistorted_color_images/112b976211e448f08cc955a8f4315e0c_i1_0.jpg,/mnt/priorbimda-data/PriorBIMDA-Datasets/Matterport3D/v1/scans/759xd9YjKW5/undistorted_depth_images/112b976211e448f08cc955a8f4315e0c_d1_0.png,1024,1280,406,504,1.4121168655554452,1101225,0.8401679992675781,-6.8841400146484375,0.9932699799537659,1.6217999458312988,True,204624,1.0,True,,1.0,204624,0.9712466597557068,-0.02917481642515705,1.2472353569438621,0.25010420384173715,log-depth Laplacian fallback,,,,0.1460362365837727,0.048856355312991005,0.2758102326019413,0.2185948544747578,0.2062683270067595,-0.15454145872646047,0.16350078229135984,0.07100748753600251,13.661464145861233,0.5050094213262503,0.9841040659265817,0.9979277622647507,0.16876646002093348,0.05897862813591528,0.31231077939312185,0.27427258043609176,0.22894372669624613,-0.18371627510382932,0.19081982854559285,0.08287199857507566,13.661464143912081,0.4499970487411746,0.9787681899702604,0.9982192558287362,0.16876646002093348,0.05897862813591528,0.31231077939312185,0.27427258043609176,0.22894372669624613,-0.18371627510382932,0.19081982854559285,0.08287199857507566,13.661464143912081,0.4499970487411746,0.9787681899702604,0.9982192558287362,0.1591849284195982,0.053328186943700485,0.2922892707145745,0.25087515220254764,0.21785236486737591,-0.1729387554268087,0.1792662599490578,0.07785434748730978,13.248335650086284,0.5076501169152534,0.9852400735544508,0.9986315239846535,0.1262705653273887,0.09579419739426369,0.5828873511989823,0.3953396665548482,0.15189111581948683,0.06638788150255673,0.11576392378227329,0.05027563330210989,13.661464143528413,0.930055165838044,0.9953769665599673,0.9973311539422007,0.008182385936379433,0.059045858681201935,0.017672235146164894,ok,
759xd9YjKW5,112b976211e448f08cc955a8f4315e0c,112b976211e448f08cc955a8f4315e0c_i1_1,1,1,/mnt/priorbimda-data/PriorBIMDA-Datasets/Matterport3D/v1/scans/759xd9YjKW5/undistorted_color_images/112b976211e448f08cc955a8f4315e0c_i1_1.jpg,/mnt/priorbimda-data/PriorBIMDA-Datasets/Matterport3D/v1/scans/759xd9YjKW5/undistorted_depth_images/112b976211e448f08cc955a8f4315e0c_d1_1.png,1024,1280,406,504,1.4121168655554452,1121969,0.8559944152832031,-6.88755989074707,0.9925060272216797,1.6217600107192993,True,204624,1.0,True,,1.0,204624,1.0222158432006836,0.02197266635214684,0.9862627064497478,0.03580518965795545,log-depth Laplacian fallback,,,,0.09215036484337003,0.22930120917044064,1.0930148077861366,0.38439076361070523,0.23058508424050528,-0.00822137252757372,0.09717618198893088,0.04220307961021883,23.043847358452055,0.9202696331182055,0.9377906163182762,0.9434324834286866,0.1035920795271897,0.23724408286940088,1.096363850108188,0.4197839830126379,0.23084840952013744,0.013751293879242173,0.10648499929128497,0.046245847597676776,23.043847355557574,0.918412184293862,0.9377522908386952,0.9432506602232326,0.1035920795271897,0.23724408286940088,1.096363850108188,0.4197839830126379,0.23084840952013744,0.013751293879242173,0.10648499929128497,0.046245847597676776,23.043847355557574,0.918412184293862,0.9377522908386952,0.9432506602232326,0.08889322992159827,0.216685409022201,1.0639178571889518,0.37645907840857756,0.22156596246061827,0.0054118896954935625,0.09311129310870181,0.040437720799985435,22.149985817382348,0.9198061622023425,0.9376997047155492,0.9436098501830265,0.08976067312604245,0.22602711763232974,1.0937603634475461,0.3779993491212405,0.23149139431627766,-0.02205392360048375,0.09604196477868056,0.04171049533452746,23.043847355925262,0.9211404236658945,0.9383351946444153,0.9435198298705223,0.008772007189691067,0.05796905606985092,0.017624990083277225,ok,
759xd9YjKW5,112b976211e448f08cc955a8f4315e0c,112b976211e448f08cc955a8f4315e0c_i1_2,1,2,/mnt/priorbimda-data/PriorBIMDA-Datasets/Matterport3D/v1/scans/759xd9YjKW5/undistorted_color_images/112b976211e448f08cc955a8f4315e0c_i1_2.jpg,/mnt/priorbimda-data/PriorBIMDA-Datasets/Matterport3D/v1/scans/759xd9YjKW5/undistorted_depth_images/112b976211e448f08cc955a8f4315e0c_d1_2.png,1024,1280,406,504,1.4121168655554452,1167842,0.8909927368164062,-6.88992977142334,0.9950820207595825,1.6217399835586548,True,204624,1.0,True,,1.0,204624,0.9807779788970947,-0.019409166237098655,0.9984448126171936,0.017852768295134134,log-depth Laplacian fallback,,,,0.012819273827643602,0.0033376185492993604,0.12624376144204297,0.058526523291627476,0.025339473518866593,0.0008657462708753248,0.01270775508264776,0.0055189079097719244,2.5324679694081165,0.9990118526307497,0.999642931149933,0.9997927801877309,0.021919065863907763,0.004901793305007623,0.15739554586236867,0.10009855489566157,0.031387861180619474,-0.018543419994343953,0.022112938876360223,0.009603527332667137,2.5324679749351295,0.9990957680919166,0.9996634818751167,0.9999160845388332,0.021919065863907763,0.004901793305007623,0.15739554586236867,0.10009855489566157,0.031387861180619474,-0.018543419994343953,0.022112938876360223,0.009603527332667137,2.5324679749351295,0.9990957680919166,0.9996634818751167,0.9999160845388332,0.015163685914689577,0.00437339642566038,0.15286086956181127,0.07189273675601547,0.028652000047717043,-0.005891339698347274,0.01521658080596432,0.006608477077465242,2.803977930178936,0.9991240253390441,0.9996634818751167,0.9999152282586172,0.012717435594201701,0.0033426294915454595,0.1268308623573882,0.05812537259848988,0.025334096103400396,-0.0006906687043518274,0.012625768432789819,0.005483301560148885,2.5324679704137547,0.9990161340318297,0.9996437874301489,0.9998021992701067,0.00923183560371399,0.059012262150645256,0.0176903223618865,ok,
759xd9YjKW5,112b976211e448f08cc955a8f4315e0c,112b976211e448f08cc955a8f4315e0c_i1_3,1,3,/mnt/priorbimda-data/PriorBIMDA-Datasets/Matterport3D/v1/scans/759xd9YjKW5/undistorted_color_images/112b976211e448f08cc955a8f4315e0c_i1_3.jpg,/mnt/priorbimda-data/PriorBIMDA-Datasets/Matterport3D/v1/scans/759xd9YjKW5/undistorted_depth_images/112b976211e448f08cc955a8f4315e0c_d1_3.png,1024,1280,406,504,1.4121168655554452,1263757,0.9641700744628906,-6.888879776000977,0.9984220266342163,1.6217600107192993,True,193577,0.9460131753850965,True,,1.0,193577,0.9999911189079285,-8.881131508664891e-06,1.0345628811680998,0.033987881603784346,log-depth Laplacian fallback,,,,0.06390678973415426,0.05635707486010481,0.4386376181608133,0.23896127254105956,0.10964139378130494,-0.02097455456763022,0.060561964801876804,0.026301727126674068,10.761646384729742,0.965255187508358,0.9894093563873435,0.9919913401073149,0.06391029159608472,0.05635812381748726,0.4386482647903289,0.23897864107081188,0.10964309326763065,-0.020983435940030788,0.06056603424535171,0.026303494463519646,10.761646397017968,0.965255187508358,0.9894093563873435,0.9919929226900425,0.06391029159608472,0.05635812381748726,0.4386482647903289,0.23897864107081188,0.10964309326763065,-0.020983435940030788,0.06056603424535171,0.026303494463519646,10.761646397017968,0.965255187508358,0.9894093563873435,0.9919929226900425,0.05985285882661697,0.05527413863258111,0.43808345892249545,0.2276625120511051,0.10860923009265047,-0.017586115803323518,0.05667346020429359,0.024612971037088243,10.717599261154707,0.9651586499619784,0.9895557452896403,0.9923126044010043,0.05765866920220832,0.05622818226105361,0.4134828679556638,0.19402650641714642,0.10839934279672299,0.01300439267939276,0.05229205659447203,0.022710151626351767,10.761646384174503,0.9661058257244075,0.9890825530541077,0.9916740322704444,0.009565751999616623,0.057656774297356606,0.017648713663220406,ok,
759xd9YjKW5,112b976211e448f08cc955a8f4315e0c,112b976211e448f08cc955a8f4315e0c_i1_4,1,4,/mnt/priorbimda-data/PriorBIMDA-Datasets/Matterport3D/v1/scans/759xd9YjKW5/undistorted_color_images/112b976211e448f08cc955a8f4315e0c_i1_4.jpg,/mnt/priorbimda-data/PriorBIMDA-Datasets/Matterport3D/v1/scans/759xd9YjKW5/undistorted_depth_images/112b976211e448f08cc955a8f4315e0c_d1_4.png,1024,1280,406,504,1.4121168655554452,1301611,0.9930503845214844,-6.885469913482666,0.9991859793663025,1.6217999458312988,True,204624,1.0,True,,1.0,204624,0.9302837252616882,-0.0722656584360119,1.0684307452661121,0.13845663720011075,log-depth Laplacian fallback,,,,0.1488034165667905,0.061451975166645904,0.33092879050442264,0.24137236553136368,0.18071478877099498,-0.04558092194908229,0.14931168075618456,0.06484523903611089,17.487199442682925,0.9610090879686788,0.9803820035325455,0.9945905497110888,0.16110239461532683,0.06142669453444672,0.32328344445451335,0.2565315575573078,0.21087444355322407,-0.11784658046593903,0.17264022403170923,0.07497669665151255,17.48719943740759,0.513180205145777,0.9837685760184879,0.9954425707834368,0.16110239461532683,0.06142669453444672,0.32328344445451335,0.2565315575573078,0.21087444355322407,-0.11784658046593903,0.17264022403170923,0.07497669665151255,17.48719943740759,0.513180205145777,0.9837685760184879,0.9954425707834368,0.13403122330644596,0.048402915590832485,0.30225487155065905,0.2292068970372458,0.1694484382177639,-0.09571746934619814,0.13884807735539484,0.06030095381832376,13.982467334629808,0.900809074293318,0.9862923715303574,0.9949032391398045,0.15445539527835436,0.08279596828024148,0.42140321154706206,0.30414201041713373,0.17608233943998514,0.02061009059946405,0.14495827318079144,0.06295457814864187,17.48719944077382,0.909401503214094,0.9758122818568682,0.9905255871377854,0.009203500114381313,0.05729173496365547,0.017663996666669846,ok,
759xd9YjKW5,112b976211e448f08cc955a8f4315e0c,112b976211e448f08cc955a8f4315e0c_i1_5,1,5,/mnt/priorbimda-data/PriorBIMDA-Datasets/Matterport3D/v1/scans/759xd9YjKW5/undistorted_color_images/112b976211e448f08cc955a8f4315e0c_i1_5.jpg,/mnt/priorbimda-data/PriorBIMDA-Datasets/Matterport3D/v1/scans/759xd9YjKW5/undistorted_depth_images/112b976211e448f08cc955a8f4315e0c_d1_5.png,1024,1280,406,504,1.4121168655554452,976596,0.7450836181640625,-6.8831000328063965,0.9966099858283997,1.6218199729919434,True,204624,1.0,True,,1.0,204624,0.976239025592804,-0.02404781928163985,1.0436244312551581,0.0667475038430152,log-depth Laplacian fallback,,,,0.047109710874596256,0.016868237436315825,0.26732553255234054,0.18618681231992903,0.0642149479194007,-0.03740986752549601,0.04750593836209157,0.02063156688829237,5.21925411147626,0.9932674309540486,0.997964357830669,0.9992402180635596,0.06707928315217287,0.025113060812395862,0.33455209782485434,0.2714625234486923,0.08062945241958341,-0.06145768674353264,0.0688415408515897,0.029897501317562674,5.219254101512665,0.9937835092504986,0.9980124841797426,0.9992484097825508,0.06707928315217287,0.025113060812395862,0.33455209782485434,0.2714625234486923,0.08062945241958341,-0.06145768674353264,0.0688415408515897,0.029897501317562674,5.219254101512665,0.9937835092504986,0.9980124841797426,0.9992484097825508,0.06276644077761705,0.023252587197599886,0.32003843615066935,0.25238269850756273,0.07745452447847806,-0.05648924326408468,0.06424812631485241,0.027902606731163522,5.299215751069418,0.9936626813953774,0.9980022445310036,0.9992473858176769,0.027354827830155123,0.013505727231214813,0.23607886916591683,0.10954701792539104,0.05245991998112439,0.0052897881688872645,0.026270609244752375,0.011409180631232505,5.219254109117771,0.9917734662030153,0.9978896083948736,0.9992064272227206,0.009601782076060772,0.05865946598351002,0.01761302351951599,ok,
759xd9YjKW5,112b976211e448f08cc955a8f4315e0c,112b976211e448f08cc955a8f4315e0c_i2_0,2,0,/mnt/priorbimda-data/PriorBIMDA-Datasets/Matterport3D/v1/scans/759xd9YjKW5/undistorted_color_images/112b976211e448f08cc955a8f4315e0c_i2_0.jpg,/mnt/priorbimda-data/PriorBIMDA-Datasets/Matterport3D/v1/scans/759xd9YjKW5/undistorted_depth_images/112b976211e448f08cc955a8f4315e0c_d2_0.png,1024,1280,406,504,1.4165615917841592,1238493,0.9448951721191406,-6.877019882202148,0.985040009021759,1.6550999879837036,True,204624,1.0,True,,1.0,204624,0.9996700882911682,-0.00032996614167194935,1.0199497744941879,0.02008335153351633,log-depth Laplacian fallback,,,,0.030110321430566016,0.004315865658664179,0.09212294372514357,0.06011799788284705,0.043857868028665446,-0.01940822135840981,0.030218065922511268,0.013123539283935328,3.9329804623501503,0.9958594840665228,0.9990690298612911,0.9997206282150969,0.03027488414576503,0.004340246308149634,0.0924354009495597,0.06054506922783316,0.04400488128327974,-0.019738187601860743,0.030392591114880806,0.013199334611934531,3.932980456281591,0.9958828996207487,0.9990698372941954,0.9997206282150969,0.03027488414576503,0.004340246308149634,0.0924354009495597,0.06054506922783316,0.04400488128327974,-0.019738187601860743,0.030392591114880806,0.013199334611934531,3.932980456281591,0.9958828996207487,0.9990698372941954,0.9997206282150969,0.041418856858164266,0.006389798303763084,0.10920304441854882,0.07692659169896628,0.05730083299420413,-0.016219523329010166,0.041602140483281036,0.018067580047252823,5.495737006816618,0.9969212583357354,0.9990989048787519,0.9997246653796186,0.024636644042851066,0.0036688684365478786,0.0833677779145615,0.045510297626396724,0.03933131936665732,0.00034518298551732435,0.024220952604564003,0.010519026062602336,3.9329804624845295,0.9954493081511159,0.9989705230469611,0.9996851011673058,0.008288039825856686,0.05850324593484402,0.01767815090715885,ok,
759xd9YjKW5,112b976211e448f08cc955a8f4315e0c,112b976211e448f08cc955a8f4315e0c_i2_1,2,1,/mnt/priorbimda-data/PriorBIMDA-Datasets/Matterport3D/v1/scans/759xd9YjKW5/undistorted_color_images/112b976211e448f08cc955a8f4315e0c_i2_1.jpg,/mnt/priorbimda-data/PriorBIMDA-Datasets/Matterport3D/v1/scans/759xd9YjKW5/undistorted_depth_images/112b976211e448f08cc955a8f4315e0c_d2_1.png,1024,1280,406,504,1.4165615917841592,1257700,0.9595489501953125,-6.8912200927734375,0.9818639755249023,1.6549400091171265,True,204624,1.0,True,,1.0,204624,1.0177335739135742,0.017578168662329193,1.007765665191105,0.00984250104848022,log-depth Laplacian fallback,,,,0.029469234903491046,0.007076392340254173,0.13599216310424142,0.07050321466253398,0.04641254123514096,-0.004694273559051623,0.02897434453381094,0.012583397947797741,4.617453605242232,0.9927120935040152,0.9986228830404708,0.9996016538125149,0.030470577003758527,0.008339322565818198,0.15291415400320632,0.07996849826677545,0.04793832023943654,0.012883895347531173,0.029458647930508737,0.012793728240550594,4.617453614334026,0.991967082770136,0.998517134451777,0.9995611036018128,0.030470577003758527,0.008339322565818198,0.15291415400320632,0.07996849826677545,0.04793832023943654,0.012883895347531173,0.029458647930508737,0.012793728240550594,4.617453614334026,0.991967082770136,0.998517134451777,0.9995611036018128,0.029532771064526092,0.007702681364726235,0.143901986260184,0.07595463583112436,0.047015360016251166,0.014843468220236798,0.028513904404874293,0.012383431340553742,4.461071091848379,0.9917476345710424,0.9986077760992288,0.9996461795340701,0.02908815200458816,0.007441288108674021,0.14190196667851498,0.07263936841631008,0.046274590960725594,0.0030413796872774705,0.028367533502633796,0.012319863265399482,4.617453603643769,0.9923725848771567,0.9985791524210861,0.9995793909517373,0.008637886494398117,0.05822219233959913,0.017722470685839653,ok,
759xd9YjKW5,112b976211e448f08cc955a8f4315e0c,112b976211e448f08cc955a8f4315e0c_i2_2,2,2,/mnt/priorbimda-data/PriorBIMDA-Datasets/Matterport3D/v1/scans/759xd9YjKW5/undistorted_color_images/112b976211e448f08cc955a8f4315e0c_i2_2.jpg,/mnt/priorbimda-data/PriorBIMDA-Datasets/Matterport3D/v1/scans/759xd9YjKW5/undistorted_depth_images/112b976211e448f08cc955a8f4315e0c_d2_2.png,1024,1280,406,504,1.4165615917841592,1249286,0.9531295776367188,-6.9010701179504395,0.9925730228424072,1.654860019683838,True,204624,1.0,True,,1.0,204624,1.0993582010269165,0.0947265559171371,1.1761666566374407,0.06753399834645615,log-depth Laplacian fallback,,,,0.14981199269939452,0.059553621128906734,0.4167465462238463,0.39824245618206616,0.16270859432033197,-0.16213621274434195,0.16232826576026574,0.070498270076608,1.3635805169473785,0.9998807318740465,0.9999255574784317,1.0,0.06551640114448216,0.011532757295898085,0.1817516629718971,0.17232284291848982,0.06877497372512213,-0.06740965678932946,0.06777146393799412,0.02943277281877608,1.3635805162734174,0.9998311035263342,0.9999015437617967,1.0,0.06551640114448216,0.011532757295898085,0.1817516629718971,0.17232284291848982,0.06877497372512213,-0.06740965678932946,0.06777146393799412,0.02943277281877608,1.3635805162734174,0.9998311035263342,0.9999015437617967,1.0,0.049388020485597546,0.006944326829238133,0.13138149741490565,0.11806151155000308,0.05700776753812961,-0.04859905453249459,0.05090022170297727,0.022105685413255166,2.979962177996628,0.9998070898096993,0.999912750162893,1.0,0.00835497739462691,0.0006774134603708706,0.04594906103452446,0.023972123564121244,0.013636372013164436,0.0001243389748095921,0.008306555957500168,0.0036074914159629056,1.363580512843879,0.9994909092073392,0.999892738732364,1.0,0.008188148029148579,0.06600862834602594,0.017664221115410328,ok,
759xd9YjKW5,112b976211e448f08cc955a8f4315e0c,112b976211e448f08cc955a8f4315e0c_i2_3,2,3,/mnt/priorbimda-data/PriorBIMDA-Datasets/Matterport3D/v1/scans/759xd9YjKW5/undistorted_color_images/112b976211e448f08cc955a8f4315e0c_i2_3.jpg,/mnt/priorbimda-data/PriorBIMDA-Datasets/Matterport3D/v1/scans/759xd9YjKW5/undistorted_depth_images/112b976211e448f08cc955a8f4315e0c_d2_3.png,1024,1280,406,504,1.4165615917841592,1262407,0.9631401062011719,-6.896719932556152,1.0064599514007568,1.6549500226974487,True,204624,1.0,True,,1.0,204624,1.0988215208053589,0.09423826078194793,1.1555553080814143,0.05034275386882216,log-depth Laplacian fallback,,,,0.1299586533362643,0.04238030332571314,0.30991331893918705,0.2973820555476945,0.1474063466920737,-0.13412188364078176,0.13909898578986735,0.06040992196687822,6.115514184230483,0.9952828208335347,0.9982953199720851,0.9993045032228116,0.055118628378572974,0.013787845007289181,0.1741744534735561,0.12057284668102844,0.07301133307586238,-0.03988362291180232,0.0557521793738474,0.02421286385614222,6.115514190109997,0.9940154007384306,0.9967728315828414,0.998903681617735,0.055118628378572974,0.013787845007289181,0.1741744534735561,0.12057284668102844,0.07301133307586238,-0.03988362291180232,0.0557521793738474,0.02421286385614222,6.115514190109997,0.9940154007384306,0.9967728315828414,0.998903681617735,0.05189161338284603,0.013241764397016912,0.1699202386889329,0.11171717102056203,0.07130763421457947,-0.039462065106474424,0.05245049662832563,0.022778961258766942,5.939296351263034,0.9939750017228992,0.9967815450959951,0.9989052658928539,0.040232929878689344,0.014458620461940753,0.19582003326883418,0.10747226627371341,0.06204309688281754,0.010459182404003878,0.03857390027775834,0.016752432036116757,6.115514184637673,0.9931488022484033,0.9962096217780795,0.998678714550854,0.008718696422874928,0.059772880747914314,0.017642145045101643,ok,
759xd9YjKW5,112b976211e448f08cc955a8f4315e0c,112b976211e448f08cc955a8f4315e0c_i2_4,2,4,/mnt/priorbimda-data/PriorBIMDA-Datasets/Matterport3D/v1/scans/759xd9YjKW5/undistorted_color_images/112b976211e448f08cc955a8f4315e0c_i2_4.jpg,/mnt/priorbimda-data/PriorBIMDA-Datasets/Matterport3D/v1/scans/759xd9YjKW5/undistorted_depth_images/112b976211e448f08cc955a8f4315e0c_d2_4.png,1024,1280,406,504,1.4165615917841592,1246603,0.9510826110839844,-6.8825201988220215,1.0096299648284912,1.6551100015640259,True,204624,1.0,True,,1.0,204624,1.0624173879623413,0.060546866287520346,1.1037769187675863,0.038190994815522974,log-depth Laplacian fallback,,,,0.09262425497702653,0.019514430111758668,0.19893432433181113,0.17751673521414746,0.10364031735611247,-0.09067822072953724,0.09666108188237031,0.0419793744763118,5.0187405461938654,0.9910524842311466,0.9982239734703029,1.0,0.04202145524808571,0.008328192925670011,0.1328281068386033,0.08040314215950262,0.05853780139996624,-0.03013135456545439,0.04203904051098263,0.018257323318427013,5.018740543993841,0.9926039003596173,0.9976263493670399,0.9998267291190539,0.04202145524808571,0.008328192925670011,0.1328281068386033,0.08040314215950262,0.05853780139996624,-0.03013135456545439,0.04203904051098263,0.018257323318427013,5.018740543993841,0.9926039003596173,0.9976263493670399,0.9998267291190539,0.046189995024945946,0.008788781100239142,0.13456742658667967,0.0879437832254105,0.06255311865463092,-0.037175505316858266,0.04662323226775603,0.02024821250238009,5.030779718747957,0.9926760965600114,0.997922353788656,0.9999398364996716,0.026795390311427688,0.008310821430455835,0.14235714420680398,0.06152753965147249,0.0508304403279119,0.008059652164366889,0.025585985038935073,0.011111852116468665,5.018740550097035,0.9915610663539234,0.9971538653444602,0.999522702897394,0.007725507952272892,0.058439149521291256,0.01764665450900793,ok,
759xd9YjKW5,112b976211e448f08cc955a8f4315e0c,112b976211e448f08cc955a8f4315e0c_i2_5,2,5,/mnt/priorbimda-data/PriorBIMDA-Datasets/Matterport3D/v1/scans/759xd9YjKW5/undistorted_color_images/112b976211e448f08cc955a8f4315e0c_i2_5.jpg,/mnt/priorbimda-data/PriorBIMDA-Datasets/Matterport3D/v1/scans/759xd9YjKW5/undistorted_depth_images/112b976211e448f08cc955a8f4315e0c_d2_5.png,1024,1280,406,504,1.4165615917841592,1253161,0.9560859680175782,-6.8726701736450195,0.9989240169525146,1.6551899909973145,True,204624,1.0,True,,1.0,204624,0.8972700238227844,-0.10839843232098145,1.1356892625648223,0.2356381787273877,log-depth Laplacian fallback,,,,0.12229866240609212,0.035703855961004234,0.29884087305302104,0.29057412677560357,0.13525093325686754,-0.12884252945893618,0.13083357201343226,0.056820298373125314,4.113900277688809,0.9847737042566758,1.0,1.0,0.21122769035645897,0.1077830289869396,0.5315231472534229,0.5143280467255299,0.24078141838677333,-0.23724096166396663,0.2379143555510413,0.10332489178138558,4.113900277234126,0.3514305025451638,0.997887741479347,1.0,0.21122769035645897,0.1077830289869396,0.5315231472534229,0.5143280467255299,0.24078141838677333,-0.23724096166396663,0.2379143555510413,0.10332489178138558,4.113900277234126,0.3514305025451638,0.997887741479347,1.0,0.19756616241319525,0.09385061502861225,0.4798754224708345,0.46529335820451284,0.23450467031045738,-0.2217611344677389,0.2226899569619915,0.09671301948386557,7.625247298939051,0.6348777212185824,0.9995930291478908,1.0,0.026276371986561783,0.003857048566614954,0.09648167705174075,0.06143992031975876,0.04117021344322906,-0.001602786567440488,0.026208403084034937,0.011382164838892534,4.113900278543794,0.9946870354248177,1.0,1.0,0.008346923626959324,0.058457568287849426,0.01767842099070549,ok,
759xd9YjKW5,146714339e954166a2f701202e030c29,146714339e954166a2f701202e030c29_i0_0,0,0,/mnt/priorbimda-data/PriorBIMDA-Datasets/Matterport3D/v1/scans/759xd9YjKW5/undistorted_color_images/146714339e954166a2f701202e030c29_i0_0.jpg,/mnt/priorbimda-data/PriorBIMDA-Datasets/Matterport3D/v1/scans/759xd9YjKW5/undistorted_depth_images/146714339e954166a2f701202e030c29_d0_0.png,1024,1280,406,504,1.4155678118069965,1243696,0.94886474609375,-7.065859794616699,-4.934760093688965,1.567520022392273,True,76719,0.3749266948158574,True,,1.0,76719,0.9813767671585083,-0.01879882876885844,1.3664758341841625,0.3310338705375593,log-depth Laplacian fallback,,,,0.21511219006234125,0.1201571723771032,0.5319875302763846,0.474337021678376,0.2770044040114402,-0.22457735821553967,0.24719563625701435,0.10735570077698475,16.21618019715567,0.3212143482008465,0.9959604276286166,0.9997378780666658,0.2254840257046297,0.13199014715142027,0.561182813481429,0.5026634038694712,0.2924524207827273,-0.24337618702661168,0.2617087806000502,0.11365867928023064,16.216180194504847,0.3199318804595335,0.9962772253026463,0.9998343646678931,0.2254840257046297,0.13199014715142027,0.561182813481429,0.5026634038694712,0.2924524207827273,-0.24337618702661168,0.2617087806000502,0.11365867928023064,16.216180194504847,0.3199318804595335,0.9962772253026463,0.9998343646678931,0.21923939357191158,0.1279409939654136,0.5498242288897444,0.48265686948665426,0.28939016069631024,-0.24086673064443268,0.2550664835894996,0.11077396634138596,16.040537140787574,0.3201087725617836,0.996611712186901,0.9999485404793454,0.13674563111102048,0.13928982887050526,0.6523781512355749,0.40029219726502396,0.18433751044555893,0.08765767356355049,0.1179311193625956,0.05121683438384898,16.216180198398316,0.7218532503119733,0.9844407314970861,0.9949063115102083,0.009237472899258137,0.06009083427488804,0.017666499130427837,ok,
759xd9YjKW5,146714339e954166a2f701202e030c29,146714339e954166a2f701202e030c29_i0_4,0,4,/mnt/priorbimda-data/PriorBIMDA-Datasets/Matterport3D/v1/scans/759xd9YjKW5/undistorted_color_images/146714339e954166a2f701202e030c29_i0_4.jpg,/mnt/priorbimda-data/PriorBIMDA-Datasets/Matterport3D/v1/scans/759xd9YjKW5/undistorted_depth_images/146714339e954166a2f701202e030c29_d0_4.png,1024,1280,406,504,1.4155678118069965,1242337,0.9478279113769531,-7.06790018081665,-4.959869861602783,1.5682200193405151,True,53634,0.26211001642036125,True,,1.0,53634,0.9705355167388916,-0.02990728071205583,1.3018484406955613,0.2936924127271173,log-depth Laplacian fallback,,,,0.21653900872993945,0.1343566758783032,0.5855624682310887,0.5050208992773381,0.29361030565483387,-0.2291744159759072,0.251693618826873,0.10930914978677136,18.353773085888044,0.4310360232368512,0.8976662531986087,0.9990960584768868,0.23342570862207088,0.15459332089858496,0.6388700849904473,0.5558753190372234,0.31750499868273574,-0.2590816966945345,0.2753046017293133,0.1195632693736133,18.353773079779874,0.4240548257034927,0.7919340726389056,0.999395494137259,0.23342570862207088,0.15459332089858496,0.6388700849904473,0.5558753190372234,0.31750499868273574,-0.2590816966945345,0.2753046017293133,0.1195632693736133,18.353773079779874,0.4240548257034927,0.7919340726389056,0.999395494137259,0.22436322853077617,0.14418773009519475,0.6107555706245942,0.5272133811222969,0.3065916785624896,-0.24785308449079083,0.26345611494953186,0.11441753694625043,18.0464140128076,0.4124581333406314,0.8646671555302627,0.999599947518266,0.16162302820333654,0.11917134973161644,0.5939491919717664,0.45242632864159943,0.18677258568156654,0.034610693646826514,0.15131740223232845,0.0657163128054351,18.35377308551668,0.8269277981739255,0.9880378673419531,0.9941344417818998,0.00921362079679966,0.05962269101291895,0.01769388932734728,ok,
759xd9YjKW5,146714339e954166a2f701202e030c29,146714339e954166a2f701202e030c29_i0_5,0,5,/mnt/priorbimda-data/PriorBIMDA-Datasets/Matterport3D/v1/scans/759xd9YjKW5/undistorted_color_images/146714339e954166a2f701202e030c29_i0_5.jpg,/mnt/priorbimda-data/PriorBIMDA-Datasets/Matterport3D/v1/scans/759xd9YjKW5/undistorted_depth_images/146714339e954166a2f701202e030c29_d0_5.png,1024,1280,406,504,1.4155678118069965,1238675,0.9450340270996094,-7.074130058288574,-4.946720123291016,1.5679099559783936,True,68848,0.33646102119008525,True,,1.0,68848,0.9738584756851196,-0.026489288068320217,1.200675442337549,0.2093735551257781,log-depth Laplacian fallback,,,,0.1950921901665114,0.10432261194823714,0.593841035109947,0.5300732886542691,0.2431266470006333,-0.20824625039386002,0.2196117184645056,0.09537615749042526,12.547535885052616,0.6756776394130826,0.9863999838537146,0.9997319716632692,0.21512946721393333,0.12646611713931502,0.6629288175934533,0.5940288597435456,0.2661669376420593,-0.2347355384601648,0.245083290359368,0.10643832060976598,12.547535884614309,0.5877062183381436,0.9799382404585545,0.9998998930308596,0.21512946721393333,0.12646611713931502,0.6629288175934533,0.5940288597435456,0.2661669376420593,-0.2347355384601648,0.245083290359368,0.10643832060976598,12.547535884614309,0.5877062183381436,0.9799382404585545,0.9998998930308596,0.2197356279952761,0.13154972870273063,0.677528757350634,0.6065906783568067,0.2724421748990114,-0.24173800889418764,0.25135207599887915,0.10916081962123995,12.564821415196144,0.5752816517649908,0.949848023089188,1.0,0.08334679779992953,0.033104237608985995,0.263189320284458,0.15372608919664524,0.12801286644306634,-0.025361945729586038,0.08419130934853533,0.03656382107427858,12.547535887089495,0.9397993824045855,0.9892118594465861,0.997127575837084,0.00940561480820179,0.06145091354846954,0.017645874992012978,ok,
759xd9YjKW5,146714339e954166a2f701202e030c29,146714339e954166a2f701202e030c29_i1_0,1,0,/mnt/priorbimda-data/PriorBIMDA-Datasets/Matterport3D/v1/scans/759xd9YjKW5/undistorted_color_images/146714339e954166a2f701202e030c29_i1_0.jpg,/mnt/priorbimda-data/PriorBIMDA-Datasets/Matterport3D/v1/scans/759xd9YjKW5/undistorted_depth_images/146714339e954166a2f701202e030c29_d1_0.png,1024,1280,406,504,1.4121168655554452,1150906,0.8780715942382813,-7.060890197753906,-4.9438300132751465,1.6009999513626099,True,195647,0.9561292907967784,True,,1.0,195647,0.9649832248687744,-0.03564456134992106,0.9932041634556714,0.02882552795401557,log-depth Laplacian fallback,,,,0.04476571151480529,0.04314922631438854,0.3867953077128153,0.16124125932212507,0.09069602978871245,0.02266637058476674,0.04044460666338165,0.01756486949665414,8.781802470990245,0.9773482803982254,0.9881632383530888,0.99579722409997,0.05050747422676501,0.03993228644699463,0.3863498630070922,0.1985586129377949,0.08877183618468822,-0.01297819088361641,0.04781518323427132,0.020765870229836923,8.781802469305227,0.9782180299694327,0.9886098430280145,0.9966322184435567,0.05050747422676501,0.03993228644699463,0.3863498630070922,0.1985586129377949,0.08877183618468822,-0.01297819088361641,0.04781518323427132,0.020765870229836923,8.781802469305227,0.9782180299694327,0.9886098430280145,0.9966322184435567,0.04596057063041239,0.037791968852788516,0.3695681826485954,0.17774092560466354,0.08667463025383386,-0.006767488277717169,0.043133972724946214,0.0187328463370095,8.64100262241007,0.9781676348893829,0.988659369227374,0.996730401961585,0.04378350985185639,0.04176706179975524,0.3822005727327272,0.16099283688055377,0.08923644983417732,0.01584735022327437,0.03976353697839978,0.01726908469067492,8.781802474383337,0.9776402243102391,0.9882787994849275,0.9959814268063595,0.009416425600647926,0.05930876359343529,0.017639998346567154,ok,
759xd9YjKW5,146714339e954166a2f701202e030c29,146714339e954166a2f701202e030c29_i1_1,1,1,/mnt/priorbimda-data/PriorBIMDA-Datasets/Matterport3D/v1/scans/759xd9YjKW5/undistorted_color_images/146714339e954166a2f701202e030c29_i1_1.jpg,/mnt/priorbimda-data/PriorBIMDA-Datasets/Matterport3D/v1/scans/759xd9YjKW5/undistorted_depth_images/146714339e954166a2f701202e030c29_d1_1.png,1024,1280,406,504,1.4121168655554452,1070023,0.8163627624511719,-7.057409763336182,-4.944119930267334,1.6009800434112549,True,180499,0.882100828837282,True,,1.0,180499,1.045690894126892,0.04467780966337881,1.0448177747961294,0.0008353176377701305,log-depth Laplacian fallback,,,,0.06232651784647349,0.029584948476052694,0.35004498332802997,0.20325362866700747,0.1026985809159218,-0.04294670421823962,0.06628611458076596,0.028787693789233324,9.328761503509012,0.9682455423855375,0.982469535701569,1.0,0.045847472745356554,0.02348844189091733,0.30303209977871537,0.1346881141634505,0.09330367548051824,0.0017311052995139869,0.04745940735797094,0.020611358729965366,9.32876151084154,0.9727734824391625,0.9833255920667126,0.9999925235251953,0.045847472745356554,0.02348844189091733,0.30303209977871537,0.1346881141634505,0.09330367548051824,0.0017311052995139869,0.04745940735797094,0.020611358729965366,9.32876151084154,0.9727734824391625,0.9833255920667126,0.9999925235251953,0.032264090944620225,0.021004125583260418,0.3021954755823136,0.11652529840400742,0.0851405879579974,-0.01961585019884571,0.035011770629747974,0.015205418786161877,8.28500943802114,0.9719202297520707,0.9832807332178841,1.0,0.04579432591536097,0.02350214538954595,0.30347736218411064,0.1349069414965104,0.0932919160725491,0.0008958169932193974,0.0474445320908791,0.020604898483550536,9.3287615021514,0.9727230162342305,0.983324657507362,0.9999934580845459,0.00816923938691616,0.057049091905355453,0.017648504115641117,ok,
759xd9YjKW5,146714339e954166a2f701202e030c29,146714339e954166a2f701202e030c29_i1_4,1,4,/mnt/priorbimda-data/PriorBIMDA-Datasets/Matterport3D/v1/scans/759xd9YjKW5/undistorted_color_images/146714339e954166a2f701202e030c29_i1_4.jpg,/mnt/priorbimda-data/PriorBIMDA-Datasets/Matterport3D/v1/scans/759xd9YjKW5/undistorted_depth_images/146714339e954166a2f701202e030c29_d1_4.png,1024,1280,406,504,1.4121168655554452,1234653,0.9419654846191406,-7.061379909515381,-4.9498701095581055,1.6011699438095093,True,160500,0.7843654703260614,True,,1.0,160500,0.9990429878234863,-0.0009574704050435188,1.007207751846877,0.008139370555988984,log-depth Laplacian fallback,,,,0.0740999590423152,0.0626395450326715,0.3882976597836511,0.22007741149405557,0.12785583625867228,0.0169093140807924,0.06610072529775549,0.02870718024661789,12.673275015843984,0.9346634236502078,0.9849957842405923,0.9949921151934997,0.07419710485088932,0.06254861916302092,0.3887966359612355,0.22124919333215218,0.1277327338132949,0.01595184376736413,0.06626886445677886,0.0287802021555736,12.673275017863242,0.9348383715910462,0.9850346615607786,0.9950042643560579,0.07419710485088932,0.06254861916302092,0.3887966359612355,0.22124919333215218,0.1277327338132949,0.01595184376736413,0.06626886445677886,0.0287802021555736,12.673275017863242,0.9348383715910462,0.9850346615607786,0.9950042643560579,0.07704970352318664,0.06418923450140768,0.3897927702106614,0.23074827231368378,0.12845915402458494,0.028459761262860477,0.0686592676380771,0.029818341066735407,12.526690002380128,0.9317484345804043,0.9868643254420473,0.9948447053544599,0.07406484131468752,0.06357922586203837,0.38609381863718806,0.21456943371742634,0.12900223459238613,0.024091213698206108,0.06553427027357155,0.028461171955368424,12.673275011762506,0.93342582895761,0.9848103070255367,0.9949135506089565,0.009268459863960743,0.05828855559229851,0.017663178965449333,ok,
759xd9YjKW5,146714339e954166a2f701202e030c29,146714339e954166a2f701202e030c29_i1_5,1,5,/mnt/priorbimda-data/PriorBIMDA-Datasets/Matterport3D/v1/scans/759xd9YjKW5/undistorted_color_images/146714339e954166a2f701202e030c29_i1_5.jpg,/mnt/priorbimda-data/PriorBIMDA-Datasets/Matterport3D/v1/scans/759xd9YjKW5/undistorted_depth_images/146714339e954166a2f701202e030c29_d1_5.png,1024,1280,406,504,1.4121168655554452,1208689,0.9221565246582031,-7.062880039215088,-4.946710109710693,1.6010899543762207,True,158651,0.7753293846274142,True,,1.0,158651,0.983655571937561,-0.016479471722903292,0.9936347991316419,0.010093926587317746,log-depth Laplacian fallback,,,,0.06505950861309463,0.06394971410831742,0.35775863614230374,0.18797238345254821,0.12543461922390414,0.029903836534669177,0.05504059681933279,0.023903827479297902,12.181791436547257,0.9578733652742765,0.9881640355790448,0.9933084523810509,0.06501021357406019,0.06092476675300204,0.35382642107858,0.1973493057424908,0.1225553664281426,0.013424364857116807,0.05605231005328108,0.024343208954070147,12.181791439898857,0.9619165889653997,0.9889425650436133,0.9935632739273709,0.06501021357406019,0.06092476675300204,0.35382642107858,0.1973493057424908,0.1225553664281426,0.013424364857116807,0.05605231005328108,0.024343208954070147,12.181791439898857,0.9619165889653997,0.9889425650436133,0.9935632739273709,0.059290716465132516,0.06091700302460527,0.3459347263761027,0.17517963283561855,0.12015859883791939,0.0203917640096326,0.05019858342432469,0.021800967780544266,11.841564438564482,0.9634488276140513,0.9887497941985076,0.993290250842028,0.0641129792549056,0.06246494276816493,0.35409137055923884,0.1866576424076327,0.12406738202320593,0.023518312399576684,0.054505960297900835,0.02367163778821605,12.181791438030794,0.9595553529485252,0.9884858718826762,0.9934441365810395,0.008458318188786507,0.06298063695430756,0.017651095986366272,ok,
759xd9YjKW5,146714339e954166a2f701202e030c29,146714339e954166a2f701202e030c29_i2_0,2,0,/mnt/priorbimda-data/PriorBIMDA-Datasets/Matterport3D/v1/scans/759xd9YjKW5/undistorted_color_images/146714339e954166a2f701202e030c29_i2_0.jpg,/mnt/priorbimda-data/PriorBIMDA-Datasets/Matterport3D/v1/scans/759xd9YjKW5/undistorted_depth_images/146714339e954166a2f701202e030c29_d2_0.png,1024,1280,406,504,1.4165615917841592,1257660,0.9595184326171875,-7.065390110015869,-4.9329400062561035,1.6339999437332153,True,138179,0.6752824693095629,True,,1.0,138179,1.002719759941101,0.0027160680864896825,1.0344098849842096,0.031115036592596217,log-depth Laplacian fallback,,,,0.0443381048199509,0.007957931947190263,0.13158173130202921,0.09278383408379047,0.05968836671103313,-0.03630830302521301,0.04517776854098449,0.019620455582051905,4.737518603720807,0.9959138399885502,0.9988542213316794,0.9999825071959035,0.042571310883734455,0.007655435369970626,0.12934678650662304,0.08902348428189735,0.05807621291958066,-0.03359223494584896,0.043292974063269374,0.0188018997408585,4.7375186104366405,0.9958557956840481,0.9988462700570901,0.9999761461762321,0.042571310883734455,0.007655435369970626,0.12934678650662304,0.08902348428189735,0.05807621291958066,-0.03359223494584896,0.043292974063269374,0.0188018997408585,4.7375186104366405,0.9958557956840481,0.9988462700570901,0.9999761461762321,0.0400365999872669,0.0070900265124439685,0.12704238697644898,0.08587025671814878,0.05502451225073043,-0.03175966164634613,0.04064914333314812,0.017653698643680597,4.4933515782101825,0.9959758599303469,0.9989170364009351,0.9999976146176232,0.0331838313311136,0.00658704356562124,0.12754422875705015,0.07606361939364023,0.047439907060685405,-0.002477202529899375,0.03278429888655661,0.014238040099498457,4.73751860107412,0.9949231111747213,0.9986204538587535,0.9998688039692762,0.009231187403202057,0.05899161193519831,0.017671954818069935,ok,
759xd9YjKW5,146714339e954166a2f701202e030c29,146714339e954166a2f701202e030c29_i2_1,2,1,/mnt/priorbimda-data/PriorBIMDA-Datasets/Matterport3D/v1/scans/759xd9YjKW5/undistorted_color_images/146714339e954166a2f701202e030c29_i2_1.jpg,/mnt/priorbimda-data/PriorBIMDA-Datasets/Matterport3D/v1/scans/759xd9YjKW5/undistorted_depth_images/146714339e954166a2f701202e030c29_d2_1.png,1024,1280,406,504,1.4165615917841592,1196175,0.9126091003417969,-7.05088996887207,-4.934120178222656,1.633929967880249,True,41881,0.20467296113847838,True,,1.0,41881,0.9626302123069763,-0.03808593645671599,1.1567705718812982,0.1837180693104219,log-depth Laplacian fallback,,,,0.14042689279886744,0.052956089179346216,0.37485224040633597,0.3251988493721271,0.16456467767104507,-0.15098849603351247,0.15278361415420746,0.06635308055240782,6.545232770889779,0.9722966957175998,0.985821472610613,0.99674044349698,0.1721154523324403,0.07542139435068783,0.4426878085321135,0.3972066425378239,0.20008285347996962,-0.1890744325846188,0.19042743955913713,0.08270158620349835,6.54523276858159,0.9653662716575752,0.9819215415804544,0.9949054277175162,0.1721154523324403,0.07542139435068783,0.4426878085321135,0.3972066425378239,0.20008285347996962,-0.1890744325846188,0.19042743955913713,0.08270158620349835,6.54523276858159,0.9653662716575752,0.9819215415804544,0.9949054277175162,0.15710354183332106,0.06319516171459715,0.402931659144086,0.3569727074275518,0.1841795707689404,-0.17109892905078986,0.17260809583524345,0.07496274355307392,6.817089383530115,0.9647777290112233,0.9842949401216378,0.9955106903254123,0.024919478008861264,0.009879408373779493,0.1765233686523789,0.05986026520479619,0.06567113285714463,-0.005356350134301971,0.025925955756108173,0.011259499522945627,6.5452327720101025,0.9743607749702176,0.9945509645327816,0.9999966560076912,0.009920195676386356,0.0625802231952548,0.0176629526540637,ok,
759xd9YjKW5,146714339e954166a2f701202e030c29,146714339e954166a2f701202e030c29_i2_4,2,4,/mnt/priorbimda-data/PriorBIMDA-Datasets/Matterport3D/v1/scans/759xd9YjKW5/undistorted_color_images/146714339e954166a2f701202e030c29_i2_4.jpg,/mnt/priorbimda-data/PriorBIMDA-Datasets/Matterport3D/v1/scans/759xd9YjKW5/undistorted_depth_images/146714339e954166a2f701202e030c29_d2_4.png,1024,1280,406,504,1.4165615917841592,1229118,0.9377426147460938,-7.067430019378662,-4.958049774169922,1.6346999406814575,True,150013,0.7331153725858159,True,,1.0,150013,1.0577588081359863,0.05615233782136082,1.085124013410312,0.025541940713555103,log-depth Laplacian fallback,,,,0.08821006876044658,0.03380764728592598,0.2636988322201467,0.15892362884010847,0.12406401538606104,-0.07156680625959087,0.08995703486144964,0.03906784384870605,10.13413644841778,0.9857930646203212,0.9936312054660333,0.9964616904154036,0.055019794024389515,0.029448712995399886,0.24444618959966635,0.09849752240036272,0.10250696571924242,-0.01541446849325597,0.052873201810525086,0.02296253978686807,10.134136461502953,0.9844018230959111,0.9927761207630187,0.9956261319092227,0.055019794024389515,0.029448712995399886,0.24444618959966635,0.09849752240036272,0.10250696571924242,-0.01541446849325597,0.052873201810525086,0.02296253978686807,10.134136461502953,0.9844018230959111,0.9927761207630187,0.9956261319092227,0.07469281496263887,0.03433677698243225,0.26226641430384495,0.13405159480566792,0.11619572225689438,-0.0403704416408776,0.07432773023251839,0.032280123092376205,10.895720863036937,0.9843050057032766,0.9933228542743658,0.9955675533187213,0.05136669417478304,0.031569443705820134,0.25515005104656346,0.10097138673303403,0.10184614813741616,0.010127474459443262,0.04788161853162059,0.020794722712879302,10.134136446437774,0.9824695432008969,0.9923660706295083,0.9951745886074405,0.008242445066571236,0.058099253103137016,0.01765642035752535,ok,
759xd9YjKW5,146714339e954166a2f701202e030c29,146714339e954166a2f701202e030c29_i2_5,2,5,/mnt/priorbimda-data/PriorBIMDA-Datasets/Matterport3D/v1/scans/759xd9YjKW5/undistorted_color_images/146714339e954166a2f701202e030c29_i2_5.jpg,/mnt/priorbimda-data/PriorBIMDA-Datasets/Matterport3D/v1/scans/759xd9YjKW5/undistorted_depth_images/146714339e954166a2f701202e030c29_d2_5.png,1024,1280,406,504,1.4165615917841592,1227633,0.9366096496582031,-7.073659896850586,-4.944910049438477,1.6343799829483032,True,204624,1.0,True,,1.0,204624,1.0508091449737549,0.04956048165943557,1.047858449819307,0.002811971849259305,log-depth Laplacian fallback,,,,0.0675453190779135,0.014189883373934445,0.15814151496065115,0.11934165516726938,0.08686084624001983,-0.037417021586007106,0.06726181029533386,0.029211433054086817,7.838860315865212,0.9906543730903291,0.9968679564658167,0.9986926060149898,0.04552082539316208,0.012168929276899805,0.13571831578979468,0.07176898999016672,0.07932362028924635,0.012143460048147064,0.042607180322462294,0.018504063303502197,7.838860321406162,0.9803491760159592,0.9962260708208398,0.9982804307150427,0.04552082539316208,0.012168929276899805,0.13571831578979468,0.07176898999016672,0.07932362028924635,0.012143460048147064,0.042607180322462294,0.018504063303502197,7.838860321406162,0.9803491760159592,0.9962260708208398,0.9982804307150427,0.044566318677801586,0.011349968420171712,0.1420225935137248,0.0790999117729563,0.07112690053577943,0.0010322394430256668,0.04290433175431006,0.018633114530643327,7.111940987915269,0.9894838278215069,0.9966235837583381,0.998223410416631,0.0452954322728991,0.012029829695986921,0.13495669698651663,0.07144627718735644,0.07894206895390213,0.009331513795609727,0.04250942994497523,0.018461610853955597,7.838860313211981,0.9818748762863169,0.9962529518186625,0.9983121991670149,0.007390042766928673,0.05987649131566286,0.017653703689575195,ok,
759xd9YjKW5,14af8cbc71694b0ab5ca408ceb1c2cdb,14af8cbc71694b0ab5ca408ceb1c2cdb_i0_0,0,0,/mnt/priorbimda-data/PriorBIMDA-Datasets/Matterport3D/v1/scans/759xd9YjKW5/undistorted_color_images/14af8cbc71694b0ab5ca408ceb1c2cdb_i0_0.jpg,/mnt/priorbimda-data/PriorBIMDA-Datasets/Matterport3D/v1/scans/759xd9YjKW5/undistorted_depth_images/14af8cbc71694b0ab5ca408ceb1c2cdb_d0_0.png,1024,1280,406,504,1.4155678118069965,1245698,0.9503921508789063,-1.7834800481796265,5.119219779968262,1.5794899463653564,True,204624,1.0,True,,1.0,204624,1.067617654800415,0.0654296753170956,1.0793514755530063,0.010930699856279619,log-depth Laplacian fallback,,,,0.08483275838607575,0.014068120022602083,0.15025563331249475,0.14014091061211073,0.10204602869957345,-0.08538742076748158,0.08961486900509111,0.03891924310539385,5.58782636454572,0.999834630865587,1.0,1.0,0.04595830974542544,0.005647863956488666,0.09975034547313898,0.0780408734164604,0.05933541912685277,-0.019957745509262995,0.046706802682276206,0.020284506672256567,5.58782637270234,0.9963217409034935,1.0,1.0,0.04595830974542544,0.005647863956488666,0.09975034547313898,0.0780408734164604,0.05933541912685277,-0.019957745509262995,0.046706802682276206,0.020284506672256567,5.58782637270234,0.9963217409034935,1.0,1.0,0.02483588257296316,0.002351642697832945,0.06916360552953663,0.04605322500134404,0.03544972825852386,-0.019188737108263597,0.02518129634087568,0.010936098048012849,2.980730785886463,0.9991434521047637,1.0,1.0,0.045965122807286485,0.005696571283043729,0.10430053660752305,0.08239053016583982,0.056602727343108485,-0.009027092293654806,0.04621218185525023,0.020069695576444748,5.587826363981006,0.9961041921878336,1.0,1.0,0.008656506426632404,0.060924867168068886,0.017644531093537807,ok,
759xd9YjKW5,14af8cbc71694b0ab5ca408ceb1c2cdb,14af8cbc71694b0ab5ca408ceb1c2cdb_i0_1,0,1,/mnt/priorbimda-data/PriorBIMDA-Datasets/Matterport3D/v1/scans/759xd9YjKW5/undistorted_color_images/14af8cbc71694b0ab5ca408ceb1c2cdb_i0_1.jpg,/mnt/priorbimda-data/PriorBIMDA-Datasets/Matterport3D/v1/scans/759xd9YjKW5/undistorted_depth_images/14af8cbc71694b0ab5ca408ceb1c2cdb_d0_1.png,1024,1280,406,504,1.4155678118069965,1211658,0.9244216918945313,-1.78233003616333,5.104720115661621,1.579069972038269,True,204624,1.0,True,,1.0,204624,1.0723196268081665,0.06982417754392503,1.120005058715901,0.04350902446350369,log-depth Laplacian fallback,,,,0.11346556932823822,0.03640699620629292,0.27935334281034363,0.20107298163601853,0.15367938213074234,-0.11041570070620436,0.1228335691715904,0.05334594128370314,10.689118546280902,0.9034900937393224,0.9920728456379605,0.997502595616915,0.08128434907231516,0.025439608387548062,0.2458925690671815,0.1621258791220602,0.11433895780037466,-0.04059152314170449,0.08396994275412982,0.036467682783850534,10.689118541728465,0.9665425392313672,0.9928214067005706,0.9975710967946401,0.08128434907231516,0.025439608387548062,0.2458925690671815,0.1621258791220602,0.11433895780037466,-0.04059152314170449,0.08396994275412982,0.036467682783850534,10.689118541728465,0.9665425392313672,0.9928214067005706,0.9975710967946401,0.0554079127266542,0.02075458727036559,0.22854064812554298,0.11212843060167814,0.10409702898544317,-0.040007802073813145,0.05853810111212052,0.025422774294088554,9.610185855028398,0.9309211014989378,0.9926976093914289,0.9975405601250518,0.07502689002087093,0.027305531467692247,0.26114945261192385,0.16548386567541679,0.1069309922202313,0.0029174592313038787,0.07437472835394912,0.03230053411717344,10.689118545903046,0.971174209224055,0.9928923838244785,0.9973309300149052,0.008321627974510193,0.05857789423316717,0.017652953043580055,ok,
759xd9YjKW5,14af8cbc71694b0ab5ca408ceb1c2cdb,14af8cbc71694b0ab5ca408ceb1c2cdb_i0_2,0,2,/mnt/priorbimda-data/PriorBIMDA-Datasets/Matterport3D/v1/scans/759xd9YjKW5/undistorted_color_images/14af8cbc71694b0ab5ca408ceb1c2cdb_i0_2.jpg,/mnt/priorbimda-data/PriorBIMDA-Datasets/Matterport3D/v1/scans/759xd9YjKW5/undistorted_depth_images/14af8cbc71694b0ab5ca408ceb1c2cdb_d0_2.png,1024,1280,406,504,1.4155678118069965,1230277,0.9386268615722656,-1.794319987297058,5.096479892730713,1.5787400007247925,True,204624,1.0,True,,1.0,204624,1.0268431901931763,0.02648923203749067,1.0278110279578678,0.0009420931538985239,log-depth Laplacian fallback,,,,0.052978007451494245,0.009846502744417628,0.13420104737569494,0.095817665500622,0.0693105897977994,-0.01654493954580416,0.05286643223440001,0.022959599797312127,6.730693005586051,0.9952205885341269,0.9988311575360671,0.9993082858575751,0.050750084896235885,0.009407167186648175,0.12235614118141547,0.08293856384213932,0.06803757633916775,0.009944292555616989,0.04927823979704318,0.021401267621761075,6.730693010141215,0.994783288641501,0.9987596289290949,0.9992847139302775,0.050750084896235885,0.009407167186648175,0.12235614118141547,0.08293856384213932,0.06803757633916775,0.009944292555616989,0.04927823979704318,0.021401267621761075,6.730693010141215,0.994783288641501,0.9987596289290949,0.9992847139302775,0.05268582622433331,0.010261846881369052,0.13402456726503215,0.09017800973215141,0.07346666874716079,0.005661984327824719,0.05126067936986647,0.022262230188944868,7.324816277748214,0.9949686127595655,0.9989319478458916,0.9993334834350313,0.05079125090324349,0.009438941074869289,0.12232452085592106,0.08271034659689856,0.0681816449129949,0.010886407494367013,0.049271575032478816,0.021398373151287606,6.730693006599181,0.9947694706151542,0.9987563776287779,0.999283088280119,0.007557508535683155,0.0572451613843441,0.017641560174524784,ok,
759xd9YjKW5,14af8cbc71694b0ab5ca408ceb1c2cdb,14af8cbc71694b0ab5ca408ceb1c2cdb_i0_3,0,3,/mnt/priorbimda-data/PriorBIMDA-Datasets/Matterport3D/v1/scans/759xd9YjKW5/undistorted_color_images/14af8cbc71694b0ab5ca408ceb1c2cdb_i0_3.jpg,/mnt/priorbimda-data/PriorBIMDA-Datasets/Matterport3D/v1/scans/759xd9YjKW5/undistorted_depth_images/14af8cbc71694b0ab5ca408ceb1c2cdb_d0_3.png,1024,1280,406,504,1.4155678118069965,1208494,0.9220077514648437,-1.8074599504470825,5.1027398109436035,1.5788300037384033,True,204624,1.0,True,,1.0,204624,1.100432276725769,0.0957030814499717,1.1098287344350757,0.008502628668101447,log-depth Laplacian fallback,,,,0.09602863107461418,0.01638222690479592,0.1725898457496032,0.1531917123495514,0.10627095739113292,-0.09900219696630512,0.10119143762570025,0.043946882976698715,3.8627469250171083,0.9963698619935225,0.9997873386214577,1.0,0.02710185496907797,0.0026099593521112614,0.06695880611578142,0.04008976143623326,0.038768099426449314,-0.003299115492495633,0.026904693219404075,0.011684559802487027,3.8627469113394355,0.9957989034285648,0.999629290670868,1.0,0.02710185496907797,0.0026099593521112614,0.06695880611578142,0.04008976143623326,0.038768099426449314,-0.003299115492495633,0.026904693219404075,0.011684559802487027,3.8627469113394355,0.9957989034285648,0.999629290670868,1.0,0.02833360045017268,0.00307444914090802,0.07768124017060474,0.0450390658041645,0.041985018391836854,-0.022132431964882394,0.028623486680535264,0.012431022318187695,3.5677685248383635,0.9958245551901789,0.9997269328602376,1.0,0.026410607113912722,0.002645439641021754,0.06690310469055885,0.03832971116754014,0.03897637364905994,0.005203491594272541,0.025986991860668218,0.011286007166352916,3.8627469216342263,0.995631753239983,0.9996110861948839,0.9999958626190945,0.008245052769780159,0.05670509673655033,0.01769361086189747,ok,
759xd9YjKW5,14af8cbc71694b0ab5ca408ceb1c2cdb,14af8cbc71694b0ab5ca408ceb1c2cdb_i0_4,0,4,/mnt/priorbimda-data/PriorBIMDA-Datasets/Matterport3D/v1/scans/759xd9YjKW5/undistorted_color_images/14af8cbc71694b0ab5ca408ceb1c2cdb_i0_4.jpg,/mnt/priorbimda-data/PriorBIMDA-Datasets/Matterport3D/v1/scans/759xd9YjKW5/undistorted_depth_images/14af8cbc71694b0ab5ca408ceb1c2cdb_d0_4.png,1024,1280,406,504,1.4155678118069965,1240293,0.9462684631347656,-1.8085999488830566,5.117239952087402,1.579259991645813,True,204624,1.0,True,,1.0,204624,1.133148431777954,0.12499998121263603,1.1196176159994102,0.012012768487000045,log-depth Laplacian fallback,,,,0.10838251951654516,0.022534616111515166,0.20853854654609422,0.1995633573689858,0.12188193317965375,-0.11378956450807236,0.11542181152288146,0.05012705583566455,4.367082143345623,0.999980649733571,1.0,1.0,0.03494286564844797,0.004447580157737012,0.09793088413940283,0.06934325990720454,0.04508673961086448,0.011210416717507976,0.03438892304191079,0.014934919515697441,4.36708214458775,0.9979085587034676,1.0,1.0,0.03494286564844797,0.004447580157737012,0.09793088413940283,0.06934325990720454,0.04508673961086448,0.011210416717507976,0.03438892304191079,0.014934919515697441,4.36708214458775,0.9979085587034676,1.0,1.0,0.02530568834726861,0.0024766295278016905,0.07506949975064606,0.050797079510193306,0.03360892445484777,0.010188337405864415,0.02504044644175574,0.010874927714048436,3.202745047480253,0.9996516952042783,1.0,1.0,0.03323524412815465,0.0037252917747851253,0.08646563979510305,0.06147307842716659,0.04367819209564894,-0.0008023827119613843,0.03308838254244697,0.014370101953288611,4.367082145698607,0.9981206053730852,1.0,1.0,0.008416173979640007,0.05891903396695852,0.017688622698187828,ok,
759xd9YjKW5,14af8cbc71694b0ab5ca408ceb1c2cdb,14af8cbc71694b0ab5ca408ceb1c2cdb_i0_5,0,5,/mnt/priorbimda-data/PriorBIMDA-Datasets/Matterport3D/v1/scans/759xd9YjKW5/undistorted_color_images/14af8cbc71694b0ab5ca408ceb1c2cdb_i0_5.jpg,/mnt/priorbimda-data/PriorBIMDA-Datasets/Matterport3D/v1/scans/759xd9YjKW5/undistorted_depth_images/14af8cbc71694b0ab5ca408ceb1c2cdb_d0_5.png,1024,1280,406,504,1.4155678118069965,1240018,0.9460586547851563,-1.7966099977493286,5.1254801750183105,1.5795899629592896,True,204624,1.0,True,,1.0,204624,1.024714469909668,0.02441400784188521,0.9709318342853054,0.05391302255687485,log-depth Laplacian fallback,,,,0.04320211694912272,0.004328124495844662,0.08619609693490053,0.07252676706399347,0.04976773765693964,0.021844540031650407,0.04251047842785926,0.018462066204286497,4.471737673763512,0.999789519184399,1.0,1.0,0.05769359251831153,0.007847389794617764,0.11790822171131429,0.09965693488896828,0.06433892315057234,0.046258547948997086,0.05578358028243039,0.02422650109746655,4.47173766429292,0.99942339546684,1.0,1.0,0.05769359251831153,0.007847389794617764,0.11790822171131429,0.09965693488896828,0.06433892315057234,0.046258547948997086,0.05578358028243039,0.02422650109746655,4.47173766429292,0.99942339546684,1.0,1.0,0.05178478889978811,0.006543049934886593,0.10814307239021462,0.08968314268203445,0.0585141878333495,0.04735548920125412,0.05012384464399151,0.021768509140661377,3.437103170267677,0.9997661324271099,1.0,1.0,0.03557404770649326,0.0029183574180890017,0.06686989355079227,0.05522989059395969,0.04536777340497999,-0.007654481118099921,0.03601470287566128,0.015640986726284875,4.47173767403485,1.0,1.0,1.0,0.007956599816679955,0.05763937532901764,0.017640871927142143,ok,
759xd9YjKW5,14af8cbc71694b0ab5ca408ceb1c2cdb,14af8cbc71694b0ab5ca408ceb1c2cdb_i1_0,1,0,/mnt/priorbimda-data/PriorBIMDA-Datasets/Matterport3D/v1/scans/759xd9YjKW5/undistorted_color_images/14af8cbc71694b0ab5ca408ceb1c2cdb_i1_0.jpg,/mnt/priorbimda-data/PriorBIMDA-Datasets/Matterport3D/v1/scans/759xd9YjKW5/undistorted_depth_images/14af8cbc71694b0ab5ca408ceb1c2cdb_d1_0.png,1024,1280,406,504,1.4121168655554452,1171992,0.894158935546875,-1.7928199768066406,5.111969947814941,1.612470030784607,True,204624,1.0,True,,1.0,204624,1.0088279247283936,0.008789186419867959,0.9927566793345333,0.01605886729992273,log-depth Laplacian fallback,,,,0.030789578406568336,0.005998194782794408,0.12222328800794899,0.07487958312164396,0.050961416315906324,-0.00426641095691614,0.03126621948773192,0.013578746593497894,5.078251362890409,0.9982201243694496,0.9993327599505799,1.0,0.03425269904462746,0.006113112684103425,0.1229736716169644,0.0836729625883024,0.05098351870154865,0.004522775501207954,0.03444482220907712,0.014959196215540767,5.078251353524001,0.9975895739902662,0.9992866845507478,1.0,0.03425269904462746,0.006113112684103425,0.1229736716169644,0.0836729625883024,0.05098351870154865,0.004522775501207954,0.03444482220907712,0.014959196215540767,5.078251353524001,0.9975895739902662,0.9992866845507478,1.0,0.03702683254716377,0.006635237551660156,0.12841719145655506,0.09263393661941831,0.05306435251370966,-0.002781729986666462,0.03735695058465573,0.01622391749964845,5.299139067792546,0.9971851343695178,0.9992738858285722,1.0,0.029566510822722717,0.00620736903320671,0.1250025696874096,0.07251689787688488,0.05207634242282303,-0.011536106540390993,0.03026139208976653,0.01314235559929632,5.0782513585168925,0.9987064758121216,0.9993924873207326,1.0,0.007991913706064224,0.05975735280662775,0.017720386385917664,ok,
759xd9YjKW5,14af8cbc71694b0ab5ca408ceb1c2cdb,14af8cbc71694b0ab5ca408ceb1c2cdb_i1_1,1,1,/mnt/priorbimda-data/PriorBIMDA-Datasets/Matterport3D/v1/scans/759xd9YjKW5/undistorted_color_images/14af8cbc71694b0ab5ca408ceb1c2cdb_i1_1.jpg,/mnt/priorbimda-data/PriorBIMDA-Datasets/Matterport3D/v1/scans/759xd9YjKW5/undistorted_depth_images/14af8cbc71694b0ab5ca408ceb1c2cdb_d1_1.png,1024,1280,406,504,1.4121168655554452,1102938,0.8414749145507813,-1.7925399541854858,5.108479976654053,1.6123700141906738,True,204624,1.0,True,,1.0,204624,1.0431410074234009,0.04223636095878455,1.0877797812155756,0.04190236001693255,log-depth Laplacian fallback,,,,0.10676739219938665,0.06070633769211529,0.3776992355421608,0.2737234093597832,0.1564718895717999,-0.0867009207368273,0.10950976052042444,0.04755948470856694,13.025514411936262,0.9269106695027282,0.9797894351269065,0.9911418411551692,0.07463160933761127,0.05145675464828949,0.3252641920444379,0.18121549387661012,0.13763538644007467,-0.04446455971449357,0.0735661093772941,0.031949355357649915,13.025514396715751,0.9443495463933603,0.9823000023573402,0.9911853612805072,0.07463160933761127,0.05145675464828949,0.3252641920444379,0.18121549387661012,0.13763538644007467,-0.04446455971449357,0.0735661093772941,0.031949355357649915,13.025514396715751,0.9443495463933603,0.9823000023573402,0.9911853612805072,0.0757928208321142,0.0522662930055288,0.34650295849912166,0.19708382631430596,0.13747025951446712,-0.04683427999966047,0.07533411742487271,0.03271719149667384,12.92463634609823,0.9486779855259316,0.9846247023858096,0.9914628020795366,0.061114971769629184,0.051095117061990096,0.308347413065171,0.13114826433899873,0.13028034209548406,-0.00256221892445896,0.05730353230505209,0.024886607873648835,13.025514412375239,0.9574826508833679,0.9844596885772364,0.9909015737965325,0.008510922081768513,0.05916859023272991,0.017691380344331264,ok,
759xd9YjKW5,14af8cbc71694b0ab5ca408ceb1c2cdb,14af8cbc71694b0ab5ca408ceb1c2cdb_i1_2,1,2,/mnt/priorbimda-data/PriorBIMDA-Datasets/Matterport3D/v1/scans/759xd9YjKW5/undistorted_color_images/14af8cbc71694b0ab5ca408ceb1c2cdb_i1_2.jpg,/mnt/priorbimda-data/PriorBIMDA-Datasets/Matterport3D/v1/scans/759xd9YjKW5/undistorted_depth_images/14af8cbc71694b0ab5ca408ceb1c2cdb_d1_2.png,1024,1280,406,504,1.4121168655554452,1030242,0.7860122680664062,-1.7954299449920654,5.106500148773193,1.6122900247573853,True,204624,1.0,True,,1.0,204624,0.930738091468811,-0.07177736086521921,0.9423883701544675,0.012439554036247913,log-depth Laplacian fallback,,,,0.2255277263245107,0.1970192434362885,0.545626348133263,0.33575077368842365,0.273435920060704,0.17245322618387848,0.1798894008771448,0.07812497415382592,21.219586979537503,0.6374104336651001,0.974725355790193,0.9854480791891613,0.19411628500427527,0.1462765790878904,0.49835806796288756,0.34207036175364347,0.23486744575546367,0.10067586538324542,0.16322745866472987,0.07088878459318329,21.21958699056848,0.6397030988835632,0.9794349288807872,0.9880562042704529,0.19411628500427527,0.1462765790878904,0.49835806796288756,0.34207036175364347,0.23486744575546367,0.10067586538324542,0.16322745866472987,0.07088878459318329,21.21958699056848,0.6397030988835632,0.9794349288807872,0.9880562042704529,0.18444509178621385,0.12947259077739573,0.45810227192912734,0.3067487411153111,0.22726354658369777,0.0971795233307267,0.15552182217157223,0.06754226918465261,20.54382141934974,0.6389634668359473,0.9800629366692486,0.9891239145754105,0.1957842462196982,0.15213612939887627,0.49629210189743633,0.3264696197285071,0.24046243320991473,0.11311540404474199,0.16247174072513398,0.07056058046214156,21.21958697831498,0.6396904804890502,0.9786943261874395,0.9876475624173738,0.007665022276341915,0.058535986579954624,0.017659016884863377,ok,
759xd9YjKW5,14af8cbc71694b0ab5ca408ceb1c2cdb,14af8cbc71694b0ab5ca408ceb1c2cdb_i1_3,1,3,/mnt/priorbimda-data/PriorBIMDA-Datasets/Matterport3D/v1/scans/759xd9YjKW5/undistorted_color_images/14af8cbc71694b0ab5ca408ceb1c2cdb_i1_3.jpg,/mnt/priorbimda-data/PriorBIMDA-Datasets/Matterport3D/v1/scans/759xd9YjKW5/undistorted_depth_images/14af8cbc71694b0ab5ca408ceb1c2cdb_d1_3.png,1024,1280,406,504,1.4121168655554452,1286607,0.9816032409667969,-1.7985800504684448,5.1080098152160645,1.6123199462890625,True,204624,1.0,True,,1.0,204624,1.040851354598999,0.04003898846604804,0.9415154988001716,0.10030345767003927,log-depth Laplacian fallback,,,,0.060050724075730116,0.01178658336975629,0.14952696047513414,0.08848055947392096,0.07509039941536909,0.045440610952042666,0.057437052639601714,0.024944595018165643,5.978059016658134,0.9921048152232966,0.9973177512635949,0.99811908376062,0.09445004737819958,0.019885444734810305,0.18632394274012645,0.13848168588279045,0.10430954366256177,0.08547959950113816,0.0887890639063848,0.03856060050789809,5.978059022974682,0.9934129069715927,0.9971382092589268,0.9979348783272592,0.09445004737819958,0.019885444734810305,0.18632394274012645,0.13848168588279045,0.10430954366256177,0.08547959950113816,0.0887890639063848,0.03856060050789809,5.978059022974682,0.9934129069715927,0.9971382092589268,0.9979348783272592,0.05127958631811596,0.01229250252955045,0.1658298097005482,0.09882664346667112,0.06764476532822114,0.037289113911561755,0.049281080262507895,0.021402501220238433,5.643878329660093,0.9936740589783827,0.9972858845008615,0.9980118249006884,0.03763924790915318,0.012066941463789772,0.19395197159403418,0.10324940056000374,0.06159111568720328,-0.014823851331817841,0.037796762037857826,0.01641492518685197,5.978059018851035,0.9903156130815393,0.9974801940297231,0.9988084939690208,0.008032847195863724,0.059308476746082306,0.017700019292533398,ok,
759xd9YjKW5,14af8cbc71694b0ab5ca408ceb1c2cdb,14af8cbc71694b0ab5ca408ceb1c2cdb_i1_4,1,4,/mnt/priorbimda-data/PriorBIMDA-Datasets/Matterport3D/v1/scans/759xd9YjKW5/undistorted_color_images/14af8cbc71694b0ab5ca408ceb1c2cdb_i1_4.jpg,/mnt/priorbimda-data/PriorBIMDA-Datasets/Matterport3D/v1/scans/759xd9YjKW5/undistorted_depth_images/14af8cbc71694b0ab5ca408ceb1c2cdb_d1_4.png,1024,1280,406,504,1.4121168655554452,1281581,0.9777687072753907,-1.79885995388031,5.111499786376953,1.6124199628829956,True,204624,1.0,True,,1.0,204624,0.9767158031463623,-0.02355955651589205,0.9629133848989664,0.014232257704960418,log-depth Laplacian fallback,,,,0.0548917285732882,0.02823943524424844,0.26581345883071344,0.16104363546116288,0.08692224544766336,0.02811859949508054,0.05148706119458099,0.022360546566221582,8.224853260757355,0.9819707064945563,0.9902901182211659,0.9953299869458114,0.04306673601937545,0.023840813140529965,0.23588270304427014,0.11720558753163693,0.08237478965791496,0.004559043020612404,0.04080430549691385,0.017721084715204213,8.224853249707218,0.9832183841676804,0.9907668731043922,0.9963310941719642,0.04306673601937545,0.023840813140529965,0.23588270304427014,0.11720558753163693,0.08237478965791496,0.004559043020612404,0.04080430549691385,0.017721084715204213,8.224853249707218,0.9832183841676804,0.9907668731043922,0.9963310941719642,0.044527316040621025,0.024316475664230064,0.23837039345409614,0.12034208335323764,0.08287667512927675,-0.0006848393926227173,0.04227297856631928,0.018358921324966908,8.28738455454433,0.9837544408039757,0.9905171815125224,0.9960946674459125,0.03984186257630075,0.02301265619833241,0.23058478802222096,0.10488467306817142,0.08281540928829169,-0.00967320524419325,0.038163788203018426,0.01657432262509531,8.224853260630843,0.984286596009148,0.991223340545779,0.9970286700567502,0.00915118120610714,0.057960654608905315,0.01766737923026085,ok,
759xd9YjKW5,14af8cbc71694b0ab5ca408ceb1c2cdb,14af8cbc71694b0ab5ca408ceb1c2cdb_i1_5,1,5,/mnt/priorbimda-data/PriorBIMDA-Datasets/Matterport3D/v1/scans/759xd9YjKW5/undistorted_color_images/14af8cbc71694b0ab5ca408ceb1c2cdb_i1_5.jpg,/mnt/priorbimda-data/PriorBIMDA-Datasets/Matterport3D/v1/scans/759xd9YjKW5/undistorted_depth_images/14af8cbc71694b0ab5ca408ceb1c2cdb_d1_5.png,1024,1280,406,504,1.4121168655554452,1292691,0.9862449645996094,-1.7959799766540527,5.113480091094971,1.6124999523162842,True,204624,1.0,True,,1.0,204624,1.0063679218292236,0.0063477322799970325,0.9521730249334184,0.055356244105454304,log-depth Laplacian fallback,,,,0.051740867869148596,0.005928500454129051,0.10327037941176967,0.0909613114250117,0.056874803930140924,0.0385863250226546,0.05074640296754022,0.022038882785241506,4.1783236391381084,0.9991010999535078,1.0,1.0,0.05748653316211566,0.006945859209753165,0.11141174021479837,0.10092516461812565,0.06135884908180778,0.04493405740754398,0.056145502480742904,0.024383681911071976,4.178323641772626,0.999012138244948,1.0,1.0,0.05748653316211566,0.006945859209753165,0.11141174021479837,0.10092516461812565,0.06135884908180778,0.04493405740754398,0.056145502480742904,0.024383681911071976,4.178323641772626,0.999012138244948,1.0,1.0,0.0726073859895817,0.012859252583773446,0.14721951983496145,0.1235149558619373,0.08317339755442943,0.060005334491923405,0.06942961883527307,0.030152900340805148,5.759491204316189,0.9992039861034075,1.0,1.0,0.022046792625784333,0.003245090181031134,0.08003445794450713,0.04154215890053212,0.04306344367108128,-0.01042215603943017,0.02270882370559904,0.009862316825855416,4.178323640291834,0.9994043433426859,1.0,1.0,0.009863430634140968,0.05889503192156553,0.017650951631367207,ok,
759xd9YjKW5,14af8cbc71694b0ab5ca408ceb1c2cdb,14af8cbc71694b0ab5ca408ceb1c2cdb_i2_0,2,0,/mnt/priorbimda-data/PriorBIMDA-Datasets/Matterport3D/v1/scans/759xd9YjKW5/undistorted_color_images/14af8cbc71694b0ab5ca408ceb1c2cdb_i2_0.jpg,/mnt/priorbimda-data/PriorBIMDA-Datasets/Matterport3D/v1/scans/759xd9YjKW5/undistorted_depth_images/14af8cbc71694b0ab5ca408ceb1c2cdb_d2_0.png,1024,1280,406,504,1.4165615917841592,1237241,0.9439399719238282,-1.7839399576187134,5.117239952087402,1.6459599733352661,True,204624,1.0,True,,1.0,204624,1.0697048902511597,0.06738280692944473,1.0027221903699988,0.06466431500924866,log-depth Laplacian fallback,,,,0.03327921910798735,0.006740610492080536,0.09941108890144071,0.05166084138930615,0.057005678746682234,-0.004890225069807851,0.032429264966975825,0.014083850827336042,5.6795537748458385,0.9931306835127514,0.995605544918088,0.9981111198222496,0.06795512732732495,0.016727101067246793,0.17455657210113687,0.12721774927108292,0.08444557949139488,0.06249258187968003,0.06408758476193417,0.027832884420614955,5.679553772655892,0.9925665250343304,0.9949629861926658,0.9976568833396242,0.06795512732732495,0.016727101067246793,0.17455657210113687,0.12721774927108292,0.08444557949139488,0.06249258187968003,0.06408758476193417,0.027832884420614955,5.679553772655892,0.9925665250343304,0.9949629861926658,0.9976568833396242,0.06554694761514535,0.018181013849634067,0.18739242361177683,0.12436813053758661,0.08628521714517898,0.0465095923462938,0.061820801895534426,0.0268484331300647,7.267734528429239,0.9925156052862781,0.9950098646908727,0.9976512255898407,0.033287969951515395,0.006810376931678575,0.10035305407192179,0.0523913487647019,0.056837045433678256,-0.002171779237703043,0.03234757456866771,0.014048373138126348,5.679553775229783,0.9931040112637716,0.9955449261704066,0.9980965713228062,0.007922696880996227,0.05793704465031624,0.017651354894042015,ok,
759xd9YjKW5,14af8cbc71694b0ab5ca408ceb1c2cdb,14af8cbc71694b0ab5ca408ceb1c2cdb_i2_1,2,1,/mnt/priorbimda-data/PriorBIMDA-Datasets/Matterport3D/v1/scans/759xd9YjKW5/undistorted_color_images/14af8cbc71694b0ab5ca408ceb1c2cdb_i2_1.jpg,/mnt/priorbimda-data/PriorBIMDA-Datasets/Matterport3D/v1/scans/759xd9YjKW5/undistorted_depth_images/14af8cbc71694b0ab5ca408ceb1c2cdb_d2_1.png,1024,1280,406,504,1.4165615917841592,1230037,0.9384437561035156,-1.7827999591827393,5.1027398109436035,1.6455399990081787,True,204624,1.0,True,,1.0,204624,1.0513224601745605,0.05004885756297189,1.0274904424167015,0.022929492002213236,log-depth Laplacian fallback,,,,0.04362255363661907,0.0077105120991715435,0.10890764980347567,0.06253963771000211,0.07350720164048974,-0.03893364307648443,0.04477909308026274,0.0194473130293902,6.234966022207766,0.9908750712376945,0.9973293486293502,0.9985577669614817,0.0410965257111512,0.007555839594401624,0.11284365650929866,0.06764480548273374,0.06333267814292791,0.01111521454777984,0.04039168142552721,0.01754188435790055,6.234966019404213,0.9933286559672595,0.9971529311719891,0.9982341994590407,0.0410965257111512,0.007555839594401624,0.11284365650929866,0.06764480548273374,0.06333267814292791,0.01111521454777984,0.04039168142552721,0.01754188435790055,6.234966019404213,0.9933286559672595,0.9971529311719891,0.9982341994590407,0.04181562814842881,0.007843560744105192,0.1143739445967652,0.06696860610132867,0.06825674655419503,-0.00040372782461737877,0.04174002459792658,0.01812746235738551,6.825555255074304,0.9928839538973218,0.9971740687475255,0.998385414422493,0.034721692768327386,0.006536055233661508,0.10098517216841918,0.05116894814530357,0.06345908949007882,-0.011814224732572657,0.03486368190731092,0.015141104671175371,6.234966024669342,0.9929701301668161,0.9973025201680925,0.9984049260306804,0.007781666703522205,0.058041054755449295,0.017622237093746662,ok,
759xd9YjKW5,14af8cbc71694b0ab5ca408ceb1c2cdb,14af8cbc71694b0ab5ca408ceb1c2cdb_i2_2,2,2,/mnt/priorbimda-data/PriorBIMDA-Datasets/Matterport3D/v1/scans/759xd9YjKW5/undistorted_color_images/14af8cbc71694b0ab5ca408ceb1c2cdb_i2_2.jpg,/mnt/priorbimda-data/PriorBIMDA-Datasets/Matterport3D/v1/scans/759xd9YjKW5/undistorted_depth_images/14af8cbc71694b0ab5ca408ceb1c2cdb_d2_2.png,1024,1280,406,504,1.4165615917841592,1231692,0.9397064208984375,-1.7947900295257568,5.0945000648498535,1.6452100276947021,True,204624,1.0,True,,1.0,204624,1.041614055633545,0.0407714866529574,1.058766043804256,0.016332633750482245,log-depth Laplacian fallback,,,,0.06759467991554795,0.02687162000063053,0.2193981665577405,0.1162539215368478,0.0997133115154515,-0.04167225099311859,0.06582232021105171,0.028586270453728628,9.058790200983793,0.9811633103080966,0.9879060674259474,0.9962417552440058,0.04602981513931763,0.027820932258110113,0.22869842322936945,0.08960709835736186,0.09059238013180533,-0.0009007644040299643,0.04200687185647304,0.018243352649283267,9.058790184916498,0.9797944616024136,0.9865761895019209,0.9949841356443007,0.04602981513931763,0.027820932258110113,0.22869842322936945,0.08960709835736186,0.09059238013180533,-0.0009007644040299643,0.04200687185647304,0.018243352649283267,9.058790184916498,0.9797944616024136,0.9865761895019209,0.9949841356443007,0.04461959989734138,0.02395992457835721,0.2075394310408774,0.0774961371486203,0.0878707381222505,-0.015253916358346453,0.041593235683073194,0.018063712741660114,8.653660874960204,0.9806737398635373,0.9880197322057788,0.9961946655495043,0.04430477626785061,0.030050809479660576,0.24121725115321774,0.09181229059636609,0.0918929242268761,0.015431834996667072,0.039550164395178826,0.01717641815519263,9.058790201567776,0.9793024554840009,0.9859875683206516,0.9944133760712905,0.00864839181303978,0.05906857829540968,0.017590041272342205,ok,
759xd9YjKW5,14af8cbc71694b0ab5ca408ceb1c2cdb,14af8cbc71694b0ab5ca408ceb1c2cdb_i2_3,2,3,/mnt/priorbimda-data/PriorBIMDA-Datasets/Matterport3D/v1/scans/759xd9YjKW5/undistorted_color_images/14af8cbc71694b0ab5ca408ceb1c2cdb_i2_3.jpg,/mnt/priorbimda-data/PriorBIMDA-Datasets/Matterport3D/v1/scans/759xd9YjKW5/undistorted_depth_images/14af8cbc71694b0ab5ca408ceb1c2cdb_d2_3.png,1024,1280,406,504,1.4165615917841592,1231535,0.9395866394042969,-1.807919979095459,5.100759983062744,1.645300030708313,True,204624,1.0,True,,1.0,204624,1.052863597869873,0.05151368807545678,1.0377709685971759,0.014438574501381557,log-depth Laplacian fallback,,,,0.043204459147207865,0.010823568659801068,0.1405463275762202,0.07720885626678033,0.06568560237803205,-0.029469499243025634,0.04287515022188998,0.018620441152139806,5.870389232521333,0.9923834888980013,0.9960951170693484,0.9983378466710243,0.035981246175726275,0.011856204541113373,0.15130292064181686,0.06616622177591315,0.0627064051166433,0.022044188815265396,0.033798049323314455,0.014678306320209396,5.870389239334575,0.9902674304830963,0.9955689444473766,0.99763141120634,0.035981246175726275,0.011856204541113373,0.15130292064181686,0.06616622177591315,0.0627064051166433,0.022044188815265396,0.033798049323314455,0.014678306320209396,5.870389239334575,0.9902674304830963,0.9955689444473766,0.99763141120634,0.037500596713846,0.011884030483192524,0.15153600467921546,0.06689637907432981,0.06383306172578752,-0.00810141274273274,0.036072854965590775,0.015666241858052387,6.331687674593628,0.9907708672510323,0.9956030482284304,0.9976614550134588,0.03383543939129306,0.010602038002398163,0.14158639840295614,0.06271322410373152,0.059194531886652656,0.007605631644511385,0.03215202274101197,0.013963446058449373,5.870389231190675,0.9911476328321972,0.9957313434047753,0.9978181700073485,0.0088601503521204,0.06802987586706877,0.01760847680270672,ok,
759xd9YjKW5,14af8cbc71694b0ab5ca408ceb1c2cdb,14af8cbc71694b0ab5ca408ceb1c2cdb_i2_4,2,4,/mnt/priorbimda-data/PriorBIMDA-Datasets/Matterport3D/v1/scans/759xd9YjKW5/undistorted_color_images/14af8cbc71694b0ab5ca408ceb1c2cdb_i2_4.jpg,/mnt/priorbimda-data/PriorBIMDA-Datasets/Matterport3D/v1/scans/759xd9YjKW5/undistorted_depth_images/14af8cbc71694b0ab5ca408ceb1c2cdb_d2_4.png,1024,1280,406,504,1.4165615917841592,1246865,0.9512825012207031,-1.8090699911117554,5.115260124206543,1.6457200050354004,True,204624,1.0,True,,1.0,204624,1.047223687171936,0.04614255488785003,1.0092656518562182,0.03691956585370498,log-depth Laplacian fallback,,,,0.037108980432096254,0.020161380165758257,0.2028979829094058,0.074782962446339,0.0775871176623275,0.007357669550332055,0.03398464477380222,0.014759343694704496,7.7237461933546,0.9787571228641433,0.9892297883090791,0.997891511911875,0.059333512045495584,0.02910906249870452,0.2460166463147456,0.12510924811747046,0.09395690255219467,0.0535002243266221,0.0542354137535013,0.02355414091688535,7.723746198706764,0.976262867271116,0.9875880708817715,0.9957589634804088,0.059333512045495584,0.02910906249870452,0.2460166463147456,0.12510924811747046,0.09395690255219467,0.0535002243266221,0.0542354137535013,0.02355414091688535,7.723746198706764,0.976262867271116,0.9875880708817715,0.9957589634804088,0.04940848796317683,0.02791065872109275,0.2434390739656892,0.10733223900498964,0.08978654431964951,0.037226605649731785,0.044820271287778775,0.01946519649768908,8.170558960477393,0.9769253287244409,0.9871806490678622,0.9959105436434578,0.03639546690984655,0.021160242338500532,0.2081075713871921,0.07402619002912506,0.07899711430216184,0.016580667868562764,0.03293362987213609,0.014302893722512812,7.723746190224815,0.9782598757684272,0.9889450742462095,0.9975955696887795,0.008500215597450733,0.05880456604063511,0.01765752863138914,ok,
759xd9YjKW5,14af8cbc71694b0ab5ca408ceb1c2cdb,14af8cbc71694b0ab5ca408ceb1c2cdb_i2_5,2,5,/mnt/priorbimda-data/PriorBIMDA-Datasets/Matterport3D/v1/scans/759xd9YjKW5/undistorted_color_images/14af8cbc71694b0ab5ca408ceb1c2cdb_i2_5.jpg,/mnt/priorbimda-data/PriorBIMDA-Datasets/Matterport3D/v1/scans/759xd9YjKW5/undistorted_depth_images/14af8cbc71694b0ab5ca408ceb1c2cdb_d2_5.png,1024,1280,406,504,1.4165615917841592,1223588,0.9335235595703125,-1.7970800399780273,5.123499870300293,1.646049976348877,True,204624,1.0,True,,1.0,204624,1.0187278985977173,0.018554690709595995,1.0729773182728084,0.05188263410678923,log-depth Laplacian fallback,,,,0.07120714988575641,0.011001772745437618,0.13464140968811547,0.12266713509113904,0.08737140457729395,-0.07148612114490574,0.07430130072644203,0.03226864490372784,5.023441869341222,0.9842471485500022,0.9988713521217927,1.0,0.05519104953073486,0.007511745786623566,0.10892199153773315,0.09408574492301323,0.07297419511605038,-0.05293143052857607,0.057113635466489426,0.02480413672453021,5.023441862940107,0.9840591767817272,0.9987414064211156,1.0,0.05519104953073486,0.007511745786623566,0.10892199153773315,0.09408574492301323,0.07297419511605038,-0.05293143052857607,0.057113635466489426,0.02480413672453021,5.023441862940107,0.9840591767817272,0.9987414064211156,1.0,0.05059983680280101,0.006769775253942501,0.10090231096310442,0.08412721505044587,0.06935399814237556,-0.04741355574439298,0.05218789616241016,0.02266491532547463,5.061552913885195,0.983964373629032,0.9987070811416915,0.9995709340071985,0.02807543088764759,0.0035262801449016785,0.06874312068728351,0.04597195081572011,0.05024536620398815,-0.0010488091892547344,0.028047774353740795,0.012180993631497168,5.023441872120558,0.9839627390919166,0.9986400651199587,0.99952026335662,0.008153356611728668,0.05780341196805239,0.01766943372786045,ok,
759xd9YjKW5,217b34f2c019478ea2b734c13e16b62b,217b34f2c019478ea2b734c13e16b62b_i0_0,0,0,/mnt/priorbimda-data/PriorBIMDA-Datasets/Matterport3D/v1/scans/759xd9YjKW5/undistorted_color_images/217b34f2c019478ea2b734c13e16b62b_i0_0.jpg,/mnt/priorbimda-data/PriorBIMDA-Datasets/Matterport3D/v1/scans/759xd9YjKW5/undistorted_depth_images/217b34f2c019478ea2b734c13e16b62b_d0_0.png,1024,1280,406,504,1.4155678118069965,1205119,0.9194328308105468,-11.609399795532227,-3.305619955062866,1.5750999450683594,True,130926,0.6398369692704668,True,,1.0,130926,1.187529444694519,0.17187505215148166,1.5084234407594095,0.23918997427794672,log-depth Laplacian fallback,,,,0.31236508921837147,0.21278496006162598,0.6139534997962934,0.527323248158337,0.4569319890143107,-0.3527690515506714,0.39712962841772864,0.17247120622210843,29.041494254361965,0.27715437230680123,0.5293842350838381,0.9142458130690828,0.28836432930055445,0.13291694465127726,0.46605037874816074,0.4261673783737131,0.34214540468399085,-0.18089399941166304,0.3214446135762774,0.13960162191370046,29.041494266518917,0.29489120991370976,0.824777470108761,0.9999651486699653,0.28836432930055445,0.13291694465127726,0.46605037874816074,0.4261673783737131,0.34214540468399085,-0.18089399941166304,0.3214446135762774,0.13960162191370046,29.041494266518917,0.29489120991370976,0.824777470108761,0.9999651486699653,0.2969600623116988,0.14006157406840963,0.47411453601157016,0.4284760559739569,0.3537984948919488,-0.16618901858140828,0.32769824349937576,0.14231753888116702,31.233729378791235,0.2173071704951959,0.7815568421043897,0.9996672527775265,0.2684820293937989,0.11254635247245129,0.3342492113153352,0.28960695715650175,0.29620813638015164,0.05829597939177321,0.23673219366146686,0.10281148539602702,29.041494252974736,0.5800024727848453,0.7702367981917139,0.9992905264957237,0.008832060731947422,0.05722209345549345,0.017734971828758717,ok,
759xd9YjKW5,217b34f2c019478ea2b734c13e16b62b,217b34f2c019478ea2b734c13e16b62b_i0_1,0,1,/mnt/priorbimda-data/PriorBIMDA-Datasets/Matterport3D/v1/scans/759xd9YjKW5/undistorted_color_images/217b34f2c019478ea2b734c13e16b62b_i0_1.jpg,/mnt/priorbimda-data/PriorBIMDA-Datasets/Matterport3D/v1/scans/759xd9YjKW5/undistorted_depth_images/217b34f2c019478ea2b734c13e16b62b_d0_1.png,1024,1280,406,504,1.4155678118069965,1203328,0.91806640625,-11.607600212097168,-3.2911899089813232,1.575369954109192,True,120574,0.5892466181875049,True,,1.0,120574,1.1794391870498657,0.16503906029128773,1.1887111538223372,0.00783059587964513,log-depth Laplacian fallback,,,,0.15634002183516768,0.03605680029584725,0.23752332946112778,0.2228467766717219,0.17255023963964836,-0.1647320792887213,0.16928167165988547,0.07351809588924633,5.135101997930044,0.9951675686097223,0.9969517870439315,1.0,0.025666564653912687,0.004406195869839705,0.06811250232904917,0.03516914609457266,0.05135193751985654,0.0003069808841259395,0.024423982211318845,0.010607200700478948,5.1351019948780285,0.994416318742687,0.9957775436123817,0.9974005424954792,0.025666564653912687,0.004406195869839705,0.06811250232904917,0.03516914609457266,0.05135193751985654,0.0003069808841259395,0.024423982211318845,0.010607200700478948,5.1351019948780285,0.994416318742687,0.9957775436123817,0.9974005424954792,0.04156143684484235,0.007021453672581706,0.09358696914771626,0.06311106846605712,0.06429861450838784,-0.00788439797570041,0.04044299071518377,0.01756416769926877,6.381338493027175,0.9942584233060313,0.9956088448037442,0.9971379374534624,0.024747128034726455,0.004593251563410547,0.06993048667150319,0.034344301119424166,0.05199180302946481,0.008137587481979338,0.0233084249662647,0.01012272034470475,5.135101997261398,0.9943681190830763,0.9957418093819806,0.9973432015211148,0.008730288594961166,0.057694071903824806,0.017721896059811115,ok,
759xd9YjKW5,217b34f2c019478ea2b734c13e16b62b,217b34f2c019478ea2b734c13e16b62b_i0_2,0,2,/mnt/priorbimda-data/PriorBIMDA-Datasets/Matterport3D/v1/scans/759xd9YjKW5/undistorted_color_images/217b34f2c019478ea2b734c13e16b62b_i0_2.jpg,/mnt/priorbimda-data/PriorBIMDA-Datasets/Matterport3D/v1/scans/759xd9YjKW5/undistorted_depth_images/217b34f2c019478ea2b734c13e16b62b_d0_2.png,1024,1280,406,504,1.4155678118069965,1239287,0.9455009460449219,-11.594099998474121,-3.2855799198150635,1.575659990310669,True,108843,0.5319170771756979,True,,1.0,108843,0.9649832248687744,-0.03564456134992106,0.9851926221976829,0.02072645995202508,log-depth Laplacian fallback,,,,0.07157752541567013,0.015506858410342326,0.18332884642329988,0.14638196282846935,0.08464823602697111,0.009458967156864489,0.07087742549880932,0.03078167478564173,8.411808249599588,0.9953077858478302,0.9990607502539767,0.9998297408106436,0.06955760168239179,0.017142684044833073,0.20376213433372375,0.15367835508627836,0.08809958648228161,-0.026185594269152873,0.0713580510738182,0.030990407820729655,8.411808242655276,0.9800038247798936,0.9990760816501747,0.9998313546418223,0.06955760168239179,0.017142684044833073,0.20376213433372375,0.15367835508627836,0.08809958648228161,-0.026185594269152873,0.0713580510738182,0.030990407820729655,8.411808242655276,0.9800038247798936,0.9990760816501747,0.9998313546418223,0.0610145465727196,0.013255645736763619,0.18079463511191599,0.13659115708257613,0.07672011502387427,-0.02485447662518672,0.06261778378517804,0.027194557966913734,7.25825808370338,0.9929895173595785,0.9991285311634835,0.9998507206159671,0.07014026308719717,0.015580852558357268,0.18882477116097005,0.14811568563747365,0.08429504275124149,-0.005459159919635508,0.07049618314437932,0.030616103334844984,8.411808251146406,0.9904872721169511,0.9990688194098704,0.9998313546418223,0.009659802541136742,0.05846786126494408,0.01768973283469677,ok,
759xd9YjKW5,217b34f2c019478ea2b734c13e16b62b,217b34f2c019478ea2b734c13e16b62b_i0_3,0,3,/mnt/priorbimda-data/PriorBIMDA-Datasets/Matterport3D/v1/scans/759xd9YjKW5/undistorted_color_images/217b34f2c019478ea2b734c13e16b62b_i0_3.jpg,/mnt/priorbimda-data/PriorBIMDA-Datasets/Matterport3D/v1/scans/759xd9YjKW5/undistorted_depth_images/217b34f2c019478ea2b734c13e16b62b_d0_3.png,1024,1280,406,504,1.4155678118069965,1253166,0.9560897827148438,-11.582599639892578,-3.2943999767303467,1.5756700038909912,True,50623,0.24739522245679882,True,,1.0,50623,1.0218415260314941,0.0216064171665731,1.072323740266933,0.048221596407928995,log-depth Laplacian fallback,,,,0.06857596268189174,0.02161634589565865,0.24963050437434658,0.19140360704902382,0.09610871104234507,-0.06807864587605059,0.07235601351862742,0.03142381740365699,6.783938615512586,0.9778656618516621,0.9955528637068034,1.0,0.053864441183373565,0.01578830921992611,0.21267374373179296,0.1477987025133442,0.08223047112901287,-0.046472228832657454,0.05632691264474928,0.0244624673442611,6.783938626951559,0.9777004802236895,0.9983058908396812,1.0,0.053864441183373565,0.01578830921992611,0.21267374373179296,0.1477987025133442,0.08223047112901287,-0.046472228832657454,0.05632691264474928,0.0244624673442611,6.783938626951559,0.9777004802236895,0.9983058908396812,1.0,0.052139136602554974,0.016878723273891547,0.2239411969572631,0.14750150839306972,0.08683619994053816,-0.045663644471085056,0.05495635596777337,0.023867242142314823,7.386038988342442,0.9783739743976456,0.9803936589406351,1.0,0.0365578980955802,0.01133529627086657,0.17982313151334806,0.09982061848832209,0.06786193922100733,0.001749422575661675,0.03695691562018089,0.01605018452200866,6.783938616679441,0.9771123697897964,0.9980114366332952,0.9999760606336271,0.009351512417197227,0.062228212133049965,0.01765141636133194,ok,
759xd9YjKW5,217b34f2c019478ea2b734c13e16b62b,217b34f2c019478ea2b734c13e16b62b_i0_4,0,4,/mnt/priorbimda-data/PriorBIMDA-Datasets/Matterport3D/v1/scans/759xd9YjKW5/undistorted_color_images/217b34f2c019478ea2b734c13e16b62b_i0_4.jpg,/mnt/priorbimda-data/PriorBIMDA-Datasets/Matterport3D/v1/scans/759xd9YjKW5/undistorted_depth_images/217b34f2c019478ea2b734c13e16b62b_d0_4.png,1024,1280,406,504,1.4155678118069965,1250788,0.9542755126953125,-11.584400177001953,-3.3088300228118896,1.5753999948501587,True,45402,0.22188013136288998,True,,1.0,45402,0.9616906046867371,-0.03906249679594273,1.3054468758040003,0.30560791251989083,log-depth Laplacian fallback,,,,0.2267511601444835,0.18426122668411068,0.8162463442234371,0.76596390996423,0.2670939078318592,-0.25411775802262176,0.25855910498925766,0.11229079254267815,8.22394106158961,0.29272266763032584,0.9996410262970223,0.9999992005040023,0.2556370238764751,0.23098606941444955,0.9138854255202894,0.8626488232657252,0.30449627664611556,-0.29318025483401783,0.2968700415002748,0.12892902086595875,8.223941066671205,0.14936903775859697,0.9988431292912948,0.9999976015120068,0.2556370238764751,0.23098606941444955,0.9138854255202894,0.8626488232657252,0.30449627664611556,-0.29318025483401783,0.2968700415002748,0.12892902086595875,8.223941066671205,0.14936903775859697,0.9988431292912948,0.9999976015120068,0.24784023141701256,0.21737686812476428,0.8890283250869954,0.8376461051309478,0.2927790298395862,-0.2822546436473602,0.28606220613137395,0.12423523760392634,7.7793807294096515,0.15403009942532228,0.9997945295285852,0.9999992005040023,0.058456985031437765,0.02207778320795492,0.24720924576837683,0.17485237912127907,0.08317311519414083,0.012427648049291248,0.05620911687201599,0.024411309290171494,8.223941059529043,0.9883121680092869,0.993952612273223,0.9991277498664841,0.009416885673999786,0.05902203172445297,0.01784696616232395,ok,
759xd9YjKW5,217b34f2c019478ea2b734c13e16b62b,217b34f2c019478ea2b734c13e16b62b_i0_5,0,5,/mnt/priorbimda-data/PriorBIMDA-Datasets/Matterport3D/v1/scans/759xd9YjKW5/undistorted_color_images/217b34f2c019478ea2b734c13e16b62b_i0_5.jpg,/mnt/priorbimda-data/PriorBIMDA-Datasets/Matterport3D/v1/scans/759xd9YjKW5/undistorted_depth_images/217b34f2c019478ea2b734c13e16b62b_d0_5.png,1024,1280,406,504,1.4155678118069965,1253849,0.9566108703613281,-11.597900390625,-3.3144400119781494,1.5751099586486816,True,59276,0.2896825396825397,True,,1.0,59276,0.9843763113021851,-0.01574702485252098,1.1467643243913384,0.15269137056360077,log-depth Laplacian fallback,,,,0.12801974703886054,0.055802375321237344,0.3955812625230841,0.3441047507777974,0.15387473177441374,-0.12583241654271404,0.13709483859728508,0.05953953190021785,8.856430446669064,0.9291405902943656,0.9970506815413978,0.9996993258358862,0.1401530386437111,0.06396003152780495,0.42419665839459586,0.379178845274765,0.16699812650790397,-0.1415794414308294,0.1513391039188491,0.06572573772813889,8.85643044419378,0.8541826009352004,0.9972157731911897,0.9999210431240125,0.1401530386437111,0.06396003152780495,0.42419665839459586,0.379178845274765,0.16699812650790397,-0.1415794414308294,0.1513391039188491,0.06572573772813889,8.85643044419378,0.8541826009352004,0.9972157731911897,0.9999210431240125,0.13138150645316818,0.057733554572845236,0.40379790888190875,0.35782650459622073,0.1583405067979137,-0.1322085665468838,0.14125479541043007,0.06134617818912263,8.713558988518045,0.8782971474236531,0.9971296384173852,0.9997503686648074,0.06125933742964068,0.038160652924279836,0.38378556310747847,0.2077800287534867,0.08925866963721125,0.011111889074250906,0.05849681924798404,0.025404845808291387,8.856430447198441,0.9864736503358857,0.9924368883334437,0.9977062628753542,0.009124008007347584,0.06112033501267433,0.017641359008848667,ok,
759xd9YjKW5,217b34f2c019478ea2b734c13e16b62b,217b34f2c019478ea2b734c13e16b62b_i1_0,1,0,/mnt/priorbimda-data/PriorBIMDA-Datasets/Matterport3D/v1/scans/759xd9YjKW5/undistorted_color_images/217b34f2c019478ea2b734c13e16b62b_i1_0.jpg,/mnt/priorbimda-data/PriorBIMDA-Datasets/Matterport3D/v1/scans/759xd9YjKW5/undistorted_depth_images/217b34f2c019478ea2b734c13e16b62b_d1_0.png,1024,1280,406,504,1.4121168655554452,1094376,0.834942626953125,-11.599699974060059,-3.301919937133789,1.6085599660873413,True,204624,1.0,True,,1.0,204624,1.067617654800415,0.0654296753170956,0.8095559070897881,0.2766991198358963,log-depth Laplacian fallback,,,,0.23013457557347677,0.053272206506565986,0.25836512984128784,0.23947164604368207,0.22351468166204216,0.048124390559445895,0.22112886386215502,0.09603504536486931,21.827243516249588,0.5328653040636856,0.9999634494908514,1.0,0.25566664213646584,0.06033309778289371,0.23652481968174102,0.22996284260342517,0.24604345507292066,0.11355406581729724,0.23077761899607963,0.1002254464767684,21.827243509106058,0.4253629465558455,0.9960488899610371,1.0,0.25566664213646584,0.06033309778289371,0.23652481968174102,0.22996284260342517,0.24604345507292066,0.11355406581729724,0.23077761899607963,0.1002254464767684,21.827243509106058,0.4253629465558455,0.9960488899610371,1.0,0.3001150151262465,0.08318827800531511,0.2773812628453235,0.2666639107824513,0.28460699740672823,0.13591262105827764,0.2654168266136947,0.11526906320259975,25.005779813863523,0.4006520610832109,0.9957647097524068,1.0,0.15974982268146393,0.08794815158441643,0.4034705621460746,0.2673675471313968,0.2725053617743411,-0.16314507732178338,0.19152878402550458,0.08317989402791628,21.827243513882795,0.5735368831187818,0.9531047829996272,0.9999671045417663,0.008073708042502403,0.058251166716217995,0.01763586513698101,ok,
759xd9YjKW5,217b34f2c019478ea2b734c13e16b62b,217b34f2c019478ea2b734c13e16b62b_i1_1,1,1,/mnt/priorbimda-data/PriorBIMDA-Datasets/Matterport3D/v1/scans/759xd9YjKW5/undistorted_color_images/217b34f2c019478ea2b734c13e16b62b_i1_1.jpg,/mnt/priorbimda-data/PriorBIMDA-Datasets/Matterport3D/v1/scans/759xd9YjKW5/undistorted_depth_images/217b34f2c019478ea2b734c13e16b62b_d1_1.png,1024,1280,406,504,1.4121168655554452,1305263,0.9958366394042969,-11.599300384521484,-3.298449993133545,1.6086299419403076,True,204624,1.0,True,,1.0,204624,0.9640414118766785,-0.03662102691597898,1.1701591626153245,0.19376080289688283,log-depth Laplacian fallback,,,,0.1617315019522993,0.02544745576846812,0.16343748054933474,0.1510452779257352,0.17399084991087502,-0.1039718387875094,0.1704498316668473,0.07402542133424991,13.95086828546983,0.911469182839014,0.9992185482925663,0.9999969354835002,0.17708595275935385,0.027977739478733495,0.16177767987026634,0.15743896549857214,0.1980631881475166,-0.14059286574659371,0.19200988488818924,0.08338883347781918,13.950868288504067,0.7294552898534625,0.9995671370444117,0.9999977016126252,0.17708595275935385,0.027977739478733495,0.16177767987026634,0.15743896549857214,0.1980631881475166,-0.14059286574659371,0.19200988488818924,0.08338883347781918,13.950868288504067,0.7294552898534625,0.9995671370444117,0.9999977016126252,0.13333313686913584,0.016232664955056583,0.11775149059272134,0.11235639104369866,0.15443381123729563,-0.11949703297130536,0.14364535981444532,0.062384387118420745,9.78277116380191,0.9818526994176653,0.999764798358645,0.9999954032252504,0.10198559334804494,0.04394186064832793,0.2529591503263928,0.13307396956808432,0.14929670930036332,0.053167986789213875,0.09065242951717539,0.03936984991043277,13.95086828433957,0.7946344912864304,0.9986393546741155,0.9999785483845018,0.007908354513347149,0.05764542892575264,0.01762867532670498,ok,
759xd9YjKW5,217b34f2c019478ea2b734c13e16b62b,217b34f2c019478ea2b734c13e16b62b_i1_2,1,2,/mnt/priorbimda-data/PriorBIMDA-Datasets/Matterport3D/v1/scans/759xd9YjKW5/undistorted_color_images/217b34f2c019478ea2b734c13e16b62b_i1_2.jpg,/mnt/priorbimda-data/PriorBIMDA-Datasets/Matterport3D/v1/scans/759xd9YjKW5/undistorted_depth_images/217b34f2c019478ea2b734c13e16b62b_d1_2.png,1024,1280,406,504,1.4121168655554452,1242476,0.9479339599609375,-11.595999717712402,-3.297100067138672,1.6086900234222412,True,204624,1.0,True,,1.0,204624,0.9516475200653076,-0.04956056478321889,0.9497160936490521,0.0020316230590017165,log-depth Laplacian fallback,,,,0.08293251778899402,0.09227087807864714,0.42447782726573424,0.20639382700352127,0.1270332612708309,0.03682661554365203,0.07215361256902078,0.03133591578811083,12.157816356855875,0.9809919869679575,0.9925600172558665,0.9936851898950161,0.06617860595529912,0.0910654626177491,0.4989920382868833,0.2513335794854704,0.12224321385311868,-0.012733949330181304,0.0590650337692303,0.025651618239405916,12.157816361335485,0.9895579471957607,0.9927282297605748,0.9937849906155128,0.06617860595529912,0.0910654626177491,0.4989920382868833,0.2513335794854704,0.12224321385311868,-0.012733949330181304,0.0590650337692303,0.025651618239405916,12.157816361335485,0.9895579471957607,0.9927282297605748,0.9937849906155128,0.0652079229813456,0.08610805052033899,0.4653490590645495,0.23042066564553612,0.11916077049221933,-0.004793702378041628,0.05782939122386338,0.025114985500348207,11.90643088495042,0.9899048351839391,0.9927507654071387,0.9937922342161941,0.06597300222117565,0.09131751728591071,0.5030875187506548,0.25382809989037936,0.12247151530023218,-0.014765574941423687,0.05899364391998661,0.02562061402181552,12.157816356806926,0.9895555326622003,0.9927403024283769,0.9937890148381135,0.008621643297374249,0.05925567355006933,0.017667566426098347,ok,
759xd9YjKW5,217b34f2c019478ea2b734c13e16b62b,217b34f2c019478ea2b734c13e16b62b_i1_3,1,3,/mnt/priorbimda-data/PriorBIMDA-Datasets/Matterport3D/v1/scans/759xd9YjKW5/undistorted_color_images/217b34f2c019478ea2b734c13e16b62b_i1_3.jpg,/mnt/priorbimda-data/PriorBIMDA-Datasets/Matterport3D/v1/scans/759xd9YjKW5/undistorted_depth_images/217b34f2c019478ea2b734c13e16b62b_d1_3.png,1024,1280,406,504,1.4121168655554452,1205795,0.9199485778808594,-11.593199729919434,-3.2992300987243652,1.6087000370025635,True,163431,0.79868930330753,True,,1.0,163431,0.9799402952194214,-0.020263632418904127,1.0077391041493422,0.02797294331837714,log-depth Laplacian fallback,,,,0.044817169028525145,0.056288531634510086,0.4444004165742523,0.1844496944136823,0.09721214539311886,-0.00856334965866537,0.04164571922627616,0.01808650605486391,9.683424112655768,0.9700778324673763,0.98995351614495,0.9960631782351063,0.05538698233307261,0.05795299148767805,0.4664235517225453,0.22742511790471967,0.10103398002951856,-0.028826982014174076,0.05321983476601808,0.023113080566684503,9.683424099232482,0.9657503970409563,0.9906045389141603,0.9963194407009484,0.05538698233307261,0.05795299148767805,0.4664235517225453,0.22742511790471967,0.10103398002951856,-0.028826982014174076,0.05321983476601808,0.023113080566684503,9.683424099232482,0.9657503970409563,0.9906045389141603,0.9963194407009484,0.053223778112471906,0.053420765897613465,0.4487155356022216,0.21837701519737826,0.09768923831055307,-0.027787089658858198,0.051191955184951496,0.022232383654662985,9.365396377082288,0.9707072926990077,0.9913194199677391,0.9964869650313694,0.04369448019611772,0.05648726213284875,0.43982307149265404,0.17879978535310856,0.09683800750287946,-0.0008540755776970987,0.04018359873908289,0.017451515195398178,9.683424111354062,0.9713118730795866,0.9897495013663185,0.99595619487558,0.008775142952799797,0.0584701020270586,0.017651389352977276,ok,
759xd9YjKW5,217b34f2c019478ea2b734c13e16b62b,217b34f2c019478ea2b734c13e16b62b_i1_4,1,4,/mnt/priorbimda-data/PriorBIMDA-Datasets/Matterport3D/v1/scans/759xd9YjKW5/undistorted_color_images/217b34f2c019478ea2b734c13e16b62b_i1_4.jpg,/mnt/priorbimda-data/PriorBIMDA-Datasets/Matterport3D/v1/scans/759xd9YjKW5/undistorted_depth_images/217b34f2c019478ea2b734c13e16b62b_d1_4.png,1024,1280,406,504,1.4121168655554452,1074836,0.8200347900390625,-11.593700408935547,-3.3027000427246094,1.6086299419403076,True,83121,0.4062133474079287,True,,1.0,83121,0.9451643228530884,-0.056396479987895,1.0134598785842908,0.06976657912290073,log-depth Laplacian fallback,,,,0.050897546909109255,0.03204986518322091,0.3767314446318017,0.23200763013398384,0.0797107074147765,-0.007023250103645832,0.04949657135233236,0.021496087811448503,7.940069794747237,0.9812910992932875,0.9947647827203406,0.9988119117707259,0.08111479688103518,0.049922843429736415,0.5131733178751822,0.3973636663741874,0.10161955039964035,-0.06341973016352356,0.08325657560372399,0.036157871366858226,7.940069804108088,0.9857885295989341,0.9961547622148867,0.9995655151111426,0.08111479688103518,0.049922843429736415,0.5131733178751822,0.3973636663741874,0.10161955039964035,-0.06341973016352356,0.08325657560372399,0.036157871366858226,7.940069804108088,0.9857885295989341,0.9961547622148867,0.9995655151111426,0.08482803802384656,0.05136961446308962,0.515386018273004,0.4048641473489096,0.1056912837434272,-0.06979005182154706,0.08764569433205398,0.03806404141099014,7.937251492852811,0.9844236702157353,0.9966264620835179,0.9998567223278714,0.049346063225126614,0.0318832636731257,0.36524363491202955,0.21637807855367083,0.0796539631984618,0.0063468907854195835,0.047278797315578505,0.02053292078517801,7.940069792249853,0.979739234636726,0.9944838096230495,0.9986928238354502,0.009331352077424526,0.062178450636565685,0.017641615122556686,ok,
759xd9YjKW5,217b34f2c019478ea2b734c13e16b62b,217b34f2c019478ea2b734c13e16b62b_i1_5,1,5,/mnt/priorbimda-data/PriorBIMDA-Datasets/Matterport3D/v1/scans/759xd9YjKW5/undistorted_color_images/217b34f2c019478ea2b734c13e16b62b_i1_5.jpg,/mnt/priorbimda-data/PriorBIMDA-Datasets/Matterport3D/v1/scans/759xd9YjKW5/undistorted_depth_images/217b34f2c019478ea2b734c13e16b62b_d1_5.png,1024,1280,406,504,1.4121168655554452,1144012,0.8728118896484375,-11.59689998626709,-3.3040499687194824,1.6085599660873413,True,183300,0.8957893502228478,True,,1.0,183300,0.9567726850509644,-0.04418944442596607,0.9930542029558709,0.0372194130505214,log-depth Laplacian fallback,,,,0.040177486324145736,0.023626460116671265,0.32284241954214127,0.17843907714112653,0.06811368329463,0.013356517843944147,0.0383703141144593,0.01666401568880414,6.679129646178129,0.982424135411167,0.9969939126512659,0.9987945930637091,0.0511242263352983,0.02526202921605701,0.3556687361802444,0.22398874162543916,0.07356457471996986,-0.030832926596452065,0.05120247194642009,0.022236951026136306,6.67912965230338,0.9844153732653154,0.9976381366629021,0.9988872494344465,0.0511242263352983,0.02526202921605701,0.3556687361802444,0.22398874162543916,0.07356457471996986,-0.030832926596452065,0.05120247194642009,0.022236951026136306,6.67912965230338,0.9844153732653154,0.9976381366629021,0.9988872494344465,0.051601384734266495,0.02574933972600309,0.3527238945260303,0.22183131882832713,0.07508671539600836,-0.027058244270965967,0.05166232014404793,0.022436660560879233,7.00418892230492,0.9844835543683108,0.9975786967269574,0.9988662706335248,0.03938230015601752,0.022723830629516766,0.31890187679856336,0.17384097964697043,0.0670959357344491,0.006386494716871429,0.03785178889941087,0.016438823049180894,6.679129641886505,0.9827597962259137,0.9970848207885932,0.998805956580875,0.009343735873699188,0.05973161943256855,0.017628304660320282,ok,
759xd9YjKW5,217b34f2c019478ea2b734c13e16b62b,217b34f2c019478ea2b734c13e16b62b_i2_0,2,0,/mnt/priorbimda-data/PriorBIMDA-Datasets/Matterport3D/v1/scans/759xd9YjKW5/undistorted_color_images/217b34f2c019478ea2b734c13e16b62b_i2_0.jpg,/mnt/priorbimda-data/PriorBIMDA-Datasets/Matterport3D/v1/scans/759xd9YjKW5/undistorted_depth_images/217b34f2c019478ea2b734c13e16b62b_d2_0.png,1024,1280,406,504,1.4165615917841592,1127475,0.8601951599121094,-11.610400199890137,-3.3067500591278076,1.6415899991989136,True,204624,1.0,True,,1.0,204624,0.9535080194473267,-0.04760744343972002,1.0727303966992077,0.11781461428595566,log-depth Laplacian fallback,,,,0.06864993028597305,0.010274053019050579,0.11647762122621126,0.0851404073241069,0.0862641734263339,-0.03531958103883839,0.06873050149147772,0.029849277536191963,7.870219064403187,0.9925541586287945,0.9955005654227367,0.9971174527151379,0.09444616537636362,0.013979373451989392,0.12979518191060893,0.11092041936718246,0.11432815143109516,-0.08292702451452892,0.09836985181409916,0.04272148382850383,7.8702190660858635,0.9932424222266569,0.9957533426461784,0.9993152841526419,0.09444616537636362,0.013979373451989392,0.12979518191060893,0.11092041936718246,0.11432815143109516,-0.08292702451452892,0.09836985181409916,0.04272148382850383,7.8702190660858635,0.9932424222266569,0.9957533426461784,0.9993152841526419,0.054129611474518814,0.008233078126607818,0.11404502673714563,0.08278278610664512,0.07121249370245192,-0.047418244617440736,0.05461756628778102,0.023720107653768394,5.312936416636573,0.9935342247056476,0.995661988070689,1.0,0.05343533996686559,0.01680427927416461,0.17525995463644897,0.09857616805235175,0.08608821276826319,0.03488761336319814,0.04938587871275613,0.02144801460889325,7.870219063948444,0.9897257145391251,0.9948805960220848,0.9963564602319341,0.008255818858742714,0.05793502740561962,0.017647502943873405,ok,
759xd9YjKW5,217b34f2c019478ea2b734c13e16b62b,217b34f2c019478ea2b734c13e16b62b_i2_1,2,1,/mnt/priorbimda-data/PriorBIMDA-Datasets/Matterport3D/v1/scans/759xd9YjKW5/undistorted_color_images/217b34f2c019478ea2b734c13e16b62b_i2_1.jpg,/mnt/priorbimda-data/PriorBIMDA-Datasets/Matterport3D/v1/scans/759xd9YjKW5/undistorted_depth_images/217b34f2c019478ea2b734c13e16b62b_d2_1.png,1024,1280,406,504,1.4165615917841592,1207277,0.9210792541503906,-11.608499526977539,-3.2923200130462646,1.641860008239746,True,204624,1.0,True,,1.0,204624,1.032751441001892,0.03222654259939605,1.0366128776263075,0.003732007043375722,log-depth Laplacian fallback,,,,0.03719895180417469,0.0020799093070773987,0.04969709175563509,0.040388124825671584,0.04523476987690315,-0.03592271472909992,0.038024510273685655,0.016513834988935185,2.7490779769007863,0.9984237254582006,1.0,1.0,0.01880853953634808,0.0010361645682459926,0.03827856118945064,0.022557122639015558,0.027738144521654372,-0.0036961720838459044,0.018793047135951597,0.008161716669291497,2.7490779789427267,0.9977793000280797,1.0,1.0,0.01880853953634808,0.0010361645682459926,0.03827856118945064,0.022557122639015558,0.027738144521654372,-0.0036961720838459044,0.018793047135951597,0.008161716669291497,2.7490779789427267,0.9977793000280797,1.0,1.0,0.0452256683485386,0.002997529854320001,0.05630404249708245,0.04604722029935445,0.058408322727597696,-0.03376518165347413,0.04648728119393142,0.020189169701209226,4.765967553140809,0.9978024927170815,1.0,1.0,0.018599827317612457,0.0010756507817484967,0.03961172549108356,0.022954112815277435,0.027490803110871872,3.582591721436335e-05,0.01851469941059938,0.008040831788120704,2.749077976675777,0.9977188333746108,1.0,1.0,0.008478574454784393,0.05867099389433861,0.017620448023080826,ok,
759xd9YjKW5,217b34f2c019478ea2b734c13e16b62b,217b34f2c019478ea2b734c13e16b62b_i2_2,2,2,/mnt/priorbimda-data/PriorBIMDA-Datasets/Matterport3D/v1/scans/759xd9YjKW5/undistorted_color_images/217b34f2c019478ea2b734c13e16b62b_i2_2.jpg,/mnt/priorbimda-data/PriorBIMDA-Datasets/Matterport3D/v1/scans/759xd9YjKW5/undistorted_depth_images/217b34f2c019478ea2b734c13e16b62b_d2_2.png,1024,1280,406,504,1.4165615917841592,1224717,0.9343849182128906,-11.595100402832031,-3.286710023880005,1.6421400308609009,True,204624,1.0,True,,1.0,204624,1.0796750783920288,0.07666014252996887,1.052885587260651,0.025125569354867656,log-depth Laplacian fallback,,,,0.05330736000361247,0.013915722605340795,0.16777114598930173,0.1155348635554448,0.0692055094838916,-0.04824506015921991,0.05344081167579716,0.023209049619229566,4.9616697926789355,0.9969062240501275,0.9977456016369496,0.9983432907357374,0.031856999859367074,0.011988059291364461,0.13930633133004397,0.06304071676630493,0.05717721241749749,0.02841508239409137,0.029753857779656497,0.012921936249038962,4.961669791887231,0.9953875058482898,0.9975765829983579,0.9981440610361414,0.031856999859367074,0.011988059291364461,0.13930633133004397,0.06304071676630493,0.05717721241749749,0.02841508239409137,0.029753857779656497,0.012921936249038962,4.961669791887231,0.9953875058482898,0.9975765829983579,0.9981440610361414,0.03611287948344461,0.012159748326256102,0.1422501567632899,0.07026388629321893,0.06015704825125739,0.02940779536050764,0.03393597574004562,0.014738207001904452,5.247906274257015,0.9952797258468691,0.997585564665143,0.9981718225516589,0.0188474955992273,0.009879251998776014,0.12519592245808087,0.03678266614427339,0.04972561981255112,0.0032894609194904817,0.017337793934147784,0.00752970823397605,4.961669792117894,0.9957998460052404,0.9976174087564719,0.9982150978552596,0.008108306676149368,0.057464432902634144,0.017650749534368515,ok,
759xd9YjKW5,217b34f2c019478ea2b734c13e16b62b,217b34f2c019478ea2b734c13e16b62b_i2_3,2,3,/mnt/priorbimda-data/PriorBIMDA-Datasets/Matterport3D/v1/scans/759xd9YjKW5/undistorted_color_images/217b34f2c019478ea2b734c13e16b62b_i2_3.jpg,/mnt/priorbimda-data/PriorBIMDA-Datasets/Matterport3D/v1/scans/759xd9YjKW5/undistorted_depth_images/217b34f2c019478ea2b734c13e16b62b_d2_3.png,1024,1280,406,504,1.4165615917841592,1233111,0.9407890319824219,-11.583499908447266,-3.2955400943756104,1.6421500444412231,True,198494,0.9700426147470482,True,,1.0,198494,1.0340129137039185,0.033447265083605876,1.0280061111110101,0.005826153407786229,log-depth Laplacian fallback,,,,0.05492326466853857,0.026195142511540988,0.21658577124121012,0.10430192012408894,0.09954838563706982,-0.014331759836708775,0.050590989572382804,0.021971387605310793,9.851132799292511,0.9740193705189557,0.9872614874086761,0.9944473774056026,0.045487262371721744,0.02870850267247282,0.22877036106555187,0.08702769219018372,0.10034881311880721,0.01911550532211997,0.03955630503329572,0.017179085000442153,9.85113280320253,0.9704819760751465,0.9847094057225991,0.99385862262197,0.045487262371721744,0.02870850267247282,0.22877036106555187,0.08702769219018372,0.10034881311880721,0.01911550532211997,0.03955630503329572,0.017179085000442153,9.85113280320253,0.9704819760751465,0.9847094057225991,0.99385862262197,0.04575682855361101,0.02831709428931026,0.22166331958729385,0.0797308252634706,0.10170320949333689,0.023109999907945718,0.039537674193177344,0.017170993729385523,9.904277220221736,0.9703489791267778,0.9845950607852821,0.9936818339954797,0.044831132647515606,0.027878169610561797,0.2243376738878428,0.08391754937270679,0.09940366051842982,0.01328931851051647,0.03916291772321257,0.017008239062422267,9.851132796784992,0.9710674870307702,0.9850775802016202,0.9939462059782128,0.00794501043856144,0.06682401336729527,0.01846238411962986,ok,
759xd9YjKW5,217b34f2c019478ea2b734c13e16b62b,217b34f2c019478ea2b734c13e16b62b_i2_4,2,4,/mnt/priorbimda-data/PriorBIMDA-Datasets/Matterport3D/v1/scans/759xd9YjKW5/undistorted_color_images/217b34f2c019478ea2b734c13e16b62b_i2_4.jpg,/mnt/priorbimda-data/PriorBIMDA-Datasets/Matterport3D/v1/scans/759xd9YjKW5/undistorted_depth_images/217b34f2c019478ea2b734c13e16b62b_d2_4.png,1024,1280,406,504,1.4165615917841592,1250237,0.9538551330566406,-11.585399627685547,-3.309959888458252,1.6418800354003906,True,189529,0.9262305496911408,True,,1.0,189529,1.0655345916748047,0.06347663723349765,1.1270674792915347,0.05614247117946465,log-depth Laplacian fallback,,,,0.11512074433443918,0.03545208874698653,0.31687478334251795,0.2722284928886561,0.12795025718593375,-0.11113934892290057,0.12168866115478022,0.05284871404971564,6.339805545078138,0.9908009441409908,0.9988258226240305,1.0,0.0646598436202016,0.01471094115101766,0.20010735561259876,0.15011173066633715,0.07931612399398931,-0.047662711617518685,0.06551921520855053,0.028454633623705122,6.339805554348758,0.9887645302450655,0.9982747271117396,0.9998976194113596,0.0646598436202016,0.01471094115101766,0.20010735561259876,0.15011173066633715,0.07931612399398931,-0.047662711617518685,0.06551921520855053,0.028454633623705122,6.339805554348758,0.9887645302450655,0.9982747271117396,0.9998976194113596,0.07340423104774288,0.017474407529127274,0.21677887172072005,0.1616719885465193,0.09125085051794334,-0.06142370861328514,0.07556966789812074,0.03281948976741515,6.748218831986912,0.9880902580870667,0.998192342731818,0.9999776042462349,0.03483573520246368,0.009452507883179273,0.1438334222807422,0.07246013852669134,0.06396263965719352,0.008479730618780422,0.03310887553151065,0.014379001945356662,6.339805549501422,0.9805876805757628,0.9972373238034069,0.9995960765838797,0.008202550932765007,0.05945748835802078,0.01766782719641924,ok,
759xd9YjKW5,217b34f2c019478ea2b734c13e16b62b,217b34f2c019478ea2b734c13e16b62b_i2_5,2,5,/mnt/priorbimda-data/PriorBIMDA-Datasets/Matterport3D/v1/scans/759xd9YjKW5/undistorted_color_images/217b34f2c019478ea2b734c13e16b62b_i2_5.jpg,/mnt/priorbimda-data/PriorBIMDA-Datasets/Matterport3D/v1/scans/759xd9YjKW5/undistorted_depth_images/217b34f2c019478ea2b734c13e16b62b_d2_5.png,1024,1280,406,504,1.4165615917841592,1206735,0.9206657409667969,-11.598799705505371,-3.315570116043091,1.6416000127792358,True,204624,1.0,True,,1.0,204624,1.0770423412322998,0.07421871145189213,1.1052949432911372,0.025893504907371648,log-depth Laplacian fallback,,,,0.09574490363681563,0.022275517375975003,0.22222294096057035,0.2040864873654663,0.10560996771541406,-0.09464000942268765,0.10009150664252459,0.043469189020231086,4.686932789495058,0.99462350888969,0.9984246748457615,0.9994050060700982,0.031713579620304896,0.007185485387822899,0.12282616980368942,0.06560006285663875,0.051124977383708504,-0.020421298032889612,0.031378349512569764,0.013627444044540634,4.686932791428319,0.9927374278528426,0.9980070189395351,0.999108337787501,0.031713579620304896,0.007185485387822899,0.12282616980368942,0.06560006285663875,0.051124977383708504,-0.020421298032889612,0.031378349512569764,0.013627444044540634,4.686932791428319,0.9927374278528426,0.9980070189395351,0.999108337787501,0.040481727191495086,0.009448686165439743,0.14336510252921428,0.08602791082252144,0.062233928311044344,-0.028689854279162423,0.040814411770166356,0.017725473813910396,5.522638947518326,0.9927912922058281,0.9980451383278018,0.9992052936228749,0.022255959624712027,0.00708292393233064,0.12366948137266957,0.05091475590459604,0.047187699033143404,0.0054722065433690445,0.021260334283124176,0.00923324586257936,4.686932787643996,0.9919667532639727,0.9978238801393844,0.9989923222579937,0.007701675407588482,0.05923666153103113,0.01770276576280594,ok,
759xd9YjKW5,39a9ff1fe32d41b8bb16f7f102414c80,39a9ff1fe32d41b8bb16f7f102414c80_i0_0,0,0,/mnt/priorbimda-data/PriorBIMDA-Datasets/Matterport3D/v1/scans/759xd9YjKW5/undistorted_color_images/39a9ff1fe32d41b8bb16f7f102414c80_i0_0.jpg,/mnt/priorbimda-data/PriorBIMDA-Datasets/Matterport3D/v1/scans/759xd9YjKW5/undistorted_depth_images/39a9ff1fe32d41b8bb16f7f102414c80_d0_0.png,1024,1280,406,504,1.4155678118069965,1203370,0.9180984497070312,-0.1562730073928833,2.3353700637817383,1.5817099809646606,True,204624,1.0,True,,1.0,204624,1.1956751346588135,0.17871099209181626,1.321242957882162,0.09986193620577896,log-depth Laplacian fallback,,,,0.2530343960575849,0.103552814452239,0.4035145925963377,0.3789540182273479,0.3146848683989625,-0.2945758451206789,0.29666770977871126,0.12884114931576976,11.068711700423913,0.2748124018381711,0.907498940475498,0.9979515859627546,0.11667562681480038,0.031140886206681907,0.22150449243327575,0.17341578768691426,0.16023826651360784,-0.11586485308821991,0.12731709200456728,0.055293110509552205,11.068711701969312,0.7996326981726318,0.9959281019137921,0.9991482254003341,0.11667562681480038,0.031140886206681907,0.22150449243327575,0.17341578768691426,0.16023826651360784,-0.11586485308821991,0.12731709200456728,0.055293110509552205,11.068711701969312,0.7996326981726318,0.9959281019137921,0.9991482254003341,0.09539672453231646,0.024701679914055565,0.20563208743108644,0.14548282255817288,0.13953952352203425,-0.09548139097114369,0.1035650506239162,0.04497773000399773,10.175746951930334,0.8969460764353441,0.9961184008243517,0.9987975435651545,0.0870907790111046,0.020397945180347564,0.18787012139778253,0.13542487672364378,0.11183797176278769,-0.01600293905996505,0.08827217425084745,0.03833611818274535,11.06871169985791,0.9804249732002626,0.9959895958848899,0.9984884117104464,0.008518647402524948,0.05687452480196953,0.0177732827141881,ok,
759xd9YjKW5,39a9ff1fe32d41b8bb16f7f102414c80,39a9ff1fe32d41b8bb16f7f102414c80_i0_1,0,1,/mnt/priorbimda-data/PriorBIMDA-Datasets/Matterport3D/v1/scans/759xd9YjKW5/undistorted_color_images/39a9ff1fe32d41b8bb16f7f102414c80_i0_1.jpg,/mnt/priorbimda-data/PriorBIMDA-Datasets/Matterport3D/v1/scans/759xd9YjKW5/undistorted_depth_images/39a9ff1fe32d41b8bb16f7f102414c80_d0_1.png,1024,1280,406,504,1.4155678118069965,1226134,0.9354660034179687,-0.14512699842453003,2.3260200023651123,1.5814599990844727,True,204624,1.0,True,,1.0,204624,1.0335081815719604,0.03295901648180146,0.9849161123219051,0.04815782307403367,log-depth Laplacian fallback,,,,0.03582944556255956,0.002703952710370194,0.062210200888070596,0.05118391346719277,0.044590015310434786,0.0009773193632931858,0.036073483600862204,0.015666514870881897,4.457930363124732,1.0,1.0,1.0,0.05091741137914203,0.0046420462796459136,0.08147300684629713,0.07173592649179426,0.056026682930393604,0.03393633579666536,0.04976825185647511,0.021614077155238415,4.457930363833454,1.0,1.0,1.0,0.05091741137914203,0.0046420462796459136,0.08147300684629713,0.07173592649179426,0.056026682930393604,0.03393633579666536,0.04976825185647511,0.021614077155238415,4.457930363833454,1.0,1.0,1.0,0.03637039616790709,0.0029828204243455797,0.06562416933763306,0.05166984729416358,0.044369266538452384,0.027500153808124393,0.03551188016025345,0.01542261359560764,3.481915211043675,1.0,1.0,1.0,0.03346825382526265,0.002888382751972934,0.06465899803963233,0.04835537795933069,0.046792794589967296,-0.014221508968893914,0.03423461487701175,0.014867904331169171,4.457930358570604,1.0,1.0,1.0,0.008488578721880913,0.05837633181363344,0.017630250193178654,ok,
759xd9YjKW5,39a9ff1fe32d41b8bb16f7f102414c80,39a9ff1fe32d41b8bb16f7f102414c80_i0_2,0,2,/mnt/priorbimda-data/PriorBIMDA-Datasets/Matterport3D/v1/scans/759xd9YjKW5/undistorted_color_images/39a9ff1fe32d41b8bb16f7f102414c80_i0_2.jpg,/mnt/priorbimda-data/PriorBIMDA-Datasets/Matterport3D/v1/scans/759xd9YjKW5/undistorted_depth_images/39a9ff1fe32d41b8bb16f7f102414c80_d0_2.png,1024,1280,406,504,1.4155678118069965,1190341,0.9081581115722657,-0.14764900505542755,2.311690092086792,1.581529974937439,True,204624,1.0,True,,1.0,204624,0.9607519507408142,-0.04003901910384126,0.9490026033882178,0.012304717975800045,log-depth Laplacian fallback,,,,0.06089179233178046,0.009590519562134133,0.1363383830307244,0.11365236928649233,0.06843890495466953,0.049540982607779685,0.05869041160631734,0.025488921901254197,4.72183730517048,0.9999579952299383,1.0,1.0,0.039357494148965756,0.003925071610591506,0.08280770516264808,0.06786886326959388,0.048164946219495665,0.009501963476557362,0.03909652425481822,0.016979404745464197,4.721837284804592,0.9999756372333642,1.0,1.0,0.039357494148965756,0.003925071610591506,0.08280770516264808,0.06786886326959388,0.048164946219495665,0.009501963476557362,0.03909652425481822,0.016979404745464197,4.721837284804592,0.9999756372333642,1.0,1.0,0.022130581301387994,0.0016307629993774385,0.057263356518500445,0.04160448828129786,0.02880891945709383,0.013300107746086073,0.02183569933583611,0.009483123730052119,2.5555057703472728,0.9999974797137963,1.0,1.0,0.03735902102909026,0.003425093248618259,0.0749741946242618,0.06182531896984159,0.04730148061197575,-0.002802733240129296,0.03756669248179349,0.01631500724819928,4.721837306038606,0.9999806778057716,1.0,1.0,0.008659429848194122,0.05719504691660404,0.017677991650998592,ok,
759xd9YjKW5,39a9ff1fe32d41b8bb16f7f102414c80,39a9ff1fe32d41b8bb16f7f102414c80_i0_3,0,3,/mnt/priorbimda-data/PriorBIMDA-Datasets/Matterport3D/v1/scans/759xd9YjKW5/undistorted_color_images/39a9ff1fe32d41b8bb16f7f102414c80_i0_3.jpg,/mnt/priorbimda-data/PriorBIMDA-Datasets/Matterport3D/v1/scans/759xd9YjKW5/undistorted_depth_images/39a9ff1fe32d41b8bb16f7f102414c80_d0_3.png,1024,1280,406,504,1.4155678118069965,1213536,0.9258544921875,-0.16131700575351715,2.3067100048065186,1.5818500518798828,True,204624,1.0,True,,1.0,204624,1.045180320739746,0.0441894262625609,1.0800007407563494,0.032772300758840946,log-depth Laplacian fallback,,,,0.07373611306438096,0.01181689783084374,0.13419205099460904,0.11744401165208897,0.09633057832949593,-0.07478817771923098,0.0781124730383789,0.0339238160083845,6.071497998625936,0.9973812066555916,1.0,1.0,0.054619641843643534,0.006771016503067092,0.11070993373131538,0.09514145512885613,0.0679896490807566,-0.030598751371883913,0.05624929433600596,0.024428758141079237,6.071498000169363,0.9999967038472695,1.0,1.0,0.054619641843643534,0.006771016503067092,0.11070993373131538,0.09514145512885613,0.0679896490807566,-0.030598751371883913,0.05624929433600596,0.024428758141079237,6.071498000169363,0.9999967038472695,1.0,1.0,0.031091753676873755,0.0024905175927621686,0.0662387962885479,0.053748911997697824,0.04049436398982831,-0.023506308049228472,0.031785242108596214,0.013804155253722233,3.2973428648466028,1.0,1.0,1.0,0.052422323817397816,0.007782799548258869,0.137183508988136,0.10749621965383828,0.060753873797998265,0.0021735653993600916,0.052318905695774444,0.022721812042891455,6.071497998779053,0.9999934076945389,1.0,1.0,0.008331215009093285,0.05834201071411371,0.01763985026627779,ok,
759xd9YjKW5,39a9ff1fe32d41b8bb16f7f102414c80,39a9ff1fe32d41b8bb16f7f102414c80_i0_4,0,4,/mnt/priorbimda-data/PriorBIMDA-Datasets/Matterport3D/v1/scans/759xd9YjKW5/undistorted_color_images/39a9ff1fe32d41b8bb16f7f102414c80_i0_4.jpg,/mnt/priorbimda-data/PriorBIMDA-Datasets/Matterport3D/v1/scans/759xd9YjKW5/undistorted_depth_images/39a9ff1fe32d41b8bb16f7f102414c80_d0_4.png,1024,1280,406,504,1.4155678118069965,1249448,0.953253173828125,-0.17246200144290924,2.3160600662231445,1.5821000337600708,True,204624,1.0,True,,1.0,204624,1.1611536741256714,0.14941405754447057,1.2166503954479322,0.04668744768795313,log-depth Laplacian fallback,,,,0.18099972990748892,0.06021105085260299,0.34395686687956417,0.333273098093798,0.20503795467069422,-0.20051970368393657,0.20057227937313876,0.0871074341545116,4.280667342889349,0.7077533438766559,1.0,1.0,0.052282620752727514,0.006200245226499103,0.10225909340997696,0.08694295856409649,0.06666482099471197,-0.05110564613456423,0.05434768628706295,0.023602900258680483,4.280667344498624,0.9998847491052049,1.0,1.0,0.052282620752727514,0.006200245226499103,0.10225909340997696,0.08694295856409649,0.06666482099471197,-0.05110564613456423,0.05434768628706295,0.023602900258680483,4.280667344498624,0.9998847491052049,1.0,1.0,0.03995249344136467,0.003886167191975252,0.08735586002600162,0.07228818746039724,0.04884930811230843,-0.03990202660757152,0.0410723736853356,0.0178375052502096,2.817948146541906,0.9999911961122031,1.0,1.0,0.03385062462415064,0.0033203547933025627,0.08274718662045046,0.06321350347954274,0.04303407925277436,-0.004418222015431111,0.034050373471667165,0.014787889305489929,4.2806673444177195,0.9996622508499754,1.0,1.0,0.007700604386627674,0.05755214486271143,0.017600059509277344,ok,
759xd9YjKW5,39a9ff1fe32d41b8bb16f7f102414c80,39a9ff1fe32d41b8bb16f7f102414c80_i0_5,0,5,/mnt/priorbimda-data/PriorBIMDA-Datasets/Matterport3D/v1/scans/759xd9YjKW5/undistorted_color_images/39a9ff1fe32d41b8bb16f7f102414c80_i0_5.jpg,/mnt/priorbimda-data/PriorBIMDA-Datasets/Matterport3D/v1/scans/759xd9YjKW5/undistorted_depth_images/39a9ff1fe32d41b8bb16f7f102414c80_d0_5.png,1024,1280,406,504,1.4155678118069965,1234534,0.9418746948242187,-0.16993899643421173,2.330389976501465,1.5820300579071045,True,204624,1.0,True,,1.0,204624,1.1805914640426636,0.16601555361253015,1.1551122489613825,0.02181802911300329,log-depth Laplacian fallback,,,,0.13123258900730156,0.03553893138455755,0.2544509352354555,0.2263464684569371,0.15681936201111796,-0.1326287911106077,0.14182651321269596,0.06159447207585247,8.367745257901227,0.9174149922156862,0.9980794372613472,0.9993106710710276,0.06277399651838544,0.024279659239365096,0.24447907596098425,0.13916328309162518,0.09009213055464536,0.033386762532126815,0.059168120968339365,0.025696388441133877,8.367745261119412,0.9811297218221612,0.9971535818373573,0.9990992552655495,0.06277399651838544,0.024279659239365096,0.24447907596098425,0.13916328309162518,0.09009213055464536,0.033386762532126815,0.059168120968339365,0.025696388441133877,8.367745261119412,0.9811297218221612,0.9971535818373573,0.9990992552655495,0.047232146235232246,0.01290164186378736,0.17435801963592812,0.10164232833909294,0.06762070617420639,0.03343159977916822,0.04509801857368061,0.019585820611319842,5.877829565157426,0.9935643732776902,0.9978923221231655,0.9992572096029757,0.05783569659070032,0.019877777553675643,0.2184405811778256,0.12426136278958323,0.08447338050937947,0.011568748641125072,0.05553270541423946,0.024117547526563032,8.367745257571407,0.990051306808885,0.9972443043285969,0.9991664871117361,0.008398403413593769,0.05881372652947903,0.017689761705696583,ok,
759xd9YjKW5,39a9ff1fe32d41b8bb16f7f102414c80,39a9ff1fe32d41b8bb16f7f102414c80_i1_0,1,0,/mnt/priorbimda-data/PriorBIMDA-Datasets/Matterport3D/v1/scans/759xd9YjKW5/undistorted_color_images/39a9ff1fe32d41b8bb16f7f102414c80_i1_0.jpg,/mnt/priorbimda-data/PriorBIMDA-Datasets/Matterport3D/v1/scans/759xd9YjKW5/undistorted_depth_images/39a9ff1fe32d41b8bb16f7f102414c80_d1_0.png,1024,1280,406,504,1.4121168655554452,1228884,0.9375640869140625,-0.15742500126361847,2.3245201110839844,1.6150000095367432,True,204624,1.0,True,,1.0,204624,1.0400893688201904,0.03930664101925189,1.3854447444532358,0.28671456220231173,log-depth Laplacian fallback,,,,0.24795399311140748,0.10626800156065207,0.4369716523711549,0.38282713279713554,0.3041963076024062,-0.270889432967575,0.2842305876844552,0.12343977581947721,13.839909199645572,0.2619970640027863,0.9878222842839519,0.9938879503679762,0.21910476455518527,0.08839826753540479,0.38835777757707246,0.3280884635195425,0.26978676427160597,-0.23158279186608216,0.2461999780251122,0.10692329190100812,13.839909207669665,0.29854974106587767,0.9884919976173504,0.9937951832719768,0.21910476455518527,0.08839826753540479,0.38835777757707246,0.3280884635195425,0.26978676427160597,-0.23158279186608216,0.2461999780251122,0.10692329190100812,13.839909207669665,0.29854974106587767,0.9884919976173504,0.9937951832719768,0.2381235585609759,0.0996641450929848,0.434083937878892,0.3758705657721885,0.2872464719683331,-0.2579734543256354,0.2705569930154596,0.11750140910695078,12.633381384868292,0.24807386213833038,0.9884936251102626,0.9939978061395542,0.09219959988300765,0.09459278506235899,0.4936798529329249,0.23730269953626024,0.1489759108764976,0.05513178171133769,0.0795308122062794,0.03453979288247092,13.839909200141298,0.9275309956025142,0.9875895527974976,0.9906028559245624,0.008298500441014767,0.05787590239197016,0.017612204886972904,ok,
759xd9YjKW5,39a9ff1fe32d41b8bb16f7f102414c80,39a9ff1fe32d41b8bb16f7f102414c80_i1_1,1,1,/mnt/priorbimda-data/PriorBIMDA-Datasets/Matterport3D/v1/scans/759xd9YjKW5/undistorted_color_images/39a9ff1fe32d41b8bb16f7f102414c80_i1_1.jpg,/mnt/priorbimda-data/PriorBIMDA-Datasets/Matterport3D/v1/scans/759xd9YjKW5/undistorted_depth_images/39a9ff1fe32d41b8bb16f7f102414c80_d1_1.png,1024,1280,406,504,1.4121168655554452,1303990,0.9948654174804688,-0.1547439992427826,2.322269916534424,1.6149400472640991,True,204624,1.0,True,,1.0,204624,1.0593093633651733,0.057617151781826866,0.9957876479898653,0.06183840074019886,log-depth Laplacian fallback,,,,0.06255935911202508,0.005888407770168251,0.07978878148248793,0.06866792560707946,0.07357659296335939,0.016662987291768874,0.06103657078633572,0.02650784588680284,7.1664913916157165,0.99983972269726,1.0,1.0,0.0834421203747331,0.011414394439686623,0.10312164406707834,0.08078443355016872,0.10321530373837452,0.07428013899709837,0.07785258854273402,0.03381094960599373,7.166491384475848,0.9959378522841433,1.0,1.0,0.0834421203747331,0.011414394439686623,0.10312164406707834,0.08078443355016872,0.10321530373837452,0.07428013899709837,0.07785258854273402,0.03381094960599373,7.166491384475848,0.9959378522841433,1.0,1.0,0.07691824951969188,0.009345374886961575,0.09537936735522075,0.07743968661803655,0.09260222609770827,0.07170659875479835,0.07243043379150692,0.0314561377175103,5.8594675297926475,0.9973987530579222,1.0,1.0,0.06219643091168156,0.005814465237113964,0.08029278071958897,0.0690998222656245,0.07273689608355041,0.012441710808543277,0.06093688812442301,0.026464554256792713,7.166491389812582,0.9998688640250308,1.0,1.0,0.007824676111340523,0.05687232408672571,0.017718780785799026,ok,
759xd9YjKW5,39a9ff1fe32d41b8bb16f7f102414c80,39a9ff1fe32d41b8bb16f7f102414c80_i1_2,1,2,/mnt/priorbimda-data/PriorBIMDA-Datasets/Matterport3D/v1/scans/759xd9YjKW5/undistorted_color_images/39a9ff1fe32d41b8bb16f7f102414c80_i1_2.jpg,/mnt/priorbimda-data/PriorBIMDA-Datasets/Matterport3D/v1/scans/759xd9YjKW5/undistorted_depth_images/39a9ff1fe32d41b8bb16f7f102414c80_d1_2.png,1024,1280,406,504,1.4121168655554452,676467,0.5161033630371094,-0.155349999666214,2.318819999694824,1.614959955215454,True,204624,1.0,True,,1.0,204624,0.9938544034957886,-0.006164558410475207,1.0243234809549997,0.030196934512207754,log-depth Laplacian fallback,,,,0.03615818717406258,0.013530008159015875,0.2061190981426067,0.09495907840883808,0.07624466933021931,-0.03237442427521022,0.03855029197111408,0.016742179078814076,6.90300387811217,0.9687390515723605,0.9957898907115942,0.9993406921549758,0.039775892391309915,0.014425346753589672,0.21184262754492122,0.10329954363598064,0.07905946759678335,-0.03853898269207411,0.04240145037237465,0.018414715921416892,6.90300386045586,0.9671306952149921,0.9957573687999562,0.9992786048691215,0.039775892391309915,0.014425346753589672,0.21184262754492122,0.10329954363598064,0.07905946759678335,-0.03853898269207411,0.04240145037237465,0.018414715921416892,6.90300386045586,0.9671306952149921,0.9957573687999562,0.9992786048691215,0.03961500560776543,0.014284731678463265,0.2110708616915448,0.10534609962503992,0.07768593730996341,-0.03287514634913947,0.04216962858517006,0.01831403699844899,7.03869988581004,0.9736099469745013,0.9959480654636516,0.9994959103696115,0.03097853699879418,0.011432099613792377,0.19039619669362157,0.07696279626058945,0.06953226814160425,-0.008342065302805322,0.03258714368112001,0.014152416681698836,6.903003881934071,0.9757371756493665,0.9958105864735456,0.9995905195671038,0.009187777526676655,0.0598258962854743,0.017684821970760822,ok,
759xd9YjKW5,39a9ff1fe32d41b8bb16f7f102414c80,39a9ff1fe32d41b8bb16f7f102414c80_i1_3,1,3,/mnt/priorbimda-data/PriorBIMDA-Datasets/Matterport3D/v1/scans/759xd9YjKW5/undistorted_color_images/39a9ff1fe32d41b8bb16f7f102414c80_i1_3.jpg,/mnt/priorbimda-data/PriorBIMDA-Datasets/Matterport3D/v1/scans/759xd9YjKW5/undistorted_depth_images/39a9ff1fe32d41b8bb16f7f102414c80_d1_3.png,1024,1280,406,504,1.4121168655554452,768223,0.5861076354980469,-0.15863800048828125,2.3176300525665283,1.6150399446487427,True,204624,1.0,True,,1.0,204624,0.9532752633094788,-0.047851578304031854,0.999513112626123,0.04736457236200962,log-depth Laplacian fallback,,,,0.03043772721005443,0.027050070369019113,0.20340349537966787,0.06517991857783684,0.09028810422435785,0.011413433296753688,0.025543626081041125,0.011093455854796146,8.956380577448158,0.9739880217072386,0.9916573703208573,0.9947059642838082,0.06173575330513441,0.030295249036951574,0.2515629659445136,0.1865519712491378,0.09669236650545221,-0.03643814508211293,0.05891545483147359,0.02558665693212927,8.956380587826528,0.9777447433883131,0.9921897678148142,0.9956301750923885,0.06173575330513441,0.030295249036951574,0.2515629659445136,0.1865519712491378,0.09669236650545221,-0.03643814508211293,0.05891545483147359,0.02558665693212927,8.956380587826528,0.9777447433883131,0.9921897678148142,0.9956301750923885,0.05617851634579802,0.030701098361857308,0.2403129984867198,0.1548251448208461,0.0985789080624171,-0.026790589820494794,0.05285434575742958,0.022954350707058226,9.486867455513694,0.9747208818272819,0.9920400716979315,0.9953424982069009,0.030414093134725383,0.027004244302291078,0.2032559194392584,0.06517484304560675,0.09022783169143006,0.010926404320954994,0.02553480960487192,0.01108962690784603,8.95638057495998,0.9740127541091584,0.9916690856691351,0.9947228864535428,0.00782533548772335,0.06348132435232401,0.01763270702213049,ok,
759xd9YjKW5,39a9ff1fe32d41b8bb16f7f102414c80,39a9ff1fe32d41b8bb16f7f102414c80_i1_4,1,4,/mnt/priorbimda-data/PriorBIMDA-Datasets/Matterport3D/v1/scans/759xd9YjKW5/undistorted_color_images/39a9ff1fe32d41b8bb16f7f102414c80_i1_4.jpg,/mnt/priorbimda-data/PriorBIMDA-Datasets/Matterport3D/v1/scans/759xd9YjKW5/undistorted_depth_images/39a9ff1fe32d41b8bb16f7f102414c80_d1_4.png,1024,1280,406,504,1.4121168655554452,1089437,0.8311744689941406,-0.16131900250911713,2.3198800086975098,1.6151000261306763,True,204624,1.0,True,,1.0,204624,1.0030717849731445,0.0030670766811269055,1.0590388934531876,0.05429471584842882,log-depth Laplacian fallback,,,,0.056502294050912366,0.02344584439154425,0.3508161549629401,0.2656154721123169,0.06830868367882298,-0.04994799358965205,0.05778876906826281,0.025097343522327873,4.65969334001882,0.9937490648839722,0.9988599616132002,0.999988067231056,0.0539430151211042,0.022230518625749762,0.3419142966546016,0.2540030052199525,0.06609912676390986,-0.04688091679861358,0.05506013296193825,0.023912311918229127,4.659693336554344,0.9937426395468485,0.9988471109389528,0.9999816418939323,0.0539430151211042,0.022230518625749762,0.3419142966546016,0.2540030052199525,0.06609912676390986,-0.04688091679861358,0.05506013296193825,0.023912311918229127,4.659693336554344,0.9937426395468485,0.9988471109389528,0.9999816418939323,0.041773492353191645,0.015778194019327552,0.27916441322062047,0.17659822595828897,0.056889340807974434,-0.032586159664568216,0.042292451980162245,0.01836737852114273,4.66319557372531,0.9935746628763297,0.9988489467495596,0.999961447977258,0.027049947070908326,0.013295284586040523,0.26343118027666,0.10961558957013808,0.04718303079161549,0.0074137838532782625,0.026149578666945273,0.011356617719149323,4.659693341475816,0.99141942122399,0.9985276798933761,0.99987241116283,0.008295743726193905,0.058699640445411205,0.017680754885077477,ok,
759xd9YjKW5,39a9ff1fe32d41b8bb16f7f102414c80,39a9ff1fe32d41b8bb16f7f102414c80_i1_5,1,5,/mnt/priorbimda-data/PriorBIMDA-Datasets/Matterport3D/v1/scans/759xd9YjKW5/undistorted_color_images/39a9ff1fe32d41b8bb16f7f102414c80_i1_5.jpg,/mnt/priorbimda-data/PriorBIMDA-Datasets/Matterport3D/v1/scans/759xd9YjKW5/undistorted_depth_images/39a9ff1fe32d41b8bb16f7f102414c80_d1_5.png,1024,1280,406,504,1.4121168655554452,1206603,0.9205650329589844,-0.16071200370788574,2.323319911956787,1.6150799989700317,True,204624,1.0,True,,1.0,204624,1.004894733428955,0.004882793168361859,1.024720373308707,0.019536975675448823,log-depth Laplacian fallback,,,,0.05400319281293485,0.04726597777501767,0.3682101045606677,0.1631274505427924,0.11022846591415918,-0.010694056022843972,0.05063414744228914,0.02199013083006182,10.970848583208696,0.9708785739800083,0.9844737664335328,0.9888472016064936,0.052123912043877126,0.047378362135560896,0.36683298043665996,0.15587025167362692,0.10986228934803365,-0.005811262805556943,0.048495890577619785,0.021061497672844178,10.970848574926105,0.9707202783351276,0.9843933754515777,0.9889400241835964,0.052123912043877126,0.047378362135560896,0.36683298043665996,0.15587025167362692,0.10986228934803365,-0.005811262805556943,0.048495890577619785,0.021061497672844178,10.970848574926105,0.9707202783351276,0.9843933754515777,0.9889400241835964,0.05280829113070704,0.04497800832391538,0.3638715486945506,0.1604367395901281,0.1090709829464173,-0.013103553610225334,0.049943176163431025,0.021690045816500116,10.82810057382254,0.9695268452009485,0.9845549861884978,0.9902005879315732,0.04857989795219288,0.049458062251020965,0.36949998284777075,0.1411981378987471,0.11056377609495566,0.013725768511385069,0.043981354032430205,0.019100859362917777,10.970848583016428,0.969961122258108,0.9840519209715208,0.9893502668234705,0.007884987629950047,0.05852511711418629,0.01764095574617386,ok,
759xd9YjKW5,39a9ff1fe32d41b8bb16f7f102414c80,39a9ff1fe32d41b8bb16f7f102414c80_i2_0,2,0,/mnt/priorbimda-data/PriorBIMDA-Datasets/Matterport3D/v1/scans/759xd9YjKW5/undistorted_color_images/39a9ff1fe32d41b8bb16f7f102414c80_i2_0.jpg,/mnt/priorbimda-data/PriorBIMDA-Datasets/Matterport3D/v1/scans/759xd9YjKW5/undistorted_depth_images/39a9ff1fe32d41b8bb16f7f102414c80_d2_0.png,1024,1280,406,504,1.4165615917841592,1221270,0.9317550659179688,-0.15474699437618256,2.3354299068450928,1.6481900215148926,True,204624,1.0,True,,1.0,204624,1.0375531911849976,0.03686524042057178,1.0319838290677943,0.005382242991920083,log-depth Laplacian fallback,,,,0.047913361880039876,0.008139295727842322,0.117134931677837,0.07281932074911575,0.07114588394865572,-0.033882454808175186,0.048641184645120655,0.021124598084613082,6.255969995937924,0.9893094893021199,0.9973371981625685,0.9999222121234452,0.04072552503921898,0.006705123686470453,0.10298219010515344,0.05882683609375252,0.06263076783564826,0.0029827856490656423,0.03989610970401064,0.01732666029385859,6.255970004287585,0.9870266198301768,0.9967869512884129,0.999917299204926,0.04072552503921898,0.006705123686470453,0.10298219010515344,0.05882683609375252,0.06263076783564826,0.0029827856490656423,0.03989610970401064,0.01732666029385859,6.255970004287585,0.9870266198301768,0.9967869512884129,0.999917299204926,0.0683300308979221,0.011287403990517749,0.12779476717894275,0.09066989483720045,0.08805507841077731,0.020815401716983605,0.06625243455696843,0.0287730667407477,8.555942896775747,0.9877013273068199,0.9969777362909102,0.9999222121234452,0.04030503265832396,0.006681967937713101,0.10351207238728405,0.05886933777027701,0.06260569739054746,-0.002399434789363021,0.0396934990722046,0.017238667614490295,6.255969995491023,0.9873140255635527,0.996858188606942,0.9999181180246792,0.009504233486950397,0.05870691500604153,0.01765984296798706,ok,
759xd9YjKW5,39a9ff1fe32d41b8bb16f7f102414c80,39a9ff1fe32d41b8bb16f7f102414c80_i2_1,2,1,/mnt/priorbimda-data/PriorBIMDA-Datasets/Matterport3D/v1/scans/759xd9YjKW5/undistorted_color_images/39a9ff1fe32d41b8bb16f7f102414c80_i2_1.jpg,/mnt/priorbimda-data/PriorBIMDA-Datasets/Matterport3D/v1/scans/759xd9YjKW5/undistorted_depth_images/39a9ff1fe32d41b8bb16f7f102414c80_d2_1.png,1024,1280,406,504,1.4165615917841592,1165264,0.88902587890625,-0.14360100030899048,2.326080083847046,1.6479400396347046,True,204624,1.0,True,,1.0,204624,1.0791480541229248,0.07617189106403263,1.0411272097358717,0.035867909342806634,log-depth Laplacian fallback,,,,0.04767304794373725,0.004770777774651885,0.08293973652548803,0.0656862911271976,0.06102010324277388,-0.04801846643740604,0.04945516317385709,0.021478104468031042,3.7652089991904734,0.9969131458622252,1.0,1.0,0.04111597463762236,0.0028071852407944953,0.060290744495836886,0.051310674854888494,0.0470137765992505,0.02815342457440051,0.04033244733583919,0.017516159319608465,3.7652089913546303,0.9996910571338341,1.0,1.0,0.04111597463762236,0.0028071852407944953,0.060290744495836886,0.051310674854888494,0.0470137765992505,0.02815342457440051,0.04033244733583919,0.017516159319608465,3.7652089913546303,0.9996910571338341,1.0,1.0,0.03024196547874305,0.0018822993907285132,0.05005507380193193,0.03774996344461229,0.03930802457835407,0.010158029769974571,0.0301233302902428,0.013082396121601525,3.7972822221225515,0.9983368575704733,1.0,1.0,0.027461559201600542,0.0018995065658220863,0.05149659645640841,0.03631696807713343,0.03843427150808078,-0.007714489353363978,0.02784824570853145,0.012094339441901119,3.7652089986794937,0.9990457098133985,1.0,1.0,0.008080084808170795,0.058547177352011204,0.017691715620458126,ok,
759xd9YjKW5,39a9ff1fe32d41b8bb16f7f102414c80,39a9ff1fe32d41b8bb16f7f102414c80_i2_2,2,2,/mnt/priorbimda-data/PriorBIMDA-Datasets/Matterport3D/v1/scans/759xd9YjKW5/undistorted_color_images/39a9ff1fe32d41b8bb16f7f102414c80_i2_2.jpg,/mnt/priorbimda-data/PriorBIMDA-Datasets/Matterport3D/v1/scans/759xd9YjKW5/undistorted_depth_images/39a9ff1fe32d41b8bb16f7f102414c80_d2_2.png,1024,1280,406,504,1.4165615917841592,830496,0.6336181640625,-0.146123006939888,2.3117499351501465,1.648010015487671,True,204624,1.0,True,,1.0,204624,1.0050175189971924,0.005004973197108722,1.0504815450114764,0.04424370013757287,log-depth Laplacian fallback,,,,0.08535420232925613,0.030893041980662988,0.2508962559675869,0.15346254871038775,0.13136602748443188,-0.060050737272352765,0.08667702496151629,0.03764335364857695,11.683724633047191,0.9532472161214504,0.9873063807652295,0.9931269988055331,0.08171493046915987,0.02996832838288996,0.24609132782960838,0.14528916460787283,0.12915486166814188,-0.05504576416534057,0.08261967552533162,0.035881269177288684,11.683724637276665,0.9543200689708319,0.9873087889646669,0.9931643258968135,0.08171493046915987,0.02996832838288996,0.24609132782960838,0.14528916460787283,0.12915486166814188,-0.05504576416534057,0.08261967552533162,0.035881269177288684,11.683724637276665,0.9543200689708319,0.9873087889646669,0.9931643258968135,0.07786740276260304,0.029019681032959977,0.23671652210596877,0.13092508169676736,0.12787276775768364,-0.03792030526431027,0.07688906660881556,0.03339249734690018,12.21208220684418,0.9554639637036181,0.9871992158902632,0.993110141409471,0.06013813294133568,0.025558749607691063,0.21773553021271683,0.10035617428754998,0.11733552936519667,-0.010802051738821155,0.05801581804771605,0.025195949641226175,11.68372463285692,0.9611798250683928,0.9871763379956074,0.9935038820174932,0.008547878824174404,0.05952760297805071,0.017639032565057278,ok,
759xd9YjKW5,39a9ff1fe32d41b8bb16f7f102414c80,39a9ff1fe32d41b8bb16f7f102414c80_i2_3,2,3,/mnt/priorbimda-data/PriorBIMDA-Datasets/Matterport3D/v1/scans/759xd9YjKW5/undistorted_color_images/39a9ff1fe32d41b8bb16f7f102414c80_i2_3.jpg,/mnt/priorbimda-data/PriorBIMDA-Datasets/Matterport3D/v1/scans/759xd9YjKW5/undistorted_depth_images/39a9ff1fe32d41b8bb16f7f102414c80_d2_3.png,1024,1280,406,504,1.4165615917841592,1040619,0.7939292907714843,-0.1597909927368164,2.306770086288452,1.6483299732208252,True,204624,1.0,True,,1.0,204624,1.0259661674499512,0.025634771009904734,1.01528841716731,0.010462044035855253,log-depth Laplacian fallback,,,,0.06292555605672391,0.024899458931216322,0.18297152354100532,0.09588383079857819,0.10506237995251619,0.01141836423812023,0.05741843250689032,0.02493650839727675,10.444005285048688,0.968019034824465,0.9898550766418833,0.9946416507866952,0.06368265217780045,0.027569361333520295,0.18975983258702575,0.08949293856326751,0.11081813697037937,0.037053135230174956,0.056572853145068214,0.02456927794642614,10.444005290691944,0.9634803900370837,0.988916212369753,0.9943495169701879,0.06368265217780045,0.027569361333520295,0.18975983258702575,0.08949293856326751,0.11081813697037937,0.037053135230174956,0.056572853145068214,0.02456927794642614,10.444005290691944,0.9634803900370837,0.988916212369753,0.9943495169701879,0.053465908805338594,0.024632550009386273,0.18292640678022848,0.08185160531948275,0.10070922395704536,0.01748242284472217,0.047951702172707375,0.020825159651474988,9.918020307253183,0.9661634085097428,0.9893755543575506,0.9945705392655717,0.06225949876608143,0.026147257467247352,0.18501424547157327,0.08930551404571503,0.10777204490707527,0.02659114542574434,0.0558071123420699,0.024236720941115827,10.44400528935119,0.9650506093008104,0.9892362142148087,0.9944629110173848,0.008118461817502975,0.05856970697641373,0.017667570151388645,ok,
759xd9YjKW5,39a9ff1fe32d41b8bb16f7f102414c80,39a9ff1fe32d41b8bb16f7f102414c80_i2_4,2,4,/mnt/priorbimda-data/PriorBIMDA-Datasets/Matterport3D/v1/scans/759xd9YjKW5/undistorted_color_images/39a9ff1fe32d41b8bb16f7f102414c80_i2_4.jpg,/mnt/priorbimda-data/PriorBIMDA-Datasets/Matterport3D/v1/scans/759xd9YjKW5/undistorted_depth_images/39a9ff1fe32d41b8bb16f7f102414c80_d2_4.png,1024,1280,406,504,1.4165615917841592,1228372,0.9371734619140625,-0.1709360033273697,2.316119909286499,1.6485799551010132,True,204624,1.0,True,,1.0,204624,1.167977213859558,0.15527337553385331,1.1337320690902,0.029758468788161407,log-depth Laplacian fallback,,,,0.11679045538775583,0.03574721856874693,0.31695523616466204,0.29057691194144997,0.12736138671221722,-0.12186909491629608,0.12429531045420834,0.05398076745671426,3.699792601676155,0.9986616432155732,0.9999991859143647,1.0,0.03722411271391168,0.00619969279084306,0.12533124585164673,0.08918630925109546,0.049846689782575504,0.03340428040308315,0.03595304061752403,0.01561420714783416,3.699792606393651,0.9940441494921733,0.9992575539006099,1.0,0.03722411271391168,0.00619969279084306,0.12533124585164673,0.08918630925109546,0.049846689782575504,0.03340428040308315,0.03595304061752403,0.01561420714783416,3.699792606393651,0.9940441494921733,0.9992575539006099,1.0,0.03330449949898885,0.006037128274412431,0.13514722841051383,0.08796340621907671,0.045240598192825325,0.01984194565157781,0.03249216369403443,0.014111167397416328,4.065721236883442,0.9948574210418343,0.9993096553812688,1.0,0.02192701451811436,0.0033948200259510623,0.09252724898236057,0.052152885835080834,0.03717712394128211,0.0036458218598687977,0.02146753702136936,0.00932323286843448,3.6997925989324774,0.9950080268843641,0.9993015145249159,1.0,0.008109474554657936,0.05947449803352356,0.01762517262250185,ok,
759xd9YjKW5,39a9ff1fe32d41b8bb16f7f102414c80,39a9ff1fe32d41b8bb16f7f102414c80_i2_5,2,5,/mnt/priorbimda-data/PriorBIMDA-Datasets/Matterport3D/v1/scans/759xd9YjKW5/undistorted_color_images/39a9ff1fe32d41b8bb16f7f102414c80_i2_5.jpg,/mnt/priorbimda-data/PriorBIMDA-Datasets/Matterport3D/v1/scans/759xd9YjKW5/undistorted_depth_images/39a9ff1fe32d41b8bb16f7f102414c80_d2_5.png,1024,1280,406,504,1.4165615917841592,1226067,0.9354148864746094,-0.16841399669647217,2.3304500579833984,1.6485099792480469,True,204624,1.0,True,,1.0,204624,1.0398354530334473,0.03906248239838571,1.0903993698037566,0.047481541052033505,log-depth Laplacian fallback,,,,0.09167746318028963,0.02591346079880325,0.22706488210455888,0.18890176974073225,0.10941850288354092,-0.07417032126672948,0.09312182752594304,0.04044229583926339,8.044359649136524,0.9826738669257064,0.9933502818361476,0.9978965260462928,0.06062636450483746,0.018655964653660807,0.18017079252275156,0.11931506548464973,0.0877709094665409,-0.03510783876599674,0.0591018809260854,0.025667620756301933,8.044359642485222,0.9802735087071098,0.9925134597048938,0.9974030782983312,0.06062636450483746,0.018655964653660807,0.18017079252275156,0.11931506548464973,0.0877709094665409,-0.03510783876599674,0.0591018809260854,0.025667620756301933,8.044359642485222,0.9802735087071098,0.9925134597048938,0.9974030782983312,0.062340755610030975,0.01823826705480299,0.18506553675099238,0.12484092472414877,0.08766536467907021,-0.03923471779480961,0.061325622595636516,0.026633379492566306,7.839549147671709,0.9811657927340023,0.9930762348224037,0.997833723605643,0.037357164341694116,0.01785784974839718,0.16724685692179997,0.06458852205559254,0.08138968641538777,0.012373715682705094,0.033670122078082884,0.014622748223520247,8.044359648224795,0.9769833133099578,0.9913838313893123,0.996470013465822,0.007577653042972088,0.05890307575464249,0.01769538875669241,ok,
759xd9YjKW5,4acd978965a24452ac39f4964cbd69c8,4acd978965a24452ac39f4964cbd69c8_i0_0,0,0,/mnt/priorbimda-data/PriorBIMDA-Datasets/Matterport3D/v1/scans/759xd9YjKW5/undistorted_color_images/4acd978965a24452ac39f4964cbd69c8_i0_0.jpg,/mnt/priorbimda-data/PriorBIMDA-Datasets/Matterport3D/v1/scans/759xd9YjKW5/undistorted_depth_images/4acd978965a24452ac39f4964cbd69c8_d0_0.png,1024,1280,406,504,1.4155678118069965,882530,0.6733169555664062,0.3901509940624237,-0.5107640027999878,1.5925699472427368,True,204624,1.0,True,,1.0,204624,0.9845564961433411,-0.015563996928990383,0.9261408866860704,0.061164913530592224,log-depth Laplacian fallback,,,,0.07953726548669897,0.01420924934055491,0.1568042783570932,0.13093755700309348,0.08776163172094589,0.06281585239869147,0.07581602751935063,0.03292648239147907,6.128843846720802,0.999385856571448,1.0,1.0,0.06993895208407683,0.010718463606758414,0.1356425344650868,0.11418082952315685,0.07738869774862914,0.047251855370444004,0.06737879133828979,0.02926223727552987,6.128843857759241,0.9999490102319468,1.0,1.0,0.06993895208407683,0.010718463606758414,0.1356425344650868,0.11418082952315685,0.07738869774862914,0.047251855370444004,0.06737879133828979,0.02926223727552987,6.128843857759241,0.9999490102319468,1.0,1.0,0.05235938058893048,0.00697388939925224,0.10760614685031072,0.08526966815837529,0.06353483062719135,0.04023889424603612,0.05063045597761826,0.02198852764732512,4.916814103341935,1.0,1.0,1.0,0.050292134355200344,0.005411830861129019,0.09033732170423805,0.07560988378588536,0.06284779501334356,-0.013913038918916624,0.051247708056430565,0.022256596819096624,6.128843843727758,1.0,1.0,1.0,0.008622524328529835,0.0582672655582428,0.0176430968567729,ok,
759xd9YjKW5,4acd978965a24452ac39f4964cbd69c8,4acd978965a24452ac39f4964cbd69c8_i0_1,0,1,/mnt/priorbimda-data/PriorBIMDA-Datasets/Matterport3D/v1/scans/759xd9YjKW5/undistorted_color_images/4acd978965a24452ac39f4964cbd69c8_i0_1.jpg,/mnt/priorbimda-data/PriorBIMDA-Datasets/Matterport3D/v1/scans/759xd9YjKW5/undistorted_depth_images/4acd978965a24452ac39f4964cbd69c8_d0_1.png,1024,1280,406,504,1.4155678118069965,200966,0.15332489013671874,0.39206498861312866,-0.5251849889755249,1.592329978942871,True,204624,1.0,True,,1.0,204624,0.936664879322052,-0.06542971352137342,0.892771151599799,0.04799528663198076,log-depth Laplacian fallback,,,,0.14207493170267452,0.06224524455200947,0.39956882012731343,0.3057164738832959,0.1461196773128436,0.12981352956936051,0.130861605498963,0.05683247316119986,6.70776239796424,0.8984803399580028,0.9996019227132947,0.999890528746156,0.07493224568417602,0.02607429382876695,0.2661441711953353,0.1763035587428649,0.09297678964335236,0.0643838160077124,0.07071430918752335,0.03071083427174181,6.707762405354882,0.9977807191266185,0.9996467064080491,0.9999303364748265,0.07493224568417602,0.02607429382876695,0.2661441711953353,0.1763035587428649,0.09297678964335236,0.0643838160077124,0.07071430918752335,0.03071083427174181,6.707762405354882,0.9977807191266185,0.9996467064080491,0.9999303364748265,0.08116111221104302,0.03330801538538287,0.30171873362260787,0.19465373523789375,0.10314769457068029,0.07136064059353672,0.07578956790317411,0.03291499112618033,7.447889546258342,0.9885552780072251,0.9996467064080491,0.9999303364748265,0.05317996651356139,0.012861153459322113,0.18602293453978738,0.12036437276309365,0.06905063761084124,0.016388499451974528,0.051892584390419265,0.02253666305245791,6.707762399024247,0.9978304787874566,0.9985818496661126,0.9999601922713295,0.008832749910652637,0.05832191649824381,0.017855585552752018,ok,
759xd9YjKW5,4acd978965a24452ac39f4964cbd69c8,4acd978965a24452ac39f4964cbd69c8_i0_2,0,2,/mnt/priorbimda-data/PriorBIMDA-Datasets/Matterport3D/v1/scans/759xd9YjKW5/undistorted_color_images/4acd978965a24452ac39f4964cbd69c8_i0_2.jpg,/mnt/priorbimda-data/PriorBIMDA-Datasets/Matterport3D/v1/scans/759xd9YjKW5/undistorted_depth_images/4acd978965a24452ac39f4964cbd69c8_d0_2.png,1024,1280,406,504,1.4155678118069965,169907,0.12962875366210938,0.3805370032787323,-0.5340589880943298,1.5925699472427368,True,204624,1.0,True,,1.0,204624,0.9996586441993713,-0.0003414140757820586,0.8562962524344567,0.15479745934710812,log-depth Laplacian fallback,,,,0.14920424900318255,0.041409198043085474,0.2714188052340921,0.2372933776741493,0.14706447640761566,0.13695603179059862,0.13777541347906277,0.05983510181589585,5.358176534249955,0.9782469233168734,1.0,1.0,0.14881614469066176,0.04121986937184661,0.2708081808871142,0.2366803955207963,0.14674658238678276,0.13661461799089605,0.1374381832918097,0.05968864460644067,5.358176549351808,0.978252808889569,1.0,1.0,0.14881614469066176,0.04121986937184661,0.2708081808871142,0.2366803955207963,0.14674658238678276,0.13661461799089605,0.1374381832918097,0.05968864460644067,5.358176549351808,0.978252808889569,1.0,1.0,0.13851250880263602,0.03814983420584601,0.26605085490514396,0.2248629591579177,0.1383441280387761,0.12794363581230978,0.12840120828095566,0.05576393622612918,5.262626547586594,0.973662062186961,1.0,1.0,0.04299758251907636,0.004726349114630381,0.08762816224380224,0.06930690354805619,0.05658287537139682,-0.018182854708061,0.043949335609622664,0.019086953938573223,5.358176536808552,0.9972632086965222,1.0,1.0,0.007642976939678192,0.05682611372321844,0.01688530668616295,ok,
759xd9YjKW5,4acd978965a24452ac39f4964cbd69c8,4acd978965a24452ac39f4964cbd69c8_i0_3,0,3,/mnt/priorbimda-data/PriorBIMDA-Datasets/Matterport3D/v1/scans/759xd9YjKW5/undistorted_color_images/4acd978965a24452ac39f4964cbd69c8_i0_3.jpg,/mnt/priorbimda-data/PriorBIMDA-Datasets/Matterport3D/v1/scans/759xd9YjKW5/undistorted_depth_images/4acd978965a24452ac39f4964cbd69c8_d0_3.png,1024,1280,406,504,1.4155678118069965,504174,0.38465423583984376,0.3670949935913086,-0.5285109877586365,1.59306001663208,True,204624,1.0,True,,1.0,204624,1.0733673572540283,0.07080076969079023,1.0373068749227852,0.03417295854787723,log-depth Laplacian fallback,,,,0.05680787016669267,0.00776437869402806,0.12497636165717313,0.09994663446103064,0.06814217194447292,-0.03463659909239878,0.058370783164646674,0.025350109032777287,5.868271977867549,0.9993038117792666,1.0,1.0,0.05620125408170808,0.007120851948872847,0.10255324070655707,0.0801673303891569,0.06893118896357782,0.03616417049622033,0.054145745071998215,0.02351519830330902,5.868271963919856,0.9975127634507135,1.0,1.0,0.05620125408170808,0.007120851948872847,0.10255324070655707,0.0801673303891569,0.06893118896357782,0.03616417049622033,0.054145745071998215,0.02351519830330902,5.868271963919856,0.9975127634507135,1.0,1.0,0.04039766202203049,0.004609650025836322,0.08648135629529434,0.062355115583343244,0.05424798096663028,0.016516824880074582,0.039325984274028905,0.017079057965624814,5.167240980288058,0.9978955678000055,1.0,1.0,0.04792655415619797,0.005350335129191312,0.09549453710982934,0.07603495981824192,0.05871649376467728,0.0019912408899011524,0.04762215501633005,0.020682039139933408,5.868271977111978,0.9978876340311084,1.0,1.0,0.007946440950036049,0.05955291818827391,0.01687903329730034,ok,
759xd9YjKW5,4acd978965a24452ac39f4964cbd69c8,4acd978965a24452ac39f4964cbd69c8_i0_4,0,4,/mnt/priorbimda-data/PriorBIMDA-Datasets/Matterport3D/v1/scans/759xd9YjKW5/undistorted_color_images/4acd978965a24452ac39f4964cbd69c8_i0_4.jpg,/mnt/priorbimda-data/PriorBIMDA-Datasets/Matterport3D/v1/scans/759xd9YjKW5/undistorted_depth_images/4acd978965a24452ac39f4964cbd69c8_d0_4.png,1024,1280,406,504,1.4155678118069965,1097506,0.8373306274414063,0.36518099904060364,-0.5140900015830994,1.5932999849319458,True,204624,1.0,True,,1.0,204624,1.1702606678009033,0.15722651698721674,1.1815292815246246,0.009583083697628586,log-depth Laplacian fallback,,,,0.1533688769862676,0.04643864981894282,0.3139441528648351,0.2964282195961496,0.1694531147144875,-0.1668854145062297,0.16691659184697616,0.07249095477723907,2.938735291796722,0.9710261265086478,1.0,1.0,0.02383817628504198,0.0016353571585435564,0.05705135300162487,0.042992059121079056,0.030933975197804463,-0.00965889757251124,0.024042844439034,0.010441674669130761,2.9387353048924263,0.9999735764542518,1.0,1.0,0.02383817628504198,0.0016353571585435564,0.05705135300162487,0.042992059121079056,0.030933975197804463,-0.00965889757251124,0.024042844439034,0.010441674669130761,2.9387353048924263,0.9999735764542518,1.0,1.0,0.02052482403543841,0.0015111870829625678,0.060729711794993126,0.04290707503594707,0.02616003968579375,-0.0010532787910695865,0.020597543479765626,0.008945399474024516,2.6138827061492007,0.9999936219027504,1.0,1.0,0.02269175475125888,0.0015135698071858511,0.054175881395128966,0.040416191866887455,0.029387450763625183,-7.581212957440094e-05,0.02267579842131492,0.00984797412712754,2.938735297548086,0.999970842984002,1.0,1.0,0.008708931505680084,0.057503703981637955,0.016767160035669804,ok,
759xd9YjKW5,4acd978965a24452ac39f4964cbd69c8,4acd978965a24452ac39f4964cbd69c8_i0_5,0,5,/mnt/priorbimda-data/PriorBIMDA-Datasets/Matterport3D/v1/scans/759xd9YjKW5/undistorted_color_images/4acd978965a24452ac39f4964cbd69c8_i0_5.jpg,/mnt/priorbimda-data/PriorBIMDA-Datasets/Matterport3D/v1/scans/759xd9YjKW5/undistorted_depth_images/4acd978965a24452ac39f4964cbd69c8_d0_5.png,1024,1280,406,504,1.4155678118069965,1244402,0.9494033813476562,0.3767099976539612,-0.5052160024642944,1.59306001663208,True,204624,1.0,True,,1.0,204624,1.0531206130981445,0.051757768945777584,1.0520126618700953,0.0010526187045020174,log-depth Laplacian fallback,,,,0.05911579118191957,0.00754588956298185,0.10833983652619698,0.09634421178430774,0.07546945912556213,-0.058362526470400536,0.06179336156304362,0.0268365159450824,4.784824724790544,0.9999927676104667,1.0,1.0,0.03789790492105853,0.004143522148529808,0.09394106932754365,0.07194380306090892,0.04830194165656336,-0.006604757437278604,0.03825416252726759,0.01661357169542247,4.784824706286285,0.9999590164593114,1.0,1.0,0.03789790492105853,0.004143522148529808,0.09394106932754365,0.07194380306090892,0.04830194165656336,-0.006604757437278604,0.03825416252726759,0.01661357169542247,4.784824706286285,0.9999590164593114,1.0,1.0,0.01670916711189063,0.0009181228156988781,0.043346636792690574,0.0303757558375897,0.02243746001028229,-0.005139011470565723,0.016767355491834092,0.007281969966213736,2.1841020416143815,0.9999903568139556,1.0,1.0,0.03784988478696378,0.004112527989046371,0.09308355790248263,0.07143355686374767,0.048457093167798934,-0.0076573571087952,0.03824600702089261,0.01661002980400669,4.784824720280911,0.9999590164593114,1.0,1.0,0.00796770304441452,0.06171995121985674,0.016693994402885437,ok,
759xd9YjKW5,4acd978965a24452ac39f4964cbd69c8,4acd978965a24452ac39f4964cbd69c8_i1_0,1,0,/mnt/priorbimda-data/PriorBIMDA-Datasets/Matterport3D/v1/scans/759xd9YjKW5/undistorted_color_images/4acd978965a24452ac39f4964cbd69c8_i1_0.jpg,/mnt/priorbimda-data/PriorBIMDA-Datasets/Matterport3D/v1/scans/759xd9YjKW5/undistorted_depth_images/4acd978965a24452ac39f4964cbd69c8_d1_0.png,1024,1280,406,504,1.4121168655554452,620289,0.47324295043945314,0.382423996925354,-0.5179250240325928,1.6259900331497192,True,204624,1.0,True,,1.0,204624,1.0691827535629272,0.06689457492706319,1.1466787447702997,0.06997514096457258,log-depth Laplacian fallback,,,,0.1614829313821251,0.09057905760712207,0.4932053749803295,0.31766428270515146,0.25084785366315987,-0.18793361649878498,0.1879508778547357,0.08162602912118382,16.614933486806887,0.8123149048266212,0.9583033070068951,0.9598541969952715,0.10367317558947171,0.06474477236916562,0.4342943039076172,0.221537614231402,0.20556276667715023,-0.12103904160426142,0.12125372152553969,0.05265982216877545,16.61493347909837,0.8419865578786663,0.9583033070068951,0.9608843619667606,0.10367317558947171,0.06474477236916562,0.4342943039076172,0.221537614231402,0.20556276667715023,-0.12103904160426142,0.12125372152553969,0.05265982216877545,16.61493347909837,0.8419865578786663,0.9583033070068951,0.9608843619667606,0.08910402428922672,0.06357785625383992,0.42622724648328764,0.1906440547371783,0.20853188869580663,-0.09914507867691724,0.10700271013435751,0.046470686560044626,18.345517702476585,0.8391008062370927,0.9583033070068951,0.9640522401654713,0.07699070319211042,0.04906637157154785,0.38840653825990074,0.16258272513528343,0.17381924123345582,-0.051063951702812804,0.08863415608272339,0.038493324894878306,16.614933481500042,0.8485173846384508,0.9585644755912164,0.9736058514660102,0.009120997972786427,0.05661529954522848,0.017210906371474266,ok,
759xd9YjKW5,4acd978965a24452ac39f4964cbd69c8,4acd978965a24452ac39f4964cbd69c8_i1_1,1,1,/mnt/priorbimda-data/PriorBIMDA-Datasets/Matterport3D/v1/scans/759xd9YjKW5/undistorted_color_images/4acd978965a24452ac39f4964cbd69c8_i1_1.jpg,/mnt/priorbimda-data/PriorBIMDA-Datasets/Matterport3D/v1/scans/759xd9YjKW5/undistorted_depth_images/4acd978965a24452ac39f4964cbd69c8_d1_1.png,1024,1280,406,504,1.4121168655554452,179485,0.13693618774414062,0.38288500905036926,-0.5213950276374817,1.6259299516677856,True,204624,1.0,True,,1.0,204624,0.7996087074279785,-0.22363278668534667,1.0058860185124128,0.2295015502662521,log-depth Laplacian fallback,,,,0.04971436949807005,0.024416887130382814,0.18276569531088196,0.0818312286058734,0.10404340135060403,0.024458394481594776,0.043585825312559764,0.01892908342244378,10.112772272718082,0.9483800874724907,0.9884280023400284,0.994523219210519,0.19405979428050377,0.10461620396931445,0.5223873745764864,0.4945068516578369,0.2233769344526984,-0.19917439219894484,0.2143909600346333,0.09310881091298184,10.112772289370517,0.39781597347967795,0.9942557873917041,0.9994038499038916,0.19405979428050377,0.10461620396931445,0.5223873745764864,0.4945068516578369,0.2233769344526984,-0.19917439219894484,0.2143909600346333,0.09310881091298184,10.112772289370517,0.39781597347967795,0.9942557873917041,0.9994038499038916,0.2131469747248625,0.12587069469291878,0.572005620580892,0.539132455584033,0.25294737472037643,-0.2299354972857367,0.24038832553705483,0.10439932329470548,10.541366830677843,0.3921664763072123,0.9956486614480319,0.9997994261358888,0.04949891084176182,0.025182486440469352,0.18532296429094472,0.08034591321928984,0.1055772532768191,0.03032721711039659,0.043079714714643384,0.018709282382535938,10.112772276589876,0.9467476390784745,0.9881884280023401,0.9943003593615065,0.008792293258011341,0.057661181315779686,0.01667081844061613,ok,
759xd9YjKW5,4acd978965a24452ac39f4964cbd69c8,4acd978965a24452ac39f4964cbd69c8_i1_2,1,2,/mnt/priorbimda-data/PriorBIMDA-Datasets/Matterport3D/v1/scans/759xd9YjKW5/undistorted_color_images/4acd978965a24452ac39f4964cbd69c8_i1_2.jpg,/mnt/priorbimda-data/PriorBIMDA-Datasets/Matterport3D/v1/scans/759xd9YjKW5/undistorted_depth_images/4acd978965a24452ac39f4964cbd69c8_d1_2.png,1024,1280,406,504,1.4121168655554452,198817,0.15168533325195313,0.3801119923591614,-0.5235289931297302,1.6259900331497192,True,204624,1.0,True,,1.0,204624,0.8637392520904541,-0.14648434728829357,1.0085869285434708,0.1550346178642752,log-depth Laplacian fallback,,,,0.0980757135194631,0.02044876542965962,0.16046439765883685,0.12814674013572375,0.11483155852268669,0.024973740727618828,0.09367871778842404,0.04068415020728457,11.208300097168568,0.9846894380259233,0.9948595945014762,0.9971380716940704,0.12089397420580261,0.04418643037216728,0.2970886610171186,0.23450059430217643,0.16531009240886868,-0.12151060682731056,0.13176227087001194,0.05722362716188777,11.208300085511382,0.6744091300039735,0.996212597514297,0.999310924116147,0.12089397420580261,0.04418643037216728,0.2970886610171186,0.23450059430217643,0.16531009240886868,-0.12151060682731056,0.13176227087001194,0.05722362716188777,11.208300085511382,0.6744091300039735,0.996212597514297,0.999310924116147,0.12463155621643018,0.04559856347321137,0.291010785348911,0.2300670395047743,0.17544104719833253,-0.10939542115172399,0.13665781362281154,0.05934973436535009,13.715758408883005,0.6531684916279795,0.9960918834908483,0.9993360728710322,0.09869499259390177,0.021068196257827156,0.1604924414610553,0.12569241334343226,0.11698912532080671,0.033523966673138644,0.09345712318887402,0.04058791289548042,11.20830009494112,0.9828837574251699,0.9947087019721653,0.9970072981686676,0.008455831557512283,0.05701601877808571,0.01703715045005083,ok,
759xd9YjKW5,4acd978965a24452ac39f4964cbd69c8,4acd978965a24452ac39f4964cbd69c8_i1_3,1,3,/mnt/priorbimda-data/PriorBIMDA-Datasets/Matterport3D/v1/scans/759xd9YjKW5/undistorted_color_images/4acd978965a24452ac39f4964cbd69c8_i1_3.jpg,/mnt/priorbimda-data/PriorBIMDA-Datasets/Matterport3D/v1/scans/759xd9YjKW5/undistorted_depth_images/4acd978965a24452ac39f4964cbd69c8_d1_3.png,1024,1280,406,504,1.4121168655554452,759150,0.5791854858398438,0.3768779933452606,-0.5221949815750122,1.626099944114685,True,204624,1.0,True,,1.0,204624,1.0421228408813477,0.04125982590419852,1.0896249300020648,0.04457371020501229,log-depth Laplacian fallback,,,,0.08077158699673176,0.013138722158750834,0.16764228171124818,0.15301559608153642,0.09542551440576533,-0.08132009864757413,0.0848514559025213,0.036850519079922116,4.993065546889745,0.9983718632681289,0.9996193110715932,1.0,0.049207501087090315,0.006265098889284194,0.11574784513678812,0.0852730460192213,0.0640148093014304,-0.040060272707752045,0.050654069558927685,0.021998782895385784,4.993065551821883,0.9970295725482448,0.999615359283409,1.0,0.049207501087090315,0.006265098889284194,0.11574784513678812,0.0852730460192213,0.0640148093014304,-0.040060272707752045,0.050654069558927685,0.021998782895385784,4.993065551821883,0.9970295725482448,0.999615359283409,1.0,0.04051331062361877,0.005039609187506315,0.10938974421358226,0.07400626406755668,0.05309493346503342,-0.03260354733022482,0.041382481924641216,0.017972183547332748,4.190561610502959,0.9974431930448528,0.9996100902324969,1.0,0.04058803261666678,0.007895384628757445,0.16940663268785625,0.10883535232726414,0.05013423053993584,0.004513393214459087,0.040145987580966914,0.0174351808769704,4.993065544856297,0.995642494895607,0.9996127247579529,1.0,0.008307431824505329,0.05582704860717058,0.016751124523580074,ok,
759xd9YjKW5,4acd978965a24452ac39f4964cbd69c8,4acd978965a24452ac39f4964cbd69c8_i1_4,1,4,/mnt/priorbimda-data/PriorBIMDA-Datasets/Matterport3D/v1/scans/759xd9YjKW5/undistorted_color_images/4acd978965a24452ac39f4964cbd69c8_i1_4.jpg,/mnt/priorbimda-data/PriorBIMDA-Datasets/Matterport3D/v1/scans/759xd9YjKW5/undistorted_depth_images/4acd978965a24452ac39f4964cbd69c8_d1_4.png,1024,1280,406,504,1.4121168655554452,1158595,0.8839378356933594,0.37641799449920654,-0.5187249779701233,1.6261600255966187,True,204624,1.0,True,,1.0,204624,1.0173609256744385,0.01721194660888047,1.0776659739706922,0.057585620692228764,log-depth Laplacian fallback,,,,0.07468380254044511,0.04036614229222562,0.4648624012975337,0.35557279196648944,0.09123052767406804,-0.0678655803448032,0.07708358431457883,0.033476975313145654,6.096943647559781,0.9927429343299428,0.9970084455741652,0.9999991368856244,0.06066979225526407,0.03221923564731638,0.41464401416230195,0.28890151500730715,0.07926577312556399,-0.05065363374957446,0.061907946170834505,0.026886279407956987,6.096943641823626,0.9923450386027904,0.9965820670726181,0.9999982737712488,0.06066979225526407,0.03221923564731638,0.41464401416230195,0.28890151500730715,0.07926577312556399,-0.05065363374957446,0.061907946170834505,0.026886279407956987,6.096943641823626,0.9923450386027904,0.9965820670726181,0.9999982737712488,0.05028127661962689,0.02517874834081013,0.3535623014742589,0.21754067412442135,0.07367090974203103,-0.04078009938718894,0.0511136323322664,0.022198368471934942,6.135459588481921,0.9921957198158113,0.9964724515469168,0.9999991368856244,0.03763870083430293,0.022606120614233997,0.338703354987129,0.14957204019593928,0.06136223595366969,0.006931941522028376,0.036266381727772135,0.015750289462968362,6.096943650690084,0.9889279687897842,0.9957750551314307,0.9996754689947739,0.008738812990486622,0.05627032741904259,0.016719124279916286,ok,
759xd9YjKW5,4acd978965a24452ac39f4964cbd69c8,4acd978965a24452ac39f4964cbd69c8_i1_5,1,5,/mnt/priorbimda-data/PriorBIMDA-Datasets/Matterport3D/v1/scans/759xd9YjKW5/undistorted_color_images/4acd978965a24452ac39f4964cbd69c8_i1_5.jpg,/mnt/priorbimda-data/PriorBIMDA-Datasets/Matterport3D/v1/scans/759xd9YjKW5/undistorted_depth_images/4acd978965a24452ac39f4964cbd69c8_d1_5.png,1024,1280,406,504,1.4121168655554452,1219100,0.9300994873046875,0.37919101119041443,-0.5165910124778748,1.626099944114685,True,204624,1.0,True,,1.0,204624,0.9813767671585083,-0.01879882876885844,0.9707719554414309,0.010864864868922294,log-depth Laplacian fallback,,,,0.05306852917930701,0.05536948012051154,0.3771849457962517,0.16509239219463387,0.10160281969077115,0.04308590539131339,0.04638833690529758,0.02014619874263971,9.201487774119,0.9819063243376261,0.9898441473217948,0.9950324009515216,0.04261152910203099,0.049122235434186624,0.35066081052106085,0.13021745418428582,0.09516616946711358,0.024287076699932512,0.036814770299819305,0.015988451593747243,9.201487769059401,0.9826068411122959,0.9909941760314986,0.9953449265851858,0.04261152910203099,0.049122235434186624,0.35066081052106085,0.13021745418428582,0.09516616946711358,0.024287076699932512,0.036814770299819305,0.015988451593747243,9.201487769059401,0.9826068411122959,0.9909941760314986,0.9953449265851858,0.05557047915872044,0.051875743400620955,0.3617212944598208,0.16796863412506988,0.10079162767786469,0.03313707476917463,0.04929211086426122,0.021407291749711992,9.518868885374685,0.9829119842506767,0.9912279550488065,0.9954089082109753,0.0409460049002185,0.046819372122599394,0.3422602626683351,0.12681956439772757,0.09298867598321765,0.013422225059972894,0.03560078338648841,0.015461223776184896,9.201487779457883,0.9828914773193339,0.9913157247149537,0.9954482815191534,0.008386572822928429,0.056868214160203934,0.01711277011781931,ok,
759xd9YjKW5,4acd978965a24452ac39f4964cbd69c8,4acd978965a24452ac39f4964cbd69c8_i2_0,2,0,/mnt/priorbimda-data/PriorBIMDA-Datasets/Matterport3D/v1/scans/759xd9YjKW5/undistorted_color_images/4acd978965a24452ac39f4964cbd69c8_i2_0.jpg,/mnt/priorbimda-data/PriorBIMDA-Datasets/Matterport3D/v1/scans/759xd9YjKW5/undistorted_depth_images/4acd978965a24452ac39f4964cbd69c8_d2_0.png,1024,1280,406,504,1.4165615917841592,581852,0.4439178466796875,0.3922080099582672,-0.5116080045700073,1.6590299606323242,True,204624,1.0,True,,1.0,204624,1.0086431503295898,0.008606012146288804,1.0165394081770847,0.007798109685382755,log-depth Laplacian fallback,,,,0.051162932570154335,0.04823289276900672,0.4081123792513186,0.13931861564682052,0.16272063565764966,-0.05243104360840052,0.061750423072204554,0.02681786799544969,15.4042172585833,0.9321889415177743,0.950740050734551,0.9779480005224697,0.04924743008546856,0.04703451545023591,0.4035482394014247,0.13448778136740122,0.16015500096969293,-0.043825031552200105,0.0594042498669203,0.02579893791880547,15.40421726185755,0.9328832761595732,0.9509480073970701,0.9801306861538673,0.04924743008546856,0.04703451545023591,0.4035482394014247,0.13448778136740122,0.16015500096969293,-0.043825031552200105,0.0594042498669203,0.02579893791880547,15.40421726185755,0.9328832761595732,0.9509480073970701,0.9801306861538673,0.04569322624048059,0.0476574401402558,0.4069797958181221,0.1294241322051618,0.16164195538804257,-0.039444408961420124,0.05599149994033609,0.024316799457574218,15.67554156747198,0.9332046637289207,0.9506214638774121,0.9781697063858164,0.048965456646828796,0.04616656869309006,0.39989106345706815,0.1331621061901403,0.15819900993405023,-0.03602687626653452,0.058740167200533676,0.02551053048126618,15.40421725716355,0.9334848036957852,0.9510803434550367,0.9822824360834026,0.0080967852845788,0.05706792697310448,0.016732179559767246,ok,
759xd9YjKW5,4acd978965a24452ac39f4964cbd69c8,4acd978965a24452ac39f4964cbd69c8_i2_1,2,1,/mnt/priorbimda-data/PriorBIMDA-Datasets/Matterport3D/v1/scans/759xd9YjKW5/undistorted_color_images/4acd978965a24452ac39f4964cbd69c8_i2_1.jpg,/mnt/priorbimda-data/PriorBIMDA-Datasets/Matterport3D/v1/scans/759xd9YjKW5/undistorted_depth_images/4acd978965a24452ac39f4964cbd69c8_d2_1.png,1024,1280,406,504,1.4165615917841592,194844,0.1486541748046875,0.39412200450897217,-0.5260300040245056,1.6587899923324585,True,204624,1.0,True,,1.0,204624,1.00258207321167,0.0025787453878602716,1.0504397840519784,0.04663017304603009,log-depth Laplacian fallback,,,,0.04736040750568151,0.0038629315624022294,0.07658473519660867,0.07146017742150619,0.05211265896376834,-0.047097243928648024,0.048548731628424976,0.021084446249626843,2.230647526166902,0.9988247007862701,0.9998665599145984,1.0,0.044987164530673696,0.003532783415684862,0.07313352388219532,0.06781404856771757,0.0497943322775908,-0.044518498404596096,0.04605641927200044,0.02000204874605237,2.2306474996536236,0.998840097719201,0.9998614276036214,1.0,0.044987164530673696,0.003532783415684862,0.07313352388219532,0.06781404856771757,0.0497943322775908,-0.044518498404596096,0.04605641927200044,0.02000204874605237,2.2306474996536236,0.998840097719201,0.9998614276036214,1.0,0.047034714288395035,0.0038481559284026644,0.07668020986436133,0.07057182278463228,0.0525817357870458,-0.04723419936412627,0.04827297233683337,0.02096468551095505,2.310344885095441,0.9986194083471905,0.9998973537804603,1.0,0.013198344332084739,0.0007749969146373459,0.03266025843292006,0.019608729322881067,0.022406209184643606,0.0021117226011363476,0.013051997530265829,0.005668410505209321,2.2306475241101125,0.9989735378046026,0.9997844429389665,1.0,0.00788179412484169,0.05646573007106781,0.016707868315279484,ok,
759xd9YjKW5,4acd978965a24452ac39f4964cbd69c8,4acd978965a24452ac39f4964cbd69c8_i2_2,2,2,/mnt/priorbimda-data/PriorBIMDA-Datasets/Matterport3D/v1/scans/759xd9YjKW5/undistorted_color_images/4acd978965a24452ac39f4964cbd69c8_i2_2.jpg,/mnt/priorbimda-data/PriorBIMDA-Datasets/Matterport3D/v1/scans/759xd9YjKW5/undistorted_depth_images/4acd978965a24452ac39f4964cbd69c8_d2_2.png,1024,1280,406,504,1.4165615917841592,453187,0.34575424194335935,0.3825939893722534,-0.5349040031433105,1.6590299606323242,True,204624,1.0,True,,1.0,204624,0.9891341924667358,-0.010925271562047053,1.008411665406745,0.019301756060346148,log-depth Laplacian fallback,,,,0.021884706692492945,0.0017396479967589711,0.05082455264923952,0.034260930153868545,0.03154420204368928,-0.004486791448370171,0.021730963747137486,0.00943763764182142,3.1223474903859167,0.9990555774989133,0.9995564744796298,0.9997374152391838,0.026720426596139497,0.001993687886254343,0.05424709355511614,0.04152892915153415,0.034820067183191375,-0.015412063078976442,0.026829544963515042,0.01165192332962977,3.122347498744514,0.9990688170666855,0.9995675074527733,0.9997462416176986,0.026720426596139497,0.001993687886254343,0.05424709355511614,0.04152892915153415,0.034820067183191375,-0.015412063078976442,0.026829544963515042,0.01165192332962977,3.122347498744514,0.9990688170666855,0.9995675074527733,0.9997462416176986,0.032022059107198006,0.0029831834363002,0.0684048805808119,0.05066571373214316,0.04250334493123708,-0.009693297897834683,0.03208399122208106,0.01393390034518217,4.138326118381139,0.9989011158749037,0.9995763338312882,0.9997749273478719,0.02056185058803649,0.0017990042978713466,0.05226763342338747,0.03250986089766648,0.031464820717445656,0.003889673706219647,0.020232259821209905,0.008786758796784335,3.1223474842498566,0.9990004126331956,0.9995233755601992,0.9997330020499264,0.00793838407844305,0.06165976729243994,0.016708964481949806,ok,
759xd9YjKW5,4acd978965a24452ac39f4964cbd69c8,4acd978965a24452ac39f4964cbd69c8_i2_3,2,3,/mnt/priorbimda-data/PriorBIMDA-Datasets/Matterport3D/v1/scans/759xd9YjKW5/undistorted_color_images/4acd978965a24452ac39f4964cbd69c8_i2_3.jpg,/mnt/priorbimda-data/PriorBIMDA-Datasets/Matterport3D/v1/scans/759xd9YjKW5/undistorted_depth_images/4acd978965a24452ac39f4964cbd69c8_d2_3.png,1024,1280,406,504,1.4165615917841592,1033563,0.7885459899902344,0.3691509962081909,-0.5293560028076172,1.6595200300216675,True,204624,1.0,True,,1.0,204624,1.070750117301941,0.06835944706453126,1.0527152460248816,0.016986672112006947,log-depth Laplacian fallback,,,,0.049948740214415345,0.0068983314955495326,0.1174972302669331,0.09329699566636203,0.05936866427310783,-0.045818368154847064,0.05098613621247296,0.022142997610644578,3.7753350012944367,0.9959508999451412,0.9989395905232675,1.0,0.02706757996919705,0.006194309197176859,0.12772259514056278,0.06570099724678238,0.043970622935037215,0.022541078982171888,0.026063547646073618,0.011319254921512267,3.7753350044925944,0.9946931149818637,0.998508073528174,1.0,0.02706757996919705,0.006194309197176859,0.12772259514056278,0.06570099724678238,0.043970622935037215,0.022541078982171888,0.026063547646073618,0.011319254921512267,3.7753350044925944,0.9946931149818637,0.998508073528174,1.0,0.030617560387968996,0.007073926227509528,0.1366761318546205,0.07383950068902781,0.047261940285307634,0.024646134790743745,0.029466598057910832,0.012797180937011748,4.032690217966755,0.9947289134769723,0.9984616322372221,1.0,0.02111092358914933,0.004567199275628179,0.10730677318029641,0.04834242458614264,0.03815976230597215,0.005554459560382476,0.0205003664618676,0.008903196031383592,3.775335002672437,0.9951536577838023,0.9986125664328154,1.0,0.008427075110375881,0.05914337746798992,0.016783432103693485,ok,
759xd9YjKW5,4acd978965a24452ac39f4964cbd69c8,4acd978965a24452ac39f4964cbd69c8_i2_4,2,4,/mnt/priorbimda-data/PriorBIMDA-Datasets/Matterport3D/v1/scans/759xd9YjKW5/undistorted_color_images/4acd978965a24452ac39f4964cbd69c8_i2_4.jpg,/mnt/priorbimda-data/PriorBIMDA-Datasets/Matterport3D/v1/scans/759xd9YjKW5/undistorted_depth_images/4acd978965a24452ac39f4964cbd69c8_d2_4.png,1024,1280,406,504,1.4165615917841592,1206375,0.9203910827636719,0.36723798513412476,-0.5149340033531189,1.6597599983215332,True,204624,1.0,True,,1.0,204624,1.1031222343444824,0.0981445540265641,1.0992974083248888,0.0034732979952159654,log-depth Laplacian fallback,,,,0.08866625611645859,0.0205683706338143,0.2155615332573844,0.1962436636185698,0.10128205342749676,-0.08461040064662945,0.0924813765795705,0.040164151527324075,5.566987020738557,0.9938352502331365,0.9982517873795461,0.9997538078955549,0.0344530252263617,0.009877313989050085,0.1569748829841357,0.08486808033659475,0.0572914284384745,0.013534153382733251,0.03294927131219335,0.014309686713618687,5.566987034953014,0.9885524816081235,0.9972728214692778,0.9997156771319035,0.0344530252263617,0.009877313989050085,0.1569748829841357,0.08486808033659475,0.0572914284384745,0.013534153382733251,0.03294927131219335,0.014309686713618687,5.566987034953014,0.9885524816081235,0.9972728214692778,0.9997156771319035,0.03259034004716635,0.00956544943191409,0.1615018523817601,0.0835715657331921,0.05513351558157553,0.005072493704458572,0.03141474994457858,0.013643252551300958,5.4899675299605,0.989935965184955,0.9974924878250958,0.9997297689358615,0.03421684981389149,0.0094973906566223,0.15273995327643816,0.082891861108656,0.05657168183872208,0.010060851677905854,0.032832282542829716,0.014258879136639419,5.566987021339978,0.9887638586674956,0.9973068075847062,0.999716506061548,0.007323409430682659,0.057160924188792706,0.01695052534341812,ok,
759xd9YjKW5,4acd978965a24452ac39f4964cbd69c8,4acd978965a24452ac39f4964cbd69c8_i2_5,2,5,/mnt/priorbimda-data/PriorBIMDA-Datasets/Matterport3D/v1/scans/759xd9YjKW5/undistorted_color_images/4acd978965a24452ac39f4964cbd69c8_i2_5.jpg,/mnt/priorbimda-data/PriorBIMDA-Datasets/Matterport3D/v1/scans/759xd9YjKW5/undistorted_depth_images/4acd978965a24452ac39f4964cbd69c8_d2_5.png,1024,1280,406,504,1.4165615917841592,1033706,0.7886550903320313,0.3787660002708435,-0.5060610175132751,1.6595200300216675,True,204624,1.0,True,,1.0,204624,1.0454355478286743,0.044433590763589936,1.0471133295910227,0.001603577474325324,log-depth Laplacian fallback,,,,0.06104425160160109,0.02670433456833539,0.2245690678466056,0.1253533740031997,0.09553211183538658,-0.042493495903484904,0.06018165476385817,0.02613656057575015,8.55610144728855,0.9728926793498345,0.9937283908577487,0.9961507430546016,0.04244867363287327,0.026203905539708666,0.22005174288014817,0.08883259672629515,0.08558300734783945,0.0019400947670714722,0.0394291840987365,0.0171238770800287,8.556101436399128,0.9727340268896573,0.992917715481965,0.9958982534685877,0.04244867363287327,0.026203905539708666,0.22005174288014817,0.08883259672629515,0.08558300734783945,0.0019400947670714722,0.0394291840987365,0.0171238770800287,8.556101436399128,0.9727340268896573,0.992917715481965,0.9958982534685877,0.06117769465511114,0.030038018714491344,0.2391194167583559,0.1273179831793344,0.0977994830266521,-0.008168094009819177,0.05888241429577043,0.025572307609794245,9.745779148188804,0.9728394727320921,0.993468162127336,0.9959398513697318,0.04249775056047812,0.026359677689462273,0.22091748954417534,0.08962643608409288,0.08563436577017358,0.003543643464686187,0.039410158450780094,0.0171156143461066,8.5561014439142,0.9733966911288122,0.9928954654418181,0.9958856773589396,0.00748725701123476,0.058497997000813484,0.017735819332301617,ok,
759xd9YjKW5,5764e704c4574c34b7a579260f191e7c,5764e704c4574c34b7a579260f191e7c_i0_0,0,0,/mnt/priorbimda-data/PriorBIMDA-Datasets/Matterport3D/v1/scans/759xd9YjKW5/undistorted_color_images/5764e704c4574c34b7a579260f191e7c_i0_0.jpg,/mnt/priorbimda-data/PriorBIMDA-Datasets/Matterport3D/v1/scans/759xd9YjKW5/undistorted_depth_images/5764e704c4574c34b7a579260f191e7c_d0_0.png,1024,1280,406,504,1.4155678118069965,1183144,0.902667236328125,-11.398799896240234,-12.875800132751465,1.5866199731826782,True,204624,1.0,True,,1.0,204624,1.1134039163589478,0.10742191423813428,1.0296232871031337,0.07822891957259279,log-depth Laplacian fallback,,,,0.0363631017364377,0.0019467876831474576,0.04332840680336491,0.03409338614891684,0.04593899955262564,-0.030107405993553462,0.0371230093624778,0.016122318117766873,3.469777779967299,0.998427072275226,1.0,1.0,0.08108766434851471,0.006822972694950606,0.0766089621988713,0.0703978762512217,0.0847435481556367,0.07731450816107285,0.07735783809113977,0.03359608221494722,3.4697777764838427,0.9964061855530688,1.0,1.0,0.08108766434851471,0.006822972694950606,0.0766089621988713,0.0703978762512217,0.0847435481556367,0.07731450816107285,0.07735783809113977,0.03359608221494722,3.4697777764838427,0.9964061855530688,1.0,1.0,0.06576817088024053,0.004947770360929755,0.06425923013287121,0.05602654753752477,0.07324506549555086,0.06245552946718697,0.06298370776533752,0.027353476732293065,3.8264166767628374,0.9960748649361363,1.0,1.0,0.025932906070937546,0.0011276396378919397,0.03183271880100608,0.023519156423479976,0.034709825170651694,-0.0009144279359262589,0.025828117276120974,0.011217008810969398,3.4697777809640833,0.9982326749744748,1.0,1.0,0.007916361093521118,0.06011974811553955,0.01775709167122841,ok,
759xd9YjKW5,5764e704c4574c34b7a579260f191e7c,5764e704c4574c34b7a579260f191e7c_i0_1,0,1,/mnt/priorbimda-data/PriorBIMDA-Datasets/Matterport3D/v1/scans/759xd9YjKW5/undistorted_color_images/5764e704c4574c34b7a579260f191e7c_i0_1.jpg,/mnt/priorbimda-data/PriorBIMDA-Datasets/Matterport3D/v1/scans/759xd9YjKW5/undistorted_depth_images/5764e704c4574c34b7a579260f191e7c_d0_1.png,1024,1280,406,504,1.4155678118069965,1211894,0.9246017456054687,-11.411800384521484,-12.869400024414062,1.5866700410842896,True,204624,1.0,True,,1.0,204624,1.0860199928283691,0.0825196309448389,1.0761768995288588,0.009104777951631463,log-depth Laplacian fallback,,,,0.06830925018265684,0.0064377936922708654,0.08659295174703475,0.07823618850180576,0.08056973589760173,-0.0599686282588973,0.07101968929147913,0.030843459165772833,5.380748988157204,0.9986318935484456,1.0,1.0,0.039996131041289365,0.0036009196556675677,0.061296237994035836,0.04237614094866846,0.058342040606530074,0.02255100258528282,0.038692281340037125,0.016803844278226305,5.380749004118824,0.9963948992238595,1.0,1.0,0.039996131041289365,0.0036009196556675677,0.061296237994035836,0.04237614094866846,0.058342040606530074,0.02255100258528282,0.038692281340037125,0.016803844278226305,5.380749004118824,0.9963948992238595,1.0,1.0,0.03906310154043421,0.003139407041098709,0.05471346591287111,0.03897151718903607,0.057714870914417696,0.00818888237641534,0.03862713622064588,0.016775552112351735,5.713097697478253,0.998017153315389,1.0,1.0,0.03862204559131866,0.0031350198474193016,0.056178272906668866,0.03981542254001163,0.0554621175927532,0.013446208252407063,0.037674230671123694,0.016361710490419262,5.380748992013365,0.9971193850287237,1.0,1.0,0.008914057165384293,0.05985782854259014,0.01776503585278988,ok,
759xd9YjKW5,5764e704c4574c34b7a579260f191e7c,5764e704c4574c34b7a579260f191e7c_i0_2,0,2,/mnt/priorbimda-data/PriorBIMDA-Datasets/Matterport3D/v1/scans/759xd9YjKW5/undistorted_color_images/5764e704c4574c34b7a579260f191e7c_i0_2.jpg,/mnt/priorbimda-data/PriorBIMDA-Datasets/Matterport3D/v1/scans/759xd9YjKW5/undistorted_depth_images/5764e704c4574c34b7a579260f191e7c_d0_2.png,1024,1280,406,504,1.4155678118069965,1244232,0.949273681640625,-11.4128999710083,-12.854900360107422,1.5868899822235107,True,204624,1.0,True,,1.0,204624,1.1375834941864014,0.12890627063176208,1.2108454278817962,0.06241254572792895,log-depth Laplacian fallback,,,,0.1741002595880604,0.04123337941798988,0.23352778145210454,0.22811311532969403,0.20649178390153916,-0.19352795465331632,0.19383720997095646,0.0841824306779084,7.201241272547315,0.6101338014132413,1.0,1.0,0.07701507230863389,0.009792306905432015,0.11398362242404814,0.0969099007848558,0.09675613497891969,-0.06462168405088599,0.08078886568048153,0.035086158564256134,7.2012412863938895,0.9999975888741006,1.0,1.0,0.07701507230863389,0.009792306905432015,0.11398362242404814,0.0969099007848558,0.09675613497891969,-0.06462168405088599,0.08078886568048153,0.035086158564256134,7.2012412863938895,0.9999975888741006,1.0,1.0,0.04868827393112196,0.004990223485795979,0.0808364620673833,0.062551574477234,0.07150150579712065,-0.047255972116055936,0.051051947775592965,0.022171579209353014,5.365946729722746,0.9999332921834513,1.0,1.0,0.06005154158560665,0.009189007211429581,0.13425616670662174,0.09248291050105319,0.07204628873543197,-0.0022091031719960047,0.05979708358994293,0.025969543437019692,7.20124127058989,0.9999855332446039,1.0,1.0,0.009189118631184101,0.05738008115440607,0.017763583920896053,ok,
759xd9YjKW5,5764e704c4574c34b7a579260f191e7c,5764e704c4574c34b7a579260f191e7c_i0_3,0,3,/mnt/priorbimda-data/PriorBIMDA-Datasets/Matterport3D/v1/scans/759xd9YjKW5/undistorted_color_images/5764e704c4574c34b7a579260f191e7c_i0_3.jpg,/mnt/priorbimda-data/PriorBIMDA-Datasets/Matterport3D/v1/scans/759xd9YjKW5/undistorted_depth_images/5764e704c4574c34b7a579260f191e7c_d0_3.png,1024,1280,406,504,1.4155678118069965,1250163,0.9537986755371094,-11.400799751281738,-12.846799850463867,1.5870599746704102,True,204624,1.0,True,,1.0,204624,1.1085216999053955,0.10302732580088719,1.1342898239365593,0.02297942351415383,log-depth Laplacian fallback,,,,0.11940516422119267,0.0206653088942399,0.17939622345113176,0.16808883932968932,0.13191593895685144,-0.12769371722521877,0.127702687231374,0.05546057238880261,3.310784698638102,0.9995616571599063,1.0,1.0,0.03172298441346227,0.0019888603198310187,0.05410636637280929,0.04196247605430988,0.041286322160531984,-0.02466639145946768,0.03246759037619637,0.014100495341077211,3.3107846953728877,1.0,1.0,1.0,0.03172298441346227,0.0019888603198310187,0.05410636637280929,0.04196247605430988,0.041286322160531984,-0.02466639145946768,0.03246759037619637,0.014100495341077211,3.3107846953728877,1.0,1.0,1.0,0.03217633230887129,0.0031803704926995496,0.06645706904041983,0.04402745694149631,0.054310416378380647,-0.019809065262050327,0.03345290843645722,0.014528413537568112,5.056898516518705,0.9999904012516768,1.0,1.0,0.027347037970287282,0.0014673304283291447,0.04743335894762021,0.038380749916532064,0.03315079611815136,-0.001686935474877928,0.027431788934458922,0.011913474562970204,3.31078469848288,1.0,1.0,1.0,0.008104643784463406,0.057999289594590664,0.01778116077184677,ok,
759xd9YjKW5,5764e704c4574c34b7a579260f191e7c,5764e704c4574c34b7a579260f191e7c_i0_4,0,4,/mnt/priorbimda-data/PriorBIMDA-Datasets/Matterport3D/v1/scans/759xd9YjKW5/undistorted_color_images/5764e704c4574c34b7a579260f191e7c_i0_4.jpg,/mnt/priorbimda-data/PriorBIMDA-Datasets/Matterport3D/v1/scans/759xd9YjKW5/undistorted_depth_images/5764e704c4574c34b7a579260f191e7c_d0_4.png,1024,1280,406,504,1.4155678118069965,1244173,0.9492286682128906,-11.387700080871582,-12.853099822998047,1.5870200395584106,True,204624,1.0,True,,1.0,204624,1.0572423934936523,0.055664002729921086,1.0730947799485173,0.014882788749698395,log-depth Laplacian fallback,,,,0.061774015669063244,0.006097687513476362,0.08465000940781063,0.07475469895035336,0.07745843066359984,-0.0610481980872205,0.06461669357167799,0.028062673457013087,4.767521359334628,1.0,1.0,1.0,0.040296978518640246,0.0035562874673729303,0.07972096180444901,0.06125516992708983,0.04797828205027844,-0.005384195360950241,0.04037873969951674,0.017536263837707886,4.76752135685955,1.0,1.0,1.0,0.040296978518640246,0.0035562874673729303,0.07972096180444901,0.06125516992708983,0.04797828205027844,-0.005384195360950241,0.04037873969951674,0.017536263837707886,4.76752135685955,1.0,1.0,1.0,0.018442919067137298,0.0007532801785079925,0.03567679244413747,0.026961635994997023,0.021955452575097918,-0.0054792159853490575,0.01844937728711665,0.008012462750345948,2.126076409641171,1.0,1.0,1.0,0.0390821029106427,0.0044076692579977155,0.09339057427590042,0.06502971021018572,0.048612223854243575,0.009498542743705011,0.03857775989311457,0.016754108245768236,4.7675213620927765,0.9999879437988125,1.0,1.0,0.007391559891402721,0.05836199037730694,0.017732607200741768,ok,
759xd9YjKW5,5764e704c4574c34b7a579260f191e7c,5764e704c4574c34b7a579260f191e7c_i0_5,0,5,/mnt/priorbimda-data/PriorBIMDA-Datasets/Matterport3D/v1/scans/759xd9YjKW5/undistorted_color_images/5764e704c4574c34b7a579260f191e7c_i0_5.jpg,/mnt/priorbimda-data/PriorBIMDA-Datasets/Matterport3D/v1/scans/759xd9YjKW5/undistorted_depth_images/5764e704c4574c34b7a579260f191e7c_d0_5.png,1024,1280,406,504,1.4155678118069965,1230280,0.938629150390625,-11.386699676513672,-12.867600440979004,1.5867999792099,True,204624,1.0,True,,1.0,204624,1.0120347738265991,0.01196293176366568,0.9982634191233228,0.01370102224486685,log-depth Laplacian fallback,,,,0.05482074583426413,0.006850311521955577,0.10827990556643122,0.07518193844301158,0.06589819073981609,0.011456274333618885,0.0538484034119662,0.023386064461117174,6.489472491022709,0.9974493611210457,1.0,1.0,0.05652273234174799,0.008029974319721618,0.11892032260836634,0.07986658748441428,0.06899119162351255,0.023419206019315818,0.05488608475203359,0.023836723741082394,6.489472483227793,0.9967470819650811,1.0,1.0,0.05652273234174799,0.008029974319721618,0.11892032260836634,0.07986658748441428,0.06899119162351255,0.023419206019315818,0.05488608475203359,0.023836723741082394,6.489472483227793,0.9967470819650811,1.0,1.0,0.03250420095481989,0.0028891913057983386,0.0646400116629948,0.042815922600569836,0.047129251413071845,0.007036390343500027,0.032173248357774055,0.013972664226684138,4.660102519999356,0.996975485255389,1.0,1.0,0.05470957723282502,0.006712221124281901,0.10687380843447086,0.0746711512617739,0.06561835419858338,0.009718183386279923,0.05383241708318212,0.023379121686740334,6.4894724896569045,0.9975257664921806,1.0,1.0,0.008349197916686535,0.05965821724385023,0.01771985273808241,ok,
759xd9YjKW5,5764e704c4574c34b7a579260f191e7c,5764e704c4574c34b7a579260f191e7c_i1_0,1,0,/mnt/priorbimda-data/PriorBIMDA-Datasets/Matterport3D/v1/scans/759xd9YjKW5/undistorted_color_images/5764e704c4574c34b7a579260f191e7c_i1_0.jpg,/mnt/priorbimda-data/PriorBIMDA-Datasets/Matterport3D/v1/scans/759xd9YjKW5/undistorted_depth_images/5764e704c4574c34b7a579260f191e7c_d1_0.png,1024,1280,406,504,1.4121168655554452,1233446,0.9410446166992188,-11.399700164794922,-12.865300178527832,1.6200400590896606,True,204624,1.0,True,,1.0,204624,1.1166706085205078,0.11035158718100008,1.034397623491134,0.0765323361838304,log-depth Laplacian fallback,,,,0.045521743769467764,0.002185400886349423,0.03878009943463189,0.03241017688263272,0.05884578909128782,-0.04398771838369293,0.04694564477726676,0.02038823447615719,3.908845769755123,0.997132424119094,1.0,1.0,0.0715274732585151,0.005133019806756909,0.06360802617976703,0.05592442056895521,0.07701993642893423,0.0663638688306079,0.0685296724627657,0.029762058597216375,3.908845764865813,0.9948234458581892,0.9999391947438315,1.0,0.0715274732585151,0.005133019806756909,0.06360802617976703,0.05592442056895521,0.07701993642893423,0.0663638688306079,0.0685296724627657,0.029762058597216375,3.908845764865813,0.9948234458581892,0.9999391947438315,1.0,0.0650629511692703,0.0047956707000866424,0.06211663071005379,0.05179809153116616,0.07359272079173994,0.059052641771836265,0.062348337427338814,0.02707753890053522,4.391667170105414,0.9947820982839946,0.9999983785265022,1.0,0.02586440614177823,0.0010775972931523798,0.026821224193983747,0.017830501167270276,0.04038942529763719,-0.01016848809211713,0.026179018401787758,0.011369403233540114,3.908845770549009,0.9966451713329971,1.0,1.0,0.007799006067216396,0.05935863871127367,0.017714080400764942,ok,
759xd9YjKW5,5764e704c4574c34b7a579260f191e7c,5764e704c4574c34b7a579260f191e7c_i1_1,1,1,/mnt/priorbimda-data/PriorBIMDA-Datasets/Matterport3D/v1/scans/759xd9YjKW5/undistorted_color_images/5764e704c4574c34b7a579260f191e7c_i1_1.jpg,/mnt/priorbimda-data/PriorBIMDA-Datasets/Matterport3D/v1/scans/759xd9YjKW5/undistorted_depth_images/5764e704c4574c34b7a579260f191e7c_d1_1.png,1024,1280,406,504,1.4121168655554452,1270926,0.9696395874023438,-11.402799606323242,-12.863699913024902,1.6200499534606934,True,204624,1.0,True,,1.0,204624,1.028976321220398,0.02856444513952409,1.0136828991643534,0.01497431159607861,log-depth Laplacian fallback,,,,0.030762024700162264,0.0026755379232080542,0.07030977488565096,0.04977906411315056,0.04102425161342612,-0.006159389708272123,0.030647109746608944,0.013309870649235635,4.055923000826479,0.9966370976752383,0.9999976395163841,1.0,0.03290849438190928,0.0026714151126996585,0.059111448586308596,0.041302817512061246,0.046336137710418876,0.022405055446188094,0.03193401094051837,0.013868764736505196,4.05592301254861,0.9955788141874508,0.9999968526885121,1.0,0.03290849438190928,0.0026714151126996585,0.059111448586308596,0.041302817512061246,0.046336137710418876,0.022405055446188094,0.03193401094051837,0.013868764736505196,4.05592301254861,0.9955788141874508,0.9999968526885121,1.0,0.039554821401247546,0.0033472019225147353,0.07011512187526577,0.05337026767462693,0.05109868159173443,0.016972457607626033,0.03861850467414838,0.0167718034793376,4.819762383324303,0.9958793824345399,0.9999968526885121,1.0,0.029167977594213676,0.002364990130416064,0.06085825913548449,0.04222163019483781,0.04123428496579723,0.007430687671121475,0.028649771822014797,0.012442437810088301,4.055922998991493,0.9961610668127019,0.9999968526885121,1.0,0.00822146050632,0.05942052509635687,0.017752802930772305,ok,
759xd9YjKW5,5764e704c4574c34b7a579260f191e7c,5764e704c4574c34b7a579260f191e7c_i1_2,1,2,/mnt/priorbimda-data/PriorBIMDA-Datasets/Matterport3D/v1/scans/759xd9YjKW5/undistorted_color_images/5764e704c4574c34b7a579260f191e7c_i1_2.jpg,/mnt/priorbimda-data/PriorBIMDA-Datasets/Matterport3D/v1/scans/759xd9YjKW5/undistorted_depth_images/5764e704c4574c34b7a579260f191e7c_d1_2.png,1024,1280,406,504,1.4121168655554452,1126842,0.8597122192382812,-11.40310001373291,-12.860199928283691,1.6201000213623047,True,204624,1.0,True,,1.0,204624,0.9474746584892273,-0.05395508804103473,1.0299134740602514,0.08342988098715083,log-depth Laplacian fallback,,,,0.03471642172682984,0.0045115879264251355,0.10661492183741943,0.09063868382262034,0.04434751914261296,-0.03395233143174552,0.03556937957799806,0.015447585275446768,2.852966253661841,0.9997408687287126,1.0,1.0,0.08462694365745195,0.02053154934710571,0.23873616436033634,0.23445039985427116,0.09242107985119981,-0.08790741924323225,0.08870821312048584,0.038525487457724626,2.852966250863213,0.9996778607826119,1.0,1.0,0.08462694365745195,0.02053154934710571,0.23873616436033634,0.23445039985427116,0.09242107985119981,-0.08790741924323225,0.08870821312048584,0.038525487457724626,2.852966250863213,0.9996778607826119,1.0,1.0,0.07978786438769701,0.018466551267187496,0.2302571035507379,0.22482981155669957,0.08565476105836105,-0.08255355366339276,0.08330301068690958,0.03617803786725243,2.283963374290964,0.9996645492447034,1.0,1.0,0.019539292154300076,0.0020477494652862286,0.07247713463582828,0.051928512199154786,0.028878892245774054,-0.00447758571372963,0.019667382792876206,0.008541435820425106,2.852966252024782,0.9992687528508877,1.0,1.0,0.009105555713176727,0.05942992586642504,0.017718631774187088,ok,
759xd9YjKW5,5764e704c4574c34b7a579260f191e7c,5764e704c4574c34b7a579260f191e7c_i1_3,1,3,/mnt/priorbimda-data/PriorBIMDA-Datasets/Matterport3D/v1/scans/759xd9YjKW5/undistorted_color_images/5764e704c4574c34b7a579260f191e7c_i1_3.jpg,/mnt/priorbimda-data/PriorBIMDA-Datasets/Matterport3D/v1/scans/759xd9YjKW5/undistorted_depth_images/5764e704c4574c34b7a579260f191e7c_d1_3.png,1024,1280,406,504,1.4121168655554452,1260094,0.9613754272460937,-11.400199890136719,-12.85830020904541,1.6201399564743042,True,204624,1.0,True,,1.0,204624,0.9666337966918945,-0.03393555567598888,0.9869604331827926,0.020810227363093174,log-depth Laplacian fallback,,,,0.03404447140890438,0.021369732278132523,0.29547373681117517,0.12457442115103715,0.061431893198384824,0.0038624224536779194,0.032658658310638404,0.014183475090674033,6.13103514484062,0.9914038159057975,0.996544702220628,0.9988873845919432,0.041275971740729715,0.024935922159234392,0.3438437195971647,0.16447532556246286,0.06828874377053724,-0.030073133114869175,0.04104238006392368,0.017824479185938085,6.1310351413227515,0.9918418784630353,0.9971629100686139,0.9990167400209825,0.041275971740729715,0.024935922159234392,0.3438437195971647,0.16447532556246286,0.06828874377053724,-0.030073133114869175,0.04104238006392368,0.017824479185938085,6.1310351413227515,0.9918418784630353,0.9971629100686139,0.9990167400209825,0.0399324052726286,0.02381104255025843,0.3288372214804108,0.15559900410603345,0.06771289551810826,-0.027720111587134368,0.039575943161161385,0.01718761373100913,6.177889310309034,0.991696651202212,0.996804206670296,0.9990373734023017,0.0315978788928734,0.02192613795529424,0.3100229638877149,0.1269811529570287,0.06200613706198078,-0.009262928258169557,0.030638636137012832,0.013306190607346235,6.131035143785387,0.9915157123198746,0.9966780256076134,0.998970711708809,0.008088121190667152,0.0603940524160862,0.01773459743708372,ok,
759xd9YjKW5,5764e704c4574c34b7a579260f191e7c,5764e704c4574c34b7a579260f191e7c_i1_4,1,4,/mnt/priorbimda-data/PriorBIMDA-Datasets/Matterport3D/v1/scans/759xd9YjKW5/undistorted_color_images/5764e704c4574c34b7a579260f191e7c_i1_4.jpg,/mnt/priorbimda-data/PriorBIMDA-Datasets/Matterport3D/v1/scans/759xd9YjKW5/undistorted_depth_images/5764e704c4574c34b7a579260f191e7c_d1_4.png,1024,1280,406,504,1.4121168655554452,1110631,0.8473442077636719,-11.397000312805176,-12.859800338745117,1.620129942893982,True,139582,0.6821389475330362,True,,1.0,139582,0.963570773601532,-0.037109339127370876,1.0052948466955507,0.04239021740754067,log-depth Laplacian fallback,,,,0.08440450270883205,0.09547252089600347,0.41158570199986344,0.19419937286768973,0.16428048928887443,0.007766106841123818,0.07071685003149802,0.030711937746259386,16.40968212535643,0.9310815203249324,0.9724219835390873,0.9803273994693107,0.09931106559274774,0.09330356596570082,0.43981740534840336,0.2555552831206427,0.1666997061071292,-0.029343232206126547,0.08896981823276283,0.038639101114424215,16.409682123642913,0.9199869263508762,0.9732575445850152,0.9814916025214495,0.09931106559274774,0.09330356596570082,0.43981740534840336,0.2555552831206427,0.1666997061071292,-0.029343232206126547,0.08896981823276283,0.038639101114424215,16.409682123642913,0.9199869263508762,0.9732575445850152,0.9814916025214495,0.10489465723238793,0.09389675139433187,0.4446475478701234,0.269072654243085,0.1681545641317541,-0.03985070216066168,0.09521291107638155,0.041350441886417504,16.336425244110913,0.9248121113132984,0.9723562551378451,0.9812746087584445,0.08442100336010436,0.09649424332833109,0.41045154542880996,0.19134637491606288,0.1646146693253396,0.013046938466952372,0.07028794705484966,0.030525667550229132,16.409682127856854,0.9323897856263692,0.9722842240131961,0.9801941418887101,0.008783118799328804,0.058624700643122196,0.017703870311379433,ok,
759xd9YjKW5,5764e704c4574c34b7a579260f191e7c,5764e704c4574c34b7a579260f191e7c_i1_5,1,5,/mnt/priorbimda-data/PriorBIMDA-Datasets/Matterport3D/v1/scans/759xd9YjKW5/undistorted_color_images/5764e704c4574c34b7a579260f191e7c_i1_5.jpg,/mnt/priorbimda-data/PriorBIMDA-Datasets/Matterport3D/v1/scans/759xd9YjKW5/undistorted_depth_images/5764e704c4574c34b7a579260f191e7c_d1_5.png,1024,1280,406,504,1.4121168655554452,1258667,0.9602867126464844,-11.39680004119873,-12.863300323486328,1.6200799942016602,True,196318,0.9594084760340919,True,,1.0,196318,1.041359782218933,0.04052734204465353,1.1017951310777379,0.0564134449402879,log-depth Laplacian fallback,,,,0.08164747612948504,0.014290613190190456,0.18315853336801485,0.11812832848393875,0.10328069361196406,-0.07603976922968733,0.08607661614337035,0.0373825994119701,6.989173891429721,0.9899584242694851,0.9998720868982821,1.0,0.06430763060603363,0.010825856572569141,0.17188552432979215,0.1081883277214157,0.07839634984087546,-0.03551242723039084,0.06581913725696673,0.02858488811433338,6.989173900096583,0.9887873440711483,0.9998148835236008,1.0,0.06430763060603363,0.010825856572569141,0.17188552432979215,0.1081883277214157,0.07839634984087546,-0.03551242723039084,0.06581913725696673,0.02858488811433338,6.989173900096583,0.9887873440711483,0.9998148835236008,1.0,0.052876950563223994,0.009731859828354625,0.17094737149433298,0.09328282921731007,0.06959166390817709,-0.031328602010778014,0.05393973104233735,0.023425727547032635,6.214111667454128,0.9873985732524965,0.9997727754839048,1.0,0.05630850463686364,0.016067672650021587,0.2215590607903363,0.13427230157509942,0.07295002174503586,0.02090096894950598,0.0545110704412257,0.023673857095263786,6.9891738922228805,0.9849714022851159,0.9996742585608426,1.0,0.007938439957797527,0.06047211121767759,0.017777560278773308,ok,
759xd9YjKW5,5764e704c4574c34b7a579260f191e7c,5764e704c4574c34b7a579260f191e7c_i2_0,2,0,/mnt/priorbimda-data/PriorBIMDA-Datasets/Matterport3D/v1/scans/759xd9YjKW5/undistorted_color_images/5764e704c4574c34b7a579260f191e7c_i2_0.jpg,/mnt/priorbimda-data/PriorBIMDA-Datasets/Matterport3D/v1/scans/759xd9YjKW5/undistorted_depth_images/5764e704c4574c34b7a579260f191e7c_d2_0.png,1024,1280,406,504,1.4165615917841592,1174531,0.8960960388183594,-11.39900016784668,-12.876799583435059,1.6531200408935547,True,204624,1.0,True,,1.0,204624,1.042377233505249,0.0415039061307144,1.0510979519212404,0.008331380204655424,log-depth Laplacian fallback,,,,0.05028391305324503,0.003043824518701391,0.05382235075648537,0.046655885107787946,0.05925424308555149,-0.04590979102061929,0.05159988688643387,0.02240954614161019,3.746139896059263,0.9974491946147015,1.0,1.0,0.025918760830410024,0.0014584441724519069,0.03795585060583568,0.025009028908227024,0.03771960026075132,-0.0044058850092820925,0.025730090133381078,0.011174436163800709,3.7461399081132227,0.9963934540680492,1.0,1.0,0.025918760830410024,0.0014584441724519069,0.03795585060583568,0.025009028908227024,0.03771960026075132,-0.0044058850092820925,0.025730090133381078,0.011174436163800709,3.7461399081132227,0.9963934540680492,1.0,1.0,0.02704904912216736,0.0015307548440753032,0.03873995714418647,0.026167776607936667,0.03877601722887955,-0.005847951905860027,0.026912166585958155,0.011687805444342699,3.8332505405218575,0.9964496467100485,1.0,1.0,0.025039825658977884,0.0015346658112549837,0.03954029557314494,0.02492371154784258,0.037666513050747974,0.003925530695657331,0.024640358748532928,0.010701171836604363,3.7461398988286856,0.9960111738217212,1.0,1.0,0.008280977606773376,0.06066908687353134,0.017751173116266727,ok,
759xd9YjKW5,5764e704c4574c34b7a579260f191e7c,5764e704c4574c34b7a579260f191e7c_i2_1,2,1,/mnt/priorbimda-data/PriorBIMDA-Datasets/Matterport3D/v1/scans/759xd9YjKW5/undistorted_color_images/5764e704c4574c34b7a579260f191e7c_i2_1.jpg,/mnt/priorbimda-data/PriorBIMDA-Datasets/Matterport3D/v1/scans/759xd9YjKW5/undistorted_depth_images/5764e704c4574c34b7a579260f191e7c_d2_1.png,1024,1280,406,504,1.4165615917841592,1232480,0.9403076171875,-11.412099838256836,-12.870400428771973,1.6531599760055542,True,204624,1.0,True,,1.0,204624,1.0497835874557495,0.048584035741426744,1.0944179127756777,0.04163859967860755,log-depth Laplacian fallback,,,,0.08063390991666002,0.011785949639031658,0.14575728648146488,0.1295801090443388,0.09092722234697803,-0.08170254769940166,0.08442739303487373,0.03666635091652267,3.9905556795561394,0.9985736076853174,1.0,1.0,0.04231663635467979,0.0039418616781127895,0.08204901493442242,0.06679064475496094,0.05185835799540092,-0.03311851199632767,0.043164621793768634,0.018746157058474565,3.990555671993893,0.9978563546670128,1.0,1.0,0.04231663635467979,0.0039418616781127895,0.08204901493442242,0.06679064475496094,0.05185835799540092,-0.03311851199632767,0.043164621793768634,0.018746157058474565,3.990555671993893,0.9978563546670128,1.0,1.0,0.045305540752965945,0.0043858988100013915,0.08087084525119208,0.06495419117373862,0.05931310373110247,-0.03712001832112935,0.046567184383676935,0.020223871215602176,4.626173920266664,0.9975066532519797,1.0,1.0,0.028748472311582996,0.0027805435135644816,0.06819875567648834,0.04401597298950626,0.04080497058743394,0.008520103149221685,0.028204864427532544,0.012249216983706701,3.9905556843226373,0.996351259249643,0.9999959431390367,1.0,0.007887055166065693,0.05851460620760918,0.017817827872931957,ok,
759xd9YjKW5,5764e704c4574c34b7a579260f191e7c,5764e704c4574c34b7a579260f191e7c_i2_2,2,2,/mnt/priorbimda-data/PriorBIMDA-Datasets/Matterport3D/v1/scans/759xd9YjKW5/undistorted_color_images/5764e704c4574c34b7a579260f191e7c_i2_2.jpg,/mnt/priorbimda-data/PriorBIMDA-Datasets/Matterport3D/v1/scans/759xd9YjKW5/undistorted_depth_images/5764e704c4574c34b7a579260f191e7c_d2_2.png,1024,1280,406,504,1.4165615917841592,1232434,0.9402725219726562,-11.413100242614746,-12.855899810791016,1.653380036354065,True,204624,1.0,True,,1.0,204624,0.9861202239990234,-0.013977000778993567,1.0192956272991838,0.03308882805638452,log-depth Laplacian fallback,,,,0.0379820602972688,0.013927219443933268,0.1455105523391032,0.07341975450081831,0.0736550683715606,-0.009636902140955979,0.03564424821543446,0.015480100311553014,7.302190913653865,0.9864536356510775,0.993504723173817,0.9961344786008824,0.04554326489405642,0.01436752087239511,0.14947607905460228,0.08887998647976417,0.07674513435750875,-0.023613902869259636,0.04378498118575382,0.019015575719210587,7.302190930695556,0.9880577783475626,0.9936207537279886,0.996253754764961,0.04554326489405642,0.01436752087239511,0.14947607905460228,0.08887998647976417,0.07674513435750875,-0.023613902869259636,0.04378498118575382,0.019015575719210587,7.302190930695556,0.9880577783475626,0.9936207537279886,0.996253754764961,0.050432999257473,0.014122422290136497,0.14919682881026786,0.09523606824902968,0.07911206427037192,-0.031161499672591755,0.0492629671463545,0.021394634793842928,7.271643315836195,0.9894963949387959,0.9939193498394234,0.996554785083826,0.034579271919905376,0.014762212309421202,0.15211595565661193,0.07037466468611422,0.07363404384783548,0.009474872085548262,0.031561275634686435,0.013706887849971866,7.30219091256005,0.9838571477255578,0.9933367628611349,0.9959819349352582,0.00838478934019804,0.05873709078878164,0.01772678829729557,ok,
759xd9YjKW5,5764e704c4574c34b7a579260f191e7c,5764e704c4574c34b7a579260f191e7c_i2_3,2,3,/mnt/priorbimda-data/PriorBIMDA-Datasets/Matterport3D/v1/scans/759xd9YjKW5/undistorted_color_images/5764e704c4574c34b7a579260f191e7c_i2_3.jpg,/mnt/priorbimda-data/PriorBIMDA-Datasets/Matterport3D/v1/scans/759xd9YjKW5/undistorted_depth_images/5764e704c4574c34b7a579260f191e7c_d2_3.png,1024,1280,406,504,1.4165615917841592,1246690,0.9511489868164062,-11.401100158691406,-12.847800254821777,1.6535600423812866,True,204624,1.0,True,,1.0,204624,0.9737396240234375,-0.026611337542333826,1.0017659918814268,0.028375771893552174,log-depth Laplacian fallback,,,,0.06261693654222343,0.025423448264846892,0.20706678743419055,0.11056773897511821,0.1007380796337293,0.0061636511446071926,0.05868198254585583,0.025485261206808132,10.054934158341947,0.9765916145954487,0.9864096126543086,0.9955859114936352,0.06451449470812329,0.022753848081687067,0.1856347584526017,0.09704915995968617,0.10260739727596109,-0.020447686425946496,0.06226012655888543,0.027039229407122042,10.054934159691484,0.9778028218723179,0.9867408898763926,0.9963431165726845,0.06451449470812329,0.022753848081687067,0.1856347584526017,0.09704915995968617,0.10260739727596109,-0.020447686425946496,0.06226012655888543,0.027039229407122042,10.054934159691484,0.9778028218723179,0.9867408898763926,0.9963431165726845,0.05887143047304788,0.02271863352948543,0.18460632405990218,0.08665635728020607,0.09968918394900929,-0.01401450559197393,0.0559833275598468,0.02431325023782371,9.8699174411096,0.9773223495816923,0.9875454202728826,0.9962236000930463,0.06270835264592049,0.025703939408906164,0.20902859575217309,0.11188060899933013,0.10086141097145257,0.007928060055050689,0.05866284189557843,0.025476948528012605,10.05493415538648,0.9764817236041037,0.9863013259110124,0.9954222781926542,0.00794573687016964,0.05743917729705572,0.01774275116622448,ok,
759xd9YjKW5,5764e704c4574c34b7a579260f191e7c,5764e704c4574c34b7a579260f191e7c_i2_4,2,4,/mnt/priorbimda-data/PriorBIMDA-Datasets/Matterport3D/v1/scans/759xd9YjKW5/undistorted_color_images/5764e704c4574c34b7a579260f191e7c_i2_4.jpg,/mnt/priorbimda-data/PriorBIMDA-Datasets/Matterport3D/v1/scans/759xd9YjKW5/undistorted_depth_images/5764e704c4574c34b7a579260f191e7c_d2_4.png,1024,1280,406,504,1.4165615917841592,1236493,0.9433692932128906,-11.387999534606934,-12.85420036315918,1.6535099744796753,True,185887,0.9084320509813121,True,,1.0,185887,0.9907050728797913,-0.009338394515816806,1.0040982308809785,0.013428250522267253,log-depth Laplacian fallback,,,,0.07178176072739735,0.04518113052980145,0.2697395763025111,0.11716815286784932,0.1239576399306103,0.0033720180961302852,0.06514687425186634,0.02829292800083058,12.391176695990662,0.9653495814371775,0.9812332136130169,0.9916805028415041,0.07275132175820838,0.043835177514354354,0.26424295522830477,0.11532449558924665,0.12405532477352904,-0.005966376404501088,0.0667900198129909,0.0290065370509908,12.391176682327462,0.9669185349209417,0.9817435278646948,0.992205374393547,0.07275132175820838,0.043835177514354354,0.26424295522830477,0.11532449558924665,0.12405532477352904,-0.005966376404501088,0.0667900198129909,0.0290065370509908,12.391176682327462,0.9669185349209417,0.9817435278646948,0.992205374393547,0.10507378837013517,0.05295050889813693,0.2924944178681959,0.16436122755640473,0.1497303925733228,-0.03694298186208361,0.10212733996371952,0.04435334019770085,14.510136646944135,0.9652501065513512,0.9837233207143106,0.9909558727788996,0.07191764919560684,0.045880126106253694,0.27255854766092963,0.1190323327875266,0.12413623464762347,0.007461820415576755,0.06498902698661121,0.028224375804546755,12.391176694961423,0.9645335638778384,0.9810941105206419,0.9913278926771117,0.00890037789940834,0.0623766565695405,0.017668290995061398,ok,
759xd9YjKW5,5764e704c4574c34b7a579260f191e7c,5764e704c4574c34b7a579260f191e7c_i2_5,2,5,/mnt/priorbimda-data/PriorBIMDA-Datasets/Matterport3D/v1/scans/759xd9YjKW5/undistorted_color_images/5764e704c4574c34b7a579260f191e7c_i2_5.jpg,/mnt/priorbimda-data/PriorBIMDA-Datasets/Matterport3D/v1/scans/759xd9YjKW5/undistorted_depth_images/5764e704c4574c34b7a579260f191e7c_d2_5.png,1024,1280,406,504,1.4165615917841592,1235144,0.942340087890625,-11.38700008392334,-12.86870002746582,1.653290033340454,True,201540,0.9849284541402769,True,,1.0,201540,1.1287307739257812,0.12109379253713333,1.1255910625252723,0.0027855059378281977,log-depth Laplacian fallback,,,,0.1076995657776578,0.026070351546869777,0.24860541501308062,0.20582176571047744,0.12060127702124672,-0.11027446582139816,0.11434723941209264,0.04966037509754186,4.882837501863832,0.9922843004540362,0.9999967615112084,1.0,0.03455932556458092,0.005024352506317829,0.10641069323948599,0.060019297184120024,0.050012678628311526,0.010819326665885295,0.03376436591857885,0.014663677803401009,4.882837488669505,0.9922664887656824,1.0,1.0,0.03455932556458092,0.005024352506317829,0.10641069323948599,0.060019297184120024,0.050012678628311526,0.010819326665885295,0.03376436591857885,0.014663677803401009,4.882837488669505,0.9922664887656824,1.0,1.0,0.03575394264486874,0.00582515109581926,0.11399659537348311,0.06338308121946715,0.05314160667738063,0.015570231081740922,0.03475126164122713,0.015092281169961079,5.080943085997534,0.9911751180429165,1.0,1.0,0.03442816022286472,0.004980149551529228,0.10679151903566093,0.061064163753774846,0.04948486798655747,0.00803380047108092,0.03372926652420041,0.014648434330104317,4.882837504605166,0.992498040714281,1.0,1.0,0.008046261966228485,0.06119633745402098,0.017714043147861958,ok,
759xd9YjKW5,5c8f1d2de7c44d4fb95fa752c5fdce24,5c8f1d2de7c44d4fb95fa752c5fdce24_i0_0,0,0,/mnt/priorbimda-data/PriorBIMDA-Datasets/Matterport3D/v1/scans/759xd9YjKW5/undistorted_color_images/5c8f1d2de7c44d4fb95fa752c5fdce24_i0_0.jpg,/mnt/priorbimda-data/PriorBIMDA-Datasets/Matterport3D/v1/scans/759xd9YjKW5/undistorted_depth_images/5c8f1d2de7c44d4fb95fa752c5fdce24_d0_0.png,1024,1280,406,504,1.4155678118069965,1245255,0.9500541687011719,-9.313599586486816,0.45666301250457764,1.5784900188446045,True,204624,1.0,True,,1.0,204624,1.1259783506393433,0.11865230274699845,1.0700963201612306,0.050903639482364926,log-depth Laplacian fallback,,,,0.0842725760778701,0.02482069695003903,0.31530248607999783,0.1492633526520737,0.11770314907811502,-0.08780330221953583,0.09012551977971557,0.03914101591899289,7.838757186091313,0.9692448534637483,0.9948066861807421,0.9957727533717994,0.06518444982903804,0.019522236270373004,0.28927738049936563,0.13541634396753005,0.08423937474213247,0.030849000508322295,0.06419370676578981,0.027878972621297966,7.838757187579519,0.9936687666381584,0.9941337316453257,0.9978229358645418,0.06518444982903804,0.019522236270373004,0.28927738049936563,0.13541634396753005,0.08423937474213247,0.030849000508322295,0.06419370676578981,0.027878972621297966,7.838757187579519,0.9936687666381584,0.9941337316453257,0.9978229358645418,0.03898503034055978,0.01412790884755701,0.2780109682271469,0.08964813354802248,0.06616420964933008,0.028514323369700282,0.03874524555206732,0.016826846343249345,5.9704572699992315,0.9938149214417931,0.9944115863819057,0.9964906786160265,0.04809778754468788,0.01578964799839296,0.2808621837198118,0.09269515617565866,0.08091228561238295,-0.020054589101025085,0.04988707506672947,0.021665681419773892,7.838757184024059,0.9938205427803943,0.9944549509939731,0.9957864051941169,0.008402027189731598,0.05718684662133455,0.01775253750383854,ok,
759xd9YjKW5,5c8f1d2de7c44d4fb95fa752c5fdce24,5c8f1d2de7c44d4fb95fa752c5fdce24_i0_1,0,1,/mnt/priorbimda-data/PriorBIMDA-Datasets/Matterport3D/v1/scans/759xd9YjKW5/undistorted_color_images/5c8f1d2de7c44d4fb95fa752c5fdce24_i0_1.jpg,/mnt/priorbimda-data/PriorBIMDA-Datasets/Matterport3D/v1/scans/759xd9YjKW5/undistorted_depth_images/5c8f1d2de7c44d4fb95fa752c5fdce24_d0_1.png,1024,1280,406,504,1.4155678118069965,1242347,0.9478355407714844,-9.32802963256836,0.4585210084915161,1.5785200595855713,True,204624,1.0,True,,1.0,204624,1.0598268508911133,0.05810554656527205,1.0727712905852187,0.012139744862511799,log-depth Laplacian fallback,,,,0.07957244957738757,0.03725242457622604,0.4299451025887159,0.18119608621449282,0.12107344303402286,-0.06441304769335707,0.08538896421752531,0.037083955975105505,10.25170127099209,0.9673464821020215,0.9781099805448881,0.9990171827999745,0.06573503801244585,0.033497899719561186,0.40944172623638414,0.1738831038945204,0.10271086840290052,-0.006307501283216593,0.067454576123777,0.029295150189679205,10.251701281075336,0.96726759914903,0.9880435981251615,0.9999428501054858,0.06573503801244585,0.033497899719561186,0.40944172623638414,0.1738831038945204,0.10271086840290052,-0.006307501283216593,0.067454576123777,0.029295150189679205,10.251701281075336,0.96726759914903,0.9880435981251615,0.9999428501054858,0.04392913479919702,0.029227575946637527,0.40808673164043874,0.13036649569300257,0.0939081493479418,0.006190815430385103,0.04651827071821187,0.020202628280601032,9.37038650124009,0.9673915580751593,0.9825886004473791,0.9993222505467474,0.06594668655370305,0.03436448020799615,0.4094235037219313,0.17855207983675295,0.10268277935812078,0.005832262585553486,0.06686808631578023,0.029040440902373694,10.251701268492791,0.9671935457645892,0.9883864974922465,0.9999645831639631,0.008502746000885963,0.05692791007459164,0.017733211629092693,ok,
759xd9YjKW5,5c8f1d2de7c44d4fb95fa752c5fdce24,5c8f1d2de7c44d4fb95fa752c5fdce24_i0_2,0,2,/mnt/priorbimda-data/PriorBIMDA-Datasets/Matterport3D/v1/scans/759xd9YjKW5/undistorted_color_images/5c8f1d2de7c44d4fb95fa752c5fdce24_i0_2.jpg,/mnt/priorbimda-data/PriorBIMDA-Datasets/Matterport3D/v1/scans/759xd9YjKW5/undistorted_depth_images/5c8f1d2de7c44d4fb95fa752c5fdce24_d0_2.png,1024,1280,406,504,1.4155678118069965,1242667,0.9480796813964844,-9.333640098571777,0.4719470143318176,1.578660011291504,True,204624,1.0,True,,1.0,204624,1.100969672203064,0.09619131167819628,1.0543323659721493,0.04328357353303239,log-depth Laplacian fallback,,,,0.052852303272541104,0.006577562129053272,0.11469433290412231,0.0984562305276063,0.0622863508412338,-0.053236688839623916,0.054700249820589596,0.0237560166558114,3.233333361270268,1.0,1.0,1.0,0.04704586922061948,0.006004240000655193,0.10980679184659276,0.0905312714980476,0.05376378051839614,0.04295462293963982,0.04558702866632249,0.01979819499614921,3.2333333631774512,0.9997875537050553,1.0,1.0,0.04704586922061948,0.006004240000655193,0.10980679184659276,0.0905312714980476,0.05376378051839614,0.04295462293963982,0.04558702866632249,0.01979819499614921,3.2333333631774512,0.9997875537050553,1.0,1.0,0.0381545178701806,0.0031985190968787207,0.07701231202408985,0.06859649266980214,0.041510075374045885,0.03453664336054091,0.037317151265685446,0.016206632875036132,2.3028387328377473,1.0,1.0,1.0,0.026025479315110015,0.0019306782163168261,0.06122763219467964,0.04862463065265696,0.03233500675520618,-0.00032894160684858437,0.026009181728400867,0.011295644103463379,3.233333356272615,1.0,1.0,1.0,0.007672845385968685,0.056890154257416725,0.017695387825369835,ok,
759xd9YjKW5,5c8f1d2de7c44d4fb95fa752c5fdce24,5c8f1d2de7c44d4fb95fa752c5fdce24_i0_3,0,3,/mnt/priorbimda-data/PriorBIMDA-Datasets/Matterport3D/v1/scans/759xd9YjKW5/undistorted_color_images/5c8f1d2de7c44d4fb95fa752c5fdce24_i0_3.jpg,/mnt/priorbimda-data/PriorBIMDA-Datasets/Matterport3D/v1/scans/759xd9YjKW5/undistorted_depth_images/5c8f1d2de7c44d4fb95fa752c5fdce24_d0_3.png,1024,1280,406,504,1.4155678118069965,1213904,0.92613525390625,-9.324810028076172,0.4835149943828583,1.5787700414657593,True,190058,0.9288157791852373,True,,1.0,190058,0.9149671196937561,-0.08886714911320702,0.872069494075337,0.0480190140949074,log-depth Laplacian fallback,,,,0.16713559323148847,0.09755178710599281,0.4881786868247803,0.3665282554451836,0.18297901196635008,0.12051402440792318,0.15039247138706976,0.06531462044319714,13.768692291277407,0.7220266182498781,0.9996128194651307,0.9999003216069805,0.1263825708006499,0.05108482190544209,0.3837352551468361,0.2791201275760077,0.141277080518578,0.03164687542603687,0.12243046611991029,0.05317087585272009,13.768692296518822,0.915957110282197,0.9987915024581845,0.999934096930235,0.1263825708006499,0.05108482190544209,0.3837352551468361,0.2791201275760077,0.141277080518578,0.03164687542603687,0.12243046611991029,0.05317087585272009,13.768692296518822,0.915957110282197,0.9987915024581845,0.999934096930235,0.06906216310715826,0.025863853917162637,0.3046100612541448,0.17418130383343866,0.0923066509463767,0.027840696435909196,0.06701027773996199,0.0291021938532698,8.800803049097155,0.9699984512778606,0.9988648196232981,0.9999357445069791,0.1170826541945295,0.04268461665365175,0.372916091536162,0.2551662015297258,0.1386569012812522,-0.016372157186931465,0.11894531726498794,0.05165729493641586,13.768692291559617,0.9362643174419064,0.9981695422372774,0.9999448061790718,0.008973078802227974,0.05892669130116701,0.017752215266227722,ok,
759xd9YjKW5,5c8f1d2de7c44d4fb95fa752c5fdce24,5c8f1d2de7c44d4fb95fa752c5fdce24_i0_4,0,4,/mnt/priorbimda-data/PriorBIMDA-Datasets/Matterport3D/v1/scans/759xd9YjKW5/undistorted_color_images/5c8f1d2de7c44d4fb95fa752c5fdce24_i0_4.jpg,/mnt/priorbimda-data/PriorBIMDA-Datasets/Matterport3D/v1/scans/759xd9YjKW5/undistorted_depth_images/5c8f1d2de7c44d4fb95fa752c5fdce24_d0_4.png,1024,1280,406,504,1.4155678118069965,1212712,0.925225830078125,-9.310379981994629,0.4816559851169586,1.5787400007247925,True,197118,0.9633180858550316,True,,1.0,197118,1.1265283823013306,0.1191406756915725,1.147066700153739,0.018067312599031632,log-depth Laplacian fallback,,,,0.13477790133801626,0.03998684229719216,0.32003428018950103,0.24845760571643963,0.16167133527000935,-0.1457816566370749,0.14686724114006483,0.0637836323994844,6.989513027484646,0.8549152643001801,0.9954309019783757,1.0,0.05504730451634758,0.011011753945811243,0.19113416917363138,0.10203439469598988,0.07480020777869309,-0.026640980960647143,0.05670316003733463,0.024625869510691425,6.989513013930295,0.9906391624722111,0.9997699371326415,0.9999975262057273,0.05504730451634758,0.011011753945811243,0.19113416917363138,0.10203439469598988,0.07480020777869309,-0.026640980960647143,0.05670316003733463,0.024625869510691425,6.989513013930295,0.9906391624722111,0.9997699371326415,0.9999975262057273,0.02654270462292907,0.008041324081423749,0.19782065312656488,0.0631696046333936,0.050193477350097354,-0.013173867191817422,0.027228398083634118,0.01182514303878738,4.843381454838234,0.9888662765767965,0.9991316982102924,1.0,0.05439827100520148,0.010682885815239303,0.18781343413746177,0.10425742002211273,0.07041900910235348,-0.008573657695773857,0.05507005841170859,0.023916622486294795,6.989513027867564,0.9907636767839355,0.9996182110839177,0.9999967016076364,0.009709679521620274,0.05883797351270914,0.017697200179100037,ok,
759xd9YjKW5,5c8f1d2de7c44d4fb95fa752c5fdce24,5c8f1d2de7c44d4fb95fa752c5fdce24_i0_5,0,5,/mnt/priorbimda-data/PriorBIMDA-Datasets/Matterport3D/v1/scans/759xd9YjKW5/undistorted_color_images/5c8f1d2de7c44d4fb95fa752c5fdce24_i0_5.jpg,/mnt/priorbimda-data/PriorBIMDA-Datasets/Matterport3D/v1/scans/759xd9YjKW5/undistorted_depth_images/5c8f1d2de7c44d4fb95fa752c5fdce24_d0_5.png,1024,1280,406,504,1.4155678118069965,1246921,0.9513252258300782,-9.304780006408691,0.4682289958000183,1.5786000490188599,True,204624,1.0,True,,1.0,204624,1.3351751565933228,0.28906248668648543,1.349121602356229,0.010391229068253127,log-depth Laplacian fallback,,,,0.265606528370643,0.1359845343951476,0.5316635673097181,0.48669544007719023,0.31507976035475743,-0.31012740857454296,0.31021007282852947,0.13472252286023625,5.564392002770725,0.014044995633243806,0.9851843059824961,1.0,0.03833660363802838,0.00819321647614588,0.14816481519917774,0.08288092445976289,0.05949770400626182,-0.02106492195926496,0.039470501002087585,0.017141820783163425,5.564392010693371,0.9957575499971529,1.0,1.0,0.03833660363802838,0.00819321647614588,0.14816481519917774,0.08288092445976289,0.05949770400626182,-0.02106492195926496,0.039470501002087585,0.017141820783163425,5.564392010693371,0.9957575499971529,1.0,1.0,0.041243256584966956,0.008042867542241573,0.1452364691585219,0.08769685270592172,0.0586991391126437,0.005532324771523286,0.04174449742639676,0.01812940488210862,5.84378500219497,0.9980912984864317,1.0,1.0,0.037596320158113476,0.007522038743036393,0.14092929169680787,0.08135547175640058,0.056658397953270066,-0.010673716368414318,0.03833770505630038,0.016649853754785653,5.564392004089721,0.9972580460189538,1.0,1.0,0.008813795633614063,0.058520760387182236,0.017727642320096493,ok,
759xd9YjKW5,5c8f1d2de7c44d4fb95fa752c5fdce24,5c8f1d2de7c44d4fb95fa752c5fdce24_i1_0,1,0,/mnt/priorbimda-data/PriorBIMDA-Datasets/Matterport3D/v1/scans/759xd9YjKW5/undistorted_color_images/5c8f1d2de7c44d4fb95fa752c5fdce24_i1_0.jpg,/mnt/priorbimda-data/PriorBIMDA-Datasets/Matterport3D/v1/scans/759xd9YjKW5/undistorted_depth_images/5c8f1d2de7c44d4fb95fa752c5fdce24_d1_0.png,1024,1280,406,504,1.4121168655554452,1222192,0.93245849609375,-9.317830085754395,0.46651899814605713,1.6118500232696533,True,204624,1.0,True,,1.0,204624,1.0828428268432617,0.07958982991828024,1.0365977576851275,0.04364586629095979,log-depth Laplacian fallback,,,,0.11392748555762751,0.36109610461659797,1.5417527390350327,0.58518644738294,0.35670871664002934,-0.12516486395836432,0.14875328783007094,0.06460273206956592,33.40282403588968,0.8744878055166455,0.905272657651171,0.916568755154673,0.12426028698918165,0.35054448612100686,1.4812115213472128,0.578664081133725,0.33712304734461035,-0.04557503424548052,0.15046743833267898,0.06534717817400032,33.40282402798297,0.8841622265568748,0.9054780263657428,0.9176234175972351,0.12426028698918165,0.35054448612100686,1.4812115213472128,0.578664081133725,0.33712304734461035,-0.04557503424548052,0.15046743833267898,0.06534717817400032,33.40282402798297,0.8841622265568748,0.9054780263657428,0.9176234175972351,0.13143741980503873,0.33001353870589994,1.4308010222301948,0.5845070005837301,0.3154555531079647,-0.030143045869141474,0.15272020502080166,0.06632554231566748,31.40121060920785,0.8750924568316598,0.9056653946352128,0.9181789767892442,0.10257428656091203,0.35285140002449994,1.5119991922488187,0.5479483278756108,0.34573868660358037,-0.08922092827466967,0.13360746804864987,0.058024986114593696,33.40282403812214,0.8745254428109495,0.9053863877361331,0.9171848612983885,0.00875184778124094,0.05873009376227856,0.017725922167301178,ok,
759xd9YjKW5,5c8f1d2de7c44d4fb95fa752c5fdce24,5c8f1d2de7c44d4fb95fa752c5fdce24_i1_1,1,1,/mnt/priorbimda-data/PriorBIMDA-Datasets/Matterport3D/v1/scans/759xd9YjKW5/undistorted_color_images/5c8f1d2de7c44d4fb95fa752c5fdce24_i1_1.jpg,/mnt/priorbimda-data/PriorBIMDA-Datasets/Matterport3D/v1/scans/759xd9YjKW5/undistorted_depth_images/5c8f1d2de7c44d4fb95fa752c5fdce24_d1_1.png,1024,1280,406,504,1.4121168655554452,1177918,0.8986801147460938,-9.321310043334961,0.46696600317955017,1.6118500232696533,True,204624,1.0,True,,1.0,204624,0.9969680905342102,-0.0030365150147216016,0.9960489744814558,0.000922336425559102,log-depth Laplacian fallback,,,,0.04348252263321172,0.04415977133546309,0.45933593746045526,0.219848606202689,0.08771480404344112,-0.00625909834367506,0.041918601834675245,0.018205017465899,8.749120262234072,0.9785732113780415,0.9935980263481838,0.9975770809173474,0.04297178335294188,0.044396421443566876,0.46329984639028987,0.22038401850370243,0.08798362894194403,-0.009295613390098241,0.04153900328343502,0.018040159909756888,8.74912026062936,0.9782701342538275,0.9938637494290774,0.9976067943608978,0.04297178335294188,0.044396421443566876,0.46329984639028987,0.22038401850370243,0.08798362894194403,-0.009295613390098241,0.04153900328343502,0.018040159909756888,8.74912026062936,0.9782701342538275,0.9938637494290774,0.9976067943608978,0.0506626956132098,0.04574655704410085,0.4769642974466918,0.2490659080796474,0.0911617582290382,-0.005612462532602368,0.04969965934427983,0.021584287805692125,9.09888258399335,0.9692822420575965,0.9942610606171227,0.997841955042711,0.042910508389441895,0.044482647444286975,0.46457184584122174,0.22084243611704116,0.08808584896931614,-0.01021793730206919,0.041517330603221055,0.018030747584331912,8.749120267739013,0.9781750512344662,0.9939155357164081,0.9976152839161979,0.007486777380108833,0.05804508086293936,0.017727832309901714,ok,
759xd9YjKW5,5c8f1d2de7c44d4fb95fa752c5fdce24,5c8f1d2de7c44d4fb95fa752c5fdce24_i1_2,1,2,/mnt/priorbimda-data/PriorBIMDA-Datasets/Matterport3D/v1/scans/759xd9YjKW5/undistorted_color_images/5c8f1d2de7c44d4fb95fa752c5fdce24_i1_2.jpg,/mnt/priorbimda-data/PriorBIMDA-Datasets/Matterport3D/v1/scans/759xd9YjKW5/undistorted_depth_images/5c8f1d2de7c44d4fb95fa752c5fdce24_d1_2.png,1024,1280,406,504,1.4121168655554452,1041978,0.7949661254882813,-9.322649955749512,0.470196008682251,1.6118899583816528,True,204624,1.0,True,,1.0,204624,1.0828428268432617,0.07958982991828024,1.104584468419421,0.0198793876488957,log-depth Laplacian fallback,,,,0.09383991567145118,0.023729703062438146,0.2514967656910689,0.2477438228502057,0.09955984157282496,-0.09859530977653173,0.09862921927937437,0.0428341256874581,1.3824866873708093,0.9993186036557393,1.0,1.0,0.019978344049537453,0.001436292924984819,0.06274338718078076,0.05317119335779935,0.023501812818133388,-0.019005479760490628,0.02023701746829691,0.008788825016661058,1.3824866900341573,0.9993186036557393,1.0,1.0,0.019978344049537453,0.001436292924984819,0.06274338718078076,0.05317119335779935,0.023501812818133388,-0.019005479760490628,0.02023701746829691,0.008788825016661058,1.3824866900341573,0.9993186036557393,1.0,1.0,0.018529864119204306,0.0013219906157259924,0.05920400235662516,0.04798173256888328,0.023003902120144477,-0.011221399482889352,0.01870087807441199,0.008121688154462637,2.00813273066946,0.9993186036557393,1.0,1.0,0.009710331493624307,0.0004919832789701827,0.03662384065441474,0.025167926508741095,0.013852459653211855,0.0008738960677757864,0.009702983222936229,0.004213952071721036,1.3824866874823365,0.9993186036557393,1.0,1.0,0.009214368648827076,0.057296521961688995,0.01771971955895424,ok,
759xd9YjKW5,5c8f1d2de7c44d4fb95fa752c5fdce24,5c8f1d2de7c44d4fb95fa752c5fdce24_i1_3,1,3,/mnt/priorbimda-data/PriorBIMDA-Datasets/Matterport3D/v1/scans/759xd9YjKW5/undistorted_color_images/5c8f1d2de7c44d4fb95fa752c5fdce24_i1_3.jpg,/mnt/priorbimda-data/PriorBIMDA-Datasets/Matterport3D/v1/scans/759xd9YjKW5/undistorted_depth_images/5c8f1d2de7c44d4fb95fa752c5fdce24_d1_3.png,1024,1280,406,504,1.4121168655554452,1277970,0.9750137329101562,-9.32052993774414,0.47297799587249756,1.6119099855422974,True,190380,0.9303893971381656,True,,1.0,190380,0.9521123170852661,-0.04907227101829806,0.9408303106693489,0.011920213365091768,log-depth Laplacian fallback,,,,0.07541071066732949,0.030787123174239893,0.33181009728447886,0.23637388616792612,0.09305010155560495,0.023214001995504337,0.07370873331202629,0.03201129614549145,9.010788817224116,0.9778265530489761,0.9954498149408828,0.9993630523408218,0.06192878282397646,0.033278232591393585,0.3764865924487324,0.232458989315481,0.09374476838435264,-0.025858269054386315,0.06356150699885073,0.027604411751055793,9.010788822820613,0.9792585115456545,0.9964991353474651,0.9994264341103469,0.06192878282397646,0.033278232591393585,0.3764865924487324,0.232458989315481,0.09374476838435264,-0.025858269054386315,0.06356150699885073,0.027604411751055793,9.010788822820613,0.9792585115456545,0.9964991353474651,0.9994264341103469,0.046568887535553126,0.026110524660932735,0.3347624473680686,0.18145223683758396,0.08160145624457492,-0.03099822041331385,0.04765641793457975,0.020696919336263157,7.548448842274078,0.98109110542501,0.9972471967260578,0.9994256516193651,0.0603765486587492,0.03606338402121981,0.3960005053859314,0.23700847518199014,0.09770694387277437,-0.03777850403625288,0.06273686738318268,0.027246275316412348,9.01078881882175,0.9777451739868698,0.9967088429305853,0.9994350415111466,0.009085222147405148,0.058634763583540916,0.017723901197314262,ok,
759xd9YjKW5,5c8f1d2de7c44d4fb95fa752c5fdce24,5c8f1d2de7c44d4fb95fa752c5fdce24_i1_4,1,4,/mnt/priorbimda-data/PriorBIMDA-Datasets/Matterport3D/v1/scans/759xd9YjKW5/undistorted_color_images/5c8f1d2de7c44d4fb95fa752c5fdce24_i1_4.jpg,/mnt/priorbimda-data/PriorBIMDA-Datasets/Matterport3D/v1/scans/759xd9YjKW5/undistorted_depth_images/5c8f1d2de7c44d4fb95fa752c5fdce24_d1_4.png,1024,1280,406,504,1.4121168655554452,1262032,0.96285400390625,-9.317060470581055,0.4725309908390045,1.6119099855422974,True,197522,0.9652924388146064,True,,1.0,197522,1.029227614402771,0.02880863200485104,1.0386573070054093,0.009120196067798469,log-depth Laplacian fallback,,,,0.04814694759846221,0.021058469151238973,0.2697667522868986,0.16145097239758086,0.07197886085058411,-0.03231043821037848,0.04780370545058807,0.02076088549171879,6.43194526718089,0.9814244012830102,0.9942600504583085,0.999771004221763,0.030746353929219625,0.018799394485891657,0.25096099369881186,0.10111878751009698,0.06441470831248125,-0.0035018062175184907,0.02930345394663525,0.012726328349729752,6.431945273552155,0.9815440495962068,0.9937188597436515,0.9997535720171913,0.030746353929219625,0.018799394485891657,0.25096099369881186,0.10111878751009698,0.06441470831248125,-0.0035018062175184907,0.02930345394663525,0.012726328349729752,6.431945273552155,0.9815440495962068,0.9937188597436515,0.9997535720171913,0.028793902498961712,0.0175244081736989,0.24541151226545152,0.09779442550931927,0.06274546993895493,0.0013480604531273682,0.027468936744891825,0.011929607652056,6.273098700702079,0.981765914018028,0.9938448470403286,0.9997591186277368,0.029694537572634457,0.0192532495218062,0.253102100397643,0.09884333465352392,0.06456437336168222,0.005618390477725066,0.027978109086505817,0.012150738390356712,6.431945270310149,0.9823086894785552,0.9935976266845848,0.999750402525451,0.00975526962429285,0.06032310798764229,0.017700254917144775,ok,
759xd9YjKW5,5c8f1d2de7c44d4fb95fa752c5fdce24,5c8f1d2de7c44d4fb95fa752c5fdce24_i1_5,1,5,/mnt/priorbimda-data/PriorBIMDA-Datasets/Matterport3D/v1/scans/759xd9YjKW5/undistorted_color_images/5c8f1d2de7c44d4fb95fa752c5fdce24_i1_5.jpg,/mnt/priorbimda-data/PriorBIMDA-Datasets/Matterport3D/v1/scans/759xd9YjKW5/undistorted_depth_images/5c8f1d2de7c44d4fb95fa752c5fdce24_d1_5.png,1024,1280,406,504,1.4121168655554452,1119890,0.8544082641601562,-9.315710067749023,0.4693009853363037,1.6118700504302979,True,204624,1.0,True,,1.0,204624,1.060603380203247,0.0588379727828015,1.065504886004036,0.0046107854075514085,log-depth Laplacian fallback,,,,0.06922115489976133,0.025094041301488252,0.27770928351069984,0.2155023185515059,0.0878118835097224,-0.029768232136135872,0.06874571888792072,0.029855886367496122,8.261222210432415,0.9812017251694363,0.997628338497531,0.9995981748207413,0.05292689318205568,0.0281878788494691,0.3093168270556451,0.1771818281736906,0.0875775602548031,0.02906974049446394,0.04892269590957955,0.021246856873361187,8.261222214520192,0.9764057184187733,0.9926305262123959,0.9994160140728108,0.05292689318205568,0.0281878788494691,0.3093168270556451,0.1771818281736906,0.0875775602548031,0.02906974049446394,0.04892269590957955,0.021246856873361187,8.261222214520192,0.9764057184187733,0.9926305262123959,0.9994160140728108,0.0463002272862943,0.026790993069146334,0.26978494531781166,0.13506286090223932,0.09074887340931216,0.027804436141674646,0.041926860244154984,0.01820860404756533,8.638443931578708,0.9689942762235577,0.9889140897766745,0.9995240603987892,0.05278257707149629,0.02957473334772301,0.3200928882164684,0.17898445665910315,0.08921411607537726,0.03368054724773669,0.048534934742170445,0.02107845433805904,8.261222212362929,0.9757529757386886,0.9909232156729679,0.9994052987346972,0.009278555400669575,0.05977543909102678,0.017748803831636906,ok,
759xd9YjKW5,5c8f1d2de7c44d4fb95fa752c5fdce24,5c8f1d2de7c44d4fb95fa752c5fdce24_i2_0,2,0,/mnt/priorbimda-data/PriorBIMDA-Datasets/Matterport3D/v1/scans/759xd9YjKW5/undistorted_color_images/5c8f1d2de7c44d4fb95fa752c5fdce24_i2_0.jpg,/mnt/priorbimda-data/PriorBIMDA-Datasets/Matterport3D/v1/scans/759xd9YjKW5/undistorted_depth_images/5c8f1d2de7c44d4fb95fa752c5fdce24_d2_0.png,1024,1280,406,504,1.4165615917841592,1247422,0.9517074584960937,-9.313549995422363,0.4559830129146576,1.6449899673461914,True,204624,1.0,True,,1.0,204624,1.028473973274231,0.028076124272192752,1.0152870385045398,0.012904755201654138,log-depth Laplacian fallback,,,,0.03118386489273903,0.008151840323135337,0.13276396064370977,0.06675212002782023,0.0518360255310307,-0.007174620159003154,0.03037332320410157,0.013190966664605308,5.133710518161004,0.993306194695941,0.9967420808675813,0.9991734954169479,0.03125549715483894,0.01017869266295826,0.15309300208945126,0.07403265880041965,0.05542897467401714,0.020901504021838012,0.029609653606090674,0.012859309172191904,5.133710512911614,0.9892834982868668,0.9965985849215422,0.9989097514714347,0.03125549715483894,0.01017869266295826,0.15309300208945126,0.07403265880041965,0.05542897467401714,0.020901504021838012,0.029609653606090674,0.012859309172191904,5.133710512911614,0.9892834982868668,0.9965985849215422,0.9989097514714347,0.03222055680210488,0.009798628570212674,0.14946996342762586,0.0753776752413657,0.05486649819185852,0.020313346739301054,0.030643566484049374,0.013308331829858076,5.096764236342644,0.9897693002047423,0.9966466841213318,0.9989714787778314,0.029036975099550742,0.008801056165765582,0.14053240755959226,0.06582736934361558,0.05195619704524906,0.007996752008082104,0.027776236285472634,0.012063066146821639,5.133710518451524,0.9904370774284885,0.9966611138812688,0.9990316027775684,0.007549122907221317,0.05858944170176983,0.017765219323337078,ok,
759xd9YjKW5,5c8f1d2de7c44d4fb95fa752c5fdce24,5c8f1d2de7c44d4fb95fa752c5fdce24_i2_1,2,1,/mnt/priorbimda-data/PriorBIMDA-Datasets/Matterport3D/v1/scans/759xd9YjKW5/undistorted_color_images/5c8f1d2de7c44d4fb95fa752c5fdce24_i2_1.jpg,/mnt/priorbimda-data/PriorBIMDA-Datasets/Matterport3D/v1/scans/759xd9YjKW5/undistorted_depth_images/5c8f1d2de7c44d4fb95fa752c5fdce24_d2_1.png,1024,1280,406,504,1.4165615917841592,1243161,0.9484565734863282,-9.327980041503906,0.45784100890159607,1.6450200080871582,True,204624,1.0,True,,1.0,204624,1.0697048902511597,0.06738280692944473,1.0446010765270999,0.023747739345966648,log-depth Laplacian fallback,,,,0.04782945874382275,0.007412927497867645,0.13258067029880016,0.10645744517860525,0.05922828537504365,-0.044330940728104194,0.049166633790849415,0.02135279774912386,3.9277951609381585,0.9972296428218067,0.9999726503646752,1.0,0.03416025199330213,0.007527849049031539,0.15747355404428776,0.0995884181071809,0.04554279324101571,0.023051866257918233,0.03321595816334239,0.014425507341468875,3.9277951553269137,0.9951639409537462,0.999593777475323,1.0,0.03416025199330213,0.007527849049031539,0.15747355404428776,0.0995884181071809,0.04554279324101571,0.023051866257918233,0.03321595816334239,0.014425507341468875,3.9277951553269137,0.9951639409537462,0.999593777475323,1.0,0.034018318846649125,0.006515881418118843,0.14418421422753824,0.09728644717756983,0.0433516041455822,0.02774037302930955,0.033138178952754185,0.014391728259503614,3.331416044552249,0.9961766818618023,0.9997096112249338,1.0,0.028693238918681137,0.0048495542582777905,0.12230385532742503,0.07419478747044612,0.03928411528371456,-0.0006958671599119722,0.028477310836235503,0.012367538955620754,3.9277951607994175,0.9960198236592043,0.9997546576831159,1.0,0.00792965292930603,0.058557331562042236,0.017711909487843513,ok,
759xd9YjKW5,5c8f1d2de7c44d4fb95fa752c5fdce24,5c8f1d2de7c44d4fb95fa752c5fdce24_i2_2,2,2,/mnt/priorbimda-data/PriorBIMDA-Datasets/Matterport3D/v1/scans/759xd9YjKW5/undistorted_color_images/5c8f1d2de7c44d4fb95fa752c5fdce24_i2_2.jpg,/mnt/priorbimda-data/PriorBIMDA-Datasets/Matterport3D/v1/scans/759xd9YjKW5/undistorted_depth_images/5c8f1d2de7c44d4fb95fa752c5fdce24_d2_2.png,1024,1280,406,504,1.4165615917841592,1164912,0.88875732421875,-9.333589553833008,0.4712670147418976,1.6451599597930908,True,204624,1.0,True,,1.0,204624,1.0759910345077515,0.07324212946301269,1.1043407501411742,0.02600642125932126,log-depth Laplacian fallback,,,,0.08842499612275939,0.018221683838468748,0.1986995921494892,0.19423635577797596,0.0984819674906618,-0.09309781017706027,0.09309781017706027,0.040431865237173695,3.2116906156537257,0.9994239908250581,1.0,1.0,0.0324071541811058,0.002782129006768673,0.07687476595662353,0.06959811326961136,0.037759021565796365,-0.01985568067110939,0.03294421456142104,0.014307490594661925,3.2116906057296486,0.9996514758196328,1.0,1.0,0.0324071541811058,0.002782129006768673,0.07687476595662353,0.06959811326961136,0.037759021565796365,-0.01985568067110939,0.03294421456142104,0.014307490594661925,3.2116906057296486,0.9996514758196328,1.0,1.0,0.02886138420694801,0.0023445130253730794,0.07166340892480098,0.06323239123712622,0.03429287652927869,-0.014137981015530588,0.029232691364290016,0.012695596550691994,3.124290116901517,0.999625722801379,1.0,1.0,0.028219058053108897,0.002816421506364543,0.08664871605441622,0.06901137964799207,0.03270057699782164,0.006150778195799652,0.02798936351652869,0.012155626127212615,3.2116906195593273,1.0,1.0,1.0,0.009300331585109234,0.05855511035770178,0.01772218383848667,ok,
759xd9YjKW5,5c8f1d2de7c44d4fb95fa752c5fdce24,5c8f1d2de7c44d4fb95fa752c5fdce24_i2_3,2,3,/mnt/priorbimda-data/PriorBIMDA-Datasets/Matterport3D/v1/scans/759xd9YjKW5/undistorted_color_images/5c8f1d2de7c44d4fb95fa752c5fdce24_i2_3.jpg,/mnt/priorbimda-data/PriorBIMDA-Datasets/Matterport3D/v1/scans/759xd9YjKW5/undistorted_depth_images/5c8f1d2de7c44d4fb95fa752c5fdce24_d2_3.png,1024,1280,406,504,1.4165615917841592,1259994,0.9612991333007812,-9.324760437011719,0.48283499479293823,1.6452699899673462,True,204624,1.0,True,,1.0,204624,1.0697048902511597,0.06738280692944473,1.0956851790167224,0.023997094910812145,log-depth Laplacian fallback,,,,0.08598712782451316,0.02019248030134651,0.215227365534337,0.19352662030881662,0.09961394608289902,-0.08537451439185056,0.08999216607485763,0.03908310114083169,5.132378149125815,0.995795218072467,0.998592850442145,1.0,0.039959793573935636,0.00724594567299848,0.12439004128078138,0.08769102413784509,0.054385954965308736,-0.017991707429186904,0.03990325061754963,0.017329761553204332,5.132378163455155,0.9945872758124245,0.9979182440551304,0.9999222218518501,0.039959793573935636,0.00724594567299848,0.12439004128078138,0.08769102413784509,0.054385954965308736,-0.017991707429186904,0.03990325061754963,0.017329761553204332,5.132378163455155,0.9945872758124245,0.9979182440551304,0.9999222218518501,0.02049528791263279,0.004396591999629466,0.09662214696260094,0.0451472463717832,0.03978614829589766,-0.006327356531087094,0.02006718778853678,0.008715068923877847,3.9279793221854793,0.9948547374035115,0.9979579267837784,0.999999206345427,0.03512496349736979,0.00736612492697513,0.12699786584749073,0.0787617062318395,0.05167392600864117,0.00600533758963847,0.03418769647723143,0.014847527929044856,5.132378152066543,0.9940245747201971,0.9976634809372108,0.9998746025774726,0.008055579848587513,0.057707407511770725,0.017945555970072746,ok,
759xd9YjKW5,5c8f1d2de7c44d4fb95fa752c5fdce24,5c8f1d2de7c44d4fb95fa752c5fdce24_i2_4,2,4,/mnt/priorbimda-data/PriorBIMDA-Datasets/Matterport3D/v1/scans/759xd9YjKW5/undistorted_color_images/5c8f1d2de7c44d4fb95fa752c5fdce24_i2_4.jpg,/mnt/priorbimda-data/PriorBIMDA-Datasets/Matterport3D/v1/scans/759xd9YjKW5/undistorted_depth_images/5c8f1d2de7c44d4fb95fa752c5fdce24_d2_4.png,1024,1280,406,504,1.4165615917841592,1265770,0.9657058715820312,-9.310330390930176,0.4809759855270386,1.6452399492263794,True,204624,1.0,True,,1.0,204624,1.1465057134628296,0.13671880669880804,1.249085015098426,0.08569248866017773,log-depth Laplacian fallback,,,,0.19381246493984278,0.09304999062726152,0.48961191024213085,0.4822749349326881,0.21954785197712728,-0.21499363298801782,0.21606610840309928,0.09383631860577589,4.4485920046505605,0.5043515014576108,0.9999897295717232,0.9999960498352781,0.07726820007484725,0.01667662211037759,0.19797159954060214,0.18032083550907832,0.09003302469325705,-0.0782748264313507,0.08081976252348913,0.03509957689268255,4.448592004846653,0.9979569748058494,0.9999715588140026,1.0,0.07726820007484725,0.01667662211037759,0.19797159954060214,0.18032083550907832,0.09003302469325705,-0.0782748264313507,0.08081976252348913,0.03509957689268255,4.448592004846653,0.9979569748058494,0.9999715588140026,1.0,0.06165141678892331,0.012267548347006524,0.16522040101391494,0.13736537738649046,0.07857599971015053,-0.05520809624382562,0.06407935683794118,0.027829311078627263,5.5912912994960875,0.9975753888937169,0.9994066852587753,1.0,0.03423558524063383,0.0068858875978408274,0.14415157495787423,0.09447980493796139,0.045100104565637206,0.007417705254230891,0.033614123969768754,0.014598428554082395,4.4485920026372,0.9959574014236394,0.9988552422636023,1.0,0.0075242528691887856,0.05823972448706627,0.017698093317449093,ok,
759xd9YjKW5,5c8f1d2de7c44d4fb95fa752c5fdce24,5c8f1d2de7c44d4fb95fa752c5fdce24_i2_5,2,5,/mnt/priorbimda-data/PriorBIMDA-Datasets/Matterport3D/v1/scans/759xd9YjKW5/undistorted_color_images/5c8f1d2de7c44d4fb95fa752c5fdce24_i2_5.jpg,/mnt/priorbimda-data/PriorBIMDA-Datasets/Matterport3D/v1/scans/759xd9YjKW5/undistorted_depth_images/5c8f1d2de7c44d4fb95fa752c5fdce24_d2_5.png,1024,1280,406,504,1.4165615917841592,1267628,0.9671234130859375,-9.304730415344238,0.46755000948905945,1.6450999975204468,True,204624,1.0,True,,1.0,204624,1.0924019813537598,0.08837892437790622,1.1376069964346969,0.04054800584116798,log-depth Laplacian fallback,,,,0.12283440655720344,0.03797685206452613,0.31835128862386997,0.30998919061495694,0.13235239804716817,-0.12902571636674617,0.1309517928858333,0.056871641045654925,2.9487654787792357,0.997682285339232,1.0,1.0,0.04288352701574474,0.005880805069996818,0.11824565025839766,0.10209188359961126,0.05021636663471469,-0.04064679194514027,0.043630369903996775,0.01894842889270352,2.9487654748395413,0.9969841309911109,0.9998903463792217,1.0,0.04288352701574474,0.005880805069996818,0.11824565025839766,0.10209188359961126,0.05021636663471469,-0.04064679194514027,0.043630369903996775,0.01894842889270352,2.9487654748395413,0.9969841309911109,0.9998903463792217,1.0,0.042716787887414745,0.008856790892721697,0.16547560496406918,0.11174708314441532,0.05710113081708286,-0.03818685534985193,0.0437355386812907,0.01899410311235078,4.245354189086106,0.9968563332460312,0.9996505283884547,1.0,0.014661094783517091,0.002733866267309365,0.08249046790856902,0.03681265944286244,0.029487820334413262,-9.880200889012462e-05,0.014349083226819555,0.006231727665778242,2.9487654810745387,0.9965005506347288,0.9991062046594111,1.0,0.007941762916743755,0.06001573335379362,0.01770793553441763,ok,
759xd9YjKW5,606a5b4d7ee048d4b15fb07fc7a07fc6,606a5b4d7ee048d4b15fb07fc7a07fc6_i0_0,0,0,/mnt/priorbimda-data/PriorBIMDA-Datasets/Matterport3D/v1/scans/759xd9YjKW5/undistorted_color_images/606a5b4d7ee048d4b15fb07fc7a07fc6_i0_0.jpg,/mnt/priorbimda-data/PriorBIMDA-Datasets/Matterport3D/v1/scans/759xd9YjKW5/undistorted_depth_images/606a5b4d7ee048d4b15fb07fc7a07fc6_d0_0.png,1024,1280,406,504,1.4155678118069965,1245006,0.9498641967773438,-2.498660087585449,2.1643800735473633,1.5870800018310547,True,204624,1.0,True,,1.0,204624,1.087080955505371,0.08349608145176436,1.070075666150386,0.015766719449811825,log-depth Laplacian fallback,,,,0.06754206193007861,0.009864448915498349,0.14367043149951442,0.1282691682517169,0.0782544900096992,-0.06988756367467047,0.07049270632961022,0.030614593373376176,3.5206443306545347,1.0,1.0,1.0,0.031312576886276,0.0033902849451072914,0.09179968439744386,0.06908874850679396,0.03774500489351936,0.013608517690078247,0.030929799331719812,0.013432641176140793,3.5206443170116293,1.0,1.0,1.0,0.031312576886276,0.0033902849451072914,0.09179968439744386,0.06908874850679396,0.03774500489351936,0.013608517690078247,0.030929799331719812,0.013432641176140793,3.5206443170116293,1.0,1.0,1.0,0.024456983973201604,0.002301023551141363,0.07811096482526232,0.0547334228632083,0.030617926383229892,0.0066031492219168425,0.02433785559557057,0.010569796386514495,2.98974219015952,1.0,1.0,1.0,0.028310197104385298,0.002473177915329667,0.07531561542982965,0.058053633627446026,0.035272533584438125,-0.002158234390153993,0.02839083047371827,0.012329981011386531,3.5206443299238166,1.0,1.0,1.0,0.008673492819070816,0.057349005714058876,0.017699921503663063,ok,
759xd9YjKW5,606a5b4d7ee048d4b15fb07fc7a07fc6,606a5b4d7ee048d4b15fb07fc7a07fc6_i0_1,0,1,/mnt/priorbimda-data/PriorBIMDA-Datasets/Matterport3D/v1/scans/759xd9YjKW5/undistorted_color_images/606a5b4d7ee048d4b15fb07fc7a07fc6_i0_1.jpg,/mnt/priorbimda-data/PriorBIMDA-Datasets/Matterport3D/v1/scans/759xd9YjKW5/undistorted_depth_images/606a5b4d7ee048d4b15fb07fc7a07fc6_d0_1.png,1024,1280,406,504,1.4155678118069965,1237493,0.9441322326660156,-2.5071399211883545,2.152559995651245,1.5872700214385986,True,204624,1.0,True,,1.0,204624,1.0723196268081665,0.06982417754392503,1.0763322549569114,0.003735023665408385,log-depth Laplacian fallback,,,,0.0726898053261843,0.011924653091647353,0.14538833951960878,0.12437674796590718,0.09252166327227412,-0.07186349856710048,0.07665205310249745,0.033289563688969695,5.827431465375142,0.9917987414878306,1.0,1.0,0.04602865081959302,0.0068507053199475644,0.12702181517702787,0.09418670984910851,0.05830998701820598,-0.0020393211582992125,0.046125496779690606,0.020032048726465843,5.827431471305916,0.9988767613230943,1.0,1.0,0.04602865081959302,0.0068507053199475644,0.12702181517702787,0.09418670984910851,0.05830998701820598,-0.0020393211582992125,0.046125496779690606,0.020032048726465843,5.827431471305916,0.9988767613230943,1.0,1.0,0.02442711709377616,0.0020596317331565907,0.06787515406200734,0.048674867194316594,0.03208909541086014,-0.0008667378314178513,0.024416617077217068,0.010604002063380084,3.2077387827235473,1.0,1.0,1.0,0.046091828387550535,0.00711311904920155,0.1307751587829208,0.09574676580675677,0.0582989795539013,0.0016956622526560457,0.0460167062608673,0.019984801604457477,5.827431463819304,0.9987717102238154,1.0,1.0,0.008623058907687664,0.059292396530508995,0.01776103489100933,ok,
759xd9YjKW5,606a5b4d7ee048d4b15fb07fc7a07fc6,606a5b4d7ee048d4b15fb07fc7a07fc6_i0_2,0,2,/mnt/priorbimda-data/PriorBIMDA-Datasets/Matterport3D/v1/scans/759xd9YjKW5/undistorted_color_images/606a5b4d7ee048d4b15fb07fc7a07fc6_i0_2.jpg,/mnt/priorbimda-data/PriorBIMDA-Datasets/Matterport3D/v1/scans/759xd9YjKW5/undistorted_depth_images/606a5b4d7ee048d4b15fb07fc7a07fc6_d0_2.png,1024,1280,406,504,1.4155678118069965,1258142,0.9598861694335937,-2.521620035171509,2.1540000438690186,1.587630033493042,True,204624,1.0,True,,1.0,204624,1.0733673572540283,0.07080076969079023,1.0635113448348235,0.0092247466378882,log-depth Laplacian fallback,,,,0.0708057877816657,0.011257359810199492,0.1326939717396068,0.1156650683266007,0.09287596224686123,-0.07278802208212655,0.07488524380567056,0.032522248160782384,5.768750475321541,0.9848657782666821,1.0,1.0,0.04596936272711909,0.006085679694923643,0.11736558839240951,0.09091557380788398,0.057721723692464325,-0.0019872524024592696,0.04630245665516396,0.020108901423902203,5.768750483352627,0.9999817190746354,1.0,1.0,0.04596936272711909,0.006085679694923643,0.11736558839240951,0.09091557380788398,0.057721723692464325,-0.0019872524024592696,0.04630245665516396,0.020108901423902203,5.768750483352627,0.9999817190746354,1.0,1.0,0.020698992835098833,0.001341164170142469,0.05209884179962462,0.039202724766014455,0.027359835430130375,0.00712530909517906,0.020603726738337786,0.008948084829102582,2.6415725715224556,1.0,1.0,1.0,0.04507496188761332,0.005689014960464634,0.10886626601061987,0.08582529765442863,0.05876696826664815,-0.011211973841462514,0.0458272963650637,0.019902541931892097,5.768750472876766,0.999987282834529,1.0,1.0,0.008096419274806976,0.05812654551118612,0.017696350812911987,ok,
759xd9YjKW5,606a5b4d7ee048d4b15fb07fc7a07fc6,606a5b4d7ee048d4b15fb07fc7a07fc6_i0_3,0,3,/mnt/priorbimda-data/PriorBIMDA-Datasets/Matterport3D/v1/scans/759xd9YjKW5/undistorted_color_images/606a5b4d7ee048d4b15fb07fc7a07fc6_i0_3.jpg,/mnt/priorbimda-data/PriorBIMDA-Datasets/Matterport3D/v1/scans/759xd9YjKW5/undistorted_depth_images/606a5b4d7ee048d4b15fb07fc7a07fc6_d0_3.png,1024,1280,406,504,1.4155678118069965,1257245,0.9592018127441406,-2.5276100635528564,2.167259931564331,1.5878100395202637,True,204624,1.0,True,,1.0,204624,1.226422667503357,0.20410153136564851,1.242294459130943,0.012858508692007026,log-depth Laplacian fallback,,,,0.19196053561743678,0.07144942537868695,0.38520834419132693,0.36309989919637786,0.21822792802206517,-0.21404649129648817,0.21404649129648817,0.09295921004081728,4.251503419340122,0.5581235161006805,1.0,1.0,0.035180587747602646,0.003852775592862427,0.09377301414235652,0.07043943383551857,0.04366268841349252,-0.009944959923452736,0.03551807199978025,0.015425302677346962,4.251503418338803,1.0,1.0,1.0,0.035180587747602646,0.003852775592862427,0.09377301414235652,0.07043943383551857,0.04366268841349252,-0.009944959923452736,0.03551807199978025,0.015425302677346962,4.251503418338803,1.0,1.0,1.0,0.03779204190201313,0.0038748183823883826,0.09122066472440968,0.07357885750436276,0.04318821417883862,0.02328978052761559,0.0371494641620062,0.016133807291221918,3.6370427093075706,1.0,1.0,1.0,0.03451344225073345,0.0039508345884257225,0.09591186197691956,0.07026600656520057,0.04261474826190598,0.002913525888112561,0.03440522728149003,0.01494200035697834,4.25150342387833,1.0,1.0,1.0,0.007863491773605347,0.05862501636147499,0.0176985040307045,ok,
759xd9YjKW5,606a5b4d7ee048d4b15fb07fc7a07fc6,606a5b4d7ee048d4b15fb07fc7a07fc6_i0_4,0,4,/mnt/priorbimda-data/PriorBIMDA-Datasets/Matterport3D/v1/scans/759xd9YjKW5/undistorted_color_images/606a5b4d7ee048d4b15fb07fc7a07fc6_i0_4.jpg,/mnt/priorbimda-data/PriorBIMDA-Datasets/Matterport3D/v1/scans/759xd9YjKW5/undistorted_depth_images/606a5b4d7ee048d4b15fb07fc7a07fc6_d0_4.png,1024,1280,406,504,1.4155678118069965,1234932,0.9421783447265625,-2.51911997795105,2.179080009460449,1.5876200199127197,True,204624,1.0,True,,1.0,204624,1.226422667503357,0.20410153136564851,1.2090766589093318,0.014244554870227244,log-depth Laplacian fallback,,,,0.17198629846317007,0.04889038862659487,0.28481102329367936,0.2719148689037521,0.19273595935249627,-0.1892939834372147,0.18936766232459665,0.08224133079849058,3.626207194850526,0.8362573809732033,1.0,1.0,0.03145046213174943,0.0024161747034337528,0.06183632886639904,0.048548395580149804,0.03916888236585645,0.014807547980723451,0.030999682802107496,0.013462991181706421,3.6262072039375712,0.9991505605166924,1.0,1.0,0.03145046213174943,0.0024161747034337528,0.06183632886639904,0.048548395580149804,0.03916888236585645,0.014807547980723451,0.030999682802107496,0.013462991181706421,3.6262072039375712,0.9991505605166924,1.0,1.0,0.033189108830156154,0.0025481860527061593,0.06255352133984715,0.050786978643506495,0.040081433441275634,0.025187125262667122,0.03247109092998619,0.01410201561227173,3.117899978687778,0.9986144986120693,1.0,1.0,0.028722672117539757,0.0021225457091553603,0.059921358829018764,0.04557603527646323,0.036266441921888305,0.0005629799069381102,0.02869427970554476,0.012461767338306557,3.6262071966423566,0.9995619191987899,1.0,1.0,0.0078007811680436134,0.059466942213475704,0.017692127265036106,ok,
759xd9YjKW5,606a5b4d7ee048d4b15fb07fc7a07fc6,606a5b4d7ee048d4b15fb07fc7a07fc6_i0_5,0,5,/mnt/priorbimda-data/PriorBIMDA-Datasets/Matterport3D/v1/scans/759xd9YjKW5/undistorted_color_images/606a5b4d7ee048d4b15fb07fc7a07fc6_i0_5.jpg,/mnt/priorbimda-data/PriorBIMDA-Datasets/Matterport3D/v1/scans/759xd9YjKW5/undistorted_depth_images/606a5b4d7ee048d4b15fb07fc7a07fc6_d0_5.png,1024,1280,406,504,1.4155678118069965,1236087,0.9430595397949219,-2.504650115966797,2.177639961242676,1.587249994277954,True,204624,1.0,True,,1.0,204624,1.1248793601989746,0.11767579452756992,1.0987985732080394,0.02345841778957737,log-depth Laplacian fallback,,,,0.0973767941393338,0.02341140161393516,0.1933583129120806,0.15666712735065255,0.12281798540770043,-0.092471660239637,0.10241387744419395,0.04447778184432935,8.082851967054234,0.9662701735395648,0.9969144566685031,0.9983366866571689,0.059253595384772186,0.022466334637781242,0.22722463064861212,0.13057583080160565,0.08466698280436397,0.025204134267037544,0.056376877212534586,0.024484166680340955,8.082851967618613,0.9939041507596148,0.9965827648053899,0.9979669715804794,0.059253595384772186,0.022466334637781242,0.22722463064861212,0.13057583080160565,0.08466698280436397,0.025204134267037544,0.056376877212534586,0.024484166680340955,8.082851967618613,0.9939041507596148,0.9965827648053899,0.9979669715804794,0.0450103118010165,0.014449301188911214,0.17157146977712068,0.09341252973099978,0.06833225819831021,0.03630380187174183,0.042578492545746444,0.01849160436037641,5.789068560777155,0.9937836090825323,0.9967202955779002,0.9980769961984877,0.05370300272037444,0.018443485928050847,0.19851345452279676,0.11130947743463855,0.08084737041157576,0.0017457706004265522,0.05213684101783208,0.022642742357911586,8.082851964175283,0.9940853677775108,0.9965706297372272,0.9980478720348972,0.007855348289012909,0.05764020886272192,0.01773012802004814,ok,
759xd9YjKW5,606a5b4d7ee048d4b15fb07fc7a07fc6,606a5b4d7ee048d4b15fb07fc7a07fc6_i1_0,1,0,/mnt/priorbimda-data/PriorBIMDA-Datasets/Matterport3D/v1/scans/759xd9YjKW5/undistorted_color_images/606a5b4d7ee048d4b15fb07fc7a07fc6_i1_0.jpg,/mnt/priorbimda-data/PriorBIMDA-Datasets/Matterport3D/v1/scans/759xd9YjKW5/undistorted_depth_images/606a5b4d7ee048d4b15fb07fc7a07fc6_d1_0.png,1024,1280,406,504,1.4121168655554452,1028237,0.7844825744628906,-2.508820056915283,2.165410041809082,1.6205999851226807,True,204624,1.0,True,,1.0,204624,1.0020620822906494,0.0020599591172338976,0.9780969413575088,0.024206450934376122,log-depth Laplacian fallback,,,,0.05126975918538834,0.020664634756210287,0.22223612414729463,0.13703049577432802,0.08042275076256965,0.035141744238201586,0.048018901700684624,0.020854344035662005,7.2338624897873345,0.9807641623477856,0.9945362790874088,0.9993231132511279,0.05205833024904758,0.02113547075917503,0.22469814450661962,0.13877733519726362,0.08134398178268008,0.03720170337982557,0.04870106404393913,0.02115060337709962,7.233862479962185,0.9804208562811881,0.9945129381650339,0.9992744863295135,0.05205833024904758,0.02113547075917503,0.22469814450661962,0.13877733519726362,0.08134398178268008,0.03720170337982557,0.04870106404393913,0.02115060337709962,7.233862479962185,0.9804208562811881,0.9945129381650339,0.9992744863295135,0.0663919698363896,0.025560512494442127,0.25197389341358606,0.1826966303455541,0.0891995110269335,0.04272179094322167,0.06247264303554744,0.027131524140249868,7.830326523234963,0.9796710291498945,0.9945080754728725,0.9992462827149772,0.0472232999130142,0.017445348857329734,0.20861179693888895,0.13379374616797787,0.07349662433544195,0.01299527352024104,0.045051532637183624,0.0195656320256131,7.233862491670131,0.9829552914357294,0.9947103634667883,0.9998298057743497,0.008507599122822285,0.05735609773546457,0.01771349087357521,ok,
759xd9YjKW5,606a5b4d7ee048d4b15fb07fc7a07fc6,606a5b4d7ee048d4b15fb07fc7a07fc6_i1_1,1,1,/mnt/priorbimda-data/PriorBIMDA-Datasets/Matterport3D/v1/scans/759xd9YjKW5/undistorted_color_images/606a5b4d7ee048d4b15fb07fc7a07fc6_i1_1.jpg,/mnt/priorbimda-data/PriorBIMDA-Datasets/Matterport3D/v1/scans/759xd9YjKW5/undistorted_depth_images/606a5b4d7ee048d4b15fb07fc7a07fc6_d1_1.png,1024,1280,406,504,1.4121168655554452,844249,0.6441108703613281,-2.510859966278076,2.162569999694824,1.6206400394439697,True,204624,1.0,True,,1.0,204624,0.9884702563285828,-0.011596726527171402,1.0264834893276298,0.037735599439819925,log-depth Laplacian fallback,,,,0.029691291775546746,0.005923557595089112,0.1312180719512762,0.09336233797376316,0.042464286130880796,-0.022528379470514236,0.029728462087874982,0.012910907040234117,3.599566244754815,0.9955830566574553,0.9991187434039009,0.9999644654598348,0.039493889280094716,0.00786846966400485,0.15499384914522765,0.12608101651358947,0.04960050983219035,-0.034125106016623656,0.03993107714275832,0.017341846459553008,3.599566244656997,0.9956221446516371,0.9992715419266117,0.9999715723678678,0.039493889280094716,0.00786846966400485,0.15499384914522765,0.12608101651358947,0.04960050983219035,-0.034125106016623656,0.03993107714275832,0.017341846459553008,3.599566244656997,0.9956221446516371,0.9992715419266117,0.9999715723678678,0.03348372007878336,0.008074906789774197,0.15716983227465647,0.10707414547649874,0.0492432494787241,-0.014119801323070266,0.03355687559081458,0.014573565899004689,4.71755109121341,0.9954539478281881,0.9988356515672508,0.9999478826744242,0.01669771745882318,0.004617831463436038,0.11134786304460476,0.0489812572890662,0.036176286476778695,0.0036105387063028907,0.016169010827862786,0.007022112180374734,3.599566242619032,0.9952502164645738,0.9985857253014218,0.9999455137050799,0.008289950899779797,0.05955169815570116,0.017711171880364418,ok,
759xd9YjKW5,606a5b4d7ee048d4b15fb07fc7a07fc6,606a5b4d7ee048d4b15fb07fc7a07fc6_i1_2,1,2,/mnt/priorbimda-data/PriorBIMDA-Datasets/Matterport3D/v1/scans/759xd9YjKW5/undistorted_color_images/606a5b4d7ee048d4b15fb07fc7a07fc6_i1_2.jpg,/mnt/priorbimda-data/PriorBIMDA-Datasets/Matterport3D/v1/scans/759xd9YjKW5/undistorted_depth_images/606a5b4d7ee048d4b15fb07fc7a07fc6_d1_2.png,1024,1280,406,504,1.4121168655554452,1091631,0.8328483581542969,-2.5143399238586426,2.1629199981689453,1.6207300424575806,True,204624,1.0,True,,1.0,204624,0.9810174703598022,-0.019165010849759013,1.0077944894194486,0.026929280168478488,log-depth Laplacian fallback,,,,0.027383570236778818,0.02630079482934998,0.33410689539445576,0.10907040370359256,0.06237292561259704,-0.00563957076952856,0.025698521999656086,0.011160726297519958,6.211744594725416,0.9837335143468809,0.9952199965006491,0.9980579518170517,0.04020522061130761,0.02726558005340014,0.34317884399860793,0.15917259059155986,0.06688680258214531,-0.02480458156684365,0.03915514411507691,0.017004863027304487,6.211744596292319,0.9841695591275806,0.9954920664583545,0.9981587184680538,0.04020522061130761,0.02726558005340014,0.34317884399860793,0.15917259059155986,0.06688680258214531,-0.02480458156684365,0.03915514411507691,0.017004863027304487,6.211744596292319,0.9841695591275806,0.9954920664583545,0.9981587184680538,0.03703618829142094,0.02596813389489296,0.33376777004665,0.14297778560936147,0.06562801090057928,-0.021523526431138643,0.03600940431009376,0.01563868558849689,6.199817436614265,0.9846504908709994,0.9955690155373015,0.9981907805842817,0.02616280853289624,0.02670819579071875,0.33534820993230907,0.10448840544501513,0.06215377284823949,0.0021247084174999464,0.02427183903153211,0.010541125757038366,6.2117445966581375,0.9836016016401147,0.9949580032080437,0.998012148793869,0.008159635588526726,0.05852814111858606,0.01770857721567154,ok,
759xd9YjKW5,606a5b4d7ee048d4b15fb07fc7a07fc6,606a5b4d7ee048d4b15fb07fc7a07fc6_i1_3,1,3,/mnt/priorbimda-data/PriorBIMDA-Datasets/Matterport3D/v1/scans/759xd9YjKW5/undistorted_color_images/606a5b4d7ee048d4b15fb07fc7a07fc6_i1_3.jpg,/mnt/priorbimda-data/PriorBIMDA-Datasets/Matterport3D/v1/scans/759xd9YjKW5/undistorted_depth_images/606a5b4d7ee048d4b15fb07fc7a07fc6_d1_3.png,1024,1280,406,504,1.4121168655554452,1219660,0.9305267333984375,-2.515779972076416,2.166110038757324,1.62076997756958,True,204624,1.0,True,,1.0,204624,1.1243301630020142,0.11718744766418535,1.1520531761374242,0.024358273385695517,log-depth Laplacian fallback,,,,0.12708603386583356,0.0601780968727878,0.45233307185034793,0.41236617026775046,0.14715199433651985,-0.13198049279048896,0.1363772698170685,0.05922789573858374,6.5075793963614945,0.9723816473443418,0.9988578784251348,0.999420330255973,0.046767264691744484,0.02312149450492579,0.3441372317265041,0.1927537875616048,0.06673599588518511,-0.014793045143292298,0.04637124892676902,0.020138777527857865,6.507579398037308,0.9900578849843399,0.9980355180952069,0.9993104635718151,0.046767264691744484,0.02312149450492579,0.3441372317265041,0.1927537875616048,0.06673599588518511,-0.014793045143292298,0.04637124892676902,0.020138777527857865,6.507579398037308,0.9900578849843399,0.9980355180952069,0.9993104635718151,0.03204891507554514,0.014725728611194146,0.2332807832003406,0.11266615920214382,0.05764942417532318,-0.009220542125398164,0.03161781821680052,0.013731443981376575,5.690727291533213,0.9923109719102045,0.9975222603020514,0.9993735959201745,0.0419129348410044,0.027483795586084207,0.4024539752580174,0.19630310966531717,0.0657750072628089,0.00956517758034923,0.04045733548246426,0.017570397552542878,6.507579395043097,0.9899644163127429,0.9976034304642277,0.9992801272485775,0.007968306541442871,0.05747062619775534,0.01773473247885704,ok,
759xd9YjKW5,606a5b4d7ee048d4b15fb07fc7a07fc6,606a5b4d7ee048d4b15fb07fc7a07fc6_i1_4,1,4,/mnt/priorbimda-data/PriorBIMDA-Datasets/Matterport3D/v1/scans/759xd9YjKW5/undistorted_color_images/606a5b4d7ee048d4b15fb07fc7a07fc6_i1_4.jpg,/mnt/priorbimda-data/PriorBIMDA-Datasets/Matterport3D/v1/scans/759xd9YjKW5/undistorted_depth_images/606a5b4d7ee048d4b15fb07fc7a07fc6_d1_4.png,1024,1280,406,504,1.4121168655554452,1249888,0.9535888671875,-2.513740062713623,2.168950080871582,1.6207200288772583,True,204624,1.0,True,,1.0,204624,0.9131818413734436,-0.09082024913496943,0.8917164052277716,0.023786879177047943,log-depth Laplacian fallback,,,,0.1876412395157671,0.2947366699550094,1.3027756738771124,0.5578347506816722,0.3916017498639409,0.009607156942880592,0.22414040920635567,0.09734294288985702,39.14838860438261,0.881752605033411,0.913029007399063,0.9134498451061215,0.10611503233484751,0.2884862802159572,1.3303297668736658,0.44116393345678034,0.39981895828048647,-0.08121309223395358,0.15572813734566032,0.06763187072629201,39.14838860672208,0.8868178588801556,0.9134498451061215,0.9134498451061215,0.10611503233484751,0.2884862802159572,1.3303297668736658,0.44116393345678034,0.39981895828048647,-0.08121309223395358,0.15572813734566032,0.06763187072629201,39.14838860672208,0.8868178588801556,0.9134498451061215,0.9134498451061215,0.10049119018951834,0.27680252781472753,1.302280441393979,0.4263306905692724,0.38289486859851085,-0.07613437975677437,0.14668190293995953,0.06370314104189274,37.52492992906478,0.8863866202411737,0.9134498451061215,0.9134498451061215,0.09976457732384546,0.29126450777010265,1.339771744598635,0.433956291118633,0.40532039598636876,-0.10499995408806745,0.15180857129031475,0.06592962481700015,39.148388605924836,0.8890388578816661,0.9134498451061215,0.9134498451061215,0.008556414395570755,0.05820378381758928,0.01772953663021326,ok,
759xd9YjKW5,606a5b4d7ee048d4b15fb07fc7a07fc6,606a5b4d7ee048d4b15fb07fc7a07fc6_i1_5,1,5,/mnt/priorbimda-data/PriorBIMDA-Datasets/Matterport3D/v1/scans/759xd9YjKW5/undistorted_color_images/606a5b4d7ee048d4b15fb07fc7a07fc6_i1_5.jpg,/mnt/priorbimda-data/PriorBIMDA-Datasets/Matterport3D/v1/scans/759xd9YjKW5/undistorted_depth_images/606a5b4d7ee048d4b15fb07fc7a07fc6_d1_5.png,1024,1280,406,504,1.4121168655554452,1194193,0.9110969543457031,-2.5102601051330566,2.168600082397461,1.6206400394439697,True,204624,1.0,True,,1.0,204624,0.9921573996543884,-0.00787351527741973,1.0382169446885852,0.045378280773277144,log-depth Laplacian fallback,,,,0.07320874743955987,0.08287279427666715,0.4004017124516266,0.1972905023086614,0.14105152509413854,-0.01785893032111157,0.06348736669297836,0.027572213025328786,13.99163726629878,0.9669701631143375,0.9823462371660192,0.9868647697650212,0.0770038562353949,0.08311853390903287,0.407631624343788,0.21432633603916076,0.14226296111407216,-0.025732445472497433,0.06787339394595013,0.02947704045877173,13.991637271938176,0.9672213787888557,0.9824073663134854,0.9869242241413239,0.0770038562353949,0.08311853390903287,0.407631624343788,0.21432633603916076,0.14226296111407216,-0.025732445472497433,0.06787339394595013,0.02947704045877173,13.991637271938176,0.9672213787888557,0.9824073663134854,0.9869242241413239,0.08077723333212562,0.08209351019764563,0.41442561397293853,0.2302303045301717,0.1431276002808217,-0.028862049516240506,0.07238994073249079,0.03143855180542417,14.018734629012975,0.9661160298209753,0.9825807051289029,0.9870858395585973,0.06352917702409612,0.08686321085752613,0.3877683641935498,0.13758897118949057,0.14128888961920125,0.01964583883423099,0.05129557379859251,0.022277384646789737,13.991637268856799,0.9658237822529524,0.9818312450332568,0.9866018306923587,0.008094443939626217,0.059226290322840214,0.017717345617711544,ok,
759xd9YjKW5,606a5b4d7ee048d4b15fb07fc7a07fc6,606a5b4d7ee048d4b15fb07fc7a07fc6_i2_0,2,0,/mnt/priorbimda-data/PriorBIMDA-Datasets/Matterport3D/v1/scans/759xd9YjKW5/undistorted_color_images/606a5b4d7ee048d4b15fb07fc7a07fc6_i2_0.jpg,/mnt/priorbimda-data/PriorBIMDA-Datasets/Matterport3D/v1/scans/759xd9YjKW5/undistorted_depth_images/606a5b4d7ee048d4b15fb07fc7a07fc6_d2_0.png,1024,1280,406,504,1.4165615917841592,1206765,0.9206886291503906,-2.4969899654388428,2.164259910583496,1.6535600423812866,True,204624,1.0,True,,1.0,204624,1.1232328414916992,0.11621099308176965,1.082636314796151,0.03681189420657888,log-depth Laplacian fallback,,,,0.0781757283359436,0.015526228892815843,0.1866526957064405,0.16703833258812428,0.08913661338169739,-0.07760979645971691,0.08156988280614134,0.035425349992202156,4.384125156333365,0.9937924948105058,0.999406678185065,1.0,0.04420550918153158,0.009906455884346693,0.15778430755134012,0.10875191681128785,0.0584132494205183,0.03860119669731928,0.042541648573219924,0.01847560322641675,4.384125136670426,0.9932894971266154,0.9990868147485219,0.9999461369860744,0.04420550918153158,0.009906455884346693,0.15778430755134012,0.10875191681128785,0.0584132494205183,0.03860119669731928,0.042541648573219924,0.01847560322641675,4.384125136670426,0.9932894971266154,0.9990868147485219,0.9999461369860744,0.049652598304433256,0.011674895809076285,0.17132963588043948,0.11965362844761816,0.06328785372134696,0.03637842222758182,0.047746478366971525,0.020736032085088712,5.178767058756738,0.9926381689889913,0.9989948332939719,0.9998723860900838,0.029629524914207617,0.005279772243423302,0.11363895446058134,0.06736698638411284,0.04387775154242153,0.0017893407926183216,0.029230039528007977,0.012694444872827802,4.38412515782379,0.9958392893396809,0.9992442604815354,1.0,0.00728070642799139,0.05879099387675524,0.01771699171513319,ok,
759xd9YjKW5,606a5b4d7ee048d4b15fb07fc7a07fc6,606a5b4d7ee048d4b15fb07fc7a07fc6_i2_1,2,1,/mnt/priorbimda-data/PriorBIMDA-Datasets/Matterport3D/v1/scans/759xd9YjKW5/undistorted_color_images/606a5b4d7ee048d4b15fb07fc7a07fc6_i2_1.jpg,/mnt/priorbimda-data/PriorBIMDA-Datasets/Matterport3D/v1/scans/759xd9YjKW5/undistorted_depth_images/606a5b4d7ee048d4b15fb07fc7a07fc6_d2_1.png,1024,1280,406,504,1.4165615917841592,1192962,0.9101577758789062,-2.5054800510406494,2.152440071105957,1.653749942779541,True,204624,1.0,True,,1.0,204624,1.0357815027236938,0.035156216886906844,1.0647772618212954,0.027609416571091366,log-depth Laplacian fallback,,,,0.07538066310878175,0.015032111138284829,0.16192719382090817,0.13415734966501036,0.10000388102663008,-0.07260708168512518,0.07952749997726427,0.034538354399686846,6.876763707993712,0.9959663425993451,0.9997929523320944,1.0,0.05690831978066952,0.010106624769911572,0.13558103656780865,0.10259185931747423,0.07830424756692893,-0.03745086484181607,0.05878108817242235,0.025528302233551535,6.876763708040956,0.993447402348105,0.9996437438912555,1.0,0.05690831978066952,0.010106624769911572,0.13558103656780865,0.10259185931747423,0.07830424756692893,-0.03745086484181607,0.05878108817242235,0.025528302233551535,6.876763708040956,0.993447402348105,0.9996437438912555,1.0,0.07097835841765902,0.015098910669239296,0.16358101740188713,0.12751971054794944,0.10041139543471814,-0.05334799163111692,0.07463264813395615,0.032412547254404185,8.506726821800271,0.9939084396653036,0.9996118904038854,1.0,0.05438511878482577,0.009645957607525487,0.14237505144817986,0.10850903973369104,0.06946828151757853,-0.009841454564441927,0.05474119746714192,0.023773799992755994,6.876763707632803,0.9912905859532827,0.9995389626828013,1.0,0.0072271330282092094,0.059165239334106445,0.017730291932821274,ok,
759xd9YjKW5,606a5b4d7ee048d4b15fb07fc7a07fc6,606a5b4d7ee048d4b15fb07fc7a07fc6_i2_2,2,2,/mnt/priorbimda-data/PriorBIMDA-Datasets/Matterport3D/v1/scans/759xd9YjKW5/undistorted_color_images/606a5b4d7ee048d4b15fb07fc7a07fc6_i2_2.jpg,/mnt/priorbimda-data/PriorBIMDA-Datasets/Matterport3D/v1/scans/759xd9YjKW5/undistorted_depth_images/606a5b4d7ee048d4b15fb07fc7a07fc6_d2_2.png,1024,1280,406,504,1.4165615917841592,1245431,0.9501884460449219,-2.5199499130249023,2.1538798809051514,1.6541099548339844,True,204624,1.0,True,,1.0,204624,1.058792233467102,0.05712885612205329,1.1118269687786606,0.04887572398252624,log-depth Laplacian fallback,,,,0.10263360244342411,0.024290677879278924,0.22845491333731024,0.2173122347279277,0.11983774637223096,-0.10685546743421112,0.10921773805024922,0.047432660961178076,5.424937359077433,0.9986767633052333,0.9998418218271425,1.0,0.0559186140603976,0.009219007652423679,0.13478414696269223,0.10827160707727791,0.07359164629127936,-0.04972661130271737,0.05804863718885562,0.025210202813123875,5.4249373565131895,0.9970532289625037,0.9996170000586142,1.0,0.0559186140603976,0.009219007652423679,0.13478414696269223,0.10827160707727791,0.07359164629127936,-0.04972661130271737,0.05804863718885562,0.025210202813123875,5.4249373565131895,0.9970532289625037,0.9996170000586142,1.0,0.06332859929797255,0.012152893285158789,0.1550392391778767,0.12391239524004313,0.0871797448081342,-0.04891937896702947,0.06626266531318,0.02877750990171609,7.21609469608843,0.9973992938990598,0.999583276793335,1.0,0.0452774990456255,0.007379542407304289,0.1394986526005602,0.10461689142407218,0.054256045445524446,-0.0008508449781789164,0.04505960838996894,0.019569139280484964,5.424937354670487,0.9953221013448357,0.9994756835183964,1.0,0.008263487368822098,0.05947210360318422,0.017726260237395763,ok,
759xd9YjKW5,606a5b4d7ee048d4b15fb07fc7a07fc6,606a5b4d7ee048d4b15fb07fc7a07fc6_i2_3,2,3,/mnt/priorbimda-data/PriorBIMDA-Datasets/Matterport3D/v1/scans/759xd9YjKW5/undistorted_color_images/606a5b4d7ee048d4b15fb07fc7a07fc6_i2_3.jpg,/mnt/priorbimda-data/PriorBIMDA-Datasets/Matterport3D/v1/scans/759xd9YjKW5/undistorted_depth_images/606a5b4d7ee048d4b15fb07fc7a07fc6_d2_3.png,1024,1280,406,504,1.4165615917841592,1249288,0.953131103515625,-2.52593994140625,2.167140007019043,1.654289960861206,True,204624,1.0,True,,1.0,204624,1.0728434324264526,0.07031253727624621,1.0789324657357366,0.005659557361358869,log-depth Laplacian fallback,,,,0.07297737224738482,0.014058648114582638,0.17331608950474328,0.15492328831270571,0.08572976492849214,-0.06964281941176766,0.07570759047323396,0.032879388780716695,4.999470271013161,0.98996548433988,0.9990026318991297,1.0,0.030620574845284177,0.00668848890440435,0.12713619958139138,0.07332133450063819,0.049999188177266056,0.0006697176952236883,0.02999542696425014,0.013026848412905842,4.999470268532823,0.992072284373179,0.9976914850698958,1.0,0.030620574845284177,0.00668848890440435,0.12713619958139138,0.07332133450063819,0.049999188177266056,0.0006697176952236883,0.02999542696425014,0.013026848412905842,4.999470268532823,0.992072284373179,0.9976914850698958,1.0,0.029365082604578124,0.0067772149092579686,0.12431096084248697,0.06811909644736831,0.050148058065261424,0.004493218363556301,0.028535345826619082,0.012392743231701656,4.994635839031942,0.991845755342243,0.9974905706290303,1.0,0.030325194232265474,0.007069220644840819,0.1327761972293098,0.07529493742424763,0.0503937566444048,0.006329328971417928,0.029527991478024103,0.012823843760592113,4.999470275446251,0.9919786310282337,0.9976186435793828,1.0,0.007615998387336731,0.059675440192222595,0.017754032276570797,ok,
759xd9YjKW5,606a5b4d7ee048d4b15fb07fc7a07fc6,606a5b4d7ee048d4b15fb07fc7a07fc6_i2_4,2,4,/mnt/priorbimda-data/PriorBIMDA-Datasets/Matterport3D/v1/scans/759xd9YjKW5/undistorted_color_images/606a5b4d7ee048d4b15fb07fc7a07fc6_i2_4.jpg,/mnt/priorbimda-data/PriorBIMDA-Datasets/Matterport3D/v1/scans/759xd9YjKW5/undistorted_depth_images/606a5b4d7ee048d4b15fb07fc7a07fc6_d2_4.png,1024,1280,406,504,1.4165615917841592,1214563,0.9266380310058594,-2.5174601078033447,2.178960084915161,1.654099941253662,True,204624,1.0,True,,1.0,204624,1.1139476299285889,0.10791012956395213,1.1123360781080516,0.0014477508829641161,log-depth Laplacian fallback,,,,0.1088753337503906,0.0792975444588036,0.6472358151434737,0.23392091373987509,0.22376074971647145,-0.12046491533864462,0.12590146107603384,0.05467830980887855,18.856584337077212,0.9727325795368376,0.9840477603878925,0.984555762031282,0.04500150146815839,0.06264870024078364,0.6105630804437087,0.12538530662294062,0.18898333251671437,-0.012554785617655695,0.05466103198904674,0.023738984567980133,18.856584347971857,0.9748312767637414,0.9822158257743732,0.984555762031282,0.04500150146815839,0.06264870024078364,0.6105630804437087,0.12538530662294062,0.18898333251671437,-0.012554785617655695,0.05466103198904674,0.023738984567980133,18.856584347971857,0.9748312767637414,0.9822158257743732,0.984555762031282,0.045947949467085365,0.06322781833943152,0.6119699304063673,0.12654001143182933,0.19009635099475597,-0.012994552622729196,0.05563582288881411,0.02416233087675857,18.96516919609645,0.9749770081914236,0.9819885835481569,0.984555762031282,0.044924636953233336,0.06265135338915552,0.6107828254361122,0.12546349360770384,0.18908503190964213,-0.014002571323244048,0.0546492615161821,0.02373387271656561,18.856584337734088,0.9748782072235034,0.9822355859679572,0.984555762031282,0.007483643479645252,0.058645703829824924,0.017685359343886375,ok,
759xd9YjKW5,606a5b4d7ee048d4b15fb07fc7a07fc6,606a5b4d7ee048d4b15fb07fc7a07fc6_i2_5,2,5,/mnt/priorbimda-data/PriorBIMDA-Datasets/Matterport3D/v1/scans/759xd9YjKW5/undistorted_color_images/606a5b4d7ee048d4b15fb07fc7a07fc6_i2_5.jpg,/mnt/priorbimda-data/PriorBIMDA-Datasets/Matterport3D/v1/scans/759xd9YjKW5/undistorted_depth_images/606a5b4d7ee048d4b15fb07fc7a07fc6_d2_5.png,1024,1280,406,504,1.4165615917841592,1245176,0.949993896484375,-2.5029799938201904,2.1775200366973877,1.653730034828186,True,204624,1.0,True,,1.0,204624,1.0629363059997559,0.06103517846746481,1.094086870335016,0.02888492853614441,log-depth Laplacian fallback,,,,0.08844310153493916,0.024414120744018875,0.20733591595037784,0.16823956598188372,0.10758577688474673,-0.07580308092867523,0.09038318181032472,0.03925291711708241,7.634521798786887,0.9881141300506916,0.9971963802707409,0.9978549217138782,0.04690574244021077,0.01756543133910223,0.16843577840006008,0.08512053095547732,0.07776042233607383,-0.014767902436740062,0.044863341815830605,0.01948390179035464,7.634521818361314,0.9841066644394045,0.9960182335669817,0.9977039390415492,0.04690574244021077,0.01756543133910223,0.16843577840006008,0.08512053095547732,0.07776042233607383,-0.014767902436740062,0.044863341815830605,0.01948390179035464,7.634521818361314,0.9841066644394045,0.9960182335669817,0.9977039390415492,0.03558448709509435,0.015479739715856615,0.16115196970785603,0.0721202433394388,0.07055648111287771,-0.007383324442469311,0.03337381488012714,0.01449406364249986,7.016910678645627,0.9846391192891607,0.9964294204192821,0.997760959093333,0.04193048882862989,0.01951455298387661,0.18203226086652533,0.08381195516478909,0.07763944309388601,0.014117039891645896,0.03863524589098399,0.01677907409742962,7.634521798139319,0.9816660456031918,0.9950898507520222,0.9976324632019891,0.008985817432403564,0.06206813268363476,0.017795446328818798,ok,
759xd9YjKW5,6a39f7496f3e496abad3584ae5812de4,6a39f7496f3e496abad3584ae5812de4_i0_2,0,2,/mnt/priorbimda-data/PriorBIMDA-Datasets/Matterport3D/v1/scans/759xd9YjKW5/undistorted_color_images/6a39f7496f3e496abad3584ae5812de4_i0_2.jpg,/mnt/priorbimda-data/PriorBIMDA-Datasets/Matterport3D/v1/scans/759xd9YjKW5/undistorted_depth_images/6a39f7496f3e496abad3584ae5812de4_d0_2.png,1024,1280,406,504,1.4155678118069965,912265,0.6960029602050781,-6.813320159912109,-2.120500087738037,1.5732699632644653,True,121871,0.5955850731097037,True,,1.0,121871,1.1134039163589478,0.10742191423813428,0.9125104740326427,0.19897762943756375,log-depth Laplacian fallback,,,,0.11003667092448646,0.04936149434871383,0.42212788197658324,0.18127241786726267,0.14036601823377595,0.057351096065702566,0.10554851314399724,0.04583913683153085,12.811506880483373,0.9762360717554658,0.9828777822233671,0.9891654289049783,0.20081251174707127,0.08819433621608977,0.44708506120030983,0.28294537098807754,0.20871898758394913,0.16477301027111238,0.18013369173446075,0.0782310683251377,12.811506884150905,0.6947005530191337,0.9849616065507282,0.9966917507522485,0.20081251174707127,0.08819433621608977,0.44708506120030983,0.28294537098807754,0.20871898758394913,0.16477301027111238,0.18013369173446075,0.0782310683251377,12.811506884150905,0.6947005530191337,0.9849616065507282,0.9966917507522485,0.21189670948116823,0.09266413835947332,0.46997692691987,0.29025099260195103,0.2227970451825991,0.15833038819659098,0.18970155495820734,0.08238633852681597,15.674824246419453,0.5651417077274695,0.9828536664236817,0.9934317331038679,0.07028233857945836,0.04794746088592182,0.45633155382428947,0.15894264957071416,0.13260251991825875,-0.03420464041911448,0.07367436434488271,0.031996369892712255,12.811506883451019,0.9772017999155947,0.9832175957643886,0.9875989980981403,0.009700639173388481,0.05898365192115307,0.017748684622347355,ok,
759xd9YjKW5,6a39f7496f3e496abad3584ae5812de4,6a39f7496f3e496abad3584ae5812de4_i0_3,0,3,/mnt/priorbimda-data/PriorBIMDA-Datasets/Matterport3D/v1/scans/759xd9YjKW5/undistorted_color_images/6a39f7496f3e496abad3584ae5812de4_i0_3.jpg,/mnt/priorbimda-data/PriorBIMDA-Datasets/Matterport3D/v1/scans/759xd9YjKW5/undistorted_depth_images/6a39f7496f3e496abad3584ae5812de4_d0_3.png,1024,1280,406,504,1.4155678118069965,1027238,0.7837203979492188,-6.814620018005371,-2.1060099601745605,1.5734399557113647,True,185214,0.9051430917194464,True,,1.0,185214,0.9949468970298767,-0.005065913066983146,0.8787396962437732,0.12420064832841343,log-depth Laplacian fallback,,,,0.22324496353459242,0.12377785111156243,0.3717592050471296,0.22039188832038972,0.2569533664696862,0.18034837840922327,0.18366630350892924,0.07976526212549583,18.3028672467645,0.7306466466388509,0.8876706274495297,0.9910166874667798,0.21796429760431066,0.12035529775295953,0.3667884736774825,0.2153971456589135,0.2534234355091928,0.1752824654176093,0.17950312474423766,0.07795721656081349,18.302867256909934,0.7420977417112685,0.8876784153234206,0.9970581306376906,0.21796429760431066,0.12035529775295953,0.3667884736774825,0.2153971456589135,0.2534234355091928,0.1752824654176093,0.17950312474423766,0.07795721656081349,18.302867256909934,0.7420977417112685,0.8876784153234206,0.9970581306376906,0.23224783233167418,0.13597796189089084,0.3908745986066451,0.23039888523897226,0.2654088476479102,0.1883204401789576,0.18969623649221726,0.08238402874638422,18.70221062350525,0.6878308629548362,0.8876657600283478,0.9614782552826122,0.1405638793175807,0.061870874743111176,0.2644969175007283,0.13703521361705778,0.19002328570511137,0.051081837915484256,0.12323789802360127,0.053521539073005685,18.302867246784746,0.8874963737712195,0.8950622932562853,0.9983849896518626,0.009352156892418861,0.05841613281518221,0.017789249308407307,ok,
759xd9YjKW5,6a39f7496f3e496abad3584ae5812de4,6a39f7496f3e496abad3584ae5812de4_i0_4,0,4,/mnt/priorbimda-data/PriorBIMDA-Datasets/Matterport3D/v1/scans/759xd9YjKW5/undistorted_color_images/6a39f7496f3e496abad3584ae5812de4_i0_4.jpg,/mnt/priorbimda-data/PriorBIMDA-Datasets/Matterport3D/v1/scans/759xd9YjKW5/undistorted_depth_images/6a39f7496f3e496abad3584ae5812de4_d0_4.png,1024,1280,406,504,1.4155678118069965,1202455,0.9174003601074219,-6.802730083465576,-2.097640037536621,1.573490023612976,True,204624,1.0,True,,1.0,204624,1.0075048208236694,0.007476799763897821,1.0114257394579507,0.003884158911544611,log-depth Laplacian fallback,,,,0.07050287149406913,0.013877700099003017,0.16998969317236381,0.10723342242062794,0.08859957188114503,-0.010424555190170572,0.0704599951717678,0.03060038709802853,8.798416213506426,0.9926109500979247,0.9981679148076228,0.9985404859225501,0.07087885159318576,0.013238956810822487,0.16315668277679732,0.1031090957981499,0.08803352802935582,-0.0029477554598103055,0.0703075220489426,0.030534168862146955,8.79841621830005,0.9929377814554391,0.9981537770644223,0.9985238532834908,0.07087885159318576,0.013238956810822487,0.16315668277679732,0.1031090957981499,0.08803352802935582,-0.0029477554598103055,0.0703075220489426,0.030534168862146955,8.79841621830005,0.9929377814554391,0.9981537770644223,0.9985238532834908,0.05842311837552641,0.010081623553714067,0.13125136828529854,0.07636666484827863,0.07897775064219587,0.010798577944688898,0.05662559785049469,0.024592184680942496,7.823602629782106,0.992220914711985,0.9981437974809868,0.9984781135260778,0.07113266186348846,0.012959419669602288,0.15975935637494335,0.10101358055387837,0.08798914497080756,0.0009363976736020724,0.07028554947654078,0.030524626295199666,8.798416216621412,0.9929103376009913,0.9981496189046576,0.9985172002278672,0.008358966559171677,0.06396592687815428,0.017669559456408024,ok,
759xd9YjKW5,6a39f7496f3e496abad3584ae5812de4,6a39f7496f3e496abad3584ae5812de4_i0_5,0,5,/mnt/priorbimda-data/PriorBIMDA-Datasets/Matterport3D/v1/scans/759xd9YjKW5/undistorted_color_images/6a39f7496f3e496abad3584ae5812de4_i0_5.jpg,/mnt/priorbimda-data/PriorBIMDA-Datasets/Matterport3D/v1/scans/759xd9YjKW5/undistorted_depth_images/6a39f7496f3e496abad3584ae5812de4_d0_5.png,1024,1280,406,504,1.4155678118069965,1103572,0.8419586181640625,-6.789519786834717,-2.103749990463257,1.5733799934387207,True,174700,0.8537610446477442,True,,1.0,174700,0.9867824912071228,-0.013305637484827893,1.0072216403715193,0.020501326676676174,log-depth Laplacian fallback,,,,0.06491829753126692,0.011242360830684564,0.12802721934636455,0.08148647553025863,0.0966226347883741,-0.03516225817689337,0.06819427817954302,0.02961639871075088,8.999749526152945,0.9720435096214837,0.9999528802832982,0.9999764401416491,0.06660083347241921,0.012677299836157506,0.13687850216966435,0.08673076504892427,0.1022188145194014,-0.048467895650633065,0.07074953650231566,0.0307261333001684,8.999749514820472,0.9482652695066566,0.9999528802832982,0.9999800647352416,0.06660083347241921,0.012677299836157506,0.13687850216966435,0.08673076504892427,0.1022188145194014,-0.048467895650633065,0.07074953650231566,0.0307261333001684,8.999749514820472,0.9482652695066566,0.9999528802832982,0.9999800647352416,0.089526560858081,0.015533601134723435,0.14776687674567268,0.10554641501530852,0.11706667847400751,-0.05057494735133672,0.09379599157076358,0.04073508156382652,10.557832120916762,0.9225496841166684,0.9999610356188813,1.0,0.06499388402239903,0.010592764161638617,0.12352610791532657,0.07940977119677634,0.09424263840938528,-0.027966511032887473,0.06780294443702743,0.029446444625793804,8.999749527075476,0.9876546342241376,0.9999501618381039,0.999975533993251,0.008705557323992252,0.05796491354703903,0.01773961167782545,ok,
759xd9YjKW5,6a39f7496f3e496abad3584ae5812de4,6a39f7496f3e496abad3584ae5812de4_i1_1,1,1,/mnt/priorbimda-data/PriorBIMDA-Datasets/Matterport3D/v1/scans/759xd9YjKW5/undistorted_color_images/6a39f7496f3e496abad3584ae5812de4_i1_1.jpg,/mnt/priorbimda-data/PriorBIMDA-Datasets/Matterport3D/v1/scans/759xd9YjKW5/undistorted_depth_images/6a39f7496f3e496abad3584ae5812de4_d1_1.png,1024,1280,406,504,1.4121168655554452,1007344,0.76854248046875,-6.8010101318359375,-2.1159799098968506,1.6065399646759033,True,57722,0.282088122605364,True,,1.0,57722,0.960048496723175,-0.04077147837624301,1.0319960040092586,0.07226627334406574,log-depth Laplacian fallback,,,,0.0623703778839299,0.03473350775345423,0.3768734512317882,0.2514706599197876,0.09221720522819224,-0.015341797421515856,0.06203820899427687,0.026942851833375133,9.093207460503525,0.9639606728188186,0.9956152019568291,0.9985794326466431,0.0773871121777805,0.039627235992364104,0.39604682546525705,0.299547993735069,0.10685196253140042,-0.05611327561577229,0.07986646376692835,0.03468556450310298,9.09320746298036,0.9662548245683699,0.9936228339077813,0.9987442224304707,0.0773871121777805,0.039627235992364104,0.39604682546525705,0.299547993735069,0.10685196253140042,-0.05611327561577229,0.07986646376692835,0.03468556450310298,9.09320746298036,0.9662548245683699,0.9936228339077813,0.9987442224304707,0.07735469543908496,0.038323807347090746,0.38616798077700976,0.29382468585875976,0.10711063424484184,-0.05704386622716148,0.0801702892454577,0.03481751423188991,9.065696495134826,0.9668315888117663,0.9938233612350895,0.9989963706539177,0.058609655395049316,0.041137054349863575,0.42986383623358343,0.2555380099659077,0.09235562657003603,0.01615300500636482,0.056395173507226073,0.024492112660164742,9.093207458541952,0.96057950412173,0.9953352578662304,0.9984910814974824,0.009241933934390545,0.06185212545096874,0.01773693971335888,ok,
759xd9YjKW5,6a39f7496f3e496abad3584ae5812de4,6a39f7496f3e496abad3584ae5812de4_i1_2,1,2,/mnt/priorbimda-data/PriorBIMDA-Datasets/Matterport3D/v1/scans/759xd9YjKW5/undistorted_color_images/6a39f7496f3e496abad3584ae5812de4_i1_2.jpg,/mnt/priorbimda-data/PriorBIMDA-Datasets/Matterport3D/v1/scans/759xd9YjKW5/undistorted_depth_images/6a39f7496f3e496abad3584ae5812de4_d1_2.png,1024,1280,406,504,1.4121168655554452,756800,0.577392578125,-6.804180145263672,-2.1145100593566895,1.6065599918365479,True,195893,0.9573314958167175,True,,1.0,195893,1.2567331790924072,0.22851563905093103,0.9824575962820561,0.24621373422148005,log-depth Laplacian fallback,,,,0.09490022798702975,0.16263975113854431,0.6963128525584316,0.27546892688371416,0.18489581451007553,-0.012767571500010995,0.08729538367960392,0.03791190342767915,18.44544695618308,0.8421379492600423,0.9820956659619451,0.9917151162790697,0.2935799223853442,0.2606878534451142,0.5923971067720513,0.3467591252540244,0.2838497488185694,0.21574806738105776,0.2428521125235233,0.10546933238751384,18.445446951945488,0.22959038054968287,0.9862209302325582,0.9889838794926005,0.2935799223853442,0.2606878534451142,0.5923971067720513,0.3467591252540244,0.2838497488185694,0.21574806738105776,0.2428521125235233,0.10546933238751384,18.445446951945488,0.22959038054968287,0.9862209302325582,0.9889838794926005,0.3235780310512526,0.2544438592004399,0.6214757524856179,0.40826141644032954,0.30392855183737505,0.22121617557900833,0.27039066197442746,0.11742917245366129,20.84129753258211,0.2569291754756871,0.9844476744186047,0.9894780655391121,0.0888445423224605,0.16319234243541528,0.7167693571028171,0.2800254298038544,0.18695349502386638,-0.030465685085858358,0.0828541538201391,0.035983101806849646,18.44544695416409,0.839593023255814,0.9815103065539112,0.9914561310782241,0.008596423082053661,0.057539994828402996,0.01774008385837078,ok,
759xd9YjKW5,6a39f7496f3e496abad3584ae5812de4,6a39f7496f3e496abad3584ae5812de4_i1_3,1,3,/mnt/priorbimda-data/PriorBIMDA-Datasets/Matterport3D/v1/scans/759xd9YjKW5/undistorted_color_images/6a39f7496f3e496abad3584ae5812de4_i1_3.jpg,/mnt/priorbimda-data/PriorBIMDA-Datasets/Matterport3D/v1/scans/759xd9YjKW5/undistorted_depth_images/6a39f7496f3e496abad3584ae5812de4_d1_3.png,1024,1280,406,504,1.4121168655554452,850277,0.6487098693847656,-6.804500102996826,-2.111020088195801,1.606600046157837,True,204624,1.0,True,,1.0,204624,1.0116641521453857,0.011596650316756295,0.973807112605798,0.03813868160715973,log-depth Laplacian fallback,,,,0.07361795210606611,0.005465332163800938,0.06306342669198146,0.05465815141140489,0.08369023931616494,0.035083294111321835,0.07123492669882041,0.030936935584080328,7.598169931697665,1.0,1.0,1.0,0.07953707618112532,0.006193391584135893,0.06612094792356728,0.05778092675246917,0.0891753096833188,0.04667994453099349,0.07626607501383241,0.03312193553492688,7.598169934727165,1.0,1.0,1.0,0.07953707618112532,0.006193391584135893,0.06612094792356728,0.05778092675246917,0.0891753096833188,0.04667994453099349,0.07626607501383241,0.03312193553492688,7.598169934727165,1.0,1.0,1.0,0.07588138569062564,0.006283099421621701,0.06876084936219601,0.05611429383396751,0.08998282324823975,0.03591288992011959,0.07393412653189281,0.03210918317713786,8.250559264261623,0.9999705978169467,1.0,1.0,0.0630307378494321,0.004634778216394638,0.060901744680043515,0.04952362684018931,0.07646026098911088,0.008541246225689013,0.062436056943234716,0.02711563500224404,7.598169926656749,1.0,1.0,1.0,0.008791476488113403,0.05639307387173176,0.017719018273055553,ok,
759xd9YjKW5,6a39f7496f3e496abad3584ae5812de4,6a39f7496f3e496abad3584ae5812de4_i1_4,1,4,/mnt/priorbimda-data/PriorBIMDA-Datasets/Matterport3D/v1/scans/759xd9YjKW5/undistorted_color_images/6a39f7496f3e496abad3584ae5812de4_i1_4.jpg,/mnt/priorbimda-data/PriorBIMDA-Datasets/Matterport3D/v1/scans/759xd9YjKW5/undistorted_depth_images/6a39f7496f3e496abad3584ae5812de4_d1_4.png,1024,1280,406,504,1.4121168655554452,1259587,0.9609886169433594,-6.801630020141602,-2.1090099811553955,1.606619954109192,True,204624,1.0,True,,1.0,204624,0.9805384874343872,-0.019653381250849866,1.0423837135027647,0.06116350391926851,log-depth Laplacian fallback,,,,0.11065157891868921,0.1837628989433592,0.5502022093230343,0.28535425193363995,0.18059667199399734,-0.001963353280410586,0.08911974345213354,0.03870421280989503,18.058599939974243,0.9666660580015513,0.9816066694876971,0.9878777726349987,0.11575547162524073,0.18167904931770643,0.5732445410561992,0.3297694963558868,0.1818751945450161,-0.02161673447681586,0.09644491512490683,0.04188549444637452,18.058599940567458,0.9668812078879824,0.9819512268703948,0.9880905407883696,0.11575547162524073,0.18167904931770643,0.5732445410561992,0.3297694963558868,0.1818751945450161,-0.02161673447681586,0.09644491512490683,0.04188549444637452,18.058599940567458,0.9668812078879824,0.9819512268703948,0.9880905407883696,0.11356181895248275,0.1811704966810849,0.5670171730649164,0.31887589534352706,0.1810307716039314,-0.01851796515196296,0.09392428906096723,0.04079080045586405,18.00811629075775,0.966895498286343,0.9818631027471703,0.9880579904365479,0.10763668028631497,0.19735483308449564,0.5362514923246531,0.21642165235588348,0.1848654832668926,0.03954672839704947,0.0816180713163933,0.03544627799629567,18.058599939251035,0.9657411516632038,0.9811430254519934,0.9874077773111345,0.007659063674509525,0.05789663642644882,0.017695888876914978,ok,
759xd9YjKW5,6a39f7496f3e496abad3584ae5812de4,6a39f7496f3e496abad3584ae5812de4_i1_5,1,5,/mnt/priorbimda-data/PriorBIMDA-Datasets/Matterport3D/v1/scans/759xd9YjKW5/undistorted_color_images/6a39f7496f3e496abad3584ae5812de4_i1_5.jpg,/mnt/priorbimda-data/PriorBIMDA-Datasets/Matterport3D/v1/scans/759xd9YjKW5/undistorted_depth_images/6a39f7496f3e496abad3584ae5812de4_d1_5.png,1024,1280,406,504,1.4121168655554452,880830,0.6720199584960938,-6.798460006713867,-2.1104800701141357,1.6065900325775146,True,204624,1.0,True,,1.0,204624,0.9771928191184998,-0.023071288051155478,0.8693173728755255,0.11697571614340894,log-depth Laplacian fallback,,,,0.17432001160727362,0.03663749562811799,0.18526412951318574,0.15842112987719623,0.1769731772659679,0.15723576251116428,0.1572430948811747,0.06828980842428364,8.12183505074096,0.8212742526934823,0.9929566431661047,1.0,0.14756192876627755,0.02837974505658175,0.16262786474154003,0.13485616680629306,0.15683279846599857,0.1341644744696265,0.1341968720727084,0.05828096102985383,8.121835054324519,0.841300818546144,0.9930951488936571,1.0,0.14756192876627755,0.02837974505658175,0.16262786474154003,0.13485616680629306,0.15683279846599857,0.1341644744696265,0.1341968720727084,0.05828096102985383,8.121835054324519,0.841300818546144,0.9930951488936571,1.0,0.13504540552607439,0.02911790556712379,0.16299103585841115,0.12274289000283083,0.15670965693491581,0.12127419618015667,0.12153410905192803,0.0527815929242804,9.92496141932848,0.8149722420898471,0.9932143546427801,1.0,0.06027048630836754,0.006650674229493984,0.07437547231162886,0.05047022492096464,0.08301730591765583,0.017188735201504175,0.05779851645971974,0.02510157676065056,8.121835053729068,0.9913252273423929,0.99683707412327,1.0,0.008545982651412487,0.0580779192969203,0.01773377973586321,ok,
759xd9YjKW5,6a39f7496f3e496abad3584ae5812de4,6a39f7496f3e496abad3584ae5812de4_i2_2,2,2,/mnt/priorbimda-data/PriorBIMDA-Datasets/Matterport3D/v1/scans/759xd9YjKW5/undistorted_color_images/6a39f7496f3e496abad3584ae5812de4_i2_2.jpg,/mnt/priorbimda-data/PriorBIMDA-Datasets/Matterport3D/v1/scans/759xd9YjKW5/undistorted_depth_images/6a39f7496f3e496abad3584ae5812de4_d2_2.png,1024,1280,406,504,1.4165615917841592,1113945,0.8498725891113281,-6.813119888305664,-2.1212399005889893,1.6397700309753418,True,169093,0.8263595668152318,True,,1.0,169093,1.185212254524231,0.16992187628939412,1.0860952045829273,0.08733299325822219,log-depth Laplacian fallback,,,,0.08871317277814812,0.017015886853046128,0.17084725694228262,0.13353715129492108,0.10220168015433659,-0.0871914955389155,0.09206937961728842,0.03998522352004409,5.331816324721433,0.9960590513894313,0.9971264290427265,0.9981157058921222,0.08811625116610154,0.01654929572407278,0.14664275858034828,0.10807308436747792,0.09842328196028316,0.082730380794157,0.08273087003887017,0.03592956034093639,5.331816318560854,0.9952152036231592,0.9963175919816508,0.9973221299076704,0.08811625116610154,0.01654929572407278,0.14664275858034828,0.10807308436747792,0.09842328196028316,0.082730380794157,0.08273087003887017,0.03592956034093639,5.331816318560854,0.9952152036231592,0.9963175919816508,0.9973221299076704,0.12646687430798784,0.0268170590638326,0.17027001143357098,0.13418491311213043,0.14127870830153827,0.11243733473421835,0.11564514983006369,0.05022405043007144,8.554249924579288,0.9952295669893936,0.9965339401855567,0.9975025696959904,0.02749771008905423,0.006993797928619781,0.09901239960987601,0.04188640962633652,0.05351645072373241,-0.004602603947135202,0.026479284979428665,0.011499807351309538,5.331816327454927,0.9956891947088949,0.9967763219907626,0.9977036568232722,0.008952230215072632,0.05856791138648987,0.017705275677144527,ok,
759xd9YjKW5,6a39f7496f3e496abad3584ae5812de4,6a39f7496f3e496abad3584ae5812de4_i2_3,2,3,/mnt/priorbimda-data/PriorBIMDA-Datasets/Matterport3D/v1/scans/759xd9YjKW5/undistorted_color_images/6a39f7496f3e496abad3584ae5812de4_i2_3.jpg,/mnt/priorbimda-data/PriorBIMDA-Datasets/Matterport3D/v1/scans/759xd9YjKW5/undistorted_depth_images/6a39f7496f3e496abad3584ae5812de4_d2_3.png,1024,1280,406,504,1.4165615917841592,1052033,0.8026374816894531,-6.814420223236084,-2.1067399978637695,1.639930009841919,True,203961,0.9967599108608961,True,,1.0,203961,1.0564683675765991,0.05493161685583909,1.0891265410866469,0.03044441968930999,log-depth Laplacian fallback,,,,0.07550415814784757,0.009768639888705015,0.11573265336934171,0.08977195324452086,0.09012464554936139,-0.06937309316173443,0.07859796029747915,0.03413466044604605,5.753108447240797,0.9972652949099505,0.9986245678605139,0.9996958270320417,0.045842385465122634,0.005253393581973773,0.08356862524306459,0.0550670954354871,0.05931594985289685,-0.014441476419467579,0.04570638292799965,0.019850029893387237,5.753108434383394,0.9967386954591728,0.9983717240808986,0.9993754948751608,0.045842385465122634,0.005253393581973773,0.08356862524306459,0.0550670954354871,0.05931594985289685,-0.014441476419467579,0.04570638292799965,0.019850029893387237,5.753108434383394,0.9967386954591728,0.9983717240808986,0.9993754948751608,0.06311401090898615,0.0073504714248524405,0.09744517004102327,0.07126332475990917,0.07724344283849048,-0.0071835729514692056,0.06325338905329529,0.0274705978275257,7.690868443286536,0.9975856270668315,0.998507651375955,0.9994838564949958,0.0419495195533723,0.005524222016521051,0.08322784941995498,0.04798226904600323,0.05971533489881397,0.016002985437062748,0.04050050366388147,0.017589145255526163,5.7531084460304305,0.9964639892474856,0.998267164623163,0.9992462213637785,0.008250360377132893,0.05639762617647648,0.01775919646024704,ok,
759xd9YjKW5,6a39f7496f3e496abad3584ae5812de4,6a39f7496f3e496abad3584ae5812de4_i2_4,2,4,/mnt/priorbimda-data/PriorBIMDA-Datasets/Matterport3D/v1/scans/759xd9YjKW5/undistorted_color_images/6a39f7496f3e496abad3584ae5812de4_i2_4.jpg,/mnt/priorbimda-data/PriorBIMDA-Datasets/Matterport3D/v1/scans/759xd9YjKW5/undistorted_depth_images/6a39f7496f3e496abad3584ae5812de4_d2_4.png,1024,1280,406,504,1.4165615917841592,1234093,0.9415382385253906,-6.802519798278809,-2.09837007522583,1.639989972114563,True,204624,1.0,True,,1.0,204624,0.9588773250579834,-0.04199213192868159,1.0649190055131463,0.10489087703666888,log-depth Laplacian fallback,,,,0.08595157163593399,0.03351826740919857,0.2630713888060518,0.1757551561220048,0.11697627392676818,-0.04504250960154773,0.0843080179202447,0.03661450696296274,10.795656992784082,0.9711845055437475,0.9944453132786589,0.9965610371341544,0.11555188415642148,0.044242761786814674,0.32730512818489776,0.247231997488527,0.1386710128533447,-0.08703464154116879,0.11812947377848552,0.051302978612131116,10.795656986757567,0.9575339946017034,0.994856951623581,0.9967733388002363,0.11555188415642148,0.044242761786814674,0.32730512818489776,0.247231997488527,0.1386710128533447,-0.08703464154116879,0.11812947377848552,0.051302978612131116,10.795656986757567,0.9575339946017034,0.994856951623581,0.9967733388002363,0.0988811515286462,0.03848431542590664,0.30062797382793416,0.21287485832828176,0.12822520900477027,-0.07496020725580214,0.100746273141179,0.04375355049753182,10.40320698269731,0.9534905392057162,0.9946827346075214,0.9966566539150615,0.05908208278714137,0.029671609768793655,0.2060014823618255,0.09367028158324164,0.10942333284772039,0.01785622549548915,0.05306984595472752,0.02304794125359377,10.795656989066135,0.9331873691853045,0.9938959219442943,0.9962717558563252,0.008001679554581642,0.058153994381427765,0.017794890329241753,ok,
759xd9YjKW5,6a39f7496f3e496abad3584ae5812de4,6a39f7496f3e496abad3584ae5812de4_i2_5,2,5,/mnt/priorbimda-data/PriorBIMDA-Datasets/Matterport3D/v1/scans/759xd9YjKW5/undistorted_color_images/6a39f7496f3e496abad3584ae5812de4_i2_5.jpg,/mnt/priorbimda-data/PriorBIMDA-Datasets/Matterport3D/v1/scans/759xd9YjKW5/undistorted_depth_images/6a39f7496f3e496abad3584ae5812de4_d2_5.png,1024,1280,406,504,1.4165615917841592,1090138,0.8317092895507813,-6.78931999206543,-2.104490041732788,1.6398799419403076,True,179135,0.8754349440925796,True,,1.0,179135,0.999527096748352,-0.00047301510565613165,1.033168806378796,0.03310360561843237,log-depth Laplacian fallback,,,,0.04483266396842561,0.00676729562517333,0.10792700607287425,0.058050381667061064,0.0716841727106353,-0.035838770619345185,0.04621491390231088,0.020070882089407507,6.208222883967804,0.9850266663486641,0.995812456771528,0.9999862402741672,0.04514830043494362,0.006804195678086465,0.10817959343949805,0.05842842251086615,0.0719218251340148,-0.03631178579225425,0.04655183146606967,0.020217203528204226,6.208222888383797,0.9850340048691083,0.9957748468542514,0.9999862402741672,0.04514830043494362,0.006804195678086465,0.10817959343949805,0.05842842251086615,0.0719218251340148,-0.03631178579225425,0.04655183146606967,0.020217203528204226,6.208222888383797,0.9850340048691083,0.9957748468542514,0.9999862402741672,0.06964749767707808,0.010417402238404096,0.1269511684358115,0.08425149435731012,0.09435250022986912,-0.055244866061648155,0.07282366240201876,0.031626914733182056,7.648790148420866,0.985793541735083,0.9966811541291103,0.9999256974805024,0.03268454131351583,0.00541018624252396,0.09707665298366894,0.04186267139402642,0.06216506769937818,-0.003208193317948277,0.03287093545720596,0.014275665884062491,6.208222883968442,0.9841689767717482,0.9975516861168036,1.0,0.008613662794232368,0.0578841008245945,0.01771760918200016,ok,
759xd9YjKW5,6e1e523c608942daae201e0edb7cdde0,6e1e523c608942daae201e0edb7cdde0_i0_0,0,0,/mnt/priorbimda-data/PriorBIMDA-Datasets/Matterport3D/v1/scans/759xd9YjKW5/undistorted_color_images/6e1e523c608942daae201e0edb7cdde0_i0_0.jpg,/mnt/priorbimda-data/PriorBIMDA-Datasets/Matterport3D/v1/scans/759xd9YjKW5/undistorted_depth_images/6e1e523c608942daae201e0edb7cdde0_d0_0.png,1024,1280,406,504,1.4155678118069965,1241241,0.9469917297363282,-10.295700073242188,-1.3969700336456299,1.5711400508880615,True,204624,1.0,True,,1.0,204624,0.9663978219032288,-0.034179705629427785,1.1408061022253995,0.16591482536857652,log-depth Laplacian fallback,,,,0.1287152057979178,0.06749853580322782,0.45767218148521155,0.3758870343957763,0.15910198368300504,-0.12137853693164068,0.13671239907376279,0.05937344052549045,10.28624906571951,0.8989479077793917,0.9918750669692671,0.9981454044782601,0.15519035020192642,0.08699571013905241,0.522793285202998,0.46165183886183025,0.1864914442443094,-0.1555582425877375,0.16803432886512187,0.07297638179643873,10.28624904391439,0.7767879082305531,0.9924978307999817,0.9991814643570427,0.15519035020192642,0.08699571013905241,0.522793285202998,0.46165183886183025,0.1864914442443094,-0.1555582425877375,0.16803432886512187,0.07297638179643873,10.28624904391439,0.7767879082305531,0.9924978307999817,0.9991814643570427,0.1402363035466323,0.07556856031288602,0.4852806785470386,0.4114314715306686,0.170128323301835,-0.1362280398443188,0.1501768546036999,0.06522097926397383,10.190960479595818,0.8514003324092582,0.9921530146039327,0.9985788416592749,0.0692872425273608,0.055061246777645664,0.4708470864546427,0.2469179776593258,0.10338254382830517,0.010356562344177837,0.06549464608121508,0.028443963387278146,10.286249066021393,0.9843382550205803,0.9894637705328779,0.9939262399485677,0.007441766560077667,0.05839229002594948,0.01772155798971653,ok,
759xd9YjKW5,6e1e523c608942daae201e0edb7cdde0,6e1e523c608942daae201e0edb7cdde0_i0_1,0,1,/mnt/priorbimda-data/PriorBIMDA-Datasets/Matterport3D/v1/scans/759xd9YjKW5/undistorted_color_images/6e1e523c608942daae201e0edb7cdde0_i0_1.jpg,/mnt/priorbimda-data/PriorBIMDA-Datasets/Matterport3D/v1/scans/759xd9YjKW5/undistorted_depth_images/6e1e523c608942daae201e0edb7cdde0_d0_1.png,1024,1280,406,504,1.4155678118069965,1226300,0.9355926513671875,-10.305299758911133,-1.3860199451446533,1.571370005607605,True,204624,1.0,True,,1.0,204624,0.9298295974731445,-0.07275393814673262,0.9395946054755068,0.010447170633922177,log-depth Laplacian fallback,,,,0.16837852415343602,0.08497036601398854,0.42846012310188747,0.3439847593892994,0.20089882697770364,0.02333309884065176,0.16631697593422196,0.07223054489506854,19.953923218131735,0.6178675691103319,0.9960947565848487,0.9976759357416619,0.15023471769266292,0.08115635309317205,0.44413133244428493,0.32567094301376415,0.20556829651022784,-0.049420839436981494,0.15963846872617068,0.06933010606726075,19.953923213108006,0.7733303433091413,0.9618453885672348,0.9980551251732855,0.15023471769266292,0.08115635309317205,0.44413133244428493,0.32567094301376415,0.20556829651022784,-0.049420839436981494,0.15963846872617068,0.06933010606726075,19.953923213108006,0.7733303433091413,0.9618453885672348,0.9980551251732855,0.12056909717053223,0.058831271688476496,0.3799607665124272,0.26336754055549294,0.17462090085777826,-0.051103409520327985,0.12918129881008122,0.05610272523831342,16.697574839412958,0.8148495474190655,0.9862056593003343,0.9979654244475251,0.15153339789532275,0.08054802958651981,0.4395508453469649,0.3267354524617268,0.2033097398092569,-0.038973646381718845,0.15936132291977903,0.06920974317286228,19.953923220514927,0.7804762293076735,0.9722775829731714,0.9979833645926771,0.007715752348303795,0.05605310574173927,0.01777256652712822,ok,
759xd9YjKW5,6e1e523c608942daae201e0edb7cdde0,6e1e523c608942daae201e0edb7cdde0_i0_2,0,2,/mnt/priorbimda-data/PriorBIMDA-Datasets/Matterport3D/v1/scans/759xd9YjKW5/undistorted_color_images/6e1e523c608942daae201e0edb7cdde0_i0_2.jpg,/mnt/priorbimda-data/PriorBIMDA-Datasets/Matterport3D/v1/scans/759xd9YjKW5/undistorted_depth_images/6e1e523c608942daae201e0edb7cdde0_d0_2.png,1024,1280,406,504,1.4155678118069965,1077351,0.8219535827636719,-10.300600051879883,-1.372249960899353,1.571720004081726,True,204624,1.0,True,,1.0,204624,1.1155805587768555,0.10937494992237588,1.0870411242708025,0.025915509683120785,log-depth Laplacian fallback,,,,0.08147417676899184,0.012943785836709935,0.14568544262244723,0.13255947909692795,0.09827361256716273,-0.0855199776303453,0.08607824232940203,0.03738330565559023,4.841524917942737,0.9998849028775209,1.0,1.0,0.04523827726090384,0.0059341517869053294,0.10887549070961978,0.08493062812360776,0.053973105015078744,0.023854972394284017,0.04424538160489654,0.01921552508071021,4.841524922002019,0.9992676481480965,1.0,1.0,0.04523827726090384,0.0059341517869053294,0.10887549070961978,0.08493062812360776,0.053973105015078744,0.023854972394284017,0.04424538160489654,0.01921552508071021,4.841524922002019,0.9992676481480965,1.0,1.0,0.02774527908802088,0.0021567622896149575,0.06435974846255944,0.04984497224803435,0.03332513734164189,0.021258633470473243,0.02724721049274356,0.011833313164254903,2.5663890621013987,0.9996259343519429,1.0,1.0,0.039131112370883306,0.0038793513515747438,0.08279864996282967,0.06622441663321692,0.04845907666289097,-0.0020605232670492164,0.03920900104040734,0.01702825279278778,4.841524919780846,0.9996277907571441,1.0,1.0,0.009211414493620396,0.05808336567133665,0.017802422866225243,ok,
759xd9YjKW5,6e1e523c608942daae201e0edb7cdde0,6e1e523c608942daae201e0edb7cdde0_i0_3,0,3,/mnt/priorbimda-data/PriorBIMDA-Datasets/Matterport3D/v1/scans/759xd9YjKW5/undistorted_color_images/6e1e523c608942daae201e0edb7cdde0_i0_3.jpg,/mnt/priorbimda-data/PriorBIMDA-Datasets/Matterport3D/v1/scans/759xd9YjKW5/undistorted_depth_images/6e1e523c608942daae201e0edb7cdde0_d0_3.png,1024,1280,406,504,1.4155678118069965,1231559,0.9396049499511718,-10.286299705505371,-1.369439959526062,1.5718400478363037,True,204624,1.0,True,,1.0,204624,1.0598268508911133,0.05810554656527205,1.0765059016485365,0.015614973497937022,log-depth Laplacian fallback,,,,0.0773220143721826,0.013489923283792702,0.1412570623029433,0.12135077534479802,0.10592803829026437,-0.08047259985484174,0.0825807559519243,0.035864366621319844,6.8883306893805845,0.949693843331907,1.0,1.0,0.05257968432833531,0.007411284544903731,0.11537340131696171,0.09376045393334498,0.07242371890224464,-0.022367053367538654,0.05424957969930468,0.023560293108978694,6.888330700020888,0.9879331806271563,1.0,1.0,0.05257968432833531,0.007411284544903731,0.11537340131696171,0.09376045393334498,0.07242371890224464,-0.022367053367538654,0.05424957969930468,0.023560293108978694,6.888330700020888,0.9879331806271563,1.0,1.0,0.027155035318298052,0.001976418779453784,0.0581325980460314,0.04664208304181164,0.03736240710866147,-0.018441422693196662,0.027715740298065842,0.012036793073313585,3.2494051671101407,1.0,1.0,1.0,0.05164134858606758,0.007898722724519275,0.1274565202751583,0.09952520891346606,0.06921344220639701,-0.006752081858383896,0.05250128111127772,0.022801016679479345,6.888330692291087,0.9947424362129625,1.0,1.0,0.008834334090352058,0.05895724892616272,0.017746674828231335,ok,
759xd9YjKW5,6e1e523c608942daae201e0edb7cdde0,6e1e523c608942daae201e0edb7cdde0_i0_4,0,4,/mnt/priorbimda-data/PriorBIMDA-Datasets/Matterport3D/v1/scans/759xd9YjKW5/undistorted_color_images/6e1e523c608942daae201e0edb7cdde0_i0_4.jpg,/mnt/priorbimda-data/PriorBIMDA-Datasets/Matterport3D/v1/scans/759xd9YjKW5/undistorted_depth_images/6e1e523c608942daae201e0edb7cdde0_d0_4.png,1024,1280,406,504,1.4155678118069965,1238885,0.9451942443847656,-10.276700019836426,-1.3803900480270386,1.5716099739074707,True,204624,1.0,True,,1.0,204624,1.102583646774292,0.09765619555093505,1.0922476306408138,0.009418575950101898,log-depth Laplacian fallback,,,,0.09174192134632819,0.022777378859794882,0.2075017831800744,0.14512767904151,0.13836614776708112,-0.096861188824935,0.09992716731388322,0.043397817356642464,9.880840524632513,0.9523006574460099,0.985415918345932,0.9859906286701349,0.04957975464875328,0.014156678572304683,0.1748560362741397,0.0885169090196989,0.09881160341711007,0.0007950067031876576,0.05162417532591152,0.022420094476849377,9.880840517993459,0.981351780028009,0.9851479354419498,0.9960924541018739,0.04957975464875328,0.014156678572304683,0.1748560362741397,0.0885169090196989,0.09881160341711007,0.0007950067031876576,0.05162417532591152,0.022420094476849377,9.880840517993459,0.981351780028009,0.9851479354419498,0.9960924541018739,0.04565968489669033,0.012825102377937502,0.1624219727712998,0.07427074134273084,0.10227808308857908,-0.004400142040997671,0.04866172948403174,0.021133520594783753,10.218338920927085,0.9823994963212889,0.985094661732122,0.9895333303736827,0.0483712112935528,0.01366263681035433,0.17093239276420477,0.08541658929162976,0.09918400717956442,-0.008623592410363302,0.05087574437954445,0.02209505504675652,9.880840517959902,0.9816052337384019,0.9851971732646695,0.9958252783753133,0.008615510538220406,0.05805845372378826,0.017704113386571407,ok,
759xd9YjKW5,6e1e523c608942daae201e0edb7cdde0,6e1e523c608942daae201e0edb7cdde0_i0_5,0,5,/mnt/priorbimda-data/PriorBIMDA-Datasets/Matterport3D/v1/scans/759xd9YjKW5/undistorted_color_images/6e1e523c608942daae201e0edb7cdde0_i0_5.jpg,/mnt/priorbimda-data/PriorBIMDA-Datasets/Matterport3D/v1/scans/759xd9YjKW5/undistorted_depth_images/6e1e523c608942daae201e0edb7cdde0_d0_5.png,1024,1280,406,504,1.4155678118069965,1221980,0.9322967529296875,-10.281399726867676,-1.3941500186920166,1.5712599754333496,True,204624,1.0,True,,1.0,204624,0.8937719464302063,-0.11230462982901501,1.0701293610783504,0.18008416919929676,log-depth Laplacian fallback,,,,0.10386297355229618,0.04613801330190925,0.3250168621550875,0.24631767938981056,0.15242873926585862,-0.06411603350261004,0.10668826949418984,0.04633412672513369,13.828830320049232,0.9161933910538634,0.9881683824612514,0.9951406733334425,0.17311565339637283,0.10232500292415077,0.5541303799093996,0.4736037824874884,0.22416044538649846,-0.1764206633654497,0.19125042101345704,0.08305900250781811,13.828830324206029,0.7355521366961816,0.944655395341986,0.9960465801404278,0.17311565339637283,0.10232500292415077,0.5541303799093996,0.4736037824874884,0.22416044538649846,-0.1764206633654497,0.19125042101345704,0.08305900250781811,13.828830324206029,0.7355521366961816,0.944655395341986,0.9960465801404278,0.14793669389619568,0.07086691931856455,0.4313929027405324,0.362596469382498,0.20418050719127906,-0.14845831896258205,0.1618930871653065,0.07030927441417482,14.017776944898294,0.8534648684921193,0.9383492364850489,0.9962470744202033,0.08829468107332283,0.03792330553478001,0.25115006885237984,0.16426292968406234,0.13833682192483468,0.003663537160912469,0.08481255945940067,0.036833626569309164,13.828830317757909,0.9173022471726214,0.9922748326486522,0.9945743792860767,0.00841778889298439,0.057299298234283924,0.017664761282503605,ok,
759xd9YjKW5,6e1e523c608942daae201e0edb7cdde0,6e1e523c608942daae201e0edb7cdde0_i1_0,1,0,/mnt/priorbimda-data/PriorBIMDA-Datasets/Matterport3D/v1/scans/759xd9YjKW5/undistorted_color_images/6e1e523c608942daae201e0edb7cdde0_i1_0.jpg,/mnt/priorbimda-data/PriorBIMDA-Datasets/Matterport3D/v1/scans/759xd9YjKW5/undistorted_depth_images/6e1e523c608942daae201e0edb7cdde0_d1_0.png,1024,1280,406,504,1.4121168655554452,1134187,0.8653160095214844,-10.292200088500977,-1.3873200416564941,1.6046500205993652,True,204624,1.0,True,,1.0,204624,0.9824554920196533,-0.017700237008185814,0.9954890524998578,0.013179084483250576,log-depth Laplacian fallback,,,,0.05936973196125629,0.04999410873011342,0.41563119296540707,0.21203442701175287,0.10636433608525599,0.025100938351648835,0.05364347050696161,0.023297063231313257,10.336012231380154,0.9617056093924546,0.9809140820693589,0.9988732016854364,0.06041173124620931,0.04683249385596519,0.407941551376961,0.2212483908623368,0.10362473290256595,0.007400701493633905,0.05573294248481632,0.02420450938138705,10.336012232253918,0.9638234259429882,0.9818592524865829,0.9989225762594705,0.06041173124620931,0.04683249385596519,0.407941551376961,0.2212483908623368,0.10362473290256595,0.007400701493633905,0.05573294248481632,0.02420450938138705,10.336012232253918,0.9638234259429882,0.9818592524865829,0.9989225762594705,0.06009972312771078,0.04739056698371429,0.40877000979167877,0.21900604856680442,0.10429715060737729,0.010033447853454112,0.05521299744346882,0.02397870011903686,10.381341699891184,0.963487502501792,0.9815868106405734,0.998911995993606,0.0588352111150439,0.048883923692248366,0.4116742603736445,0.20983693725011907,0.10538900707408183,0.02057979422327266,0.05337595973907597,0.023180884780970832,10.336012229960172,0.9624100787612625,0.9811600732507073,0.9988864270177669,0.007662511430680752,0.05817169416695833,0.017687281593680382,ok,
759xd9YjKW5,6e1e523c608942daae201e0edb7cdde0,6e1e523c608942daae201e0edb7cdde0_i1_1,1,1,/mnt/priorbimda-data/PriorBIMDA-Datasets/Matterport3D/v1/scans/759xd9YjKW5/undistorted_color_images/6e1e523c608942daae201e0edb7cdde0_i1_1.jpg,/mnt/priorbimda-data/PriorBIMDA-Datasets/Matterport3D/v1/scans/759xd9YjKW5/undistorted_depth_images/6e1e523c608942daae201e0edb7cdde0_d1_1.png,1024,1280,406,504,1.4121168655554452,1295654,0.9885055541992187,-10.294500350952148,-1.3846800327301025,1.604699969291687,True,204624,1.0,True,,1.0,204624,1.0137656927108765,0.013671806190437253,0.9883534099874735,0.02538674896849272,log-depth Laplacian fallback,,,,0.11274680647399533,0.07471079197876278,0.4265188533800415,0.24693279394830533,0.2141430124133234,-0.09070412587263435,0.13076791354431178,0.05679178326229607,19.39845130806428,0.7121075534054616,0.9439487702735453,0.9999891946461015,0.11677386496344756,0.07194653578858844,0.41749973498279613,0.25167761272639,0.20871983523699586,-0.0770323196846456,0.1332280211500033,0.05786019442033617,19.398451315855414,0.711527151538914,0.9438955153150456,0.9999976845670218,0.11677386496344756,0.07194653578858844,0.41749973498279613,0.25167761272639,0.20871983523699586,-0.0770323196846456,0.1332280211500033,0.05786019442033617,19.398451315855414,0.711527151538914,0.9438955153150456,0.9999976845670218,0.1263247951073803,0.07308587543977219,0.42034897816593136,0.26496523303978836,0.2107848536205851,-0.07836032973237489,0.14291422433314777,0.06206685901336949,19.56780857431025,0.7115649702775587,0.9446719571737516,0.9999884228351088,0.11074573621470161,0.07746441302061383,0.43480686325998125,0.24451758163279158,0.21936192136981678,-0.10241904719504678,0.1300745583149988,0.056490662912206766,19.398451308987646,0.7128021832989363,0.9440753472763562,0.9999837919691522,0.008361702784895897,0.05854738224297762,0.01769136544317007,ok,
759xd9YjKW5,6e1e523c608942daae201e0edb7cdde0,6e1e523c608942daae201e0edb7cdde0_i1_2,1,2,/mnt/priorbimda-data/PriorBIMDA-Datasets/Matterport3D/v1/scans/759xd9YjKW5/undistorted_color_images/6e1e523c608942daae201e0edb7cdde0_i1_2.jpg,/mnt/priorbimda-data/PriorBIMDA-Datasets/Matterport3D/v1/scans/759xd9YjKW5/undistorted_depth_images/6e1e523c608942daae201e0edb7cdde0_d1_2.png,1024,1280,406,504,1.4121168655554452,725210,0.5532913208007812,-10.293399810791016,-1.381369948387146,1.6047899723052979,True,204624,1.0,True,,1.0,204624,1.0611213445663452,0.05932622120385342,1.120175231511801,0.05415890857204081,log-depth Laplacian fallback,,,,0.10520474550867896,0.03096536810322126,0.2728793215324867,0.2426154632814336,0.12183107517566225,-0.10675635786111856,0.11164630189944379,0.048487372839833,5.870171151411734,0.993870740888846,0.9999889687125109,0.999990347623447,0.06580321677636405,0.013866468836588831,0.18423432717349308,0.15773742853024544,0.07546859482221012,-0.047430136653711666,0.06719058821282678,0.029180501696664356,5.870171157171789,0.9937880062326774,0.9999765585140856,0.999990347623447,0.06580321677636405,0.013866468836588831,0.18423432717349308,0.15773742853024544,0.07546859482221012,-0.047430136653711666,0.06719058821282678,0.029180501696664356,5.870171157171789,0.9937880062326774,0.9999765585140856,0.999990347623447,0.05034626784804977,0.009915099786650302,0.15644947149658014,0.12318020457557081,0.06229983347033443,-0.03650324034204957,0.05111816158148772,0.02220033549987892,5.048547013707971,0.993812826629528,0.9999889687125109,0.999990347623447,0.037954717511451914,0.010978212590878557,0.1685004090246486,0.09714770508250406,0.059086101883288764,0.006728781666529434,0.03668705551649227,0.015932985768090855,5.870171150014756,0.9933895009721322,0.9975910425945588,0.999990347623447,0.008694448508322239,0.059120699763298035,0.017732055857777596,ok,
759xd9YjKW5,6e1e523c608942daae201e0edb7cdde0,6e1e523c608942daae201e0edb7cdde0_i1_3,1,3,/mnt/priorbimda-data/PriorBIMDA-Datasets/Matterport3D/v1/scans/759xd9YjKW5/undistorted_color_images/6e1e523c608942daae201e0edb7cdde0_i1_3.jpg,/mnt/priorbimda-data/PriorBIMDA-Datasets/Matterport3D/v1/scans/759xd9YjKW5/undistorted_depth_images/6e1e523c608942daae201e0edb7cdde0_d1_3.png,1024,1280,406,504,1.4121168655554452,1279583,0.9762443542480469,-10.289999961853027,-1.3806899785995483,1.6048200130462646,True,201109,0.9828221518492455,True,,1.0,201109,0.9675782322883606,-0.03295899710084614,1.0189855194497128,0.05176654069062288,log-depth Laplacian fallback,,,,0.031510079713222755,0.017616695253431035,0.28523050353333573,0.1486204640845238,0.05426071451661202,-0.012070695727947597,0.030784595343383896,0.013369579885256163,5.290107224335418,0.9899428173084512,0.9954711808456349,0.9999992184954004,0.054515056481810764,0.02524132578197883,0.35227340066340007,0.25730755401215716,0.06947083319963997,-0.0450296927094172,0.05517759767996648,0.0239633261970871,5.290107220035959,0.9906899357056166,0.9966903280209256,1.0,0.054515056481810764,0.02524132578197883,0.35227340066340007,0.25730755401215716,0.06947083319963997,-0.0450296927094172,0.05517759767996648,0.0239633261970871,5.290107220035959,0.9906899357056166,0.9966903280209256,1.0,0.0403647306126688,0.0185496624476891,0.29222122180805676,0.17685624189599444,0.05886221674366198,-0.029579333735886944,0.04023671229638065,0.017474582120246843,5.089030925155457,0.9901991508171021,0.995991662908932,1.0,0.027450949793381734,0.017451690498768643,0.27808370852942743,0.12199909621979334,0.05332830806080865,0.006736838470035118,0.026186066812156426,0.011372464319269412,5.290107227700743,0.9894614104751314,0.9950585464170749,0.9999937479632036,0.009399828501045704,0.059578150510787964,0.017712928354740143,ok,
759xd9YjKW5,6e1e523c608942daae201e0edb7cdde0,6e1e523c608942daae201e0edb7cdde0_i1_4,1,4,/mnt/priorbimda-data/PriorBIMDA-Datasets/Matterport3D/v1/scans/759xd9YjKW5/undistorted_color_images/6e1e523c608942daae201e0edb7cdde0_i1_4.jpg,/mnt/priorbimda-data/PriorBIMDA-Datasets/Matterport3D/v1/scans/759xd9YjKW5/undistorted_depth_images/6e1e523c608942daae201e0edb7cdde0_d1_4.png,1024,1280,406,504,1.4121168655554452,1182685,0.9023170471191406,-10.287699699401855,-1.38332998752594,1.6047600507736206,True,204624,1.0,True,,1.0,204624,1.0564683675765991,0.05493161685583909,1.0231654971086228,0.032030366715953565,log-depth Laplacian fallback,,,,0.08220699446894379,0.045754585650851415,0.41055817025897196,0.23603911718717854,0.10779696332830677,-0.015137585237358711,0.0812179585876086,0.03527251124604527,10.672880968129464,0.9756266461483827,0.9961418298194363,0.9984416814282755,0.08824992985591117,0.053262446203167675,0.424854433333515,0.21979277199075684,0.11390611825361555,0.039794031715491306,0.08265772371973491,0.03589779329816439,10.672880967870446,0.9701239129607631,0.9947839027298054,0.9979385888888419,0.08824992985591117,0.053262446203167675,0.424854433333515,0.21979277199075684,0.11390611825361555,0.039794031715491306,0.08265772371973491,0.03589779329816439,10.672880967870446,0.9701239129607631,0.9947839027298054,0.9979385888888419,0.10014367027936759,0.05208070902119414,0.41222032261601654,0.23369545817338394,0.12366550540998036,0.05211669968698596,0.09295417198339992,0.04036948396227646,11.214725516945299,0.9610386535721684,0.9948236428127524,0.9978734827955035,0.08274491862258117,0.04672867427325763,0.406851337839323,0.22455571936071883,0.10701080696277497,0.00776363295328415,0.07987413343849654,0.034688895399143035,10.67288096541462,0.9733927461665617,0.9956497292178391,0.9983182335110363,0.00858857948333025,0.060139152221381664,0.01777118816971779,ok,
759xd9YjKW5,6e1e523c608942daae201e0edb7cdde0,6e1e523c608942daae201e0edb7cdde0_i1_5,1,5,/mnt/priorbimda-data/PriorBIMDA-Datasets/Matterport3D/v1/scans/759xd9YjKW5/undistorted_color_images/6e1e523c608942daae201e0edb7cdde0_i1_5.jpg,/mnt/priorbimda-data/PriorBIMDA-Datasets/Matterport3D/v1/scans/759xd9YjKW5/undistorted_depth_images/6e1e523c608942daae201e0edb7cdde0_d1_5.png,1024,1280,406,504,1.4121168655554452,1133394,0.8647109985351562,-10.288800239562988,-1.386639952659607,1.6046799421310425,True,204624,1.0,True,,1.0,204624,0.9816163778305054,-0.018554700893222434,0.9935248381793677,0.012058484274257469,log-depth Laplacian fallback,,,,0.19368289603658972,0.1399949041223097,0.47357621744778766,0.3198550068006467,0.2644169806879255,0.10491829838075831,0.15191298338110235,0.06597497041187315,24.271071328024423,0.7861211546911312,0.7991704561696992,0.9881876911294748,0.1910427733306481,0.13323977324269837,0.4838826655426043,0.3431308879883083,0.2576182471978576,0.08636359743825016,0.15283388082951196,0.06637491109211621,24.2710713251023,0.7869990488744426,0.799778364805178,0.9883967975831882,0.1910427733306481,0.13323977324269837,0.4838826655426043,0.3431308879883083,0.2576182471978576,0.08636359743825016,0.15283388082951196,0.06637491109211621,24.2710713251023,0.7869990488744426,0.799778364805178,0.9883967975831882,0.18805392004301624,0.13130909266712962,0.4778326961592944,0.33322243584232547,0.2556827628866934,0.0887521987424887,0.1501838589406257,0.06522402120885008,23.97847419160503,0.7868543507376958,0.7996310197512957,0.9883394477119166,0.19216136549819068,0.1372964925397679,0.475678107814926,0.32600947545408204,0.2619072331023138,0.09842209305539353,0.15164443647709955,0.06585834197333248,24.27107132985794,0.7864052571303536,0.7993936795148024,0.9882600401978482,0.0075980545952916145,0.058307284489274025,0.017668831162154675,ok,
759xd9YjKW5,6e1e523c608942daae201e0edb7cdde0,6e1e523c608942daae201e0edb7cdde0_i2_0,2,0,/mnt/priorbimda-data/PriorBIMDA-Datasets/Matterport3D/v1/scans/759xd9YjKW5/undistorted_color_images/6e1e523c608942daae201e0edb7cdde0_i2_0.jpg,/mnt/priorbimda-data/PriorBIMDA-Datasets/Matterport3D/v1/scans/759xd9YjKW5/undistorted_depth_images/6e1e523c608942daae201e0edb7cdde0_d2_0.png,1024,1280,406,504,1.4165615917841592,1239214,0.9454452514648437,-10.295900344848633,-1.398569941520691,1.637619972229004,True,204624,1.0,True,,1.0,204624,0.9518799185752869,-0.04931638809690866,1.0349792027555584,0.08369772065637263,log-depth Laplacian fallback,,,,0.045734111630421355,0.011269123658627974,0.15473050568753174,0.09638788413629527,0.06608581143883982,-0.02970920401697552,0.04567443749110131,0.019836156166420316,5.903132787095016,0.9893158082461948,0.9979446649247022,0.9994181795880291,0.0851102525976626,0.02061213277560205,0.21429609206672182,0.18781842930878523,0.09863945402138871,-0.07902559210440852,0.08822242952003664,0.03831451432065044,5.903132797240212,0.9915067131262235,0.9985264853366731,0.9995142081997137,0.0851102525976626,0.02061213277560205,0.21429609206672182,0.18781842930878523,0.09863945402138871,-0.07902559210440852,0.08822242952003664,0.03831451432065044,5.903132797240212,0.9915067131262235,0.9985264853366731,0.9995142081997137,0.07381611898311669,0.017998850400179126,0.19758573750820488,0.1601234899828126,0.09306978283755306,-0.06613179971575914,0.07629690979922767,0.033135326912074714,6.548717083356102,0.9893537355129945,0.9984457890243331,0.9995053316053563,0.034937743580036186,0.010988801845886832,0.15654246604894798,0.07923645317028948,0.05921593244851913,0.004672149294755278,0.03354932132948173,0.014570285124992984,5.903132792606904,0.9874016917174919,0.9965808972461576,0.9992414546640047,0.008397131226956844,0.05722428113222122,0.017673914320766926,ok,
759xd9YjKW5,6e1e523c608942daae201e0edb7cdde0,6e1e523c608942daae201e0edb7cdde0_i2_1,2,1,/mnt/priorbimda-data/PriorBIMDA-Datasets/Matterport3D/v1/scans/759xd9YjKW5/undistorted_color_images/6e1e523c608942daae201e0edb7cdde0_i2_1.jpg,/mnt/priorbimda-data/PriorBIMDA-Datasets/Matterport3D/v1/scans/759xd9YjKW5/undistorted_depth_images/6e1e523c608942daae201e0edb7cdde0_d2_1.png,1024,1280,406,504,1.4165615917841592,1233307,0.9409385681152344,-10.305500030517578,-1.387619972229004,1.637850046157837,True,204624,1.0,True,,1.0,204624,1.0187278985977173,0.018554690709595995,1.0025762556161835,0.015981747951286554,log-depth Laplacian fallback,,,,0.03680103710423674,0.007553315239990957,0.10320761723312392,0.061215643347237725,0.06238370420814921,-0.0102621344320905,0.036022121926483415,0.015644208779117888,6.1533853671191086,0.9899724886017837,0.9961437014465985,0.9976940048179407,0.03898426483084497,0.007741972267387509,0.103673426153924,0.0650987738900423,0.06209010905238456,0.00829255621801487,0.03750853365013316,0.016289749188535263,6.153385371897383,0.9886913801673063,0.9959734275407502,0.9976583283805249,0.03898426483084497,0.007741972267387509,0.103673426153924,0.0650987738900423,0.06209010905238456,0.00829255621801487,0.03750853365013316,0.016289749188535263,6.153385371897383,0.9886913801673063,0.9959734275407502,0.9976583283805249,0.040663642653751594,0.008057338075799437,0.10733423219349765,0.06935444550094581,0.06348100312692542,0.005789982886889033,0.03930421805821959,0.017069605018206913,6.321640496081889,0.9887562464171532,0.9960391046187203,0.9976826532242175,0.036847502950323276,0.007503880626762145,0.10257181660731879,0.061221904988076066,0.062012411505417905,-0.007689215300560688,0.03597386310281121,0.015623250238293907,6.1533853680546535,0.9896303191338409,0.9961218090872751,0.9976883290210791,0.008919664658606052,0.05853564292192459,0.017681450583040714,ok,
759xd9YjKW5,6e1e523c608942daae201e0edb7cdde0,6e1e523c608942daae201e0edb7cdde0_i2_2,2,2,/mnt/priorbimda-data/PriorBIMDA-Datasets/Matterport3D/v1/scans/759xd9YjKW5/undistorted_color_images/6e1e523c608942daae201e0edb7cdde0_i2_2.jpg,/mnt/priorbimda-data/PriorBIMDA-Datasets/Matterport3D/v1/scans/759xd9YjKW5/undistorted_depth_images/6e1e523c608942daae201e0edb7cdde0_d2_2.png,1024,1280,406,504,1.4165615917841592,1064897,0.8124519348144531,-10.300800323486328,-1.3738600015640259,1.638200044631958,True,204624,1.0,True,,1.0,204624,1.1509929895401,0.14062503896541936,1.1897384156325732,0.03310842519816895,log-depth Laplacian fallback,,,,0.15648546333751265,0.054035336390095,0.35010433627230725,0.3437650147259093,0.17149268000499496,-0.1696327627877733,0.17030287269711888,0.07396159786463076,2.5188590359180947,0.9933758851795056,1.0,1.0,0.03186403948145972,0.0032426466514254982,0.08538861456717108,0.06763888781315713,0.03841761482977635,-0.029007723899312915,0.032353025688593606,0.014050740529430361,2.518859034146774,0.9983134519113116,1.0,1.0,0.03186403948145972,0.0032426466514254982,0.08538861456717108,0.06763888781315713,0.03841761482977635,-0.029007723899312915,0.032353025688593606,0.014050740529430361,2.518859034146774,0.9983134519113116,1.0,1.0,0.02690431853783391,0.003166628964411162,0.08650731595518978,0.06085318886980079,0.03596232869850166,-0.0014419101987878265,0.026918301043310104,0.011690469605320117,3.593341036414033,0.9982073383623017,1.0,1.0,0.015289488607726973,0.0018770395209513615,0.06827088102897691,0.03669871924231221,0.025520201395206926,0.0041006821881359005,0.01506526267158702,0.006542760446693282,2.5188590370320973,0.9981941915509199,1.0,1.0,0.007668965496122837,0.057901046238839626,0.017751497216522694,ok,
759xd9YjKW5,6e1e523c608942daae201e0edb7cdde0,6e1e523c608942daae201e0edb7cdde0_i2_3,2,3,/mnt/priorbimda-data/PriorBIMDA-Datasets/Matterport3D/v1/scans/759xd9YjKW5/undistorted_color_images/6e1e523c608942daae201e0edb7cdde0_i2_3.jpg,/mnt/priorbimda-data/PriorBIMDA-Datasets/Matterport3D/v1/scans/759xd9YjKW5/undistorted_depth_images/6e1e523c608942daae201e0edb7cdde0_d2_3.png,1024,1280,406,504,1.4165615917841592,1263095,0.9636650085449219,-10.286499977111816,-1.3710399866104126,1.638319969177246,True,204624,1.0,True,,1.0,204624,1.015995740890503,0.015869157110596974,1.0250426076850843,0.008865023089082422,log-depth Laplacian fallback,,,,0.026869704173006496,0.0025461459458428915,0.09177431570981319,0.07343298542110183,0.030044564784588463,-0.02663408222108673,0.027249604291903748,0.01183435277802096,1.3903292320012735,0.9995487275303916,1.0,1.0,0.011819854219497255,0.0010231563464792057,0.060798091706590514,0.03231129135910589,0.017583661493631372,-0.010764925063464523,0.011894441500965088,0.005165690309190165,1.3903292412252861,0.9995226012295195,1.0,1.0,0.011819854219497255,0.0010231563464792057,0.060798091706590514,0.03231129135910589,0.017583661493631372,-0.010764925063464523,0.011894441500965088,0.005165690309190165,1.3903292412252861,0.9995226012295195,1.0,1.0,0.01369851755126018,0.0011900133284417499,0.0623538178941494,0.037241158766227044,0.019396775049267918,-0.005640671623283157,0.01372116695692121,0.005959027094664116,1.8558494172485829,0.9994632232729921,0.9999976248817389,1.0,0.007945999825425074,0.0007542735875539573,0.05319832362277556,0.023558668412178768,0.014032497860344805,-0.0018998577349285872,0.007938510907938841,0.003447651481846611,1.390329230030116,0.9994940998103864,1.0,1.0,0.0077499570325016975,0.05870713945478201,0.01772083342075348,ok,
759xd9YjKW5,6e1e523c608942daae201e0edb7cdde0,6e1e523c608942daae201e0edb7cdde0_i2_4,2,4,/mnt/priorbimda-data/PriorBIMDA-Datasets/Matterport3D/v1/scans/759xd9YjKW5/undistorted_color_images/6e1e523c608942daae201e0edb7cdde0_i2_4.jpg,/mnt/priorbimda-data/PriorBIMDA-Datasets/Matterport3D/v1/scans/759xd9YjKW5/undistorted_depth_images/6e1e523c608942daae201e0edb7cdde0_d2_4.png,1024,1280,406,504,1.4165615917841592,1222806,0.9329269409179688,-10.277000427246094,-1.3819899559020996,1.6380900144577026,True,204624,1.0,True,,1.0,204624,1.1085216999053955,0.10302732580088719,1.1131254789272642,0.0041444795155104325,log-depth Laplacian fallback,,,,0.10485980245701469,0.023581860809221138,0.2203956670435476,0.20272427708188817,0.11813391182361428,-0.1034869063998231,0.11017210270463826,0.04784713626430276,5.697439184882739,0.9894472222085924,0.9972849331782802,1.0,0.031700064170682475,0.008432056082545982,0.12849276672653726,0.06478772494989798,0.05697624532900231,-0.0004595804685493635,0.030623550705683178,0.013299639087762648,5.697439177019431,0.9890064327456686,0.9961310297790492,0.9981198980050802,0.031700064170682475,0.008432056082545982,0.12849276672653726,0.06478772494989798,0.05697624532900231,-0.0004595804685493635,0.030623550705683178,0.013299639087762648,5.697439177019431,0.9890064327456686,0.9961310297790492,0.9981198980050802,0.03849419201989572,0.009870995154099772,0.13335079011003798,0.0677501348659362,0.06700834693529004,-0.006838558349443665,0.03773733843029871,0.016389117841994254,6.665847792067748,0.9896549411762782,0.9959642003719315,0.9981714188513959,0.031645493037515564,0.00870571451381201,0.13227977384573736,0.06710272222658925,0.05709342848800199,0.0036848670645594577,0.03043784138799009,0.013218986555850512,5.697439188996335,0.9890424155589684,0.9960754199766766,0.9980749194884553,0.007391598075628281,0.058438075706362724,0.017724331468343735,ok,
759xd9YjKW5,6e1e523c608942daae201e0edb7cdde0,6e1e523c608942daae201e0edb7cdde0_i2_5,2,5,/mnt/priorbimda-data/PriorBIMDA-Datasets/Matterport3D/v1/scans/759xd9YjKW5/undistorted_color_images/6e1e523c608942daae201e0edb7cdde0_i2_5.jpg,/mnt/priorbimda-data/PriorBIMDA-Datasets/Matterport3D/v1/scans/759xd9YjKW5/undistorted_depth_images/6e1e523c608942daae201e0edb7cdde0_d2_5.png,1024,1280,406,504,1.4165615917841592,1245572,0.9502960205078125,-10.281700134277344,-1.3957600593566895,1.6377400159835815,True,204624,1.0,True,,1.0,204624,0.9539737105369568,-0.04711916500269791,0.9889358315599098,0.035993333394665095,log-depth Laplacian fallback,,,,0.04499976687126804,0.018180029936297953,0.19941082234086224,0.09950002246348272,0.07783812244500526,0.01814434897399216,0.042096212449895476,0.018282152776016553,7.569383003966454,0.9835176127915528,0.992794475148767,0.9978291098386926,0.052516426933221894,0.015113452642674944,0.16828174476131574,0.09431592096675416,0.08104995915565304,-0.02897481597286942,0.051759382707541685,0.02247881429660396,7.569383012155863,0.9845316047566901,0.99479757091521,0.9981695156923888,0.052516426933221894,0.015113452642674944,0.16828174476131574,0.09431592096675416,0.08104995915565304,-0.02897481597286942,0.051759382707541685,0.02247881429660396,7.569383012155863,0.9845316047566901,0.99479757091521,0.9981695156923888,0.057337723460049506,0.017330477312107226,0.1825137985615465,0.10314400560140907,0.08990088004560207,-0.022229753542222785,0.05693327896760259,0.024725808892288283,8.710916306810534,0.9844376720093259,0.9939858956367035,0.9982064465161388,0.04324298164715354,0.016569731774103806,0.18675060646437439,0.09070296339584666,0.07601852032446652,0.007018513974507096,0.04082777107192494,0.017731275684946222,7.569382995932348,0.9838122565375587,0.9931958971460502,0.9979254511180405,0.008063309825956821,0.057439154013991356,0.017712270841002464,ok,
759xd9YjKW5,74ce4ff76774491f877325c9402b6184,74ce4ff76774491f877325c9402b6184_i0_0,0,0,/mnt/priorbimda-data/PriorBIMDA-Datasets/Matterport3D/v1/scans/759xd9YjKW5/undistorted_color_images/74ce4ff76774491f877325c9402b6184_i0_0.jpg,/mnt/priorbimda-data/PriorBIMDA-Datasets/Matterport3D/v1/scans/759xd9YjKW5/undistorted_depth_images/74ce4ff76774491f877325c9402b6184_d0_0.png,1024,1280,406,504,1.4155678118069965,1215947,0.9276939392089844,-9.612700462341309,-12.903300285339355,1.5826200246810913,True,204624,1.0,True,,1.0,204624,1.0538922548294067,0.052490219874298964,1.113985166504185,0.05545360601627477,log-depth Laplacian fallback,,,,0.09614845082658112,0.012183076679635385,0.11166335218286326,0.09871526619253781,0.12051289558730645,-0.10054381398529363,0.10291228889839699,0.044694239188607064,6.644019470266247,0.9939972712626455,0.999899666679551,1.0,0.06635864446094879,0.006125553079439442,0.081197201091142,0.07087230431326556,0.0819966303614192,-0.04805359405167338,0.06894760698573162,0.029943565254337338,6.644019483222634,0.9981553472314172,0.999900489083817,1.0,0.06635864446094879,0.006125553079439442,0.081197201091142,0.07087230431326556,0.0819966303614192,-0.04805359405167338,0.06894760698573162,0.029943565254337338,6.644019483222634,0.9981553472314172,0.999900489083817,1.0,0.06119585945142881,0.0065625304623803705,0.08332644982769796,0.06344499532852467,0.08575761086843955,-0.05714854591470715,0.06445400113060917,0.027992017027609544,6.394068752912584,0.9988395875807087,0.999900489083817,1.0,0.05615239025363762,0.006293905376998156,0.09610568827522094,0.07194955136414764,0.06685102725865087,0.007400024798160087,0.05545508427194206,0.024083837092784235,6.644019475079448,0.996488333784285,0.999900489083817,1.0,0.007955698296427727,0.057773918844759464,0.01777033880352974,ok,
759xd9YjKW5,74ce4ff76774491f877325c9402b6184,74ce4ff76774491f877325c9402b6184_i0_1,0,1,/mnt/priorbimda-data/PriorBIMDA-Datasets/Matterport3D/v1/scans/759xd9YjKW5/undistorted_color_images/74ce4ff76774491f877325c9402b6184_i0_1.jpg,/mnt/priorbimda-data/PriorBIMDA-Datasets/Matterport3D/v1/scans/759xd9YjKW5/undistorted_depth_images/74ce4ff76774491f877325c9402b6184_d0_1.png,1024,1280,406,504,1.4155678118069965,1170935,0.8933525085449219,-9.624879837036133,-12.911199569702148,1.5826799869537354,True,204624,1.0,True,,1.0,204624,1.15662682056427,0.14550785561739313,1.1772588780297804,0.017680895824880805,log-depth Laplacian fallback,,,,0.15357179470875837,0.020399554559146067,0.13212432138364597,0.13016484849225546,0.1716361870018369,-0.1658859981911392,0.1673296529182506,0.07267034492118261,4.405469660159839,0.8778053435929407,0.9999555910447634,1.0,0.034346941292860325,0.0017361611993012796,0.03591776233483019,0.026670912650894853,0.04853951993995794,-0.020378142565327106,0.0348437971382955,0.015132468825718053,4.405469670294846,0.9953985490227895,1.0,1.0,0.034346941292860325,0.0017361611993012796,0.03591776233483019,0.026670912650894853,0.04853951993995794,-0.020378142565327106,0.0348437971382955,0.015132468825718053,4.405469670294846,0.9953985490227895,1.0,1.0,0.05319783656646681,0.0037961681583566814,0.053747222542075,0.04189137364765269,0.07494020240850532,-0.0469472939168806,0.05543408904379219,0.02407471898105245,5.841220361285622,0.9962679397233835,0.9999948758897804,1.0,0.03032549140210266,0.001565235749133372,0.03452448448809009,0.023582099964586847,0.04413719022808873,-0.002697271306798935,0.030261999204586706,0.0131426192659126,4.405469655698482,0.9950569416748154,1.0,1.0,0.008506188169121742,0.05995719041675329,0.01769908145070076,ok,
759xd9YjKW5,74ce4ff76774491f877325c9402b6184,74ce4ff76774491f877325c9402b6184_i0_2,0,2,/mnt/priorbimda-data/PriorBIMDA-Datasets/Matterport3D/v1/scans/759xd9YjKW5/undistorted_color_images/74ce4ff76774491f877325c9402b6184_i0_2.jpg,/mnt/priorbimda-data/PriorBIMDA-Datasets/Matterport3D/v1/scans/759xd9YjKW5/undistorted_depth_images/74ce4ff76774491f877325c9402b6184_d0_2.png,1024,1280,406,504,1.4155678118069965,1220560,0.93121337890625,-9.637860298156738,-12.90470027923584,1.5828900337219238,True,204624,1.0,True,,1.0,204624,1.0296045541763306,0.029174800538181632,1.0595985190687778,0.028715280244284214,log-depth Laplacian fallback,,,,0.05780616075064026,0.005032978125027152,0.07462342413277075,0.06375222800995041,0.07196611159288431,-0.05595428997096029,0.060109588661786825,0.026105262665288287,4.52574706722014,0.9991798846431147,1.0,1.0,0.042607362180260656,0.0028043325580645343,0.05595068721043027,0.046940486795529784,0.05258687768824324,-0.02677948937411596,0.04347881334698266,0.018882608716296025,4.525747069666913,0.9987710559087631,1.0,1.0,0.042607362180260656,0.0028043325580645343,0.05595068721043027,0.046940486795529784,0.05258687768824324,-0.02677948937411596,0.04347881334698266,0.018882608716296025,4.525747069666913,0.9987710559087631,1.0,1.0,0.04320945385527656,0.003331323802509524,0.06340398543534856,0.05014426445920173,0.056247694896961985,-0.03955185939871745,0.04449540030511605,0.019324106822588186,3.9993169408360343,0.9990029166939766,1.0,1.0,0.03726485379067259,0.002459670680091493,0.056287297809789305,0.04321156119588491,0.045298853270281554,0.0019358342817341531,0.037015001866704506,0.016075411058348334,4.525747068977851,0.9980558104476633,1.0,1.0,0.009066158905625343,0.061655852012336254,0.017711104825139046,ok,
759xd9YjKW5,74ce4ff76774491f877325c9402b6184,74ce4ff76774491f877325c9402b6184_i0_3,0,3,/mnt/priorbimda-data/PriorBIMDA-Datasets/Matterport3D/v1/scans/759xd9YjKW5/undistorted_color_images/74ce4ff76774491f877325c9402b6184_i0_3.jpg,/mnt/priorbimda-data/PriorBIMDA-Datasets/Matterport3D/v1/scans/759xd9YjKW5/undistorted_depth_images/74ce4ff76774491f877325c9402b6184_d0_3.png,1024,1280,406,504,1.4155678118069965,1246867,0.9512840270996094,-9.638660430908203,-12.89009952545166,1.5830399990081787,True,204624,1.0,True,,1.0,204624,1.100432276725769,0.0957030814499717,1.1548685655408717,0.04828345998001196,log-depth Laplacian fallback,,,,0.14982620972702743,0.031398622296069933,0.20871184455952818,0.20313199883015792,0.17445251173734277,-0.16404968189225894,0.164051714861701,0.07124675451120244,5.9341222792561075,0.7832086341205597,1.0,1.0,0.06694342909241364,0.00785089424108947,0.0954700930052869,0.08201642726322289,0.09051319526057787,-0.06834660044853322,0.07081633630298786,0.030755144084992518,5.934122280007427,0.9996848100078035,1.0,1.0,0.06694342909241364,0.00785089424108947,0.0954700930052869,0.08201642726322289,0.09051319526057787,-0.06834660044853322,0.07081633630298786,0.030755144084992518,5.934122280007427,0.9996848100078035,1.0,1.0,0.06262611444325021,0.006125735361009472,0.09580240958546873,0.08608501903116467,0.07054718527550637,-0.0650059162600341,0.06504523069549238,0.028248784765176362,2.740686413090808,1.0,1.0,1.0,0.04498134263300847,0.004236791938955652,0.07452915982469832,0.05847268419527817,0.0626411129745249,-0.020063108241147525,0.046322054651484805,0.02011741272556073,5.934122279150634,1.0,1.0,1.0,0.007672459818422794,0.05692365579307079,0.01771323475986719,ok,
759xd9YjKW5,74ce4ff76774491f877325c9402b6184,74ce4ff76774491f877325c9402b6184_i0_4,0,4,/mnt/priorbimda-data/PriorBIMDA-Datasets/Matterport3D/v1/scans/759xd9YjKW5/undistorted_color_images/74ce4ff76774491f877325c9402b6184_i0_4.jpg,/mnt/priorbimda-data/PriorBIMDA-Datasets/Matterport3D/v1/scans/759xd9YjKW5/undistorted_depth_images/74ce4ff76774491f877325c9402b6184_d0_4.png,1024,1280,406,504,1.4155678118069965,1249760,0.9534912109375,-9.626480102539062,-12.882200241088867,1.5829800367355347,True,204624,1.0,True,,1.0,204624,1.163423776626587,0.15136718947546485,1.2351144088006305,0.05979641501873981,log-depth Laplacian fallback,,,,0.18924287235807516,0.05130709139911284,0.2844535306122511,0.2726918038979961,0.21224071323822755,-0.21021508326233435,0.21021508326233435,0.0912952506736644,2.9253019072933037,0.66326334656254,1.0,1.0,0.05721906090204907,0.005096164867856739,0.0861495836752537,0.07747153813166527,0.06571768199540344,-0.05884789389062732,0.059312473200486465,0.025759079819005777,2.925301884398329,1.0,1.0,1.0,0.05721906090204907,0.005096164867856739,0.0861495836752537,0.07747153813166527,0.06571768199540344,-0.05884789389062732,0.059312473200486465,0.025759079819005777,2.925301884398329,1.0,1.0,1.0,0.04948439607411727,0.007103512932035823,0.11342144327575049,0.07900484887459316,0.06915492652287362,-0.05141838052887934,0.051782857179302394,0.022489009130155207,4.624450244268406,1.0,1.0,1.0,0.024115618768689565,0.0013269628989261604,0.04771097459417474,0.03620888569732433,0.029268394034630805,0.000948558835066382,0.024076883617118235,0.010456457696341263,2.925301908355494,1.0,1.0,1.0,0.007729354314506054,0.0566669013351202,0.01775763090699911,ok,
759xd9YjKW5,74ce4ff76774491f877325c9402b6184,74ce4ff76774491f877325c9402b6184_i0_5,0,5,/mnt/priorbimda-data/PriorBIMDA-Datasets/Matterport3D/v1/scans/759xd9YjKW5/undistorted_color_images/74ce4ff76774491f877325c9402b6184_i0_5.jpg,/mnt/priorbimda-data/PriorBIMDA-Datasets/Matterport3D/v1/scans/759xd9YjKW5/undistorted_depth_images/74ce4ff76774491f877325c9402b6184_d0_5.png,1024,1280,406,504,1.4155678118069965,1243597,0.9487892150878906,-9.613499641418457,-12.888799667358398,1.5827699899673462,True,196340,0.9595159903041677,True,,1.0,196340,0.9614558815956116,-0.03930659998201335,0.9643308167455243,0.0029857276386040313,log-depth Laplacian fallback,,,,0.07648014211132052,0.024706553366376862,0.274159830691521,0.16078180658278057,0.10106491135392412,0.016275539851909937,0.07682286973703639,0.03336374841076723,9.974579244010963,0.931250236209962,0.9990680260566727,1.0,0.06926585938461374,0.024298626162097832,0.2850273078498957,0.14432380749366588,0.1023701755263443,-0.02303106004839493,0.07243624027234502,0.031458659440097535,9.974579244430197,0.9254935481510489,0.9990149542014013,0.9999951752858844,0.06926585938461374,0.024298626162097832,0.2850273078498957,0.14432380749366588,0.1023701755263443,-0.02303106004839493,0.07243624027234502,0.031458659440097535,9.974579244430197,0.9254935481510489,0.9990149542014013,0.9999951752858844,0.052881928158963025,0.023801634407553503,0.29332226541476275,0.1214989533205893,0.09736832415629357,-0.02571199388473681,0.05647045062599518,0.024524805097459725,9.391210741686248,0.9257484538801557,0.9990004800590545,0.9999911546907881,0.06944712837463965,0.024160816620039827,0.28369009677547463,0.14512715719541958,0.10174005836561131,-0.020045357758520527,0.07241044473666138,0.0314474565812924,9.974579243542516,0.9256165783609964,0.9990213871535554,0.9999951752858844,0.00927687343209982,0.05921964533627033,0.01770082861185074,ok,
759xd9YjKW5,74ce4ff76774491f877325c9402b6184,74ce4ff76774491f877325c9402b6184_i1_0,1,0,/mnt/priorbimda-data/PriorBIMDA-Datasets/Matterport3D/v1/scans/759xd9YjKW5/undistorted_color_images/74ce4ff76774491f877325c9402b6184_i1_0.jpg,/mnt/priorbimda-data/PriorBIMDA-Datasets/Matterport3D/v1/scans/759xd9YjKW5/undistorted_depth_images/74ce4ff76774491f877325c9402b6184_d1_0.png,1024,1280,406,504,1.4121168655554452,1292079,0.9857780456542968,-9.622200012207031,-12.898599624633789,1.616029977798462,True,204624,1.0,True,,1.0,204624,1.024714469909668,0.02441400784188521,1.0233593476346985,0.0013233140926016788,log-depth Laplacian fallback,,,,0.07949752647330852,0.009242227811266652,0.1033587160476729,0.08950276791962544,0.09913105977636837,-0.030346073822997775,0.08173676821620925,0.03549782740490478,9.437204467380733,0.9826341887763829,1.0,1.0,0.07986475631606528,0.010405691889431943,0.11760340314971361,0.09800763530768065,0.0945583005676606,-0.005932065930502539,0.08016571032015177,0.03481552562989646,9.437204458969942,0.9856990168557805,1.0,1.0,0.07986475631606528,0.010405691889431943,0.11760340314971361,0.09800763530768065,0.0945583005676606,-0.005932065930502539,0.08016571032015177,0.03481552562989646,9.437204458969942,0.9856990168557805,1.0,1.0,0.056428761530070565,0.0061062574184377666,0.08540415929448553,0.06378789097717563,0.07508580304434326,-0.01131011172995987,0.05678048320418416,0.024659450535377467,7.422909935779722,0.9864977296279871,1.0,1.0,0.07975378489256861,0.010299493337817076,0.11658875550282577,0.09740829673244657,0.09465053647834967,-0.007255427873235783,0.0801603542607938,0.03481319952287257,9.437204470612933,0.9858127869890309,1.0,1.0,0.00768178328871727,0.058519765734672546,0.017745169810950756,ok,
759xd9YjKW5,74ce4ff76774491f877325c9402b6184,74ce4ff76774491f877325c9402b6184_i1_1,1,1,/mnt/priorbimda-data/PriorBIMDA-Datasets/Matterport3D/v1/scans/759xd9YjKW5/undistorted_color_images/74ce4ff76774491f877325c9402b6184_i1_1.jpg,/mnt/priorbimda-data/PriorBIMDA-Datasets/Matterport3D/v1/scans/759xd9YjKW5/undistorted_depth_images/74ce4ff76774491f877325c9402b6184_d1_1.png,1024,1280,406,504,1.4121168655554452,1212287,0.9249015808105469,-9.625129699707031,-12.900500297546387,1.6160399913787842,True,204624,1.0,True,,1.0,204624,1.0670965909957886,0.06494149399165502,0.9964911890834288,0.06845647522312417,log-depth Laplacian fallback,,,,0.05090325907406637,0.004388846377804596,0.05686191121427394,0.035656377647569924,0.08420771413968733,-0.011956702798914426,0.05265404489089742,0.022867361146002865,8.3354522245705,0.9505356404877723,1.0,1.0,0.08028042447002456,0.006986568720667545,0.07004246399179145,0.05645114303845982,0.09876924855997475,0.05298479113377907,0.07801361450965788,0.0338808822948719,8.335452219053193,0.9504671748521596,1.0,1.0,0.08028042447002456,0.006986568720667545,0.07004246399179145,0.05645114303845982,0.09876924855997475,0.05298479113377907,0.07801361450965788,0.0338808822948719,8.335452219053193,0.9504671748521596,1.0,1.0,0.07412080336555944,0.0066386231735725415,0.06830848795374597,0.05185861816080661,0.09794312332988565,0.04129545475447799,0.07272373699358227,0.031583517679696166,8.881182817752405,0.9477838168684478,1.0,1.0,0.050634279188498325,0.004428013823674775,0.057213007259844934,0.03554634266334563,0.08477823562330751,-0.015471679275612374,0.05256346571512478,0.02282802310978946,8.335452222761303,0.9506470002565399,1.0,1.0,0.007246633991599083,0.05952071771025658,0.01779345702379942,ok,
759xd9YjKW5,74ce4ff76774491f877325c9402b6184,74ce4ff76774491f877325c9402b6184_i1_2,1,2,/mnt/priorbimda-data/PriorBIMDA-Datasets/Matterport3D/v1/scans/759xd9YjKW5/undistorted_color_images/74ce4ff76774491f877325c9402b6184_i1_2.jpg,/mnt/priorbimda-data/PriorBIMDA-Datasets/Matterport3D/v1/scans/759xd9YjKW5/undistorted_depth_images/74ce4ff76774491f877325c9402b6184_d1_2.png,1024,1280,406,504,1.4121168655554452,1295107,0.9880882263183594,-9.628250122070312,-12.898900032043457,1.6160900592803955,True,204624,1.0,True,,1.0,204624,1.0283485651016235,0.02795418067188404,1.040025162684192,0.011290727077351907,log-depth Laplacian fallback,,,,0.04883808067351995,0.005563815426552063,0.09974239866558199,0.0735356627439146,0.06315534242900132,-0.03153582255326821,0.049106895936881494,0.021326853928784854,5.471827092674983,0.989913574708499,0.9993961888863236,1.0,0.03265375349101286,0.0043227119851346665,0.08291285149277919,0.04761520972102553,0.054835365558417386,-0.003581641928537179,0.031803249396810146,0.013811975719627575,5.471827077879026,0.9863972629288545,0.9993568099006491,0.9999003943303526,0.03265375349101286,0.0043227119851346665,0.08291285149277919,0.04761520972102553,0.054835365558417386,-0.003581641928537179,0.031803249396810146,0.013811975719627575,5.471827077879026,0.9863972629288545,0.9993568099006491,0.9999003943303526,0.033183391207749956,0.003951152090009863,0.0844641291840952,0.05202704946285993,0.051004275672992705,-0.009163467548298271,0.03270977314305067,0.014205673980334087,5.017436595930157,0.9910903114568912,0.999420125132518,1.0,0.030692754970503527,0.004535153657857523,0.08528400815826494,0.045963304049905535,0.05525865051963547,0.0077090393321189036,0.029488784216951235,0.012806816263457626,5.471827089580823,0.9844159594535432,0.9993321015174808,0.9998610153446781,0.008459274657070637,0.06011352315545082,0.01775248348712921,ok,
759xd9YjKW5,74ce4ff76774491f877325c9402b6184,74ce4ff76774491f877325c9402b6184_i1_3,1,3,/mnt/priorbimda-data/PriorBIMDA-Datasets/Matterport3D/v1/scans/759xd9YjKW5/undistorted_color_images/74ce4ff76774491f877325c9402b6184_i1_3.jpg,/mnt/priorbimda-data/PriorBIMDA-Datasets/Matterport3D/v1/scans/759xd9YjKW5/undistorted_depth_images/74ce4ff76774491f877325c9402b6184_d1_3.png,1024,1280,406,504,1.4121168655554452,1208239,0.9218132019042968,-9.628439903259277,-12.895400047302246,1.616129994392395,True,204624,1.0,True,,1.0,204624,0.9584091305732727,-0.04248052477435366,1.0073633567833686,0.0498169043935438,log-depth Laplacian fallback,,,,0.08091365751613099,0.1452898211471144,0.43845762902967506,0.14853392653637226,0.1837646880702841,0.02751185225722661,0.05642018965029431,0.024502977033057777,18.169358427568472,0.9599392173237249,0.9705422519882242,0.9779795222633932,0.1045617141919445,0.13592502418388416,0.45175491807813134,0.2503160549893208,0.1823091322807171,-0.014968672544092934,0.08394281545400652,0.03645590154709807,18.169358424340615,0.9622955392103715,0.9714237001123123,0.9787194420971348,0.1045617141919445,0.13592502418388416,0.45175491807813134,0.2503160549893208,0.1823091322807171,-0.014968672544092934,0.08394281545400652,0.03645590154709807,18.169358424340615,0.9622955392103715,0.9714237001123123,0.9787194420971348,0.10426632231515943,0.13033588214228156,0.44353589538784555,0.2474258655504829,0.18085492777985002,-0.019477358327829188,0.0850115299952416,0.0369200383750862,17.980305173946327,0.9612220760958717,0.9722248661067885,0.9790629171877419,0.08058582288791835,0.14825961198124232,0.4415378082000636,0.14343713540100658,0.1850052844381008,0.034848194762521906,0.055501057036805024,0.02410380281088206,18.16935843441257,0.959436005624715,0.9703477540453503,0.9777618500975387,0.007681931369006634,0.0587716493755579,0.017739844508469105,ok,
759xd9YjKW5,74ce4ff76774491f877325c9402b6184,74ce4ff76774491f877325c9402b6184_i1_4,1,4,/mnt/priorbimda-data/PriorBIMDA-Datasets/Matterport3D/v1/scans/759xd9YjKW5/undistorted_color_images/74ce4ff76774491f877325c9402b6184_i1_4.jpg,/mnt/priorbimda-data/PriorBIMDA-Datasets/Matterport3D/v1/scans/759xd9YjKW5/undistorted_depth_images/74ce4ff76774491f877325c9402b6184_d1_4.png,1024,1280,406,504,1.4121168655554452,1298258,0.9904922485351563,-9.625510215759277,-12.893500328063965,1.6161099672317505,True,204624,1.0,True,,1.0,204624,0.975286066532135,-0.025024449446693152,1.000870627373313,0.025894698043827238,log-depth Laplacian fallback,,,,0.05894134368104059,0.08629949340674455,0.33234977416900124,0.10555703915398361,0.14373910250205374,0.024579848314830288,0.04439569422592287,0.01928080502258236,14.162189324011965,0.9714979611140466,0.9807264811770849,0.9879561689587124,0.0661803118139608,0.08090251074147,0.323929058932841,0.12653732230533796,0.14162259113003536,-0.0004446009598705939,0.05317749767398703,0.023094693801235584,14.162189325232047,0.9717698639253523,0.9812387060199128,0.9872644728551644,0.0661803118139608,0.08090251074147,0.323929058932841,0.12653732230533796,0.14162259113003536,-0.0004446009598705939,0.05317749767398703,0.023094693801235584,14.162189325232047,0.9717698639253523,0.9812387060199128,0.9872644728551644,0.06294819141568349,0.08288133975096745,0.3262106679040797,0.11767270796291587,0.14230292854965954,0.0019236841002407677,0.04935248114803907,0.021433510230827634,14.228992555093978,0.9720564017321672,0.9808273856198074,0.9879361421227522,0.05897414001981449,0.08654947501820028,0.33286723311774313,0.10554798158247287,0.1438904650992947,0.025450055049073553,0.0443771877426073,0.01927276775899899,14.162189323861785,0.9715018124286544,0.980709535392811,0.987948466329497,0.007955607958137989,0.060507308691740036,0.017749657854437828,ok,
759xd9YjKW5,74ce4ff76774491f877325c9402b6184,74ce4ff76774491f877325c9402b6184_i1_5,1,5,/mnt/priorbimda-data/PriorBIMDA-Datasets/Matterport3D/v1/scans/759xd9YjKW5/undistorted_color_images/74ce4ff76774491f877325c9402b6184_i1_5.jpg,/mnt/priorbimda-data/PriorBIMDA-Datasets/Matterport3D/v1/scans/759xd9YjKW5/undistorted_depth_images/74ce4ff76774491f877325c9402b6184_d1_5.png,1024,1280,406,504,1.4121168655554452,969768,0.739874267578125,-9.622389793395996,-12.895099639892578,1.6160600185394287,True,84081,0.4109048791930565,True,,1.0,84081,0.9118450880050659,-0.09228516297915682,1.0117165096274445,0.10393356577438603,log-depth Laplacian fallback,,,,0.05742679533520508,0.029741481451510426,0.26695602193541956,0.15832928716502087,0.09831436784703693,-0.0006081843432127452,0.055284971280255744,0.024009957959194812,9.831248667878947,0.9623518202291682,0.9904832908489453,0.9954123047986735,0.10209584303083878,0.054182713758950736,0.43756488068702964,0.3605392810961476,0.1352572326676742,-0.0928933472484683,0.10691082826595001,0.04643078277160829,9.831248662246743,0.9283261563590467,0.9918568152382838,0.9968177955964725,0.10209584303083878,0.054182713758950736,0.43756488068702964,0.3605392810961476,0.1352572326676742,-0.0928933472484683,0.10691082826595001,0.04643078277160829,9.831248662246743,0.9283261563590467,0.9918568152382838,0.9968177955964725,0.0847677699092281,0.039037761169116406,0.3377955017463584,0.2640052013070736,0.11740369667989793,-0.07367532404721851,0.08707617834502593,0.03781670376046819,9.140883229011747,0.9307896321594443,0.9917196690342432,0.9962073403123222,0.0568059246902349,0.03061243150916289,0.2664675360338508,0.1478774297879412,0.09893043474103715,0.011040194110029768,0.0540006140274143,0.02345216869149336,9.83124866538502,0.9748496547627886,0.9903987345426948,0.9952730962457,0.008934647776186466,0.05855776648968458,0.01773057784885168,ok,
759xd9YjKW5,74ce4ff76774491f877325c9402b6184,74ce4ff76774491f877325c9402b6184_i2_0,2,0,/mnt/priorbimda-data/PriorBIMDA-Datasets/Matterport3D/v1/scans/759xd9YjKW5/undistorted_color_images/74ce4ff76774491f877325c9402b6184_i2_0.jpg,/mnt/priorbimda-data/PriorBIMDA-Datasets/Matterport3D/v1/scans/759xd9YjKW5/undistorted_depth_images/74ce4ff76774491f877325c9402b6184_d2_0.png,1024,1280,406,504,1.4165615917841592,1222343,0.9325736999511719,-9.611969947814941,-12.903900146484375,1.6491199731826782,True,198292,0.9690554382672609,True,,1.0,198292,1.091335654258728,0.08740231696647191,1.093709084785279,0.0021724328271949117,log-depth Laplacian fallback,,,,0.09505972033810019,0.018592708084170306,0.17613468985345493,0.14581712054774731,0.11093257624596604,-0.08015864660137646,0.09874366566480632,0.042883829121125,7.668525182590658,0.9862869914582078,0.9987949372639268,1.0,0.05043318723253161,0.01144050790948446,0.13219440475582997,0.07572051845437995,0.0770266097002583,0.007243670443644764,0.04827036853841123,0.020963554695668317,7.668525177907284,0.970316842326581,0.9966384230940089,1.0,0.05043318723253161,0.01144050790948446,0.13219440475582997,0.07572051845437995,0.0770266097002583,0.007243670443644764,0.04827036853841123,0.020963554695668317,7.668525177907284,0.970316842326581,0.9966384230940089,1.0,0.05087944991342522,0.012117024476255931,0.13597534246784598,0.07555625650608622,0.07895100855622264,0.0076198517633267356,0.04852357064469188,0.021073518973232286,7.858243831257507,0.9694971051497002,0.9959094951253453,0.9999934551922005,0.05051333403155813,0.01153646263573298,0.13258301680790255,0.07552003388861096,0.07726118888796014,0.009416127341230072,0.04824087543189366,0.02095074600225357,7.668525186940964,0.9700460509038789,0.9965312518662929,0.9999950913941504,0.008033032529056072,0.05996251292526722,0.01772228814661503,ok,
759xd9YjKW5,74ce4ff76774491f877325c9402b6184,74ce4ff76774491f877325c9402b6184_i2_1,2,1,/mnt/priorbimda-data/PriorBIMDA-Datasets/Matterport3D/v1/scans/759xd9YjKW5/undistorted_color_images/74ce4ff76774491f877325c9402b6184_i2_1.jpg,/mnt/priorbimda-data/PriorBIMDA-Datasets/Matterport3D/v1/scans/759xd9YjKW5/undistorted_depth_images/74ce4ff76774491f877325c9402b6184_d2_1.png,1024,1280,406,504,1.4165615917841592,1134777,0.8657661437988281,-9.624159812927246,-12.91189956665039,1.6491700410842896,True,204624,1.0,True,,1.0,204624,1.1243301630020142,0.11718744766418535,1.1329197722258662,0.00761072183558166,log-depth Laplacian fallback,,,,0.12624293212037732,0.016988354120546296,0.12694704003895374,0.11824746340751721,0.14941153801140608,-0.13380385214302953,0.13651266325078673,0.05928669635973357,6.6485613801935655,0.8745092648159065,0.9999788504701805,1.0,0.047586097239093045,0.004014271767721915,0.06067492120882569,0.04466987182514739,0.06853058994546807,-0.016616404437597827,0.04853135633602222,0.021076900256014858,6.648561394647769,0.992340345283699,1.0,1.0,0.047586097239093045,0.004014271767721915,0.06067492120882569,0.04466987182514739,0.06853058994546807,-0.016616404437597827,0.04853135633602222,0.021076900256014858,6.648561394647769,0.992340345283699,1.0,1.0,0.046518283974881634,0.004070280246871866,0.06093108793378432,0.04372282476658224,0.0691331493568708,-0.012217096562940455,0.04742667050843975,0.020597141296859085,6.80450945445092,0.9923570886614727,1.0,1.0,0.047631431445397554,0.003977632382299183,0.060850670670924534,0.04529472060862209,0.06709276340518705,-0.009005668444175927,0.04821476316663287,0.020939405589540817,6.648561376130916,0.9921878924229166,1.0,1.0,0.00703911017626524,0.05909438990056515,0.017739389091730118,ok,
759xd9YjKW5,74ce4ff76774491f877325c9402b6184,74ce4ff76774491f877325c9402b6184_i2_2,2,2,/mnt/priorbimda-data/PriorBIMDA-Datasets/Matterport3D/v1/scans/759xd9YjKW5/undistorted_color_images/74ce4ff76774491f877325c9402b6184_i2_2.jpg,/mnt/priorbimda-data/PriorBIMDA-Datasets/Matterport3D/v1/scans/759xd9YjKW5/undistorted_depth_images/74ce4ff76774491f877325c9402b6184_d2_2.png,1024,1280,406,504,1.4165615917841592,1220493,0.9311622619628906,-9.637140274047852,-12.90530014038086,1.6493799686431885,True,204624,1.0,True,,1.0,204624,1.1386950016021729,0.12988287125964615,1.1612616317545648,0.01962415641699483,log-depth Laplacian fallback,,,,0.1260848537923569,0.03524303643439365,0.2895967150868626,0.23411610694546267,0.14297915288905758,-0.1335879335746719,0.1356176904994522,0.0588980146323752,5.096373381259997,0.9751026839154342,1.0,1.0,0.041792133301905295,0.004660861434560232,0.10460088695871951,0.07353917527029798,0.051098235291488714,-0.0037050623047598977,0.04163233590044821,0.018080693750307308,5.096373380377648,0.9960868272083494,1.0,1.0,0.041792133301905295,0.004660861434560232,0.10460088695871951,0.07353917527029798,0.051098235291488714,-0.0037050623047598977,0.04163233590044821,0.018080693750307308,5.096373380377648,0.9960868272083494,1.0,1.0,0.0331868027428443,0.0031583458687223127,0.07529189376532675,0.05313278305145941,0.04542416235906371,-0.003327313862803458,0.03298492493980075,0.01432517088734841,4.530213580484894,0.9962777336699187,1.0,1.0,0.04175892844406242,0.0042329493428593604,0.08972493973415181,0.06288830762601233,0.05339214348878402,0.015919133673617972,0.0407819850200488,0.017711391055268283,5.096373386446861,0.9955100111184578,1.0,1.0,0.008183927275240421,0.06065754219889641,0.017746616154909134,ok,
759xd9YjKW5,74ce4ff76774491f877325c9402b6184,74ce4ff76774491f877325c9402b6184_i2_3,2,3,/mnt/priorbimda-data/PriorBIMDA-Datasets/Matterport3D/v1/scans/759xd9YjKW5/undistorted_color_images/74ce4ff76774491f877325c9402b6184_i2_3.jpg,/mnt/priorbimda-data/PriorBIMDA-Datasets/Matterport3D/v1/scans/759xd9YjKW5/undistorted_depth_images/74ce4ff76774491f877325c9402b6184_d2_3.png,1024,1280,406,504,1.4165615917841592,1236875,0.9436607360839844,-9.637929916381836,-12.890800476074219,1.649530053138733,True,204624,1.0,True,,1.0,204624,0.9895568490028381,-0.010498063338355365,1.0315061980656406,0.04151812563826572,log-depth Laplacian fallback,,,,0.09248559643104866,0.06788893025967993,0.3116918102948837,0.13787587140214871,0.15200457458642128,-0.014408836043221972,0.08299853312231578,0.03604580494108602,15.132011148250735,0.9504161697827186,0.9779355229914098,0.9887304699343102,0.09730613374526367,0.06643533801845429,0.3072236046124756,0.1447681465022187,0.1533562185829256,-0.02490689935889001,0.08881436841269595,0.038571590115356304,15.132011149341709,0.9523258211217787,0.9783632137443153,0.9889948458817585,0.09730613374526367,0.06643533801845429,0.3072236046124756,0.1447681465022187,0.1533562185829256,-0.02490689935889001,0.08881436841269595,0.038571590115356304,15.132011149341709,0.9523258211217787,0.9783632137443153,0.9889948458817585,0.11481415878383501,0.06833660738171225,0.31193086727810565,0.1696611691205534,0.16953276448826182,-0.05573831498180628,0.111032515276784,0.04822080869654584,16.01080837372723,0.957188074785245,0.9806536634663972,0.9897766548762001,0.08807985002606178,0.07493250012191421,0.33424915767419194,0.14257225168747634,0.15222913137181246,0.01661120950465011,0.07583021097024484,0.03293264218593677,15.132011154175496,0.9453922182920667,0.9764236483072258,0.9879607882769075,0.007576719857752323,0.05884672421962023,0.017770640552043915,ok,
759xd9YjKW5,74ce4ff76774491f877325c9402b6184,74ce4ff76774491f877325c9402b6184_i2_4,2,4,/mnt/priorbimda-data/PriorBIMDA-Datasets/Matterport3D/v1/scans/759xd9YjKW5/undistorted_color_images/74ce4ff76774491f877325c9402b6184_i2_4.jpg,/mnt/priorbimda-data/PriorBIMDA-Datasets/Matterport3D/v1/scans/759xd9YjKW5/undistorted_depth_images/74ce4ff76774491f877325c9402b6184_d2_4.png,1024,1280,406,504,1.4165615917841592,1232388,0.9402374267578125,-9.625749588012695,-12.882800102233887,1.6494699716567993,True,204624,1.0,True,,1.0,204624,1.0436503887176514,0.042724556669490855,1.0798811084862254,0.034126393671891846,log-depth Laplacian fallback,,,,0.08327675966364494,0.030510460659350952,0.20990372475159796,0.12097439513697153,0.12319190305552347,-0.0535351848281559,0.08161995471636756,0.03544709594651175,11.095147121087075,0.9720485756109277,0.987479592466009,0.9936172698857827,0.061166902590760124,0.029665788739373297,0.2025950887409212,0.09030067038107673,0.11147689740522189,-0.010810628112909447,0.05651076023647876,0.024542311338860413,11.095147126063152,0.970426521517574,0.9853114441231171,0.992773379812202,0.061166902590760124,0.029665788739373297,0.2025950887409212,0.09030067038107673,0.11147689740522189,-0.010810628112909447,0.05651076023647876,0.024542311338860413,11.095147126063152,0.970426521517574,0.9853114441231171,0.992773379812202,0.07082971169876788,0.03288092729245716,0.2107127107102346,0.10030385065785911,0.11799692630115448,-0.0215648207124574,0.06605372066510982,0.028686766394036008,11.60096251358466,0.9701027598451137,0.9845349029688701,0.9924755839881596,0.05653330501837523,0.033281321134401035,0.2155606700869497,0.0914207610178043,0.11337483105353315,0.02331573178758332,0.04989928797145078,0.02167098541690238,11.095147122786008,0.9690665602066881,0.9832812393499449,0.9919335469024366,0.008188356645405293,0.059059565886855125,0.017742524854838848,ok,
759xd9YjKW5,74ce4ff76774491f877325c9402b6184,74ce4ff76774491f877325c9402b6184_i2_5,2,5,/mnt/priorbimda-data/PriorBIMDA-Datasets/Matterport3D/v1/scans/759xd9YjKW5/undistorted_color_images/74ce4ff76774491f877325c9402b6184_i2_5.jpg,/mnt/priorbimda-data/PriorBIMDA-Datasets/Matterport3D/v1/scans/759xd9YjKW5/undistorted_depth_images/74ce4ff76774491f877325c9402b6184_d2_5.png,1024,1280,406,504,1.4165615917841592,1236597,0.9434486389160156,-9.612770080566406,-12.889399528503418,1.6492700576782227,True,144535,0.7063443193369302,True,,1.0,144535,1.001420021057129,0.001419013780683981,1.0132510463775652,0.011745005439428578,log-depth Laplacian fallback,,,,0.04191614056341849,0.019533143860580287,0.17628563948130124,0.07510526080490286,0.08674646775811368,-0.0016703055629772139,0.03833967498773948,0.01665070928513938,8.673038537811154,0.9747241825752448,0.9878109036331157,0.9965227151610427,0.04122239659675395,0.01957820745983175,0.1761737833514839,0.07313475035141877,0.0867307493279247,-0.00025129180465608683,0.037586947624947076,0.01632380394510105,8.673038528343007,0.9745592137131175,0.9877381232527654,0.9964911769962244,0.04122239659675395,0.01957820745983175,0.1761737833514839,0.07313475035141877,0.0867307493279247,-0.00025129180465608683,0.037586947624947076,0.01632380394510105,8.673038528343007,0.9745592137131175,0.9877381232527654,0.9964911769962244,0.0420539614628026,0.020515203603014964,0.18004061984574263,0.07184982258492004,0.08883965681729421,0.00431302398668235,0.038302207686494984,0.016634437442957083,8.87348998281111,0.973915511682464,0.987345109198874,0.996444274084443,0.03812171463295406,0.02031277183422294,0.1779388976006495,0.06306613652758707,0.0874886601250309,0.011493733249053364,0.03402620944455103,0.014777395001852838,8.673038537025404,0.9732564449048478,0.9871672016024623,0.9962534277537468,0.009469104930758476,0.059429810382425785,0.017743528820574284,ok,
759xd9YjKW5,87449aea807942e0998e230c344f0e42,87449aea807942e0998e230c344f0e42_i0_0,0,0,/mnt/priorbimda-data/PriorBIMDA-Datasets/Matterport3D/v1/scans/759xd9YjKW5/undistorted_color_images/87449aea807942e0998e230c344f0e42_i0_0.jpg,/mnt/priorbimda-data/PriorBIMDA-Datasets/Matterport3D/v1/scans/759xd9YjKW5/undistorted_depth_images/87449aea807942e0998e230c344f0e42_d0_0.png,1024,1280,406,504,1.4155678118069965,1065821,0.8131568908691407,-6.9405999183654785,3.2493200302124023,1.59375,True,204624,1.0,True,,1.0,204624,0.9467809796333313,-0.05468749065126715,0.9035575610851286,0.04672797132390293,log-depth Laplacian fallback,,,,0.1146881862535055,0.01683311170512434,0.14334578855150748,0.11417944664726505,0.12730371646687344,0.10018900010451569,0.10618070932055805,0.046113696142491556,7.85391652892712,0.9916683945990931,0.9932474590010894,0.9999305699549924,0.07411900317714906,0.007462413826011414,0.08500652808827644,0.06770548106578793,0.09076776867381414,0.04550150940291162,0.07065620812453391,0.030685601300692825,7.853916521124845,0.991831649029246,0.9934501196730032,0.9999906175614854,0.07411900317714906,0.007462413826011414,0.08500652808827644,0.06770548106578793,0.09076776867381414,0.04550150940291162,0.07065620812453391,0.030685601300692825,7.853916521124845,0.991831649029246,0.9934501196730032,0.9999906175614854,0.06813217431032134,0.010927558605247412,0.13824536481957267,0.09002627816588242,0.084061613355472,0.057373498115776134,0.06455383546157428,0.028035374526652175,6.143807088348317,0.9919001408304021,0.9934435519660431,0.9999446436127643,0.059780545282730524,0.005722698566607467,0.07570874723859353,0.05642408883608277,0.07854874127994416,-0.0012264863417711788,0.05936926169855316,0.025783742750351734,7.8539165312072505,0.9919348558529059,0.9948040055506506,0.9999962470245942,0.008418739773333073,0.05740059819072485,0.017673718743026257,ok,
759xd9YjKW5,87449aea807942e0998e230c344f0e42,87449aea807942e0998e230c344f0e42_i0_1,0,1,/mnt/priorbimda-data/PriorBIMDA-Datasets/Matterport3D/v1/scans/759xd9YjKW5/undistorted_color_images/87449aea807942e0998e230c344f0e42_i0_1.jpg,/mnt/priorbimda-data/PriorBIMDA-Datasets/Matterport3D/v1/scans/759xd9YjKW5/undistorted_depth_images/87449aea807942e0998e230c344f0e42_d0_1.png,1024,1280,406,504,1.4155678118069965,1115746,0.8512466430664063,-6.926050186157227,3.249119997024536,1.5938299894332886,True,204624,1.0,True,,1.0,204624,0.9289220571517944,-0.07373044341703952,0.8765741403231,0.05800354798916971,log-depth Laplacian fallback,,,,0.15460058017392952,0.03985374430954941,0.2264754700041567,0.16730502551820517,0.16838572398468704,0.13875090465826873,0.13901181374188343,0.060372063627462634,9.54040800928306,0.8699130447252331,0.9957149745551407,0.9985785295219521,0.09447325870694923,0.018188029807849993,0.14533969118802015,0.09492694107669253,0.11545388209013191,0.06502046131588513,0.08782735009328521,0.03814293350569883,9.540408010117579,0.9082398682137333,0.9979852045178741,0.9986798070528597,0.09447325870694923,0.018188029807849993,0.14533969118802015,0.09492694107669253,0.11545388209013191,0.06502046131588513,0.08782735009328521,0.03814293350569883,9.540408010117579,0.9082398682137333,0.9979852045178741,0.9986798070528597,0.09814782546900415,0.03345947004087102,0.22279946643964588,0.1354692466268484,0.13467086363587025,0.08077513238312822,0.08813771876752101,0.038277724908275045,10.775722482005218,0.8840479822468554,0.9977647242293497,0.9985579155112364,0.07219557937229394,0.012151678626795769,0.11915060882361017,0.07525768272265039,0.09566177847255009,0.0070169341802726135,0.07024173573664809,0.03050559822973271,9.540408007648818,0.9940282107217951,0.9982881408492614,0.9988733995013201,0.00803117360919714,0.05802910402417183,0.017695757560431957,ok,
759xd9YjKW5,87449aea807942e0998e230c344f0e42,87449aea807942e0998e230c344f0e42_i0_2,0,2,/mnt/priorbimda-data/PriorBIMDA-Datasets/Matterport3D/v1/scans/759xd9YjKW5/undistorted_color_images/87449aea807942e0998e230c344f0e42_i0_2.jpg,/mnt/priorbimda-data/PriorBIMDA-Datasets/Matterport3D/v1/scans/759xd9YjKW5/undistorted_depth_images/87449aea807942e0998e230c344f0e42_d0_2.png,1024,1280,406,504,1.4155678118069965,1079451,0.8235557556152344,-6.918950080871582,3.236419916152954,1.5937199592590332,True,204624,1.0,True,,1.0,204624,0.6739959120750427,-0.394531233258783,0.613172193623759,0.09457824609477328,log-depth Laplacian fallback,,,,0.6206498370945328,0.3279157043563276,0.5368981445680769,0.5211502933173631,0.48410923131732797,0.4816299611636794,0.481630349444877,0.20916940308104506,4.893187464349646,0.00019083774993028865,0.23876118508389912,0.9990430320598156,0.09386158066697417,0.00937324851251123,0.0901353834429687,0.07834874356063046,0.09990253617774783,0.08709872777502813,0.08871066724928789,0.038526553272321275,4.893187462909793,0.9986724733220869,1.0,1.0,0.09386158066697417,0.00937324851251123,0.0901353834429687,0.07834874356063046,0.09990253617774783,0.08709872777502813,0.08871066724928789,0.038526553272321275,4.893187462909793,0.9986724733220869,1.0,1.0,0.08714643585894079,0.007314835376634308,0.08186023890241176,0.07484418633410107,0.08688400399693655,0.08309406963970917,0.0832445632546363,0.03615265446993474,2.538120842770984,0.998396407062479,0.9992542505403209,1.0,0.036719532545968527,0.0019789371156701406,0.04133914997468867,0.030702234035048032,0.04950022260636587,-0.007479551028577398,0.036989693674554645,0.0160644198501507,4.89318746267776,0.9985557473197023,0.9999916624284011,1.0,0.008043266832828522,0.05883678048849106,0.01777790207415819,ok,
759xd9YjKW5,87449aea807942e0998e230c344f0e42,87449aea807942e0998e230c344f0e42_i0_3,0,3,/mnt/priorbimda-data/PriorBIMDA-Datasets/Matterport3D/v1/scans/759xd9YjKW5/undistorted_color_images/87449aea807942e0998e230c344f0e42_i0_3.jpg,/mnt/priorbimda-data/PriorBIMDA-Datasets/Matterport3D/v1/scans/759xd9YjKW5/undistorted_depth_images/87449aea807942e0998e230c344f0e42_d0_3.png,1024,1280,406,504,1.4155678118069965,1187963,0.9063438415527344,-6.926400184631348,3.2239201068878174,1.5935300588607788,True,204624,1.0,True,,1.0,204624,0.981137216091156,-0.019042955506896102,1.0078915013295962,0.026903481792888942,log-depth Laplacian fallback,,,,0.05135401013615101,0.0066204686870593756,0.09120252194819185,0.06373067579449047,0.06917066365734423,0.00021962601396099756,0.050280712664374144,0.021836636056300627,6.9170314985631185,0.9934896962279128,0.9962322058852001,0.9996144661071094,0.05371307643406281,0.007014138304709654,0.09527313782897687,0.06716126354695663,0.07168577406098159,-0.01882332921074149,0.05363312436762428,0.023292569960090048,6.917031502130193,0.9936875138367104,0.9965091505375168,0.9996245674318139,0.05371307643406281,0.007014138304709654,0.09527313782897687,0.06716126354695663,0.07168577406098159,-0.01882332921074149,0.05363312436762428,0.023292569960090048,6.917031502130193,0.9936875138367104,0.9965091505375168,0.9996245674318139,0.026407213857593887,0.0036090485705128554,0.07150924662069931,0.03629431870344437,0.047769608462228524,-0.014023130208276337,0.026175185607761726,0.011367738672244334,4.566494620380432,0.9938339830449265,0.9993013250412681,0.9996498207435753,0.051459787341809726,0.0067470992019838345,0.09214348889653612,0.06385501757232188,0.0696406626004649,0.008080186452071493,0.04998277028117195,0.021707241323350824,6.917031497927092,0.9934164616238048,0.996170756159914,0.9996110989988746,0.008474892005324364,0.0585747929289937,0.017709814943373203,ok,
759xd9YjKW5,87449aea807942e0998e230c344f0e42,87449aea807942e0998e230c344f0e42_i0_4,0,4,/mnt/priorbimda-data/PriorBIMDA-Datasets/Matterport3D/v1/scans/759xd9YjKW5/undistorted_color_images/87449aea807942e0998e230c344f0e42_i0_4.jpg,/mnt/priorbimda-data/PriorBIMDA-Datasets/Matterport3D/v1/scans/759xd9YjKW5/undistorted_depth_images/87449aea807942e0998e230c344f0e42_d0_4.png,1024,1280,406,504,1.4155678118069965,1200442,0.9158645629882812,-6.9409499168396,3.2241299152374268,1.5934499502182007,True,204624,1.0,True,,1.0,204624,1.1600202322006226,0.148437446518432,1.166126175430584,0.005249847759967924,log-depth Laplacian fallback,,,,0.15108193126689942,0.04481004506320793,0.2465387290966924,0.22198810597003726,0.17790467598049195,-0.1493569053508124,0.15933296436517094,0.06919742720908122,9.665706678640884,0.9106254196371003,0.9957990473508924,0.9961447533491831,0.047403313089375,0.02527527781792041,0.15359471063492613,0.07028157973652706,0.09666143993421221,-0.0009194588876205896,0.042067237121599294,0.018269568950826216,9.665706681618934,0.9935673693522886,0.9955199834727542,0.9958856821070906,0.047403313089375,0.02527527781792041,0.15359471063492613,0.07028157973652706,0.09666143993421221,-0.0009194588876205896,0.042067237121599294,0.018269568950826216,9.665706681618934,0.9935673693522886,0.9955199834727542,0.9958856821070906,0.049862949298241185,0.022879713918101917,0.13745878677948398,0.06726475026393886,0.09419719446796648,-0.007868208560176533,0.044781193890544545,0.0194482253997031,9.386800700818922,0.9936748297710344,0.99555746966534,0.9958773518420715,0.04735265997985492,0.025835636227654567,0.1576784641237141,0.07234529881484697,0.09675402060095621,0.004330351655461865,0.04176811566341975,0.018139662152119984,9.665706677212121,0.9934507456420218,0.9954983247837047,0.995881516974581,0.008112337440252304,0.05828457698225975,0.01774632278829813,ok,
759xd9YjKW5,87449aea807942e0998e230c344f0e42,87449aea807942e0998e230c344f0e42_i0_5,0,5,/mnt/priorbimda-data/PriorBIMDA-Datasets/Matterport3D/v1/scans/759xd9YjKW5/undistorted_color_images/87449aea807942e0998e230c344f0e42_i0_5.jpg,/mnt/priorbimda-data/PriorBIMDA-Datasets/Matterport3D/v1/scans/759xd9YjKW5/undistorted_depth_images/87449aea807942e0998e230c344f0e42_d0_5.png,1024,1280,406,504,1.4155678118069965,977492,0.7457672119140625,-6.948050022125244,3.236829996109009,1.593559980392456,True,204624,1.0,True,,1.0,204624,0.9818560481071472,-0.01831057189536525,0.9287104999411727,0.055647642305221914,log-depth Laplacian fallback,,,,0.08359606208023383,0.00947403784078915,0.0946911244268597,0.0732910091593279,0.09279633538600914,0.07860341459317963,0.0790740889548726,0.03434144049462805,4.9322034379832775,0.9852295466356757,0.9986946184725809,0.9991877171373269,0.0640215766611709,0.006815842703268029,0.08083081912660621,0.05740224610302174,0.07789666229920056,0.06029284292072596,0.06085022719065107,0.02642691789145897,4.9322034527099134,0.9952234903201254,0.9987815757059905,0.9992378454248219,0.0640215766611709,0.006815842703268029,0.08083081912660621,0.05740224610302174,0.07789666229920056,0.06029284292072596,0.06085022719065107,0.02642691789145897,4.9322034527099134,0.9952234903201254,0.9987815757059905,0.9992378454248219,0.062055415698282386,0.004682282555783496,0.06427982706639386,0.051355092613584355,0.0687430308810001,0.044396284398062646,0.059935776952517915,0.026029777199062642,5.24840378243945,0.9972275987936474,0.9989125230692425,0.9993698158143494,0.03220944542846434,0.002677272629774709,0.050354028839610696,0.027622240685037762,0.04954029838969838,0.004645222273925334,0.031462091852956765,0.013663812880872374,4.932203437173065,0.9964603290870923,0.998973904645767,1.0,0.0081157386302948,0.056627837009727955,0.01766452006995678,ok,
759xd9YjKW5,87449aea807942e0998e230c344f0e42,87449aea807942e0998e230c344f0e42_i1_0,1,0,/mnt/priorbimda-data/PriorBIMDA-Datasets/Matterport3D/v1/scans/759xd9YjKW5/undistorted_color_images/87449aea807942e0998e230c344f0e42_i1_0.jpg,/mnt/priorbimda-data/PriorBIMDA-Datasets/Matterport3D/v1/scans/759xd9YjKW5/undistorted_depth_images/87449aea807942e0998e230c344f0e42_d1_0.png,1024,1280,406,504,1.4121168655554452,770628,0.5879425048828125,-6.935389995574951,3.2392899990081787,1.6269099712371826,True,204624,1.0,True,,1.0,204624,0.990584135055542,-0.009460474446313672,0.9694161686513703,0.021600802233962817,log-depth Laplacian fallback,,,,0.05602588936615203,0.015345938405621122,0.12098355011661531,0.08686591484400484,0.10510361355243948,0.030949249198586132,0.04986432296213527,0.021655800306296942,10.044358394553807,0.9816448403120572,0.9850563436573807,0.9888311870318753,0.05025556858158073,0.014178071308441714,0.11106187167828813,0.0732030549096255,0.10271650780554627,0.021488774897834167,0.04459609896034337,0.019367839692888467,10.044358381279045,0.9815111830870407,0.9851017611610271,0.9889064503236321,0.05025556858158073,0.014178071308441714,0.11106187167828813,0.0732030549096255,0.10271650780554627,0.021488774897834167,0.04459609896034337,0.019367839692888467,10.044358381279045,0.9815111830870407,0.9851017611610271,0.9889064503236321,0.05548245084515079,0.014628977758024657,0.12203311655284503,0.09051711150148535,0.10194261825867108,0.03434989417303333,0.04960095910171578,0.021541422834984045,9.598115537820199,0.982091229490753,0.9852964076052259,0.9889505701843172,0.04180491237162861,0.012964292258161616,0.10204456075209362,0.05137987566328272,0.10044364644072233,-0.00011205549693958776,0.03711998055255828,0.01612100272233208,10.044358393583156,0.9810570080505769,0.9852548830304635,0.9890647627649138,0.007770412601530552,0.05771508999168873,0.017659691162407398,ok,
759xd9YjKW5,87449aea807942e0998e230c344f0e42,87449aea807942e0998e230c344f0e42_i1_1,1,1,/mnt/priorbimda-data/PriorBIMDA-Datasets/Matterport3D/v1/scans/759xd9YjKW5/undistorted_color_images/87449aea807942e0998e230c344f0e42_i1_1.jpg,/mnt/priorbimda-data/PriorBIMDA-Datasets/Matterport3D/v1/scans/759xd9YjKW5/undistorted_depth_images/87449aea807942e0998e230c344f0e42_d1_1.png,1024,1280,406,504,1.4121168655554452,978548,0.7465728759765625,-6.93189001083374,3.2392399311065674,1.6269299983978271,True,204624,1.0,True,,1.0,204624,0.972551703453064,-0.027832039398335083,0.9837514368229259,0.011450020703721146,log-depth Laplacian fallback,,,,0.04474339490193782,0.019976125178481914,0.15840384253024126,0.057015517849878364,0.09185395545408565,0.032171740393856556,0.039705811863498294,0.01724401499180598,8.603562199805062,0.9857963022764341,0.9908578833128268,0.9922640483655375,0.04059464163519438,0.01805279180775668,0.15370584064012188,0.05962395258114914,0.08614500127532655,0.00433970101743348,0.036680424154523966,0.01593010580418051,8.603562192374332,0.9886025008481955,0.991007083965222,0.9924490162976165,0.04059464163519438,0.01805279180775668,0.15370584064012188,0.05962395258114914,0.08614500127532655,0.00433970101743348,0.036680424154523966,0.01593010580418051,8.603562192374332,0.9886025008481955,0.991007083965222,0.9924490162976165,0.046197151080739324,0.020757489981737348,0.1642428547223479,0.06605259818213663,0.08984633670838672,0.02819270097335139,0.041630161160238904,0.018079749272634837,8.530847455994035,0.9894854416952464,0.9907751076084157,0.9921792288165732,0.03893904586669211,0.01849463448654892,0.15324226457877357,0.05165234626567724,0.08747252656090838,0.015789700731279915,0.03457350076539639,0.015015080602489505,8.603562200487332,0.9874201367740775,0.9909386151726844,0.9923713502045889,0.008154712617397308,0.05819934792816639,0.017674298956990242,ok,
759xd9YjKW5,87449aea807942e0998e230c344f0e42,87449aea807942e0998e230c344f0e42_i1_2,1,2,/mnt/priorbimda-data/PriorBIMDA-Datasets/Matterport3D/v1/scans/759xd9YjKW5/undistorted_color_images/87449aea807942e0998e230c344f0e42_i1_2.jpg,/mnt/priorbimda-data/PriorBIMDA-Datasets/Matterport3D/v1/scans/759xd9YjKW5/undistorted_depth_images/87449aea807942e0998e230c344f0e42_d1_2.png,1024,1280,406,504,1.4121168655554452,827802,0.6315628051757812,-6.930190086364746,3.236180067062378,1.6269099712371826,True,204624,1.0,True,,1.0,204624,0.7431368827819824,-0.2968750213779939,0.6467420862463237,0.13893267279945626,log-depth Laplacian fallback,,,,0.5407067951509892,0.17263338939976772,0.3176222719508464,0.3165720501199117,0.43320136925342356,0.43151268048767977,0.43151268048767977,0.18740357600708044,3.821299388138302,0.0,0.5495299600629135,1.0,0.14495604490243974,0.013237400384520918,0.08749943412859419,0.08436837626349264,0.1399554647386032,0.13463765900549324,0.13463765900549324,0.058472392362457416,3.821299370265209,1.0,1.0,1.0,0.14495604490243974,0.013237400384520918,0.08749943412859419,0.08436837626349264,0.1399554647386032,0.13463765900549324,0.13463765900549324,0.058472392362457416,3.821299370265209,1.0,1.0,1.0,0.17217729341988972,0.01927903703072162,0.10545327449616301,0.10006366392770585,0.16596527222543778,0.15748599491617885,0.15748599491617885,0.06839529856914,5.237015361945163,0.8511093232439642,1.0,1.0,0.03454733858188051,0.0008614335950344059,0.02260895480405008,0.020366820607972715,0.03845360569368439,-0.004294983878310962,0.03472955347730849,0.015082853434158975,3.8212993920005864,1.0,1.0,1.0,0.00787432212382555,0.05847074557095766,0.01775120571255684,ok,
759xd9YjKW5,87449aea807942e0998e230c344f0e42,87449aea807942e0998e230c344f0e42_i1_3,1,3,/mnt/priorbimda-data/PriorBIMDA-Datasets/Matterport3D/v1/scans/759xd9YjKW5/undistorted_color_images/87449aea807942e0998e230c344f0e42_i1_3.jpg,/mnt/priorbimda-data/PriorBIMDA-Datasets/Matterport3D/v1/scans/759xd9YjKW5/undistorted_depth_images/87449aea807942e0998e230c344f0e42_d1_3.png,1024,1280,406,504,1.4121168655554452,1188717,0.9069190979003906,-6.931980133056641,3.233180046081543,1.6268600225448608,True,204624,1.0,True,,1.0,204624,0.950254499912262,-0.051025435620427106,1.0568720151630544,0.10633905207714496,log-depth Laplacian fallback,,,,0.10752928579530537,0.04940879657332323,0.3020403916478768,0.16019297773942057,0.13261862492733123,0.002648588683163116,0.1016191015518638,0.044132615059940594,13.259217418687872,0.9848180853811294,0.9947514841631776,0.9957130250513789,0.11537575077752278,0.05264619339995631,0.3374068282629023,0.200868590159768,0.14114178694197194,-0.048376846996043124,0.11509451229621308,0.04998491158759127,13.259217433881396,0.9848996859639426,0.9950265706640016,0.9960284912220486,0.11537575077752278,0.05264619339995631,0.3374068282629023,0.200868590159768,0.14114178694197194,-0.048376846996043124,0.11509451229621308,0.04998491158759127,13.259217433881396,0.9848996859639426,0.9950265706640016,0.9960284912220486,0.10635425643307804,0.048583778849206574,0.3163021637030671,0.1785163417575202,0.1384856631349769,-0.05889274782741877,0.10779072313169492,0.046812916256456304,12.5339232274936,0.9818745756980004,0.994954223755528,0.9959586680429404,0.10835068741552199,0.056188965794354,0.3066709172719665,0.14110479404618315,0.1447076409435478,0.05796220049160062,0.09649878950925801,0.04190889179421416,13.259217420955977,0.8775141602248475,0.9915303642498593,0.9954917781103493,0.008741210214793682,0.05849849432706833,0.01773269847035408,ok,
759xd9YjKW5,87449aea807942e0998e230c344f0e42,87449aea807942e0998e230c344f0e42_i1_4,1,4,/mnt/priorbimda-data/PriorBIMDA-Datasets/Matterport3D/v1/scans/759xd9YjKW5/undistorted_color_images/87449aea807942e0998e230c344f0e42_i1_4.jpg,/mnt/priorbimda-data/PriorBIMDA-Datasets/Matterport3D/v1/scans/759xd9YjKW5/undistorted_depth_images/87449aea807942e0998e230c344f0e42_d1_4.png,1024,1280,406,504,1.4121168655554452,1025858,0.7826675415039063,-6.935480117797852,3.2332301139831543,1.6268399953842163,True,204624,1.0,True,,1.0,204624,0.9652189016342163,-0.03540036229597011,1.012892913540086,0.048210869773290664,log-depth Laplacian fallback,,,,0.21579305135469795,0.3923289915265909,0.6055972735502128,0.23101756406406898,0.3156273740136769,0.0952587774779405,0.1332112649146438,0.05785291727978206,30.090929620099427,0.84083372162619,0.844817703814758,0.9827480996395213,0.22870208284186633,0.3656984890501744,0.6148944081224957,0.33623761125077056,0.3068052062220034,0.05985841518692141,0.15396763109235667,0.06686729257512607,30.090929646030574,0.8411593027495033,0.8452085961214905,0.9853118072871684,0.22870208284186633,0.3656984890501744,0.6148944081224957,0.33623761125077056,0.3068052062220034,0.05985841518692141,0.15396763109235667,0.06686729257512607,30.090929646030574,0.8411593027495033,0.8452085961214905,0.9853118072871684,0.17510488687223055,0.29226164419484657,0.5558582161242794,0.20885997541837475,0.27268495889779787,0.07756106742101754,0.11424737586179627,0.049617004908704875,26.14218193449164,0.84083372162619,0.8699576354622179,0.9854843457866488,0.215942232861782,0.404916521969682,0.6117161063487989,0.21386376446648683,0.31972704789831524,0.1080693323333127,0.13060009574127815,0.056718900916473476,30.09092962452366,0.8407050488469164,0.8445691314002522,0.9770192365805014,0.009195440448820591,0.06017077062278986,0.017712649889290333,ok,
759xd9YjKW5,87449aea807942e0998e230c344f0e42,87449aea807942e0998e230c344f0e42_i1_5,1,5,/mnt/priorbimda-data/PriorBIMDA-Datasets/Matterport3D/v1/scans/759xd9YjKW5/undistorted_color_images/87449aea807942e0998e230c344f0e42_i1_5.jpg,/mnt/priorbimda-data/PriorBIMDA-Datasets/Matterport3D/v1/scans/759xd9YjKW5/undistorted_depth_images/87449aea807942e0998e230c344f0e42_d1_5.png,1024,1280,406,504,1.4121168655554452,208518,0.15908660888671874,-6.937190055847168,3.2362799644470215,1.626870036125183,True,204624,1.0,True,,1.0,204624,0.7772812247276306,-0.2519530575113387,0.68515760810864,0.12615332484389674,log-depth Laplacian fallback,,,,0.4559596122955884,0.11378711864792534,0.24949408677749169,0.24928966128571964,0.375870881472035,0.3755417595019982,0.3755417595019982,0.16309571387595592,1.572597878378192,0.0,1.0,1.0,0.13169007063330754,0.00959282364025422,0.0722748438829966,0.07182908616686706,0.12458520648288812,0.12358870202172022,0.12358870202172022,0.05367389131361836,1.5725978728534442,1.0,1.0,1.0,0.13169007063330754,0.00959282364025422,0.0722748438829966,0.07182908616686706,0.12458520648288812,0.12358870202172022,0.12358870202172022,0.05367389131361836,1.5725978728534442,1.0,1.0,1.0,0.14104731521193076,0.011078934135844681,0.0775285420852203,0.07679967881666834,0.13338619196534665,0.13172559322821087,0.13172559322821087,0.057207698264444336,2.098199932542727,1.0,1.0,1.0,0.011497107728615934,0.0001360529013557118,0.008603448765928667,0.006237901345394598,0.015933730919131108,-0.002564638964255192,0.011540792455989254,0.0050121024804268095,1.5725978760837076,1.0,1.0,1.0,0.008137291297316551,0.057664466090500355,0.017710400745272636,ok,
759xd9YjKW5,87449aea807942e0998e230c344f0e42,87449aea807942e0998e230c344f0e42_i2_0,2,0,/mnt/priorbimda-data/PriorBIMDA-Datasets/Matterport3D/v1/scans/759xd9YjKW5/undistorted_color_images/87449aea807942e0998e230c344f0e42_i2_0.jpg,/mnt/priorbimda-data/PriorBIMDA-Datasets/Matterport3D/v1/scans/759xd9YjKW5/undistorted_depth_images/87449aea807942e0998e230c344f0e42_d2_0.png,1024,1280,406,504,1.4165615917841592,1025983,0.7827629089355469,-6.940969944000244,3.2485499382019043,1.6602400541305542,True,204624,1.0,True,,1.0,204624,0.9896172881126404,-0.01043698825790881,1.050468294031417,0.059673047317072375,log-depth Laplacian fallback,,,,0.09413109522971944,0.016782028193925748,0.13449021040112627,0.11067442158410667,0.14973400153209424,-0.07798730001348188,0.10245535383548034,0.04449579481219428,12.782117293868167,0.8228771821755331,0.9977202351306016,1.0,0.09823984314256783,0.017813476752910555,0.13766065462628013,0.1138715462599508,0.15542556747044353,-0.08842428825436878,0.10756740653874539,0.046715931092420886,12.782117301221147,0.8171168528133507,0.9977894370569493,1.0,0.09823984314256783,0.017813476752910555,0.13766065462628013,0.1138715462599508,0.15542556747044353,-0.08842428825436878,0.10756740653874539,0.046715931092420886,12.782117301221147,0.8171168528133507,0.9977894370569493,1.0,0.08877595533109828,0.013709559094966827,0.12481097738946524,0.10561366525392125,0.13070958645520292,-0.06841932893148518,0.09510756915919617,0.041304692473070795,11.13723099331939,0.8648223216174147,0.9984395452946101,1.0,0.08670809984254661,0.016680576489918313,0.1563621652989284,0.12084557097451362,0.13101482500872197,-0.02875121086281902,0.09067065603425029,0.039377765586222704,12.782117291743084,0.8489945739841693,0.9963381459536854,1.0,0.007403647527098656,0.0599301727488637,0.01746744755655527,ok,
759xd9YjKW5,87449aea807942e0998e230c344f0e42,87449aea807942e0998e230c344f0e42_i2_1,2,1,/mnt/priorbimda-data/PriorBIMDA-Datasets/Matterport3D/v1/scans/759xd9YjKW5/undistorted_color_images/87449aea807942e0998e230c344f0e42_i2_1.jpg,/mnt/priorbimda-data/PriorBIMDA-Datasets/Matterport3D/v1/scans/759xd9YjKW5/undistorted_depth_images/87449aea807942e0998e230c344f0e42_d2_1.png,1024,1280,406,504,1.4165615917841592,1131043,0.8629173278808594,-6.926420211791992,3.248339891433716,1.6603200435638428,True,204624,1.0,True,,1.0,204624,1.0128998756408691,0.01281738093527778,0.9757453798786788,0.037370988811606415,log-depth Laplacian fallback,,,,0.06678927488577184,0.017124878022975132,0.16548178941100042,0.10008953976090454,0.09419021843472102,0.04252657640194691,0.06229153778489783,0.027052871129249027,8.404336706909017,0.9912434805750091,0.9962424063452937,0.9973970927718928,0.07366870985783493,0.019983756265914865,0.18228549167205552,0.11514517456345831,0.10062922619790518,0.055343957415302986,0.06827408410011562,0.02965105798167874,8.404336703632415,0.9848202057746699,0.9961654861928326,0.9973245933178491,0.07366870985783493,0.019983756265914865,0.18228549167205552,0.11514517456345831,0.10062922619790518,0.055343957415302986,0.06827408410011562,0.02965105798167874,8.404336703632415,0.9848202057746699,0.9961654861928326,0.9973245933178491,0.07138872864410663,0.020203760609745117,0.19463743663650773,0.12515491798828496,0.09152599495150004,0.05892574360964822,0.0668767258569919,0.029044193007448097,7.003402381637095,0.9906802835966448,0.9960965232975227,0.99726093526064,0.06110885336516956,0.013366044979508164,0.13986263353291814,0.08298258444833019,0.08594367431204301,0.017972968583204754,0.05816203031675057,0.025259448822854403,8.404336710628423,0.994053276489046,0.9964015514883166,0.9975111467910592,0.007863763719797134,0.05516095831990242,0.017191545106470585,ok,
759xd9YjKW5,87449aea807942e0998e230c344f0e42,87449aea807942e0998e230c344f0e42_i2_2,2,2,/mnt/priorbimda-data/PriorBIMDA-Datasets/Matterport3D/v1/scans/759xd9YjKW5/undistorted_color_images/87449aea807942e0998e230c344f0e42_i2_2.jpg,/mnt/priorbimda-data/PriorBIMDA-Datasets/Matterport3D/v1/scans/759xd9YjKW5/undistorted_depth_images/87449aea807942e0998e230c344f0e42_d2_2.png,1024,1280,406,504,1.4165615917841592,1000841,0.7635810852050782,-6.919320106506348,3.235640048980713,1.6602100133895874,True,204624,1.0,True,,1.0,204624,0.9321025013923645,-0.07031249030918064,0.8407610228784257,0.1031353273702496,log-depth Laplacian fallback,,,,0.19597585501983125,0.03365430656653504,0.16662010418644763,0.1616315742389612,0.18490972019688628,0.1762437914470476,0.1776891712779683,0.07716942657998344,5.59439952064595,0.8549120189920277,0.9983413948869001,1.0,0.11593254407645599,0.012919034214237705,0.1011739307690126,0.09283819088823142,0.11979637369882565,0.10593130116669296,0.10857573643844008,0.047153843203796335,5.594399507114306,0.9707595911838144,0.9985282377520506,1.0,0.11593254407645599,0.012919034214237705,0.1011739307690126,0.09283819088823142,0.11979637369882565,0.10593130116669296,0.10857573643844008,0.047153843203796335,5.594399507114306,0.9707595911838144,0.9985282377520506,1.0,0.08937147809980733,0.00803061117493548,0.07846544273114509,0.07011529053373983,0.0968006583908475,0.08173287680482988,0.08460209658648508,0.03674222370495643,5.186621553678326,0.9927980568342024,0.9987400596098681,1.0,0.03752203461954822,0.002782956982312549,0.05059351309316324,0.03349295554189577,0.05601381934306533,0.0027959535689683255,0.03726550868898267,0.016184204788942867,5.594399521876975,0.9907507785952014,1.0,1.0,0.008348006755113602,0.059577129781246185,0.01672500278800726,ok,
759xd9YjKW5,87449aea807942e0998e230c344f0e42,87449aea807942e0998e230c344f0e42_i2_3,2,3,/mnt/priorbimda-data/PriorBIMDA-Datasets/Matterport3D/v1/scans/759xd9YjKW5/undistorted_color_images/87449aea807942e0998e230c344f0e42_i2_3.jpg,/mnt/priorbimda-data/PriorBIMDA-Datasets/Matterport3D/v1/scans/759xd9YjKW5/undistorted_depth_images/87449aea807942e0998e230c344f0e42_d2_3.png,1024,1280,406,504,1.4165615917841592,1200988,0.9162811279296875,-6.926770210266113,3.223140001296997,1.6600300073623657,True,204624,1.0,True,,1.0,204624,1.0616395473480225,0.05981445593056701,1.097814103714101,0.03350656837333866,log-depth Laplacian fallback,,,,0.0883501896808909,0.018533321217362307,0.19397159526672492,0.15754205734438453,0.10397723013272542,-0.08817227797288456,0.09245842936079163,0.04015418567683341,5.510820068870077,0.9953196867912085,0.998989165587,0.9993222247016623,0.04455105732592638,0.007541532567732065,0.11350503212034366,0.07517122089012766,0.06197644595420575,-0.028357821996344727,0.04485378352637985,0.01947975067798974,5.510820070314592,0.9948225960625752,0.9988842519658814,0.9992114825460371,0.04455105732592638,0.007541532567732065,0.11350503212034366,0.07517122089012766,0.06197644595420575,-0.028357821996344727,0.04485378352637985,0.01947975067798974,5.510820070314592,0.9948225960625752,0.9988842519658814,0.9992114825460371,0.02855872012668578,0.004733426161169384,0.09096052784283357,0.048914137984875594,0.047010952536150896,-0.015197134174418363,0.028307966567195503,0.012293993674034748,4.448681570129467,0.9949483258783601,0.9989233864118542,0.9992597761176631,0.037870027981358245,0.006055068044444915,0.0964968405221427,0.05585249900675335,0.05534819942898077,0.005148727544741425,0.03683534650120016,0.01599738772446548,5.510820070280147,0.9945761323177251,0.9978925684519745,0.9991432054275313,0.007728117518126965,0.0554139856249094,0.017086640000343323,ok,
759xd9YjKW5,87449aea807942e0998e230c344f0e42,87449aea807942e0998e230c344f0e42_i2_4,2,4,/mnt/priorbimda-data/PriorBIMDA-Datasets/Matterport3D/v1/scans/759xd9YjKW5/undistorted_color_images/87449aea807942e0998e230c344f0e42_i2_4.jpg,/mnt/priorbimda-data/PriorBIMDA-Datasets/Matterport3D/v1/scans/759xd9YjKW5/undistorted_depth_images/87449aea807942e0998e230c344f0e42_d2_4.png,1024,1280,406,504,1.4165615917841592,1181507,0.9014183044433594,-6.941319942474365,3.2233500480651855,1.6599500179290771,True,204624,1.0,True,,1.0,204624,1.2604204416275024,0.2314453491346697,1.3122484042744471,0.04029665599234228,log-depth Laplacian fallback,,,,0.2495400720677662,0.15426306073176196,0.615654819638859,0.5529247297598273,0.2866972592264861,-0.26112462534175834,0.2764215896913546,0.12004837108188005,11.836067120503026,0.031722198852821015,0.993294157376977,0.9945569514188236,0.06250252666354111,0.05157207266787069,0.21033726825954183,0.10567183889308707,0.12202502993014956,-0.029679276252568138,0.05264186008419996,0.022862069351691078,11.836067121547444,0.9903826215164193,0.9918587024875858,0.9932467602815725,0.06250252666354111,0.05157207266787069,0.21033726825954183,0.10567183889308707,0.12202502993014956,-0.029679276252568138,0.05264186008419996,0.022862069351691078,11.836067121547444,0.9903826215164193,0.9918587024875858,0.9932467602815725,0.06019800052466546,0.05576963875649967,0.20972173631101457,0.09382095818249364,0.1235409078709551,-0.017984070612848232,0.049160110389787744,0.02134996467203953,12.222491203421628,0.9887990507038892,0.991758830036555,0.9931037226186556,0.042351004102278426,0.05357448629492616,0.1982950539837955,0.056215889096421605,0.11883592194477804,0.010617337831160653,0.030518794341081238,0.013254143976671772,11.836067117858189,0.9885950739183094,0.9916073286066016,0.9929936936471812,0.00825942400842905,0.05650399439036846,0.017108343541622162,ok,
759xd9YjKW5,87449aea807942e0998e230c344f0e42,87449aea807942e0998e230c344f0e42_i2_5,2,5,/mnt/priorbimda-data/PriorBIMDA-Datasets/Matterport3D/v1/scans/759xd9YjKW5/undistorted_color_images/87449aea807942e0998e230c344f0e42_i2_5.jpg,/mnt/priorbimda-data/PriorBIMDA-Datasets/Matterport3D/v1/scans/759xd9YjKW5/undistorted_depth_images/87449aea807942e0998e230c344f0e42_d2_5.png,1024,1280,406,504,1.4165615917841592,921369,0.7029487609863281,-6.94842004776001,3.2360498905181885,1.6600600481033325,True,204624,1.0,True,,1.0,204624,1.133148431777954,0.12499998121263603,1.0637496594294615,0.06319990046755862,log-depth Laplacian fallback,,,,0.07046806088018477,0.013882350871323999,0.10663006342140602,0.05774909052548607,0.09559165066938646,-0.057420937522211085,0.06989512828763755,0.030355068527240903,7.642381573677374,0.9942563728538729,0.9955576972960888,0.9967580849800677,0.07611812772933213,0.0212695518287827,0.14270264947434158,0.0725030870815557,0.10201728666533615,0.06757904383121296,0.0695057227806442,0.03018595186433089,7.642381574755588,0.9930928867804322,0.9949455646977486,0.9961752566018609,0.07611812772933213,0.0212695518287827,0.14270264947434158,0.0725030870815557,0.10201728666533615,0.06757904383121296,0.0695057227806442,0.03018595186433089,7.642381574755588,0.9930928867804322,0.9949455646977486,0.9961752566018609,0.08763718496831122,0.020263283897136046,0.12972459745530038,0.07258105245290995,0.11033381497197337,0.06677172104826427,0.08072695436731792,0.03505927082258176,8.783557362778724,0.9886256212223333,0.9951919372151657,0.9964585307298162,0.032056978655964345,0.013844483872992279,0.10976765183609921,0.03016077368191755,0.07654917764566464,0.004379154093351984,0.028541463088273936,0.012395399924682722,7.642381570985711,0.9937506037212018,0.9952863619244842,0.9964845789254902,0.008669598028063774,0.05703358165919781,0.017157938331365585,ok,
759xd9YjKW5,99fcb9869e0b4a7a9f825d70d6f67efc,99fcb9869e0b4a7a9f825d70d6f67efc_i0_0,0,0,/mnt/priorbimda-data/PriorBIMDA-Datasets/Matterport3D/v1/scans/759xd9YjKW5/undistorted_color_images/99fcb9869e0b4a7a9f825d70d6f67efc_i0_0.jpg,/mnt/priorbimda-data/PriorBIMDA-Datasets/Matterport3D/v1/scans/759xd9YjKW5/undistorted_depth_images/99fcb9869e0b4a7a9f825d70d6f67efc_d0_0.png,1024,1280,406,504,1.4155678118069965,1231904,0.9398681640625,0.2171889990568161,5.228529930114746,1.6015499830245972,True,204624,1.0,True,,1.0,204624,0.8868165016174316,-0.12011719336458361,0.8911739580288213,0.004901561886171343,log-depth Laplacian fallback,,,,0.14044148157481703,0.03859615715736633,0.2496190589701643,0.22364666475697295,0.14216116156752875,0.12971694885955967,0.12971696954261583,0.05633536408157024,5.816621903472321,0.9641035340416136,1.0,1.0,0.051166538088393894,0.0055205895805772376,0.0920913127140896,0.07859555188754468,0.05895306896180884,0.00959975550607831,0.05045539262986975,0.021912498601414455,5.816621901275092,1.0,1.0,1.0,0.051166538088393894,0.0055205895805772376,0.0920913127140896,0.07859555188754468,0.05895306896180884,0.00959975550607831,0.05045539262986975,0.021912498601414455,5.816621901275092,1.0,1.0,1.0,0.03129893602148649,0.0031355790769577773,0.07034283546807775,0.04894846031125804,0.04315006315153755,0.02029490043834422,0.030462257837088755,0.013229590484961735,3.8079455959603394,1.0,1.0,1.0,0.05126839423134134,0.0058208847251799275,0.09484975029791709,0.07901531054996393,0.05994662016702836,0.014501318189923205,0.05030632038956146,0.021847757350043587,5.816621906402868,1.0,1.0,1.0,0.008863640949130058,0.05658005550503731,0.016727333888411522,ok,
759xd9YjKW5,99fcb9869e0b4a7a9f825d70d6f67efc,99fcb9869e0b4a7a9f825d70d6f67efc_i0_1,0,1,/mnt/priorbimda-data/PriorBIMDA-Datasets/Matterport3D/v1/scans/759xd9YjKW5/undistorted_color_images/99fcb9869e0b4a7a9f825d70d6f67efc_i0_1.jpg,/mnt/priorbimda-data/PriorBIMDA-Datasets/Matterport3D/v1/scans/759xd9YjKW5/undistorted_depth_images/99fcb9869e0b4a7a9f825d70d6f67efc_d0_1.png,1024,1280,406,504,1.4155678118069965,1211500,0.9243011474609375,0.20398199558258057,5.2224202156066895,1.6016700267791748,True,204624,1.0,True,,1.0,204624,1.1828995943069458,0.16796870760470184,1.18673817119795,0.003239803403255942,log-depth Laplacian fallback,,,,0.16276884571186018,0.05199010573904565,0.29633744649072163,0.2500098046254777,0.20182186742096633,-0.1700513350048673,0.17887107248053463,0.07768271975041285,10.869503039398124,0.8259768881551796,0.9863615352868345,0.9915344614114734,0.05839202211119868,0.025347656373780333,0.22358148649103857,0.10024819814076465,0.10871498039235317,-0.002082627241322455,0.05752419493451243,0.02498244043598574,10.869503036240173,0.9674230293025176,0.9885323978539001,0.9926677672307057,0.05839202211119868,0.025347656373780333,0.22358148649103857,0.10024819814076465,0.10871498039235317,-0.002082627241322455,0.05752419493451243,0.02498244043598574,10.869503036240173,0.9674230293025176,0.9885323978539001,0.9926677672307057,0.05116078829345893,0.02105734970744054,0.20380621980169272,0.08883065837806185,0.10427523257414427,0.012704070630146141,0.05088029749527018,0.02209703243979168,10.349845756249769,0.9796640528270739,0.9883970284770945,0.9924539826661164,0.0584987964934104,0.025625371767153723,0.22496720330824066,0.100920603175671,0.10870118955531687,0.0011571441514189552,0.05744166265871936,0.024946597124029895,10.869503037468533,0.966660338423442,0.9885472554684276,0.9926933553446141,0.008870244957506657,0.056243023835122585,0.017695588991045952,ok,
759xd9YjKW5,99fcb9869e0b4a7a9f825d70d6f67efc,99fcb9869e0b4a7a9f825d70d6f67efc_i0_2,0,2,/mnt/priorbimda-data/PriorBIMDA-Datasets/Matterport3D/v1/scans/759xd9YjKW5/undistorted_color_images/99fcb9869e0b4a7a9f825d70d6f67efc_i0_2.jpg,/mnt/priorbimda-data/PriorBIMDA-Datasets/Matterport3D/v1/scans/759xd9YjKW5/undistorted_depth_images/99fcb9869e0b4a7a9f825d70d6f67efc_d0_2.png,1024,1280,406,504,1.4155678118069965,1211991,0.9246757507324219,0.1920900046825409,5.230810165405273,1.6014800071716309,True,204624,1.0,True,,1.0,204624,1.093469262123108,0.08935545111281505,1.098096984647603,0.00422321653245003,log-depth Laplacian fallback,,,,0.09433479770572599,0.022079656802825233,0.21623206084925606,0.1728542763842501,0.11892146397897263,-0.09513124852918058,0.09983608434335696,0.04335826052514758,7.136077457666336,0.9833150576200649,0.9924215608861782,0.9965296772005733,0.03091933120621294,0.008946248295898178,0.13797965053278588,0.05665460975284363,0.0715941337016294,-0.005775797290388439,0.03131459045900365,0.013599753839405511,7.1360774562410185,0.9860708536614545,0.9930709056420386,0.9966229122163448,0.03091933120621294,0.008946248295898178,0.13797965053278588,0.05665460975284363,0.0715941337016294,-0.005775797290388439,0.03131459045900365,0.013599753839405511,7.1360774562410185,0.9860708536614545,0.9930709056420386,0.9966229122163448,0.02792771951350296,0.00969971092440397,0.15181335753921243,0.06032140552398833,0.07455244452469217,-0.009696596274015147,0.02890810879265958,0.01255463213091092,7.3919165345031175,0.9838455896124642,0.9932004445577566,0.9965115252506,0.030815448490833966,0.009000830344667043,0.1382374631638945,0.057040504942625345,0.07137766250941072,-0.0015525972078823966,0.031080509558116382,0.013498093795831216,7.136077456990929,0.9860989066750495,0.9931039091874445,0.9966204369504394,0.008798818103969097,0.06192083563655615,0.01771988533437252,ok,
759xd9YjKW5,99fcb9869e0b4a7a9f825d70d6f67efc,99fcb9869e0b4a7a9f825d70d6f67efc_i0_3,0,3,/mnt/priorbimda-data/PriorBIMDA-Datasets/Matterport3D/v1/scans/759xd9YjKW5/undistorted_color_images/99fcb9869e0b4a7a9f825d70d6f67efc_i0_3.jpg,/mnt/priorbimda-data/PriorBIMDA-Datasets/Matterport3D/v1/scans/759xd9YjKW5/undistorted_depth_images/99fcb9869e0b4a7a9f825d70d6f67efc_d0_3.png,1024,1280,406,504,1.4155678118069965,1235948,0.9429534912109375,0.19340500235557556,5.2452898025512695,1.6011699438095093,True,204624,1.0,True,,1.0,204624,1.039074182510376,0.03833010755718755,1.0279142012767997,0.010798405800339868,log-depth Laplacian fallback,,,,0.03885219142688868,0.00392232955592585,0.08066299710530737,0.06392123570284389,0.05170565829374413,-0.03049850523207389,0.039922631680600645,0.017338178641940802,4.175303914924747,0.9989934851628062,1.0,1.0,0.034334181003814496,0.003580091674340536,0.08584860467925867,0.06531326946216544,0.042481175525991045,0.00783160239648422,0.034086798971342265,0.014803708698999392,4.175303914655127,0.9988090113823559,1.0,1.0,0.034334181003814496,0.003580091674340536,0.08584860467925867,0.06531326946216544,0.042481175525991045,0.00783160239648422,0.034086798971342265,0.014803708698999392,4.175303914655127,0.9988090113823559,1.0,1.0,0.024980559297699136,0.002416504339684896,0.07184837240930383,0.04925000656672979,0.034754480967729685,0.006867060523343485,0.024936392748978232,0.010829737769453505,3.4069303296443003,0.9988551298274685,1.0,1.0,0.03301513766576461,0.0031217075975196115,0.07733091020384714,0.05956252978024729,0.041858313424347926,-0.00296683737034433,0.03312959841114231,0.01438800177762985,4.1753039155837195,0.9988672662603928,1.0,1.0,0.00872710719704628,0.05866226553916931,0.01774241402745247,ok,
759xd9YjKW5,99fcb9869e0b4a7a9f825d70d6f67efc,99fcb9869e0b4a7a9f825d70d6f67efc_i0_4,0,4,/mnt/priorbimda-data/PriorBIMDA-Datasets/Matterport3D/v1/scans/759xd9YjKW5/undistorted_color_images/99fcb9869e0b4a7a9f825d70d6f67efc_i0_4.jpg,/mnt/priorbimda-data/PriorBIMDA-Datasets/Matterport3D/v1/scans/759xd9YjKW5/undistorted_depth_images/99fcb9869e0b4a7a9f825d70d6f67efc_d0_4.png,1024,1280,406,504,1.4155678118069965,1227438,0.9364608764648438,0.20661099255084991,5.251399993896484,1.6010500192642212,True,204624,1.0,True,,1.0,204624,0.9915519952774048,-0.008483891371142062,0.9305384875522986,0.06350795015700214,log-depth Laplacian fallback,,,,0.07577608988123057,0.014639394678743638,0.1635121769375015,0.13292571501483408,0.08492957155565913,0.05951375399480773,0.07234320565345821,0.03141825501848903,6.0589976151780505,0.9952372339784168,1.0,1.0,0.07016941242862194,0.01262195263488939,0.1518816712037059,0.12299239028775713,0.07921611003704755,0.051029862684307495,0.06735514625659132,0.029251968347024097,6.058997610019621,0.9954148396904773,1.0,1.0,0.07016941242862194,0.01262195263488939,0.1518816712037059,0.12299239028775713,0.07921611003704755,0.051029862684307495,0.06735514625659132,0.029251968347024097,6.058997610019621,0.9954148396904773,1.0,1.0,0.06168573883643652,0.009327010822355737,0.1295208752230016,0.1070156618264046,0.06904271557232683,0.049621074638807806,0.05960818264448189,0.025887504798779683,4.800672375085689,0.9956445865290141,1.0,1.0,0.04785171431739878,0.006034560730655711,0.10082402124519758,0.07764462857885925,0.061861524402240985,-0.012478100451337126,0.04859445927030087,0.02110430551216399,6.058997615526348,0.9963835240557976,1.0,1.0,0.008007217198610306,0.05755267571657896,0.017695529386401176,ok,
759xd9YjKW5,99fcb9869e0b4a7a9f825d70d6f67efc,99fcb9869e0b4a7a9f825d70d6f67efc_i0_5,0,5,/mnt/priorbimda-data/PriorBIMDA-Datasets/Matterport3D/v1/scans/759xd9YjKW5/undistorted_color_images/99fcb9869e0b4a7a9f825d70d6f67efc_i0_5.jpg,/mnt/priorbimda-data/PriorBIMDA-Datasets/Matterport3D/v1/scans/759xd9YjKW5/undistorted_depth_images/99fcb9869e0b4a7a9f825d70d6f67efc_d0_5.png,1024,1280,406,504,1.4155678118069965,1216325,0.9279823303222656,0.21850299835205078,5.243020057678223,1.6012400388717651,True,204624,1.0,True,,1.0,204624,0.995949387550354,-0.004058838401196857,0.9483492530569135,0.04897359577477776,log-depth Laplacian fallback,,,,0.10521207732126925,0.029669289864114084,0.22381655588135807,0.1715848305687332,0.12235281972848346,0.05461215823215291,0.09911341693655656,0.04304441005812283,10.948846819979291,0.9140788851663824,1.0,1.0,0.10366716361940011,0.02853276519778018,0.21922903773141295,0.16854170670149748,0.12059586566931854,0.050553319736942236,0.09799237577193849,0.04255754806634278,10.948846825171502,0.9217199350502538,1.0,1.0,0.10366716361940011,0.02853276519778018,0.21922903773141295,0.16854170670149748,0.12059586566931854,0.050553319736942236,0.09799237577193849,0.04255754806634278,10.948846825171502,0.9217199350502538,1.0,1.0,0.08109893875359023,0.02534952102928492,0.2090520577652009,0.13576824405103996,0.10958219428438432,0.05858637510243916,0.07494307041334841,0.032547361937404075,9.260612267305467,0.9195486403716112,1.0,1.0,0.09225838556863553,0.01974895065614452,0.17815046354392008,0.1444559451448433,0.10949986361530525,0.0015797076043047333,0.09132671330426435,0.03966268763840232,10.948846814005279,0.9978245945779294,1.0,1.0,0.007588209584355354,0.056993414647877216,0.017698504962027073,ok,
759xd9YjKW5,99fcb9869e0b4a7a9f825d70d6f67efc,99fcb9869e0b4a7a9f825d70d6f67efc_i1_0,1,0,/mnt/priorbimda-data/PriorBIMDA-Datasets/Matterport3D/v1/scans/759xd9YjKW5/undistorted_color_images/99fcb9869e0b4a7a9f825d70d6f67efc_i1_0.jpg,/mnt/priorbimda-data/PriorBIMDA-Datasets/Matterport3D/v1/scans/759xd9YjKW5/undistorted_depth_images/99fcb9869e0b4a7a9f825d70d6f67efc_d1_0.png,1024,1280,406,504,1.4121168655554452,1146399,0.8746330261230468,0.20812499523162842,5.235599994659424,1.6346499919891357,True,204624,1.0,True,,1.0,204624,0.873920738697052,-0.13476559542864897,0.895015454107516,0.0238513017315274,log-depth Laplacian fallback,,,,0.11546426045010831,0.02337623418030101,0.19418290928061044,0.1865127736448103,0.11351538515353249,0.10147806945131949,0.10902523923201154,0.047349059786644554,5.087183982310846,0.9949371902801729,1.0,1.0,0.035142157291324826,0.004933317302297006,0.08777946576747613,0.05603446086242147,0.060794765112544176,-0.03328752590897624,0.03676259421223754,0.015965791806823185,5.0871839793235845,0.9846362392151423,1.0,1.0,0.035142157291324826,0.004933317302297006,0.08777946576747613,0.05603446086242147,0.060794765112544176,-0.03328752590897624,0.03676259421223754,0.015965791806823185,5.0871839793235845,0.9846362392151423,1.0,1.0,0.0426907868116617,0.005455285856939176,0.09168828138230563,0.0669322460605285,0.06378740648138524,-0.024964764522570654,0.04422360180664252,0.019206066234511526,5.869918021534939,0.983465617119345,1.0,1.0,0.0283310392003454,0.0036055213518003094,0.07438564137266869,0.04413580868660923,0.05173959707629806,-0.009436197404375126,0.029227042413622825,0.012693143242588687,5.087183979534586,0.9990186662758778,1.0,1.0,0.007871893234550953,0.05957536771893501,0.017679077573120594,ok,
759xd9YjKW5,99fcb9869e0b4a7a9f825d70d6f67efc,99fcb9869e0b4a7a9f825d70d6f67efc_i1_1,1,1,/mnt/priorbimda-data/PriorBIMDA-Datasets/Matterport3D/v1/scans/759xd9YjKW5/undistorted_color_images/99fcb9869e0b4a7a9f825d70d6f67efc_i1_1.jpg,/mnt/priorbimda-data/PriorBIMDA-Datasets/Matterport3D/v1/scans/759xd9YjKW5/undistorted_depth_images/99fcb9869e0b4a7a9f825d70d6f67efc_d1_1.png,1024,1280,406,504,1.4121168655554452,1174987,0.8964439392089844,0.20494799315929413,5.234129905700684,1.6346800327301025,True,204624,1.0,True,,1.0,204624,0.8907222747802734,-0.1157226006833586,0.8557700163303799,0.040031010767199976,log-depth Laplacian fallback,,,,0.2093522552345839,0.21694049135786975,0.6050454699948498,0.3516080779362598,0.23862788607226953,0.16398806941350627,0.17442709873772128,0.07575272647618599,17.335276490829646,0.8690070613547214,0.9586344359554616,0.978006565179019,0.11103338506346425,0.1347265315577841,0.5054282596728963,0.2414582643039134,0.17994648256636758,0.04826546877431932,0.09422899671778193,0.04092313330981232,17.335276493902033,0.9381559115122124,0.9635008727756137,0.9823589537586374,0.11103338506346425,0.1347265315577841,0.5054282596728963,0.2414582643039134,0.17994648256636758,0.04826546877431932,0.09422899671778193,0.04092313330981232,17.335276493902033,0.9381559115122124,0.9635008727756137,0.9823589537586374,0.1057704706178532,0.13076275094417814,0.48315704077741906,0.21816520417745083,0.17833178852605958,0.049913419377086383,0.08869761258208586,0.03852088370239233,17.12041978603046,0.9350597070435673,0.9638778982235549,0.9817223509706916,0.09094517253666061,0.12360761017285121,0.5144747925735382,0.22979043432934584,0.17354822650184232,0.008234429409366403,0.07811462852846993,0.033924752125836836,17.33527648877771,0.944664068623738,0.9656336623298811,0.9822457610169304,0.007751105353236198,0.05848568305373192,0.01770700328052044,ok,
759xd9YjKW5,99fcb9869e0b4a7a9f825d70d6f67efc,99fcb9869e0b4a7a9f825d70d6f67efc_i1_2,1,2,/mnt/priorbimda-data/PriorBIMDA-Datasets/Matterport3D/v1/scans/759xd9YjKW5/undistorted_color_images/99fcb9869e0b4a7a9f825d70d6f67efc_i1_2.jpg,/mnt/priorbimda-data/PriorBIMDA-Datasets/Matterport3D/v1/scans/759xd9YjKW5/undistorted_depth_images/99fcb9869e0b4a7a9f825d70d6f67efc_d1_2.png,1024,1280,406,504,1.4121168655554452,1175167,0.8965812683105469,0.20208700001239777,5.236149787902832,1.6346299648284912,True,204624,1.0,True,,1.0,204624,1.0004559755325317,0.000455871607278986,1.0034147603682644,0.0029530717056043417,log-depth Laplacian fallback,,,,0.06109783638264964,0.13294471916730188,0.49913859265847677,0.147359678492089,0.15177259104021737,0.01938274124770868,0.0456188654071887,0.019812021517029193,15.052982672143568,0.963800038632807,0.9780635433091637,0.9839758944898895,0.06106706594988123,0.13310970509087575,0.4993634389288695,0.14712307135702166,0.15183148308526628,0.019838612829962066,0.045560249551459375,0.019786564974333936,15.052982660208697,0.9637617462028801,0.978055033880291,0.9839682360039042,0.06106706594988123,0.13310970509087575,0.4993634389288695,0.14712307135702166,0.15183148308526628,0.019838612829962066,0.045560249551459375,0.019786564974333936,15.052982660208697,0.9637617462028801,0.978055033880291,0.9839682360039042,0.07226566411801472,0.1287550683952098,0.5029490545455187,0.19540232960781379,0.15265771365827807,0.013104788393489112,0.05764245665355986,0.02503380084798843,15.209418812214585,0.9645420608305032,0.9780243999363495,0.9841614000393135,0.0610624481830773,0.13422111573692944,0.5010080072749602,0.14646331975046595,0.1522454898040686,0.02279167428407564,0.045375391760217695,0.019706282255660828,15.052982677532503,0.9636068745973977,0.9779758961917753,0.9839282416882026,0.00856388732790947,0.05957164615392685,0.017733503133058548,ok,
759xd9YjKW5,99fcb9869e0b4a7a9f825d70d6f67efc,99fcb9869e0b4a7a9f825d70d6f67efc_i1_3,1,3,/mnt/priorbimda-data/PriorBIMDA-Datasets/Matterport3D/v1/scans/759xd9YjKW5/undistorted_color_images/99fcb9869e0b4a7a9f825d70d6f67efc_i1_3.jpg,/mnt/priorbimda-data/PriorBIMDA-Datasets/Matterport3D/v1/scans/759xd9YjKW5/undistorted_depth_images/99fcb9869e0b4a7a9f825d70d6f67efc_d1_3.png,1024,1280,406,504,1.4121168655554452,1235003,0.9422325134277344,0.20240400731563568,5.239630222320557,1.634559988975525,True,204624,1.0,True,,1.0,204624,1.009074091911316,0.009033169707573317,1.0004884682427422,0.00854482072660774,log-depth Laplacian fallback,,,,0.0360535995447662,0.007448620400268139,0.15081925914539265,0.0943666239311966,0.05203867772788868,0.002022599297681558,0.03597470942674722,0.015623617792109218,5.19993564551339,0.9947741017633156,0.9997206484518661,1.0,0.03736931351331782,0.007879408591360324,0.1536752559910514,0.09516743077615848,0.0531616694613938,0.0110557691612639,0.036960595197601157,0.016051782542177994,5.199935642078021,0.994361957015489,0.9996421061325357,1.0,0.03736931351331782,0.007879408591360324,0.1536752559910514,0.09516743077615848,0.0531616694613938,0.0110557691612639,0.036960595197601157,0.016051782542177994,5.199935642078021,0.994361957015489,0.9996421061325357,1.0,0.04550390103535038,0.010267011576468725,0.17668512833934047,0.12297374938617991,0.05968958567388394,0.00637874588122704,0.04508073384895708,0.0195783139507512,5.934777366424675,0.9955911038272781,0.9996461547056971,1.0,0.03606865768498254,0.007459416880407146,0.15083312095316354,0.09420977614518163,0.0520599480185682,0.0025109997058084914,0.03597215550118122,0.015622508636328705,5.19993564207621,0.9947562880414056,0.999717409593337,1.0,0.007943377830088139,0.05857698619365692,0.017725687474012375,ok,
759xd9YjKW5,99fcb9869e0b4a7a9f825d70d6f67efc,99fcb9869e0b4a7a9f825d70d6f67efc_i1_4,1,4,/mnt/priorbimda-data/PriorBIMDA-Datasets/Matterport3D/v1/scans/759xd9YjKW5/undistorted_color_images/99fcb9869e0b4a7a9f825d70d6f67efc_i1_4.jpg,/mnt/priorbimda-data/PriorBIMDA-Datasets/Matterport3D/v1/scans/759xd9YjKW5/undistorted_depth_images/99fcb9869e0b4a7a9f825d70d6f67efc_d1_4.png,1024,1280,406,504,1.4121168655554452,1272163,0.9705833435058594,0.20558099448680878,5.241099834442139,1.634529948234558,True,204624,1.0,True,,1.0,204624,1.0446702241897583,0.04370126067449498,0.9521709114950699,0.09271199209727185,log-depth Laplacian fallback,,,,0.06580168509162114,0.008723521204427955,0.12286791392965735,0.11206936683736182,0.07165062781573574,0.016072811260469548,0.06560312168495294,0.028491073743402633,6.982461746815666,0.9985937336646326,0.9999331846626572,1.0,0.08896428201761526,0.015204553898564567,0.15842701223734448,0.14750546156491562,0.09191527006541103,0.059774071879459933,0.08539792892917984,0.037087849299908875,6.982461745077163,0.9977518604141136,0.9999654132371402,1.0,0.08896428201761526,0.015204553898564567,0.15842701223734448,0.14750546156491562,0.09191527006541103,0.059774071879459933,0.08539792892917984,0.037087849299908875,6.982461745077163,0.9977518604141136,0.9999654132371402,1.0,0.08467255743347656,0.01428872005872547,0.15209741888483283,0.13871293137272686,0.08945652707862445,0.06462733162789845,0.08091571366146295,0.03514124794243691,6.185287579107623,0.9983736360827976,0.9999748459906475,1.0,0.048938869444894284,0.009519666145812171,0.13218649024719265,0.087300560524684,0.0772035232152523,-0.0329379233301422,0.05147193341478792,0.022353976654933994,6.982461746079012,0.9987108570206805,0.9998404292531696,1.0,0.008692647330462933,0.059609510004520416,0.017737144604325294,ok,
759xd9YjKW5,99fcb9869e0b4a7a9f825d70d6f67efc,99fcb9869e0b4a7a9f825d70d6f67efc_i1_5,1,5,/mnt/priorbimda-data/PriorBIMDA-Datasets/Matterport3D/v1/scans/759xd9YjKW5/undistorted_color_images/99fcb9869e0b4a7a9f825d70d6f67efc_i1_5.jpg,/mnt/priorbimda-data/PriorBIMDA-Datasets/Matterport3D/v1/scans/759xd9YjKW5/undistorted_depth_images/99fcb9869e0b4a7a9f825d70d6f67efc_d1_5.png,1024,1280,406,504,1.4121168655554452,902781,0.6887672424316407,0.20844100415706635,5.2390899658203125,1.6345700025558472,True,204624,1.0,True,,1.0,204624,0.8290291428565979,-0.1874999702348245,0.9252249642897948,0.109781603833275,log-depth Laplacian fallback,,,,0.08064697707697376,0.015083772075353125,0.1630669027683475,0.1424227092930122,0.08819719972906453,0.07322877508379819,0.07701307219742048,0.03344635228975646,4.915579863836005,0.9917477217619777,0.9979707149352944,1.0,0.10897281868003647,0.023392620859665342,0.20383026837835186,0.1910357230876768,0.12439533197565635,-0.11427119529483609,0.11611472919855406,0.05042798615862243,4.915579867343404,0.9875063830541405,0.9979341612196092,0.9992866486999615,0.10897281868003647,0.023392620859665342,0.20383026837835186,0.1910357230876768,0.12439533197565635,-0.11427119529483609,0.11611472919855406,0.05042798615862243,4.915579867343404,0.9875063830541405,0.9979341612196092,0.9992866486999615,0.10714216923707452,0.025229774529860773,0.2142185487960978,0.19062701209327138,0.1291733532758985,-0.11323838529140692,0.11484387202085272,0.049876059899059605,6.215161537027781,0.986907123654574,0.9977447465110586,0.9991858490597387,0.03138974351543239,0.004012313461356972,0.08433582572234863,0.055591044105238664,0.049360399258179484,-0.004489596140480951,0.03164897900897705,0.013744976941470574,4.9155798655115595,0.9942234052333844,0.9990052958580209,1.0,0.00868988037109375,0.059153822250664234,0.017683451995253563,ok,
759xd9YjKW5,99fcb9869e0b4a7a9f825d70d6f67efc,99fcb9869e0b4a7a9f825d70d6f67efc_i2_0,2,0,/mnt/priorbimda-data/PriorBIMDA-Datasets/Matterport3D/v1/scans/759xd9YjKW5/undistorted_color_images/99fcb9869e0b4a7a9f825d70d6f67efc_i2_0.jpg,/mnt/priorbimda-data/PriorBIMDA-Datasets/Matterport3D/v1/scans/759xd9YjKW5/undistorted_depth_images/99fcb9869e0b4a7a9f825d70d6f67efc_d2_0.png,1024,1280,406,504,1.4165615917841592,1218763,0.9298423767089844,0.21712400019168854,5.229939937591553,1.668030023574829,True,204624,1.0,True,,1.0,204624,1.0513224601745605,0.05004885756297189,1.0792846518728345,0.026249604739267636,log-depth Laplacian fallback,,,,0.07694058954247901,0.008803981290047948,0.11044699626270531,0.1019689708703924,0.08541744316072063,-0.07944262559651463,0.0804185145340482,0.034925317104993595,3.1384850397077515,0.9971930555817661,1.0,1.0,0.031868092847171,0.002358062894394854,0.057847335316067436,0.04210443677706622,0.04300002821272232,-0.029393767921398486,0.03264160193341025,0.014176067600162597,3.13848503848255,0.9994765184043165,1.0,1.0,0.031868092847171,0.002358062894394854,0.057847335316067436,0.04210443677706622,0.04300002821272232,-0.029393767921398486,0.03264160193341025,0.014176067600162597,3.13848503848255,0.9994765184043165,1.0,1.0,0.03948427353838257,0.0034881386421084853,0.07075403057981115,0.052951212248727376,0.052384321247884766,-0.03552272196480644,0.04067500603947037,0.017664930674323422,3.850004333520482,0.9994863644531381,1.0,1.0,0.023001262078551393,0.0013681749013411176,0.044488853676839815,0.030988024283966714,0.031541948324181945,-0.0031441483993352526,0.023099190475345584,0.010031850959874742,3.138485040474658,0.9990514972968494,1.0,1.0,0.007886417210102081,0.06068425998091698,0.01773807592689991,ok,
759xd9YjKW5,99fcb9869e0b4a7a9f825d70d6f67efc,99fcb9869e0b4a7a9f825d70d6f67efc_i2_1,2,1,/mnt/priorbimda-data/PriorBIMDA-Datasets/Matterport3D/v1/scans/759xd9YjKW5/undistorted_color_images/99fcb9869e0b4a7a9f825d70d6f67efc_i2_1.jpg,/mnt/priorbimda-data/PriorBIMDA-Datasets/Matterport3D/v1/scans/759xd9YjKW5/undistorted_depth_images/99fcb9869e0b4a7a9f825d70d6f67efc_d2_1.png,1024,1280,406,504,1.4165615917841592,1237574,0.9441940307617187,0.203917995095253,5.223840236663818,1.6681499481201172,True,204624,1.0,True,,1.0,204624,1.0189766883850098,0.01879887702602087,1.0128598492638128,0.0060210134891487185,log-depth Laplacian fallback,,,,0.03506185843320387,0.027835911305848216,0.2353312835885726,0.061522468797541995,0.08654255052898346,0.0016058588351746557,0.030862880459407844,0.01340357867916053,8.652765031747451,0.9816431179064847,0.9841835720530651,0.9965925269923253,0.033640088256005556,0.030126239792111462,0.24480454496790022,0.06066311007935705,0.08890099846511451,0.02040473590341974,0.02881546236424755,0.012514396298283553,8.652765038301911,0.9813950519322481,0.9839767157357863,0.9959065074088499,0.033640088256005556,0.030126239792111462,0.24480454496790022,0.06066311007935705,0.08890099846511451,0.02040473590341974,0.02881546236424755,0.012514396298283553,8.652765038301911,0.9813950519322481,0.9839767157357863,0.9959065074088499,0.03501849103685476,0.028589159733712274,0.23845498749825125,0.06240102398054105,0.08742109195364203,0.018651321244307063,0.03045679685930616,0.013227218812444954,8.540828726891082,0.9815493861377178,0.9841068089665749,0.9964721301514091,0.032650848865221155,0.029265193209009728,0.24137517986159823,0.05881073273499326,0.08771502120684752,0.01438369478568201,0.028024981644588984,0.012171094883684907,8.652765031843899,0.9814710069862489,0.9840389342374678,0.996183662552704,0.009003404527902603,0.061065129935741425,0.018036559224128723,ok,
759xd9YjKW5,99fcb9869e0b4a7a9f825d70d6f67efc,99fcb9869e0b4a7a9f825d70d6f67efc_i2_2,2,2,/mnt/priorbimda-data/PriorBIMDA-Datasets/Matterport3D/v1/scans/759xd9YjKW5/undistorted_color_images/99fcb9869e0b4a7a9f825d70d6f67efc_i2_2.jpg,/mnt/priorbimda-data/PriorBIMDA-Datasets/Matterport3D/v1/scans/759xd9YjKW5/undistorted_depth_images/99fcb9869e0b4a7a9f825d70d6f67efc_d2_2.png,1024,1280,406,504,1.4165615917841592,1241283,0.9470237731933594,0.19202600419521332,5.23222017288208,1.6679600477218628,True,204624,1.0,True,,1.0,204624,1.0270940065383911,0.026733461848276217,1.0223042230570574,0.004674340138818459,log-depth Laplacian fallback,,,,0.046006653725748865,0.022465994706827,0.20805989961128735,0.08722811106188187,0.08711344563854025,-0.012592390513081352,0.042996386938636104,0.018673093589226704,8.619851571915241,0.9842421107837617,0.9885143033458124,0.9925407824001456,0.04146541044631508,0.024999990408582765,0.22646030676022408,0.0882799045810089,0.08735075260075466,0.014141071297749322,0.03732545814142666,0.016210240505332405,8.61985155467901,0.9835428343093396,0.9881735269072404,0.9918793699744538,0.04146541044631508,0.024999990408582765,0.22646030676022408,0.0882799045810089,0.08735075260075466,0.014141071297749322,0.03732545814142666,0.016210240505332405,8.61985155467901,0.9835428343093396,0.9881735269072404,0.9918793699744538,0.03846044127407137,0.024193594738690264,0.2205207467269353,0.08253644951421014,0.08573404537710252,0.016908106514538324,0.034312202858775065,0.01490160036351099,8.405023777965235,0.9833591533920951,0.9882266976990742,0.9919269014398812,0.041002372261137864,0.02433752669907734,0.22210661661835474,0.08559196453339692,0.08671679340746327,0.009466686422547431,0.037054955921007174,0.016092762883661658,8.619851568936568,0.9836459534207751,0.9882210583726676,0.9919285126759974,0.007952511310577393,0.059296999126672745,0.017685892060399055,ok,
759xd9YjKW5,99fcb9869e0b4a7a9f825d70d6f67efc,99fcb9869e0b4a7a9f825d70d6f67efc_i2_3,2,3,/mnt/priorbimda-data/PriorBIMDA-Datasets/Matterport3D/v1/scans/759xd9YjKW5/undistorted_color_images/99fcb9869e0b4a7a9f825d70d6f67efc_i2_3.jpg,/mnt/priorbimda-data/PriorBIMDA-Datasets/Matterport3D/v1/scans/759xd9YjKW5/undistorted_depth_images/99fcb9869e0b4a7a9f825d70d6f67efc_d2_3.png,1024,1280,406,504,1.4165615917841592,1187652,0.9061065673828125,0.193340003490448,5.246699810028076,1.6676599979400635,True,204624,1.0,True,,1.0,204624,1.0595680475234985,0.057861322736013326,1.026809682466074,0.031404723016818875,log-depth Laplacian fallback,,,,0.03721374439160209,0.009295518468812408,0.11968398265934345,0.055617659947990464,0.06760927706739792,-0.020807310689185014,0.03608135118717427,0.015669931720203138,6.4327833536191035,0.99116744635634,0.9936883868338537,0.9965806482033458,0.04435640506018715,0.013519111980485679,0.1526479123638621,0.08079751987771615,0.07423658111901946,0.03705401207124114,0.04122152632750698,0.0179022814196659,6.432783352224036,0.9891575983537265,0.9933802157534362,0.995193878341467,0.04435640506018715,0.013519111980485679,0.1526479123638621,0.08079751987771615,0.07423658111901946,0.03705401207124114,0.04122152632750698,0.0179022814196659,6.432783352224036,0.9891575983537265,0.9933802157534362,0.995193878341467,0.052848837651082885,0.01383876680035867,0.15737065537394884,0.08746809482889437,0.07873434009605575,0.011001901242321364,0.0506325927919864,0.02198945565401406,7.796187837280204,0.9887736474994359,0.9934037916830856,0.99548352547716,0.031122048237106313,0.009731590865551079,0.12370524627095075,0.04963526439310902,0.06457541902653308,0.005649298694225954,0.029115480662052606,0.012644692589490284,6.432783353040694,0.9900930575623162,0.9935511412433945,0.995585407173145,0.007571810856461525,0.058920351788401604,0.0177852064371109,ok,
759xd9YjKW5,99fcb9869e0b4a7a9f825d70d6f67efc,99fcb9869e0b4a7a9f825d70d6f67efc_i2_4,2,4,/mnt/priorbimda-data/PriorBIMDA-Datasets/Matterport3D/v1/scans/759xd9YjKW5/undistorted_color_images/99fcb9869e0b4a7a9f825d70d6f67efc_i2_4.jpg,/mnt/priorbimda-data/PriorBIMDA-Datasets/Matterport3D/v1/scans/759xd9YjKW5/undistorted_depth_images/99fcb9869e0b4a7a9f825d70d6f67efc_d2_4.png,1024,1280,406,504,1.4165615917841592,1214886,0.9268844604492188,0.20654700696468353,5.252810001373291,1.6675399541854858,True,204624,1.0,True,,1.0,204624,1.0526065826416016,0.05126954761511965,1.0234767039723165,0.028064182895824172,log-depth Laplacian fallback,,,,0.029547817066255536,0.0026196021925826503,0.05635115489855416,0.04179963547626612,0.04465189860810555,-0.026518000082850633,0.029926989637338603,0.012997126459471958,3.5924750812141646,0.9983463469000383,0.9988262273168017,0.9994773172133024,0.03291190565143468,0.003225450622395399,0.06723723916603438,0.05197900972500716,0.04362598792322594,0.02475154767427634,0.03208807655627477,0.013935674583279226,3.592475066031051,0.9983356463075548,0.9986681877970444,0.9992616591186334,0.03291190565143468,0.003225450622395399,0.06723723916603438,0.05197900972500716,0.04362598792322594,0.02475154767427634,0.03208807655627477,0.013935674583279226,3.592475066031051,0.9983356463075548,0.9986681877970444,0.9992616591186334,0.026479657735127955,0.0026097013565347564,0.05771555269138249,0.03956168274002401,0.04098573671575567,0.008692800013360188,0.02603756498105245,0.011307970793468425,4.005328753124976,0.9983554012475244,0.9987175751469686,0.9992863527935955,0.018956939555571165,0.001851408187326749,0.04549545942376358,0.026583728399526566,0.036077155800460295,-0.0033126198142668876,0.018810141469916226,0.008169140644204136,3.5924750807998826,0.9983710405750005,0.9987620237619003,0.9994057055559122,0.008054452016949654,0.05978847201913595,0.01800154149532318,ok,
759xd9YjKW5,99fcb9869e0b4a7a9f825d70d6f67efc,99fcb9869e0b4a7a9f825d70d6f67efc_i2_5,2,5,/mnt/priorbimda-data/PriorBIMDA-Datasets/Matterport3D/v1/scans/759xd9YjKW5/undistorted_color_images/99fcb9869e0b4a7a9f825d70d6f67efc_i2_5.jpg,/mnt/priorbimda-data/PriorBIMDA-Datasets/Matterport3D/v1/scans/759xd9YjKW5/undistorted_depth_images/99fcb9869e0b4a7a9f825d70d6f67efc_d2_5.png,1024,1280,406,504,1.4165615917841592,1183273,0.9027656555175781,0.21843799948692322,5.244430065155029,1.6677299737930298,True,204624,1.0,True,,1.0,204624,1.0105533599853516,0.010498061994690628,1.1019771854258695,0.08660794564138835,log-depth Laplacian fallback,,,,0.0949495959358939,0.013689167993151714,0.14233916878225303,0.1309856724562186,0.10451949131832622,-0.0980623836775065,0.10003971959597714,0.043446698191681475,3.6167567970865484,0.9956417496216005,0.9985100648793642,1.0,0.08562061820380558,0.0113896231219613,0.13022772082234713,0.11823701217331566,0.09473966131791485,-0.08756432176859316,0.08976285228596136,0.03898351142768971,3.616756806642511,0.9956366789405319,0.9985438694198211,1.0,0.08562061820380558,0.0113896231219613,0.13022772082234713,0.11823701217331566,0.09473966131791485,-0.08756432176859316,0.08976285228596136,0.03898351142768971,3.616756806642511,0.9956366789405319,0.9985438694198211,1.0,0.10142982800076891,0.016768412618667922,0.15903424230239704,0.1407765988607245,0.11614021997733201,-0.10599167036099512,0.10772340750438392,0.04678368145096927,4.74796431164896,0.9748942129162078,0.9983782271715825,0.9999864781838173,0.017636696425445148,0.001913485298513487,0.05547062120816752,0.02535149289341825,0.03618020941203124,-0.0009563364137576206,0.017668393970021266,0.007673286005272934,3.616756798240871,0.9936979885453314,0.9994194070176535,1.0,0.010795262642204762,0.06024352088570595,0.017702911980450153,ok,
759xd9YjKW5,9c2919ad974d472fa4f97c01005666f0,9c2919ad974d472fa4f97c01005666f0_i0_1,0,1,/mnt/priorbimda-data/PriorBIMDA-Datasets/Matterport3D/v1/scans/759xd9YjKW5/undistorted_color_images/9c2919ad974d472fa4f97c01005666f0_i0_1.jpg,/mnt/priorbimda-data/PriorBIMDA-Datasets/Matterport3D/v1/scans/759xd9YjKW5/undistorted_depth_images/9c2919ad974d472fa4f97c01005666f0_d0_1.png,1024,1280,406,504,1.4155678118069965,1236729,0.9435493469238281,-7.358270168304443,-11.598199844360352,1.5675100088119507,True,80464,0.39322855579013216,True,,1.0,80464,1.028850793838501,0.028442445209467697,1.2270201934204543,0.1761461779392651,log-depth Laplacian fallback,,,,0.1803183332280809,0.06295138764830326,0.36794774830481963,0.34461409364262324,0.2077403454804235,-0.199738451596369,0.20025880534358045,0.0869712941132544,5.710168206113262,0.6491009752338629,0.9949309832631078,0.9997841079169325,0.15674253349113595,0.04789200808995474,0.3178163478815704,0.2967139633341567,0.18056279758655783,-0.17129600632284864,0.17188801115604496,0.07465001475039491,5.710168202537346,0.846140100215973,0.9983149097336603,0.9998649663750102,0.15674253349113595,0.04789200808995474,0.3178163478815704,0.2967139633341567,0.18056279758655783,-0.17129600632284864,0.17188801115604496,0.07465001475039491,5.710168202537346,0.846140100215973,0.9983149097336603,0.9998649663750102,0.16363050207044322,0.052429448981995794,0.33462730337164204,0.3096505495795511,0.19110667540678986,-0.17994895567432148,0.18056266074240945,0.07841736719819738,6.434387878234589,0.7895359452232461,0.9985113957867892,0.9998576891137833,0.042736431570937414,0.006678777339638082,0.12859064058303163,0.08708929932518476,0.05730729336338569,0.0048501316648249665,0.04247151857492222,0.01844514615514018,5.710168207216852,0.9923556413733324,0.9990256555801634,0.9999644222784458,0.008658778853714466,0.06738442275673151,0.017720035277307034,ok,
759xd9YjKW5,9c2919ad974d472fa4f97c01005666f0,9c2919ad974d472fa4f97c01005666f0_i0_2,0,2,/mnt/priorbimda-data/PriorBIMDA-Datasets/Matterport3D/v1/scans/759xd9YjKW5/undistorted_color_images/9c2919ad974d472fa4f97c01005666f0_i0_2.jpg,/mnt/priorbimda-data/PriorBIMDA-Datasets/Matterport3D/v1/scans/759xd9YjKW5/undistorted_depth_images/9c2919ad974d472fa4f97c01005666f0_d0_2.png,1024,1280,406,504,1.4155678118069965,1249954,0.9536392211914062,-7.370419979095459,-11.590200424194336,1.5676900148391724,True,197386,0.9646278051450465,True,,1.0,197386,1.1309374570846558,0.12304689682922539,1.2385673121209266,0.09090842135527073,log-depth Laplacian fallback,,,,0.1947613454444134,0.0522475465785,0.26410764931783715,0.2609800166715681,0.23645379223482774,-0.21959110390561926,0.2202497763269265,0.09565326249920963,8.769346011957001,0.528565051193884,1.0,1.0,0.09691744079611776,0.015581742940653337,0.1338807981652141,0.11586419009585473,0.1304259438458819,-0.096544206903797,0.10464391281371264,0.04544627389976042,8.769346008344051,0.9253772538829429,1.0,1.0,0.09691744079611776,0.015581742940653337,0.1338807981652141,0.11586419009585473,0.1304259438458819,-0.096544206903797,0.10464391281371264,0.04544627389976042,8.769346008344051,0.9253772538829429,1.0,1.0,0.09988507132584122,0.017154319341925843,0.14604285620580265,0.12569049716684938,0.1355303559986841,-0.10617326703787096,0.10839558144297966,0.04707560288338059,8.423606569418464,0.848264016115793,1.0,1.0,0.07529227808646233,0.011776641000696288,0.14387920621426903,0.11375661970212401,0.08787436862602759,-0.005635753286915171,0.07564948582823243,0.03285415425401961,8.769346011141312,0.9972238978394405,1.0,1.0,0.009289861656725407,0.05919056013226509,0.017692319117486477,ok,
759xd9YjKW5,9c2919ad974d472fa4f97c01005666f0,9c2919ad974d472fa4f97c01005666f0_i0_3,0,3,/mnt/priorbimda-data/PriorBIMDA-Datasets/Matterport3D/v1/scans/759xd9YjKW5/undistorted_color_images/9c2919ad974d472fa4f97c01005666f0_i0_3.jpg,/mnt/priorbimda-data/PriorBIMDA-Datasets/Matterport3D/v1/scans/759xd9YjKW5/undistorted_depth_images/9c2919ad974d472fa4f97c01005666f0_d0_3.png,1024,1280,406,504,1.4155678118069965,1241990,0.9475631713867188,-7.369579792022705,-11.575699806213379,1.567710041999817,True,189433,0.925761396512628,True,,1.0,189433,1.1123170852661133,0.10644530380185499,1.2675119635013012,0.13061059129660607,log-depth Laplacian fallback,,,,0.20972399707854944,0.060975568849640914,0.28062455027099886,0.273328507794425,0.2621688128906279,-0.2405419802152772,0.24060580929823114,0.10449377529208792,10.426908557474857,0.4502282627074292,0.990557894991103,0.9953075306564465,0.12247666790514047,0.025185827418023412,0.17180176781992507,0.1467367283873163,0.1698645367232433,-0.13409667642284606,0.13564044835942088,0.05890789824537942,10.426908558412025,0.8103157030249841,0.9925691833267578,0.9985796987093294,0.12247666790514047,0.025185827418023412,0.17180176781992507,0.1467367283873163,0.1698645367232433,-0.13409667642284606,0.13564044835942088,0.05890789824537942,10.426908558412025,0.8103157030249841,0.9925691833267578,0.9985796987093294,0.1298394428492355,0.02761824752723241,0.18386529094712342,0.1629493483104441,0.17764281037344473,-0.14382483781394884,0.14416704505120953,0.06261095213803776,10.42659297429748,0.7342498731873848,0.9925691833267578,0.9985796987093294,0.08047427944099649,0.014850451134828878,0.15750255402136099,0.11918485874730374,0.10432734535078497,-0.0034860848568819395,0.08150279091675723,0.03539621235486213,10.426908554462619,0.9903598257634925,0.9983051393328448,0.9985885554634095,0.010506385937333107,0.058569155633449554,0.017693226225674152,ok,
759xd9YjKW5,9c2919ad974d472fa4f97c01005666f0,9c2919ad974d472fa4f97c01005666f0_i0_4,0,4,/mnt/priorbimda-data/PriorBIMDA-Datasets/Matterport3D/v1/scans/759xd9YjKW5/undistorted_color_images/9c2919ad974d472fa4f97c01005666f0_i0_4.jpg,/mnt/priorbimda-data/PriorBIMDA-Datasets/Matterport3D/v1/scans/759xd9YjKW5/undistorted_depth_images/9c2919ad974d472fa4f97c01005666f0_d0_4.png,1024,1280,406,504,1.4155678118069965,1238661,0.9450233459472657,-7.356579780578613,-11.569199562072754,1.5675400495529175,True,59344,0.29001485651731956,True,,1.0,59344,0.9861202239990234,-0.013977000778993567,1.371165483503976,0.32963809684977663,log-depth Laplacian fallback,,,,0.2705324513756048,0.14341536549676803,0.5759371941585908,0.5377616985969887,0.3229858772570353,-0.3169952758628279,0.31726095806346954,0.1377846834103039,6.1918268613926415,0.017259766796565,0.9924442603747111,0.9999959633830402,0.2806046994645868,0.15457021057618356,0.5990517786012788,0.5589126798430164,0.33671430021005877,-0.330972276735732,0.3311849818743868,0.1438318101172748,6.19182686960449,0.01375033201174494,0.980710622196065,0.9999951560596483,0.2806046994645868,0.15457021057618356,0.5990517786012788,0.5589126798430164,0.33671430021005877,-0.330972276735732,0.3311849818743868,0.1438318101172748,6.19182686960449,0.01375033201174494,0.980710622196065,0.9999951560596483,0.2776757851013295,0.1550727900614284,0.6092421630879524,0.5614190847694887,0.3307263917110584,-0.3264947927049518,0.32662795938174993,0.14185272039481345,5.273610253675352,0.01169327200904848,0.9922811810495366,0.9999765876216333,0.04716012215752962,0.007433800519587759,0.13107458128224478,0.09602095561748557,0.06193264053797458,-0.0013341575403042528,0.04709685814863341,0.020453905608931705,6.191826861002834,0.994167088493139,0.9997578029824141,1.0,0.009183701127767563,0.06090366654098034,0.017652559094130993,ok,
759xd9YjKW5,9c2919ad974d472fa4f97c01005666f0,9c2919ad974d472fa4f97c01005666f0_i1_1,1,1,/mnt/priorbimda-data/PriorBIMDA-Datasets/Matterport3D/v1/scans/759xd9YjKW5/undistorted_color_images/9c2919ad974d472fa4f97c01005666f0_i1_1.jpg,/mnt/priorbimda-data/PriorBIMDA-Datasets/Matterport3D/v1/scans/759xd9YjKW5/undistorted_depth_images/9c2919ad974d472fa4f97c01005666f0_d1_1.png,1024,1280,406,504,1.4121168655554452,1230232,0.938592529296875,-7.3571600914001465,-11.587300300598145,1.6007699966430664,True,103695,0.5067587379779498,True,,1.0,103695,0.9832954406738281,-0.016845653966841272,0.9956550054916269,0.012491192537396936,log-depth Laplacian fallback,,,,0.10735689017613384,0.0774560509257342,0.39406452106632744,0.21774355680608393,0.15556507750201432,0.05019715965728959,0.09571693948001322,0.04156933864083729,14.724380632321449,0.9188258799966186,0.9827349638117038,0.9915641927701442,0.10653478938512803,0.07195788742483152,0.38432881607785024,0.22167065363728086,0.15097371116607297,0.03335150579139816,0.09669086789148867,0.04199231037570983,14.724380640523785,0.9251547675560382,0.9835526957516956,0.9923315277118462,0.10653478938512803,0.07195788742483152,0.38432881607785024,0.22167065363728086,0.15097371116607297,0.03335150579139816,0.09669086789148867,0.04199231037570983,14.724380640523785,0.9251547675560382,0.9835526957516956,0.9923315277118462,0.09137111542576855,0.06685591373085717,0.3705577033020618,0.19310082323632,0.14134782513741395,0.033638266525431136,0.08225255520829414,0.03572183084940476,13.728683365946281,0.9286955631132989,0.9838014293238999,0.9926899966835524,0.10673700162412358,0.07585677331409368,0.39082007548076586,0.21697141970750625,0.1542150803504987,0.045842692962579465,0.09556307165243004,0.04150251469237541,14.724380635344033,0.9205401907932813,0.9829845102387192,0.9917844764239591,0.009033586829900742,0.062139393761754036,0.017712880857288837,ok,
759xd9YjKW5,9c2919ad974d472fa4f97c01005666f0,9c2919ad974d472fa4f97c01005666f0_i1_2,1,2,/mnt/priorbimda-data/PriorBIMDA-Datasets/Matterport3D/v1/scans/759xd9YjKW5/undistorted_color_images/9c2919ad974d472fa4f97c01005666f0_i1_2.jpg,/mnt/priorbimda-data/PriorBIMDA-Datasets/Matterport3D/v1/scans/759xd9YjKW5/undistorted_depth_images/9c2919ad974d472fa4f97c01005666f0_d1_2.png,1024,1280,406,504,1.4121168655554452,1242311,0.9478080749511719,-7.3600897789001465,-11.58530044555664,1.6008100509643555,True,204624,1.0,True,,1.0,204624,0.9689966440200806,-0.031494130440938316,1.0095411934628604,0.040990094186846515,log-depth Laplacian fallback,,,,0.03188250541003637,0.02629611288448278,0.27639849949762024,0.0982296542309628,0.07188126631657042,-0.004315941945166473,0.02952443540691862,0.012822299378533757,7.175157902373769,0.9871779288761027,0.992883424520913,0.9964388949304964,0.05383527870883225,0.028681412344253823,0.29985441609094954,0.17317197526949377,0.08019133605540578,-0.0358100724470515,0.05279253845450432,0.02292750813645645,7.1751579004841055,0.9886582345322548,0.9934726489582721,0.9967536309346049,0.05383527870883225,0.028681412344253823,0.29985441609094954,0.17317197526949377,0.08019133605540578,-0.0358100724470515,0.05279253845450432,0.02292750813645645,7.1751579004841055,0.9886582345322548,0.9934726489582721,0.9967536309346049,0.0644253991568354,0.035637846592017214,0.3213086804546195,0.18788351874558842,0.09211742816666636,-0.044936165626219896,0.0636971156048705,0.027663305820348764,8.041369031983217,0.9880529110665526,0.9929156225775994,0.9962875640640709,0.030223309083811517,0.026830429926615225,0.2776288793392442,0.0908031345457873,0.07193831603260409,0.005179982620405788,0.027573369588542125,0.011974962259782788,7.175157903251408,0.9864719864832558,0.9927087500633899,0.9963447156146891,0.007876608520746231,0.059312195517122746,0.017779347486793995,ok,
759xd9YjKW5,9c2919ad974d472fa4f97c01005666f0,9c2919ad974d472fa4f97c01005666f0_i1_3,1,3,/mnt/priorbimda-data/PriorBIMDA-Datasets/Matterport3D/v1/scans/759xd9YjKW5/undistorted_color_images/9c2919ad974d472fa4f97c01005666f0_i1_3.jpg,/mnt/priorbimda-data/PriorBIMDA-Datasets/Matterport3D/v1/scans/759xd9YjKW5/undistorted_depth_images/9c2919ad974d472fa4f97c01005666f0_d1_3.png,1024,1280,406,504,1.4121168655554452,1302542,0.9937606811523437,-7.359879970550537,-11.581899642944336,1.6008199453353882,True,204624,1.0,True,,1.0,204624,0.9437808394432068,-0.057861301397086486,0.9877889469977938,0.045575080944590445,log-depth Laplacian fallback,,,,0.04544475335546461,0.016807280243895006,0.21051836783400935,0.10918144076196228,0.07049746823663533,0.018997747093911357,0.04353482872760931,0.0189069358870039,6.7889458925014186,0.9928232640482993,0.9963202722061937,0.9979731939545903,0.057724734004713715,0.021983160319669178,0.28151436388983336,0.1808658823943646,0.07822630304820352,-0.03886355431356299,0.05858010443496381,0.025441016105420995,6.788945893661339,0.9878376282684167,0.9966503959181354,0.998575093931712,0.057724734004713715,0.021983160319669178,0.28151436388983336,0.1808658823943646,0.07822630304820352,-0.03886355431356299,0.05858010443496381,0.025441016105420995,6.788945893661339,0.9878376282684167,0.9966503959181354,0.998575093931712,0.05175035397759584,0.01963829420697114,0.24555828319729497,0.15061628342102024,0.07474950214482322,-0.04186987114687894,0.05232390593864161,0.022723983620776836,6.192254808260627,0.9893861387962922,0.9964500185022824,0.9980714633386102,0.04333909733917477,0.016439831406216885,0.2166407224297029,0.11415768170779905,0.06822040463094331,0.006711555239512181,0.04197159701984641,0.018228032982386264,6.7889458933450095,0.9926820018087709,0.9963732455460169,0.9981505394835637,0.008700699545443058,0.058402893133461475,0.017712350003421307,ok,
759xd9YjKW5,9c2919ad974d472fa4f97c01005666f0,9c2919ad974d472fa4f97c01005666f0_i1_4,1,4,/mnt/priorbimda-data/PriorBIMDA-Datasets/Matterport3D/v1/scans/759xd9YjKW5/undistorted_color_images/9c2919ad974d472fa4f97c01005666f0_i1_4.jpg,/mnt/priorbimda-data/PriorBIMDA-Datasets/Matterport3D/v1/scans/759xd9YjKW5/undistorted_depth_images/9c2919ad974d472fa4f97c01005666f0_d1_4.png,1024,1280,406,504,1.4121168655554452,1120290,0.8547134399414062,-7.356760025024414,-11.580300331115723,1.6007800102233887,True,123943,0.6057109625459379,True,,1.0,123943,0.9474746584892273,-0.05395508804103473,1.096130303382236,0.1457411594473045,log-depth Laplacian fallback,,,,0.10334937773405645,0.08884844440691433,0.433607762161641,0.21491123787116836,0.14807924691908864,-0.07539326570133148,0.10294175107878442,0.04470703445097421,12.744927953901058,0.9826393166055218,0.9932838818520204,0.9947701041694561,0.14119144045198098,0.09991447567580727,0.4998342582203475,0.33346610701713336,0.1815883132478505,-0.1293483539140857,0.14729306292021332,0.06396856444887711,12.74492795111683,0.8061376964893019,0.9934150978764427,0.9951289398280803,0.14119144045198098,0.09991447567580727,0.4998342582203475,0.33346610701713336,0.1815883132478505,-0.1293483539140857,0.14729306292021332,0.06396856444887711,12.74492795111683,0.8061376964893019,0.9934150978764427,0.9951289398280803,0.14306748083771795,0.10174462439203814,0.4801275411052148,0.3134550090931775,0.18748628842088405,-0.13010215402843128,0.15007936663579208,0.06517864077745945,13.499828837063552,0.761186835551509,0.993299949120317,0.9952306991939587,0.09005867560853593,0.11150923694783549,0.5284498367000433,0.27026073432534575,0.12849918831057838,0.016392758696576935,0.08121763794095979,0.035272371990975014,12.744927955384167,0.9804122146944095,0.9919065599085951,0.9943987717466013,0.010001709684729576,0.05776075925678015,0.01787534449249506,ok,
759xd9YjKW5,9c2919ad974d472fa4f97c01005666f0,9c2919ad974d472fa4f97c01005666f0_i2_1,2,1,/mnt/priorbimda-data/PriorBIMDA-Datasets/Matterport3D/v1/scans/759xd9YjKW5/undistorted_color_images/9c2919ad974d472fa4f97c01005666f0_i2_1.jpg,/mnt/priorbimda-data/PriorBIMDA-Datasets/Matterport3D/v1/scans/759xd9YjKW5/undistorted_depth_images/9c2919ad974d472fa4f97c01005666f0_d2_1.png,1024,1280,406,504,1.4165615917841592,1237838,0.9443954467773438,-7.357339859008789,-11.598400115966797,1.6339999437332153,True,100715,0.4921954413949488,True,,1.0,100715,1.055694818496704,0.05419914588050873,1.142603640904422,0.0791104079309731,log-depth Laplacian fallback,,,,0.12498627698801572,0.04172109320548188,0.29368618624873805,0.2549600615062202,0.14523405585384902,-0.10315509787618371,0.13054242297252638,0.056693853951248485,10.223481188868053,0.9760679507334562,0.9958621402800689,0.9985951311884108,0.0919173491611281,0.02931458935133755,0.23515667575585927,0.17962832450059668,0.11335185033391171,-0.0489559519207966,0.09161861958296218,0.03978946092447368,10.223481180913952,0.9690856154036311,0.9942044112395968,0.9979771181689365,0.0919173491611281,0.02931458935133755,0.23515667575585927,0.17962832450059668,0.11335185033391171,-0.0489559519207966,0.09161861958296218,0.03978946092447368,10.223481180913952,0.9690856154036311,0.9942044112395968,0.9979771181689365,0.08986677453787863,0.031283236427810265,0.24459464186245036,0.1799567377099117,0.11781239990430405,-0.04229555327309196,0.08951700379284826,0.03887674078374644,10.995839096919664,0.9651707250868046,0.9942755029333402,0.9980506334431485,0.06285216402762486,0.031489933654113414,0.23831585606747957,0.11942577451286607,0.10658915375668092,0.03015445146260457,0.05673491742916312,0.024639661570722168,10.223481185758006,0.9528322769215358,0.9890801542689754,0.997473013431483,0.009079007431864738,0.06114712171256542,0.01774175651371479,ok,
759xd9YjKW5,9c2919ad974d472fa4f97c01005666f0,9c2919ad974d472fa4f97c01005666f0_i2_2,2,2,/mnt/priorbimda-data/PriorBIMDA-Datasets/Matterport3D/v1/scans/759xd9YjKW5/undistorted_color_images/9c2919ad974d472fa4f97c01005666f0_i2_2.jpg,/mnt/priorbimda-data/PriorBIMDA-Datasets/Matterport3D/v1/scans/759xd9YjKW5/undistorted_depth_images/9c2919ad974d472fa4f97c01005666f0_d2_2.png,1024,1280,406,504,1.4165615917841592,1257867,0.9596763610839844,-7.369500160217285,-11.590399742126465,1.6341899633407593,True,204624,1.0,True,,1.0,204624,0.9980564117431641,-0.0019454794753894162,0.9995446576456734,0.0014900334212524734,log-depth Laplacian fallback,,,,0.032074184423131,0.0086955683947983,0.13270186532899056,0.06847393896254513,0.05761404031101315,0.006610325999593907,0.03069804484544955,0.013331991481597307,5.723356734590411,0.9842686070943908,0.996845453454141,1.0,0.03203595304032472,0.008590935316438331,0.13169733111449936,0.0679886437804966,0.057423357773235054,0.004664846525790869,0.030722161124454445,0.013342465048493173,5.7233567290915675,0.984475306212819,0.9969098481794975,1.0,0.03203595304032472,0.008590935316438331,0.13169733111449936,0.0679886437804966,0.057423357773235054,0.004664846525790869,0.030722161124454445,0.013342465048493173,5.7233567290915675,0.984475306212819,0.9969098481794975,1.0,0.0347949308613006,0.009135392076408478,0.1386156886082262,0.07635165981279785,0.059359138906240255,0.0051603705756459025,0.03366715641252068,0.014621460251331422,5.913440578218684,0.9852170380493327,0.9975378955008757,0.9997670659934635,0.03205700008740006,0.008669521914138419,0.1324535991705316,0.06834230716710603,0.05756356533022843,0.006154902452909119,0.030695463736633455,0.013330870520281292,5.7233567330043735,0.9843194868773885,0.9968661233659838,1.0,0.008527434431016445,0.05991129670292139,0.017661336809396744,ok,
759xd9YjKW5,9c2919ad974d472fa4f97c01005666f0,9c2919ad974d472fa4f97c01005666f0_i2_3,2,3,/mnt/priorbimda-data/PriorBIMDA-Datasets/Matterport3D/v1/scans/759xd9YjKW5/undistorted_color_images/9c2919ad974d472fa4f97c01005666f0_i2_3.jpg,/mnt/priorbimda-data/PriorBIMDA-Datasets/Matterport3D/v1/scans/759xd9YjKW5/undistorted_depth_images/9c2919ad974d472fa4f97c01005666f0_d2_3.png,1024,1280,406,504,1.4165615917841592,1255073,0.9575447082519531,-7.368649959564209,-11.575799942016602,1.6341999769210815,True,200100,0.9778911564625851,True,,1.0,200100,1.0033472776412964,0.003341687977457146,1.0646025081838664,0.059259809763387204,log-depth Laplacian fallback,,,,0.06287926604993706,0.012409210777376134,0.16423688411067275,0.1315236192672672,0.07317864088966368,-0.058270024730495994,0.0642987246527375,0.027924581310100473,4.426869887816606,0.9959532234379992,0.9982638460073637,0.9992566169457873,0.059941830596505964,0.011738576662331487,0.15962547841588612,0.1252172262033657,0.07054672117536638,-0.05492833671370771,0.061156079385561446,0.026559747811986525,4.4268698811467635,0.9958910756585474,0.9982550815769282,0.9992438686833356,0.059941830596505964,0.011738576662331487,0.15962547841588612,0.1252172262033657,0.07054672117536638,-0.05492833671370771,0.061156079385561446,0.026559747811986525,4.4268698811467635,0.9958910756585474,0.9982550815769282,0.9992438686833356,0.06141545497044729,0.01283782855168485,0.16244040934539425,0.12120362342838141,0.07604701762678387,-0.05691538266012815,0.06294724082141295,0.02733763933977476,5.043598027776957,0.994154921665911,0.9982200238551862,0.9991880950351095,0.020167750990158044,0.0070405813801948025,0.12431373164817396,0.042922252975166365,0.044480099411048545,0.00433145992088208,0.019236286249071026,0.008354212970282947,4.426869885789002,0.9942895751880568,0.9979977260286852,0.9989490651141407,0.008810433559119701,0.05869979690760374,0.017703787423670292,ok,
759xd9YjKW5,9c2919ad974d472fa4f97c01005666f0,9c2919ad974d472fa4f97c01005666f0_i2_4,2,4,/mnt/priorbimda-data/PriorBIMDA-Datasets/Matterport3D/v1/scans/759xd9YjKW5/undistorted_color_images/9c2919ad974d472fa4f97c01005666f0_i2_4.jpg,/mnt/priorbimda-data/PriorBIMDA-Datasets/Matterport3D/v1/scans/759xd9YjKW5/undistorted_depth_images/9c2919ad974d472fa4f97c01005666f0_d2_4.png,1024,1280,406,504,1.4165615917841592,1241318,0.9470504760742188,-7.355649948120117,-11.569299697875977,1.6340299844741821,True,74806,0.3655778403315349,True,,1.0,74806,0.9493270516395569,-0.05200191209298644,1.0420631181571292,0.093204427636777,log-depth Laplacian fallback,,,,0.04491927580918005,0.008142153466375162,0.12883445852049075,0.09042643909659598,0.0589598392711826,-0.0350240347899539,0.045104633533972906,0.019588693452072804,4.74297336479532,0.9918046785755141,0.9982309126267402,0.9995923687564346,0.09007104172439244,0.019462331019877294,0.2069432929889409,0.1878483910782363,0.09911152852178963,-0.08702594700374558,0.09376280216265886,0.040720667587029025,4.742973364912338,0.9942512716322489,0.9988971399754132,0.9997937675921883,0.09007104172439244,0.019462331019877294,0.2069432929889409,0.1878483910782363,0.09911152852178963,-0.08702594700374558,0.09376280216265886,0.040720667587029025,4.742973364912338,0.9942512716322489,0.9988971399754132,0.9997937675921883,0.08366398500421784,0.01666477158447217,0.18630489294502883,0.16833022353885227,0.0929984281716905,-0.08078305490680866,0.08685693316674707,0.03772148678935781,4.607391542216285,0.9949029982647476,0.998997033797947,0.9997035409137707,0.023941384717451317,0.006533802747062681,0.11550726499433497,0.04891133013565681,0.04783046359907144,0.006178479702273476,0.022838037394494158,0.00991843361792893,4.74297336769952,0.9894539513645979,0.9979320367544819,0.9994103042089134,0.008675781078636646,0.059949154034256935,0.017697117291390896,ok,
759xd9YjKW5,aaef0e13feb84a9a8cb567429c9fb8d7,aaef0e13feb84a9a8cb567429c9fb8d7_i0_0,0,0,/mnt/priorbimda-data/PriorBIMDA-Datasets/Matterport3D/v1/scans/759xd9YjKW5/undistorted_color_images/aaef0e13feb84a9a8cb567429c9fb8d7_i0_0.jpg,/mnt/priorbimda-data/PriorBIMDA-Datasets/Matterport3D/v1/scans/759xd9YjKW5/undistorted_depth_images/aaef0e13feb84a9a8cb567429c9fb8d7_d0_0.png,1024,1280,406,504,1.4155678118069965,1247693,0.9519142150878906,-4.356090068817139,1.0246700048446655,1.61149001121521,True,204624,1.0,True,,1.0,204624,1.0828428268432617,0.07958982991828024,1.09029437633059,0.006857899888490962,log-depth Laplacian fallback,,,,0.08784846305506566,0.014237665811163695,0.154155621261553,0.14706253225747218,0.10195335658373575,-0.0925779487267132,0.09282437352962092,0.0403131132100407,4.270609240195636,0.9999382861008277,1.0,1.0,0.03387277631028661,0.0029455267728219323,0.07108126989889081,0.05695335776325562,0.04463744562464582,-0.012988118838213717,0.034429544374339476,0.014952561136218782,4.270609231640903,0.9999983970415799,1.0,1.0,0.03387277631028661,0.0029455267728219323,0.07108126989889081,0.05695335776325562,0.04463744562464582,-0.012988118838213717,0.034429544374339476,0.014952561136218782,4.270609231640903,0.9999983970415799,1.0,1.0,0.021405870723524213,0.0014346962394881592,0.05280725373540335,0.03828982592874728,0.02941056784069519,-0.00958717154519428,0.021681088392044922,0.00941597705032177,2.7804093987669356,0.9999903822494797,1.0,1.0,0.03366190252439877,0.002972205338992497,0.07394487808227257,0.058753863343760704,0.043143830203401734,-0.006130232895923026,0.03398758590149089,0.014760621010230256,4.270609241386647,0.9999927866871098,1.0,1.0,0.0076438020914793015,0.05924845766276121,0.01770931016653776,ok,
759xd9YjKW5,aaef0e13feb84a9a8cb567429c9fb8d7,aaef0e13feb84a9a8cb567429c9fb8d7_i0_1,0,1,/mnt/priorbimda-data/PriorBIMDA-Datasets/Matterport3D/v1/scans/759xd9YjKW5/undistorted_color_images/aaef0e13feb84a9a8cb567429c9fb8d7_i0_1.jpg,/mnt/priorbimda-data/PriorBIMDA-Datasets/Matterport3D/v1/scans/759xd9YjKW5/undistorted_depth_images/aaef0e13feb84a9a8cb567429c9fb8d7_d0_1.png,1024,1280,406,504,1.4155678118069965,1247629,0.9518653869628906,-4.370619773864746,1.0250699520111084,1.610859990119934,True,204624,1.0,True,,1.0,204624,1.0274701118469238,0.027099578738343823,1.0284372365010417,0.0009408252042415154,log-depth Laplacian fallback,,,,0.060949869111094415,0.008973122755735417,0.11992090670641195,0.09905093820878128,0.08314258528872252,-0.04119546568387089,0.06368440103213842,0.027657783951571455,7.22192709432982,0.9970488021679522,1.0,1.0,0.056903853219364156,0.008591739388827138,0.12856171063608157,0.1019236875810152,0.07358204355698844,-0.01409588682927845,0.05806281988880196,0.02521636228144908,7.221927103286712,0.9984562718564574,1.0,1.0,0.056903853219364156,0.008591739388827138,0.12856171063608157,0.1019236875810152,0.07358204355698844,-0.01409588682927845,0.05806281988880196,0.02521636228144908,7.221927103286712,0.9984562718564574,1.0,1.0,0.029623362990665283,0.002699558312416468,0.06575922582452308,0.04602014176822689,0.044768800685070755,-0.017799135974154875,0.030415357371761938,0.013209221871671598,4.10784161495199,0.9984947448319973,1.0,1.0,0.05694989777374018,0.00862707929302798,0.1292415597616746,0.102372710548375,0.07340761695612016,-0.013155042017315226,0.058055306285521587,0.02521309916500519,7.2219270951035845,0.9984522642548386,1.0,1.0,0.008473478257656097,0.05760587565600872,0.017696264199912548,ok,
759xd9YjKW5,aaef0e13feb84a9a8cb567429c9fb8d7,aaef0e13feb84a9a8cb567429c9fb8d7_i0_2,0,2,/mnt/priorbimda-data/PriorBIMDA-Datasets/Matterport3D/v1/scans/759xd9YjKW5/undistorted_color_images/aaef0e13feb84a9a8cb567429c9fb8d7_i0_2.jpg,/mnt/priorbimda-data/PriorBIMDA-Datasets/Matterport3D/v1/scans/759xd9YjKW5/undistorted_depth_images/aaef0e13feb84a9a8cb567429c9fb8d7_d0_2.png,1024,1280,406,504,1.4155678118069965,1249076,0.9529693603515625,-4.377530097961426,1.0378700494766235,1.6103700399398804,True,204624,1.0,True,,1.0,204624,1.1532431840896606,0.1425781332624427,1.294136172214165,0.11526529082996392,log-depth Laplacian fallback,,,,0.23438350416141956,0.11319142074361321,0.5017456072794694,0.4523882302474289,0.2743158959689422,-0.26822020217008663,0.26855768002407754,0.11663311850719614,5.750768582616899,0.10990604254665048,0.9877349336629636,0.9999943958574178,0.11789969742749912,0.03503327692808793,0.2922667803211501,0.23537809201614737,0.13817765161156886,-0.1256420689013651,0.12677503037998752,0.05505769613714571,5.750768580870498,0.9253680320492909,0.9999783840214687,1.0,0.11789969742749912,0.03503327692808793,0.2922667803211501,0.23537809201614737,0.13817765161156886,-0.1256420689013651,0.12677503037998752,0.05505769613714571,5.750768580870498,0.9253680320492909,0.9999783840214687,1.0,0.09001669299443756,0.04187240161403705,0.34384978710430203,0.20670328023955203,0.14390363801500067,-0.09696575629778544,0.09935963876838416,0.04315134284100963,10.632920172535307,0.8633613967444735,0.9999479615331653,0.9999983988164051,0.034615279412147495,0.00830278921341274,0.1518823007905712,0.07869949995981045,0.05843638885223802,-0.010376782467934798,0.03554382466485511,0.015436486917683276,5.750768581418599,0.9980337465454464,0.9998190662537748,1.0,0.007684268057346344,0.05823397450149059,0.017755234614014626,ok,
759xd9YjKW5,aaef0e13feb84a9a8cb567429c9fb8d7,aaef0e13feb84a9a8cb567429c9fb8d7_i0_3,0,3,/mnt/priorbimda-data/PriorBIMDA-Datasets/Matterport3D/v1/scans/759xd9YjKW5/undistorted_color_images/aaef0e13feb84a9a8cb567429c9fb8d7_i0_3.jpg,/mnt/priorbimda-data/PriorBIMDA-Datasets/Matterport3D/v1/scans/759xd9YjKW5/undistorted_depth_images/aaef0e13feb84a9a8cb567429c9fb8d7_d0_3.png,1024,1280,406,504,1.4155678118069965,1248237,0.9523292541503906,-4.369909763336182,1.0502599477767944,1.6105300188064575,True,204624,1.0,True,,1.0,204624,0.9257524609565735,-0.07714840085376475,0.9030597622419391,0.02481814501655033,log-depth Laplacian fallback,,,,0.10554333279114768,0.023262476697853005,0.21502023221521382,0.19925613794055808,0.10480694805501706,0.0998248496528788,0.0998248496528788,0.04335338136106703,3.1929543566847083,0.9978529718314711,1.0,1.0,0.03215257291909044,0.0028959377575962304,0.07374212870858272,0.05856281481236692,0.03916270014898428,0.022676448795452893,0.03151250404011705,0.013685706615576774,3.1929543576231336,0.9992677672589421,1.0,1.0,0.03215257291909044,0.0028959377575962304,0.07374212870858272,0.05856281481236692,0.03916270014898428,0.022676448795452893,0.03151250404011705,0.013685706615576774,3.1929543576231336,0.9992677672589421,1.0,1.0,0.028747884716956117,0.0022052748516980174,0.0643728470838225,0.05236269737248304,0.033940170784511704,0.02726828295575964,0.028164040701575386,0.012231487464792789,2.020831357452794,0.9991700294094791,1.0,1.0,0.024971777300104945,0.00172969166828296,0.05591904697047598,0.04493297414957136,0.032001289511458045,-0.002141675922961814,0.02501583567265157,0.010864239392831104,3.1929543602080503,0.9993606983289232,1.0,1.0,0.008152315393090248,0.05843350198119879,0.01770673505961895,ok,
759xd9YjKW5,aaef0e13feb84a9a8cb567429c9fb8d7,aaef0e13feb84a9a8cb567429c9fb8d7_i0_4,0,4,/mnt/priorbimda-data/PriorBIMDA-Datasets/Matterport3D/v1/scans/759xd9YjKW5/undistorted_color_images/aaef0e13feb84a9a8cb567429c9fb8d7_i0_4.jpg,/mnt/priorbimda-data/PriorBIMDA-Datasets/Matterport3D/v1/scans/759xd9YjKW5/undistorted_depth_images/aaef0e13feb84a9a8cb567429c9fb8d7_d0_4.png,1024,1280,406,504,1.4155678118069965,1250950,0.9543991088867188,-4.355380058288574,1.0498600006103516,1.6111700534820557,True,204624,1.0,True,,1.0,204624,1.0234644412994385,0.023193383258170924,1.011035315985237,0.012218512093795987,log-depth Laplacian fallback,,,,0.04290424117686434,0.004696764240142825,0.09392098112800717,0.07593102813924864,0.05423037074068735,-0.012413957435916737,0.04351741251840336,0.018899372123450064,5.27904041607151,0.9993253127623006,1.0,1.0,0.04419235765129592,0.006074687306289928,0.11663491903680069,0.0879916276606902,0.05387970669615912,0.010779425806633164,0.043810553040397215,0.019026681434574234,5.2790404174844365,0.9988864463008114,1.0,1.0,0.04419235765129592,0.006074687306289928,0.11663491903680069,0.0879916276606902,0.05387970669615912,0.010779425806633164,0.043810553040397215,0.019026681434574234,5.2790404174844365,0.9988864463008114,1.0,1.0,0.024639556583868728,0.0018535810304000887,0.06328111037375697,0.048387188740669336,0.029303780180333947,0.0177531493369389,0.024289116559440615,0.01054862929206996,2.3313884735875283,0.9995259602701947,1.0,1.0,0.04254596698289004,0.0050894506554640005,0.1027038321817578,0.0799664928680692,0.0528100153531237,-0.0014390791851358637,0.04269179622896105,0.018540811524775856,5.2790404172501555,0.9990751029217795,1.0,1.0,0.0078069111332297325,0.05762816313654184,0.017664384096860886,ok,
759xd9YjKW5,aaef0e13feb84a9a8cb567429c9fb8d7,aaef0e13feb84a9a8cb567429c9fb8d7_i0_5,0,5,/mnt/priorbimda-data/PriorBIMDA-Datasets/Matterport3D/v1/scans/759xd9YjKW5/undistorted_color_images/aaef0e13feb84a9a8cb567429c9fb8d7_i0_5.jpg,/mnt/priorbimda-data/PriorBIMDA-Datasets/Matterport3D/v1/scans/759xd9YjKW5/undistorted_depth_images/aaef0e13feb84a9a8cb567429c9fb8d7_d0_5.png,1024,1280,406,504,1.4155678118069965,1251314,0.9546768188476562,-4.348470211029053,1.037060022354126,1.611649990081787,True,204624,1.0,True,,1.0,204624,1.2074087858200073,0.18847656399774865,1.2428041072520375,0.028893639371039642,log-depth Laplacian fallback,,,,0.1945912330689976,0.06418767966817573,0.3318567510166286,0.32802668569272253,0.2255603855857976,-0.21780356248644606,0.21806491556104274,0.0947043895248594,5.864380371212706,0.5437196419124216,1.0,1.0,0.05057221711057339,0.006923844308795485,0.11608789827088808,0.0855473478267103,0.06556804522733037,-0.029326998462236766,0.05172441695555771,0.022463628863461715,5.864380373176012,0.9985055709438239,1.0,1.0,0.05057221711057339,0.006923844308795485,0.11608789827088808,0.0855473478267103,0.06556804522733037,-0.029326998462236766,0.05172441695555771,0.022463628863461715,5.864380373176012,0.9985055709438239,1.0,1.0,0.03339268414474169,0.00342573567978909,0.08182067944038318,0.05872109138545116,0.04493194915154718,-0.01566841441894771,0.03388076180976922,0.014714227896661203,4.211152863710047,0.9988236365932132,1.0,1.0,0.04610064888722188,0.007526863735355632,0.13390416544861616,0.088847321766486,0.05864540523407245,-0.0004334048281422491,0.045884906069374246,0.01992756150857826,5.864380372489078,0.9980628363464327,1.0,1.0,0.008104966953396797,0.056667011231184006,0.017756820656359196,ok,
759xd9YjKW5,aaef0e13feb84a9a8cb567429c9fb8d7,aaef0e13feb84a9a8cb567429c9fb8d7_i1_0,1,0,/mnt/priorbimda-data/PriorBIMDA-Datasets/Matterport3D/v1/scans/759xd9YjKW5/undistorted_color_images/aaef0e13feb84a9a8cb567429c9fb8d7_i1_0.jpg,/mnt/priorbimda-data/PriorBIMDA-Datasets/Matterport3D/v1/scans/759xd9YjKW5/undistorted_depth_images/aaef0e13feb84a9a8cb567429c9fb8d7_d1_0.png,1024,1280,406,504,1.4121168655554452,851892,0.6499420166015625,-4.3627800941467285,1.0348600149154663,1.6443400382995605,True,204624,1.0,True,,1.0,204624,1.0176092386245728,0.01745599239954909,1.0464189307003173,0.027917800423196918,log-depth Laplacian fallback,,,,0.046290113691582556,0.008692473393803636,0.1538765741563581,0.13292916667985702,0.0553295673449424,-0.038354941217727194,0.04686418421536617,0.020352856603630995,3.9878057961280007,0.9952881351157189,0.9988496194353275,1.0,0.03294621825355863,0.005848579721093573,0.12070091227820741,0.09147377359250432,0.045022500679774126,-0.02089894885908061,0.03283118465888011,0.014258402331698337,3.987805792720848,0.995049841998751,0.9985068529813639,1.0,0.03294621825355863,0.005848579721093573,0.12070091227820741,0.09147377359250432,0.045022500679774126,-0.02089894885908061,0.03283118465888011,0.014258402331698337,3.987805792720848,0.995049841998751,0.9985068529813639,1.0,0.03704081413092672,0.007224495518369473,0.1317033461768712,0.09876715636567707,0.05084235680806851,-0.022668873098931668,0.036889021144351546,0.016020698325804262,4.5508981951077345,0.9947962887314354,0.9982462565677339,1.0,0.01868999941187834,0.00479866892472231,0.10237744839723464,0.0462826035085348,0.040491029131106214,0.007018827329094315,0.017892337169924763,0.007770543301250771,3.987805791435249,0.9944723040009766,0.9982603428603626,1.0,0.008099201135337353,0.06009719707071781,0.01767790038138628,ok,
759xd9YjKW5,aaef0e13feb84a9a8cb567429c9fb8d7,aaef0e13feb84a9a8cb567429c9fb8d7_i1_1,1,1,/mnt/priorbimda-data/PriorBIMDA-Datasets/Matterport3D/v1/scans/759xd9YjKW5/undistorted_color_images/aaef0e13feb84a9a8cb567429c9fb8d7_i1_1.jpg,/mnt/priorbimda-data/PriorBIMDA-Datasets/Matterport3D/v1/scans/759xd9YjKW5/undistorted_depth_images/aaef0e13feb84a9a8cb567429c9fb8d7_d1_1.png,1024,1280,406,504,1.4121168655554452,1193859,0.9108421325683593,-4.3662800788879395,1.0349500179290771,1.6441899538040161,True,204624,1.0,True,,1.0,204624,1.093469262123108,0.08935545111281505,1.1111693851340843,0.01605750979041115,log-depth Laplacian fallback,,,,0.10614270190247767,0.032914735086708266,0.3032241504953893,0.25783236546929283,0.12442809825305985,-0.11220808402212948,0.11333003217486111,0.04921860760746016,5.377450618049272,0.9892524996670461,0.9928777183905302,0.9998349888889726,0.02721589086087602,0.008139828326074738,0.17031432485869943,0.06777993050219448,0.058428934174881535,-0.022852632902118468,0.02845450637049456,0.01235763510198671,5.377450621115598,0.989919245069979,0.9930938243125863,1.0,0.02721589086087602,0.008139828326074738,0.17031432485869943,0.06777993050219448,0.058428934174881535,-0.022852632902118468,0.02845450637049456,0.01235763510198671,5.377450621115598,0.989919245069979,0.9930938243125863,1.0,0.024251165784749097,0.00790847825672944,0.1690909020638355,0.06306008269192737,0.05675068164524561,-0.010301259713908576,0.025343181565342123,0.011006403907700297,5.58079198278042,0.9898446969030681,0.9943159116780123,1.0,0.021387255724669332,0.00723272306521325,0.1626341169466212,0.055150797450694095,0.054202138187164454,-0.006795165326470278,0.02225533867664967,0.009665370780156973,5.377450615530009,0.9899971437163015,0.9940286080684569,1.0,0.0077917492017149925,0.05866604670882225,0.017735658213496208,ok,
759xd9YjKW5,aaef0e13feb84a9a8cb567429c9fb8d7,aaef0e13feb84a9a8cb567429c9fb8d7_i1_2,1,2,/mnt/priorbimda-data/PriorBIMDA-Datasets/Matterport3D/v1/scans/759xd9YjKW5/undistorted_color_images/aaef0e13feb84a9a8cb567429c9fb8d7_i1_2.jpg,/mnt/priorbimda-data/PriorBIMDA-Datasets/Matterport3D/v1/scans/759xd9YjKW5/undistorted_depth_images/aaef0e13feb84a9a8cb567429c9fb8d7_d1_2.png,1024,1280,406,504,1.4121168655554452,1192741,0.9099891662597657,-4.3679399490356445,1.0380300283432007,1.644070029258728,True,204624,1.0,True,,1.0,204624,1.0075663328170776,0.007537851695802233,1.0719615428178269,0.06195233607221036,log-depth Laplacian fallback,,,,0.10059025186730831,0.12354151146263424,0.5394948880549768,0.3106247011407047,0.1512127747611193,-0.05571167573504786,0.09251690547802835,0.040179581531872476,14.057564667377445,0.9748143142559869,0.984762827805869,0.988232147633057,0.09439428341354504,0.12291024844100183,0.53107628075647,0.28295498786578,0.14860090767881126,-0.04817382406345038,0.08558605539299367,0.037169551585043176,14.057564667491421,0.9748143142559869,0.9842178645657356,0.9881558527794383,0.09439428341354504,0.12291024844100183,0.53107628075647,0.28295498786578,0.14860090767881126,-0.04817382406345038,0.08558605539299367,0.037169551585043176,14.057564667491421,0.9748143142559869,0.9842178645657356,0.9881558527794383,0.09242287318880153,0.11761644797024791,0.5406000556026331,0.31292572460573653,0.14556405443481196,-0.04856440135487306,0.08448240211463574,0.03669024105631792,13.722387862374283,0.9750993719508259,0.9851702926284919,0.9884023438449756,0.06410440910470783,0.13598885627608953,0.5500829711313556,0.1971751467900389,0.14124928066204484,0.013778492674879139,0.05068397948247723,0.022011772610137488,14.057564663608494,0.9729706616943662,0.9817730756299985,0.9876033438944415,0.00853606779128313,0.05869552865624428,0.01768505945801735,ok,
759xd9YjKW5,aaef0e13feb84a9a8cb567429c9fb8d7,aaef0e13feb84a9a8cb567429c9fb8d7_i1_3,1,3,/mnt/priorbimda-data/PriorBIMDA-Datasets/Matterport3D/v1/scans/759xd9YjKW5/undistorted_color_images/aaef0e13feb84a9a8cb567429c9fb8d7_i1_3.jpg,/mnt/priorbimda-data/PriorBIMDA-Datasets/Matterport3D/v1/scans/759xd9YjKW5/undistorted_depth_images/aaef0e13feb84a9a8cb567429c9fb8d7_d1_3.png,1024,1280,406,504,1.4121168655554452,1299568,0.99149169921875,-4.366109848022461,1.0410100221633911,1.6441099643707275,True,204624,1.0,True,,1.0,204624,1.063195824623108,0.0612793012300185,1.0317171537062417,0.030054747602346568,log-depth Laplacian fallback,,,,0.04605147584832222,0.007948080712395843,0.13530312879147638,0.10616851995939658,0.0612171496731577,-0.028680670831287714,0.04724330351741577,0.02051750602449416,5.408288578444306,0.9949914125309334,1.0,1.0,0.04981484652118908,0.009110572465228874,0.14015521307182374,0.10813060715238129,0.06314767793516467,0.032598630424397326,0.048382482451321644,0.021012245149389902,5.40828856761253,0.9967142927495907,1.0,1.0,0.04981484652118908,0.009110572465228874,0.14015521307182374,0.10813060715238129,0.06314767793516467,0.032598630424397326,0.048382482451321644,0.021012245149389902,5.40828856761253,0.9967142927495907,1.0,1.0,0.049284421649567985,0.00991845342846324,0.1444592480512421,0.10472174216538689,0.0656815587912404,0.03835190129409735,0.04743800803916105,0.020602065123889735,5.332165444146479,0.9962133570540365,1.0,1.0,0.04013382179116604,0.006372725687701238,0.11793263484743945,0.08670668494021777,0.05414268196072278,0.002543909433029612,0.04001584673239231,0.017378661424564252,5.408288578373495,0.997166750797188,1.0,1.0,0.008430931717157364,0.05772313289344311,0.01770391408354044,ok,
759xd9YjKW5,aaef0e13feb84a9a8cb567429c9fb8d7,aaef0e13feb84a9a8cb567429c9fb8d7_i1_4,1,4,/mnt/priorbimda-data/PriorBIMDA-Datasets/Matterport3D/v1/scans/759xd9YjKW5/undistorted_color_images/aaef0e13feb84a9a8cb567429c9fb8d7_i1_4.jpg,/mnt/priorbimda-data/PriorBIMDA-Datasets/Matterport3D/v1/scans/759xd9YjKW5/undistorted_depth_images/aaef0e13feb84a9a8cb567429c9fb8d7_d1_4.png,1024,1280,406,504,1.4121168655554452,1182749,0.9023658752441406,-4.36260986328125,1.0409200191497803,1.644260048866272,True,204624,1.0,True,,1.0,204624,1.01500403881073,0.014892591609705864,1.0225582162726403,0.007414950934331291,log-depth Laplacian fallback,,,,0.04209932122307091,0.05037986068995933,0.5459103644628368,0.17794409676120979,0.11595280786351482,-0.02721168064860527,0.044613618713724726,0.019375448425106304,11.271458684532142,0.9812994980338178,0.9847178057220932,0.9875823188182784,0.034592746930569906,0.04912821822424255,0.536491892396798,0.15242080125014015,0.11338579297751963,-0.01231908905684078,0.03654161392096141,0.015869821285712616,11.271458687299779,0.980615498300992,0.9846679219344088,0.9874385858707131,0.034592746930569906,0.04912821822424255,0.536491892396798,0.15242080125014015,0.11338579297751963,-0.01231908905684078,0.03654161392096141,0.015869821285712616,11.271458687299779,0.980615498300992,0.9846679219344088,0.9874385858707131,0.035645140778651364,0.04831126760736541,0.5348502358165035,0.1607937415141195,0.11128245507353812,-0.012417724161659708,0.03760676978717168,0.01633241260077459,11.058745378133526,0.9809815945733202,0.9847617710942896,0.9876888502970622,0.03343291462477633,0.04900583531557072,0.5333686266287267,0.14715905677364038,0.11282122450806653,-0.004904141981476304,0.03513114126933084,0.015257260796233988,11.271458685957676,0.9802696937389083,0.9846400208328225,0.9873641829331498,0.007628270424902439,0.05887531489133835,0.017718207091093063,ok,
759xd9YjKW5,aaef0e13feb84a9a8cb567429c9fb8d7,aaef0e13feb84a9a8cb567429c9fb8d7_i1_5,1,5,/mnt/priorbimda-data/PriorBIMDA-Datasets/Matterport3D/v1/scans/759xd9YjKW5/undistorted_color_images/aaef0e13feb84a9a8cb567429c9fb8d7_i1_5.jpg,/mnt/priorbimda-data/PriorBIMDA-Datasets/Matterport3D/v1/scans/759xd9YjKW5/undistorted_depth_images/aaef0e13feb84a9a8cb567429c9fb8d7_d1_5.png,1024,1280,406,504,1.4121168655554452,903887,0.6896110534667969,-4.360949993133545,1.0378400087356567,1.64437997341156,True,204624,1.0,True,,1.0,204624,0.9638060331344604,-0.036865215058559164,0.9988928957735981,0.03575749753957886,log-depth Laplacian fallback,,,,0.023231439109088346,0.00617958410266724,0.1481393001508352,0.08928907078300477,0.03882083286370696,-0.0002799307172786668,0.022838772001061537,0.009918752653507515,3.881982358313074,0.9965902817498205,0.9988969860170575,0.999782052402568,0.04190847573864194,0.012025991694152098,0.2288311450255652,0.17551033451332568,0.0537283961607596,-0.037145145684180814,0.04260850756240797,0.01850463971648675,3.881982362284133,0.9971854888940763,0.9990651486303045,0.9998152423920247,0.04190847573864194,0.012025991694152098,0.2288311450255652,0.17551033451332568,0.0537283961607596,-0.037145145684180814,0.04260850756240797,0.01850463971648675,3.881982362284133,0.9971854888940763,0.9990651486303045,0.9998152423920247,0.03297133542902782,0.00924519458731621,0.1934939820076897,0.12993638070296662,0.04785296215005216,-0.01216715821414951,0.03304456142678367,0.014351070684565197,4.628030085820725,0.997080387260797,0.9989888116545541,0.9998130297260609,0.023188457293931226,0.006204600961837592,0.14902699543628742,0.08954483423757228,0.03884461679410197,-0.0013876406844301815,0.022821496929842783,0.009911250185402717,3.8819823637048416,0.9966201527403314,0.9989025176819669,0.9997853714015137,0.007821336388587952,0.05782461818307638,0.017667269334197044,ok,
759xd9YjKW5,aaef0e13feb84a9a8cb567429c9fb8d7,aaef0e13feb84a9a8cb567429c9fb8d7_i2_0,2,0,/mnt/priorbimda-data/PriorBIMDA-Datasets/Matterport3D/v1/scans/759xd9YjKW5/undistorted_color_images/aaef0e13feb84a9a8cb567429c9fb8d7_i2_0.jpg,/mnt/priorbimda-data/PriorBIMDA-Datasets/Matterport3D/v1/scans/759xd9YjKW5/undistorted_depth_images/aaef0e13feb84a9a8cb567429c9fb8d7_d2_0.png,1024,1280,406,504,1.4165615917841592,1174560,0.8961181640625,-4.358980178833008,1.0256099700927734,1.6779199838638306,True,204624,1.0,True,,1.0,204624,0.994188129901886,-0.005828824739162072,1.020089872384248,0.025719558334503085,log-depth Laplacian fallback,,,,0.03760202462453172,0.006570568181089016,0.12920123940275482,0.08209704372536063,0.05301009799000256,-0.016074919918476097,0.03807021854589992,0.016533685839335174,5.051403209529263,0.9904917586159924,0.999467885846615,1.0,0.03941315290886992,0.006841954887280805,0.13077562084251237,0.08441567092427538,0.05505852773994374,-0.02190374465983566,0.040105584867326696,0.017417634201382544,5.051403217688007,0.9903487263315625,0.9994849134995232,1.0,0.03941315290886992,0.006841954887280805,0.13077562084251237,0.08441567092427538,0.05505852773994374,-0.02190374465983566,0.040105584867326696,0.017417634201382544,5.051403217688007,0.9903487263315625,0.9994849134995232,1.0,0.03893355741671692,0.0076135594394672575,0.1393826710208487,0.08471310758680824,0.05735840940577858,-0.021532133376535933,0.039611359137233106,0.01720299469398829,5.316346830123084,0.988054250102166,0.99925333741997,0.99997956681651,0.035372931373730314,0.006746438028756491,0.13359606222026527,0.08274634098934797,0.050657949207493766,0.00381580620803077,0.035125350480428606,0.015254745888567895,5.051403211872689,0.991389115924261,0.9993997752349816,0.9999940403214821,0.007393999956548214,0.05867856461554766,0.01770282629877329,ok,
759xd9YjKW5,aaef0e13feb84a9a8cb567429c9fb8d7,aaef0e13feb84a9a8cb567429c9fb8d7_i2_1,2,1,/mnt/priorbimda-data/PriorBIMDA-Datasets/Matterport3D/v1/scans/759xd9YjKW5/undistorted_color_images/aaef0e13feb84a9a8cb567429c9fb8d7_i2_1.jpg,/mnt/priorbimda-data/PriorBIMDA-Datasets/Matterport3D/v1/scans/759xd9YjKW5/undistorted_depth_images/aaef0e13feb84a9a8cb567429c9fb8d7_d2_1.png,1024,1280,406,504,1.4165615917841592,1219974,0.9307662963867187,-4.373509883880615,1.0260100364685059,1.6772899627685547,True,204624,1.0,True,,1.0,204624,1.0278464555740356,0.027465793595250382,1.0468209236624892,0.018292086092912403,log-depth Laplacian fallback,,,,0.04728536603803576,0.010119419116304759,0.17508217212674815,0.10460929127499503,0.06792963029783416,-0.04705636520977945,0.04931620539060268,0.02141775586954614,4.899115395297693,0.9870775934569097,0.996405661104253,1.0,0.02959217261635214,0.0067351006129578225,0.15107459720071556,0.06783561044413104,0.0527629004973772,-0.019590571604163536,0.030592891483113498,0.013286323956581171,4.899115402925582,0.9897055183143247,0.996405661104253,1.0,0.02959217261635214,0.0067351006129578225,0.15107459720071556,0.06783561044413104,0.0527629004973772,-0.019590571604163536,0.030592891483113498,0.013286323956581171,4.899115402925582,0.9897055183143247,0.996405661104253,1.0,0.02573078614030837,0.0066862173413140946,0.15362897953269977,0.061572257814143175,0.051917041037536464,-0.015502104593896603,0.026677846665760094,0.011586041596000669,4.9548601425803485,0.9885809041832039,0.996405661104253,1.0,0.025977880221741786,0.006224193840335326,0.14686421865214694,0.06304234877583759,0.04900835990314028,-0.0012985282088999453,0.026482608755160123,0.011501250848768787,4.899115394524219,0.9907334090726524,0.996405661104253,1.0,0.008553162217140198,0.05950164794921875,0.017695041373372078,ok,
759xd9YjKW5,aaef0e13feb84a9a8cb567429c9fb8d7,aaef0e13feb84a9a8cb567429c9fb8d7_i2_2,2,2,/mnt/priorbimda-data/PriorBIMDA-Datasets/Matterport3D/v1/scans/759xd9YjKW5/undistorted_color_images/aaef0e13feb84a9a8cb567429c9fb8d7_i2_2.jpg,/mnt/priorbimda-data/PriorBIMDA-Datasets/Matterport3D/v1/scans/759xd9YjKW5/undistorted_depth_images/aaef0e13feb84a9a8cb567429c9fb8d7_d2_2.png,1024,1280,406,504,1.4165615917841592,1263947,0.9643150329589844,-4.380420207977295,1.0388100147247314,1.676800012588501,True,204624,1.0,True,,1.0,204624,1.0240893363952637,0.023803765385403734,1.2825141571459628,0.2250185713267601,log-depth Laplacian fallback,,,,0.21712841053198292,0.11174588628249785,0.5343467934875215,0.5168286219758688,0.2454997794910403,-0.24170646607864332,0.24439772445486072,0.10614058312045745,4.298983584433717,0.16003123548693102,0.9989730582057633,1.0,0.19850987334744633,0.09343276088365404,0.48729681627338334,0.4715185076299195,0.22210293320368504,-0.21790270065554246,0.22083145324556203,0.09590588157522358,4.298983583013127,0.4652615972030473,0.9988361853780261,1.0,0.19850987334744633,0.09343276088365404,0.48729681627338334,0.4715185076299195,0.22210293320368504,-0.21790270065554246,0.22083145324556203,0.09590588157522358,4.298983583013127,0.4652615972030473,0.9988361853780261,1.0,0.2104963042054861,0.11330248811668162,0.5606870765268501,0.519360240283526,0.2382151721638215,-0.23406819382539235,0.23630901357658868,0.10262770062031307,4.425549557238818,0.2704638722984429,0.9993623150337791,1.0,0.018752288593910378,0.007245475171252081,0.12834488167345723,0.04910191048615655,0.04357478902242096,0.007115915363508063,0.017694554327144056,0.007684647304015963,4.298983585555879,0.9948652910288168,0.9969349980655835,0.9988227354469769,0.00864598248153925,0.05918412655591965,0.017746414057910442,ok,
759xd9YjKW5,aaef0e13feb84a9a8cb567429c9fb8d7,aaef0e13feb84a9a8cb567429c9fb8d7_i2_3,2,3,/mnt/priorbimda-data/PriorBIMDA-Datasets/Matterport3D/v1/scans/759xd9YjKW5/undistorted_color_images/aaef0e13feb84a9a8cb567429c9fb8d7_i2_3.jpg,/mnt/priorbimda-data/PriorBIMDA-Datasets/Matterport3D/v1/scans/759xd9YjKW5/undistorted_depth_images/aaef0e13feb84a9a8cb567429c9fb8d7_d2_3.png,1024,1280,406,504,1.4165615917841592,1250213,0.9538368225097656,-4.372799873352051,1.051200032234192,1.6769599914550781,True,204624,1.0,True,,1.0,204624,1.0982850790023804,0.09374994418075512,1.0931515022127294,0.004685133235451555,log-depth Laplacian fallback,,,,0.08424811751612114,0.015031501290722194,0.1717217952873861,0.16167578029399224,0.09314589836438647,-0.08604207905898013,0.08823711392581145,0.03832089167704848,3.567799060088485,0.993735467476342,1.0,1.0,0.022113981616416818,0.002954719400003609,0.07762297756169653,0.04405135712473624,0.036501098551068666,0.007707865166803067,0.0217615830744657,0.00945093544671966,3.5677990554475056,0.9957247285062625,1.0,1.0,0.022113981616416818,0.002954719400003609,0.07762297756169653,0.04405135712473624,0.036501098551068666,0.007707865166803067,0.0217615830744657,0.00945093544671966,3.5677990554475056,0.9957247285062625,1.0,1.0,0.02721409485505674,0.003953920325863333,0.08893430927772546,0.053619617625897543,0.042826125202169926,0.006069360988923778,0.026847438713852593,0.011659694486661926,4.239386579468856,0.9951368286843921,1.0,1.0,0.021622694194365567,0.002801188000868763,0.07539784485616946,0.04257401917663349,0.03580580446959785,0.0030226842897532694,0.02137245394023719,0.009281938810976435,3.567799060204417,0.995886300974314,1.0,1.0,0.00758954044431448,0.05848539434373379,0.017686697654426098,ok,
759xd9YjKW5,aaef0e13feb84a9a8cb567429c9fb8d7,aaef0e13feb84a9a8cb567429c9fb8d7_i2_4,2,4,/mnt/priorbimda-data/PriorBIMDA-Datasets/Matterport3D/v1/scans/759xd9YjKW5/undistorted_color_images/aaef0e13feb84a9a8cb567429c9fb8d7_i2_4.jpg,/mnt/priorbimda-data/PriorBIMDA-Datasets/Matterport3D/v1/scans/759xd9YjKW5/undistorted_depth_images/aaef0e13feb84a9a8cb567429c9fb8d7_d2_4.png,1024,1280,406,504,1.4165615917841592,1256591,0.9587028503417969,-4.358270168304443,1.0507999658584595,1.6776000261306763,True,204624,1.0,True,,1.0,204624,1.0712729692459106,0.06884763223642537,1.1421625636365607,0.06407581881105007,log-depth Laplacian fallback,,,,0.13360539112270237,0.040316285325871025,0.29452368426747166,0.28551865633799567,0.1548882556892315,-0.14167435137464843,0.14444075761594338,0.06272982399452935,6.259991943305847,0.9006836751178386,0.999145306627216,1.0,0.07458667957287853,0.015686728843350782,0.17589020288531465,0.14831408274929914,0.09603374897545823,-0.07282671909489513,0.07825499241738178,0.0339857113882497,6.2599919553898475,0.9784583846295254,0.9989256647548804,0.9996944113080549,0.07458667957287853,0.015686728843350782,0.17589020288531465,0.14831408274929914,0.09603374897545823,-0.07282671909489513,0.07825499241738178,0.0339857113882497,6.2599919553898475,0.9784583846295254,0.9989256647548804,0.9996944113080549,0.07345164815938302,0.016532187788718435,0.17668350954700296,0.1411252875680822,0.10224810449072828,-0.07188345715691807,0.07768691513554075,0.03373899855945156,7.27148090770815,0.9686198611958863,0.9989948996928992,0.999994429372803,0.043245926366814263,0.009460327919642646,0.15163878700225905,0.09428442000577764,0.06320860859877254,-0.008750902280208086,0.043502932624864224,0.01889308358558749,6.259991941109087,0.9924995483812951,0.9987649123700552,0.9994397540647673,0.007621404714882374,0.06013277359306812,0.017724990844726562,ok,
759xd9YjKW5,aaef0e13feb84a9a8cb567429c9fb8d7,aaef0e13feb84a9a8cb567429c9fb8d7_i2_5,2,5,/mnt/priorbimda-data/PriorBIMDA-Datasets/Matterport3D/v1/scans/759xd9YjKW5/undistorted_color_images/aaef0e13feb84a9a8cb567429c9fb8d7_i2_5.jpg,/mnt/priorbimda-data/PriorBIMDA-Datasets/Matterport3D/v1/scans/759xd9YjKW5/undistorted_depth_images/aaef0e13feb84a9a8cb567429c9fb8d7_d2_5.png,1024,1280,406,504,1.4165615917841592,1174936,0.896405029296875,-4.351359844207764,1.0379999876022339,1.6780799627304077,True,204624,1.0,True,,1.0,204624,1.070750117301941,0.06835944706453126,1.09378710654026,0.02128663702934913,log-depth Laplacian fallback,,,,0.0816875557721518,0.016953253625032156,0.19643475195412527,0.181397726843108,0.09287777306569066,-0.08181870214246047,0.08539543049322797,0.0370867642429616,4.39543025125558,0.9964500194053123,0.9996757270183227,0.9999829777962375,0.03353634738463369,0.005684106754911118,0.12114869387212972,0.07819322803696657,0.04596881827664329,-0.013459254962656061,0.03359840289429648,0.014591600977755203,4.395430251524044,0.9931162207984094,0.9993131540781796,0.9999242511932565,0.03353634738463369,0.005684106754911118,0.12114869387212972,0.07819322803696657,0.04596881827664329,-0.013459254962656061,0.03359840289429648,0.014591600977755203,4.395430251524044,0.9931162207984094,0.9993131540781796,0.9999242511932565,0.04195304887430316,0.007890740948882683,0.14154579989833696,0.09752936740138922,0.056539673680074044,-0.02161556531015859,0.04244388142536648,0.018433143493592576,5.224463643448509,0.9934268760170767,0.99927655634009,0.9999123356506227,0.0316758456612148,0.0065691113299396605,0.1389796984303209,0.08553047233273983,0.04464580780345392,0.00782735224198535,0.031053256056937064,0.013486257750656507,4.395430253459646,0.9928123744612473,0.9992646407974562,0.999888504565355,0.007425427436828613,0.05929174646735191,0.017734759487211704,ok,
759xd9YjKW5,b90801209e564a309883d214b02a6195,b90801209e564a309883d214b02a6195_i0_0,0,0,/mnt/priorbimda-data/PriorBIMDA-Datasets/Matterport3D/v1/scans/759xd9YjKW5/undistorted_color_images/b90801209e564a309883d214b02a6195_i0_0.jpg,/mnt/priorbimda-data/PriorBIMDA-Datasets/Matterport3D/v1/scans/759xd9YjKW5/undistorted_depth_images/b90801209e564a309883d214b02a6195_d0_0.png,1024,1280,406,504,1.4155678118069965,1203329,0.9180671691894531,-10.241499900817871,2.5924599170684814,1.764430046081543,True,204624,1.0,True,,1.0,204624,1.0240893363952637,0.023803765385403734,1.03166367049725,0.0073689478758400435,log-depth Laplacian fallback,,,,0.05074056247930584,0.008365413699879866,0.10663024109765651,0.06997262484470784,0.07036231772459553,-0.022107171364778473,0.050335610202719275,0.021860477754273997,6.679916713421844,0.9956603721841658,0.9972177185125597,0.9982365587466104,0.04352766396775938,0.0077704143685242335,0.09716433489472028,0.05614962214313067,0.06682070901012759,0.0016965939988046554,0.042011751228536114,0.01824547173364539,6.679916707129936,0.9942334972397407,0.9971287985247592,0.998118552781492,0.04352766396775938,0.0077704143685242335,0.09716433489472028,0.05614962214313067,0.06682070901012759,0.0016965939988046554,0.042011751228536114,0.01824547173364539,6.679916707129936,0.9942334972397407,0.9971287985247592,0.998118552781492,0.03358827854465999,0.00577432496083161,0.08682813773290857,0.046879102968308946,0.05729908221090677,-0.009188404147402096,0.03295377890101185,0.014311644334569258,5.655756405147111,0.994609952889027,0.9973116246679005,0.9984891912353147,0.04311719151822561,0.007902781570127117,0.09660887205303069,0.054618353338367884,0.0674115162981576,0.009065528072575619,0.04128293384213275,0.017928950364415264,6.679916713838663,0.994123801553856,0.9970972194636712,0.9980819875528638,0.008502906188368797,0.05761451739817858,0.017692916095256805,ok,
759xd9YjKW5,b90801209e564a309883d214b02a6195,b90801209e564a309883d214b02a6195_i0_1,0,1,/mnt/priorbimda-data/PriorBIMDA-Datasets/Matterport3D/v1/scans/759xd9YjKW5/undistorted_color_images/b90801209e564a309883d214b02a6195_i0_1.jpg,/mnt/priorbimda-data/PriorBIMDA-Datasets/Matterport3D/v1/scans/759xd9YjKW5/undistorted_depth_images/b90801209e564a309883d214b02a6195_d0_1.png,1024,1280,406,504,1.4155678118069965,1162639,0.8870231628417968,-10.249799728393555,2.604449987411499,1.7644399404525757,True,204102,0.9974489795918368,True,,1.0,204102,0.8201712369918823,-0.1982421349250123,0.838231417917368,0.021781073333834527,log-depth Laplacian fallback,,,,0.2057702045036203,0.03973619331258244,0.18204309265921012,0.17218998055611587,0.19693441744841642,0.18478398090599382,0.18478614350249312,0.08025160245531528,6.810319505192432,0.7075790507629626,1.0,1.0,0.058429291454969584,0.0042189723949855075,0.06267774721349471,0.0518472995778145,0.06942022104664358,-0.013458153990289682,0.05888973824505063,0.025575488360552377,6.810319508905955,1.0,1.0,1.0,0.058429291454969584,0.0042189723949855075,0.06267774721349471,0.0518472995778145,0.06942022104664358,-0.013458153990289682,0.05888973824505063,0.025575488360552377,6.810319508905955,1.0,1.0,1.0,0.02519971262164945,0.001024188098984457,0.03221226872926233,0.02333585579675442,0.03327614548071752,-0.013707750025115487,0.02560206437164656,0.011118835281937944,3.032160034204698,1.0,1.0,1.0,0.05737932125504243,0.00410873353454347,0.05972654601384109,0.04924770435743856,0.06860988766985075,0.008322950876073055,0.05658679263795684,0.024575331791268203,6.810319504093779,1.0,1.0,1.0,0.008328665047883987,0.0573751088231802,0.017685004509985447,ok,
759xd9YjKW5,b90801209e564a309883d214b02a6195,b90801209e564a309883d214b02a6195_i0_2,0,2,/mnt/priorbimda-data/PriorBIMDA-Datasets/Matterport3D/v1/scans/759xd9YjKW5/undistorted_color_images/b90801209e564a309883d214b02a6195_i0_2.jpg,/mnt/priorbimda-data/PriorBIMDA-Datasets/Matterport3D/v1/scans/759xd9YjKW5/undistorted_depth_images/b90801209e564a309883d214b02a6195_d0_2.png,1024,1280,406,504,1.4155678118069965,1176418,0.8975357055664063,-10.243499755859375,2.617579936981201,1.7640199661254883,True,133289,0.6513849792790679,True,,1.0,133289,0.8470330238342285,-0.16601559591159487,0.7571988684724393,0.11211375809407237,log-depth Laplacian fallback,,,,0.3178366964382651,0.19668599466399073,0.585777737311827,0.4368110317329476,0.3109994327665308,0.21663686918795697,0.2639787469325647,0.11464451313254784,22.31347442455879,0.43005887363165135,0.8691970031060389,0.9876064460081365,0.2159533471127797,0.11860900946898699,0.5892109542582816,0.4223482405267976,0.22880478014962713,0.05062127325349385,0.205785221023307,0.08937138594766338,22.31347442993007,0.5083465230895821,0.9832780525289481,0.9967613552325789,0.2159533471127797,0.11860900946898699,0.5892109542582816,0.4223482405267976,0.22880478014962713,0.05062127325349385,0.205785221023307,0.08937138594766338,22.31347442993007,0.5083465230895821,0.9832780525289481,0.9967613552325789,0.15708636157455874,0.09207431583151933,0.5213487704621493,0.33064136282870493,0.17761577408523324,0.04142368095230737,0.14916256432666078,0.0647804785936076,17.27178099104376,0.8860328556686484,0.9770362235191913,0.9940539842130943,0.17857620058485052,0.13125844330522574,0.7020119285341045,0.44940158204407377,0.23145288829513294,-0.06149248255440197,0.1902098404788904,0.08260708412367991,22.313474424539056,0.6638065721537753,0.9908221397496468,0.9992137148530539,0.009607884101569653,0.05822287779301405,0.017708295956254005,ok,
759xd9YjKW5,b90801209e564a309883d214b02a6195,b90801209e564a309883d214b02a6195_i0_3,0,3,/mnt/priorbimda-data/PriorBIMDA-Datasets/Matterport3D/v1/scans/759xd9YjKW5/undistorted_color_images/b90801209e564a309883d214b02a6195_i0_3.jpg,/mnt/priorbimda-data/PriorBIMDA-Datasets/Matterport3D/v1/scans/759xd9YjKW5/undistorted_depth_images/b90801209e564a309883d214b02a6195_d0_3.png,1024,1280,406,504,1.4155678118069965,1159608,0.884710693359375,-10.229000091552734,2.618730068206787,1.7635999917984009,True,113406,0.5542165141918837,True,,1.0,113406,0.9417093396186829,-0.060058608687242145,0.9981771354825888,0.05823408073051615,log-depth Laplacian fallback,,,,0.1197999037566497,0.17851676480012002,0.7189536337851583,0.3369770814417611,0.1883232655418213,0.06613548019946616,0.09931020097524858,0.043129872280253403,17.63285303152084,0.8814323461031659,0.9278713151340798,0.9888091492987285,0.12875377866809393,0.14632555722049245,0.669379343219891,0.41931392453982164,0.176433213986959,0.0060768715788950016,0.11562790848279562,0.05021656260809235,17.632853039023967,0.8908156894398797,0.9518104393898628,0.9922189222564867,0.12875377866809393,0.14632555722049245,0.669379343219891,0.41931392453982164,0.176433213986959,0.0060768715788950016,0.11562790848279562,0.05021656260809235,17.632853039023967,0.8908156894398797,0.9518104393898628,0.9922189222564867,0.12090511188734111,0.15397724892366949,0.6846558901411496,0.39160425938283083,0.17753441736244793,0.011563478858629147,0.10647484958471867,0.046241439636122046,17.715743084869427,0.88982225027768,0.9487990769294451,0.9920412760174128,0.11954818756937384,0.17708041165734592,0.7161969865735078,0.33691004421485243,0.18769029289123065,0.06431092784840974,0.09927682594657646,0.043115377689467736,17.63285303201742,0.881709163786383,0.9286698608495285,0.9889669612489738,0.011277731508016586,0.05950682982802391,0.017676242627203465,ok,
759xd9YjKW5,b90801209e564a309883d214b02a6195,b90801209e564a309883d214b02a6195_i0_4,0,4,/mnt/priorbimda-data/PriorBIMDA-Datasets/Matterport3D/v1/scans/759xd9YjKW5/undistorted_color_images/b90801209e564a309883d214b02a6195_i0_4.jpg,/mnt/priorbimda-data/PriorBIMDA-Datasets/Matterport3D/v1/scans/759xd9YjKW5/undistorted_depth_images/b90801209e564a309883d214b02a6195_d0_4.png,1024,1280,406,504,1.4155678118069965,1236351,0.9432609558105469,-10.220800399780273,2.606750011444092,1.7635899782180786,True,183855,0.8985016420361248,True,,1.0,183855,1.177137851715088,0.16308594267324192,1.197638563045409,0.01726581120333956,log-depth Laplacian fallback,,,,0.17601159216848075,0.0747090274995314,0.460464011618368,0.3697792967317322,0.20299344683464604,-0.18225984009846538,0.19318926236756226,0.08390103060919184,8.93738784270443,0.6540917587319459,0.9988700619807805,0.9991685209135593,0.06118745463731796,0.029354909291085647,0.29243759769869954,0.1435286647096846,0.09140748575427689,-0.019173897514025682,0.0600315679468165,0.02607137869930251,8.937387820856815,0.9799498686052747,0.9949634044053832,0.9989525628239877,0.06118745463731796,0.029354909291085647,0.29243759769869954,0.1435286647096846,0.09140748575427689,-0.019173897514025682,0.0600315679468165,0.02607137869930251,8.937387820856815,0.9799498686052747,0.9949634044053832,0.9989525628239877,0.06750335342343633,0.02933700254949183,0.30955628147897957,0.16756942972962008,0.09491375840569423,-0.018839057318715442,0.06741616743512893,0.02927846950814221,9.30253269493671,0.9781817622988941,0.9987705756698543,0.9990593286210793,0.060260445714910696,0.030024178926365316,0.2934051493586213,0.14056319076321502,0.08939424534893496,-0.0019081291184821056,0.05806254158342533,0.025216241414959723,8.93738784252579,0.9795381732210351,0.9899648239051855,0.9989250625429187,0.015443860553205013,0.06285696849226952,0.01773548685014248,ok,
759xd9YjKW5,b90801209e564a309883d214b02a6195,b90801209e564a309883d214b02a6195_i0_5,0,5,/mnt/priorbimda-data/PriorBIMDA-Datasets/Matterport3D/v1/scans/759xd9YjKW5/undistorted_color_images/b90801209e564a309883d214b02a6195_i0_5.jpg,/mnt/priorbimda-data/PriorBIMDA-Datasets/Matterport3D/v1/scans/759xd9YjKW5/undistorted_depth_images/b90801209e564a309883d214b02a6195_d0_5.png,1024,1280,406,504,1.4155678118069965,1245267,0.9500633239746094,-10.22700023651123,2.5936100482940674,1.764009952545166,True,204624,1.0,True,,1.0,204624,1.0998951196670532,0.09521482950140486,1.088839123192163,0.010102725396391343,log-depth Laplacian fallback,,,,0.08317396099488332,0.013112085711751643,0.13855327467252737,0.1216387794219642,0.10508070147497887,-0.08498548878213237,0.08835549704342331,0.03837230481177781,6.180146049193078,1.0,1.0,1.0,0.0548487203146589,0.0077286289698023205,0.12694102777468286,0.0971593957670635,0.0626423173902817,0.010229340754274877,0.05417570535568303,0.023528209889189574,6.180146046621973,0.9983087964267904,1.0,1.0,0.0548487203146589,0.0077286289698023205,0.12694102777468286,0.0971593957670635,0.0626423173902817,0.010229340754274877,0.05417570535568303,0.023528209889189574,6.180146046621973,0.9983087964267904,1.0,1.0,0.02049549003620773,0.0017007623733779475,0.06138976079432992,0.04011534117533989,0.02785459852500206,0.01309225422225071,0.020209569782407573,0.008776904638138312,2.458600289532655,1.0,1.0,1.0,0.053906572815283015,0.006876871738182737,0.1169918057087803,0.09246455575907125,0.061801590270387445,0.0001266613241099094,0.05378229383277345,0.023357353435672794,6.180146047512002,0.998772953912695,1.0,1.0,0.009168747812509537,0.05725686252117157,0.017725800164043903,ok,
759xd9YjKW5,b90801209e564a309883d214b02a6195,b90801209e564a309883d214b02a6195_i1_0,1,0,/mnt/priorbimda-data/PriorBIMDA-Datasets/Matterport3D/v1/scans/759xd9YjKW5/undistorted_color_images/b90801209e564a309883d214b02a6195_i1_0.jpg,/mnt/priorbimda-data/PriorBIMDA-Datasets/Matterport3D/v1/scans/759xd9YjKW5/undistorted_depth_images/b90801209e564a309883d214b02a6195_d1_0.png,1024,1280,406,504,1.4121168655554452,1136873,0.8673652648925781,-10.235899925231934,2.603060007095337,1.7973500490188599,True,204624,1.0,True,,1.0,204624,0.9514151811599731,-0.04980473845793726,0.977086333318958,0.026624473345327356,log-depth Laplacian fallback,,,,0.08943123273093428,0.04717115155537157,0.33410631779733274,0.14972176386253566,0.1345119382511011,0.05490149854877876,0.07915352340241893,0.03437593843687045,12.279774830658125,0.978047679907958,0.9824237183924678,0.9857486280349697,0.08532787067201678,0.04531117409736381,0.37015626571495197,0.19965565291158988,0.12290347408447196,0.005096760234690599,0.07926796212098715,0.034425638540860705,12.279774825762296,0.9768364628239038,0.9831511523274807,0.9866581403551672,0.08532787067201678,0.04531117409736381,0.37015626571495197,0.19965565291158988,0.12290347408447196,0.005096760234690599,0.07926796212098715,0.034425638540860705,12.279774825762296,0.9768364628239038,0.9831511523274807,0.9866581403551672,0.0633741130321412,0.040846623470108936,0.34487486627114533,0.14414600283743068,0.11086660818664673,0.006909710676862439,0.057692694976294936,0.02505561907433235,11.065107640313986,0.9786475710127692,0.9829031035128813,0.9888149335941657,0.08338954829798591,0.0447951269005283,0.3440012299929235,0.16415303745510595,0.1268287106710094,0.0317212050724061,0.0751010225036067,0.032615959658608334,12.279774834753677,0.9777591692299844,0.9828239389975837,0.9862350500011875,0.007847310975193977,0.05765365157276392,0.017745530232787132,ok,
759xd9YjKW5,b90801209e564a309883d214b02a6195,b90801209e564a309883d214b02a6195_i1_1,1,1,/mnt/priorbimda-data/PriorBIMDA-Datasets/Matterport3D/v1/scans/759xd9YjKW5/undistorted_color_images/b90801209e564a309883d214b02a6195_i1_1.jpg,/mnt/priorbimda-data/PriorBIMDA-Datasets/Matterport3D/v1/scans/759xd9YjKW5/undistorted_depth_images/b90801209e564a309883d214b02a6195_d1_1.png,1024,1280,406,504,1.4121168655554452,1040946,0.7941787719726563,-10.237799644470215,2.605940103530884,1.7973500490188599,True,204624,1.0,True,,1.0,204624,0.7035878896713257,-0.35156247821779124,0.7089714838644565,0.007622504739542679,log-depth Laplacian fallback,,,,0.40797942417321015,0.10397566785216317,0.2543958101578947,0.25406257107187696,0.34251764668891416,0.3419671229987486,0.3419671229987486,0.14851443451068708,1.9411982929896285,0.0,0.9999923146829903,1.0,0.01721425182320408,0.000289756824009881,0.013543559829668705,0.010836834519061074,0.02165400484970993,-0.009595355253736677,0.017370420629059403,0.007543877827538913,1.9411982989531211,1.0,1.0,1.0,0.01721425182320408,0.000289756824009881,0.013543559829668705,0.010836834519061074,0.02165400484970993,-0.009595355253736677,0.017370420629059403,0.007543877827538913,1.9411982989531211,1.0,1.0,1.0,0.01483512788524432,0.0001714904841467203,0.010413858378716239,0.009336717918741124,0.016636720679788126,-0.013980372052637286,0.014968014813578732,0.006500526238583379,0.9018296526901751,1.0,1.0,1.0,0.01613768929118394,0.0002369028724263564,0.01217096859432768,0.010089193907504032,0.019511973981611166,-0.0019728271534530896,0.016168223820502786,0.0070217703874210806,1.9411982940484704,1.0,1.0,1.0,0.007706489413976669,0.057746654376387596,0.017722424119710922,ok,
759xd9YjKW5,b90801209e564a309883d214b02a6195,b90801209e564a309883d214b02a6195_i1_2,1,2,/mnt/priorbimda-data/PriorBIMDA-Datasets/Matterport3D/v1/scans/759xd9YjKW5/undistorted_color_images/b90801209e564a309883d214b02a6195_i1_2.jpg,/mnt/priorbimda-data/PriorBIMDA-Datasets/Matterport3D/v1/scans/759xd9YjKW5/undistorted_depth_images/b90801209e564a309883d214b02a6195_d1_2.png,1024,1280,406,504,1.4121168655554452,1305293,0.9958595275878906,-10.236300468444824,2.609100103378296,1.7972500324249268,True,203922,0.9965693173821253,True,,1.0,203922,1.0095669031143188,0.009521430090680332,0.9910198577358145,0.018542136865067848,log-depth Laplacian fallback,,,,0.05231064338248125,0.0039034366541969494,0.07290588345186354,0.05961144128924639,0.05949685380233308,0.009473775415817924,0.051808427484162645,0.022500114172456613,5.873774929078267,1.0,1.0,1.0,0.05399158325476508,0.003844993253581988,0.06826155151162001,0.05777040588160037,0.06173281971625271,0.01899520553174851,0.05298396205490578,0.02301064234981685,5.873774933486973,1.0,1.0,1.0,0.05399158325476508,0.003844993253581988,0.06826155151162001,0.05777040588160037,0.06173281971625271,0.01899520553174851,0.05298396205490578,0.02301064234981685,5.873774933486973,1.0,1.0,1.0,0.030156171483093876,0.001934895480284806,0.05787615224508422,0.04146692565991891,0.035091068884326296,0.018456517822809496,0.02979019150327833,0.012937715784714917,2.984526872555931,1.0,1.0,1.0,0.05149081127056874,0.004158999762707013,0.07881098457219067,0.06241182619288165,0.0587394965431645,0.00045305577427876464,0.051456211457376645,0.02234714869558556,5.87377493151536,1.0,1.0,1.0,0.008289470337331295,0.05688188597559929,0.017774276435375214,ok,
759xd9YjKW5,b90801209e564a309883d214b02a6195,b90801209e564a309883d214b02a6195_i1_3,1,3,/mnt/priorbimda-data/PriorBIMDA-Datasets/Matterport3D/v1/scans/759xd9YjKW5/undistorted_color_images/b90801209e564a309883d214b02a6195_i1_3.jpg,/mnt/priorbimda-data/PriorBIMDA-Datasets/Matterport3D/v1/scans/759xd9YjKW5/undistorted_depth_images/b90801209e564a309883d214b02a6195_d1_3.png,1024,1280,406,504,1.4121168655554452,1267973,0.9673866271972656,-10.23289966583252,2.609380006790161,1.7971500158309937,True,198894,0.9719974196575182,True,,1.0,198894,0.981137216091156,-0.019042955506896102,1.0450215052140017,0.06308041986407734,log-depth Laplacian fallback,,,,0.14437550831958773,0.09997939764994505,0.43070735813122973,0.30659784070030377,0.21257430733101002,-0.06037393516902542,0.13921013523836895,0.0604581935590291,20.38205683670444,0.9065082616112489,0.9510076318659783,0.9839791541302536,0.15203918359911076,0.10358576081517491,0.4497963852177972,0.3293286164231849,0.21874612374497335,-0.07941689068368961,0.1496912539374985,0.06501008557423403,20.382056846056063,0.7804093620290022,0.9520794212495061,0.9846148143533024,0.15203918359911076,0.10358576081517491,0.4497963852177972,0.3293286164231849,0.21874612374497335,-0.07941689068368961,0.1496912539374985,0.06501008557423403,20.382056846056063,0.7804093620290022,0.9520794212495061,0.9846148143533024,0.1590489635631842,0.10226157640618198,0.45635946273653927,0.34370623062138,0.2235500780274599,-0.09810882807863973,0.1605289212141746,0.0697168246691979,20.087134001424722,0.7163591022837237,0.9548570829189581,0.985800959484153,0.14194739048057156,0.09701562821743302,0.3983323881628712,0.27995880613571295,0.2044742122377768,-0.016336443312761045,0.13054979650042703,0.05669705623372791,20.382056836872064,0.9144137927227157,0.9462149430626677,0.9827433233988421,0.012782160192728043,0.060400595888495445,0.017765192314982414,ok,
759xd9YjKW5,b90801209e564a309883d214b02a6195,b90801209e564a309883d214b02a6195_i1_4,1,4,/mnt/priorbimda-data/PriorBIMDA-Datasets/Matterport3D/v1/scans/759xd9YjKW5/undistorted_color_images/b90801209e564a309883d214b02a6195_i1_4.jpg,/mnt/priorbimda-data/PriorBIMDA-Datasets/Matterport3D/v1/scans/759xd9YjKW5/undistorted_depth_images/b90801209e564a309883d214b02a6195_d1_4.png,1024,1280,406,504,1.4121168655554452,1153212,0.8798309326171875,-10.230899810791016,2.606489896774292,1.7971500158309937,True,204624,1.0,True,,1.0,204624,1.091335654258728,0.08740231696647191,1.08492582158785,0.005890699511330935,log-depth Laplacian fallback,,,,0.07583426846741458,0.03410616725974822,0.3352116129574534,0.21936149403778443,0.09482195232212652,-0.0640950480091095,0.07773362870224095,0.03375928600369947,6.987866242916775,0.9925174209078643,0.997157504431102,0.9984061907090804,0.04270410405238487,0.032392311877958935,0.3442183489876613,0.1333650387147661,0.07366312696573546,0.023307269089692887,0.039798551505123486,0.017284291306417503,6.987866256555508,0.9891598422493002,0.9964481812537503,0.9979335976385955,0.04270410405238487,0.032392311877958935,0.3442183489876613,0.1333650387147661,0.07366312696573546,0.023307269089692887,0.039798551505123486,0.017284291306417503,6.987866256555508,0.9891598422493002,0.9964481812537503,0.9979335976385955,0.03692701189118096,0.02558185801683627,0.2998155414248513,0.10598858575787215,0.0654683296219668,0.03135406004697105,0.03447699287060043,0.014973167756319516,5.747195056774591,0.9903183456294246,0.9965253570028755,0.9981200334370437,0.04184041878022108,0.031047868055547594,0.3364281884495554,0.1289519159166711,0.07201640595367284,0.017416522615692008,0.039183309119313815,0.017017094933227367,6.987866245472429,0.9893783623479464,0.9965210212866324,0.9979778219442739,0.015697873197495937,0.06171875726431608,0.0177146065980196,ok,
759xd9YjKW5,b90801209e564a309883d214b02a6195,b90801209e564a309883d214b02a6195_i1_5,1,5,/mnt/priorbimda-data/PriorBIMDA-Datasets/Matterport3D/v1/scans/759xd9YjKW5/undistorted_color_images/b90801209e564a309883d214b02a6195_i1_5.jpg,/mnt/priorbimda-data/PriorBIMDA-Datasets/Matterport3D/v1/scans/759xd9YjKW5/undistorted_depth_images/b90801209e564a309883d214b02a6195_d1_5.png,1024,1280,406,504,1.4121168655554452,1136691,0.8672264099121094,-10.232399940490723,2.60332989692688,1.7972500324249268,True,204624,1.0,True,,1.0,204624,1.0153138637542725,0.015197790067106037,1.051657157198334,0.035169374933402955,log-depth Laplacian fallback,,,,0.05708707814239091,0.04152317617148203,0.5131769256240184,0.2410919816105885,0.09146434932326991,-0.049168039331372336,0.05862426414708821,0.02546019442471905,7.7124776209968795,0.9888483325723526,0.992275825180282,0.9945288561271269,0.044200555196099195,0.0378015883998908,0.49506367512266575,0.18823434643712067,0.08427460442214973,-0.03397024918886388,0.044969768168046195,0.01953012216785097,7.712477630798234,0.9884788390160563,0.99205940752588,0.9943872169305467,0.044200555196099195,0.0378015883998908,0.49506367512266575,0.18823434643712067,0.08427460442214973,-0.03397024918886388,0.044969768168046195,0.01953012216785097,7.712477630798234,0.9884788390160563,0.99205940752588,0.9943872169305467,0.03921677357020529,0.03710810273808725,0.49030996703509233,0.16562414306109122,0.08298460137972219,-0.028201362573305962,0.039921959715927664,0.017337886811391298,7.804567390419746,0.9886239971988869,0.992167616353081,0.9943309131505396,0.027797145097500968,0.03606772035336516,0.4832855148174988,0.12586928684729698,0.07713409818397672,0.0011991661979216682,0.02738950711548752,0.011895111802306083,7.712477619471658,0.9877117000134601,0.9917866860914708,0.994210387871462,0.01167661976069212,0.06048867758363485,0.017735803499817848,ok,
759xd9YjKW5,b90801209e564a309883d214b02a6195,b90801209e564a309883d214b02a6195_i2_0,2,0,/mnt/priorbimda-data/PriorBIMDA-Datasets/Matterport3D/v1/scans/759xd9YjKW5/undistorted_color_images/b90801209e564a309883d214b02a6195_i2_0.jpg,/mnt/priorbimda-data/PriorBIMDA-Datasets/Matterport3D/v1/scans/759xd9YjKW5/undistorted_depth_images/b90801209e564a309883d214b02a6195_d2_0.png,1024,1280,406,504,1.4165615917841592,1221582,0.9319931030273437,-10.239700317382812,2.5936999320983887,1.830899953842163,True,204624,1.0,True,,1.0,204624,1.0258408784866333,0.025512645526690594,1.0186769580463566,0.007007960147360871,log-depth Laplacian fallback,,,,0.04585601807956974,0.016104907066540455,0.1726624413076702,0.09592764659243752,0.07964094641366595,-0.014292311370127122,0.04396258103923694,0.019092706355565123,7.834800687550223,0.9902094169691433,0.9925408200186315,0.9943212981199788,0.04493098858740834,0.01740341792184667,0.18988456959026384,0.0969476554164933,0.07914736927307517,0.011220334144795814,0.041900803763274264,0.018197287861701023,7.834800676805795,0.9897411716937545,0.9922723157348422,0.9941215571283795,0.04493098858740834,0.01740341792184667,0.18988456959026384,0.0969476554164933,0.07914736927307517,0.011220334144795814,0.041900803763274264,0.018197287861701023,7.834800676805795,0.9897411716937545,0.9922723157348422,0.9941215571283795,0.0362748390561182,0.014106829665532044,0.15853503702377125,0.07846622160681509,0.07456077187012393,-0.0009345819325448231,0.0342044819511129,0.014854817767727705,7.455491438181674,0.9901070906414796,0.9924826986645187,0.9943499494917246,0.044168068307556596,0.016759157500096017,0.18308169765059865,0.09477738910092388,0.07846116613876515,0.004212411492137947,0.041449552275115605,0.018001311830443085,7.8348006874941065,0.9898893402162114,0.9923476279120026,0.9941714923762793,0.008158722892403603,0.05813409108668566,0.017692907713353634,ok,
759xd9YjKW5,b90801209e564a309883d214b02a6195,b90801209e564a309883d214b02a6195_i2_1,2,1,/mnt/priorbimda-data/PriorBIMDA-Datasets/Matterport3D/v1/scans/759xd9YjKW5/undistorted_color_images/b90801209e564a309883d214b02a6195_i2_1.jpg,/mnt/priorbimda-data/PriorBIMDA-Datasets/Matterport3D/v1/scans/759xd9YjKW5/undistorted_depth_images/b90801209e564a309883d214b02a6195_d2_1.png,1024,1280,406,504,1.4165615917841592,1017573,0.7763465881347656,-10.247900009155273,2.6056900024414062,1.830899953842163,True,204624,1.0,True,,1.0,204624,0.8990241885185242,-0.10644533884519805,0.9227655895121096,0.026065296252087033,log-depth Laplacian fallback,,,,0.09369558890390063,0.01121101944652564,0.10130138544216451,0.08017226558642905,0.10490257498598686,0.08190069089943035,0.08803538993051922,0.0382332840590256,6.55501874054267,0.9974252461494163,0.9984787332211055,0.999740559153987,0.05409652692618568,0.005164141395432616,0.07594314138167611,0.052568824962328814,0.06999476289626484,-0.02454464804951862,0.05513716932912032,0.023945768387402172,6.555018752856161,0.9975903448696064,0.9991410935628205,1.0,0.05409652692618568,0.005164141395432616,0.07594314138167611,0.052568824962328814,0.06999476289626484,-0.02454464804951862,0.05513716932912032,0.023945768387402172,6.555018752856161,0.9975903448696064,0.9991410935628205,1.0,0.02581317225796648,0.0023662955960281193,0.05419986489915235,0.027272685506788914,0.04041213709110335,-0.02143435354282679,0.025983737949882985,0.011284594010854292,3.425944121656452,0.9974940372828288,0.9987912415128939,0.9999832935818855,0.05079671463046359,0.0046371962190054124,0.07059866724936319,0.04826708509788445,0.06556782381191605,0.001520673327123977,0.050488199485437577,0.021926746437756144,6.5550187429653,0.997537277423831,0.9989671502683346,1.0,0.007984871044754982,0.057284981943666935,0.017760849557816982,ok,
759xd9YjKW5,b90801209e564a309883d214b02a6195,b90801209e564a309883d214b02a6195_i2_2,2,2,/mnt/priorbimda-data/PriorBIMDA-Datasets/Matterport3D/v1/scans/759xd9YjKW5/undistorted_color_images/b90801209e564a309883d214b02a6195_i2_2.jpg,/mnt/priorbimda-data/PriorBIMDA-Datasets/Matterport3D/v1/scans/759xd9YjKW5/undistorted_depth_images/b90801209e564a309883d214b02a6195_d2_2.png,1024,1280,406,504,1.4165615917841592,1213466,0.9258010864257813,-10.241700172424316,2.6188199520111084,1.8304799795150757,True,204624,1.0,True,,1.0,204624,1.0199722051620483,0.01977537708376697,1.023405784077445,0.003360692113861946,log-depth Laplacian fallback,,,,0.03188437942765355,0.001720635809662166,0.04409011013873422,0.035305284980954005,0.040526253975581135,-0.024053465461696826,0.03256402185533257,0.014142375000347826,3.2616070587614683,1.0,1.0,1.0,0.025741845959921045,0.0010992889808669934,0.03421132807313694,0.027081088444957338,0.03289544200343228,-0.0042780884083885315,0.025866190017055857,0.01123354359226833,3.26160706427244,1.0,1.0,1.0,0.025741845959921045,0.0010992889808669934,0.03421132807313694,0.027081088444957338,0.03289544200343228,-0.0042780884083885315,0.025866190017055857,0.01123354359226833,3.26160706427244,1.0,1.0,1.0,0.03043153796263511,0.0014327416152234665,0.038806498790307516,0.03123904824850455,0.03815719036224395,-0.0013836983107896675,0.03061001469385249,0.013293760472517596,3.813209350829352,1.0,1.0,1.0,0.02565267286638571,0.0010760609630761778,0.033648708844855275,0.026767185520969045,0.03262896968834185,-0.0009173901776099877,0.025690754616011446,0.011157352965664264,3.261607055095319,1.0,1.0,1.0,0.008788280189037323,0.05868736747652292,0.017760121263563633,ok,
759xd9YjKW5,b90801209e564a309883d214b02a6195,b90801209e564a309883d214b02a6195_i2_3,2,3,/mnt/priorbimda-data/PriorBIMDA-Datasets/Matterport3D/v1/scans/759xd9YjKW5/undistorted_color_images/b90801209e564a309883d214b02a6195_i2_3.jpg,/mnt/priorbimda-data/PriorBIMDA-Datasets/Matterport3D/v1/scans/759xd9YjKW5/undistorted_depth_images/b90801209e564a309883d214b02a6195_d2_3.png,1024,1280,406,504,1.4165615917841592,1131316,0.8631256103515625,-10.22719955444336,2.6199700832366943,1.8300600051879883,True,204624,1.0,True,,1.0,204624,1.0308622121810913,0.030395551274353547,1.1001396062194915,0.06504153522196866,log-depth Laplacian fallback,,,,0.15818396709310686,0.07900836041869011,0.2990560817263484,0.18923996143352756,0.2124976034886879,-0.07676688361905559,0.1474256970442937,0.06402616671707732,19.8146604986949,0.8767205626014305,0.9635177085800961,0.9734221031082385,0.1376228187259216,0.07860886951818688,0.2885703031203292,0.16180659406757844,0.20350031323671045,-0.046371332214266536,0.12236998984267251,0.05314461133922962,19.814660490685526,0.8827719222569114,0.9616402490550827,0.9721024010974829,0.1376228187259216,0.07860886951818688,0.2885703031203292,0.16180659406757844,0.20350031323671045,-0.046371332214266536,0.12236998984267251,0.05314461133922962,19.814660490685526,0.8827719222569114,0.9616402490550827,0.9721024010974829,0.13712633606633193,0.07147794441193024,0.28252780039541653,0.16398779176080575,0.1999489361326808,-0.05620714643969117,0.12504923009400082,0.0543081905960746,19.188625211228132,0.8802518482899562,0.9637696275841586,0.973954226758925,0.10433938091561797,0.08540270354917619,0.28162595310685623,0.11463340382228952,0.1990242546747056,0.01867021348152883,0.08141327899856357,0.03535733782272607,19.81466050109772,0.9325449299753561,0.9591007287088665,0.9690325249532403,0.012683168984949589,0.06282428093254566,0.017742677591741085,ok,
759xd9YjKW5,b90801209e564a309883d214b02a6195,b90801209e564a309883d214b02a6195_i2_4,2,4,/mnt/priorbimda-data/PriorBIMDA-Datasets/Matterport3D/v1/scans/759xd9YjKW5/undistorted_color_images/b90801209e564a309883d214b02a6195_i2_4.jpg,/mnt/priorbimda-data/PriorBIMDA-Datasets/Matterport3D/v1/scans/759xd9YjKW5/undistorted_depth_images/b90801209e564a309883d214b02a6195_d2_4.png,1024,1280,406,504,1.4165615917841592,1153097,0.8797431945800781,-10.218899726867676,2.607990026473999,1.8300600051879883,True,204624,1.0,True,,1.0,204624,1.1166706085205078,0.11035158718100008,1.186151860538094,0.060362749496123747,log-depth Laplacian fallback,,,,0.19100596313059862,0.08415355914284886,0.3973013611696921,0.3648003931788215,0.22545365487450664,-0.15398833582231672,0.19653814436859357,0.08535543158278486,16.467222876656088,0.8374291148099423,0.9754201077619663,0.9842216222919667,0.10688364838339905,0.05357410233224569,0.23043953103558168,0.15605906926002527,0.17035582989431108,-0.04363674853389629,0.09592333985758986,0.04165897718588153,16.46722288558971,0.9455752638329646,0.9741374749912627,0.9807093418853747,0.10688364838339905,0.05357410233224569,0.23043953103558168,0.15605906926002527,0.17035582989431108,-0.04363674853389629,0.09592333985758986,0.04165897718588153,16.46722288558971,0.9455752638329646,0.9741374749912627,0.9807093418853747,0.10315125086032519,0.05208213768397525,0.23848807826859866,0.15310975208730668,0.16926160389155853,-0.038505662614971646,0.09338336385982245,0.040555879625884445,16.482355565429607,0.9431270743051104,0.9747332618157882,0.9816407466154192,0.08075942492819772,0.05737698546105477,0.2241997919619672,0.10338808528583199,0.16551949154397397,0.01672600222621242,0.0644059505367984,0.02797114891986532,16.46722287773637,0.9543386202548442,0.9727906672205374,0.9788326567496056,0.014573297463357449,0.05839933920651674,0.01771737914532423,ok,
759xd9YjKW5,b90801209e564a309883d214b02a6195,b90801209e564a309883d214b02a6195_i2_5,2,5,/mnt/priorbimda-data/PriorBIMDA-Datasets/Matterport3D/v1/scans/759xd9YjKW5/undistorted_color_images/b90801209e564a309883d214b02a6195_i2_5.jpg,/mnt/priorbimda-data/PriorBIMDA-Datasets/Matterport3D/v1/scans/759xd9YjKW5/undistorted_depth_images/b90801209e564a309883d214b02a6195_d2_5.png,1024,1280,406,504,1.4165615917841592,1235531,0.9426353454589844,-10.225199699401855,2.5948500633239746,1.8304699659347534,True,204624,1.0,True,,1.0,204624,1.0812578201293945,0.07812501172741114,1.1200150808420137,0.03521713852645149,log-depth Laplacian fallback,,,,0.11596677553975004,0.04206981905291977,0.33131870717214384,0.3111638369577115,0.13564625832673063,-0.09556077834392138,0.11880985774242457,0.05159846561324533,9.627068629830196,0.9882949112567795,0.9907408231764319,0.9938431330334893,0.05862127507619361,0.01810199040475198,0.15542606845079382,0.11555268084738214,0.09783685909898501,-0.01743576648110952,0.054620630730196226,0.0237214385241994,9.627068632543793,0.9848898975420285,0.9899905384810256,0.9924461628239194,0.05862127507619361,0.01810199040475198,0.15542606845079382,0.11555268084738214,0.09783685909898501,-0.01743576648110952,0.054620630730196226,0.0237214385241994,9.627068632543793,0.9848898975420285,0.9899905384810256,0.9924461628239194,0.055451260087532844,0.019963531294455047,0.16256160654598947,0.1007422426204116,0.10352855531732322,-0.005069894142474905,0.050349403353201164,0.02186646804341635,10.340434197593519,0.9818393872755924,0.9898416146579891,0.992357132277539,0.04398415243450889,0.017613294231892555,0.13766516194357883,0.0718349815802904,0.09789903197026244,0.017781322115648847,0.03826289789333365,0.016617365416702362,9.627068632005281,0.9833941843628367,0.9897064501012115,0.992011531883862,0.010943966917693615,0.059512918815016747,0.017726446501910686,ok,
759xd9YjKW5,bbbe225834074bb0a3fb31a3e1e80685,bbbe225834074bb0a3fb31a3e1e80685_i0_0,0,0,/mnt/priorbimda-data/PriorBIMDA-Datasets/Matterport3D/v1/scans/759xd9YjKW5/undistorted_color_images/bbbe225834074bb0a3fb31a3e1e80685_i0_0.jpg,/mnt/priorbimda-data/PriorBIMDA-Datasets/Matterport3D/v1/scans/759xd9YjKW5/undistorted_depth_images/bbbe225834074bb0a3fb31a3e1e80685_d0_0.png,1024,1280,406,504,1.4155678118069965,1209760,0.9229736328125,-11.794699668884277,-7.980010032653809,1.565940022468567,True,150398,0.7349968723121433,True,,1.0,150398,1.1398074626922607,0.13085935576727095,1.2566789341544182,0.0976131189034842,log-depth Laplacian fallback,,,,0.19545162558414134,0.06342160145013516,0.3151931122855737,0.2832274902887882,0.23362155279992605,-0.2195333550865482,0.22043565172441118,0.09573398715865875,7.990078808805443,0.4646582793281312,0.999971068641714,1.0,0.0960508353786253,0.019230311866069917,0.17540675910295497,0.1448128829019546,0.11936169432765967,-0.08867399924109093,0.10228909826921526,0.04442359093717967,7.990078805218799,0.9828685028435392,1.0,1.0,0.0960508353786253,0.019230311866069917,0.17540675910295497,0.1448128829019546,0.11936169432765967,-0.08867399924109093,0.10228909826921526,0.04442359093717967,7.990078805218799,0.9828685028435392,1.0,1.0,0.10236404275932631,0.022731637718441944,0.19232541603816836,0.15743229965016792,0.12922919056955343,-0.09256973369587786,0.10966369041793875,0.047626335613657325,9.017221356236195,0.9500653022087026,1.0,1.0,0.06469659169733244,0.008327237201308341,0.10309520361299461,0.0817157517418496,0.08039927775777546,0.008939123360320236,0.06353078946581585,0.027591071295961084,7.990078809073728,0.9937566128818939,1.0,1.0,0.008777756243944168,0.057066830806434155,0.017763355746865273,ok,
759xd9YjKW5,bbbe225834074bb0a3fb31a3e1e80685,bbbe225834074bb0a3fb31a3e1e80685_i0_1,0,1,/mnt/priorbimda-data/PriorBIMDA-Datasets/Matterport3D/v1/scans/759xd9YjKW5/undistorted_color_images/bbbe225834074bb0a3fb31a3e1e80685_i0_1.jpg,/mnt/priorbimda-data/PriorBIMDA-Datasets/Matterport3D/v1/scans/759xd9YjKW5/undistorted_depth_images/bbbe225834074bb0a3fb31a3e1e80685_d0_1.png,1024,1280,406,504,1.4155678118069965,1226918,0.9360641479492188,-11.793299674987793,-7.965529918670654,1.5661900043487549,True,134780,0.6586715145828447,True,,1.0,134780,1.0027962923049927,0.002792389952717618,1.079120614221278,0.07335407341359523,log-depth Laplacian fallback,,,,0.09989394588483078,0.026188489916190185,0.21641998070314183,0.16467350532880365,0.13786008537527508,-0.08304638932372199,0.10787624559883582,0.04685005819201433,11.003953998436621,0.8870071186501461,1.0,1.0,0.09894914323635681,0.0256101737790969,0.21386976841525546,0.1628297284319844,0.13619619962586932,-0.08025399947979454,0.1066538307884275,0.04631917018525719,11.003953998462002,0.8902127118519738,1.0,1.0,0.09894914323635681,0.0256101737790969,0.21386976841525546,0.1628297284319844,0.13619619962586932,-0.08025399947979454,0.1066538307884275,0.04631917018525719,11.003953998462002,0.8902127118519738,1.0,1.0,0.08812106301913848,0.025362772588455915,0.21527762447366658,0.1512544549291285,0.13358734593860444,-0.08738356063940973,0.09609660049130851,0.04173422332303664,10.104302214848378,0.8786178049388794,1.0,1.0,0.09087995394211645,0.01815828666048306,0.1726997594186602,0.14246185411691176,0.11025565318362515,-0.00689990578304641,0.09180850590194631,0.0398719275049974,11.003953998055842,0.9604309334446148,0.9999176799101488,1.0,0.009825066663324833,0.05828220397233963,0.017703721299767494,ok,
759xd9YjKW5,bbbe225834074bb0a3fb31a3e1e80685,bbbe225834074bb0a3fb31a3e1e80685_i0_4,0,4,/mnt/priorbimda-data/PriorBIMDA-Datasets/Matterport3D/v1/scans/759xd9YjKW5/undistorted_color_images/bbbe225834074bb0a3fb31a3e1e80685_i0_4.jpg,/mnt/priorbimda-data/PriorBIMDA-Datasets/Matterport3D/v1/scans/759xd9YjKW5/undistorted_depth_images/bbbe225834074bb0a3fb31a3e1e80685_d0_4.png,1024,1280,406,504,1.4155678118069965,1249335,0.9531669616699219,-11.769700050354004,-7.982460021972656,1.5667200088500977,True,57777,0.2823569082805536,True,,1.0,57777,0.9271095395088196,-0.07568355479985404,0.9395999178829249,0.013382441206690625,log-depth Laplacian fallback,,,,0.09368367489401193,0.026069842550669485,0.23821134439692335,0.2141002576336958,0.10587285564301521,0.06165650737027253,0.0887988671603639,0.038564858007005945,8.606704747408422,0.9863319285860077,1.0,1.0,0.06953338355872363,0.0180144608184869,0.21844142757074764,0.17572990815156786,0.08720260720609863,-0.014027047445392718,0.0704929188313405,0.030614685661704992,8.606704737299767,0.999897545494203,1.0,1.0,0.06953338355872363,0.0180144608184869,0.21844142757074764,0.17572990815156786,0.08720260720609863,-0.014027047445392718,0.0704929188313405,0.030614685661704992,8.606704737299767,0.999897545494203,1.0,1.0,0.05676527648727885,0.012810446775677196,0.18350242784896859,0.14247192522521912,0.07338871914555647,-0.0077674572521433775,0.057365835968311345,0.02491366601080471,7.297650790262228,0.9998607259061821,1.0,1.0,0.0695063870626301,0.01715739313002015,0.20751528713786893,0.16931258181792214,0.08606946120949543,-0.0006445920056022936,0.0695377126070258,0.030199844869405468,8.606704743419025,0.9994917296001473,1.0,1.0,0.009255017153918743,0.060011073015630245,0.01779954880475998,ok,
759xd9YjKW5,bbbe225834074bb0a3fb31a3e1e80685,bbbe225834074bb0a3fb31a3e1e80685_i0_5,0,5,/mnt/priorbimda-data/PriorBIMDA-Datasets/Matterport3D/v1/scans/759xd9YjKW5/undistorted_color_images/bbbe225834074bb0a3fb31a3e1e80685_i0_5.jpg,/mnt/priorbimda-data/PriorBIMDA-Datasets/Matterport3D/v1/scans/759xd9YjKW5/undistorted_depth_images/bbbe225834074bb0a3fb31a3e1e80685_d0_5.png,1024,1280,406,504,1.4155678118069965,1240463,0.9463981628417969,-11.782899856567383,-7.988470077514648,1.5662000179290771,True,118001,0.576672335600907,True,,1.0,118001,1.028222918510437,0.027831990325140367,1.089663963557363,0.058037368070338,log-depth Laplacian fallback,,,,0.08873197626880498,0.01640756744932545,0.17940455854818593,0.16585085730278315,0.09809395166320126,-0.0925538710461263,0.09332233250619269,0.040529374045779935,3.2499297027466456,0.9996106292569791,0.9998718220535396,1.0,0.06343797506350904,0.009257767506347915,0.13574426058019484,0.11931951524294412,0.07242324331127795,-0.06472188083818753,0.06590933740385843,0.02862406154039531,3.2499297107660947,0.9992954243697716,1.0,1.0,0.06343797506350904,0.009257767506347915,0.13574426058019484,0.11931951524294412,0.07242324331127795,-0.06472188083818753,0.06590933740385843,0.02862406154039531,3.2499297107660947,0.9992954243697716,1.0,1.0,0.061036611206316614,0.010087092864831214,0.1421031754656955,0.11678268762366549,0.07574037387866371,-0.0627101034850178,0.06375482535429645,0.02768836884607649,4.247407628398906,0.999615466160619,0.9998145853604662,1.0,0.024361831574600916,0.0021005800880734746,0.06494845207763374,0.046587987284218764,0.03317961400988381,-0.006684495361942241,0.02453833733427212,0.01065686449935494,3.249929703241365,0.9991333880978313,1.0,1.0,0.00921481754630804,0.05830233730375767,0.017702048644423485,ok,
759xd9YjKW5,bbbe225834074bb0a3fb31a3e1e80685,bbbe225834074bb0a3fb31a3e1e80685_i1_0,1,0,/mnt/priorbimda-data/PriorBIMDA-Datasets/Matterport3D/v1/scans/759xd9YjKW5/undistorted_color_images/bbbe225834074bb0a3fb31a3e1e80685_i1_0.jpg,/mnt/priorbimda-data/PriorBIMDA-Datasets/Matterport3D/v1/scans/759xd9YjKW5/undistorted_depth_images/bbbe225834074bb0a3fb31a3e1e80685_d1_0.png,1024,1280,406,504,1.4121168655554452,1305865,0.9962959289550781,-11.785799980163574,-7.975910186767578,1.599560022354126,True,204624,1.0,True,,1.0,204624,1.0876119136810303,0.08398438781790249,0.9434896167577922,0.14215430707817778,log-depth Laplacian fallback,,,,0.07644011750267728,0.013179279235691028,0.1377571077933383,0.08571278088656221,0.10806350041436025,0.024507889018473422,0.07856754093297459,0.034121449483898704,10.524772442985467,0.913152584685247,1.0,1.0,0.1554467592722092,0.025167784877511777,0.16500122803055237,0.15351529782417045,0.15115441659276785,0.10849227696213792,0.14788566677907164,0.06422592903473381,10.524772441754154,0.9491869373939879,1.0,1.0,0.1554467592722092,0.025167784877511777,0.16500122803055237,0.15351529782417045,0.15115441659276785,0.10849227696213792,0.14788566677907164,0.06422592903473381,10.524772441754154,0.9491869373939879,1.0,1.0,0.15977179283030185,0.025269269663577818,0.16109415803320937,0.15524141047446396,0.1514822440301786,0.12011497266038858,0.1503428400435139,0.0652930658245613,9.229985698370657,0.9996829687601705,1.0,1.0,0.04093361255790314,0.013617096766159301,0.14705307439936147,0.05628317854013218,0.11049984695380984,-0.03366203617435747,0.04624504511188439,0.02008396790745834,10.524772442866233,0.913152584685247,1.0,1.0,0.008900831453502178,0.058020325377583504,0.01774238981306553,ok,
759xd9YjKW5,bbbe225834074bb0a3fb31a3e1e80685,bbbe225834074bb0a3fb31a3e1e80685_i1_1,1,1,/mnt/priorbimda-data/PriorBIMDA-Datasets/Matterport3D/v1/scans/759xd9YjKW5/undistorted_color_images/bbbe225834074bb0a3fb31a3e1e80685_i1_1.jpg,/mnt/priorbimda-data/PriorBIMDA-Datasets/Matterport3D/v1/scans/759xd9YjKW5/undistorted_depth_images/bbbe225834074bb0a3fb31a3e1e80685_d1_1.png,1024,1280,406,504,1.4121168655554452,1044282,0.7967239379882812,-11.785400390625,-7.972430229187012,1.59961998462677,True,204624,1.0,True,,1.0,204624,0.986963152885437,-0.013122572681762241,1.1603872855461657,0.16187638892904346,log-depth Laplacian fallback,,,,0.1255206261968511,0.026861762638157,0.2169774091555592,0.18934396631392467,0.1442617765125358,-0.11783487366532855,0.1348215109560776,0.058552238250083315,8.322501253126301,0.9980177768074141,0.9996523927444886,1.0,0.1332295560479854,0.030947271466078754,0.2335378448904983,0.20334324079766888,0.15516525213845345,-0.13095744636449616,0.144228184757774,0.06263750477522395,8.32250125435854,0.9888037905469979,0.9996341984253295,1.0,0.1332295560479854,0.030947271466078754,0.2335378448904983,0.20334324079766888,0.15516525213845345,-0.13095744636449616,0.144228184757774,0.06263750477522395,8.32250125435854,0.9888037905469979,0.9996341984253295,1.0,0.14079731107188906,0.03398800002578011,0.25523383635661684,0.21696927724309537,0.15633159609102926,-0.12160487517692573,0.15077043900810494,0.06547876969535078,9.82436881920311,0.9323008536008472,0.999417781786912,1.0,0.06021193211786171,0.008762641562725633,0.09856419152796239,0.06880077342454088,0.08878278713550186,0.030918935731815377,0.056575741731990585,0.02457053244378704,8.322501249480053,0.9684692448974511,0.9999990424042547,1.0,0.008489913307130337,0.059407212771475315,0.017710567452013493,ok,
759xd9YjKW5,bbbe225834074bb0a3fb31a3e1e80685,bbbe225834074bb0a3fb31a3e1e80685_i1_2,1,2,/mnt/priorbimda-data/PriorBIMDA-Datasets/Matterport3D/v1/scans/759xd9YjKW5/undistorted_color_images/bbbe225834074bb0a3fb31a3e1e80685_i1_2.jpg,/mnt/priorbimda-data/PriorBIMDA-Datasets/Matterport3D/v1/scans/759xd9YjKW5/undistorted_depth_images/bbbe225834074bb0a3fb31a3e1e80685_d1_2.png,1024,1280,406,504,1.4121168655554452,1162118,0.8866256713867188,-11.78219985961914,-7.970980167388916,1.5997400283813477,True,180716,0.8831613105012119,True,,1.0,180716,0.950254499912262,-0.051025435620427106,0.9767039312954349,0.02745372416341486,log-depth Laplacian fallback,,,,0.05452507615952523,0.04365061035692938,0.38436788268800354,0.19711416603432744,0.09505438281800463,0.04208626304539123,0.04946056339452504,0.0214804497540682,8.52295849795475,0.9571971176765183,0.9926909315577248,0.9960632224954781,0.05098545450987358,0.035506248722280094,0.3618279377521991,0.21100561007635213,0.08569708828072849,-0.008939172576099086,0.048304985784602135,0.020978588774667732,8.522958484851191,0.9757683815240793,0.9937063189796561,0.9967946456383947,0.05098545450987358,0.035506248722280094,0.3618279377521991,0.21100561007635213,0.08569708828072849,-0.008939172576099086,0.048304985784602135,0.020978588774667732,8.522958484851191,0.9757683815240793,0.9937063189796561,0.9967946456383947,0.05076426953458757,0.037712000135535204,0.37007014847531133,0.20502865558355748,0.088045119424419,-0.0059099850564370655,0.04797319702402746,0.020834494746792633,8.784654307992373,0.9739002407672886,0.9936959930058737,0.9965795211845957,0.04326005530402448,0.036801179035570335,0.35336748993659656,0.15560670613802693,0.08721737885959582,0.018514562370590675,0.03931655844202911,0.017074964378799958,8.522958497707107,0.9649338535329459,0.9932184167184399,0.9963575127482751,0.008524498902261257,0.05839907098561525,0.017753380350768566,ok,
759xd9YjKW5,bbbe225834074bb0a3fb31a3e1e80685,bbbe225834074bb0a3fb31a3e1e80685_i1_3,1,3,/mnt/priorbimda-data/PriorBIMDA-Datasets/Matterport3D/v1/scans/759xd9YjKW5/undistorted_color_images/bbbe225834074bb0a3fb31a3e1e80685_i1_3.jpg,/mnt/priorbimda-data/PriorBIMDA-Datasets/Matterport3D/v1/scans/759xd9YjKW5/undistorted_depth_images/bbbe225834074bb0a3fb31a3e1e80685_d1_3.png,1024,1280,406,504,1.4121168655554452,1077206,0.8218429565429688,-11.779399871826172,-7.973020076751709,1.599810004234314,True,92021,0.44970775666588475,True,,1.0,92021,0.9437808394432068,-0.057861301397086486,1.00000687121044,0.05786817258391979,log-depth Laplacian fallback,,,,0.05750329601194482,0.05414432549566688,0.4253170817771362,0.23742753298429414,0.10240072764601435,0.00740381126017384,0.05306095239468897,0.023044078829544557,10.213272052215652,0.9732196070203842,0.9897921103298719,0.9960833860932821,0.082234260715765,0.0632487389594694,0.5194152797363532,0.3685182349888927,0.11391685967411826,-0.05045749002228696,0.0816019080457915,0.0354392583770638,10.213272060737227,0.9702461738980288,0.9918288609606705,0.9962514133786853,0.082234260715765,0.0632487389594694,0.5194152797363532,0.3685182349888927,0.11391685967411826,-0.05045749002228696,0.0816019080457915,0.0354392583770638,10.213272060737227,0.9702461738980288,0.9918288609606705,0.9962514133786853,0.08058635587635714,0.05854305650451583,0.4784800322526614,0.34737533980810203,0.11161245678600246,-0.05112400667598379,0.0800396446746577,0.03476077601570086,9.921530351312358,0.969046774711615,0.9927423352636358,0.9962402734481612,0.0575036930431077,0.05414496426836553,0.4253142109747239,0.2374261553646199,0.1024012276925743,0.007410725483859596,0.05306095183920098,0.023044078588299186,10.213272042175966,0.9732196070203842,0.9897911820023283,0.9960833860932821,0.011576988734304905,0.061681415885686874,0.017729070968925953,ok,
759xd9YjKW5,bbbe225834074bb0a3fb31a3e1e80685,bbbe225834074bb0a3fb31a3e1e80685_i1_4,1,4,/mnt/priorbimda-data/PriorBIMDA-Datasets/Matterport3D/v1/scans/759xd9YjKW5/undistorted_color_images/bbbe225834074bb0a3fb31a3e1e80685_i1_4.jpg,/mnt/priorbimda-data/PriorBIMDA-Datasets/Matterport3D/v1/scans/759xd9YjKW5/undistorted_depth_images/bbbe225834074bb0a3fb31a3e1e80685_d1_4.png,1024,1280,406,504,1.4121168655554452,1297942,0.9902511596679687,-11.77970027923584,-7.976500034332275,1.59975004196167,True,190981,0.9333264915161467,True,,1.0,190981,1.0876119136810303,0.08398438781790249,1.0539632098336091,0.03142684358914116,log-depth Laplacian fallback,,,,0.05258889415160373,0.007893123025154842,0.1473199094482322,0.12747147309749832,0.05935530098712807,-0.05067425246062073,0.05409011973676884,0.023491040527164865,3.0905855316263944,0.9980407445016803,1.0,1.0,0.037540963827210595,0.005603033891668408,0.12270160182934439,0.09399159248531232,0.0454393772295687,0.03331013531144557,0.03659258241503671,0.0158919566214404,3.090585524693069,0.9961878111656761,1.0,1.0,0.037540963827210595,0.005603033891668408,0.12270160182934439,0.09399159248531232,0.0454393772295687,0.03331013531144557,0.03659258241503671,0.0158919566214404,3.090585524693069,0.9961878111656761,1.0,1.0,0.04990881524220601,0.008025059001572998,0.12901131982809985,0.10131662089552475,0.06199507236432505,0.04225629951763812,0.04811023870690879,0.02089401119345871,4.536291600562683,0.9960121484627202,1.0,1.0,0.016654727878165965,0.002420262208275842,0.07843824794761907,0.038629022841676026,0.03096318119393738,0.0018832675900553146,0.01649530259393465,0.007163818893870215,3.090585531631255,0.9968457758513092,1.0,1.0,0.008784135803580284,0.05829741433262825,0.01772560179233551,ok,
759xd9YjKW5,bbbe225834074bb0a3fb31a3e1e80685,bbbe225834074bb0a3fb31a3e1e80685_i1_5,1,5,/mnt/priorbimda-data/PriorBIMDA-Datasets/Matterport3D/v1/scans/759xd9YjKW5/undistorted_color_images/bbbe225834074bb0a3fb31a3e1e80685_i1_5.jpg,/mnt/priorbimda-data/PriorBIMDA-Datasets/Matterport3D/v1/scans/759xd9YjKW5/undistorted_depth_images/bbbe225834074bb0a3fb31a3e1e80685_d1_5.png,1024,1280,406,504,1.4121168655554452,1300661,0.9923255920410157,-11.782899856567383,-7.977950096130371,1.59961998462677,True,204624,1.0,True,,1.0,204624,0.8963941931724548,-0.10937501501872232,0.8863900134754283,0.011223214419885552,log-depth Laplacian fallback,,,,0.12083654752906818,0.07900857605920877,0.3949672415758145,0.24196886464243766,0.15362544312062515,0.08095712558593224,0.1075117933581296,0.04669177859495839,13.056309046155437,0.9774814498166702,0.9851498584181427,0.9904102606290186,0.09588550562764576,0.07383798614555169,0.5047197739274725,0.3460608624117739,0.13361997243966714,-0.028417889512636973,0.09429727393745264,0.04095278572955501,13.056309045984232,0.973415055883124,0.9875255735353025,0.9925307209180563,0.09588550562764576,0.07383798614555169,0.5047197739274725,0.3460608624117739,0.13361997243966714,-0.028417889512636973,0.09429727393745264,0.04095278572955501,13.056309045984232,0.973415055883124,0.9875255735353025,0.9925307209180563,0.0795317748482094,0.05632497255621762,0.41988675150637805,0.27553107618693595,0.1178118041979603,-0.02854440206589797,0.07728229103960904,0.033563272547343315,11.430152369535103,0.970366605902691,0.9887710940821628,0.9930635269297687,0.09432104683641135,0.07724231360576693,0.5283297221254581,0.3580116668555278,0.1364482912839933,-0.03964108475936739,0.09379931110667544,0.040736523219955564,13.056309047132014,0.9665085675667987,0.9878823152227982,0.9926744939688359,0.007977340370416641,0.06393676530569792,0.017697774805128574,ok,
759xd9YjKW5,bbbe225834074bb0a3fb31a3e1e80685,bbbe225834074bb0a3fb31a3e1e80685_i2_0,2,0,/mnt/priorbimda-data/PriorBIMDA-Datasets/Matterport3D/v1/scans/759xd9YjKW5/undistorted_color_images/bbbe225834074bb0a3fb31a3e1e80685_i2_0.jpg,/mnt/priorbimda-data/PriorBIMDA-Datasets/Matterport3D/v1/scans/759xd9YjKW5/undistorted_depth_images/bbbe225834074bb0a3fb31a3e1e80685_d2_0.png,1024,1280,406,504,1.4165615917841592,1216572,0.9281707763671875,-11.796899795532227,-7.980949878692627,1.632390022277832,True,204624,1.0,True,,1.0,204624,1.1314897537231445,0.12353513056936201,1.2913027899360392,0.13211649286257615,log-depth Laplacian fallback,,,,0.21660934899127846,0.0617549830968457,0.293316511446055,0.2855517777335088,0.2469552158167146,-0.242900213226973,0.24454866076326193,0.10620613392631491,4.4568655278919245,0.16504325268048253,0.9999416392946738,1.0,0.11517038761412411,0.018095672759595907,0.15567651807676208,0.14787763896531764,0.12741423784789638,-0.11936508273313198,0.12249038399688829,0.05319689785605902,4.456865524640455,0.995357446990396,1.0,1.0,0.11517038761412411,0.018095672759595907,0.15567651807676208,0.14787763896531764,0.12741423784789638,-0.11936508273313198,0.12249038399688829,0.05319689785605902,4.456865524640455,0.995357446990396,1.0,1.0,0.10925491843416531,0.01691595787347623,0.15492238782037362,0.1465391430053437,0.11884948771630437,-0.11316734701716569,0.11572956492833934,0.05026071144144187,3.630912143696653,0.9956500724987917,0.9999901362188182,1.0,0.02492264896619914,0.004293788967933082,0.0840808502490605,0.03970632227059693,0.04635691639285604,0.012751418113441897,0.023848457049352952,0.01035725329844069,4.4568655280930685,0.9942584573703817,0.9990991079853885,1.0,0.008880729787051678,0.05874671321362257,0.017716444097459316,ok,
759xd9YjKW5,bbbe225834074bb0a3fb31a3e1e80685,bbbe225834074bb0a3fb31a3e1e80685_i2_1,2,1,/mnt/priorbimda-data/PriorBIMDA-Datasets/Matterport3D/v1/scans/759xd9YjKW5/undistorted_color_images/bbbe225834074bb0a3fb31a3e1e80685_i2_1.jpg,/mnt/priorbimda-data/PriorBIMDA-Datasets/Matterport3D/v1/scans/759xd9YjKW5/undistorted_depth_images/bbbe225834074bb0a3fb31a3e1e80685_d2_1.png,1024,1280,406,504,1.4165615917841592,1179739,0.9000694274902343,-11.795499801635742,-7.966469764709473,1.6326500177383423,True,204624,1.0,True,,1.0,204624,0.9616906046867371,-0.03906249679594273,1.033451755410092,0.07196691506239133,log-depth Laplacian fallback,,,,0.04375408520743216,0.00533327250039082,0.09266731133350303,0.06718090540041435,0.05918487179351045,-0.026492984834111822,0.044270701132696336,0.019226521211918052,5.292419865991161,0.9940630936164694,0.9987760004543378,0.999975418291673,0.06867619105352972,0.009303734977344252,0.11812347957180104,0.10299371745987494,0.08425254855008783,-0.0655554814708134,0.07133604808261942,0.030980852043066654,5.292419849477882,0.9957719461677541,0.998941291251709,1.0,0.06867619105352972,0.009303734977344252,0.11812347957180104,0.10299371745987494,0.08425254855008783,-0.0655554814708134,0.07133604808261942,0.030980852043066654,5.292419849477882,0.9957719461677541,0.998941291251709,1.0,0.06110815769156168,0.008498335184317491,0.11871226856000432,0.09904609911535205,0.07465434194543588,-0.0574325560812912,0.06297413482198365,0.027349319255818894,4.769457278638114,0.9955998742094649,0.998775152809223,1.0,0.038134062263744856,0.006053007975357547,0.11121427883825695,0.07085447382754817,0.05331114125501953,0.006411472303522016,0.037339076775206835,0.01621615500283419,5.292419866954828,0.9929798031598515,0.9985166210492321,0.9998389474282023,0.008585703559219837,0.059295155107975006,0.017725677229464054,ok,
759xd9YjKW5,bbbe225834074bb0a3fb31a3e1e80685,bbbe225834074bb0a3fb31a3e1e80685_i2_2,2,2,/mnt/priorbimda-data/PriorBIMDA-Datasets/Matterport3D/v1/scans/759xd9YjKW5/undistorted_color_images/bbbe225834074bb0a3fb31a3e1e80685_i2_2.jpg,/mnt/priorbimda-data/PriorBIMDA-Datasets/Matterport3D/v1/scans/759xd9YjKW5/undistorted_depth_images/bbbe225834074bb0a3fb31a3e1e80685_d2_2.png,1024,1280,406,504,1.4165615917841592,1239610,0.9457473754882812,-11.782299995422363,-7.960460186004639,1.6331599950790405,True,204624,1.0,True,,1.0,204624,1.031113862991333,0.030639638307681585,1.0646047817497166,0.03196399503157163,log-depth Laplacian fallback,,,,0.06655900338138701,0.019017865737143633,0.19462475922967085,0.1286116313066325,0.08840759750519947,-0.04890601261085923,0.06675185890466152,0.02898996397907896,7.364852494889377,0.9855381934640733,0.9958962899621655,0.9975500358983874,0.046893452193772965,0.01700427709362924,0.18623376692734864,0.09069435071722468,0.07587994240470207,-0.01826637438806398,0.045370617841168796,0.01970420896896083,7.364852494148123,0.9823646146771968,0.9955429530255484,0.9974088624648075,0.046893452193772965,0.01700427709362924,0.18623376692734864,0.09069435071722468,0.07587994240470207,-0.01826637438806398,0.045370617841168796,0.01970420896896083,7.364852494148123,0.9823646146771968,0.9955429530255484,0.9974088624648075,0.05750721572593285,0.019837340866810108,0.20036530210258477,0.10957894950128785,0.08928598046084461,-0.03509738520771348,0.05730003884515681,0.024885090683293556,8.209847659022486,0.9829833576689443,0.9954590556707351,0.9975234146223408,0.040059822214076925,0.01925749218203307,0.20589239588711777,0.09061549905501218,0.0749114775281879,0.013697599604547897,0.03719142283396421,0.016152029710921265,7.364852497185324,0.9807439436596994,0.9945394115891288,0.9971966989617702,0.007862795144319534,0.05972809251397848,0.01777588203549385,ok,
759xd9YjKW5,bbbe225834074bb0a3fb31a3e1e80685,bbbe225834074bb0a3fb31a3e1e80685_i2_3,2,3,/mnt/priorbimda-data/PriorBIMDA-Datasets/Matterport3D/v1/scans/759xd9YjKW5/undistorted_color_images/bbbe225834074bb0a3fb31a3e1e80685_i2_3.jpg,/mnt/priorbimda-data/PriorBIMDA-Datasets/Matterport3D/v1/scans/759xd9YjKW5/undistorted_depth_images/bbbe225834074bb0a3fb31a3e1e80685_d2_3.png,1024,1280,406,504,1.4165615917841592,1257716,0.9595611572265625,-11.770400047302246,-7.9689202308654785,1.633430004119873,True,182352,0.891156462585034,True,,1.0,182352,1.0564683675765991,0.05493161685583909,1.0760163167466286,0.01833400903144327,log-depth Laplacian fallback,,,,0.0734038980916692,0.015949923188977092,0.19876511371781144,0.17093463034191533,0.08452184632010461,-0.06654611488175582,0.07552412111542059,0.03279970905102004,5.211100746966553,0.9889299333076783,0.9992947533465425,1.0,0.030319675452299893,0.008124140944008968,0.1390782466669021,0.06555101255606083,0.05338963993770746,-0.011614498093703783,0.029675827897130844,0.012888048301634503,5.211100734690704,0.9863999503862557,0.9978580220017874,1.0,0.030319675452299893,0.008124140944008968,0.1390782466669021,0.06555101255606083,0.05338963993770746,-0.011614498093703783,0.029675827897130844,0.012888048301634503,5.211100734690704,0.9863999503862557,0.9978580220017874,1.0,0.033580013876830336,0.008720684014586278,0.14174713639809608,0.07079988231856205,0.05899774928474745,-0.018014941694592754,0.03341338756601543,0.014511249841615215,5.6180034677867035,0.9869326620636137,0.9982810109754507,1.0,0.026418106070225236,0.008671377386710078,0.14627369777527452,0.0635013533812562,0.05254244767560609,0.006719501819312551,0.02526669550403989,0.01097318643333423,5.2111007503636495,0.9857455896243668,0.9970001176736243,1.0,0.008237797766923904,0.06096656993031502,0.017730362713336945,ok,
759xd9YjKW5,bbbe225834074bb0a3fb31a3e1e80685,bbbe225834074bb0a3fb31a3e1e80685_i2_4,2,4,/mnt/priorbimda-data/PriorBIMDA-Datasets/Matterport3D/v1/scans/759xd9YjKW5/undistorted_color_images/bbbe225834074bb0a3fb31a3e1e80685_i2_4.jpg,/mnt/priorbimda-data/PriorBIMDA-Datasets/Matterport3D/v1/scans/759xd9YjKW5/undistorted_depth_images/bbbe225834074bb0a3fb31a3e1e80685_d2_4.png,1024,1280,406,504,1.4165615917841592,1244696,0.949627685546875,-11.77180004119873,-7.983399868011475,1.633180022239685,True,204623,0.9999951129877238,True,,1.0,204623,1.0400893688201904,0.03930664101925189,1.0567513867381615,0.015892831711658076,log-depth Laplacian fallback,,,,0.05733018703069398,0.008962608370132531,0.13652779134441714,0.1125506528406521,0.06995525036156547,-0.05040860175694603,0.05913758239289484,0.025683125706333146,4.850474123277973,0.9965413241466189,0.9999043943260041,1.0,0.03508207270027362,0.005361914153847761,0.10941253498989667,0.07248301106554557,0.049759054013167485,-0.011101960624399816,0.03515253920243068,0.015266553800503376,4.850474127938005,0.9957041719423859,0.9999582227306909,1.0,0.03508207270027362,0.005361914153847761,0.10941253498989667,0.07248301106554557,0.049759054013167485,-0.011101960624399816,0.03515253920243068,0.015266553800503376,4.850474127938005,0.9957041719423859,0.9999582227306909,1.0,0.04628813315960019,0.007522297568967444,0.1264432072825058,0.09194288382103857,0.06300162633121655,-0.023175567943704407,0.04714641406240995,0.020475427468830517,5.85841102250856,0.9958303071593385,0.9999582227306909,1.0,0.0333349298701336,0.005700610387753025,0.11570327900369497,0.07396099566744829,0.04874076547503186,0.004790855527507525,0.03286746499593937,0.014274158681884768,4.850474123636377,0.9930585460224826,0.9999967863638993,1.0,0.007993663661181927,0.05871347151696682,0.017710252664983273,ok,
759xd9YjKW5,bbbe225834074bb0a3fb31a3e1e80685,bbbe225834074bb0a3fb31a3e1e80685_i2_5,2,5,/mnt/priorbimda-data/PriorBIMDA-Datasets/Matterport3D/v1/scans/759xd9YjKW5/undistorted_color_images/bbbe225834074bb0a3fb31a3e1e80685_i2_5.jpg,/mnt/priorbimda-data/PriorBIMDA-Datasets/Matterport3D/v1/scans/759xd9YjKW5/undistorted_depth_images/bbbe225834074bb0a3fb31a3e1e80685_d2_5.png,1024,1280,406,504,1.4165615917841592,1255985,0.9582405090332031,-11.785099983215332,-7.989419937133789,1.6326600313186646,True,204624,1.0,True,,1.0,204624,1.093469262123108,0.08935545111281505,1.1377818546791447,0.03972517436999963,log-depth Laplacian fallback,,,,0.11865265662304113,0.03315762331603657,0.257675182750532,0.23442622223897433,0.1367234125001234,-0.11563624834547535,0.12557563922924875,0.05453680717873621,7.294895197507943,0.986423404738114,0.9969147720713225,0.9992101816502585,0.05538775977768823,0.016746627258273136,0.19649793898349707,0.11592211209108048,0.0775385704146508,-0.02628079716598442,0.05480024514417427,0.023799444073060363,7.2948952029951375,0.9848023662702978,0.9959338686369662,0.998360649211575,0.05538775977768823,0.016746627258273136,0.19649793898349707,0.11592211209108048,0.0775385704146508,-0.02628079716598442,0.05480024514417427,0.023799444073060363,7.2948952029951375,0.9848023662702978,0.9959338686369662,0.998360649211575,0.04575510105269174,0.012573934216458508,0.1652896025387805,0.09199163606512446,0.06727574802854284,-0.031185024843215725,0.045283813474979236,0.01966651031171961,5.961141248391959,0.986507004462633,0.9961822792469656,0.998733265126574,0.042890719738761345,0.020168714705303393,0.23305351326233775,0.11090683768535761,0.07417749636913944,0.013444380442988901,0.04042198775990026,0.017555046231685467,7.294895202878429,0.9833501196272249,0.995648833385749,0.9979744981030825,0.008098251186311245,0.057435667142271996,0.01772388257086277,ok,
759xd9YjKW5,c742bd01328e48a0acc256a1ce2a48fc,c742bd01328e48a0acc256a1ce2a48fc_i0_0,0,0,/mnt/priorbimda-data/PriorBIMDA-Datasets/Matterport3D/v1/scans/759xd9YjKW5/undistorted_color_images/c742bd01328e48a0acc256a1ce2a48fc_i0_0.jpg,/mnt/priorbimda-data/PriorBIMDA-Datasets/Matterport3D/v1/scans/759xd9YjKW5/undistorted_depth_images/c742bd01328e48a0acc256a1ce2a48fc_d0_0.png,1024,1280,406,504,1.4155678118069965,1111235,0.8478050231933594,-10.260700225830078,3.5917398929595947,2.522200107574463,True,123840,0.6052076002814919,True,,1.0,123840,0.8850861191749573,-0.1220703289062876,0.7719568974556785,0.13675623392105202,log-depth Laplacian fallback,,,,0.28662200396199017,0.06313152687234704,0.22017804994854595,0.1901513366960823,0.2644910464610308,0.2412897883155563,0.25103810847902397,0.10902446525987002,10.83270590050573,0.34499633290888065,0.9924030470602527,0.9992656818764708,0.14424579626647163,0.022459141117835167,0.1527980644266941,0.10154297846451088,0.161083925926132,0.11921945939458493,0.13460651830375348,0.05845886812752919,10.832705891622135,0.9246433022717967,0.9924030470602527,0.9924030470602527,0.14424579626647163,0.022459141117835167,0.1527980644266941,0.10154297846451088,0.161083925926132,0.11921945939458493,0.13460651830375348,0.05845886812752919,10.832705891622135,0.9246433022717967,0.9924030470602527,0.9924030470602527,0.13327220121686967,0.020619912579829473,0.14582754698130226,0.09217416512873201,0.15409200484118152,0.11208971811862083,0.12425173081813404,0.05396184106124388,10.573665896018673,0.8574954892529483,0.9924030470602527,0.9924813383307761,0.06653259408418294,0.009287626576840508,0.12648718489020705,0.04728979651066851,0.10973736426762755,-0.017536744508798347,0.06992821100885624,0.0303694361705125,10.832705898545898,0.9924030470602527,0.9924030470602527,0.9924030470602527,0.009503024630248547,0.05814647860825062,0.017725422978401184,ok,
759xd9YjKW5,c742bd01328e48a0acc256a1ce2a48fc,c742bd01328e48a0acc256a1ce2a48fc_i0_4,0,4,/mnt/priorbimda-data/PriorBIMDA-Datasets/Matterport3D/v1/scans/759xd9YjKW5/undistorted_color_images/c742bd01328e48a0acc256a1ce2a48fc_i0_4.jpg,/mnt/priorbimda-data/PriorBIMDA-Datasets/Matterport3D/v1/scans/759xd9YjKW5/undistorted_depth_images/c742bd01328e48a0acc256a1ce2a48fc_d0_4.png,1024,1280,406,504,1.4155678118069965,1157191,0.8828666687011719,-10.237600326538086,3.6018199920654297,2.521899938583374,True,88652,0.4332434123074517,True,,1.0,88652,0.9389545321464539,-0.0629882225155079,0.8711683107781935,0.07493185973097752,log-depth Laplacian fallback,,,,0.15351659791773495,0.050305385233911155,0.3480721241002419,0.2546222037663828,0.16417387702786324,0.07589052242650479,0.14246482787663167,0.061871688612117726,14.558052927569722,0.947502184168387,0.9960179434509947,1.0,0.13641443505469253,0.05346698598614495,0.42278296563471385,0.3111013105695016,0.14615115399920403,0.012902300044793386,0.13447907864563646,0.05840352178723338,14.558052915432468,0.9474477419890062,0.9998565491781392,1.0,0.13641443505469253,0.05346698598614495,0.42278296563471385,0.3111013105695016,0.14615115399920403,0.012902300044793386,0.13447907864563646,0.05840352178723338,14.558052915432468,0.9474477419890062,0.9998565491781392,1.0,0.1387026569547159,0.055698501193389836,0.42310683934271753,0.30640802763126757,0.14988017258585787,0.024353521865135768,0.13518595526271185,0.058710514401415614,14.788837718742773,0.9558456641989093,0.9994218759046691,1.0,0.12101592238329602,0.07672796061837807,0.5511679541511529,0.3794935274273993,0.15824460854910224,-0.062029554480387265,0.12867391360196906,0.05588237064223093,14.55805292812994,0.7948419923763665,0.9998297601692374,0.9999939508689577,0.010380571708083153,0.060329207219183445,0.01771513931453228,ok,
759xd9YjKW5,c742bd01328e48a0acc256a1ce2a48fc,c742bd01328e48a0acc256a1ce2a48fc_i0_5,0,5,/mnt/priorbimda-data/PriorBIMDA-Datasets/Matterport3D/v1/scans/759xd9YjKW5/undistorted_color_images/c742bd01328e48a0acc256a1ce2a48fc_i0_5.jpg,/mnt/priorbimda-data/PriorBIMDA-Datasets/Matterport3D/v1/scans/759xd9YjKW5/undistorted_depth_images/c742bd01328e48a0acc256a1ce2a48fc_d0_5.png,1024,1280,406,504,1.4155678118069965,1145999,0.8743278503417968,-10.246199607849121,3.5901100635528564,2.5217299461364746,True,151004,0.7379584017515052,True,,1.0,151004,1.1554977893829346,0.14453123760449219,1.1168140929364632,0.03405116562477453,log-depth Laplacian fallback,,,,0.12343019990942611,0.014251124226507934,0.09915736584847586,0.08013282225517222,0.16088397564999404,-0.10639131212942589,0.13394475033740016,0.05817146595144164,12.068364563737271,0.8078113506207248,1.0,1.0,0.10854997561014224,0.011286274741153048,0.08349311184599179,0.06626248331867252,0.12656696344810076,0.038139925438020084,0.10363781957480626,0.0450093331578232,12.068364563624659,0.9320575323364156,1.0,1.0,0.10854997561014224,0.011286274741153048,0.08349311184599179,0.06626248331867252,0.12656696344810076,0.038139925438020084,0.10363781957480626,0.0450093331578232,12.068364563624659,0.9320575323364156,1.0,1.0,0.10590569323634318,0.00957657844690412,0.07648194016653942,0.06420575226839582,0.11801222820755071,0.046813762439782046,0.10089640061226114,0.04381875002980491,10.832985577735567,0.9580933316695739,1.0,1.0,0.10159414653483115,0.009752222005375377,0.0792399702082369,0.06354373248048505,0.12075289066107496,0.004088798884549925,0.10024056483940595,0.043533924172619136,12.068364564715148,0.9572233483624332,1.0,1.0,0.009957580827176571,0.0585869662463665,0.01772674173116684,ok,
759xd9YjKW5,c742bd01328e48a0acc256a1ce2a48fc,c742bd01328e48a0acc256a1ce2a48fc_i1_0,1,0,/mnt/priorbimda-data/PriorBIMDA-Datasets/Matterport3D/v1/scans/759xd9YjKW5/undistorted_color_images/c742bd01328e48a0acc256a1ce2a48fc_i1_0.jpg,/mnt/priorbimda-data/PriorBIMDA-Datasets/Matterport3D/v1/scans/759xd9YjKW5/undistorted_depth_images/c742bd01328e48a0acc256a1ce2a48fc_d1_0.png,1024,1280,406,504,1.4121168655554452,1245906,0.9505508422851563,-10.253199577331543,3.5994300842285156,2.5555500984191895,True,200102,0.9779009304871373,True,,1.0,200102,0.8790563941001892,-0.12890622624437154,0.8347656819611298,0.05169798767401637,log-depth Laplacian fallback,,,,0.18993995994692042,0.04548874554677165,0.2920186532687247,0.20950096308307348,0.18380139803359818,0.15234180715145934,0.17348855783061737,0.07534512333919036,10.283446753366675,0.8826645027795035,0.9955702918197681,0.9995489226314024,0.07857433103162248,0.030485521864784752,0.36633426108748585,0.15180493984769547,0.10547110572258608,0.023435580934877413,0.07889243397515504,0.03426254873932643,10.283446741530653,0.9400941965124174,0.996910681865245,0.9995537384040208,0.07857433103162248,0.030485521864784752,0.36633426108748585,0.15180493984769547,0.10547110572258608,0.023435580934877413,0.07889243397515504,0.03426254873932643,10.283446741530653,0.9400941965124174,0.996910681865245,0.9995537384040208,0.05848965256938409,0.020096637477808165,0.280279793150539,0.10918676930466102,0.08331688319613001,0.026740814285742286,0.05770410035687878,0.02506057236818392,7.890901011198285,0.9704335640088417,0.9965310384571548,0.9994839097010529,0.056077033342171206,0.03619974540848371,0.41699862957334843,0.15238771545523846,0.10664751271529098,-0.028262417872669775,0.059743440280665895,0.02594624644380966,10.28344674919297,0.9180451815787066,0.9972116676539,0.9993627127568211,0.009512700140476227,0.058783878572285175,0.017716429196298122,ok,
759xd9YjKW5,c742bd01328e48a0acc256a1ce2a48fc,c742bd01328e48a0acc256a1ce2a48fc_i1_1,1,1,/mnt/priorbimda-data/PriorBIMDA-Datasets/Matterport3D/v1/scans/759xd9YjKW5/undistorted_color_images/c742bd01328e48a0acc256a1ce2a48fc_i1_1.jpg,/mnt/priorbimda-data/PriorBIMDA-Datasets/Matterport3D/v1/scans/759xd9YjKW5/undistorted_depth_images/c742bd01328e48a0acc256a1ce2a48fc_d1_1.png,1024,1280,406,504,1.4121168655554452,584083,0.4456199645996094,-10.254599571228027,3.6026298999786377,2.5557000637054443,True,178692,0.8732699976542341,True,,1.0,178692,0.6596699953079224,-0.41601557611611306,0.5092895599579208,0.2587229679919285,log-depth Laplacian fallback,,,,1.0014235608306994,0.6140194467520197,0.611806038915762,0.6113909920878625,0.6942036914504297,0.6930523269204457,0.6930523269204457,0.300988801251758,3.9965452250149633,0.0,0.0,0.42009611647659667,0.3202790710453127,0.06363948201197675,0.19620551045619605,0.1948090044032541,0.2799046242990258,0.27703675084647106,0.27703675084647106,0.12031553217702842,3.9965452385893108,0.0,1.0,1.0,0.3202790710453127,0.06363948201197675,0.19620551045619605,0.1948090044032541,0.2799046242990258,0.27703675084647106,0.27703675084647106,0.12031553217702842,3.9965452385893108,0.0,1.0,1.0,0.2765371837673602,0.051822548085821665,0.17716538892258846,0.1681646680060751,0.25244091313255146,0.2413812542094544,0.2413812542094544,0.10483054673805209,7.39019941508154,0.5152880669356924,1.0,1.0,0.03238855936871284,0.001198873796787344,0.026292365388649267,0.019056031181637487,0.04396171305923775,0.018313788142381333,0.03151015421815855,0.013684686100866742,3.996545231795492,1.0,1.0,1.0,0.00887849647551775,0.05834889318794012,0.017707902006804943,ok,
759xd9YjKW5,c742bd01328e48a0acc256a1ce2a48fc,c742bd01328e48a0acc256a1ce2a48fc_i1_2,1,2,/mnt/priorbimda-data/PriorBIMDA-Datasets/Matterport3D/v1/scans/759xd9YjKW5/undistorted_color_images/c742bd01328e48a0acc256a1ce2a48fc_i1_2.jpg,/mnt/priorbimda-data/PriorBIMDA-Datasets/Matterport3D/v1/scans/759xd9YjKW5/undistorted_depth_images/c742bd01328e48a0acc256a1ce2a48fc_d1_2.png,1024,1280,406,504,1.4121168655554452,1302144,0.99345703125,-10.2524995803833,3.605449914932251,2.5557401180267334,True,137627,0.6725848385331143,True,,1.0,137627,0.9607519507408142,-0.04003901910384126,0.9554676783593716,0.005515323709545029,log-depth Laplacian fallback,,,,0.1085609964523141,0.025244798374640554,0.179202602544872,0.10861886754631264,0.14241459130494785,0.082330448247952,0.09884852566084336,0.04292936923877623,11.620504768660709,0.8279990538680821,0.9953876069006193,0.9996966541334906,0.09729618383716437,0.01984786050491904,0.17153256949023632,0.1082545031921034,0.12366154637566157,0.04229142904614547,0.09165357017514766,0.039804639773799076,11.620504757218914,0.904932941364396,0.9965994544382188,0.9999262754349749,0.09729618383716437,0.01984786050491904,0.17153256949023632,0.1082545031921034,0.12366154637566157,0.04229142904614547,0.09165357017514766,0.039804639773799076,11.620504757218914,0.904932941364396,0.9965994544382188,0.9999262754349749,0.06606262036248801,0.014355309900206576,0.15387182461180773,0.07715910999401913,0.09445579559406374,0.049759701832951,0.06239069409463734,0.027095934167414813,8.0286171877873,0.9584155055047675,0.9952194227366559,0.9997327484517842,0.09668583966074028,0.019459193619989976,0.1717949097061703,0.10946303339224467,0.12188558887820532,0.036776129061670784,0.09157809089155884,0.039771859537438434,11.620504768479819,0.9146737995183328,0.9968782254497198,0.9999270433991939,0.010555406101047993,0.06091483775526285,0.01769812125712633,ok,
759xd9YjKW5,c742bd01328e48a0acc256a1ce2a48fc,c742bd01328e48a0acc256a1ce2a48fc_i1_3,1,3,/mnt/priorbimda-data/PriorBIMDA-Datasets/Matterport3D/v1/scans/759xd9YjKW5/undistorted_color_images/c742bd01328e48a0acc256a1ce2a48fc_i1_3.jpg,/mnt/priorbimda-data/PriorBIMDA-Datasets/Matterport3D/v1/scans/759xd9YjKW5/undistorted_depth_images/c742bd01328e48a0acc256a1ce2a48fc_d1_3.png,1024,1280,406,504,1.4121168655554452,1286687,0.9816642761230469,-10.24899959564209,3.60506010055542,2.5556299686431885,True,161711,0.7902836421925092,True,,1.0,161711,0.9640414118766785,-0.03662102691597898,1.024246632888556,0.06057837696323535,log-depth Laplacian fallback,,,,0.1112814595920157,0.10327838973610647,0.4849053624162312,0.24865879308761712,0.1737468695726492,0.016684345206944253,0.09769976117097222,0.04243046715981879,17.294394268464764,0.8967829783000839,0.9517784822571457,0.9837489614801425,0.1275246769164742,0.09692751696375611,0.4800924401179147,0.29181337438866817,0.17408928342760216,-0.0199366817462451,0.11829438983221469,0.05137460074424298,17.294394272504874,0.8750659639834707,0.9607861119293193,0.9877545976605033,0.1275246769164742,0.09692751696375611,0.4800924401179147,0.29181337438866817,0.17408928342760216,-0.0199366817462451,0.11829438983221469,0.05137460074424298,17.294394272504874,0.8750659639834707,0.9607861119293193,0.9877545976605033,0.12195487775392537,0.09691578413632729,0.48141141000787097,0.28294713620604534,0.17183844869372913,-0.019859592580936152,0.11276848956832136,0.04897473275208644,17.068699139649336,0.8763957357150574,0.9603501084568352,0.9875976053228175,0.10882431976330537,0.11105657251267241,0.49653286243156797,0.2373235155701199,0.17765514341463348,0.0406416372395089,0.09262529675004383,0.04022665526319527,17.294394266399202,0.8941529680489505,0.9459557763465396,0.9818774884645606,0.010156054049730301,0.05881500244140625,0.017698856070637703,ok,
759xd9YjKW5,c742bd01328e48a0acc256a1ce2a48fc,c742bd01328e48a0acc256a1ce2a48fc_i1_4,1,4,/mnt/priorbimda-data/PriorBIMDA-Datasets/Matterport3D/v1/scans/759xd9YjKW5/undistorted_color_images/c742bd01328e48a0acc256a1ce2a48fc_i1_4.jpg,/mnt/priorbimda-data/PriorBIMDA-Datasets/Matterport3D/v1/scans/759xd9YjKW5/undistorted_depth_images/c742bd01328e48a0acc256a1ce2a48fc_d1_4.png,1024,1280,406,504,1.4121168655554452,1225740,0.9351654052734375,-10.247599601745605,3.6018500328063965,2.5554699897766113,True,204624,1.0,True,,1.0,204624,0.9810174703598022,-0.019165010849759013,1.4011147414929737,0.3564331745605053,log-depth Laplacian fallback,,,,0.2797777649308518,0.19556843209244876,0.7235453584250621,0.6781173705630169,0.33958919952416006,-0.3246668856261537,0.3301473079270614,0.14338115404793647,9.956022203306816,0.07288821446636318,0.9626723448692218,0.9975223130517076,0.29279272430195963,0.21369924925770453,0.7587412671703138,0.7117566948706824,0.35795615768367306,-0.3438318964387241,0.34864929580318854,0.15141646528677932,9.956022205182718,0.06967301385285624,0.9514440256498116,0.9957821397686296,0.29279272430195963,0.21369924925770453,0.7587412671703138,0.7117566948706824,0.35795615768367306,-0.3438318964387241,0.34864929580318854,0.15141646528677932,9.956022205182718,0.06967301385285624,0.9514440256498116,0.9957821397686296,0.28526721561494395,0.1993901954898848,0.7258178722055888,0.6835637337014647,0.34874372304242274,-0.33290041551287297,0.3382580239716146,0.14690359327037011,10.392063179584007,0.07229836670093168,0.9251660221580433,0.9976136864261589,0.0527717615500144,0.050904769749934256,0.4632594309178422,0.17493335564603485,0.10035451816853846,0.012601250049437417,0.04959041497694022,0.02153684357977752,9.956022204691525,0.9547489679703689,0.9864612397408912,0.9985249726695711,0.009331307373940945,0.05999827850610018,0.017684582620859146,ok,
759xd9YjKW5,c742bd01328e48a0acc256a1ce2a48fc,c742bd01328e48a0acc256a1ce2a48fc_i1_5,1,5,/mnt/priorbimda-data/PriorBIMDA-Datasets/Matterport3D/v1/scans/759xd9YjKW5/undistorted_color_images/c742bd01328e48a0acc256a1ce2a48fc_i1_5.jpg,/mnt/priorbimda-data/PriorBIMDA-Datasets/Matterport3D/v1/scans/759xd9YjKW5/undistorted_depth_images/c742bd01328e48a0acc256a1ce2a48fc_d1_5.png,1024,1280,406,504,1.4121168655554452,1104340,0.8425445556640625,-10.249699592590332,3.5990400314331055,2.5554299354553223,True,204624,1.0,True,,1.0,204624,0.9298295974731445,-0.07275393814673262,1.026134079974086,0.09855235859308203,log-depth Laplacian fallback,,,,0.13734623555245568,0.056709078896035374,0.42769492225482797,0.2737419470385545,0.1669294052185463,0.03677680545207629,0.13165478034904252,0.05717694462177389,16.28278013957007,0.8168335838600431,0.9932448340185088,0.9986145571110346,0.13907264749731435,0.07590284211134354,0.5705929634001731,0.42894860842121196,0.16675505088063663,-0.03597713265693873,0.14342696384194029,0.06228953895269186,16.282780143448708,0.9258987268413713,0.9722992918847456,0.9987214082619483,0.13907264749731435,0.07590284211134354,0.5705929634001731,0.42894860842121196,0.16675505088063663,-0.03597713265693873,0.14342696384194029,0.06228953895269186,16.282780143448708,0.9258987268413713,0.9722992918847456,0.9987214082619483,0.09292042437186471,0.055634227819058864,0.48324778097991844,0.26541295481044,0.14050217897238018,-0.02343408399064153,0.0970612091755783,0.042153147551810974,13.853413299077708,0.9026423021895431,0.9832732672908706,0.997967111577956,0.13857359247146706,0.057563623395231245,0.40924614331955356,0.22588346027608155,0.17443783504327878,0.06257527787056179,0.1293305707258743,0.056167553207645424,16.28278013547076,0.7009535106941702,0.9949010268576707,0.998574714308999,0.008995246142148972,0.05875692889094353,0.017668362706899643,ok,
759xd9YjKW5,c742bd01328e48a0acc256a1ce2a48fc,c742bd01328e48a0acc256a1ce2a48fc_i2_0,2,0,/mnt/priorbimda-data/PriorBIMDA-Datasets/Matterport3D/v1/scans/759xd9YjKW5/undistorted_color_images/c742bd01328e48a0acc256a1ce2a48fc_i2_0.jpg,/mnt/priorbimda-data/PriorBIMDA-Datasets/Matterport3D/v1/scans/759xd9YjKW5/undistorted_depth_images/c742bd01328e48a0acc256a1ce2a48fc_d2_0.png,1024,1280,406,504,1.4165615917841592,1195869,0.9123756408691406,-10.25879955291748,3.5893399715423584,2.588629961013794,True,204624,1.0,True,,1.0,204624,1.0278464555740356,0.027465793595250382,1.0203130681057084,0.007356283876898004,log-depth Laplacian fallback,,,,0.04759630769999019,0.015072260854057577,0.20494630534955446,0.11519669123607172,0.07568399303247238,-0.03336940658379014,0.0491567707788312,0.0213485142974294,6.793047552891876,0.9948238477625894,0.9989087433489788,0.9995267040118943,0.04628406792919039,0.012946066612104162,0.19381036784524686,0.10366396084267279,0.0681865246593586,-0.005903612911523829,0.046582620532831194,0.020230575050001722,6.793047548569203,0.994590544616509,0.998861079265371,0.9993904014570157,0.04628406792919039,0.012946066612104162,0.19381036784524686,0.10366396084267279,0.0681865246593586,-0.005903612911523829,0.046582620532831194,0.020230575050001722,6.793047548569203,0.994590544616509,0.998861079265371,0.9993904014570157,0.032885369981051876,0.010086615699342882,0.17009490650607564,0.07882651788064711,0.0570523009424887,-0.0003223137780344958,0.03282634557189015,0.01425630074292114,5.705139048840778,0.9945261562930388,0.9988585706293917,0.999384547973064,0.045450925832593275,0.013261835329033642,0.19510726126054015,0.10511584348895239,0.0692125386053769,-0.013259939569503831,0.04608625389607299,0.02001500575865676,6.793047550852191,0.9946524243039998,0.9988711138092885,0.9994037808489057,0.008880648761987686,0.05790226720273495,0.01767465751618147,ok,
759xd9YjKW5,c742bd01328e48a0acc256a1ce2a48fc,c742bd01328e48a0acc256a1ce2a48fc_i2_1,2,1,/mnt/priorbimda-data/PriorBIMDA-Datasets/Matterport3D/v1/scans/759xd9YjKW5/undistorted_color_images/c742bd01328e48a0acc256a1ce2a48fc_i2_1.jpg,/mnt/priorbimda-data/PriorBIMDA-Datasets/Matterport3D/v1/scans/759xd9YjKW5/undistorted_depth_images/c742bd01328e48a0acc256a1ce2a48fc_d2_1.png,1024,1280,406,504,1.4165615917841592,975782,0.7444625854492187,-10.264599800109863,3.6026699542999268,2.589279890060425,True,204624,1.0,True,,1.0,204624,0.7049634456634521,-0.3496093276368954,0.65589805166855,0.07214058352023361,log-depth Laplacian fallback,,,,0.5138582820590508,0.23910998040057385,0.4321366026758025,0.41604696232600613,0.43060813931443914,0.4035473677137841,0.4035473677137841,0.17525839498467896,15.024277571690215,0.15857947779319562,0.5523180382503469,0.9914796542670391,0.1449301600911924,0.023007551559749668,0.13914847786141096,0.12115179520420671,0.15963146245473392,0.05393803991283827,0.1379675248133434,0.05991853470828504,15.024277571916128,0.8225454046088163,1.0,1.0,0.1449301600911924,0.023007551559749668,0.13914847786141096,0.12115179520420671,0.15963146245473392,0.05393803991283827,0.1379675248133434,0.05991853470828504,15.024277571916128,0.8225454046088163,1.0,1.0,0.10174292188075856,0.011853567942837115,0.1014848748582683,0.08649946211619443,0.1159944893195087,0.030951562500533963,0.09885511080071833,0.04293222912868651,11.178873973379053,0.976634125245188,1.0,1.0,0.12532678277022513,0.020136879229166377,0.14247318387687902,0.11497612002966628,0.15134141927303552,-0.01820256952629019,0.12798776786814878,0.05558438133625132,15.024277570058835,0.8573451857074633,1.0,1.0,0.007576458156108856,0.06004129070788622,0.017740226350724697,ok,
759xd9YjKW5,c742bd01328e48a0acc256a1ce2a48fc,c742bd01328e48a0acc256a1ce2a48fc_i2_2,2,2,/mnt/priorbimda-data/PriorBIMDA-Datasets/Matterport3D/v1/scans/759xd9YjKW5/undistorted_color_images/c742bd01328e48a0acc256a1ce2a48fc_i2_2.jpg,/mnt/priorbimda-data/PriorBIMDA-Datasets/Matterport3D/v1/scans/759xd9YjKW5/undistorted_depth_images/c742bd01328e48a0acc256a1ce2a48fc_d2_2.png,1024,1280,406,504,1.4165615917841592,1223720,0.933624267578125,-10.255999565124512,3.614370107650757,2.589449882507324,True,204624,1.0,True,,1.0,204624,1.1375834941864014,0.12890627063176208,1.1242521377789263,0.01178822244927867,log-depth Laplacian fallback,,,,0.11218286813148856,0.01793824822157471,0.15575377040393026,0.14285970249836463,0.12646932556485782,-0.11980678394700749,0.11980678394700749,0.05203142516276046,4.050709603396753,1.0,1.0,1.0,0.03506417318398238,0.0021879202780436527,0.05335834103479453,0.04364266794348918,0.041516568924021516,0.009099486688434862,0.03481550689180931,0.015120182527777413,4.050709613425808,1.0,1.0,1.0,0.03506417318398238,0.0021879202780436527,0.05335834103479453,0.04364266794348918,0.041516568924021516,0.009099486688434862,0.03481550689180931,0.015120182527777413,4.050709613425808,1.0,1.0,1.0,0.024314749629167295,0.0009705774282001173,0.03426891277698787,0.02823821941898838,0.029159191620965093,0.012851393648763339,0.024057579822536233,0.010448074164874498,2.6174417610955283,1.0,1.0,1.0,0.03314969672413749,0.0020843371714311435,0.052715112304475086,0.04210383919481788,0.04059623627712347,-0.0026887863143359235,0.033300190174866955,0.014462088839273619,4.050709602062182,1.0,1.0,1.0,0.008748929016292095,0.0587102547287941,0.017741103656589985,ok,
759xd9YjKW5,c742bd01328e48a0acc256a1ce2a48fc,c742bd01328e48a0acc256a1ce2a48fc_i2_3,2,3,/mnt/priorbimda-data/PriorBIMDA-Datasets/Matterport3D/v1/scans/759xd9YjKW5/undistorted_color_images/c742bd01328e48a0acc256a1ce2a48fc_i2_3.jpg,/mnt/priorbimda-data/PriorBIMDA-Datasets/Matterport3D/v1/scans/759xd9YjKW5/undistorted_depth_images/c742bd01328e48a0acc256a1ce2a48fc_d2_3.png,1024,1280,406,504,1.4165615917841592,1180254,0.9004623413085937,-10.241499900817871,3.6127400398254395,2.588979959487915,True,204624,1.0,True,,1.0,204624,1.0299817323684692,0.029541066519674444,1.0569499976792367,0.025846333364166318,log-depth Laplacian fallback,,,,0.11328578100902094,0.0785497535112936,0.2800981867544794,0.14793245407187408,0.18634243469894893,-0.029489053524899733,0.09910435895470039,0.04304047622658549,18.39942898345969,0.9348479225658206,0.9728329664631512,0.9810727182453947,0.1011247715680124,0.08130389479472463,0.276022729842751,0.12283687758994631,0.18399429733641282,5.201294822721762e-05,0.08379988758674736,0.03639382876303719,18.3994289984699,0.9325085956073862,0.9734912993304831,0.9801432572988527,0.1011247715680124,0.08130389479472463,0.276022729842751,0.12283687758994631,0.18399429733641282,5.201294822721762e-05,0.08379988758674736,0.03639382876303719,18.3994289984699,0.9325085956073862,0.9734912993304831,0.9801432572988527,0.0965410725546874,0.07277561380946193,0.26480362627202914,0.12069874137108874,0.17731877561365525,-0.012929671993488505,0.08199086971363527,0.03560818228308027,17.684674655550385,0.9355842047559254,0.9751214569067337,0.9816514072394587,0.09832766927272313,0.08625266804192185,0.28054053459685174,0.11547682524699268,0.18580802411109865,0.025898323125831315,0.07844248636104373,0.03406713897337241,18.399428981177827,0.9268987861934804,0.9726313149542387,0.9792892038493409,0.011440176516771317,0.061974833719432354,0.017732271924614906,ok,
759xd9YjKW5,c742bd01328e48a0acc256a1ce2a48fc,c742bd01328e48a0acc256a1ce2a48fc_i2_4,2,4,/mnt/priorbimda-data/PriorBIMDA-Datasets/Matterport3D/v1/scans/759xd9YjKW5/undistorted_color_images/c742bd01328e48a0acc256a1ce2a48fc_i2_4.jpg,/mnt/priorbimda-data/PriorBIMDA-Datasets/Matterport3D/v1/scans/759xd9YjKW5/undistorted_depth_images/c742bd01328e48a0acc256a1ce2a48fc_d2_4.png,1024,1280,406,504,1.4165615917841592,1169128,0.891973876953125,-10.235699653625488,3.5994200706481934,2.588330030441284,True,204624,1.0,True,,1.0,204624,0.8924636840820312,-0.11376945626037432,1.3092015224102804,0.38318688275997953,log-depth Laplacian fallback,,,,0.25966580838783065,0.19110116807304747,0.7225858933007924,0.6767371095511853,0.29940610675621104,-0.24574421145235242,0.282534037407235,0.12270297339580917,17.103742076099355,0.10511509432671187,0.9794898420019023,0.9857252584832457,0.33322290824967965,0.30476856911579,0.9583913420705261,0.8974886875242467,0.39812545337601174,-0.3595136678328632,0.38988925085417064,0.16932675019935906,17.103742066348108,0.01722394810491238,0.9053551022642516,0.9895255267173483,0.33322290824967965,0.30476856911579,0.9583913420705261,0.8974886875242467,0.39812545337601174,-0.3595136678328632,0.38988925085417064,0.16932675019935906,17.103742066348108,0.01722394810491238,0.9053551022642516,0.9895255267173483,0.3251275858895644,0.2851749205181806,0.921336822811831,0.8661481302417559,0.3905141254383773,-0.3524424702936838,0.380623943859915,0.1653028784986143,16.818319565339017,0.013204713256375691,0.8285713796949521,0.9908684079074319,0.07793097449924999,0.08745569751879653,0.3071379547473494,0.12543006767518405,0.17266794389189238,0.023673181862210617,0.05674154400689168,0.024642539456863587,17.103742078379337,0.9663176316023566,0.9752259803888026,0.979092109674903,0.011875571683049202,0.06494665332138538,0.01772036775946617,ok,
759xd9YjKW5,c742bd01328e48a0acc256a1ce2a48fc,c742bd01328e48a0acc256a1ce2a48fc_i2_5,2,5,/mnt/priorbimda-data/PriorBIMDA-Datasets/Matterport3D/v1/scans/759xd9YjKW5/undistorted_color_images/c742bd01328e48a0acc256a1ce2a48fc_i2_5.jpg,/mnt/priorbimda-data/PriorBIMDA-Datasets/Matterport3D/v1/scans/759xd9YjKW5/undistorted_depth_images/c742bd01328e48a0acc256a1ce2a48fc_d2_5.png,1024,1280,406,504,1.4165615917841592,1227429,0.9364540100097656,-10.24429988861084,3.5877199172973633,2.5881600379943848,True,204624,1.0,True,,1.0,204624,1.034265398979187,0.03369141527845584,1.1551653634871402,0.1105520902975276,log-depth Laplacian fallback,,,,0.14493718507220976,0.08125384465060448,0.5462203850449521,0.5196836744298414,0.16510996508365022,-0.13317289492160916,0.15286742059793318,0.06638947722846586,9.760266711582343,0.9714411179791255,0.9929633404457611,0.9963028411419317,0.11929619432666885,0.05673795292573358,0.43695972566345115,0.4131704817252629,0.1393658689108724,-0.09948147968200426,0.12277471544767134,0.053320381436165604,9.76026670617225,0.9775913718838319,0.9923498630063328,0.9957252109898006,0.11929619432666885,0.05673795292573358,0.43695972566345115,0.4131704817252629,0.1393658689108724,-0.09948147968200426,0.12277471544767134,0.053320381436165604,9.76026670617225,0.9775913718838319,0.9923498630063328,0.9957252109898006,0.10970427774230568,0.052311020703956504,0.42100993381907703,0.37670918994915586,0.13503880007463118,-0.09393454717707007,0.1134591796397627,0.049274695638818714,9.701432044927701,0.9660974280386075,0.9927767716096002,0.9963036558530066,0.04656112611956953,0.02418032567495653,0.19531551568532982,0.10806559954973019,0.09822849950286294,0.01107056840816968,0.041375687374504734,0.017969232711701456,9.760266712392639,0.9692430274989429,0.9893338026069125,0.9943923436712022,0.01067967340350151,0.05973660945892334,0.01774985622614622,ok,
759xd9YjKW5,ca660fbd1a384380a372ad79f760e1d9,ca660fbd1a384380a372ad79f760e1d9_i0_0,0,0,/mnt/priorbimda-data/PriorBIMDA-Datasets/Matterport3D/v1/scans/759xd9YjKW5/undistorted_color_images/ca660fbd1a384380a372ad79f760e1d9_i0_0.jpg,/mnt/priorbimda-data/PriorBIMDA-Datasets/Matterport3D/v1/scans/759xd9YjKW5/undistorted_depth_images/ca660fbd1a384380a372ad79f760e1d9_d0_0.png,1024,1280,406,504,1.4155678118069965,927519,0.7076408386230468,-10.326499938964844,0.5419920086860657,1.5846400260925293,True,204624,1.0,True,,1.0,204624,1.0436503887176514,0.042724556669490855,1.003111795498234,0.03961759278613153,log-depth Laplacian fallback,,,,0.08515619538260531,0.046432463700678744,0.49317193543626936,0.20355874395150036,0.1347976618633699,-0.04050333791190536,0.0913714892134408,0.03968213356867983,12.856861693984817,0.960059039221838,0.9866310016290771,0.992702036292518,0.09339157658027089,0.04709100889067229,0.48441024978259484,0.23030199263557027,0.12858780297882227,0.002221218781360496,0.09582886332766252,0.04161794655026472,12.856861694070504,0.9598919267422015,0.9865760162325515,0.9941316566021828,0.09339157658027089,0.04709100889067229,0.48441024978259484,0.23030199263557027,0.12858780297882227,0.002221218781360496,0.09582886332766252,0.04161794655026472,12.856861694070504,0.9598919267422015,0.9865760162325515,0.9941316566021828,0.053104331708841636,0.03909152124593028,0.4823818374528893,0.1577046330365106,0.11035090416087534,-0.004956203796045963,0.056838387138259894,0.024684597894427028,11.023954867947689,0.9600633518019577,0.9863744031119578,0.992503657607014,0.08538838503257576,0.046238972883423726,0.49202136416935444,0.20477489471762259,0.1338968811704743,-0.03739633035574805,0.09133875460292333,0.03966791710796484,12.856861694482005,0.9600579610768081,0.9866277671939874,0.9927473183837744,0.008729632012546062,0.05813292320817709,0.017783651128411293,ok,
759xd9YjKW5,ca660fbd1a384380a372ad79f760e1d9,ca660fbd1a384380a372ad79f760e1d9_i0_1,0,1,/mnt/priorbimda-data/PriorBIMDA-Datasets/Matterport3D/v1/scans/759xd9YjKW5/undistorted_color_images/ca660fbd1a384380a372ad79f760e1d9_i0_1.jpg,/mnt/priorbimda-data/PriorBIMDA-Datasets/Matterport3D/v1/scans/759xd9YjKW5/undistorted_depth_images/ca660fbd1a384380a372ad79f760e1d9_d0_1.png,1024,1280,406,504,1.4155678118069965,621809,0.47440261840820314,-10.333600044250488,0.5546960234642029,1.5849699974060059,True,204624,1.0,True,,1.0,204624,1.003025770187378,0.00302120175779,0.9892411154683971,0.013838381592916981,log-depth Laplacian fallback,,,,0.049122329157057484,0.00588334576003075,0.09220241999466051,0.07323838776176914,0.0613257922516903,0.007154629825700119,0.04829353158402132,0.02097361427856086,6.0907011643608655,0.9949936395259638,0.9977919264597328,0.9998134475377487,0.04961293870824379,0.0061104451170251334,0.09481558310146808,0.07488769039146298,0.0617512070818447,0.010175831430034598,0.048635012984872876,0.021121917766623293,6.0907011343296,0.9949855984715564,0.9977838854053255,0.9997684176330673,0.04961293870824379,0.0061104451170251334,0.09481558310146808,0.07488769039146298,0.0617512070818447,0.010175831430034598,0.048635012984872876,0.021121917766623293,6.0907011343296,0.9949855984715564,0.9977838854053255,0.9997684176330673,0.030971724651538017,0.004047337505863275,0.07162143010740306,0.04739806268733761,0.04860420241579947,0.026516453505080306,0.029703956521633088,0.01290026440803937,4.073384570586138,0.9947491914719794,0.9976745270653851,0.9986684013901375,0.048205634249541364,0.0053086296950921015,0.0845278781960421,0.06845416903693062,0.06101703277531792,-0.003662542217267507,0.04790226290915897,0.020803688452126552,6.090701169168419,0.9950225873218304,0.9978112249903105,0.9999421044082668,0.009123810566961765,0.05813014321029186,0.017738700844347477,ok,
759xd9YjKW5,ca660fbd1a384380a372ad79f760e1d9,ca660fbd1a384380a372ad79f760e1d9_i0_2,0,2,/mnt/priorbimda-data/PriorBIMDA-Datasets/Matterport3D/v1/scans/759xd9YjKW5/undistorted_color_images/ca660fbd1a384380a372ad79f760e1d9_i0_2.jpg,/mnt/priorbimda-data/PriorBIMDA-Datasets/Matterport3D/v1/scans/759xd9YjKW5/undistorted_depth_images/ca660fbd1a384380a372ad79f760e1d9_d0_2.png,1024,1280,406,504,1.4155678118069965,1100629,0.8397132873535156,-10.32610034942627,0.5671870112419128,1.5850800275802612,True,196015,0.9579277113144108,True,,1.0,196015,1.0153757333755493,0.01525872465935829,0.9915185047542491,0.023776392462713285,log-depth Laplacian fallback,,,,0.10237093130014306,0.037082696304067124,0.294670973080564,0.18244141052730203,0.13128434390501598,0.0014379507707996235,0.09980298764851422,0.04334388681320813,13.127646876783084,0.98064379550239,0.9944613489195724,0.9963066573750101,0.10488040320409729,0.03938031502417887,0.30011416535431046,0.18920330539191657,0.13233401002625889,0.016696675458486684,0.10073242096850833,0.043747534575378604,13.127646871493749,0.971751607489899,0.9945776460551193,0.9961985373818062,0.10488040320409729,0.03938031502417887,0.30011416535431046,0.18920330539191657,0.13233401002625889,0.016696675458486684,0.10073242096850833,0.043747534575378604,13.127646871493749,0.971751607489899,0.9945776460551193,0.9961985373818062,0.05130957009358318,0.021503004275793564,0.2438910994297815,0.09758344002507585,0.0923102419900114,0.011631227191931319,0.0484904888816898,0.02105915174610888,9.157453428909228,0.982168378263702,0.994610354624492,0.9963684402282694,0.1013670649568839,0.03617633917386562,0.2928319588529362,0.17933148138879199,0.1314672344998171,-0.007079724353819852,0.099666603299051,0.0432846558428183,13.127646876003265,0.9823173839686216,0.9942233032202495,0.9963611716572978,0.009829949587583542,0.06005088519304991,0.01775797549635172,ok,
759xd9YjKW5,ca660fbd1a384380a372ad79f760e1d9,ca660fbd1a384380a372ad79f760e1d9_i0_3,0,3,/mnt/priorbimda-data/PriorBIMDA-Datasets/Matterport3D/v1/scans/759xd9YjKW5/undistorted_color_images/ca660fbd1a384380a372ad79f760e1d9_i0_3.jpg,/mnt/priorbimda-data/PriorBIMDA-Datasets/Matterport3D/v1/scans/759xd9YjKW5/undistorted_depth_images/ca660fbd1a384380a372ad79f760e1d9_d0_3.png,1024,1280,406,504,1.4155678118069965,1217708,0.9290374755859375,-10.311599731445312,0.5669749975204468,1.5848599672317505,True,190598,0.9314547658143717,True,,1.0,190598,1.0313656330108643,0.03088378136100148,1.0206714220409465,0.010423113717980326,log-depth Laplacian fallback,,,,0.09249305990118754,0.02590015601879369,0.2946272313862574,0.19751673449799248,0.10869300472398023,-0.020643642794353507,0.09384354983864511,0.04075573585713642,10.671461609407741,0.9922772947209019,0.9997873053309989,0.9999384088796329,0.09479538954803556,0.027978904791765815,0.2925093165121363,0.2055550001881347,0.10720480273708698,0.010240138689002611,0.09326201964892228,0.04050318050467957,10.67146161007372,0.9777680691922859,0.9998078357044546,0.9999400513095094,0.09479538954803556,0.027978904791765815,0.2925093165121363,0.2055550001881347,0.10720480273708698,0.010240138689002611,0.09326201964892228,0.04050318050467957,10.67146161007372,0.9777680691922859,0.9998078357044546,0.9999400513095094,0.04172576004802221,0.01393298061617658,0.263431944318821,0.12026980019503995,0.06169694430769525,0.011625775805643024,0.04135020209766101,0.017958164596598446,6.059170136102612,0.9913936674473683,0.9997897689758136,0.9999408725244475,0.09369311646494781,0.026798647654160387,0.29100027688428837,0.20193106352080956,0.10671477309064933,-0.00018302841793519197,0.09314185497429424,0.040450993649568924,10.671461613287564,0.9858594999786484,0.9998086569193928,0.9999416937393858,0.009734817780554295,0.05884149111807346,0.017758327536284924,ok,
759xd9YjKW5,ca660fbd1a384380a372ad79f760e1d9,ca660fbd1a384380a372ad79f760e1d9_i0_4,0,4,/mnt/priorbimda-data/PriorBIMDA-Datasets/Matterport3D/v1/scans/759xd9YjKW5/undistorted_color_images/ca660fbd1a384380a372ad79f760e1d9_i0_4.jpg,/mnt/priorbimda-data/PriorBIMDA-Datasets/Matterport3D/v1/scans/759xd9YjKW5/undistorted_depth_images/ca660fbd1a384380a372ad79f760e1d9_d0_4.png,1024,1280,406,504,1.4155678118069965,1240450,0.9463882446289062,-10.304499626159668,0.5542709827423096,1.5845400094985962,True,204624,1.0,True,,1.0,204624,1.2765238285064697,0.24414062458860505,1.2706189056374402,0.004636515549901993,log-depth Laplacian fallback,,,,0.21221379567228613,0.08771631011486283,0.424592250662909,0.406731159610257,0.24230759709639155,-0.23926467644080673,0.23926467644080673,0.10391132869260938,3.8280363351244255,0.31009391752992865,1.0,1.0,0.029960692207983183,0.002683624124776289,0.07100978718237687,0.05499717713267258,0.03858965000652794,0.004875948030804786,0.029735789957953427,0.012914089493773312,3.828036335286295,1.0,1.0,1.0,0.029960692207983183,0.002683624124776289,0.07100978718237687,0.05499717713267258,0.03858965000652794,0.004875948030804786,0.029735789957953427,0.012914089493773312,3.828036335286295,1.0,1.0,1.0,0.03819382294162381,0.0035432260853468364,0.08116480791631439,0.068970386945926,0.043632938390658196,0.028469890255268342,0.03736260987164182,0.01622637529675801,3.3065067086820656,1.0,1.0,1.0,0.029620506023079893,0.0025893815449231114,0.06971420691191871,0.054213129096857854,0.03828111216991292,0.0002394403964931472,0.029533570343165873,0.012826266630938466,3.8280363337643264,1.0,1.0,1.0,0.007622013799846172,0.05725973844528198,0.017759783193469048,ok,
759xd9YjKW5,ca660fbd1a384380a372ad79f760e1d9,ca660fbd1a384380a372ad79f760e1d9_i0_5,0,5,/mnt/priorbimda-data/PriorBIMDA-Datasets/Matterport3D/v1/scans/759xd9YjKW5/undistorted_color_images/ca660fbd1a384380a372ad79f760e1d9_i0_5.jpg,/mnt/priorbimda-data/PriorBIMDA-Datasets/Matterport3D/v1/scans/759xd9YjKW5/undistorted_depth_images/ca660fbd1a384380a372ad79f760e1d9_d0_5.png,1024,1280,406,504,1.4155678118069965,1228784,0.93748779296875,-10.31190013885498,0.5417799949645996,1.5844299793243408,True,204624,1.0,True,,1.0,204624,1.1177616119384766,0.11132812475030292,1.0727604276736138,0.04109295940130182,log-depth Laplacian fallback,,,,0.08481498658319608,0.02624193046582127,0.3259672839396667,0.17153048889022723,0.10940108374500801,-0.08537764160911718,0.08949500557183944,0.03886718707775063,6.840508342109816,0.9871539668485266,0.9926341814346541,0.9994938085131316,0.05384425543135394,0.01885053263226248,0.27979163581812805,0.1260494080437312,0.07316203240774875,0.025950483019509023,0.05251842064036538,0.022808460282384528,6.840508326934961,0.9872345343038321,0.9969034427531609,0.9988215992395735,0.05384425543135394,0.01885053263226248,0.27979163581812805,0.1260494080437312,0.07316203240774875,0.025950483019509023,0.05251842064036538,0.022808460282384528,6.840508326934961,0.9872345343038321,0.9969034427531609,0.9988215992395735,0.03530369043176616,0.014949714720698285,0.27646716408871425,0.09172325005116742,0.06047653512628372,0.024535538326195976,0.03477577656950852,0.015102927868037951,5.5275841557812555,0.9866591687391763,0.9966462779463274,0.9991577038763526,0.04301100340646976,0.016091375629617283,0.2765104198538506,0.09384394282832052,0.07006103786717381,-0.015142443563869993,0.04361432470916245,0.018941460553125896,6.840508336330404,0.9865842979726298,0.9968953046263623,0.9990893436112449,0.007756778039038181,0.057503181509673595,0.017768830992281437,ok,
759xd9YjKW5,ca660fbd1a384380a372ad79f760e1d9,ca660fbd1a384380a372ad79f760e1d9_i1_0,1,0,/mnt/priorbimda-data/PriorBIMDA-Datasets/Matterport3D/v1/scans/759xd9YjKW5/undistorted_color_images/ca660fbd1a384380a372ad79f760e1d9_i1_0.jpg,/mnt/priorbimda-data/PriorBIMDA-Datasets/Matterport3D/v1/scans/759xd9YjKW5/undistorted_depth_images/ca660fbd1a384380a372ad79f760e1d9_d1_0.png,1024,1280,406,504,1.4121168655554452,1130284,0.8623382568359375,-10.320300102233887,0.550898015499115,1.6179699897766113,True,204624,1.0,True,,1.0,204624,1.0057231187820435,0.005706803955941219,0.9846360808460752,0.021189971103520205,log-depth Laplacian fallback,,,,0.03833726415460426,0.05757667093871579,0.4252460991314147,0.13866147967212622,0.09269924288228971,0.020549658405528342,0.03308398919999017,0.014368193948902517,9.039281592231674,0.9812330352371617,0.9902697021279607,0.9939395762480934,0.04189230371671833,0.05898901078732795,0.42851896132107836,0.1464993988418716,0.09412897013147589,0.026256462531713057,0.03641049852021559,0.015812878590676163,9.039281604935775,0.9810560885582739,0.9901776898549391,0.9938811838440604,0.04189230371671833,0.05898901078732795,0.42851896132107836,0.1464993988418716,0.09412897013147589,0.026256462531713057,0.03641049852021559,0.015812878590676163,9.039281604935775,0.9810560885582739,0.9901776898549391,0.9938811838440604,0.04340674637274067,0.05493009802058496,0.4207142921090795,0.15415930843202746,0.09220328216243592,0.022958604655063563,0.03845476234034334,0.01670069108731209,8.92992033212966,0.9815736575940206,0.9907191466923357,0.9941280244611089,0.033273886186109713,0.054969004668219086,0.4229659298043245,0.13161166081753928,0.09053469155103835,0.005066478571912554,0.0285651603693705,0.01240569152309907,9.03928159154366,0.981618778997137,0.990576704615831,0.9941032519260646,0.008180486969649792,0.058566213585436344,0.017762104980647564,ok,
759xd9YjKW5,ca660fbd1a384380a372ad79f760e1d9,ca660fbd1a384380a372ad79f760e1d9_i1_1,1,1,/mnt/priorbimda-data/PriorBIMDA-Datasets/Matterport3D/v1/scans/759xd9YjKW5/undistorted_color_images/ca660fbd1a384380a372ad79f760e1d9_i1_1.jpg,/mnt/priorbimda-data/PriorBIMDA-Datasets/Matterport3D/v1/scans/759xd9YjKW5/undistorted_depth_images/ca660fbd1a384380a372ad79f760e1d9_d1_1.png,1024,1280,406,504,1.4121168655554452,201085,0.15341567993164062,-10.321999549865723,0.5539529919624329,1.6180499792099,True,204624,1.0,True,,1.0,204624,0.9230442047119141,-0.080078153197148,0.9956533324230364,0.0757220113965039,log-depth Laplacian fallback,,,,0.04999156199216348,0.011695950996284022,0.1609427408149984,0.07382775863647982,0.0867023413154821,0.0057881149623884975,0.05133186879971878,0.02229314736549956,8.650892274654984,0.9634184548822637,1.0,1.0,0.07086236136658916,0.02078302418114408,0.21381314979014077,0.12878037577055776,0.11402983596056479,-0.07429003802722707,0.07671972438627586,0.033318952954097966,8.650892288721709,0.9633687246686724,0.9798095332819454,1.0,0.07086236136658916,0.02078302418114408,0.21381314979014077,0.12878037577055776,0.11402983596056479,-0.07429003802722707,0.07671972438627586,0.033318952954097966,8.650892288721709,0.9633687246686724,0.9798095332819454,1.0,0.0923234315119215,0.02154694110303328,0.21147431629246657,0.14710771131928113,0.11873764367488106,-0.0440965200157916,0.09674957489973063,0.04201780650543837,11.024574798131633,0.9634184548822637,0.9950717358331054,1.0,0.049445546059178766,0.011750050980462362,0.16222311867494013,0.07423586564040668,0.08652077347141772,0.0014319720023350702,0.05100218557607326,0.02214996776069424,8.65089226512324,0.9634184548822637,1.0,1.0,0.008890362456440926,0.05937644746154547,0.017739460803568363,ok,
759xd9YjKW5,ca660fbd1a384380a372ad79f760e1d9,ca660fbd1a384380a372ad79f760e1d9_i1_2,1,2,/mnt/priorbimda-data/PriorBIMDA-Datasets/Matterport3D/v1/scans/759xd9YjKW5/undistorted_color_images/ca660fbd1a384380a372ad79f760e1d9_i1_2.jpg,/mnt/priorbimda-data/PriorBIMDA-Datasets/Matterport3D/v1/scans/759xd9YjKW5/undistorted_depth_images/ca660fbd1a384380a372ad79f760e1d9_d1_2.png,1024,1280,406,504,1.4121168655554452,1208987,0.9223838806152344,-10.320300102233887,0.556958019733429,1.6180700063705444,True,196246,0.9590566111502072,True,,1.0,196246,0.9824554920196533,-0.017700237008185814,0.9480684282249286,0.03562836065203529,log-depth Laplacian fallback,,,,0.21155351368310482,0.2054651448570401,0.4340419080567114,0.2592916630598262,0.3061365640508861,0.1104518379282835,0.14769084831620546,0.0641413204513382,28.551705263809808,0.9020791786843034,0.9165119227915602,0.9173903441476211,0.19868944267088612,0.19472496173039114,0.42974440733203656,0.24608531228941385,0.3002046749349308,0.09275160104146575,0.1384547629945915,0.0601301395617736,28.551705265541017,0.9015680069347313,0.9169867004359848,0.9173903441476211,0.19868944267088612,0.19472496173039114,0.42974440733203656,0.24608531228941385,0.3002046749349308,0.09275160104146575,0.1384547629945915,0.0601301395617736,28.551705265541017,0.9015680069347313,0.9169867004359848,0.9173903441476211,0.19137610356674628,0.1894540927464532,0.4072961839423171,0.22269770353101584,0.2976334705901556,0.0949421426878384,0.1308355208441305,0.056821144739543715,28.20845127925019,0.9034290691297756,0.9169908361297516,0.9173903441476211,0.181824430808037,0.17829556368198682,0.4327474360661639,0.23633894750889667,0.2911752965741393,0.057123252634801586,0.12831236574363653,0.05572535240241318,28.55170526316399,0.9001163784225967,0.916338223653356,0.9173804184825809,0.00977696105837822,0.05871792044490576,0.01773605588823557,ok,
759xd9YjKW5,ca660fbd1a384380a372ad79f760e1d9,ca660fbd1a384380a372ad79f760e1d9_i1_3,1,3,/mnt/priorbimda-data/PriorBIMDA-Datasets/Matterport3D/v1/scans/759xd9YjKW5/undistorted_color_images/ca660fbd1a384380a372ad79f760e1d9_i1_3.jpg,/mnt/priorbimda-data/PriorBIMDA-Datasets/Matterport3D/v1/scans/759xd9YjKW5/undistorted_depth_images/ca660fbd1a384380a372ad79f760e1d9_d1_3.png,1024,1280,406,504,1.4121168655554452,1275552,0.9731689453125,-10.316800117492676,0.5569069981575012,1.6180200576782227,True,190430,0.9306337477519744,True,,1.0,190430,1.018354892730713,0.01818847498899691,1.0699699485591707,0.04944208763169505,log-depth Laplacian fallback,,,,0.0845401658927194,0.056003091584335744,0.4537098111577254,0.3228836429532078,0.11736529215308074,-0.04305698407313407,0.08332622632287089,0.036188120289844326,10.918199450781193,0.9662216828478964,0.9880851584255287,0.9930884824766062,0.0753788089579857,0.051805255670111156,0.4231538462522872,0.27894843867371655,0.11197834921893438,-0.024868509016367165,0.07271192076731409,0.03157838595783097,10.918199463785449,0.9672526090665061,0.9880247924036025,0.9925694914829031,0.0753788089579857,0.051805255670111156,0.4231538462522872,0.27894843867371655,0.11197834921893438,-0.024868509016367165,0.07271192076731409,0.03157838595783097,10.918199463785449,0.9672526090665061,0.9880247924036025,0.9925694914829031,0.05111142511179858,0.041597566232983656,0.38515665793773785,0.1958985608297722,0.09959828632659028,-0.020332157129692534,0.048740471661375746,0.0211677178878973,9.750088217881391,0.96853519103886,0.988606501342164,0.9936803830812072,0.060315017970606684,0.05273219422093491,0.3937377381605222,0.1948141726245787,0.11191320795593619,0.02457352618265449,0.054389425844934926,0.023621027518341334,10.918199451346826,0.9688378051228017,0.9880906462457039,0.9912618223326058,0.009727917611598969,0.06006958521902561,0.017797102220356464,ok,
759xd9YjKW5,ca660fbd1a384380a372ad79f760e1d9,ca660fbd1a384380a372ad79f760e1d9_i1_4,1,4,/mnt/priorbimda-data/PriorBIMDA-Datasets/Matterport3D/v1/scans/759xd9YjKW5/undistorted_color_images/ca660fbd1a384380a372ad79f760e1d9_i1_4.jpg,/mnt/priorbimda-data/PriorBIMDA-Datasets/Matterport3D/v1/scans/759xd9YjKW5/undistorted_depth_images/ca660fbd1a384380a372ad79f760e1d9_d1_4.png,1024,1280,406,504,1.4121168655554452,1136348,0.8669647216796875,-10.3149995803833,0.5538510084152222,1.6179399490356445,True,204624,1.0,True,,1.0,204624,1.0254652500152588,0.025146412061725194,1.0355831797113808,0.009818314630721144,log-depth Laplacian fallback,,,,0.04560342186945117,0.03659936442623732,0.3888990594977927,0.18004624746673012,0.07283501014539537,-0.024491125123595713,0.04433284117562997,0.019253508289669367,6.859390273967669,0.9874158268417773,0.9966841143734138,0.9976327674268798,0.036432179981573797,0.036509967555637055,0.3903620641019878,0.143450424512111,0.06859703268777018,0.0006552870557676566,0.03415176124235745,0.014831921454833174,6.859390273516702,0.9866264559800343,0.9963945903895638,0.9975887668214315,0.036432179981573797,0.036509967555637055,0.3903620641019878,0.143450424512111,0.06859703268777018,0.0006552870557676566,0.03415176124235745,0.014831921454833174,6.859390273516702,0.9866264559800343,0.9963945903895638,0.9975887668214315,0.02925942813062079,0.034748834369672625,0.37883006125776586,0.11216879543692987,0.0659349401016798,0.010713586282131829,0.026763193128307265,0.011623107093734876,6.5058707297235925,0.9862586109184862,0.9964174707043969,0.9976142871725915,0.035904127343592954,0.03779027579013847,0.398050583211096,0.13909036273327907,0.06938889673526313,0.010473561717279967,0.033270159492754615,0.014449046679744417,6.859390275448203,0.9862216504099096,0.996332989541936,0.9975623664581624,0.008705178275704384,0.057664673775434494,0.017701460979878902,ok,
759xd9YjKW5,ca660fbd1a384380a372ad79f760e1d9,ca660fbd1a384380a372ad79f760e1d9_i1_5,1,5,/mnt/priorbimda-data/PriorBIMDA-Datasets/Matterport3D/v1/scans/759xd9YjKW5/undistorted_color_images/ca660fbd1a384380a372ad79f760e1d9_i1_5.jpg,/mnt/priorbimda-data/PriorBIMDA-Datasets/Matterport3D/v1/scans/759xd9YjKW5/undistorted_depth_images/ca660fbd1a384380a372ad79f760e1d9_d1_5.png,1024,1280,406,504,1.4121168655554452,1210010,0.9231643676757812,-10.316800117492676,0.5508469939231873,1.6179200410842896,True,204624,1.0,True,,1.0,204624,1.0616395473480225,0.05981445593056701,1.0380641453085289,0.02245687607452329,log-depth Laplacian fallback,,,,0.07705795723998596,0.15867045337520738,0.9515353691536601,0.3587071206375372,0.20764258005375857,-0.05832614980004237,0.08487753532294451,0.03686184522830315,19.928246611502114,0.9451830976603499,0.9631143544268229,0.9668424227898943,0.06749036123965901,0.16179956477846236,0.9327351576129649,0.31611697516028864,0.19928802363587625,0.0014883061659348683,0.07146350301039983,0.03103620501489309,19.928246613651186,0.9456665647391344,0.9622441136850108,0.9659994545499624,0.06749036123965901,0.16179956477846236,0.9327351576129649,0.31611697516028864,0.19928802363587625,0.0014883061659348683,0.07146350301039983,0.03103620501489309,19.928246613651186,0.9456665647391344,0.9622441136850108,0.9659994545499624,0.06544140829231758,0.15232265458236455,0.9154938474330365,0.30483437570374594,0.19408229876302738,-0.0031031156433860407,0.0699318748176613,0.030371027342459278,19.40574898488713,0.9511871802712374,0.9627540268262246,0.9663498648771498,0.059205911341842186,0.15733836632177334,0.9310701377588243,0.2870900470046317,0.2003825919771624,-0.02096859223506719,0.0645768613440646,0.028045374540358672,19.928246613077988,0.9441847588036463,0.9626813001545442,0.9662308575962182,0.008332419209182262,0.05977365281432867,0.017732733860611916,ok,
759xd9YjKW5,ca660fbd1a384380a372ad79f760e1d9,ca660fbd1a384380a372ad79f760e1d9_i2_0,2,0,/mnt/priorbimda-data/PriorBIMDA-Datasets/Matterport3D/v1/scans/759xd9YjKW5/undistorted_color_images/ca660fbd1a384380a372ad79f760e1d9_i2_0.jpg,/mnt/priorbimda-data/PriorBIMDA-Datasets/Matterport3D/v1/scans/759xd9YjKW5/undistorted_depth_images/ca660fbd1a384380a372ad79f760e1d9_d2_0.png,1024,1280,406,504,1.4165615917841592,1197551,0.9136589050292969,-10.325499534606934,0.5408300161361694,1.651129961013794,True,204624,1.0,True,,1.0,204624,1.0355286598205566,0.03491207874770852,1.035051288873746,0.00046109879077076144,log-depth Laplacian fallback,,,,0.03763680779927915,0.0061909541759815195,0.12051294831974194,0.08021299506388757,0.05421047793743919,-0.035693880835141197,0.03872554970210739,0.016818292544295357,4.080101456008565,0.9925264143238993,0.9995866564346738,0.9999582481247146,0.025313075015555606,0.004459465778088404,0.11053043583748755,0.061299421158757625,0.040808504062399595,-0.0007818019658645184,0.025385036025130283,0.011024581068629339,4.080101456455531,0.9922324811218896,0.9995089979466427,0.9999123210619005,0.025313075015555606,0.004459465778088404,0.11053043583748755,0.061299421158757625,0.040808504062399595,-0.0007818019658645184,0.025385036025130283,0.011024581068629339,4.080101456455531,0.9922324811218896,0.9995089979466427,0.9999123210619005,0.022556236216194687,0.004003135935054325,0.10374830270934915,0.054561062181916954,0.039120887287547736,0.0014963632730618126,0.022604007748444243,0.009816795834047685,3.9092259069028565,0.9924454156858455,0.9995323789968027,0.9999432174496118,0.025298767912733566,0.004445527964825401,0.11024484650155154,0.06109462249365735,0.04081993938573148,-0.0012428458499801225,0.025382395859339137,0.01102343445919493,4.080101451738645,0.9922374913469238,0.9995089979466427,0.9999123210619005,0.008686071261763573,0.06046201195567846,0.017767646349966526,ok,
759xd9YjKW5,ca660fbd1a384380a372ad79f760e1d9,ca660fbd1a384380a372ad79f760e1d9_i2_1,2,1,/mnt/priorbimda-data/PriorBIMDA-Datasets/Matterport3D/v1/scans/759xd9YjKW5/undistorted_color_images/ca660fbd1a384380a372ad79f760e1d9_i2_1.jpg,/mnt/priorbimda-data/PriorBIMDA-Datasets/Matterport3D/v1/scans/759xd9YjKW5/undistorted_depth_images/ca660fbd1a384380a372ad79f760e1d9_d2_1.png,1024,1280,406,504,1.4165615917841592,754424,0.575579833984375,-10.332599639892578,0.5535330176353455,1.6514500379562378,True,204624,1.0,True,,1.0,204624,1.084959864616394,0.08154299517126988,1.217905906632085,0.11558991877770854,log-depth Laplacian fallback,,,,0.18083277850790672,0.06145614849763529,0.3425153317349271,0.31835397140430294,0.20758536062396302,-0.1985505221182716,0.200274569445299,0.08697814037564298,6.057534244180973,0.7740872506707104,0.9830559473187491,0.9994472604264976,0.11181596532932522,0.026722845699210632,0.2274341551990102,0.19655065060828955,0.1317578592276302,-0.11700752687890269,0.11928878253807451,0.051806460009242765,6.05753425242555,0.9818629842104705,0.995995620499878,0.9993345916884935,0.11181596532932522,0.026722845699210632,0.2274341551990102,0.19655065060828955,0.1317578592276302,-0.11700752687890269,0.11928878253807451,0.051806460009242765,6.05753425242555,0.9818629842104705,0.995995620499878,0.9993345916884935,0.11138206173008611,0.025954313820080253,0.2221819173390074,0.1914423494962549,0.13409718529360204,-0.11713301659166017,0.11923213521262177,0.05178185838838403,6.5283317377447245,0.9538946268941603,0.9937833366913036,0.999428703222591,0.032833033441940836,0.006775096638712231,0.11429102005483176,0.055263210299555374,0.060591928430196194,-0.001417630827941751,0.032822861836246706,0.014254787775754786,6.057534245652836,0.9810318865783697,0.9986771364643755,0.9991450431057336,0.008963855914771557,0.05821871943771839,0.017744679003953934,ok,
759xd9YjKW5,ca660fbd1a384380a372ad79f760e1d9,ca660fbd1a384380a372ad79f760e1d9_i2_2,2,2,/mnt/priorbimda-data/PriorBIMDA-Datasets/Matterport3D/v1/scans/759xd9YjKW5/undistorted_color_images/ca660fbd1a384380a372ad79f760e1d9_i2_2.jpg,/mnt/priorbimda-data/PriorBIMDA-Datasets/Matterport3D/v1/scans/759xd9YjKW5/undistorted_depth_images/ca660fbd1a384380a372ad79f760e1d9_d2_2.png,1024,1280,406,504,1.4165615917841592,1214873,0.9268745422363281,-10.32509994506836,0.5660250186920166,1.6515599489212036,True,204624,1.0,True,,1.0,204624,0.9820957779884338,-0.018066441790652994,0.9986186409262963,0.016684127760977968,log-depth Laplacian fallback,,,,0.06273354463343764,0.016013105233821292,0.13937503009406402,0.09579335505853298,0.10029741639643736,-0.010022370120987036,0.06179133226419244,0.026835634631789153,9.97954098792038,0.9820088190288203,0.9951237701389364,0.9961938408376843,0.06291004997506762,0.01573907676148655,0.13589293784734888,0.0930761706017843,0.10367306880359548,-0.028088811929061965,0.06309777589900818,0.027403015893307243,9.979540991232426,0.9597414709191825,0.9951863281182477,0.9962629838674495,0.06291004997506762,0.01573907676148655,0.13589293784734888,0.0930761706017843,0.10367306880359548,-0.028088811929061965,0.06309777589900818,0.027403015893307243,9.979540991232426,0.9597414709191825,0.9951863281182477,0.9962629838674495,0.043712297524274614,0.012499893232686281,0.11475236402477508,0.06049885523142492,0.0894837278580824,-0.023815468282763298,0.04298428095445504,0.018667836027098872,8.625636800753929,0.9850568742576384,0.9951122463006421,0.9961740856863228,0.06263820311096423,0.015948126919249652,0.13879252123571723,0.09534439561582857,0.10044496086316852,-0.0114046627039005,0.0617826389108606,0.02683185915640789,9.979540987146512,0.9809996600467703,0.9951287089267767,0.9961954871002977,0.01080064196139574,0.058189150877296925,0.017749718390405178,ok,
759xd9YjKW5,ca660fbd1a384380a372ad79f760e1d9,ca660fbd1a384380a372ad79f760e1d9_i2_3,2,3,/mnt/priorbimda-data/PriorBIMDA-Datasets/Matterport3D/v1/scans/759xd9YjKW5/undistorted_color_images/ca660fbd1a384380a372ad79f760e1d9_i2_3.jpg,/mnt/priorbimda-data/PriorBIMDA-Datasets/Matterport3D/v1/scans/759xd9YjKW5/undistorted_depth_images/ca660fbd1a384380a372ad79f760e1d9_d2_3.png,1024,1280,406,504,1.4165615917841592,1262433,0.9631599426269531,-10.310600280761719,0.5658130049705505,1.6513400077819824,True,204624,1.0,True,,1.0,204624,1.0940033197402954,0.08984373849271318,1.1228814463165429,0.026054362961118793,log-depth Laplacian fallback,,,,0.11205015869693816,0.04037200318282841,0.3091017959505539,0.26604514882872143,0.12995866339876622,-0.10096127805006608,0.1160781768092979,0.05041211165766812,8.182954556204662,0.9848554339121364,0.992126314822252,0.9979198896099832,0.04517028536544461,0.02310713298278639,0.21447165583145292,0.09823300024843,0.08258131894884317,-0.011117539578368313,0.04231095621696905,0.018375414809079754,8.182954572190889,0.9835888320409876,0.9898125286648876,0.995316979198104,0.04517028536544461,0.02310713298278639,0.21447165583145292,0.09823300024843,0.08258131894884317,-0.011117539578368313,0.04231095621696905,0.018375414809079754,8.182954572190889,0.9835888320409876,0.9898125286648876,0.995316979198104,0.03165646102252841,0.0184186123526105,0.1924934953625975,0.07023467536885651,0.07303912860029212,-0.0026796938817878527,0.02903466230198381,0.012609593621675935,7.298995511294631,0.9838114181109018,0.9903741426277671,0.9965344695520475,0.0384854394343863,0.025006957091377208,0.22299611424540206,0.08561887579129376,0.08318162248578931,0.014936793328900197,0.03457259933578455,0.01501468911658329,8.182954554693612,0.9826834374576711,0.9891764553049548,0.9946476367458709,0.00925588421523571,0.0597067903727293,0.017741458490490913,ok,
759xd9YjKW5,ca660fbd1a384380a372ad79f760e1d9,ca660fbd1a384380a372ad79f760e1d9_i2_4,2,4,/mnt/priorbimda-data/PriorBIMDA-Datasets/Matterport3D/v1/scans/759xd9YjKW5/undistorted_color_images/ca660fbd1a384380a372ad79f760e1d9_i2_4.jpg,/mnt/priorbimda-data/PriorBIMDA-Datasets/Matterport3D/v1/scans/759xd9YjKW5/undistorted_depth_images/ca660fbd1a384380a372ad79f760e1d9_d2_4.png,1024,1280,406,504,1.4165615917841592,1268330,0.9676589965820312,-10.303500175476074,0.5531089901924133,1.6510200500488281,True,204624,1.0,True,,1.0,204624,1.0807299613952637,0.07763670300602937,1.1073427462237788,0.024326519983946512,log-depth Laplacian fallback,,,,0.09979988504472712,0.025359326494138437,0.26389936598027364,0.2565242729213855,0.10611547182905047,-0.10460606373243986,0.10517664623618334,0.04567763708546487,1.7834371082455767,0.999420497819968,1.0,1.0,0.02760498439619255,0.0023749708034818723,0.07655817178286696,0.06585439219922219,0.032332819324610323,-0.026969360709846284,0.028003694824734516,0.012161850135284855,1.7834370983583754,0.9990664890052273,1.0,1.0,0.02760498439619255,0.0023749708034818723,0.07655817178286696,0.06585439219922219,0.032332819324610323,-0.026969360709846284,0.028003694824734516,0.012161850135284855,1.7834370983583754,0.9990664890052273,1.0,1.0,0.019192371135301565,0.0017325112386711045,0.0673435610608045,0.044908043375645586,0.02647146553162137,-0.015276073372791948,0.01936513883032787,0.008410172935301784,2.1618974760633196,0.998876475365244,1.0,1.0,0.010477843749866796,0.0009528347467110784,0.05176652696381106,0.025964148696983838,0.018029129874171292,-0.002642864367813179,0.01045578372991563,0.00454088917787616,1.7834371083755074,0.9988772638035842,1.0,1.0,0.00832962803542614,0.059775710105895996,0.017735792323946953,ok,
759xd9YjKW5,ca660fbd1a384380a372ad79f760e1d9,ca660fbd1a384380a372ad79f760e1d9_i2_5,2,5,/mnt/priorbimda-data/PriorBIMDA-Datasets/Matterport3D/v1/scans/759xd9YjKW5/undistorted_color_images/ca660fbd1a384380a372ad79f760e1d9_i2_5.jpg,/mnt/priorbimda-data/PriorBIMDA-Datasets/Matterport3D/v1/scans/759xd9YjKW5/undistorted_depth_images/ca660fbd1a384380a372ad79f760e1d9_d2_5.png,1024,1280,406,504,1.4165615917841592,1258432,0.960107421875,-10.310999870300293,0.5406180024147034,1.6509100198745728,True,204624,1.0,True,,1.0,204624,1.027219295501709,0.026855438338764585,1.0161724561523124,0.01081236327933631,log-depth Laplacian fallback,,,,0.03414052245811324,0.006494370525987668,0.13101833620830028,0.07986911512950727,0.04767262738202018,-0.014453915621308681,0.034144267315314884,0.014828666883670814,4.542866633214131,0.9957137135737172,0.9990861643696283,0.9997465099425317,0.033297274874672655,0.007919878601216731,0.153835486469596,0.08925849474215898,0.04709099154872503,0.01240152267392052,0.032425568127167285,0.014082245310206704,4.5428666284740595,0.9941482734069064,0.9990217985556629,0.9996336711081727,0.033297274874672655,0.007919878601216731,0.153835486469596,0.08925849474215898,0.04709099154872503,0.01240152267392052,0.032425568127167285,0.014082245310206704,4.5428666284740595,0.9941482734069064,0.9990217985556629,0.9996336711081727,0.027878151487931543,0.006661729942581986,0.14007057843302093,0.07589028654638523,0.04298009161207779,0.013374902852239922,0.027068290957663697,0.011755609397465032,4.084605548490263,0.9948197439353099,0.9990297449524488,0.9996956530031023,0.03200269482707503,0.006909809519374953,0.14104054280185907,0.08127847184927106,0.04545645171645833,0.0015891130758499395,0.031482524611744285,0.013672686715263855,4.5428666305350305,0.9947482263642374,0.9990432538269847,0.9996797602095306,0.007960505783557892,0.05928331892937422,0.017764776945114136,ok,
759xd9YjKW5,d16ee55e1e434c8abc07c79b08204bf1,d16ee55e1e434c8abc07c79b08204bf1_i0_0,0,0,/mnt/priorbimda-data/PriorBIMDA-Datasets/Matterport3D/v1/scans/759xd9YjKW5/undistorted_color_images/d16ee55e1e434c8abc07c79b08204bf1_i0_0.jpg,/mnt/priorbimda-data/PriorBIMDA-Datasets/Matterport3D/v1/scans/759xd9YjKW5/undistorted_depth_images/d16ee55e1e434c8abc07c79b08204bf1_d0_0.png,1024,1280,406,504,1.4155678118069965,1228432,0.93721923828125,-5.947710037231445,4.8571600914001465,1.5742599964141846,True,204624,1.0,True,,1.0,204624,0.97922283411026,-0.02099604834741269,1.0093537228150962,0.030306295990128452,log-depth Laplacian fallback,,,,0.04627060392002914,0.008471320944281437,0.10112522214231343,0.06550826777460715,0.0698048754946593,-0.0070626021642699035,0.04527184826716417,0.01966131388799069,6.944667229964397,0.9916267241491592,0.9976181017752712,0.9983466728317074,0.05111031534205029,0.009094909288642103,0.10622224265044324,0.07266039793865821,0.07490078892352264,-0.02805865060147997,0.051123456329740934,0.022202634979828353,6.944667240257203,0.9922177214530393,0.9976571759771806,0.9984256352813994,0.05111031534205029,0.009094909288642103,0.10622224265044324,0.07266039793865821,0.07490078892352264,-0.02805865060147997,0.051123456329740934,0.022202634979828353,6.944667240257203,0.9922177214530393,0.9976571759771806,0.9984256352813994,0.029840504546505713,0.00555707777319167,0.08245009760001923,0.04323278682376449,0.05433144043456831,-0.013329124818588814,0.029093526883175395,0.012635158184466994,5.267105325760559,0.9951499146879925,0.9977507912525887,0.9985249488779192,0.046051175000323935,0.008638795379720891,0.10274345427372995,0.06552124119688439,0.06948303646749762,0.0022476792456100876,0.04462367182816062,0.019379814437231756,6.944667230870359,0.9913125024421376,0.9976075191789208,0.9983124829050367,0.010593811981379986,0.05841553118079901,0.017719832248985767,ok,
759xd9YjKW5,d16ee55e1e434c8abc07c79b08204bf1,d16ee55e1e434c8abc07c79b08204bf1_i0_1,0,1,/mnt/priorbimda-data/PriorBIMDA-Datasets/Matterport3D/v1/scans/759xd9YjKW5/undistorted_color_images/d16ee55e1e434c8abc07c79b08204bf1_i0_1.jpg,/mnt/priorbimda-data/PriorBIMDA-Datasets/Matterport3D/v1/scans/759xd9YjKW5/undistorted_depth_images/d16ee55e1e434c8abc07c79b08204bf1_d0_1.png,1024,1280,406,504,1.4155678118069965,1231006,0.9391830444335938,-5.939819812774658,4.844930171966553,1.573889970779419,True,204624,1.0,True,,1.0,204624,1.0254652500152588,0.025146412061725194,1.0336357958498823,0.00793607359249756,log-depth Laplacian fallback,,,,0.04821775670628331,0.007174842897936847,0.11583609800775921,0.08784343245417568,0.0648675699059756,-0.023141498754383608,0.0483529294518453,0.020999410444793642,6.059927937614021,0.9915678721305988,0.9985962700425506,0.9996620650102437,0.041440974334040835,0.006049665284673112,0.09962520658353141,0.07026019191976797,0.06063243639342874,0.002004913264565526,0.04047355883325159,0.017577443264267786,6.0599279416547125,0.9913339171376906,0.9984727937962934,0.9995320900141835,0.041440974334040835,0.006049665284673112,0.09962520658353141,0.07026019191976797,0.06063243639342874,0.002004913264565526,0.04047355883325159,0.017577443264267786,6.0599279416547125,0.9913339171376906,0.9984727937962934,0.9995320900141835,0.03563918351440422,0.006246949950835678,0.1014139872621847,0.0617196358001703,0.06227291695361256,0.006186009322976701,0.034403443121926065,0.014941225506324877,6.196490518485098,0.9885337683163201,0.9984606086404128,0.9995922034498613,0.04131862070930101,0.006181332765229807,0.09918355652408127,0.06847470885322088,0.061409258383989924,0.00994104385306933,0.04002337246756167,0.017381929809820566,6.059927938831442,0.9913111715133801,0.9984492358282575,0.9994914728279147,0.008094930090010166,0.058807956986129284,0.017730758525431156,ok,
759xd9YjKW5,d16ee55e1e434c8abc07c79b08204bf1,d16ee55e1e434c8abc07c79b08204bf1_i0_2,0,2,/mnt/priorbimda-data/PriorBIMDA-Datasets/Matterport3D/v1/scans/759xd9YjKW5/undistorted_color_images/d16ee55e1e434c8abc07c79b08204bf1_i0_2.jpg,/mnt/priorbimda-data/PriorBIMDA-Datasets/Matterport3D/v1/scans/759xd9YjKW5/undistorted_depth_images/d16ee55e1e434c8abc07c79b08204bf1_d0_2.png,1024,1280,406,504,1.4155678118069965,976016,0.74464111328125,-5.946469783782959,4.831999778747559,1.5734699964523315,True,204624,1.0,True,,1.0,204624,0.9588773250579834,-0.04199213192868159,0.8217789969894977,0.15429164825673458,log-depth Laplacian fallback,,,,0.19756662506665107,0.03656676704439452,0.17892542488340726,0.16743106800625626,0.190982932293841,0.17008567024733293,0.17826473319103717,0.07741938994282281,8.686394651447392,0.7022077506926115,0.9966219816068589,0.9993832068326749,0.15335339247699614,0.02307347679138775,0.14223201623434056,0.1286446952771616,0.15476853614603467,0.1280935384162148,0.14141197645335543,0.06141444104872483,8.686394647263123,0.9897153325355322,0.9983432648645104,0.9995061556367928,0.15335339247699614,0.02307347679138775,0.14223201623434056,0.1286446952771616,0.15476853614603467,0.1280935384162148,0.14141197645335543,0.06141444104872483,8.686394647263123,0.9897153325355322,0.9983432648645104,0.9995061556367928,0.1417290420599642,0.01972125198190743,0.1319934561790262,0.1193521872773329,0.1439783701331996,0.11766521468044511,0.1316479436551715,0.057173975483351194,8.297390144146165,0.9899468861166211,0.9985307617907904,0.9995604580252783,0.05794034066571571,0.010369792887267495,0.12596688440652118,0.07312767503488173,0.09072863479553424,-0.02619809084970366,0.06060652357388291,0.02632107875547669,8.686394653532673,0.9421976688906739,0.9990994000098359,0.9999610662120293,0.00799145270138979,0.05805346556007862,0.017733103595674038,ok,
759xd9YjKW5,d16ee55e1e434c8abc07c79b08204bf1,d16ee55e1e434c8abc07c79b08204bf1_i0_3,0,3,/mnt/priorbimda-data/PriorBIMDA-Datasets/Matterport3D/v1/scans/759xd9YjKW5/undistorted_color_images/d16ee55e1e434c8abc07c79b08204bf1_i0_3.jpg,/mnt/priorbimda-data/PriorBIMDA-Datasets/Matterport3D/v1/scans/759xd9YjKW5/undistorted_depth_images/d16ee55e1e434c8abc07c79b08204bf1_d0_3.png,1024,1280,406,504,1.4155678118069965,941188,0.7180694580078125,-5.960999965667725,4.83128023147583,1.5734200477600098,True,204624,1.0,True,,1.0,204624,0.8946451544761658,-0.11132811477007655,0.7999860046660496,0.1118329308645959,log-depth Laplacian fallback,,,,0.24751454413851195,0.07829845623232154,0.3168698138139317,0.2758066542682356,0.22763049894604406,0.21864765634067224,0.2186591861325427,0.09496247795481931,6.331545172512208,0.4998087523427838,0.9945908787617351,0.9956172411887955,0.11610588378144612,0.022961060312459054,0.16452729922223638,0.13020641526530094,0.12460469663604501,0.10731954154435104,0.10735520152706272,0.046623771626814886,6.3315451719711495,0.9932415202913765,0.9951433719936931,0.9960528608524546,0.11610588378144612,0.022961060312459054,0.16452729922223638,0.13020641526530094,0.12460469663604501,0.10731954154435104,0.10735520152706272,0.046623771626814886,6.3315451719711495,0.9932415202913765,0.9951433719936931,0.9960528608524546,0.1507476588904102,0.027658017281158614,0.15660483868260475,0.13821420615002025,0.15723181878538917,0.1369703267487077,0.13699647997252598,0.0594968152922374,7.720734698792402,0.9584376341389818,0.9952878702235898,0.9960613607483308,0.031209260754409336,0.00611632637979093,0.06966670488330293,0.029541642789528418,0.06347611449666478,-0.004513389093424551,0.02956408841425068,0.012839520460808936,6.331545175140942,0.9945207546207558,0.9956172411887955,0.996512917716758,0.007955586537718773,0.05708186607807875,0.017721327021718025,ok,
759xd9YjKW5,d16ee55e1e434c8abc07c79b08204bf1,d16ee55e1e434c8abc07c79b08204bf1_i0_4,0,4,/mnt/priorbimda-data/PriorBIMDA-Datasets/Matterport3D/v1/scans/759xd9YjKW5/undistorted_color_images/d16ee55e1e434c8abc07c79b08204bf1_i0_4.jpg,/mnt/priorbimda-data/PriorBIMDA-Datasets/Matterport3D/v1/scans/759xd9YjKW5/undistorted_depth_images/d16ee55e1e434c8abc07c79b08204bf1_d0_4.png,1024,1280,406,504,1.4155678118069965,1226162,0.9354873657226562,-5.968890190124512,4.843500137329102,1.5737899541854858,True,204624,1.0,True,,1.0,204624,0.8705136775970459,-0.1386718075514999,0.8777503361687271,0.008278726606981923,log-depth Laplacian fallback,,,,0.1236859521778247,0.03309555789357515,0.2400203253441087,0.20987507246842302,0.12950583688970335,0.11440668100396746,0.1148312347608178,0.049870571606760034,6.068668000606787,0.9748826011571065,0.9997031387369695,0.9999934755766366,0.04743456423115925,0.005505416826446042,0.08836140802393491,0.07011673181928677,0.06535801008506474,-0.024265126574418115,0.04872499109469529,0.021160994763211254,6.068667987793443,0.999562048081738,0.9999143669433566,1.0,0.04743456423115925,0.005505416826446042,0.08836140802393491,0.07011673181928677,0.06535801008506474,-0.024265126574418115,0.04872499109469529,0.021160994763211254,6.068667987793443,0.999562048081738,0.9999143669433566,1.0,0.02098136998060595,0.0017217520325017038,0.04536797664789562,0.029579006418779273,0.03779535153310209,-0.003283954992110955,0.020810727343585113,0.009037984049712136,3.765241343022452,0.9974685237350367,0.9998042672991008,1.0,0.047385242020167834,0.0051909134388858575,0.08618069114341811,0.07103279914642396,0.06275697632636924,-0.015986398883982452,0.04828382419145015,0.020969398411533547,6.068667999117001,0.9994943571893437,0.9999005025437095,1.0,0.008153645321726799,0.05806349962949753,0.01772347465157509,ok,
759xd9YjKW5,d16ee55e1e434c8abc07c79b08204bf1,d16ee55e1e434c8abc07c79b08204bf1_i0_5,0,5,/mnt/priorbimda-data/PriorBIMDA-Datasets/Matterport3D/v1/scans/759xd9YjKW5/undistorted_color_images/d16ee55e1e434c8abc07c79b08204bf1_i0_5.jpg,/mnt/priorbimda-data/PriorBIMDA-Datasets/Matterport3D/v1/scans/759xd9YjKW5/undistorted_depth_images/d16ee55e1e434c8abc07c79b08204bf1_d0_5.png,1024,1280,406,504,1.4155678118069965,1226612,0.9358306884765625,-5.962240219116211,4.85644006729126,1.5742100477218628,True,204624,1.0,True,,1.0,204624,0.9500225186347961,-0.05126959084238058,0.9759022158266383,0.026876704551897855,log-depth Laplacian fallback,,,,0.0620569230830074,0.008545902018904499,0.10326445051298162,0.07952593237910259,0.07809764867880402,0.03906075123614293,0.059344709536003494,0.0257730798816376,6.762766033233782,0.9926284758342492,1.0,1.0,0.05829735216826287,0.006473780570885211,0.09517259483290415,0.0805648349329437,0.06872085712762346,-0.012208839600009557,0.058550216927686735,0.02542803612593271,6.762766031718439,0.9941424019983499,1.0,1.0,0.05829735216826287,0.006473780570885211,0.09517259483290415,0.0805648349329437,0.06872085712762346,-0.012208839600009557,0.058550216927686735,0.02542803612593271,6.762766031718439,0.9941424019983499,1.0,1.0,0.025972082829779666,0.0022974716420535997,0.057990329430851105,0.03791052441472774,0.03879256016708781,-0.0038634831348798295,0.02585839161382356,0.011230156788776893,3.85996919985591,0.9949340133636391,1.0,1.0,0.05673846238638832,0.006603157030377926,0.09233191382315613,0.07469070897204153,0.06920004498709638,0.014667848461462275,0.05545810210611731,0.024085147721513846,6.7627660374492775,0.9932888313500928,1.0,1.0,0.008352330885827541,0.057840111665427685,0.017706653103232384,ok,
759xd9YjKW5,d16ee55e1e434c8abc07c79b08204bf1,d16ee55e1e434c8abc07c79b08204bf1_i1_0,1,0,/mnt/priorbimda-data/PriorBIMDA-Datasets/Matterport3D/v1/scans/759xd9YjKW5/undistorted_color_images/d16ee55e1e434c8abc07c79b08204bf1_i1_0.jpg,/mnt/priorbimda-data/PriorBIMDA-Datasets/Matterport3D/v1/scans/759xd9YjKW5/undistorted_depth_images/d16ee55e1e434c8abc07c79b08204bf1_d1_0.png,1024,1280,406,504,1.4121168655554452,1233331,0.9409568786621094,-5.95281982421875,4.846290111541748,1.6071699857711792,True,204624,1.0,True,,1.0,204624,0.9732642769813538,-0.027099623211697812,0.9634768133725883,0.010107233205493293,log-depth Laplacian fallback,,,,0.09948657675395388,0.1585723425907702,0.42542002398379014,0.15133521634529234,0.16780911321933226,0.05200685306082203,0.076851599848551,0.033376225739662466,15.954681355065897,0.9778218499332296,0.9877672741543024,0.9891156550836718,0.0872478807576353,0.14879929669626293,0.42379211109930276,0.14561124568436992,0.16147927369978843,0.024907229992596768,0.06712290383437632,0.029151106744592245,15.954681359622032,0.9791053658750165,0.9875418683224536,0.9895397099399917,0.0872478807576353,0.14879929669626293,0.42379211109930276,0.14561124568436992,0.16147927369978843,0.024907229992596768,0.06712290383437632,0.029151106744592245,15.954681359622032,0.9791053658750165,0.9875418683224536,0.9895397099399917,0.07604851096596572,0.14025959448815106,0.4190217714502066,0.13313705475523466,0.15641228164391158,0.030066178707318605,0.05649314889598128,0.024534662830863467,15.349536392671245,0.9800102324517911,0.9874048410361858,0.9902402518058818,0.08530666648602804,0.14606817297042618,0.42575145981013257,0.15003629704160534,0.1602317893936492,0.014800020787515206,0.06605198879190347,0.028686014251059093,15.954681355946871,0.9794815828029945,0.9875264628879028,0.9899816026678969,0.008365177549421787,0.05883604660630226,0.017736813984811306,ok,
759xd9YjKW5,d16ee55e1e434c8abc07c79b08204bf1,d16ee55e1e434c8abc07c79b08204bf1_i1_1,1,1,/mnt/priorbimda-data/PriorBIMDA-Datasets/Matterport3D/v1/scans/759xd9YjKW5/undistorted_color_images/d16ee55e1e434c8abc07c79b08204bf1_i1_1.jpg,/mnt/priorbimda-data/PriorBIMDA-Datasets/Matterport3D/v1/scans/759xd9YjKW5/undistorted_depth_images/d16ee55e1e434c8abc07c79b08204bf1_d1_1.png,1024,1280,406,504,1.4121168655554452,1085994,0.8285476684570312,-5.950930118560791,4.843349933624268,1.6070799827575684,True,204624,1.0,True,,1.0,204624,1.0036228895187378,0.0036163426620995,0.9979215738025802,0.005696931784755028,log-depth Laplacian fallback,,,,0.03776063239309409,0.01720500574677907,0.21650043973398575,0.11136804216179143,0.0751044172205392,0.004656845505988064,0.03656759381714152,0.015881104211264034,7.495990445544995,0.9674454923323702,0.9967007184201754,0.9992080987556101,0.03838024809336799,0.017433735041695233,0.21716627369745026,0.11242168760187805,0.07541507095882942,0.008273188220609445,0.03704966599437234,0.01609046549771447,7.495990451162305,0.967508107779601,0.9964355235848449,0.9991878408168001,0.03838024809336799,0.017433735041695233,0.21716627369745026,0.11242168760187805,0.07541507095882942,0.008273188220609445,0.03704966599437234,0.01609046549771447,7.495990451162305,0.967508107779601,0.9964355235848449,0.9991878408168001,0.05279923639219678,0.02075336864996084,0.24450626646602142,0.16263060872084442,0.0816220310813682,-0.004556371527958732,0.05184635004788404,0.022516583732620443,8.14947571095653,0.9692134579012407,0.9956915047412785,0.9992025738632073,0.03760669274619892,0.017116398794225995,0.21654948881841135,0.11154490070027741,0.0750041627790853,0.0025762686526041865,0.03649203169910727,0.01584828800036083,7.495990444244932,0.9674160262395557,0.9968121370836303,0.99922835669442,0.008040526881814003,0.05822310782968998,0.017714660614728928,ok,
759xd9YjKW5,d16ee55e1e434c8abc07c79b08204bf1,d16ee55e1e434c8abc07c79b08204bf1_i1_2,1,2,/mnt/priorbimda-data/PriorBIMDA-Datasets/Matterport3D/v1/scans/759xd9YjKW5/undistorted_color_images/d16ee55e1e434c8abc07c79b08204bf1_i1_2.jpg,/mnt/priorbimda-data/PriorBIMDA-Datasets/Matterport3D/v1/scans/759xd9YjKW5/undistorted_depth_images/d16ee55e1e434c8abc07c79b08204bf1_d1_2.png,1024,1280,406,504,1.4121168655554452,579159,0.4418632507324219,-5.9525299072265625,4.840240001678467,1.6069799661636353,True,204624,1.0,True,,1.0,204624,1.0634554624557495,0.06152347650737508,0.8371682405802798,0.23925370092117523,log-depth Laplacian fallback,,,,0.17879877099237462,0.031151908120924023,0.16263865245665943,0.14333311956689543,0.17791125743290617,0.12916815401132617,0.1638270244947683,0.07114917272470674,12.234379228495468,0.9656916321770015,0.9934094091605241,0.9974929164529948,0.23287247095081423,0.051215047705268406,0.2019651514544783,0.17773537805617473,0.22656412192531908,0.19069163019611948,0.2052940700509984,0.08915808179060826,12.234379231059197,0.33843555914697,0.9916672278251741,0.9965950628411196,0.23287247095081423,0.051215047705268406,0.2019651514544783,0.17773537805617473,0.22656412192531908,0.19069163019611948,0.2052940700509984,0.08915808179060826,12.234379231059197,0.33843555914697,0.9916672278251741,0.9965950628411196,0.18674034032854228,0.034407406436888846,0.16855577447378078,0.1450383229953705,0.18733667812782734,0.14830853036876454,0.169009187805472,0.07339975765486684,11.445353114616614,0.917147104681098,0.9928862367674507,0.9968333393765788,0.06639309000032743,0.021225954361358778,0.17773812411021764,0.0919152018027501,0.1316293317023411,-0.04856209897650322,0.0720588795110206,0.03129477374376754,12.234379227161977,0.8413596266310288,0.9952310160076939,0.9984960952001091,0.008057130500674248,0.0576738677918911,0.01774459518492222,ok,
759xd9YjKW5,d16ee55e1e434c8abc07c79b08204bf1,d16ee55e1e434c8abc07c79b08204bf1_i1_3,1,3,/mnt/priorbimda-data/PriorBIMDA-Datasets/Matterport3D/v1/scans/759xd9YjKW5/undistorted_color_images/d16ee55e1e434c8abc07c79b08204bf1_i1_3.jpg,/mnt/priorbimda-data/PriorBIMDA-Datasets/Matterport3D/v1/scans/759xd9YjKW5/undistorted_depth_images/d16ee55e1e434c8abc07c79b08204bf1_d1_3.png,1024,1280,406,504,1.4121168655554452,454743,0.3469413757324219,-5.956019878387451,4.840060234069824,1.606969952583313,True,204624,1.0,True,,1.0,204624,0.9234949946403503,-0.07958989934632286,0.9547102149741682,0.0332424749801144,log-depth Laplacian fallback,,,,0.1430715758668139,0.06871761584389686,0.2161635027653578,0.11998636045039182,0.20780491457989173,0.11386416693479799,0.11477033367187958,0.04984412259989231,17.383277599981124,0.7675940036460155,0.98221193069492,0.9840481326815366,0.11961007046636563,0.05017870746457997,0.188524340598146,0.11006521746829066,0.17717945500051482,0.03427426751683189,0.10095073667279897,0.043842347881064815,17.383277556451805,0.8298665400017152,0.9829574067110434,0.9847518268560483,0.11961007046636563,0.05017870746457997,0.188524340598146,0.11006521746829066,0.17717945500051482,0.03427426751683189,0.10095073667279897,0.043842347881064815,17.383277556451805,0.8298665400017152,0.9829574067110434,0.9847518268560483,0.13288953251963453,0.051431893515606626,0.20054798660596126,0.12800659207772305,0.18715333259000974,0.05841802115495479,0.11356769485498712,0.04932182319799324,17.780243165909194,0.784403498239665,0.9829969895083597,0.984736433545981,0.11477378795763823,0.0553096767311413,0.19113659791211188,0.09113541054349152,0.18648415585511163,0.06751671172607063,0.09226154309314374,0.040068679057231396,17.38327760311393,0.7899274975095824,0.9827397013258038,0.9844769463191297,0.007857673801481724,0.05718508269637823,0.017933801747858524,ok,
759xd9YjKW5,d16ee55e1e434c8abc07c79b08204bf1,d16ee55e1e434c8abc07c79b08204bf1_i1_4,1,4,/mnt/priorbimda-data/PriorBIMDA-Datasets/Matterport3D/v1/scans/759xd9YjKW5/undistorted_color_images/d16ee55e1e434c8abc07c79b08204bf1_i1_4.jpg,/mnt/priorbimda-data/PriorBIMDA-Datasets/Matterport3D/v1/scans/759xd9YjKW5/undistorted_depth_images/d16ee55e1e434c8abc07c79b08204bf1_d1_4.png,1024,1280,406,504,1.4121168655554452,1305865,0.9962959289550781,-5.957920074462891,4.8429999351501465,1.6070599555969238,True,204624,1.0,True,,1.0,204624,0.9780282378196716,-0.022216736337888406,1.0190810522772398,0.04111802841353129,log-depth Laplacian fallback,,,,0.026403896620369686,0.0018153416546877958,0.05321451393180066,0.04193194922722137,0.03508274852796491,-0.02476851053686261,0.026982946365648495,0.011718544712092539,2.4845927836604336,1.0,1.0,1.0,0.04590114667878945,0.004172917986671221,0.0814125761490953,0.07392766762868298,0.05315010385008771,-0.04698524673054497,0.047272080063863645,0.020530003519824695,2.4845927814129247,1.0,1.0,1.0,0.04590114667878945,0.004172917986671221,0.0814125761490953,0.07392766762868298,0.05315010385008771,-0.04698524673054497,0.047272080063863645,0.020530003519824695,2.4845927814129247,1.0,1.0,1.0,0.04588219834178582,0.0040198595346139605,0.08115177392849562,0.07529191838019986,0.05114248355437305,-0.04672608470197164,0.04714532342584658,0.020474953811389293,2.079006090740211,1.0,1.0,1.0,0.02032522674994514,0.0009956137563720954,0.039493606261703534,0.03241805329558903,0.025529297388068403,-0.0058672731959432305,0.020483434210710617,0.008895842448139903,2.4845927842859927,1.0,1.0,1.0,0.008078280836343765,0.057582033798098564,0.017716659232974052,ok,
759xd9YjKW5,d16ee55e1e434c8abc07c79b08204bf1,d16ee55e1e434c8abc07c79b08204bf1_i1_5,1,5,/mnt/priorbimda-data/PriorBIMDA-Datasets/Matterport3D/v1/scans/759xd9YjKW5/undistorted_color_images/d16ee55e1e434c8abc07c79b08204bf1_i1_5.jpg,/mnt/priorbimda-data/PriorBIMDA-Datasets/Matterport3D/v1/scans/759xd9YjKW5/undistorted_depth_images/d16ee55e1e434c8abc07c79b08204bf1_d1_5.png,1024,1280,406,504,1.4121168655554452,1299285,0.9912757873535156,-5.956319808959961,4.8461198806762695,1.607159972190857,True,204624,1.0,True,,1.0,204624,0.9843763113021851,-0.01574702485252098,1.0335457264038466,0.048742368235856426,log-depth Laplacian fallback,,,,0.038028858481674394,0.0030288138871400736,0.059467568158170614,0.04590076167258386,0.05060282472055084,-0.03241457153908017,0.0385448085343877,0.016739797652501946,3.8857964712998605,0.9927006007150087,1.0,1.0,0.052185550097385736,0.004439615832342901,0.07366588056554994,0.0648561637666105,0.06188279884878167,-0.04816159640893826,0.05341065812888127,0.0231959541001942,3.885796475243293,0.9928468349900137,1.0,1.0,0.052185550097385736,0.004439615832342901,0.07366588056554994,0.0648561637666105,0.06188279884878167,-0.04816159640893826,0.05341065812888127,0.0231959541001942,3.885796475243293,0.9928468349900137,1.0,1.0,0.055115263717999484,0.0050715270635475805,0.08279054991860833,0.07270550627859768,0.06359133755075927,-0.05103409906952591,0.05644933904968808,0.024515636456365307,3.793914790366832,0.9927344654944835,1.0,1.0,0.022635569202670396,0.0020643605821262464,0.04905210272113338,0.028029627149334088,0.03886230465509985,0.0005807777326394886,0.022236877280479853,0.009657353097672192,3.8857964696199234,0.9926690448977707,1.0,1.0,0.008557607419788837,0.05752437561750412,0.017715739086270332,ok,
759xd9YjKW5,d16ee55e1e434c8abc07c79b08204bf1,d16ee55e1e434c8abc07c79b08204bf1_i2_0,2,0,/mnt/priorbimda-data/PriorBIMDA-Datasets/Matterport3D/v1/scans/759xd9YjKW5/undistorted_color_images/d16ee55e1e434c8abc07c79b08204bf1_i2_0.jpg,/mnt/priorbimda-data/PriorBIMDA-Datasets/Matterport3D/v1/scans/759xd9YjKW5/undistorted_depth_images/d16ee55e1e434c8abc07c79b08204bf1_d2_0.png,1024,1280,406,504,1.4165615917841592,1211525,0.9243202209472656,-5.947850227355957,4.855070114135742,1.6407300233840942,True,204624,1.0,True,,1.0,204624,1.0319952964782715,0.03149410937289123,1.0120783905928423,0.019488080447449554,log-depth Laplacian fallback,,,,0.04135854365804412,0.024986311863415697,0.17301747296852438,0.06429212501160672,0.0877085228149644,-0.0026428955116840395,0.036852385905482156,0.016004787843720072,8.766869496974076,0.9835248963083717,0.9947454654258063,0.997198572047626,0.04446597837883912,0.027747253763779775,0.18127177332127517,0.06306032685676008,0.0922940551055427,0.028851213854750386,0.038675661238988135,0.016796626260052027,8.766869490834463,0.9811683621881513,0.9925738222488186,0.9971465714698418,0.04446597837883912,0.027747253763779775,0.18127177332127517,0.06306032685676008,0.0922940551055427,0.028851213854750386,0.038675661238988135,0.016796626260052027,8.766869490834463,0.9811683621881513,0.9925738222488186,0.9971465714698418,0.0478132532115592,0.030088279760376396,0.19657615305176376,0.07790886883222915,0.09573664023704744,0.02980812004277955,0.04168779457469981,0.01810477914650842,9.097791085419082,0.980660737500258,0.9906316419388786,0.9971399682218691,0.03937647630398394,0.025603010381594103,0.17373167829862002,0.057246871025169045,0.08816727623997991,0.009363147077664238,0.03439036237069785,0.014935544608247298,8.7668694962221,0.9826557437939787,0.9940702833206083,0.9971746352737253,0.008116650395095348,0.05883076135069132,0.017695504240691662,ok,
759xd9YjKW5,d16ee55e1e434c8abc07c79b08204bf1,d16ee55e1e434c8abc07c79b08204bf1_i2_1,2,1,/mnt/priorbimda-data/PriorBIMDA-Datasets/Matterport3D/v1/scans/759xd9YjKW5/undistorted_color_images/d16ee55e1e434c8abc07c79b08204bf1_i2_1.jpg,/mnt/priorbimda-data/PriorBIMDA-Datasets/Matterport3D/v1/scans/759xd9YjKW5/undistorted_depth_images/d16ee55e1e434c8abc07c79b08204bf1_d2_1.png,1024,1280,406,504,1.4165615917841592,1220128,0.9308837890625,-5.93996000289917,4.842850208282471,1.6403599977493286,True,204624,1.0,True,,1.0,204624,1.0775684118270874,0.07470703223511889,1.0240077820002358,0.05098290603707447,log-depth Laplacian fallback,,,,0.036973966639639935,0.010810739677620477,0.14911328960867878,0.07353767679707761,0.06284527640352407,-0.012919755293706479,0.0357092462205982,0.015508328586530356,6.150291610473508,0.9814494872669097,0.997914972855307,0.9996123357549372,0.06632547479178393,0.021488849478026886,0.2144422886539126,0.13866256160132082,0.08717956334050246,0.06178727683875901,0.062122786860675634,0.026979583534043262,6.150291606981929,0.976252491541871,0.9925852041752996,0.9992943363319259,0.06632547479178393,0.021488849478026886,0.2144422886539126,0.13866256160132082,0.08717956334050246,0.06178727683875901,0.062122786860675634,0.026979583534043262,6.150291606981929,0.976252491541871,0.9925852041752996,0.9992943363319259,0.05097665953516992,0.018468146873148468,0.2006609530128708,0.11013923976854192,0.07881885764061447,0.040378967525701644,0.047652889067972416,0.020695386768968215,6.769011228628434,0.977154036297831,0.9933146358414855,0.9992812229536573,0.028066988240467154,0.011495955785444403,0.15360407554995442,0.056343190890887025,0.062444723077332634,0.010804385758327251,0.026063104232377433,0.011319062349390818,6.150291609826329,0.9799291549739044,0.9970585053371449,0.9994803823861103,0.007620697841048241,0.058483502827584743,0.01773260161280632,ok,
759xd9YjKW5,d16ee55e1e434c8abc07c79b08204bf1,d16ee55e1e434c8abc07c79b08204bf1_i2_2,2,2,/mnt/priorbimda-data/PriorBIMDA-Datasets/Matterport3D/v1/scans/759xd9YjKW5/undistorted_color_images/d16ee55e1e434c8abc07c79b08204bf1_i2_2.jpg,/mnt/priorbimda-data/PriorBIMDA-Datasets/Matterport3D/v1/scans/759xd9YjKW5/undistorted_depth_images/d16ee55e1e434c8abc07c79b08204bf1_d2_2.png,1024,1280,406,504,1.4165615917841592,954320,0.72808837890625,-5.946609973907471,4.829909801483154,1.6399400234222412,True,204624,1.0,True,,1.0,204624,0.9647477269172668,-0.03588863470373103,0.9275348395947776,0.039336287596863535,log-depth Laplacian fallback,,,,0.07189495612378727,0.00658506317111527,0.07798389499783692,0.0649629465890871,0.08003176997050108,0.06827990251107047,0.06848985033404448,0.029744764066455102,4.174852234139446,0.9973048872495599,0.9983663760583452,0.9989605163886327,0.041419450418985954,0.0030347792064677674,0.05212555623160766,0.03715454425298315,0.052840641042197274,0.03239126773856459,0.04000158748211979,0.017372468710854818,4.174852236952786,0.9974463492329617,0.9984680191130858,0.9995986671137564,0.041419450418985954,0.0030347792064677674,0.05212555623160766,0.03715454425298315,0.052840641042197274,0.03239126773856459,0.04000158748211979,0.017372468710854818,4.174852236952786,0.9974463492329617,0.9984680191130858,0.9995986671137564,0.04365677001705813,0.003406254941320122,0.059321320920674964,0.042836903825168665,0.056391533946868494,-0.030692629072341115,0.04415256490230599,0.01917521529894668,4.730716247576579,0.9979105541118283,0.9985539441696706,0.9996562997736608,0.027414563848287863,0.0024766196318706255,0.054584654339036205,0.032217445382604015,0.042322248637277786,-0.006945042380628668,0.027274883720387687,0.011845331494317213,4.174852232171617,0.9976569704082489,0.9985120295079218,0.9996500125743986,0.008213860914111137,0.05916604585945606,0.017727096565067768,ok,
759xd9YjKW5,d16ee55e1e434c8abc07c79b08204bf1,d16ee55e1e434c8abc07c79b08204bf1_i2_3,2,3,/mnt/priorbimda-data/PriorBIMDA-Datasets/Matterport3D/v1/scans/759xd9YjKW5/undistorted_color_images/d16ee55e1e434c8abc07c79b08204bf1_i2_3.jpg,/mnt/priorbimda-data/PriorBIMDA-Datasets/Matterport3D/v1/scans/759xd9YjKW5/undistorted_depth_images/d16ee55e1e434c8abc07c79b08204bf1_d2_3.png,1024,1280,406,504,1.4165615917841592,942683,0.7192100524902344,-5.961140155792236,4.82919979095459,1.6398899555206299,True,204624,1.0,True,,1.0,204624,0.9609865546226501,-0.0397948611371391,0.9167764473601113,0.047096762266752475,log-depth Laplacian fallback,,,,0.1002080521016025,0.022284681078490198,0.14909210259517708,0.10929388945305551,0.11616505768927893,0.09210444669794718,0.09210645773110034,0.040001326340271974,7.078906360744227,0.9946524971809187,0.9958512034268148,0.9968918501765704,0.05996081107955916,0.014309375322176772,0.11074755705513017,0.06021307861506788,0.0880192265745854,0.052309585475456645,0.05501278024241052,0.02389174689343514,7.078906352095708,0.9949855890049996,0.9960007765070549,0.9969989911773098,0.05996081107955916,0.014309375322176772,0.11074755705513017,0.06021307861506788,0.0880192265745854,0.052309585475456645,0.05501278024241052,0.02389174689343514,7.078906352095708,0.9949855890049996,0.9960007765070549,0.9969989911773098,0.06484537255588908,0.014344800242631652,0.11794555312315945,0.07241835364067681,0.0885766659220874,0.05561936141980813,0.06002419967446228,0.026068178699277925,6.893701749514436,0.9950343858964255,0.996035782972643,0.9970446056627732,0.03503860185469649,0.010810075512607749,0.09626424688843797,0.039987095229663636,0.07098073487850266,0.0052127920343208,0.032182430855693535,0.013976652134860644,7.078906358399725,0.9952348774720664,0.9962108153005835,0.9971305306237622,0.008025572635233402,0.05850686598569155,0.01772601157426834,ok,
759xd9YjKW5,d16ee55e1e434c8abc07c79b08204bf1,d16ee55e1e434c8abc07c79b08204bf1_i2_4,2,4,/mnt/priorbimda-data/PriorBIMDA-Datasets/Matterport3D/v1/scans/759xd9YjKW5/undistorted_color_images/d16ee55e1e434c8abc07c79b08204bf1_i2_4.jpg,/mnt/priorbimda-data/PriorBIMDA-Datasets/Matterport3D/v1/scans/759xd9YjKW5/undistorted_depth_images/d16ee55e1e434c8abc07c79b08204bf1_d2_4.png,1024,1280,406,504,1.4165615917841592,1240656,0.94654541015625,-5.969029903411865,4.8414201736450195,1.6402499675750732,True,204624,1.0,True,,1.0,204624,1.0095053911209106,0.009460499143727258,1.00936445897484,0.00013961489027420303,log-depth Laplacian fallback,,,,0.02660289619423694,0.0025952520262002374,0.06334165206696901,0.047122654946431634,0.03926761099283807,-0.009080559362610882,0.02662292658805347,0.011562190109306992,3.820325528992205,0.9972756348254472,0.9991818844224346,1.0,0.02572599857571534,0.0025214728648902955,0.062188129102720084,0.04555125808200916,0.03820514448131099,0.00037993981954743055,0.025500252423524026,0.011074618914676515,3.820325523527242,0.9972192130614772,0.9991149843308701,0.9999991939748004,0.02572599857571534,0.0025214728648902955,0.062188129102720084,0.04555125808200916,0.03820514448131099,0.00037993981954743055,0.025500252423524026,0.011074618914676515,3.820325523527242,0.9972192130614772,0.9991149843308701,0.9999991939748004,0.020182050677139865,0.002006367310028781,0.05315259321389385,0.03398445696761898,0.03455014416176679,0.001424102353631795,0.019915103205683397,0.008649019428762056,3.4520782060742023,0.9972184070362776,0.9990432480881082,0.9999427722108304,0.025722067903122793,0.002520133968819366,0.06216815573386193,0.04554298722867439,0.03820401139806334,0.00024035141383211254,0.02549991252238929,0.011074471297489294,3.820325533382231,0.9972192130614772,0.9991157903560697,0.9999991939748004,0.00803136732429266,0.0575563944876194,0.01776440441608429,ok,
759xd9YjKW5,d16ee55e1e434c8abc07c79b08204bf1,d16ee55e1e434c8abc07c79b08204bf1_i2_5,2,5,/mnt/priorbimda-data/PriorBIMDA-Datasets/Matterport3D/v1/scans/759xd9YjKW5/undistorted_color_images/d16ee55e1e434c8abc07c79b08204bf1_i2_5.jpg,/mnt/priorbimda-data/PriorBIMDA-Datasets/Matterport3D/v1/scans/759xd9YjKW5/undistorted_depth_images/d16ee55e1e434c8abc07c79b08204bf1_d2_5.png,1024,1280,406,504,1.4165615917841592,1224971,0.9345787048339844,-5.9623799324035645,4.8543500900268555,1.6406699419021606,True,204624,1.0,True,,1.0,204624,0.9659261107444763,-0.03466793760767199,1.0143605515191008,0.048926353065628723,log-depth Laplacian fallback,,,,0.037772898890136984,0.0043569151046713595,0.07712587145626361,0.05294915288744534,0.0552487462483452,-0.008170483539007399,0.03756305206602538,0.016313426235719356,5.464125877716258,0.9895997537900897,0.9993705973447534,1.0,0.05354265690341704,0.006930725738427645,0.10403058820918368,0.08153575260581107,0.06943196286779726,-0.042838421121844855,0.05487773510686034,0.023833097536257807,5.464125861894705,0.9874960305182735,0.9995403972828745,1.0,0.05354265690341704,0.006930725738427645,0.10403058820918368,0.08153575260581107,0.06943196286779726,-0.042838421121844855,0.05487773510686034,0.023833097536257807,5.464125861894705,0.9874960305182735,0.9995403972828745,1.0,0.05052881632350774,0.00546946227880101,0.08991690236968462,0.07350425080134361,0.06275179486784695,-0.0445010020063405,0.0515741589626604,0.02239837264628454,4.424306250213723,0.989644652812189,0.9994726405767973,1.0,0.03603219261190402,0.004267484977989516,0.07380184849495437,0.04741695897590487,0.054979359949608446,0.0060879275282555625,0.03530105187520073,0.015331052034780116,5.464125876001868,0.9889327992254511,0.9992807993005549,1.0,0.007821882143616676,0.05843501444905996,0.01775470096617937,ok,
759xd9YjKW5,d3bbb56e888d4b659563d6e135406870,d3bbb56e888d4b659563d6e135406870_i0_0,0,0,/mnt/priorbimda-data/PriorBIMDA-Datasets/Matterport3D/v1/scans/759xd9YjKW5/undistorted_color_images/d3bbb56e888d4b659563d6e135406870_i0_0.jpg,/mnt/priorbimda-data/PriorBIMDA-Datasets/Matterport3D/v1/scans/759xd9YjKW5/undistorted_depth_images/d3bbb56e888d4b659563d6e135406870_d0_0.png,1024,1280,406,504,1.4155678118069965,1245664,0.9503662109375,-5.139780044555664,6.0148701667785645,1.563889980316162,True,204624,1.0,True,,1.0,204624,1.067617654800415,0.0654296753170956,1.08682080530434,0.017827066706399428,log-depth Laplacian fallback,,,,0.08893596358728097,0.017383688735478197,0.1731966125074359,0.1547717388266088,0.11401370689260032,-0.09306167597402581,0.0950197615760637,0.0412665581242471,6.586842812984991,0.9558765445577619,1.0,1.0,0.05051407366483429,0.007384047631156813,0.11709066317498489,0.0896363707808277,0.07142952669321799,-0.027632000684330218,0.05227429415172063,0.022702437495479684,6.586842811088113,0.9960045405502608,1.0,1.0,0.05051407366483429,0.007384047631156813,0.11709066317498489,0.0896363707808277,0.07142952669321799,-0.027632000684330218,0.05227429415172063,0.022702437495479684,6.586842811088113,0.9960045405502608,1.0,1.0,0.02853422720840255,0.0028297055584029064,0.07747882769562589,0.05441245674304345,0.040769865917148124,-0.01841967827108463,0.02913017636927773,0.012651074854045822,3.6371656812578235,0.9993649973026434,1.0,1.0,0.04951064625566271,0.007365325093714382,0.12396318261853806,0.09194486742521447,0.06659418825079978,-0.009804901240915652,0.05038469721803682,0.02188179597415953,6.58684281005616,0.9990262221594266,1.0,1.0,0.007605443708598614,0.05696015618741512,0.017702379263937473,ok,
759xd9YjKW5,d3bbb56e888d4b659563d6e135406870,d3bbb56e888d4b659563d6e135406870_i0_1,0,1,/mnt/priorbimda-data/PriorBIMDA-Datasets/Matterport3D/v1/scans/759xd9YjKW5/undistorted_color_images/d3bbb56e888d4b659563d6e135406870_i0_1.jpg,/mnt/priorbimda-data/PriorBIMDA-Datasets/Matterport3D/v1/scans/759xd9YjKW5/undistorted_depth_images/d3bbb56e888d4b659563d6e135406870_d0_1.png,1024,1280,406,504,1.4155678118069965,1238053,0.9445594787597656,-5.149829864501953,6.004350185394287,1.5636999607086182,True,204624,1.0,True,,1.0,204624,1.0892062187194824,0.08544919123881323,1.0420665504606503,0.04424338194264932,log-depth Laplacian fallback,,,,0.05753530522251192,0.007750112716823803,0.10979208028033674,0.09088535839760627,0.07536008510006105,-0.046664035827516,0.059856492263088173,0.025995344295943867,5.917440482655272,0.9991470478242854,1.0,1.0,0.06024684390340516,0.010628162437402241,0.14508788031754943,0.11432951395729274,0.07075237424784875,0.03878515538040727,0.058089836427971955,0.025228095415330738,5.917440480330424,0.9954945386021439,1.0,1.0,0.06024684390340516,0.010628162437402241,0.14508788031754943,0.11432951395729274,0.07075237424784875,0.03878515538040727,0.058089836427971955,0.025228095415330738,5.917440480330424,0.9954945386021439,1.0,1.0,0.030422678545247363,0.003516988912746314,0.08014692259498912,0.0538816734349639,0.04277731947006008,0.017846262890360703,0.02977360810627822,0.01293051370690656,3.8876856378721203,0.9984580627808342,1.0,1.0,0.049361597072243586,0.005789418782927517,0.09969019988763425,0.08376182759354463,0.0594256020200426,-0.005458203898059043,0.049563107781634676,0.02152498421554007,5.917440481873649,0.99827471037185,1.0,1.0,0.008191628381609917,0.059089990332722664,0.01777668111026287,ok,
759xd9YjKW5,d3bbb56e888d4b659563d6e135406870,d3bbb56e888d4b659563d6e135406870_i0_2,0,2,/mnt/priorbimda-data/PriorBIMDA-Datasets/Matterport3D/v1/scans/759xd9YjKW5/undistorted_color_images/d3bbb56e888d4b659563d6e135406870_i0_2.jpg,/mnt/priorbimda-data/PriorBIMDA-Datasets/Matterport3D/v1/scans/759xd9YjKW5/undistorted_depth_images/d3bbb56e888d4b659563d6e135406870_d0_2.png,1024,1280,406,504,1.4155678118069965,1089157,0.8309608459472656,-5.163969993591309,6.0077900886535645,1.56358003616333,True,204624,1.0,True,,1.0,204624,1.024214267730713,0.023925750559234883,1.0449118831289474,0.0200068089375654,log-depth Laplacian fallback,,,,0.11596341520591226,0.02677153330960132,0.16789667415867005,0.13434968958079016,0.14129739578591394,-0.008852414695896317,0.1124813667063712,0.04885003687751318,14.101981708232742,0.9517351492943625,0.996082291166471,0.9970013505858201,0.1139206727460318,0.02616169065279948,0.15511355499787086,0.11921979888147133,0.14182310910037518,0.015073335878185073,0.10769655533782191,0.046772019703204264,14.101981711944015,0.9572449151040667,0.9959546695288191,0.9969077001754568,0.1139206727460318,0.02616169065279948,0.15511355499787086,0.11921979888147133,0.14182310910037518,0.015073335878185073,0.10769655533782191,0.046772019703204264,14.101981711944015,0.9572449151040667,0.9959546695288191,0.9969077001754568,0.09731629482451115,0.02231338261893392,0.14462735553879336,0.10786808116049859,0.12422359983126692,0.015945548841404134,0.09180112259403762,0.039868720975114506,12.319595053079112,0.987977858104938,0.9958279660324453,0.9969324899899648,0.11504715135441754,0.026910165753362553,0.15064526426963384,0.11171879018740251,0.14531759672320102,0.03508012400325228,0.1065360370365005,0.04626801300879264,14.101981710853028,0.9349056196673207,0.9958288841737234,0.9968021139284786,0.00781728234142065,0.05757726822048426,0.01772606186568737,ok,
759xd9YjKW5,d3bbb56e888d4b659563d6e135406870,d3bbb56e888d4b659563d6e135406870_i0_3,0,3,/mnt/priorbimda-data/PriorBIMDA-Datasets/Matterport3D/v1/scans/759xd9YjKW5/undistorted_color_images/d3bbb56e888d4b659563d6e135406870_i0_3.jpg,/mnt/priorbimda-data/PriorBIMDA-Datasets/Matterport3D/v1/scans/759xd9YjKW5/undistorted_depth_images/d3bbb56e888d4b659563d6e135406870_d0_3.png,1024,1280,406,504,1.4155678118069965,832964,0.6355010986328125,-5.1680498123168945,6.021759986877441,1.5636600255966187,True,204624,1.0,True,,1.0,204624,0.7757645845413208,-0.2539061752614803,0.6471015452903893,0.18134587363619664,log-depth Laplacian fallback,,,,0.5479348418420816,0.21184223611416397,0.39250617199928167,0.38276837671510944,0.4378516310607785,0.4361332730775872,0.4361332730775872,0.18941027387200007,3.875330872602779,0.0,0.6466593994458344,0.9964860426140866,0.20083302938208444,0.02965482637428395,0.14578547878964102,0.13936267098189134,0.18630226540876194,0.18222709772979384,0.18222709772979384,0.07914022299729404,3.8753308883409416,0.8998624190241115,0.9972243698407134,0.9995678084527062,0.20083302938208444,0.02965482637428395,0.14578547878964102,0.13936267098189134,0.18630226540876194,0.18222709772979384,0.18222709772979384,0.07914022299729404,3.8753308883409416,0.8998624190241115,0.9972243698407134,0.9995678084527062,0.24185616440652596,0.045018802710428255,0.1791337245436312,0.16732798994878245,0.22355816625557431,0.2145437071632846,0.2145437071632846,0.09317514814808163,6.28430697546658,0.713167675913965,0.996365989406505,0.9983660758448144,0.02551519701674118,0.0014033544064405137,0.03425638733341342,0.019032282225729,0.03876332579736619,0.0008811874097608063,0.025231804473487416,0.010958033451297373,3.8753308705472285,0.9964608314404945,0.9990779913657734,1.0,0.0081593943759799,0.057855959981679916,0.01775731984525919,ok,
759xd9YjKW5,d3bbb56e888d4b659563d6e135406870,d3bbb56e888d4b659563d6e135406870_i0_4,0,4,/mnt/priorbimda-data/PriorBIMDA-Datasets/Matterport3D/v1/scans/759xd9YjKW5/undistorted_color_images/d3bbb56e888d4b659563d6e135406870_i0_4.jpg,/mnt/priorbimda-data/PriorBIMDA-Datasets/Matterport3D/v1/scans/759xd9YjKW5/undistorted_depth_images/d3bbb56e888d4b659563d6e135406870_d0_4.png,1024,1280,406,504,1.4155678118069965,1199994,0.9155227661132812,-5.1579999923706055,6.032279968261719,1.5638500452041626,True,204624,1.0,True,,1.0,204624,1.0531206130981445,0.051757768945777584,1.0237506235080667,0.028284803717532357,log-depth Laplacian fallback,,,,0.053746357333264994,0.02001750867832737,0.24654760807773704,0.09249010628287722,0.10088786689398012,-0.030464729935195372,0.0572730572641636,0.024873372731555207,9.617828193720795,0.956039780198901,0.986521599274663,0.9999958333124999,0.059851438380704794,0.017742749077823305,0.22399696982650072,0.08772695366702,0.09850713384339166,0.02129303892773625,0.06062552725460368,0.026329331949149597,9.61782819105321,0.9559172795863979,0.9938691360123467,0.9998158324124954,0.059851438380704794,0.017742749077823305,0.22399696982650072,0.08772695366702,0.09850713384339166,0.02129303892773625,0.06062552725460368,0.026329331949149597,9.61782819105321,0.9559172795863979,0.9938691360123467,0.9998158324124954,0.056834582961031076,0.019666984937502525,0.2410936213483183,0.08676870367778847,0.1029958166037706,0.02136202982001746,0.058370186379634516,0.025349849852339606,10.075615077922654,0.9560364468489009,0.9885407760372135,0.9999958333124999,0.051215277324923834,0.018249003387651893,0.23467271147289723,0.08403646787121098,0.0964320805188246,-0.006991726279234515,0.0535236483853313,0.023245025145079274,9.617828193945519,0.9559814465738995,0.9889699448497242,0.9999458330624986,0.008996349759399891,0.05790048372000456,0.017690123990178108,ok,
759xd9YjKW5,d3bbb56e888d4b659563d6e135406870,d3bbb56e888d4b659563d6e135406870_i0_5,0,5,/mnt/priorbimda-data/PriorBIMDA-Datasets/Matterport3D/v1/scans/759xd9YjKW5/undistorted_color_images/d3bbb56e888d4b659563d6e135406870_i0_5.jpg,/mnt/priorbimda-data/PriorBIMDA-Datasets/Matterport3D/v1/scans/759xd9YjKW5/undistorted_depth_images/d3bbb56e888d4b659563d6e135406870_d0_5.png,1024,1280,406,504,1.4155678118069965,1215052,0.9270111083984375,-5.143869876861572,6.028830051422119,1.5639599561691284,True,204624,1.0,True,,1.0,204624,0.9203439354896545,-0.08300783587736822,0.8894253225194961,0.03417189397013545,log-depth Laplacian fallback,,,,0.12274719383491119,0.03233270871543659,0.2386067936798466,0.19236199201056556,0.13103658481799488,0.10152710123668408,0.11483385157679801,0.04987170807550043,8.284222519488273,0.9813193180209572,0.9978889792371026,0.9993959106276933,0.06388647375857477,0.013609476581781896,0.17349836114387587,0.10486341950498708,0.08488696884889613,0.018519265344944653,0.06338774154745797,0.027528946374370502,8.284222529264284,0.9726834736291121,0.9992337776490224,0.9994732735718307,0.06388647375857477,0.013609476581781896,0.17349836114387587,0.10486341950498708,0.08488696884889613,0.018519265344944653,0.06338774154745797,0.027528946374370502,8.284222529264284,0.9726834736291121,0.9992337776490224,0.9994732735718307,0.054369178745380685,0.011633212214223417,0.16447004448593872,0.09162720262546913,0.0771294597421859,0.027105948822829413,0.05392201375447578,0.023418033026680076,7.22095637608733,0.9723122960992616,0.9993078485529837,0.9995061939735913,0.05548373008466731,0.012703923217363597,0.17266441265538968,0.09144491504049251,0.08430799807912202,-0.015652612040703732,0.05699233467364585,0.02475145645954777,8.284222520196122,0.9691609906407298,0.9990115649371385,0.9995078399936793,0.008260445669293404,0.05682484246790409,0.017678887583315372,ok,
759xd9YjKW5,d3bbb56e888d4b659563d6e135406870,d3bbb56e888d4b659563d6e135406870_i1_0,1,0,/mnt/priorbimda-data/PriorBIMDA-Datasets/Matterport3D/v1/scans/759xd9YjKW5/undistorted_color_images/d3bbb56e888d4b659563d6e135406870_i1_0.jpg,/mnt/priorbimda-data/PriorBIMDA-Datasets/Matterport3D/v1/scans/759xd9YjKW5/undistorted_depth_images/d3bbb56e888d4b659563d6e135406870_d1_0.png,1024,1280,406,504,1.4121168655554452,1157594,0.8831741333007812,-5.15084981918335,6.017210006713867,1.5970499515533447,True,204624,1.0,True,,1.0,204624,0.9917335510253906,-0.008300805532764986,1.0022710339538552,0.010569264586730217,log-depth Laplacian fallback,,,,0.05806975960636902,0.049855134543693315,0.35680368168490273,0.17402799228734306,0.11487500243279108,0.008919053716928842,0.05179971522559388,0.02249633048663529,11.452823522925819,0.9604403616466568,0.972938698714748,0.9983491621414762,0.05882074568412309,0.049303016433930404,0.3599995856156947,0.18204654164323472,0.11452990398696387,0.0006182482157349732,0.05303475568725019,0.023032701744059855,11.45282352802439,0.9598702135636501,0.9737412253346165,0.9984001299246541,0.05882074568412309,0.049303016433930404,0.3599995856156947,0.18204654164323472,0.11452990398696387,0.0006182482157349732,0.05303475568725019,0.023032701744059855,11.45282352802439,0.9598702135636501,0.9737412253346165,0.9984001299246541,0.06433279754914369,0.048849648517681345,0.3599918928764946,0.19865830102042642,0.11562566714053578,-0.006227127512526133,0.05930745360202443,0.02575689983509236,11.545786151075516,0.9610346978301546,0.9747856329593968,0.9985746297924833,0.05814510801073558,0.05009800339446175,0.3564699521617836,0.17297165590814037,0.11507335746718025,0.01118753493198446,0.0517432698231122,0.02247181655980867,11.452823521261067,0.9606165892359497,0.9727745651757006,0.9983275656231805,0.00856511015444994,0.05879729427397251,0.01795534696429968,ok,
759xd9YjKW5,d3bbb56e888d4b659563d6e135406870,d3bbb56e888d4b659563d6e135406870_i1_1,1,1,/mnt/priorbimda-data/PriorBIMDA-Datasets/Matterport3D/v1/scans/759xd9YjKW5/undistorted_color_images/d3bbb56e888d4b659563d6e135406870_i1_1.jpg,/mnt/priorbimda-data/PriorBIMDA-Datasets/Matterport3D/v1/scans/759xd9YjKW5/undistorted_depth_images/d3bbb56e888d4b659563d6e135406870_d1_1.png,1024,1280,406,504,1.4121168655554452,1248399,0.9524528503417968,-5.1532697677612305,6.014679908752441,1.597000002861023,True,204624,1.0,True,,1.0,204624,1.0577588081359863,0.05615233782136082,0.9676206142238187,0.08906753380529198,log-depth Laplacian fallback,,,,0.0456706439959808,0.006323224266385695,0.11694812710368323,0.09528137390725618,0.05395041257579214,0.022597412920319575,0.04522222662748694,0.019639763483695873,4.898983513349238,0.9980919561774722,1.0,1.0,0.09178675942531792,0.019069964173982237,0.19670055190528735,0.18317246747070628,0.09274441869235395,0.07874975074203105,0.08750835931867576,0.03800439757250785,4.898983523804332,0.9923421918793591,0.9999935917923677,1.0,0.09178675942531792,0.019069964173982237,0.19670055190528735,0.18317246747070628,0.09274441869235395,0.07874975074203105,0.08750835931867576,0.03800439757250785,4.898983523804332,0.9923421918793591,0.9999935917923677,1.0,0.09599450669523926,0.021096961566024988,0.20488923407413578,0.1888439397527506,0.09820970098996845,0.08120726272544879,0.09121594435567928,0.03961458129526561,5.523156569552367,0.9938385083615094,1.0,1.0,0.028569425414878193,0.005360477580169938,0.11167047532030205,0.06389241217701758,0.050064564877716086,-0.010317786216672455,0.02928266114815537,0.012717298152086614,4.898983510874564,0.998719159499487,1.0,1.0,0.008267808705568314,0.058739690110087395,0.017749871127307415,ok,
759xd9YjKW5,d3bbb56e888d4b659563d6e135406870,d3bbb56e888d4b659563d6e135406870_i1_2,1,2,/mnt/priorbimda-data/PriorBIMDA-Datasets/Matterport3D/v1/scans/759xd9YjKW5/undistorted_color_images/d3bbb56e888d4b659563d6e135406870_i1_2.jpg,/mnt/priorbimda-data/PriorBIMDA-Datasets/Matterport3D/v1/scans/759xd9YjKW5/undistorted_depth_images/d3bbb56e888d4b659563d6e135406870_d1_2.png,1024,1280,406,504,1.4121168655554452,840442,0.6412063598632812,-5.156670093536377,6.015500068664551,1.5969699621200562,True,204624,1.0,True,,1.0,204624,0.9607519507408142,-0.04003901910384126,0.9290472931651548,0.03355661475508726,log-depth Laplacian fallback,,,,0.1626874570972959,0.15245600133075193,0.343052636488838,0.20014984908542396,0.24885456401125255,0.11447843975781219,0.11452190337469495,0.049736230692687414,22.09599078110044,0.9497942749172459,0.9540932033382434,0.9582981336011289,0.1206462461536556,0.12900429115560869,0.29899879484806857,0.11760283183633054,0.23316197844646216,0.0744394204874588,0.07810622854674516,0.03392110406012567,22.095990783524456,0.9501536096482565,0.9542431244511816,0.9607373263116312,0.1206462461536556,0.12900429115560869,0.29899879484806857,0.11760283183633054,0.23316197844646216,0.0744394204874588,0.07810622854674516,0.03392110406012567,22.095990783524456,0.9501536096482565,0.9542431244511816,0.9607373263116312,0.1361610457670423,0.11406007455487878,0.29350195533857504,0.16283662383395564,0.22530869923301344,0.08119607065944041,0.09809745134855254,0.04260318180944907,21.01694746140354,0.9503761116174584,0.9544584873197675,0.9607373263116312,0.10426707798266568,0.11621887673481912,0.28393067110583825,0.1051204602621365,0.2247102224821834,0.0408827986865591,0.06544512978136699,0.02842245873148985,22.095990781032345,0.9505938541862496,0.9544216019665842,0.9607373263116312,0.008850205689668655,0.05781859625130892,0.017725851386785507,ok,
759xd9YjKW5,d3bbb56e888d4b659563d6e135406870,d3bbb56e888d4b659563d6e135406870_i1_4,1,4,/mnt/priorbimda-data/PriorBIMDA-Datasets/Matterport3D/v1/scans/759xd9YjKW5/undistorted_color_images/d3bbb56e888d4b659563d6e135406870_i1_4.jpg,/mnt/priorbimda-data/PriorBIMDA-Datasets/Matterport3D/v1/scans/759xd9YjKW5/undistorted_depth_images/d3bbb56e888d4b659563d6e135406870_d1_4.png,1024,1280,406,504,1.4121168655554452,1217839,0.9291374206542968,-5.155240058898926,6.021389961242676,1.597040057182312,True,204624,1.0,True,,1.0,204624,0.9056330323219299,-0.09912109657793217,0.8649130868684122,0.04600515812931072,log-depth Laplacian fallback,,,,0.14251529694618997,0.04011654929757537,0.24746479495731133,0.16115186100963472,0.16031479612383978,0.12022220591599872,0.12860170283286126,0.055851009903673476,10.605401954155024,0.9136733180658527,0.993765185710098,0.99654223587847,0.08997691994516063,0.030748873854710906,0.3210452485386173,0.211618096203372,0.10813284362494859,0.02110110949121186,0.08744503770369197,0.03797689734453524,10.605401948373986,0.9874326573545436,0.9947612122784703,0.9972952089726146,0.08997691994516063,0.030748873854710906,0.3210452485386173,0.211618096203372,0.10813284362494859,0.02110110949121186,0.08744503770369197,0.03797689734453524,10.605401948373986,0.9874326573545436,0.9947612122784703,0.9972952089726146,0.0768123705614819,0.0225728570426474,0.2408908228954421,0.14527338251981592,0.10126523622575266,0.033449949078371115,0.07301186127138022,0.03170864846364618,9.558111201755224,0.9863356322141104,0.9947316517207939,0.9973625413539885,0.07621241425986144,0.04023496133224218,0.4111115020069126,0.24689217547100512,0.1089388158838558,-0.02490402670203873,0.07743807723699125,0.03363092963322313,10.605401953816166,0.9853872309886611,0.9951955882509921,0.997291103339604,0.0077476585283875465,0.056643362157046795,0.017707647755742073,ok,
759xd9YjKW5,d3bbb56e888d4b659563d6e135406870,d3bbb56e888d4b659563d6e135406870_i1_5,1,5,/mnt/priorbimda-data/PriorBIMDA-Datasets/Matterport3D/v1/scans/759xd9YjKW5/undistorted_color_images/d3bbb56e888d4b659563d6e135406870_i1_5.jpg,/mnt/priorbimda-data/PriorBIMDA-Datasets/Matterport3D/v1/scans/759xd9YjKW5/undistorted_depth_images/d3bbb56e888d4b659563d6e135406870_d1_5.png,1024,1280,406,504,1.4121168655554452,1175221,0.8966224670410157,-5.1518402099609375,6.020569801330566,1.597059965133667,True,204624,1.0,True,,1.0,204624,0.9298295974731445,-0.07275393814673262,0.9050352468852686,0.027027451059335655,log-depth Laplacian fallback,,,,0.12360121315056366,0.06992945117794197,0.34995850447234045,0.21832774031205787,0.1541845249593404,0.061954742819418526,0.11316339395574519,0.04914623754842391,14.118950945136529,0.9561690950042587,0.9889118727456367,0.9912901488315815,0.08564402451515421,0.06281883261307422,0.3905295740786992,0.2039815115499841,0.14160190733359287,-0.0107991951934838,0.08274625201612366,0.03593624064877834,14.118950932588604,0.9440998756829566,0.9898385069701784,0.9913939590936514,0.08564402451515421,0.06281883261307422,0.3905295740786992,0.2039815115499841,0.14160190733359287,-0.0107991951934838,0.08274625201612366,0.03593624064877834,14.118950932588604,0.9440998756829566,0.9898385069701784,0.9913939590936514,0.0790445740893372,0.059136802298552255,0.3787673441191847,0.19376015656903608,0.14075781163287146,-0.02295135078017199,0.07732643779677546,0.033582445240374646,13.887403296887587,0.939885349223678,0.9899423172322482,0.991512234720108,0.07790609356804513,0.0655139930567979,0.42041242171571486,0.20805697663459147,0.14616884719046663,-0.03782663484286867,0.07720114171156382,0.03352802984196313,14.118950947380707,0.9340073058599191,0.989895517523938,0.9914348024754494,0.008787820115685463,0.058800351805984974,0.017739776521921158,ok,
759xd9YjKW5,d3bbb56e888d4b659563d6e135406870,d3bbb56e888d4b659563d6e135406870_i2_0,2,0,/mnt/priorbimda-data/PriorBIMDA-Datasets/Matterport3D/v1/scans/759xd9YjKW5/undistorted_color_images/d3bbb56e888d4b659563d6e135406870_i2_0.jpg,/mnt/priorbimda-data/PriorBIMDA-Datasets/Matterport3D/v1/scans/759xd9YjKW5/undistorted_depth_images/d3bbb56e888d4b659563d6e135406870_d2_0.png,1024,1280,406,504,1.4165615917841592,1237766,0.9443405151367188,-5.1404500007629395,6.014319896697998,1.6303800344467163,True,204624,1.0,True,,1.0,204624,1.045180320739746,0.0441894262625609,1.0145032397729596,0.02979035251624932,log-depth Laplacian fallback,,,,0.055937734978470786,0.023809570347959077,0.20238767552508635,0.09597754131064286,0.09729980065230998,0.010141834580736867,0.05142961137525116,0.02233559642670028,9.67698010658089,0.9650491288337214,0.9865467301573965,0.9977709841763306,0.06737149598896096,0.03216278461215835,0.23719214397884547,0.12144072857471544,0.11097873808421554,0.054331260828118046,0.06033611996558267,0.026203643960505167,9.676980109306786,0.9608043846736782,0.9797401124283588,0.9969574216774415,0.06737149598896096,0.03216278461215835,0.23719214397884547,0.12144072857471544,0.11097873808421554,0.054331260828118046,0.06033611996558267,0.026203643960505167,9.676980109306786,0.9608043846736782,0.9797401124283588,0.9969574216774415,0.07719767877898637,0.03293827584672444,0.24666733368745375,0.14250341818727824,0.1129922640745905,0.04168873136845639,0.07084090119821511,0.030765812483438258,10.502048094343634,0.9616397606655862,0.9819578175519444,0.9966059820676929,0.05303939552789521,0.02557506851378035,0.20912542646760066,0.08912916373548206,0.09983311385646548,0.024540909097701815,0.04775410790685839,0.020739345552161052,9.676980108968054,0.9636684155163415,0.9839759696097646,0.9975657757605234,0.008320202119648457,0.06037084013223648,0.01772850751876831,ok,
759xd9YjKW5,d3bbb56e888d4b659563d6e135406870,d3bbb56e888d4b659563d6e135406870_i2_1,2,1,/mnt/priorbimda-data/PriorBIMDA-Datasets/Matterport3D/v1/scans/759xd9YjKW5/undistorted_color_images/d3bbb56e888d4b659563d6e135406870_i2_1.jpg,/mnt/priorbimda-data/PriorBIMDA-Datasets/Matterport3D/v1/scans/759xd9YjKW5/undistorted_depth_images/d3bbb56e888d4b659563d6e135406870_d2_1.png,1024,1280,406,504,1.4165615917841592,1241483,0.9471763610839844,-5.1504998207092285,6.003789901733398,1.6301900148391724,True,204624,1.0,True,,1.0,204624,1.1020454168319702,0.09716792297764815,1.0108887071323263,0.08633807096482532,log-depth Laplacian fallback,,,,0.041242637283502984,0.01159711682858403,0.12620736294884663,0.05852823121943368,0.08457785775141209,-0.02430490298692255,0.04126214625477625,0.01791992242993424,8.101040496513013,0.9783090062449505,0.9906998323778899,1.0,0.09587146781623693,0.027186371717508366,0.21746460532519263,0.1755177059078949,0.10895735590313223,0.07286301997265136,0.09005824125131602,0.03911179722535831,8.101040504692488,0.9844258842046166,0.988670001925117,0.9987804907517863,0.09587146781623693,0.027186371717508366,0.21746460532519263,0.1755177059078949,0.10895735590313223,0.07286301997265136,0.09005824125131602,0.03911179722535831,8.101040504692488,0.9844258842046166,0.988670001925117,0.9987804907517863,0.08841877065205486,0.02389412585819067,0.20136034813187534,0.15726505847628924,0.10649355826821784,0.05493891385083653,0.08413973885882471,0.03654142429516817,9.122825054508429,0.984976838184655,0.9894593804345287,0.9994144100241404,0.03943761867933247,0.011484178367988412,0.12602175828366446,0.05704738914026963,0.08212346202507563,-0.013475062285118295,0.03902451510438367,0.016948131568783928,8.10104049576116,0.9852829237291207,0.9904710737078156,1.0,0.007553691044449806,0.05759563948959112,0.01776869408786297,ok,
759xd9YjKW5,d3bbb56e888d4b659563d6e135406870,d3bbb56e888d4b659563d6e135406870_i2_2,2,2,/mnt/priorbimda-data/PriorBIMDA-Datasets/Matterport3D/v1/scans/759xd9YjKW5/undistorted_color_images/d3bbb56e888d4b659563d6e135406870_i2_2.jpg,/mnt/priorbimda-data/PriorBIMDA-Datasets/Matterport3D/v1/scans/759xd9YjKW5/undistorted_depth_images/d3bbb56e888d4b659563d6e135406870_d2_2.png,1024,1280,406,504,1.4165615917841592,1062126,0.8103378295898438,-5.164639949798584,6.007239818572998,1.630079984664917,True,204624,1.0,True,,1.0,204624,1.0255905389785767,0.025268582276836864,0.9991925380527021,0.02607637039712623,log-depth Laplacian fallback,,,,0.06476730582449906,0.027307399306519226,0.1841270155512245,0.09265924092902571,0.10380142505050684,0.0007152462277575534,0.05991037858009791,0.0260187468260713,10.379896081054794,0.9883196532238171,0.9917166136597729,0.995690718427004,0.06989255862515532,0.032159871614040436,0.21213628657787745,0.11452261749443057,0.10700179268728173,0.025983828492994424,0.0633488341084341,0.027512049088297443,10.379896095404167,0.9878884426141531,0.9913155313023125,0.9953828453497984,0.06989255862515532,0.032159871614040436,0.21213628657787745,0.11452261749443057,0.10700179268728173,0.025983828492994424,0.0633488341084341,0.027512049088297443,10.379896095404167,0.9878884426141531,0.9913155313023125,0.9953828453497984,0.0607113965558661,0.03321286307484168,0.19850248737266654,0.09703436674599591,0.1080522308488931,0.045282907266287205,0.05273225359572511,0.022901326754946324,9.81057740448304,0.9873988585158446,0.9911112240920569,0.9954110905862393,0.06471189101367379,0.027191874934961738,0.18338391753243224,0.09217028256694222,0.10379900209612665,-9.254406642504095e-05,0.059907259364548514,0.02601739216797032,10.379896084136622,0.988334717349919,0.9917288532622307,0.995701075013699,0.008879121392965317,0.05776753555983305,0.017731529660522938,ok,
759xd9YjKW5,d3bbb56e888d4b659563d6e135406870,d3bbb56e888d4b659563d6e135406870_i2_3,2,3,/mnt/priorbimda-data/PriorBIMDA-Datasets/Matterport3D/v1/scans/759xd9YjKW5/undistorted_color_images/d3bbb56e888d4b659563d6e135406870_i2_3.jpg,/mnt/priorbimda-data/PriorBIMDA-Datasets/Matterport3D/v1/scans/759xd9YjKW5/undistorted_depth_images/d3bbb56e888d4b659563d6e135406870_d2_3.png,1024,1280,406,504,1.4165615917841592,747372,0.5701995849609375,-5.168729782104492,6.021200180053711,1.6301499605178833,True,204624,1.0,True,,1.0,204624,1.1702606678009033,0.15722651698721674,1.0705498951774954,0.0890540797988001,log-depth Laplacian fallback,,,,0.08045634441986727,0.008433419291042177,0.09102037772912012,0.06824134820830421,0.10226709143167274,-0.08516745653420653,0.08542040775656591,0.03709761173060232,5.661326997611209,0.9727725951734879,1.0,1.0,0.08631305694309854,0.006095897836299565,0.06435024253642503,0.059029068030230704,0.09163825885885034,0.07205906031909312,0.0822937521377268,0.03573972244852869,5.66132697572836,0.9997069732342126,1.0,1.0,0.08631305694309854,0.006095897836299565,0.06435024253642503,0.059029068030230704,0.09163825885885034,0.07205906031909312,0.0822937521377268,0.03573972244852869,5.66132697572836,0.9997069732342126,1.0,1.0,0.09384498999285112,0.007260283357952898,0.07095014186112436,0.06545940639967512,0.09792469498639066,0.08494686355514469,0.08896682415813471,0.03863780080433483,4.871628331801671,1.0,1.0,1.0,0.04259440268808621,0.003102204839853455,0.056747872759931796,0.03655446497654823,0.05910917514444623,-0.01699506558487248,0.043801367264569416,0.019022692102820232,5.661326992872522,0.9992694401181741,1.0,1.0,0.00793345458805561,0.05787840858101845,0.017714664340019226,ok,
759xd9YjKW5,d3bbb56e888d4b659563d6e135406870,d3bbb56e888d4b659563d6e135406870_i2_4,2,4,/mnt/priorbimda-data/PriorBIMDA-Datasets/Matterport3D/v1/scans/759xd9YjKW5/undistorted_color_images/d3bbb56e888d4b659563d6e135406870_i2_4.jpg,/mnt/priorbimda-data/PriorBIMDA-Datasets/Matterport3D/v1/scans/759xd9YjKW5/undistorted_depth_images/d3bbb56e888d4b659563d6e135406870_d2_4.png,1024,1280,406,504,1.4165615917841592,1175795,0.8970603942871094,-5.158679962158203,6.031720161437988,1.6303399801254272,True,204624,1.0,True,,1.0,204624,1.0209687948226929,0.02075197536844018,1.0339371369670196,0.01262200289964694,log-depth Laplacian fallback,,,,0.03649067422560224,0.006549364386686293,0.12150459902787049,0.06967798786351016,0.05184249387900974,-0.02865154596596902,0.03661068162943168,0.01589981701037893,4.320570662950818,0.9950807751351214,0.9989275341364778,0.9996640570847809,0.0237293187459225,0.005467884357492716,0.11045099825253753,0.044295223178508834,0.04392193424203615,-0.007899570606196622,0.023240973123712618,0.01009342638169017,4.3205706704085545,0.9945662296573807,0.998841634808789,0.9996138782695964,0.0237293187459225,0.005467884357492716,0.11045099825253753,0.044295223178508834,0.04392193424203615,-0.007899570606196622,0.023240973123712618,0.01009342638169017,4.3205706704085545,0.9945662296573807,0.998841634808789,0.9996138782695964,0.04123695495221131,0.006394968558807157,0.1170823639618283,0.06571657313052433,0.05446256213969028,-0.0006440820209891517,0.04069439503552528,0.017673351208319723,5.445875350363671,0.994855395710987,0.9989275341364778,0.9996691600151387,0.021245854647468507,0.0055182320918417856,0.11075593334054297,0.03684620142608584,0.043463019719768944,0.004722393227991674,0.0204789542780008,0.008893896838084742,4.320570662957895,0.9939759907126667,0.9986825934793054,0.999578157757092,0.008287233300507069,0.05692786630243063,0.017743218690156937,ok,
759xd9YjKW5,d3bbb56e888d4b659563d6e135406870,d3bbb56e888d4b659563d6e135406870_i2_5,2,5,/mnt/priorbimda-data/PriorBIMDA-Datasets/Matterport3D/v1/scans/759xd9YjKW5/undistorted_color_images/d3bbb56e888d4b659563d6e135406870_i2_5.jpg,/mnt/priorbimda-data/PriorBIMDA-Datasets/Matterport3D/v1/scans/759xd9YjKW5/undistorted_depth_images/d3bbb56e888d4b659563d6e135406870_d2_5.png,1024,1280,406,504,1.4165615917841592,1199850,0.9154129028320312,-5.144539833068848,6.028279781341553,1.6304600238800049,True,204624,1.0,True,,1.0,204624,1.0330036878585815,0.03247076017815846,1.0590209070692747,0.024874048521281687,log-depth Laplacian fallback,,,,0.06172163187706732,0.017774208997471244,0.20768572134997831,0.10932573983404703,0.0873613552227805,-0.055972410767306,0.0628081938508127,0.027277252007717728,6.707529813021189,0.9849381172646581,0.9957919739967496,0.997739717464683,0.03720003955096053,0.01441896839895985,0.1876135734594827,0.06944418758562507,0.07107336497057247,-0.023501650645828504,0.036706500976101744,0.01594143082389732,6.707529817422825,0.9849239488269367,0.9959469933741718,0.9976488727757636,0.03720003955096053,0.01441896839895985,0.1876135734594827,0.06944418758562507,0.07107336497057247,-0.023501650645828504,0.036706500976101744,0.01594143082389732,6.707529817422825,0.9849239488269367,0.9959469933741718,0.9976488727757636,0.040966876893270436,0.01503806601280236,0.19608632063973622,0.07616286739034495,0.07407321754328161,-0.03085775677681405,0.04084905885608153,0.017740520852137363,6.733973866831761,0.9848806100762595,0.9957844730591324,0.9977013793390841,0.03189768223494013,0.014246633803505913,0.18358615948978935,0.06546602893482721,0.06708933608119969,0.0013723694152549535,0.030572736795578804,0.01327757088700039,6.707529812087483,0.9857323832145685,0.9962111930657999,0.9975321915239405,0.008342878893017769,0.05794353689998388,0.017710192129015923,ok,
759xd9YjKW5,d7457234e5d54417bcc64a74d6ecfd9a,d7457234e5d54417bcc64a74d6ecfd9a_i0_0,0,0,/mnt/priorbimda-data/PriorBIMDA-Datasets/Matterport3D/v1/scans/759xd9YjKW5/undistorted_color_images/d7457234e5d54417bcc64a74d6ecfd9a_i0_0.jpg,/mnt/priorbimda-data/PriorBIMDA-Datasets/Matterport3D/v1/scans/759xd9YjKW5/undistorted_depth_images/d7457234e5d54417bcc64a74d6ecfd9a_d0_0.png,1024,1280,406,504,1.4155678118069965,1082238,0.8256820678710938,-7.012819766998291,-7.640439987182617,1.5516899824142456,True,97219,0.47511044647744155,True,,1.0,97219,0.9946736693382263,-0.00534056613198107,1.1871954210328153,0.17693430260876936,log-depth Laplacian fallback,,,,0.16980896161424336,0.10727970915301789,0.5946854139791199,0.438229149010093,0.21179277964980234,-0.14759608653231704,0.1825541258511563,0.07928224950582893,15.189330713410158,0.6184443717555658,0.9937222681147769,0.9966208911533323,0.1728449312589822,0.11012434308485676,0.6043476305158262,0.44585253247627066,0.21554859419628042,-0.15293665252820082,0.1865050677721959,0.08099812178045672,15.189330720430425,0.5966303160672606,0.9923177711372175,0.996632903298535,0.1728449312589822,0.11012434308485676,0.6043476305158262,0.44585253247627066,0.21554859419628042,-0.15293665252820082,0.1865050677721959,0.08099812178045672,15.189330720430425,0.5966303160672606,0.9923177711372175,0.996632903298535,0.16787339779636604,0.10962075698973953,0.6115720711709509,0.4446968196899618,0.21167324554707323,-0.14960122095416756,0.18132734229102682,0.07874946417517513,14.974991675942226,0.636341544096585,0.9935966025957321,0.9967280764489881,0.1147211450161629,0.06892795478976756,0.36688937657965703,0.245324358170453,0.15377731928448235,0.023997649330718226,0.10484455957571498,0.045533413681309774,15.18933071366922,0.8950147749385995,0.9858580090516135,0.9956155670009739,0.008782521821558475,0.06253671739250422,0.017746595665812492,ok,
759xd9YjKW5,d7457234e5d54417bcc64a74d6ecfd9a,d7457234e5d54417bcc64a74d6ecfd9a_i0_1,0,1,/mnt/priorbimda-data/PriorBIMDA-Datasets/Matterport3D/v1/scans/759xd9YjKW5/undistorted_color_images/d7457234e5d54417bcc64a74d6ecfd9a_i0_1.jpg,/mnt/priorbimda-data/PriorBIMDA-Datasets/Matterport3D/v1/scans/759xd9YjKW5/undistorted_depth_images/d7457234e5d54417bcc64a74d6ecfd9a_d0_1.png,1024,1280,406,504,1.4155678118069965,1242109,0.9476539611816406,-7.013319969177246,-7.625889778137207,1.5515600442886353,True,62651,0.30617620611462976,True,,1.0,62651,0.9612211585044861,-0.03955076276899848,1.3944621421159136,0.37205954248726375,log-depth Laplacian fallback,,,,0.28088015513283177,0.27164051501366115,1.0459259612649197,0.8823655452693963,0.36266358137648413,-0.32693864084991436,0.3371458135944306,0.14642056644084353,15.695858809261894,0.13536412665877148,0.8625112610890027,0.9664900584409258,0.30514685563919713,0.31968467354067204,1.1378345365173188,0.9609328995330202,0.3986859432270456,-0.3664894035993156,0.3730008317655104,0.16199220298108444,15.695858809334705,0.10387977222610897,0.8216919771131197,0.9518649329487187,0.30514685563919713,0.31968467354067204,1.1378345365173188,0.9609328995330202,0.3986859432270456,-0.3664894035993156,0.3730008317655104,0.16199220298108444,15.695858809334705,0.10387977222610897,0.8216919771131197,0.9518649329487187,0.30474720082351786,0.31770962048402895,1.1339590864470408,0.9589429159614501,0.39762334556168333,-0.3668729343234558,0.3723337836840293,0.161702507680133,15.332506317156072,0.10229295496611006,0.8202235069547037,0.955144838335444,0.10134658609514505,0.06713865468903585,0.41147222450801463,0.2564929139710472,0.15705739256308915,0.005570114834333811,0.09759447838668256,0.04238474342756243,15.695858810351421,0.8619436780507991,0.986478642373576,0.9980138619074493,0.0092802494764328,0.06105573661625385,0.01768343336880207,ok,
759xd9YjKW5,d7457234e5d54417bcc64a74d6ecfd9a,d7457234e5d54417bcc64a74d6ecfd9a_i1_0,1,0,/mnt/priorbimda-data/PriorBIMDA-Datasets/Matterport3D/v1/scans/759xd9YjKW5/undistorted_color_images/d7457234e5d54417bcc64a74d6ecfd9a_i1_0.jpg,/mnt/priorbimda-data/PriorBIMDA-Datasets/Matterport3D/v1/scans/759xd9YjKW5/undistorted_depth_images/d7457234e5d54417bcc64a74d6ecfd9a_d1_0.png,1024,1280,406,504,1.4121168655554452,1068971,0.8155601501464844,-7.003550052642822,-7.634300231933594,1.584920048713684,True,181325,0.8861375009774024,True,,1.0,181325,1.013580083847046,0.013488700904209975,1.0164282020472128,0.0028060181711919343,log-depth Laplacian fallback,,,,0.051554699853486964,0.05160557919290457,0.25629053483446657,0.10804431622596496,0.12553107179657028,-0.0027523507854708223,0.04083196631940891,0.01773309765777872,12.550089462449817,0.9833774723542547,0.9895843760027166,0.9905610161547881,0.04740294816325382,0.05261365026223438,0.25073220820361525,0.0887374494167958,0.12595929400911998,0.010736350023808178,0.03601905028224855,0.01564287478097632,12.550089456032653,0.9832175054327947,0.9895731502538423,0.9905497904059137,0.04740294816325382,0.05261365026223438,0.25073220820361525,0.0887374494167958,0.12595929400911998,0.010736350023808178,0.03601905028224855,0.01564287478097632,12.550089456032653,0.9832175054327947,0.9895731502538423,0.9905497904059137,0.049038746837421064,0.04967491796045006,0.2508508913073453,0.09857432096865232,0.1239763245261849,0.0062434421548614024,0.038483583391570146,0.01671320791082255,12.381901498994738,0.9833886981031291,0.9896115048958297,0.9905909514851198,0.04736323003318521,0.05296914480855551,0.25079454494939546,0.08806528256186832,0.12622943829685412,0.013542397951335486,0.03584645256932074,0.015567916546662647,12.550089462018574,0.9831997313304103,0.9895740857329152,0.9905441775314765,0.009647879749536514,0.05945840384811163,0.01774583477526903,ok,
759xd9YjKW5,d7457234e5d54417bcc64a74d6ecfd9a,d7457234e5d54417bcc64a74d6ecfd9a_i1_1,1,1,/mnt/priorbimda-data/PriorBIMDA-Datasets/Matterport3D/v1/scans/759xd9YjKW5/undistorted_color_images/d7457234e5d54417bcc64a74d6ecfd9a_i1_1.jpg,/mnt/priorbimda-data/PriorBIMDA-Datasets/Matterport3D/v1/scans/759xd9YjKW5/undistorted_depth_images/d7457234e5d54417bcc64a74d6ecfd9a_d1_1.png,1024,1280,406,504,1.4121168655554452,1203650,0.9183120727539062,-7.0036702156066895,-7.630799770355225,1.584879994392395,True,163193,0.7975261943858003,True,,1.0,163193,0.9789837598800659,-0.021240225067188475,1.0045613161642897,0.025791169954725635,log-depth Laplacian fallback,,,,0.0745597399771519,0.05325323212604498,0.40065858653320263,0.2639276850354769,0.11477372385002202,0.025213496188659278,0.06840677098362997,0.029708683163009987,11.197002856276129,0.943076475719686,0.9916587047729821,0.997201013583683,0.07773304007601346,0.05214810693964545,0.4185676886692246,0.3028481139976472,0.11204050232458984,0.003973271161093654,0.0731897637687982,0.03178591053659162,11.197002847828005,0.950085157645495,0.9924994807460641,0.9974336393469863,0.07773304007601346,0.05214810693964545,0.4185676886692246,0.3028481139976472,0.11204050232458984,0.003973271161093654,0.0731897637687982,0.03178591053659162,11.197002847828005,0.950085157645495,0.9924994807460641,0.9974336393469863,0.07376871489806609,0.05193204312159393,0.41460796712287495,0.27604728845329224,0.11134781722541506,0.014164398769143785,0.06886849130409362,0.029909205750369955,11.044322617695084,0.9668308893781414,0.9921754662900345,0.9973572051676152,0.07470930986671198,0.0540826787503081,0.40068167407411404,0.2600488110611308,0.11585857153271797,0.029764430001811396,0.06821682669453889,0.0296261914063887,11.197002859814404,0.9415062518173888,0.9914584804552818,0.9971320566609895,0.009167962707579136,0.0581750487908721,0.01767438743263483,ok,
759xd9YjKW5,d7457234e5d54417bcc64a74d6ecfd9a,d7457234e5d54417bcc64a74d6ecfd9a_i1_2,1,2,/mnt/priorbimda-data/PriorBIMDA-Datasets/Matterport3D/v1/scans/759xd9YjKW5/undistorted_color_images/d7457234e5d54417bcc64a74d6ecfd9a_i1_2.jpg,/mnt/priorbimda-data/PriorBIMDA-Datasets/Matterport3D/v1/scans/759xd9YjKW5/undistorted_depth_images/d7457234e5d54417bcc64a74d6ecfd9a_d1_2.png,1024,1280,406,504,1.4121168655554452,1164115,0.8881492614746094,-7.000699996948242,-7.628950119018555,1.584879994392395,True,148188,0.7241965751817968,True,,1.0,148188,0.9818560481071472,-0.01831057189536525,1.0025825751490907,0.020889817927819618,log-depth Laplacian fallback,,,,0.05615609817632203,0.048824794503711036,0.4008001291022536,0.20181985260638735,0.10507471586003854,0.019495435116303618,0.05070154256179009,0.022019400158568278,10.325029744603079,0.9559897432813769,0.990743182589349,0.9965759396623186,0.06109036776555037,0.047232752031486594,0.40622419590877834,0.2354518491762461,0.10325709585745532,0.0011848632300353074,0.056698280154117965,0.024623750204338095,10.32502975494106,0.9660471688793633,0.9913814356829007,0.9968826103950211,0.06109036776555037,0.047232752031486594,0.40622419590877834,0.2354518491762461,0.10325709585745532,0.0011848632300353074,0.056698280154117965,0.024623750204338095,10.32502975494106,0.9660471688793633,0.9913814356829007,0.9968826103950211,0.062028696234254735,0.050269671883768005,0.4203887304082645,0.23223421639771008,0.10626919717913756,0.010761811743556131,0.057310533060945155,0.024889648263302366,10.572287206226795,0.9599824759581312,0.9893438363048325,0.9968422363769902,0.05619481378116111,0.049299720972355375,0.4015778284220953,0.20013651137293148,0.10558368416729375,0.022074656093211135,0.050595415527562373,0.021973309773222448,10.325029743640108,0.9544340550546982,0.9905662241273414,0.9965424378175696,0.008721643127501011,0.05927267391234636,0.017803226597607136,ok,
759xd9YjKW5,d7457234e5d54417bcc64a74d6ecfd9a,d7457234e5d54417bcc64a74d6ecfd9a_i1_3,1,3,/mnt/priorbimda-data/PriorBIMDA-Datasets/Matterport3D/v1/scans/759xd9YjKW5/undistorted_color_images/d7457234e5d54417bcc64a74d6ecfd9a_i1_3.jpg,/mnt/priorbimda-data/PriorBIMDA-Datasets/Matterport3D/v1/scans/759xd9YjKW5/undistorted_depth_images/d7457234e5d54417bcc64a74d6ecfd9a_d1_3.png,1024,1280,406,504,1.4121168655554452,847026,0.6462295532226563,-6.997610092163086,-7.6305999755859375,1.5849000215530396,True,48203,0.2355686527484557,True,,1.0,48203,1.0145704746246338,0.014465345219074428,1.2416422520215777,0.20196955494960941,log-depth Laplacian fallback,,,,0.19554591675703625,0.09592287034803917,0.4869134180222346,0.4016613654296082,0.24257148274126206,-0.2218567873336148,0.22206194486631284,0.09644027729614384,9.80840973517196,0.5779161442505897,0.9611806485279082,0.9968938379695547,0.18417460186051937,0.08727906144563671,0.4670173198848257,0.3800218522255798,0.22941599873822635,-0.20739144223576575,0.2079444772434847,0.0903091390091017,9.808409740843265,0.6943753792681688,0.961945678172807,0.9972810751972194,0.18417460186051937,0.08727906144563671,0.4670173198848257,0.3800218522255798,0.22941599873822635,-0.20739144223576575,0.2079444772434847,0.0903091390091017,9.808409740843265,0.6943753792681688,0.961945678172807,0.9972810751972194,0.21029604584882586,0.10548896369405229,0.4979986181305272,0.41643538716886125,0.2652070289087642,-0.24134610230677458,0.24179971632287675,0.10501228252479704,10.994010680339542,0.2948622592458791,0.9636835232920832,0.9963342329515269,0.05216802258213955,0.019091629920329558,0.23768687425928595,0.10707175744466152,0.09823383912721487,-0.005421899492306155,0.053163457861311374,0.0230885963880636,9.80840973632671,0.9564204640707605,0.9967250119831033,0.9973495500728431,0.008849159814417362,0.06070535350590944,0.017726371996104717,ok,
759xd9YjKW5,d7457234e5d54417bcc64a74d6ecfd9a,d7457234e5d54417bcc64a74d6ecfd9a_i1_5,1,5,/mnt/priorbimda-data/PriorBIMDA-Datasets/Matterport3D/v1/scans/759xd9YjKW5/undistorted_color_images/d7457234e5d54417bcc64a74d6ecfd9a_i1_5.jpg,/mnt/priorbimda-data/PriorBIMDA-Datasets/Matterport3D/v1/scans/759xd9YjKW5/undistorted_depth_images/d7457234e5d54417bcc64a74d6ecfd9a_d1_5.png,1024,1280,406,504,1.4121168655554452,1140994,0.8705093383789062,-7.000460147857666,-7.635950088500977,1.584939956665039,True,75917,0.37100731097036516,True,,1.0,75917,0.9968616366386414,-0.0031432983515524236,0.9779536255880508,0.019149729319147282,log-depth Laplacian fallback,,,,0.05096898204240695,0.03489963051894167,0.3094313809268644,0.14536139851246904,0.09170762465354465,0.030328725624049393,0.046500220945242685,0.020194789363800907,8.654742527433477,0.9832181413749765,0.992095488670405,0.9965407355341045,0.04954518224199024,0.034281378400753786,0.30661695102824565,0.14175332141688124,0.09071661524130181,0.027185427210837092,0.04523433693335183,0.019645022922707162,8.654742531238389,0.9833522349810779,0.9921498272558839,0.9965451176780947,0.04954518224199024,0.034281378400753786,0.30661695102824565,0.14175332141688124,0.09071661524130181,0.027185427210837092,0.04523433693335183,0.019645022922707162,8.654742531238389,0.9833522349810779,0.9921498272558839,0.9965451176780947,0.05364493096818746,0.034231870217900626,0.3175729551165941,0.15733887566284235,0.09196569929157464,0.02382167010039676,0.04952485360983487,0.021508370639817635,8.88268984025458,0.983062137048924,0.9926117052324552,0.9965722869708342,0.04538193778355849,0.03210005689039503,0.30198149865964063,0.13903088196277955,0.08691967012855756,0.008035684883273091,0.04196849426226527,0.018226685471890096,8.654742528645205,0.9846791481813226,0.9925494787877938,0.9965836805452088,0.008699395693838596,0.061984721571207047,0.01776149868965149,ok,
759xd9YjKW5,d7457234e5d54417bcc64a74d6ecfd9a,d7457234e5d54417bcc64a74d6ecfd9a_i2_0,2,0,/mnt/priorbimda-data/PriorBIMDA-Datasets/Matterport3D/v1/scans/759xd9YjKW5/undistorted_color_images/d7457234e5d54417bcc64a74d6ecfd9a_i2_0.jpg,/mnt/priorbimda-data/PriorBIMDA-Datasets/Matterport3D/v1/scans/759xd9YjKW5/undistorted_depth_images/d7457234e5d54417bcc64a74d6ecfd9a_d2_0.png,1024,1280,406,504,1.4165615917841592,1200975,0.9162712097167969,-7.013030052185059,-7.6398701667785645,1.6181800365447998,True,185582,0.9069415122370788,True,,1.0,185582,0.9846165776252747,-0.015502974886029728,0.970242219174958,0.014706553281506416,log-depth Laplacian fallback,,,,0.05084200562678107,0.012737219879815864,0.1573378377205836,0.09457514430266659,0.07364029549018797,0.025265714113946718,0.048261634919979625,0.020959761733376457,6.917034632119831,0.9922696142717375,0.9968209163388081,0.9975669768313246,0.046554389843929976,0.010973285287557012,0.13931948002917593,0.08397778463372581,0.06985590826191398,0.009762739141384919,0.04472569149470285,0.019424121015456656,6.917034656233994,0.9929740419242699,0.9968850309123837,0.9976369200024979,0.046554389843929976,0.010973285287557012,0.13931948002917593,0.08397778463372581,0.06985590826191398,0.009762739141384919,0.04472569149470285,0.019424121015456656,6.917034656233994,0.9929740419242699,0.9968850309123837,0.9976369200024979,0.04559372761181907,0.010655194615363399,0.131488898612529,0.07901773768923097,0.07083328421508493,0.0017271965774677948,0.04411705396871069,0.01915979309643901,7.08122231304581,0.9930831199650284,0.9969091779595746,0.9977934594808385,0.04474807720587341,0.010170266169498622,0.128295603134347,0.07841189113003037,0.06934679712941015,-0.004943831407850546,0.04358788058421806,0.018929976015583796,6.917034627004782,0.9936584858136098,0.9969249984387685,0.9976977039488749,0.00849873200058937,0.0571875823661685,0.01769884768873453,ok,
759xd9YjKW5,d7457234e5d54417bcc64a74d6ecfd9a,d7457234e5d54417bcc64a74d6ecfd9a_i2_1,2,1,/mnt/priorbimda-data/PriorBIMDA-Datasets/Matterport3D/v1/scans/759xd9YjKW5/undistorted_color_images/d7457234e5d54417bcc64a74d6ecfd9a_i2_1.jpg,/mnt/priorbimda-data/PriorBIMDA-Datasets/Matterport3D/v1/scans/759xd9YjKW5/undistorted_depth_images/d7457234e5d54417bcc64a74d6ecfd9a_d2_1.png,1024,1280,406,504,1.4165615917841592,1251776,0.955029296875,-7.0135297775268555,-7.625329971313477,1.6180599927902222,True,188216,0.9198139025725233,True,,1.0,188216,1.0961421728134155,0.09179689983321805,1.1045131477433867,0.007607747770605175,log-depth Laplacian fallback,,,,0.0960679731154184,0.023446672536443315,0.2250633738574679,0.19951506555796558,0.10696582686881924,-0.09111216267832539,0.10003902572117691,0.043446396845684604,5.603804002468841,0.9929036824479779,0.9979501124801882,0.9991156564752799,0.02671317275302543,0.011200269158051316,0.16345845088091948,0.06141109771689798,0.05604222328387278,0.0006847371476790614,0.025281353222622607,0.010979552199631992,5.603803998747673,0.98795151848254,0.997179207781584,0.99881688097551,0.02671317275302543,0.011200269158051316,0.16345845088091948,0.06141109771689798,0.05604222328387278,0.0006847371476790614,0.025281353222622607,0.010979552199631992,5.603803998747673,0.98795151848254,0.997179207781584,0.99881688097551,0.03406965445561989,0.014043484462348231,0.18571880142417205,0.07917552458814615,0.06385993742524415,-0.0026067868601864297,0.03267042021640161,0.014188583221443663,6.380671022879693,0.9879307479932512,0.9969802904033949,0.9987529717776983,0.02578849693485183,0.01172889729320334,0.16843151719834834,0.061065432315739826,0.05664827931498761,0.008292503536971292,0.024158427675549606,0.010491871830949993,5.603804006599598,0.9875417007515722,0.9971041144741551,0.9987953116212486,0.008815376088023186,0.06002632435411215,0.017953242175281048,ok,
759xd9YjKW5,d7457234e5d54417bcc64a74d6ecfd9a,d7457234e5d54417bcc64a74d6ecfd9a_i2_2,2,2,/mnt/priorbimda-data/PriorBIMDA-Datasets/Matterport3D/v1/scans/759xd9YjKW5/undistorted_color_images/d7457234e5d54417bcc64a74d6ecfd9a_i2_2.jpg,/mnt/priorbimda-data/PriorBIMDA-Datasets/Matterport3D/v1/scans/759xd9YjKW5/undistorted_depth_images/d7457234e5d54417bcc64a74d6ecfd9a_d2_2.png,1024,1280,406,504,1.4165615917841592,1264063,0.9644035339355469,-7.001190185546875,-7.61761999130249,1.6180299520492554,True,68399,0.3342667526780827,True,,1.0,68399,1.002643346786499,0.002639859289805748,1.1640503172935273,0.14926571700054234,log-depth Laplacian fallback,,,,0.14461217264719547,0.04972281959469899,0.35307109483738874,0.34050802392380397,0.1586442470171635,-0.15362343803322043,0.15619913888114198,0.06783642409411962,3.959591391161563,0.9809890804493131,0.9998860816272607,1.0,0.14239337732215152,0.04823465590794594,0.3475677512914965,0.33512192874392155,0.15608932519139498,-0.15098357872599308,0.15360151525279422,0.06670829048626671,3.959591385227649,0.9834232945668057,0.9998734240302897,1.0,0.14239337732215152,0.04823465590794594,0.3475677512914965,0.33512192874392155,0.15608932519139498,-0.15098357872599308,0.15360151525279422,0.06670829048626671,3.959591385227649,0.9834232945668057,0.9998734240302897,1.0,0.1435427346051825,0.048794239021634905,0.3406095454589539,0.330481747691819,0.16151772370870796,-0.15288942900542157,0.15548609439659322,0.06752675280912858,5.2084523329283545,0.9021923749053646,0.9997421014617152,1.0,0.020703392107063536,0.004927560646503023,0.1128850245259115,0.05150609859110684,0.03963316010934343,-0.00171784167495449,0.020286986487169215,0.008810526285823416,3.959591393354421,0.9942051938866971,0.9985665271430301,1.0,0.009041852317750454,0.05890490300953388,0.0177113339304924,ok,
759xd9YjKW5,d7457234e5d54417bcc64a74d6ecfd9a,d7457234e5d54417bcc64a74d6ecfd9a_i2_5,2,5,/mnt/priorbimda-data/PriorBIMDA-Datasets/Matterport3D/v1/scans/759xd9YjKW5/undistorted_color_images/d7457234e5d54417bcc64a74d6ecfd9a_i2_5.jpg,/mnt/priorbimda-data/PriorBIMDA-Datasets/Matterport3D/v1/scans/759xd9YjKW5/undistorted_depth_images/d7457234e5d54417bcc64a74d6ecfd9a_d2_5.png,1024,1280,406,504,1.4165615917841592,1234157,0.9415870666503906,-7.000189781188965,-7.64670991897583,1.618280053138733,True,59437,0.2904693486590038,True,,1.0,59437,0.955372154712677,-0.04565432361253116,1.131931559598729,0.16957984184732255,log-depth Laplacian fallback,,,,0.10843889536069706,0.030975418058456123,0.27615249921106627,0.22493400000802755,0.12284360675793012,-0.10641845886650726,0.11393910982047843,0.049483126668002406,6.136500088629083,0.9927626711998554,0.9982384737112053,0.9987043787783888,0.14680979246736778,0.05001954686862285,0.3526791280474369,0.299578691933129,0.16398717793195342,-0.1520727824839883,0.1581426842496493,0.06868049512299099,6.1365001048347825,0.9841673304125812,0.9982376634415232,0.9987529949593124,0.14680979246736778,0.05001954686862285,0.3526791280474369,0.299578691933129,0.16398717793195342,-0.1520727824839883,0.1581426842496493,0.06868049512299099,6.1365001048347825,0.9841673304125812,0.9982376634415232,0.9987529949593124,0.1497586622607749,0.04851717185557423,0.334023178017985,0.2943084314160474,0.1669497913079454,-0.15537813249373758,0.16145413546470178,0.0701186401127801,6.107265149414305,0.9596445184850874,0.9982506277564361,0.9987432717231276,0.0346463324429979,0.011087054945966252,0.13775309897605273,0.05386361957368818,0.06381347787340523,0.017507045017519724,0.03252675481492494,0.014126190130341908,6.136500088042139,0.9867836912159474,0.9979159863777461,0.9984450924801301,0.009105687029659748,0.060169476084411144,0.01775943860411644,ok,
759xd9YjKW5,db3dafef140f44508a4130b29e3dc1bc,db3dafef140f44508a4130b29e3dc1bc_i0_0,0,0,/mnt/priorbimda-data/PriorBIMDA-Datasets/Matterport3D/v1/scans/759xd9YjKW5/undistorted_color_images/db3dafef140f44508a4130b29e3dc1bc_i0_0.jpg,/mnt/priorbimda-data/PriorBIMDA-Datasets/Matterport3D/v1/scans/759xd9YjKW5/undistorted_depth_images/db3dafef140f44508a4130b29e3dc1bc_d0_0.png,1024,1280,406,504,1.4155678118069965,730193,0.5570930480957031,-12.487299919128418,-5.130199909210205,1.5523699522018433,True,203371,0.9938765736179529,True,,1.0,203371,0.9176515936851501,-0.08593748797655398,0.783013632301934,0.15866768481904073,log-depth Laplacian fallback,,,,0.27308735780585963,0.07890054381006788,0.27031566903969434,0.22322701582089988,0.2599032274836691,0.2279493621538661,0.23578624162479658,0.10240066364635596,12.485501972317117,0.44180922030202974,0.9999986304990598,1.0,0.18349289998297438,0.039703675724811496,0.1954431327509793,0.15414171554435888,0.18909296224157876,0.14201187423606623,0.165671864107426,0.07195037638848051,12.485501970387428,0.6817019609883962,1.0,1.0,0.18349289998297438,0.039703675724811496,0.1954431327509793,0.15414171554435888,0.18909296224157876,0.14201187423606623,0.165671864107426,0.07195037638848051,12.485501970387428,0.6817019609883962,1.0,1.0,0.16474582334428767,0.04874759289298287,0.22914752448306983,0.14953274324294927,0.1878435468609037,0.12342455225932893,0.14640296362848218,0.06358199923813229,14.160359457608665,0.8328209117315559,1.0,1.0,0.0984131261056915,0.014565050853199306,0.12507738555694992,0.0925571143070378,0.12596107160488132,-0.01665579846611217,0.10117378898447427,0.04393921826920118,12.48550196720432,0.9252526386859364,1.0,1.0,0.008253010921180248,0.0564420847222209,0.01773482095450163,ok,
759xd9YjKW5,db3dafef140f44508a4130b29e3dc1bc,db3dafef140f44508a4130b29e3dc1bc_i0_1,0,1,/mnt/priorbimda-data/PriorBIMDA-Datasets/Matterport3D/v1/scans/759xd9YjKW5/undistorted_color_images/db3dafef140f44508a4130b29e3dc1bc_i0_1.jpg,/mnt/priorbimda-data/PriorBIMDA-Datasets/Matterport3D/v1/scans/759xd9YjKW5/undistorted_depth_images/db3dafef140f44508a4130b29e3dc1bc_d0_1.png,1024,1280,406,504,1.4155678118069965,1038052,0.7919708251953125,-12.48390007019043,-5.116049766540527,1.552489995956421,True,180244,0.8808546407068575,True,,1.0,180244,0.9896777272224426,-0.010375916907399902,1.0055122712171825,0.01587305115816204,log-depth Laplacian fallback,,,,0.14042784069934833,0.046534577999790765,0.23836835255972308,0.16684324537104966,0.18634934647005666,-0.0024919532564233685,0.13580652817393693,0.05898002579237931,18.633268392524435,0.7447757915788419,0.9999007756836844,1.0,0.1398076501643773,0.04614900850041794,0.2395938697880818,0.16861186414749876,0.18677647373002446,-0.012867870097945287,0.13663945355939047,0.05934176069111893,18.63326838162455,0.7352078701259667,0.9999065557409456,1.0,0.1398076501643773,0.04614900850041794,0.2395938697880818,0.16861186414749876,0.18677647373002446,-0.012867870097945287,0.13663945355939047,0.05934176069111893,18.63326838162455,0.7352078701259667,0.9999065557409456,1.0,0.13926966596069504,0.04697077981382813,0.2421050455626933,0.16797569985325064,0.1883914301713571,-0.012366773175612899,0.13618591250609174,0.059144790314354746,18.798508952369666,0.7301204563933213,0.9999316026557437,1.0,0.14109194576445316,0.046834259068548253,0.23792920870469397,0.16618021813545736,0.18635691564979656,0.003005147510555388,0.13569696402379153,0.05893244268655673,18.633268392567416,0.7498092581103837,0.9998911422549159,1.0,0.00884280540049076,0.056775146164000034,0.01770983636379242,ok,
759xd9YjKW5,db3dafef140f44508a4130b29e3dc1bc,db3dafef140f44508a4130b29e3dc1bc_i0_2,0,2,/mnt/priorbimda-data/PriorBIMDA-Datasets/Matterport3D/v1/scans/759xd9YjKW5/undistorted_color_images/db3dafef140f44508a4130b29e3dc1bc_i0_2.jpg,/mnt/priorbimda-data/PriorBIMDA-Datasets/Matterport3D/v1/scans/759xd9YjKW5/undistorted_depth_images/db3dafef140f44508a4130b29e3dc1bc_d0_2.png,1024,1280,406,504,1.4155678118069965,1238800,0.94512939453125,-12.470000267028809,-5.111909866333008,1.5527900457382202,True,86744,0.4239189928845101,True,,1.0,86744,0.9750480651855469,-0.025268511573175993,1.0677041232505031,0.09077917557406076,log-depth Laplacian fallback,,,,0.08294754478063915,0.0362246031177725,0.3341476686780434,0.23825443475365563,0.11658006904636399,-0.06371147831647317,0.08701225141255682,0.03778894064645187,9.763073301775709,0.9250637713916694,0.9962600904100742,0.999382466903455,0.09694032560641613,0.04537058444591067,0.3786971556282447,0.28007667286095983,0.13209541476163042,-0.08897998988419505,0.10326634523117727,0.044848003900216475,9.763073287267545,0.9041855020988053,0.9965636099451082,0.9998482402324831,0.09694032560641613,0.04537058444591067,0.3786971556282447,0.28007667286095983,0.13209541476163042,-0.08897998988419505,0.10326634523117727,0.044848003900216475,9.763073287267545,0.9041855020988053,0.9965636099451082,0.9998482402324831,0.09266601744022401,0.042578345316066836,0.3675215047248902,0.2698041451057677,0.12697158092734717,-0.08502030895418834,0.09843922665604936,0.04275161293954573,9.430445073549942,0.9148740716822732,0.9966556344849855,0.9990805618340329,0.07134930386396907,0.025074174173287098,0.2525222535977471,0.1733158692911936,0.097647309010386,0.0017991466452357354,0.07054876334882981,0.03063893862749522,9.763073301127442,0.9780198579270262,0.9954754601226994,0.9981231837261866,0.009821994230151176,0.06152185704559088,0.017739249393343925,ok,
759xd9YjKW5,db3dafef140f44508a4130b29e3dc1bc,db3dafef140f44508a4130b29e3dc1bc_i0_4,0,4,/mnt/priorbimda-data/PriorBIMDA-Datasets/Matterport3D/v1/scans/759xd9YjKW5/undistorted_color_images/db3dafef140f44508a4130b29e3dc1bc_i0_4.jpg,/mnt/priorbimda-data/PriorBIMDA-Datasets/Matterport3D/v1/scans/759xd9YjKW5/undistorted_depth_images/db3dafef140f44508a4130b29e3dc1bc_d0_4.png,1024,1280,406,504,1.4155678118069965,1254077,0.9567848205566406,-12.462800025939941,-5.1360602378845215,1.552839994430542,True,44854,0.21920204863554618,True,,1.0,44854,0.9212431907653809,-0.08203122680535738,1.1171706589357806,0.19283051851300423,log-depth Laplacian fallback,,,,0.12042385550617932,0.060481329913563205,0.4664104023486199,0.40616529456063094,0.1412646175867564,-0.09915550958822579,0.1268860629682312,0.05510591697753135,10.061747909897063,0.9272524733329771,0.9974100473894346,0.9999146782853047,0.17489802874477506,0.1214876675237717,0.6756257175343823,0.6034565112439567,0.20724987455019517,-0.18118673622141568,0.19344583378451133,0.08401245815978686,10.06174791897649,0.668763560770192,0.9993142366856261,1.0,0.17489802874477506,0.1214876675237717,0.6756257175343823,0.6034565112439567,0.20724987455019517,-0.18118673622141568,0.19344583378451133,0.08401245815978686,10.06174791897649,0.668763560770192,0.9993142366856261,1.0,0.15608732276320023,0.09903041138331146,0.6114510899276494,0.5393878669188433,0.18449469695076887,-0.1598335566188413,0.17064176989380425,0.0741087790470836,9.214948389181401,0.7722875070669505,0.9992855303143268,1.0,0.06985977768529333,0.030245500820920465,0.27773863393117515,0.18871212070149698,0.1012889700008778,0.011643811233191545,0.06657791392804392,0.02891442063557912,10.061747911672466,0.9586253475663775,0.992785132013425,0.9996060847938364,0.009586776606738567,0.06125076860189438,0.01778475660830736,ok,
759xd9YjKW5,db3dafef140f44508a4130b29e3dc1bc,db3dafef140f44508a4130b29e3dc1bc_i0_5,0,5,/mnt/priorbimda-data/PriorBIMDA-Datasets/Matterport3D/v1/scans/759xd9YjKW5/undistorted_color_images/db3dafef140f44508a4130b29e3dc1bc_i0_5.jpg,/mnt/priorbimda-data/PriorBIMDA-Datasets/Matterport3D/v1/scans/759xd9YjKW5/undistorted_depth_images/db3dafef140f44508a4130b29e3dc1bc_d0_5.png,1024,1280,406,504,1.4155678118069965,1137231,0.8676383972167969,-12.476799964904785,-5.140210151672363,1.552549958229065,True,127521,0.6231966924700915,True,,1.0,127521,1.0485029220581055,0.047363358249712405,1.1134368017076788,0.06008809141811527,log-depth Laplacian fallback,,,,0.09951898462519355,0.03699151746716284,0.31775913601626204,0.23445620521943278,0.12712708852771043,-0.08989720989723708,0.10433580432800571,0.0453124640845903,8.988764258909244,0.9866078219816379,0.9901585517805969,1.0,0.07463642536105611,0.023879969650782124,0.24579320953179928,0.16856008193325528,0.09944303309945851,-0.0425338515811469,0.0753915788454097,0.03274214667453536,8.988764265288621,0.9871881790067277,0.9887445910285597,1.0,0.07463642536105611,0.023879969650782124,0.24579320953179928,0.16856008193325528,0.09944303309945851,-0.0425338515811469,0.0753915788454097,0.03274214667453536,8.988764265288621,0.9871881790067277,0.9887445910285597,1.0,0.0936806519749491,0.0310863370891017,0.2886234675831281,0.2074573458626991,0.11609426822566174,-0.04822335267398116,0.0958656961319762,0.04163394283393113,10.560486433745714,0.9871679544437322,0.9887445910285597,1.0,0.06612213371372577,0.01776215721209773,0.1813824640420954,0.11119100308193132,0.09158569836212449,0.017554254504931203,0.06278081613464465,0.027265362016658808,8.98876426059453,0.9864618533965395,0.988055197229059,1.0,0.009385055862367153,0.058414352126419544,0.01782356947660446,ok,
759xd9YjKW5,db3dafef140f44508a4130b29e3dc1bc,db3dafef140f44508a4130b29e3dc1bc_i1_0,1,0,/mnt/priorbimda-data/PriorBIMDA-Datasets/Matterport3D/v1/scans/759xd9YjKW5/undistorted_color_images/db3dafef140f44508a4130b29e3dc1bc_i1_0.jpg,/mnt/priorbimda-data/PriorBIMDA-Datasets/Matterport3D/v1/scans/759xd9YjKW5/undistorted_depth_images/db3dafef140f44508a4130b29e3dc1bc_d1_0.png,1024,1280,406,504,1.4121168655554452,245670,0.18743133544921875,-12.477399826049805,-5.127180099487305,1.5858399868011475,True,204624,1.0,True,,1.0,204624,0.9760006666183472,-0.02429200955867621,0.6794173978667308,0.3622276063316917,log-depth Laplacian fallback,,,,0.38390158538454505,0.20638494355955034,0.5036015919149722,0.4609919449620405,0.3386608958532466,0.3185692158937981,0.3185692158937981,0.13835285256692229,11.491238864863172,0.26245369805023,0.9999674359913705,1.0,0.3506888697954499,0.17566928922381353,0.46488663369432087,0.4221092461513387,0.31591760196385443,0.29427720626146137,0.29427720626146137,0.12780296682925774,11.491238882532063,0.26283632515162614,0.9999674359913705,1.0,0.3506888697954499,0.17566928922381353,0.46488663369432087,0.4221092461513387,0.31591760196385443,0.29427720626146137,0.29427720626146137,0.12780296682925774,11.491238882532063,0.26283632515162614,0.9999674359913705,1.0,0.335197466505446,0.1806436749554522,0.4725130728174763,0.40919524680497216,0.3174387795088246,0.2779550817183402,0.2779866194210869,0.12072805485751739,15.332433362973727,0.26277119713436725,0.9999918589978426,1.0,0.07043925776440714,0.01358334263856701,0.11551270290707207,0.07132030616493876,0.13349950994418144,-0.06795043843710082,0.07856409177759058,0.03411995153474822,11.491238867738488,0.7387308177636667,1.0,1.0,0.007369933649897575,0.06155276205390692,0.017659921199083328,ok,
759xd9YjKW5,db3dafef140f44508a4130b29e3dc1bc,db3dafef140f44508a4130b29e3dc1bc_i1_1,1,1,/mnt/priorbimda-data/PriorBIMDA-Datasets/Matterport3D/v1/scans/759xd9YjKW5/undistorted_color_images/db3dafef140f44508a4130b29e3dc1bc_i1_1.jpg,/mnt/priorbimda-data/PriorBIMDA-Datasets/Matterport3D/v1/scans/759xd9YjKW5/undistorted_depth_images/db3dafef140f44508a4130b29e3dc1bc_d1_1.png,1024,1280,406,504,1.4121168655554452,953052,0.7271209716796875,-12.47659969329834,-5.123770236968994,1.5858700275421143,True,204624,1.0,True,,1.0,204624,0.9396424889564514,-0.06225580695961906,0.9733820702648822,0.035277205508076975,log-depth Laplacian fallback,,,,0.043799957590020644,0.002958603544431443,0.054634061716878776,0.04485608714426974,0.052570883459833656,0.02783444809561419,0.04268146403229002,0.018536324308775665,4.459754799268645,1.0,1.0,1.0,0.04408508047889884,0.0033039069122645743,0.061417901868010556,0.047705336764661786,0.05633623366585892,-0.03442135890492008,0.045392685617644965,0.01971379288251231,4.45975478562772,1.0,1.0,1.0,0.04408508047889884,0.0033039069122645743,0.061417901868010556,0.047705336764661786,0.05633623366585892,-0.03442135890492008,0.045392685617644965,0.01971379288251231,4.45975478562772,1.0,1.0,1.0,0.06241984549722912,0.0056455404174576744,0.07993062464378103,0.06699805850861597,0.0734839374779461,-0.027845897985214002,0.06378121153462656,0.027699828218592345,6.800363984861211,1.0,1.0,1.0,0.03658353079000633,0.0021233739299299967,0.04795656700102271,0.038537996010306864,0.044605759020908485,0.0008558317584532857,0.03652003579665561,0.015860450025396745,4.459754802489237,1.0,1.0,1.0,0.008044801652431488,0.056907860562205315,0.01769144181162119,ok,
759xd9YjKW5,db3dafef140f44508a4130b29e3dc1bc,db3dafef140f44508a4130b29e3dc1bc_i1_2,1,2,/mnt/priorbimda-data/PriorBIMDA-Datasets/Matterport3D/v1/scans/759xd9YjKW5/undistorted_color_images/db3dafef140f44508a4130b29e3dc1bc_i1_2.jpg,/mnt/priorbimda-data/PriorBIMDA-Datasets/Matterport3D/v1/scans/759xd9YjKW5/undistorted_depth_images/db3dafef140f44508a4130b29e3dc1bc_d1_2.png,1024,1280,406,504,1.4121168655554452,1234203,0.9416221618652344,-12.473199844360352,-5.122769832611084,1.5859400033950806,True,191866,0.9376514973805614,True,,1.0,191866,1.0365405082702637,0.035888733915131414,1.0122844197792025,0.023679155323576638,log-depth Laplacian fallback,,,,0.04853708483861447,0.0601032302836215,0.45332034307004904,0.16882822064654412,0.09998610622605103,-0.005635390552655041,0.04395866200626426,0.019091004341170687,9.98271697062789,0.9801831627374104,0.9862316004741521,0.9943826096679396,0.05414814410344276,0.06503819081307637,0.453821976226724,0.14485626378014188,0.10431073097836589,0.030253343327099304,0.047808254284086485,0.02076286102500627,9.982716972234403,0.9773513757461293,0.9856052853541921,0.9923327037772555,0.05414814410344276,0.06503819081307637,0.453821976226724,0.14485626378014188,0.10431073097836589,0.030253343327099304,0.047808254284086485,0.02076286102500627,9.982716972234403,0.9773513757461293,0.9856052853541921,0.9923327037772555,0.05458037299522148,0.061611647323851916,0.4576013869655565,0.172555759306234,0.10261221935576165,0.012685881457762022,0.049125544183358794,0.021334952759327105,10.182502625953287,0.9805145506857462,0.9859472064158004,0.9937368488003999,0.04732702542474333,0.060791201921412866,0.44828263466256,0.15021113737748307,0.10004340795641074,0.0065741666081741415,0.04216679153036842,0.018312804881203786,9.982716969312913,0.9792756945170284,0.9860403839562859,0.9937676379007343,0.009415339678525925,0.05889958795160055,0.01770957000553608,ok,
759xd9YjKW5,db3dafef140f44508a4130b29e3dc1bc,db3dafef140f44508a4130b29e3dc1bc_i1_3,1,3,/mnt/priorbimda-data/PriorBIMDA-Datasets/Matterport3D/v1/scans/759xd9YjKW5/undistorted_color_images/db3dafef140f44508a4130b29e3dc1bc_i1_3.jpg,/mnt/priorbimda-data/PriorBIMDA-Datasets/Matterport3D/v1/scans/759xd9YjKW5/undistorted_depth_images/db3dafef140f44508a4130b29e3dc1bc_d1_3.png,1024,1280,406,504,1.4121168655554452,1067954,0.8147842407226562,-12.47070026397705,-5.125179767608643,1.5859800577163696,True,106944,0.5226366408632418,True,,1.0,106944,0.9671059250831604,-0.03344724962804383,1.0159021300063016,0.049224265410468385,log-depth Laplacian fallback,,,,0.038260525980959796,0.016594292532467227,0.2585840518031799,0.15809036978504099,0.06243173467202371,-0.008478720868149362,0.03761486806920794,0.01633592963997584,6.185331669844371,0.9834131432627248,0.9981328783824023,0.9999775271219546,0.05855245192867041,0.02400667620468905,0.33152479074978525,0.26270310878244657,0.0747236227276704,-0.04192597052776704,0.05950296822270973,0.02584181075598738,6.185331671666468,0.9841453845390344,0.9986759729351639,1.0,0.05855245192867041,0.02400667620468905,0.33152479074978525,0.26270310878244657,0.0747236227276704,-0.04192597052776704,0.05950296822270973,0.02584181075598738,6.185331671666468,0.9841453845390344,0.9986759729351639,1.0,0.05040705123023332,0.02067893264052208,0.3013844791773317,0.21875574108459828,0.07009337081108595,-0.03344178221451824,0.05104538832315617,0.02216873047535541,6.160136227371216,0.9851885006283042,0.9987574371180781,1.0,0.0346321625482781,0.016403464487083096,0.24925287255485515,0.13454752613653068,0.06228240805580468,0.00729832601366296,0.03342155417109731,0.014514796553138172,6.185331673102142,0.9845002687381667,0.9979718227564108,0.9997827621788954,0.00904659554362297,0.059490567073225975,0.017707538791000843,ok,
759xd9YjKW5,db3dafef140f44508a4130b29e3dc1bc,db3dafef140f44508a4130b29e3dc1bc_i1_4,1,4,/mnt/priorbimda-data/PriorBIMDA-Datasets/Matterport3D/v1/scans/759xd9YjKW5/undistorted_color_images/db3dafef140f44508a4130b29e3dc1bc_i1_4.jpg,/mnt/priorbimda-data/PriorBIMDA-Datasets/Matterport3D/v1/scans/759xd9YjKW5/undistorted_depth_images/db3dafef140f44508a4130b29e3dc1bc_d1_4.png,1024,1280,406,504,1.4121168655554452,1210857,0.9238105773925781,-12.471500396728516,-5.128590106964111,1.5859500169754028,True,128409,0.6275363593713348,True,,1.0,128409,1.0019856691360474,0.0019837003009609993,1.0149252100274746,0.012831224775943171,log-depth Laplacian fallback,,,,0.05162996067944502,0.044883038978715935,0.37473349643020654,0.1959953545278257,0.09681329251258804,-0.0008122076608570823,0.04751628099383228,0.020636058636185717,9.680988547583134,0.9763448532733427,0.9896230521027669,0.9953256247434669,0.05097969259509526,0.044916419966991965,0.373421044309573,0.1920447074300865,0.09681697342905592,0.0011714927641582492,0.046764256526455716,0.02030945855974785,9.680988559370393,0.9762251033771948,0.9894909142863277,0.9953181919912921,0.05097969259509526,0.044916419966991965,0.373421044309573,0.1920447074300865,0.09681697342905592,0.0011714927641582492,0.046764256526455716,0.02030945855974785,9.680988559370393,0.9762251033771948,0.9894909142863277,0.9953181919912921,0.05042410938337598,0.044089654547637136,0.37283298072654986,0.19369586371933406,0.09567853239328189,-4.0808053117283514e-05,0.04652671446920442,0.02020629535506365,9.5678523690717,0.9766884115960844,0.9900830568762455,0.9953256247434669,0.04931440897528035,0.04600671685739569,0.37042720202973684,0.17925407411114008,0.0978173343082072,0.014002748397510938,0.04446026057475177,0.01930884583159538,9.680988548944562,0.9749491475872047,0.9886072426388913,0.9951934869270277,0.008738337084650993,0.058737216517329216,0.017774525098502636,ok,
759xd9YjKW5,db3dafef140f44508a4130b29e3dc1bc,db3dafef140f44508a4130b29e3dc1bc_i1_5,1,5,/mnt/priorbimda-data/PriorBIMDA-Datasets/Matterport3D/v1/scans/759xd9YjKW5/undistorted_color_images/db3dafef140f44508a4130b29e3dc1bc_i1_5.jpg,/mnt/priorbimda-data/PriorBIMDA-Datasets/Matterport3D/v1/scans/759xd9YjKW5/undistorted_depth_images/db3dafef140f44508a4130b29e3dc1bc_d1_5.png,1024,1280,406,504,1.4121168655554452,993562,0.7580276489257812,-12.474900245666504,-5.129580020904541,1.5858800411224365,True,196537,0.9604787317225741,True,,1.0,196537,0.9602829813957214,-0.04052726566986018,1.002936002920387,0.043458966951365745,log-depth Laplacian fallback,,,,0.07566718772518435,0.04376164678471153,0.38369270469328387,0.21447367029702663,0.10334333038399805,0.028749042515696974,0.0709394354215107,0.030808605352894165,9.926397377340294,0.9850588086098301,0.9925902963277581,0.9965558264104304,0.07783284953041171,0.04406510510941868,0.4201990884144158,0.2683417935579937,0.09996030739460054,-0.011778223195396375,0.07618896085174419,0.0330884452798554,9.926397389175218,0.9884566841324447,0.9929828234171597,0.9969553988578468,0.07783284953041171,0.04406510510941868,0.4201990884144158,0.2683417935579937,0.09996030739460054,-0.011778223195396375,0.07618896085174419,0.0330884452798554,9.926397389175218,0.9884566841324447,0.9929828234171597,0.9969553988578468,0.07876078129278535,0.0449265357680049,0.41243861696798784,0.2573327629796212,0.10404128255514329,-0.003740047582789041,0.07604950115374269,0.03302787870256545,10.397403771998873,0.9854583810572466,0.9928630523309063,0.9967158566853402,0.07584081597587396,0.04416595634462244,0.38322177759502873,0.21148349541371436,0.10419695858968094,0.03168074641228262,0.07089099774285366,0.030787569136337244,9.926397375735228,0.984754851735473,0.9925460112202359,0.996547774572699,0.009271525777876377,0.0596988070756197,0.017705717124044895,ok,
759xd9YjKW5,db3dafef140f44508a4130b29e3dc1bc,db3dafef140f44508a4130b29e3dc1bc_i2_0,2,0,/mnt/priorbimda-data/PriorBIMDA-Datasets/Matterport3D/v1/scans/759xd9YjKW5/undistorted_color_images/db3dafef140f44508a4130b29e3dc1bc_i2_0.jpg,/mnt/priorbimda-data/PriorBIMDA-Datasets/Matterport3D/v1/scans/759xd9YjKW5/undistorted_depth_images/db3dafef140f44508a4130b29e3dc1bc_d2_0.png,1024,1280,406,504,1.4165615917841592,539950,0.41194915771484375,-12.48859977722168,-5.1304497718811035,1.6188600063323975,True,204624,1.0,True,,1.0,204624,0.871364176273346,-0.1376952766862645,1.1465989885710095,0.27449543606656907,log-depth Laplacian fallback,,,,0.13562348604316463,0.02808752343668651,0.18732102305582585,0.15859449828396308,0.1719103197108556,-0.1411363515581839,0.14856636793444344,0.06452155379033701,9.815135399949055,0.9222539123992962,0.9686526530234281,1.0,0.24113626775062202,0.07382173204415979,0.29871093802305726,0.27922330895743225,0.2956023767233865,-0.27883162815304086,0.28005705861047114,0.12162723517258323,9.815135386758179,0.1053653116029262,0.9368774886563571,0.9969719418464673,0.24113626775062202,0.07382173204415979,0.29871093802305726,0.27922330895743225,0.2956023767233865,-0.27883162815304086,0.28005705861047114,0.12162723517258323,9.815135386758179,0.1053653116029262,0.9368774886563571,0.9969719418464673,0.25052306889530196,0.08139863848944325,0.31396130258745636,0.29018304208747014,0.3141068565725925,-0.29221804485996905,0.2940572498931301,0.12770744099223202,11.520300171493943,0.1210519492545606,0.9319622187239559,0.9880266691360311,0.05004046365003811,0.011343052579803595,0.12099173395373491,0.06301746796387105,0.09824709283266997,-0.004336238710557457,0.05109123075547692,0.02218863959074934,9.815135395865068,0.9275155106954348,0.9983072506713585,0.999992591906658,0.007197709754109383,0.060185293667018414,0.01769231539219618,ok,
759xd9YjKW5,db3dafef140f44508a4130b29e3dc1bc,db3dafef140f44508a4130b29e3dc1bc_i2_1,2,1,/mnt/priorbimda-data/PriorBIMDA-Datasets/Matterport3D/v1/scans/759xd9YjKW5/undistorted_color_images/db3dafef140f44508a4130b29e3dc1bc_i2_1.jpg,/mnt/priorbimda-data/PriorBIMDA-Datasets/Matterport3D/v1/scans/759xd9YjKW5/undistorted_depth_images/db3dafef140f44508a4130b29e3dc1bc_d2_1.png,1024,1280,406,504,1.4165615917841592,898382,0.6854110717773437,-12.485300064086914,-5.116300106048584,1.618980050086975,True,204624,1.0,True,,1.0,204624,0.8807749152183533,-0.1269531735224124,1.2237123726343673,0.32884234032034176,log-depth Laplacian fallback,,,,0.1724914446572809,0.04661460815770691,0.2670989216863905,0.25139287494196944,0.19793815260574052,-0.1838310683819776,0.19050638187509356,0.08273587041570676,7.338699172546925,0.8337744968176121,1.0,1.0,0.26542656656103397,0.10786931277449927,0.40636773559657385,0.3865060103044938,0.3193313257170785,-0.3107842419038238,0.3111524514167726,0.135131792680974,7.338699182070629,0.07878163186706769,0.9971459802177692,1.0,0.26542656656103397,0.10786931277449927,0.40636773559657385,0.3865060103044938,0.3193313257170785,-0.3107842419038238,0.3111524514167726,0.135131792680974,7.338699182070629,0.07878163186706769,0.9971459802177692,1.0,0.24845812731195616,0.09495758342051075,0.37522463801940137,0.3555819570871858,0.30652873208459763,-0.29025108402464933,0.2904197286537302,0.1261276855901547,9.856049825313894,0.21077782057075944,0.9489103744286952,1.0,0.04387520928278465,0.007644806160300207,0.09181955948476421,0.05324158854645658,0.07557608135134458,0.018058059582524162,0.04132307254029303,0.01794638237953705,7.338699173926577,0.9410161824257387,0.9993388113297016,1.0,0.00812758319079876,0.059452297165989876,0.01772390864789486,ok,
759xd9YjKW5,db3dafef140f44508a4130b29e3dc1bc,db3dafef140f44508a4130b29e3dc1bc_i2_2,2,2,/mnt/priorbimda-data/PriorBIMDA-Datasets/Matterport3D/v1/scans/759xd9YjKW5/undistorted_color_images/db3dafef140f44508a4130b29e3dc1bc_i2_2.jpg,/mnt/priorbimda-data/PriorBIMDA-Datasets/Matterport3D/v1/scans/759xd9YjKW5/undistorted_depth_images/db3dafef140f44508a4130b29e3dc1bc_d2_2.png,1024,1280,406,504,1.4165615917841592,1220092,0.9308563232421875,-12.47130012512207,-5.112150192260742,1.6192699670791626,True,204624,1.0,True,,1.0,204624,1.0549219846725464,0.05346681601604738,1.0713908179969942,0.015490818313944006,log-depth Laplacian fallback,,,,0.07031609836247461,0.016979936526989987,0.18954251120878896,0.1404996692777391,0.08717238132652776,-0.059034949190242776,0.07111561466636135,0.030885119026758705,6.413968225866899,0.9887811738786911,0.9946282739334411,0.9988041885366021,0.031704420148611266,0.01203345030740655,0.15395999431263577,0.061032740320094155,0.06438092065005796,-0.005568133123439873,0.029909112703751562,0.012989362605861757,6.413968223548283,0.9875378250164741,0.9932029715791924,0.9981722689764378,0.031704420148611266,0.01203345030740655,0.15395999431263577,0.061032740320094155,0.06438092065005796,-0.005568133123439873,0.029909112703751562,0.012989362605861757,6.413968223548283,0.9875378250164741,0.9932029715791924,0.9981722689764378,0.04321518109655536,0.014478730197496245,0.17171653454165034,0.08375814448715588,0.07371269855927633,-0.011457997787048554,0.04168227977978429,0.01810238410150782,7.281673032760211,0.987479632683437,0.9927669388865757,0.9981419433944325,0.029301078812399215,0.01275096375427245,0.15855302621208917,0.05958693467923862,0.06490269203871431,0.00992273106030617,0.02703964350533628,0.011743167966998645,6.413968227374552,0.9872058828350649,0.992609573704278,0.9980124449631668,0.007667397148907185,0.058647883124649525,0.017724220640957355,ok,
759xd9YjKW5,db3dafef140f44508a4130b29e3dc1bc,db3dafef140f44508a4130b29e3dc1bc_i2_3,2,3,/mnt/priorbimda-data/PriorBIMDA-Datasets/Matterport3D/v1/scans/759xd9YjKW5/undistorted_color_images/db3dafef140f44508a4130b29e3dc1bc_i2_3.jpg,/mnt/priorbimda-data/PriorBIMDA-Datasets/Matterport3D/v1/scans/759xd9YjKW5/undistorted_depth_images/db3dafef140f44508a4130b29e3dc1bc_d2_3.png,1024,1280,406,504,1.4165615917841592,1216040,0.927764892578125,-12.460800170898438,-5.122159957885742,1.6194499731063843,True,193372,0.9450113378684807,True,,1.0,193372,1.038313388824463,0.03759765519208825,1.067032588779925,0.027283859097785586,log-depth Laplacian fallback,,,,0.07247788156763686,0.01488915443389516,0.17617479323912072,0.13140557501839437,0.09407172048951394,-0.06188431934724523,0.07479637891869512,0.03248365463073401,7.085068535155751,0.9847850399657906,0.9979128976020526,0.9996176112627874,0.05041886393893485,0.010880105228271144,0.14702968731421437,0.08826929576912348,0.07489767454800342,-0.024286664142901513,0.05047804262262869,0.021922335368284793,7.0850685229633035,0.9867775731061478,0.9972245978750699,0.9994679451333838,0.05041886393893485,0.010880105228271144,0.14702968731421437,0.08826929576912348,0.07489767454800342,-0.024286664142901513,0.05047804262262869,0.021922335368284793,7.0850685229633035,0.9867775731061478,0.9972245978750699,0.9994679451333838,0.07465569927462794,0.016663778797186325,0.17370690414220544,0.11717068807105752,0.10605148503391369,-0.03874290644546245,0.07693004230351982,0.03341029286500238,9.872134864382964,0.9585391927897109,0.9968471431860794,0.9992862076905364,0.04519409658645921,0.011482413976771364,0.15396924352735936,0.08695449802422499,0.07091405163283004,0.0029971826307943076,0.043975674511307884,0.01909839277823451,7.0850685354916285,0.9855374823196605,0.9965938620440117,0.9991908160915759,0.008296854794025421,0.05854941438883543,0.01770301442593336,ok,
759xd9YjKW5,db3dafef140f44508a4130b29e3dc1bc,db3dafef140f44508a4130b29e3dc1bc_i2_4,2,4,/mnt/priorbimda-data/PriorBIMDA-Datasets/Matterport3D/v1/scans/759xd9YjKW5/undistorted_color_images/db3dafef140f44508a4130b29e3dc1bc_i2_4.jpg,/mnt/priorbimda-data/PriorBIMDA-Datasets/Matterport3D/v1/scans/759xd9YjKW5/undistorted_depth_images/db3dafef140f44508a4130b29e3dc1bc_d2_4.png,1024,1280,406,504,1.4165615917841592,1244213,0.9492591857910156,-12.464099884033203,-5.13631010055542,1.6193300485610962,True,199880,0.9768160137618266,True,,1.0,199880,1.0411056280136108,0.04028325231779871,1.1211785867058532,0.07409718925841882,log-depth Laplacian fallback,,,,0.10094749829292267,0.025466946431978013,0.21435911700696475,0.15988004321233346,0.12430321568386311,-0.08022901384882611,0.1048563905176362,0.04553855179410184,9.494521981750246,0.9861454590170654,0.9958222587290119,0.9981385823809911,0.08189347413359457,0.022886250821499678,0.2141588151961106,0.1401502612334403,0.10300610975517449,-0.039945761537404846,0.0821484557601048,0.03567662103348693,9.494521990122431,0.9848040488244376,0.9947693843417486,0.9978074493675922,0.08189347413359457,0.022886250821499678,0.2141588151961106,0.1401502612334403,0.10300610975517449,-0.039945761537404846,0.0821484557601048,0.03567662103348693,9.494521990122431,0.9848040488244376,0.9947693843417486,0.9978074493675922,0.09335611421650339,0.02683983640108923,0.23252905020953343,0.1565446483726761,0.11714914882006197,-0.04927713712300035,0.09465543798390197,0.0411083343985441,10.628116872817143,0.9843097604670583,0.994324122959654,0.9977873563449345,0.06799794820413463,0.03505934535487377,0.29934818010075387,0.16296657873202214,0.10090053144077596,0.03415146370012776,0.0628626848089429,0.027300917130147272,9.49452198489733,0.9799937792001852,0.9916035276918019,0.9974602419360672,0.008601153269410133,0.057888769544661045,0.017703983932733536,ok,
759xd9YjKW5,db3dafef140f44508a4130b29e3dc1bc,db3dafef140f44508a4130b29e3dc1bc_i2_5,2,5,/mnt/priorbimda-data/PriorBIMDA-Datasets/Matterport3D/v1/scans/759xd9YjKW5/undistorted_color_images/db3dafef140f44508a4130b29e3dc1bc_i2_5.jpg,/mnt/priorbimda-data/PriorBIMDA-Datasets/Matterport3D/v1/scans/759xd9YjKW5/undistorted_depth_images/db3dafef140f44508a4130b29e3dc1bc_d2_5.png,1024,1280,406,504,1.4165615917841592,1119258,0.8539260864257813,-12.478099822998047,-5.1404500007629395,1.6190299987792969,True,204624,1.0,True,,1.0,204624,1.0691827535629272,0.06689457492706319,1.2333477751358892,0.14283766555608932,log-depth Laplacian fallback,,,,0.2082821885872712,0.0785375890001345,0.4029928460201434,0.3828207369649761,0.24268667518795864,-0.23116065105451528,0.23455724125100863,0.10186691556576287,7.39024743688489,0.5665217492302936,0.9987268350996821,0.99999374585663,0.15457904918885346,0.043618764618299825,0.289429409130591,0.27450477223043473,0.1801247330288837,-0.16426607603004606,0.16869866473127595,0.07326489919723989,7.390247434570614,0.7525092516649423,0.998346225803166,0.9993915611950059,0.15457904918885346,0.043618764618299825,0.289429409130591,0.27450477223043473,0.1801247330288837,-0.16426607603004606,0.16869866473127595,0.07326489919723989,7.390247434570614,0.7525092516649423,0.998346225803166,0.9993915611950059,0.13263185147129983,0.0347117288806085,0.24562512541843934,0.2251482108396947,0.16522741258697,-0.13877566458670584,0.1440455487487667,0.06255818696431527,8.967392479814258,0.8330304541044156,0.9977136638737449,0.9991262068263081,0.050148751654983253,0.01058045177498924,0.13114610476510605,0.07908789277751552,0.07694642649845705,-0.02142841185510204,0.050691345945853956,0.022014971824533134,7.3902474358106405,0.9931776230324019,0.9969354697487085,0.9987598927146377,0.007292373105883598,0.05836036242544651,0.01771752443164587,ok,
759xd9YjKW5,f155853c7e6c4761bc42e1a304c78b2a,f155853c7e6c4761bc42e1a304c78b2a_i0_0,0,0,/mnt/priorbimda-data/PriorBIMDA-Datasets/Matterport3D/v1/scans/759xd9YjKW5/undistorted_color_images/f155853c7e6c4761bc42e1a304c78b2a_i0_0.jpg,/mnt/priorbimda-data/PriorBIMDA-Datasets/Matterport3D/v1/scans/759xd9YjKW5/undistorted_depth_images/f155853c7e6c4761bc42e1a304c78b2a_d0_0.png,1024,1280,406,504,1.4155678118069965,1240583,0.9464897155761719,-6.216239929199219,-9.853460311889648,1.560289978981018,True,67344,0.32911095472671825,True,,1.0,67344,1.0564683675765991,0.05493161685583909,1.1663629340891093,0.09895868686716838,log-depth Laplacian fallback,,,,0.14988629203360954,0.05641336050558926,0.412037646031274,0.31456316003133655,0.1733971095471855,-0.1618942830605084,0.1634273129358124,0.07097558020029925,6.210312964450856,0.892559385385742,0.9954755143347926,0.996230804387937,0.10216649950165295,0.03242032109783569,0.3351839716673407,0.21846989019199653,0.12368431855036242,-0.10696266612806216,0.10877339513270963,0.04723968528401777,6.210312963163961,0.980271372411197,0.9954198953234085,0.9971698790004377,0.10216649950165295,0.03242032109783569,0.3351839716673407,0.21846989019199653,0.12368431855036242,-0.10696266612806216,0.10877339513270963,0.04723968528401777,6.210312963163961,0.980271372411197,0.9954198953234085,0.9971698790004377,0.10786740973320136,0.037145942169074235,0.36361485024598394,0.23769771462101003,0.13190152470702302,-0.11353872190211972,0.11554316228813476,0.050179757803388826,6.7133976858745115,0.9749859541844439,0.9954924418599965,0.996333175611789,0.03689417583536606,0.01248524621404749,0.24399456170263528,0.08177671761930842,0.06261679580276999,-0.008004024284255389,0.037369610726356896,0.016229415729329368,6.210312964628146,0.9948032497624101,0.9953344516247603,0.9990955865105358,0.009036348201334476,0.0607149563729763,0.017728304490447044,ok,
759xd9YjKW5,f155853c7e6c4761bc42e1a304c78b2a,f155853c7e6c4761bc42e1a304c78b2a_i0_5,0,5,/mnt/priorbimda-data/PriorBIMDA-Datasets/Matterport3D/v1/scans/759xd9YjKW5/undistorted_color_images/f155853c7e6c4761bc42e1a304c78b2a_i0_5.jpg,/mnt/priorbimda-data/PriorBIMDA-Datasets/Matterport3D/v1/scans/759xd9YjKW5/undistorted_depth_images/f155853c7e6c4761bc42e1a304c78b2a_d0_5.png,1024,1280,406,504,1.4155678118069965,1210238,0.9233383178710938,-6.219099998474121,-9.867730140686035,1.5605299472808838,True,79197,0.38703671123621863,True,,1.0,79197,1.0546644926071167,0.05322269986391841,1.0371825113167075,0.01671478676150792,log-depth Laplacian fallback,,,,0.06023530635336175,0.011001734075889618,0.14574475878714607,0.11364943184902819,0.07833280591065307,-0.04367007706852126,0.062440658895686674,0.027117633604799924,6.503039943492165,0.9989142631449351,0.9993389729953943,0.9997372417656692,0.05548379729280152,0.007659573412956599,0.11326557634119112,0.09535878589647176,0.06572826960204628,0.00955262262165941,0.05476373291738348,0.02378358701444312,6.503039924471818,0.9987423961237376,0.999217509283298,0.9996446979850244,0.05548379729280152,0.007659573412956599,0.11326557634119112,0.09535878589647176,0.06572826960204628,0.00955262262165941,0.05476373291738348,0.02378358701444312,6.503039924471818,0.9987423961237376,0.999217509283298,0.9996446979850244,0.07800161753341701,0.014175582526695691,0.1512643428883506,0.13091314018367914,0.09200329574531504,0.003479883970362876,0.07664051510396633,0.03328455279987541,9.19374615461658,0.9988853432134837,0.9993009639426295,0.9997157583880195,0.05330150317274875,0.00764658036753705,0.11610446580149066,0.09378417358790722,0.06542360919092734,-0.007162107896426002,0.0534873728197236,0.023229270867107934,6.503039943016761,0.9988101513917097,0.9992489080660167,0.9996719653489644,0.009307458996772766,0.06139336712658405,0.017734477296471596,ok,
759xd9YjKW5,f155853c7e6c4761bc42e1a304c78b2a,f155853c7e6c4761bc42e1a304c78b2a_i1_0,1,0,/mnt/priorbimda-data/PriorBIMDA-Datasets/Matterport3D/v1/scans/759xd9YjKW5/undistorted_color_images/f155853c7e6c4761bc42e1a304c78b2a_i1_0.jpg,/mnt/priorbimda-data/PriorBIMDA-Datasets/Matterport3D/v1/scans/759xd9YjKW5/undistorted_depth_images/f155853c7e6c4761bc42e1a304c78b2a_d1_0.png,1024,1280,406,504,1.4121168655554452,1196934,0.9131881713867187,-6.208469867706299,-9.860099792480469,1.5937999486923218,True,193020,0.9432911095472671,True,,1.0,193020,0.9633355736732483,-0.03735346093410466,0.8195113056163309,0.1616936242102775,log-depth Laplacian fallback,,,,0.20741320144985537,0.17473296006779412,0.6258738018102268,0.389225178826585,0.21226704515322076,0.17082423254908932,0.18099807718246663,0.07860646615544419,12.60015080548408,0.9119191200183134,0.9894538880172173,0.9941258248157375,0.16879128681644964,0.1432965404168137,0.5891119181753856,0.3323009204456718,0.18355061118119456,0.1334707715504834,0.14939211835967772,0.06488017264344552,12.60015079541064,0.9577804624148032,0.9911615845151027,0.9943522366312595,0.16879128681644964,0.1432965404168137,0.5891119181753856,0.3323009204456718,0.18355061118119456,0.1334707715504834,0.14939211835967772,0.06488017264344552,12.60015079541064,0.9577804624148032,0.9911615845151027,0.9943522366312595,0.17315936372201546,0.13709302784926222,0.5766045196861702,0.33200635774426884,0.18680344715171354,0.13720234635391756,0.1534371737080844,0.06663691786025193,12.677162151973395,0.9550610142246774,0.9911440396880696,0.9944549991895961,0.06164820313592426,0.10265388426063696,0.6702396875320429,0.263125889359667,0.12912362373390293,-0.028222866346066938,0.05958910869796691,0.0258792210890601,12.60015080123511,0.937305649267211,0.9899443077061894,0.9948409853843236,0.008591808378696442,0.05767910275608301,0.01775308419018984,ok,
759xd9YjKW5,f155853c7e6c4761bc42e1a304c78b2a,f155853c7e6c4761bc42e1a304c78b2a_i1_1,1,1,/mnt/priorbimda-data/PriorBIMDA-Datasets/Matterport3D/v1/scans/759xd9YjKW5/undistorted_color_images/f155853c7e6c4761bc42e1a304c78b2a_i1_1.jpg,/mnt/priorbimda-data/PriorBIMDA-Datasets/Matterport3D/v1/scans/759xd9YjKW5/undistorted_depth_images/f155853c7e6c4761bc42e1a304c78b2a_d1_1.png,1024,1280,406,504,1.4121168655554452,986482,0.7526260375976562,-6.205160140991211,-9.858980178833008,1.5938299894332886,True,94258,0.4606400031276879,True,,1.0,94258,0.9907655119895935,-0.00927739021902582,0.9931779357427009,0.0024319493026511603,log-depth Laplacian fallback,,,,0.04226585614138116,0.026009998868047047,0.3530189756003683,0.14678657798072522,0.08278526127418774,0.00640243660227704,0.04203267401000174,0.018254558382181988,8.25373145297892,0.9764466052092182,0.9873783809537325,0.9999776985287111,0.041278625947242686,0.024859100541105156,0.34436218151956766,0.14206039805103524,0.08258736961696851,-0.0028749535790214215,0.04143095936755757,0.0179932370332881,8.253731436246424,0.9767365243359737,0.987663231564286,0.9999878355611151,0.041278625947242686,0.024859100541105156,0.34436218151956766,0.14206039805103524,0.08258736961696851,-0.0028749535790214215,0.04143095936755757,0.0179932370332881,8.253731436246424,0.9767365243359737,0.987663231564286,0.9999878355611151,0.0518283178804297,0.02940891339016643,0.36118472165744253,0.17113267758071066,0.09202215752627736,-0.00793618346878084,0.05186449377521066,0.022524463453279554,9.16793022865077,0.9767963328271575,0.9875111760782255,0.9998692322819879,0.04127719798283879,0.025094562361116263,0.3461845212025074,0.14201228645064656,0.08253850336740011,-0.00044298959573105544,0.041329186813872036,0.017949037774813253,8.253731458163873,0.9766523869670202,0.9875740256791304,0.9999817533416727,0.009573663584887981,0.06050274707376957,0.017728989012539387,ok,
759xd9YjKW5,f155853c7e6c4761bc42e1a304c78b2a,f155853c7e6c4761bc42e1a304c78b2a_i1_4,1,4,/mnt/priorbimda-data/PriorBIMDA-Datasets/Matterport3D/v1/scans/759xd9YjKW5/undistorted_color_images/f155853c7e6c4761bc42e1a304c78b2a_i1_4.jpg,/mnt/priorbimda-data/PriorBIMDA-Datasets/Matterport3D/v1/scans/759xd9YjKW5/undistorted_depth_images/f155853c7e6c4761bc42e1a304c78b2a_d1_4.png,1024,1280,406,504,1.4121168655554452,1273089,0.9712898254394531,-6.2065300941467285,-9.865839958190918,1.5939500331878662,True,77410,0.3783036202986942,True,,1.0,77410,0.9770735502243042,-0.023193348069395204,1.0144800844297615,0.03756959723856711,log-depth Laplacian fallback,,,,0.04043340875409732,0.014438088085866949,0.23163194532654596,0.15039663037102646,0.060156954084140755,-0.00517664586877416,0.03981973089165068,0.017293489397116345,5.993380900819439,0.9867794003404318,0.9994760774776941,0.9999599399570651,0.050427156740672545,0.016578832848659034,0.25535653843360506,0.19332194413630896,0.06630926061938484,-0.02836999398738296,0.050858011205613916,0.022087353627171874,5.993380919852631,0.9886661498135637,0.9994328754706073,0.9999316622796992,0.050427156740672545,0.016578832848659034,0.25535653843360506,0.19332194413630896,0.06630926061938484,-0.02836999398738296,0.050858011205613916,0.022087353627171874,5.993380919852631,0.9886661498135637,0.9994328754706073,0.9999316622796992,0.04674182726451304,0.015389010225356171,0.24057236001251076,0.1734657481115211,0.06428104733250468,-0.022491780236588352,0.04695910583192264,0.020394080537914812,6.02177122444279,0.9882215618860897,0.9994430868541005,0.9999512995556478,0.038326425762806565,0.015302936346106119,0.23760763730396087,0.14367687782876035,0.0606357543143396,0.009199632453286121,0.03715252714672596,0.01613513752858386,5.993380902289958,0.9848957928314517,0.9993503989116236,0.9999520850466856,0.009175563231110573,0.060277353040874004,0.017767258919775486,ok,
759xd9YjKW5,f155853c7e6c4761bc42e1a304c78b2a,f155853c7e6c4761bc42e1a304c78b2a_i1_5,1,5,/mnt/priorbimda-data/PriorBIMDA-Datasets/Matterport3D/v1/scans/759xd9YjKW5/undistorted_color_images/f155853c7e6c4761bc42e1a304c78b2a_i1_5.jpg,/mnt/priorbimda-data/PriorBIMDA-Datasets/Matterport3D/v1/scans/759xd9YjKW5/undistorted_depth_images/f155853c7e6c4761bc42e1a304c78b2a_d1_5.png,1024,1280,406,504,1.4121168655554452,1193274,0.9103958129882812,-6.209159851074219,-9.863530158996582,1.5938600301742554,True,199041,0.9727158104621159,True,,1.0,199041,0.8942084312438965,-0.1118163864144773,0.8942354221120316,3.0183634880651122e-05,log-depth Laplacian fallback,,,,0.2642918327616586,0.19889162565989596,0.5362865558704111,0.3683111534559903,0.2906986367822402,0.20623406104607842,0.21399180402608908,0.09293545966105254,20.487364274472995,0.5061762847426492,0.9908487070027504,0.9945863230071216,0.21654832299900542,0.12654204349990203,0.5024322503861193,0.4134558995739406,0.2255834807482642,0.09441767468186457,0.19241382421104963,0.08356426209676122,20.487364275126286,0.5074861264051677,0.9925230919302691,0.9955207270082144,0.21654832299900542,0.12654204349990203,0.5024322503861193,0.4134558995739406,0.2255834807482642,0.09441767468186457,0.19241382421104963,0.08356426209676122,20.487364275126286,0.5074861264051677,0.9925230919302691,0.9955207270082144,0.19304419016128233,0.10848742477616016,0.4385015105118048,0.3248607101337883,0.21132708342782114,0.10194927396673036,0.17024621480332355,0.07393699165399908,18.510937774128525,0.5457522748337766,0.9922180488303608,0.9954520085076856,0.21655486164442622,0.12655018395976383,0.5024057365463059,0.41342315224870946,0.22559612040718213,0.09444786944772021,0.19241382413225838,0.0835642620625426,20.487364276440786,0.5074861264051677,0.9925230919302691,0.9955198889777201,0.008547618985176086,0.06010306812822819,0.017699814401566982,ok,
759xd9YjKW5,f155853c7e6c4761bc42e1a304c78b2a,f155853c7e6c4761bc42e1a304c78b2a_i2_0,2,0,/mnt/priorbimda-data/PriorBIMDA-Datasets/Matterport3D/v1/scans/759xd9YjKW5/undistorted_color_images/f155853c7e6c4761bc42e1a304c78b2a_i2_0.jpg,/mnt/priorbimda-data/PriorBIMDA-Datasets/Matterport3D/v1/scans/759xd9YjKW5/undistorted_depth_images/f155853c7e6c4761bc42e1a304c78b2a_d2_0.png,1024,1280,406,504,1.4165615917841592,1243326,0.9485824584960938,-6.217299938201904,-9.852149963378906,1.62677001953125,True,102084,0.4988857612010321,True,,1.0,102084,0.9922482371330261,-0.007781963956442633,1.1027294757621622,0.10557041191778825,log-depth Laplacian fallback,,,,0.09711588780147636,0.018459900755672422,0.19765273272932762,0.17601467418743486,0.10582937403134045,-0.09805865497720127,0.10208467537489006,0.0443348112021995,3.980397708681329,0.9972911368378045,0.9999734582884939,1.0,0.10388598393920731,0.020881034582715733,0.21006551183494845,0.18847051747448945,0.11307781912467035,-0.10584061885948078,0.10963689447101208,0.04761469828176968,3.980397690474894,0.9974174110410303,0.9999967828228478,1.0,0.10388598393920731,0.020881034582715733,0.21006551183494845,0.18847051747448945,0.11307781912467035,-0.10584061885948078,0.10963689447101208,0.04761469828176968,3.980397690474894,0.9974174110410303,0.9999967828228478,1.0,0.10883578339210923,0.022037509926994738,0.20653505528972937,0.19124115397941754,0.12096005349829045,-0.11188414298973243,0.11547328697300012,0.050149411339604655,4.597035011572563,0.996773171316292,0.9999967828228478,1.0,0.023629433976740354,0.0035221112399362814,0.08492951045139187,0.04583202448218882,0.03980489445989164,-0.0002702396828245387,0.023215552446663377,0.01008238632192144,3.9803977106275936,0.992843389424817,0.9993324357409079,1.0,0.009080987423658371,0.059558894485235214,0.017756929621100426,ok,
759xd9YjKW5,f155853c7e6c4761bc42e1a304c78b2a,f155853c7e6c4761bc42e1a304c78b2a_i2_4,2,4,/mnt/priorbimda-data/PriorBIMDA-Datasets/Matterport3D/v1/scans/759xd9YjKW5/undistorted_color_images/f155853c7e6c4761bc42e1a304c78b2a_i2_4.jpg,/mnt/priorbimda-data/PriorBIMDA-Datasets/Matterport3D/v1/scans/759xd9YjKW5/undistorted_depth_images/f155853c7e6c4761bc42e1a304c78b2a_d2_4.png,1024,1280,406,504,1.4165615917841592,1253771,0.9565513610839844,-6.209229946136475,-9.876020431518555,1.627369999885559,True,41928,0.2049026507154586,True,,1.0,41928,0.9732642769813538,-0.027099623211697812,1.1042836065529973,0.12629642806967376,log-depth Laplacian fallback,,,,0.10003028302805295,0.027109962699098312,0.2601282111071122,0.24100146249876442,0.11329765739247681,-0.09895547271567048,0.10496155215896204,0.045584222914637554,5.517403003443968,0.9968144102870461,0.998360944702023,0.9988626312141532,0.123150354473549,0.03932013066691723,0.3189370368238958,0.2988213502360434,0.1376010929997129,-0.12605509590150257,0.1311065138208891,0.056938835493984555,5.517403005018424,0.9970680451214775,0.9984119907064368,0.999323640441516,0.123150354473549,0.03932013066691723,0.3189370368238958,0.2988213502360434,0.1376010929997129,-0.12605509590150257,0.1311065138208891,0.056938835493984555,5.517403005018424,0.9970680451214775,0.9984119907064368,0.999323640441516,0.11534908907522858,0.033957833084050155,0.2879180379665058,0.26947630444155396,0.13107104358448649,-0.1163384359156863,0.12239417526284918,0.0531551149337549,6.037372603225766,0.9968471116336237,0.9984024195806093,0.9991274323620501,0.03298197082955055,0.007568042992876156,0.12417102781643287,0.07111820998229969,0.05517455771926897,0.00024130015818100352,0.0319240484053096,0.013864438062438254,5.517403006624226,0.991917981832408,0.9979932539514792,0.9986552568212217,0.009359240531921387,0.06321897823363543,0.017756382003426552,ok,
759xd9YjKW5,f155853c7e6c4761bc42e1a304c78b2a,f155853c7e6c4761bc42e1a304c78b2a_i2_5,2,5,/mnt/priorbimda-data/PriorBIMDA-Datasets/Matterport3D/v1/scans/759xd9YjKW5/undistorted_color_images/f155853c7e6c4761bc42e1a304c78b2a_i2_5.jpg,/mnt/priorbimda-data/PriorBIMDA-Datasets/Matterport3D/v1/scans/759xd9YjKW5/undistorted_depth_images/f155853c7e6c4761bc42e1a304c78b2a_d2_5.png,1024,1280,406,504,1.4165615917841592,1245212,0.9500213623046875,-6.220149993896484,-9.866410255432129,1.6270099878311157,True,124249,0.6072063883024474,True,,1.0,124249,0.9823355674743652,-0.017822310594440727,0.9922656651686367,0.010057910672788467,log-depth Laplacian fallback,,,,0.038501636607295706,0.012867291290521752,0.15268634362160585,0.07533752674609616,0.06655687569843965,0.006829264895382708,0.03687230305421981,0.016013437751512098,6.620558015549929,0.991283411981253,0.9972358120544935,0.9982075341387652,0.03819666517094333,0.01195334833355903,0.14218026651477692,0.06873089009328726,0.06711203970638724,-0.010993045792323436,0.03724148329809322,0.016173770694253988,6.620557995939298,0.9924029000684221,0.9973594857743099,0.9982774017597004,0.03819666517094333,0.01195334833355903,0.14218026651477692,0.06873089009328726,0.06711203970638724,-0.010993045792323436,0.03724148329809322,0.016173770694253988,6.620557995939298,0.9924029000684221,0.9973594857743099,0.9982774017597004,0.04056100618340462,0.012139067918977987,0.141183627940263,0.06892292447857293,0.06870986672887275,-0.006394014474306593,0.0394891165920482,0.01714990543116067,6.841171219025155,0.9921113834431406,0.9973498488610775,0.9983239801736572,0.03758843164361042,0.012307475300320982,0.14689074646070713,0.07089173760027297,0.06621218440494958,-0.0009351587195142955,0.036253716953060275,0.015744789221196452,6.620558014128693,0.9917668637950807,0.9972928304577855,0.9982388541067706,0.008667209185659885,0.05920122191309929,0.01769567560404539,ok,
759xd9YjKW5,f346ec806ac7467c97fab5a2e36793dd,f346ec806ac7467c97fab5a2e36793dd_i0_0,0,0,/mnt/priorbimda-data/PriorBIMDA-Datasets/Matterport3D/v1/scans/759xd9YjKW5/undistorted_color_images/f346ec806ac7467c97fab5a2e36793dd_i0_0.jpg,/mnt/priorbimda-data/PriorBIMDA-Datasets/Matterport3D/v1/scans/759xd9YjKW5/undistorted_depth_images/f346ec806ac7467c97fab5a2e36793dd_d0_0.png,1024,1280,406,504,1.4155678118069965,1241266,0.9470108032226563,-3.0108699798583984,8.578189849853516,1.573099970817566,True,204624,1.0,True,,1.0,204624,0.8570175766944885,-0.1542968510328452,0.829806280814654,0.03226615100872607,log-depth Laplacian fallback,,,,0.20963681182604196,0.0902798087742349,0.4214605848208705,0.3696783791736876,0.19740274438934408,0.18861340927496079,0.18861340927496079,0.08191376286107512,5.824796420580594,0.6932792809921483,0.9992217622975252,1.0,0.05611188562858987,0.00989259577395722,0.14354265914627057,0.10311974585428454,0.06760511443833858,0.03431655820151697,0.05417884994372064,0.02352957556642217,5.824796418264551,0.9989800735700487,1.0,1.0,0.05611188562858987,0.00989259577395722,0.14354265914627057,0.10311974585428454,0.06760511443833858,0.03431655820151697,0.05417884994372064,0.02352957556642217,5.824796418264551,0.9989800735700487,1.0,1.0,0.05561445063504169,0.007036667643908966,0.1159575612522579,0.09684776254697619,0.0601731322140082,0.05144753393150487,0.053782226026211445,0.0233573239876571,3.1208285643578155,0.9990501633010168,1.0,1.0,0.0487207403915963,0.00617977532009221,0.10871540184490235,0.08336702428314603,0.05828404107726306,0.002050392095576337,0.04844846193875104,0.021040899676699303,5.824796422666192,0.9991017235628785,1.0,1.0,0.007790188305079937,0.05615103989839554,0.01767122745513916,ok,
759xd9YjKW5,f346ec806ac7467c97fab5a2e36793dd,f346ec806ac7467c97fab5a2e36793dd_i0_1,0,1,/mnt/priorbimda-data/PriorBIMDA-Datasets/Matterport3D/v1/scans/759xd9YjKW5/undistorted_color_images/f346ec806ac7467c97fab5a2e36793dd_i0_1.jpg,/mnt/priorbimda-data/PriorBIMDA-Datasets/Matterport3D/v1/scans/759xd9YjKW5/undistorted_depth_images/f346ec806ac7467c97fab5a2e36793dd_d0_1.png,1024,1280,406,504,1.4155678118069965,1248221,0.9523170471191407,-3.0140199661254883,8.592399597167969,1.5727299451828003,True,204624,1.0,True,,1.0,204624,1.167977213859558,0.15527337553385331,1.1925927990858876,0.020856384158716934,log-depth Laplacian fallback,,,,0.17068946624782622,0.05673623065216114,0.3410170702015635,0.32991474511021573,0.19397939173496037,-0.18825015829665484,0.18825015829665484,0.08175600496565089,4.679617846736639,0.7597388603460445,1.0,1.0,0.04167897117907868,0.004460629594305117,0.08361385669908836,0.06888754963668052,0.05724814852268751,-0.032976782726750475,0.043011760516607295,0.018679770249306712,4.679617837247376,1.0,1.0,1.0,0.04167897117907868,0.004460629594305117,0.08361385669908836,0.06888754963668052,0.05724814852268751,-0.032976782726750475,0.043011760516607295,0.018679770249306712,4.679617837247376,1.0,1.0,1.0,0.04051388128201523,0.005137846971105693,0.11379322563207178,0.08742790792109052,0.04885864326141879,-0.039004072839949444,0.0416545804904327,0.018090354452989777,2.9425317725429947,0.999851789066199,1.0,1.0,0.03462650453817284,0.0034367021835716087,0.07477162043728615,0.057256099917653874,0.04834033078980779,-0.012120448081419101,0.03519036694646442,0.015282982181000078,4.679617846762343,1.0,1.0,1.0,0.008051659911870956,0.05945639591664076,0.01771704852581024,ok,
759xd9YjKW5,f346ec806ac7467c97fab5a2e36793dd,f346ec806ac7467c97fab5a2e36793dd_i0_2,0,2,/mnt/priorbimda-data/PriorBIMDA-Datasets/Matterport3D/v1/scans/759xd9YjKW5/undistorted_color_images/f346ec806ac7467c97fab5a2e36793dd_i0_2.jpg,/mnt/priorbimda-data/PriorBIMDA-Datasets/Matterport3D/v1/scans/759xd9YjKW5/undistorted_depth_images/f346ec806ac7467c97fab5a2e36793dd_d0_2.png,1024,1280,406,504,1.4155678118069965,1251914,0.9551345825195312,-3.0032899379730225,8.602219581604004,1.57260000705719,True,204624,1.0,True,,1.0,204624,0.842907190322876,-0.17089842155728904,0.8392174084113556,0.00438705650243934,log-depth Laplacian fallback,,,,0.1972945889976513,0.08297207072819432,0.42258804339815187,0.3926441557231139,0.18337137905733686,0.17927835852596485,0.17927835852596485,0.0778596018324994,3.852704013579459,0.883395345047663,0.9983505256750863,0.9990574432429065,0.027532740065532097,0.0035118161461603625,0.08128398299654874,0.05127039650627346,0.03942786037439536,0.008379936994926751,0.027021382955784212,0.011735237511091668,3.8527040240120622,0.9982059470538711,0.998868133114575,1.0,0.027532740065532097,0.0035118161461603625,0.08128398299654874,0.05127039650627346,0.03942786037439536,0.008379936994926751,0.027021382955784212,0.011735237511091668,3.8527040240120622,0.9982059470538711,0.998868133114575,1.0,0.020208051973329064,0.0022020652289899707,0.0657788783054427,0.04012949210126836,0.02957390566893822,0.01519034782091887,0.019770062868012132,0.008586029210458049,2.5374578412158133,0.9982666540992432,0.9989991325282727,1.0,0.027166843305705814,0.003327548323817366,0.07888009787788172,0.050151171438090565,0.038733397329557676,0.003992899520796864,0.0267752830292857,0.011628357671016571,3.852704014203798,0.9982147335999119,0.9988817123220924,1.0,0.008278264664113522,0.059240249916911125,0.017735091038048267,ok,
759xd9YjKW5,f346ec806ac7467c97fab5a2e36793dd,f346ec806ac7467c97fab5a2e36793dd_i0_3,0,3,/mnt/priorbimda-data/PriorBIMDA-Datasets/Matterport3D/v1/scans/759xd9YjKW5/undistorted_color_images/f346ec806ac7467c97fab5a2e36793dd_i0_3.jpg,/mnt/priorbimda-data/PriorBIMDA-Datasets/Matterport3D/v1/scans/759xd9YjKW5/undistorted_depth_images/f346ec806ac7467c97fab5a2e36793dd_d0_3.png,1024,1280,406,504,1.4155678118069965,1227303,0.9363578796386719,-2.989419937133789,8.59784984588623,1.5728299617767334,True,204624,1.0,True,,1.0,204624,0.978147566318512,-0.022094734523188612,0.9736208805034444,0.0046385563193833725,log-depth Laplacian fallback,,,,0.05397714787043093,0.027397473168363388,0.17780598123232874,0.08737020427784752,0.1034051868426577,0.03709879179737752,0.04729885225095128,0.020541630532945342,9.652104595962365,0.9837204015634281,0.9915440604316945,0.9931435024602726,0.04723186962082777,0.023977720372347543,0.1610530516945289,0.07191039988972187,0.09768026440498258,0.015004057479888942,0.04165556605993348,0.018090782480385502,9.652104596080326,0.9858274607004138,0.9916133179826009,0.9932062416534466,0.04723186962082777,0.023977720372347543,0.1610530516945289,0.07191039988972187,0.09768026440498258,0.015004057479888942,0.04165556605993348,0.018090782480385502,9.652104596080326,0.9858274607004138,0.9916133179826009,0.9932062416534466,0.035220502312944796,0.02219924124789135,0.15049886520186728,0.048695177820634046,0.09326878189364043,0.021812150305734565,0.029770921137590608,0.012929346771232478,9.068238955256701,0.9874301619078582,0.9918406457085169,0.9932135748058956,0.04685477359711111,0.02350193565407767,0.1587510353575929,0.07041542508931858,0.09707603282535347,0.010365512317167291,0.04149656475060113,0.018021729089127046,9.65210459097484,0.9862030810647412,0.9916320582610814,0.9932168339847617,0.00797893013805151,0.05965638067573309,0.01772286742925644,ok,
759xd9YjKW5,f346ec806ac7467c97fab5a2e36793dd,f346ec806ac7467c97fab5a2e36793dd_i0_4,0,4,/mnt/priorbimda-data/PriorBIMDA-Datasets/Matterport3D/v1/scans/759xd9YjKW5/undistorted_color_images/f346ec806ac7467c97fab5a2e36793dd_i0_4.jpg,/mnt/priorbimda-data/PriorBIMDA-Datasets/Matterport3D/v1/scans/759xd9YjKW5/undistorted_depth_images/f346ec806ac7467c97fab5a2e36793dd_d0_4.png,1024,1280,406,504,1.4155678118069965,1225333,0.9348548889160156,-2.986269950866699,8.583649635314941,1.573199987411499,True,204624,1.0,True,,1.0,204624,1.0749409198760986,0.07226570181457394,1.0316657382608379,0.04109098425524849,log-depth Laplacian fallback,,,,0.06242880854671326,0.0196416725090859,0.1489911433989864,0.09373291855674996,0.09866490487566024,-0.024115382346825892,0.059964766417932296,0.02604236716392543,9.567241916241839,0.9931749165328935,0.9937894433594786,0.9943672454753116,0.07088899162635182,0.029102942650519683,0.20476757678610316,0.12742818055933638,0.10710585907454162,0.048150319435688815,0.0640581693312199,0.027820109461372925,9.567241915169019,0.9916259498438383,0.9936188774806523,0.994181173607501,0.07088899162635182,0.029102942650519683,0.20476757678610316,0.12742818055933638,0.10710585907454162,0.048150319435688815,0.0640581693312199,0.027820109461372925,9.567241915169019,0.9916259498438383,0.9936188774806523,0.994181173607501,0.049197610046477463,0.018473797857377988,0.14353922677506178,0.0801467717151566,0.08735723843671317,0.043541861997771734,0.04422021691403797,0.019204596194331538,7.573237987186035,0.9925350904611236,0.9937266032988583,0.9943068537287415,0.05649460664859285,0.021299621166691762,0.1618392280224905,0.09234182035661409,0.09593250359582892,0.00705928143688027,0.05221400143316457,0.022676252700511868,9.56724191800262,0.9924224680148171,0.9937053845770905,0.9942897155303905,0.00905465055257082,0.05946063529700041,0.0177224762737751,ok,
759xd9YjKW5,f346ec806ac7467c97fab5a2e36793dd,f346ec806ac7467c97fab5a2e36793dd_i0_5,0,5,/mnt/priorbimda-data/PriorBIMDA-Datasets/Matterport3D/v1/scans/759xd9YjKW5/undistorted_color_images/f346ec806ac7467c97fab5a2e36793dd_i0_5.jpg,/mnt/priorbimda-data/PriorBIMDA-Datasets/Matterport3D/v1/scans/759xd9YjKW5/undistorted_depth_images/f346ec806ac7467c97fab5a2e36793dd_d0_5.png,1024,1280,406,504,1.4155678118069965,1225237,0.9347816467285156,-2.996999979019165,8.573820114135742,1.573330044746399,True,204624,1.0,True,,1.0,204624,0.9271095395088196,-0.07568355479985404,0.8991548497699886,0.03061645785822667,log-depth Laplacian fallback,,,,0.11440495826620253,0.023156141925907793,0.18311304659835811,0.1620328061943103,0.11826280188628871,0.10590952992701236,0.10707966924607569,0.046504109477596,5.262377581127038,1.0,1.0,1.0,0.05082668101641742,0.005584015481826442,0.08950240347803301,0.07201808861762704,0.06068666538632794,0.0302259750663909,0.04946497140154151,0.02148236412719165,5.2623775871729785,1.0,1.0,1.0,0.05082668101641742,0.005584015481826442,0.08950240347803301,0.07201808861762704,0.06068666538632794,0.0302259750663909,0.04946497140154151,0.02148236412719165,5.2623775871729785,1.0,1.0,1.0,0.046900400207711315,0.004047080839719364,0.07671233017841825,0.06652238562347994,0.051456905820810465,0.042849377082695844,0.04558983061842285,0.019799411868484985,2.849112213087961,1.0,1.0,1.0,0.04350761069011259,0.0037364838997351814,0.07178057262807318,0.05991809009253588,0.0526252245996166,-0.0003904915041662939,0.043559078441399404,0.01891746740389067,5.262377581041925,1.0,1.0,1.0,0.0091460095718503,0.05862270575016737,0.017767231911420822,ok,
759xd9YjKW5,f346ec806ac7467c97fab5a2e36793dd,f346ec806ac7467c97fab5a2e36793dd_i1_0,1,0,/mnt/priorbimda-data/PriorBIMDA-Datasets/Matterport3D/v1/scans/759xd9YjKW5/undistorted_color_images/f346ec806ac7467c97fab5a2e36793dd_i1_0.jpg,/mnt/priorbimda-data/PriorBIMDA-Datasets/Matterport3D/v1/scans/759xd9YjKW5/undistorted_depth_images/f346ec806ac7467c97fab5a2e36793dd_d1_0.png,1024,1280,406,504,1.4121168655554452,1238824,0.945147705078125,-3.0030300617218018,8.58644962310791,1.6062400341033936,True,204624,1.0,True,,1.0,204624,0.930738091468811,-0.07177736086521921,0.9621399187550708,0.03318196766393133,log-depth Laplacian fallback,,,,0.13748659368062485,0.12626087642115785,0.7528115114873316,0.29340773040594836,0.2799006738078994,0.061040184298739475,0.14539713020202782,0.06314517133130935,27.316383929592885,0.7493703706095458,0.9695259375020181,0.972418196612271,0.11427041362023443,0.11396110668883708,0.75575919584313,0.28018656082704757,0.27337477937616705,-0.010737176496744563,0.13062997410088284,0.05673187692317814,27.316383918785036,0.9685088438712843,0.9703388051894377,0.9707294982983862,0.11427041362023443,0.11396110668883708,0.75575919584313,0.28018656082704757,0.27337477937616705,-0.010737176496744563,0.13062997410088284,0.05673187692317814,27.316383918785036,0.9685088438712843,0.9703388051894377,0.9707294982983862,0.09665888844741274,0.11130937044292194,0.7563776680808719,0.24552234643997314,0.2734331083152607,0.006279498040127455,0.11400152886717958,0.04951023491555036,27.336099324393214,0.9684612180584167,0.9703388051894377,0.9703388051894377,0.11197537813064604,0.11673519831485388,0.7504158062758857,0.25532418944324914,0.2740843867498835,0.022444776335521097,0.12459299144126951,0.05411004866676242,27.316383925276078,0.9683126900996429,0.9703339618864343,0.9710572284682892,0.007571753114461899,0.05773222539573908,0.01767174806445837,ok,
759xd9YjKW5,f346ec806ac7467c97fab5a2e36793dd,f346ec806ac7467c97fab5a2e36793dd_i1_1,1,1,/mnt/priorbimda-data/PriorBIMDA-Datasets/Matterport3D/v1/scans/759xd9YjKW5/undistorted_color_images/f346ec806ac7467c97fab5a2e36793dd_i1_1.jpg,/mnt/priorbimda-data/PriorBIMDA-Datasets/Matterport3D/v1/scans/759xd9YjKW5/undistorted_depth_images/f346ec806ac7467c97fab5a2e36793dd_d1_1.png,1024,1280,406,504,1.4121168655554452,1284345,0.9798774719238281,-3.0037899017333984,8.58987045288086,1.6061500310897827,True,204624,1.0,True,,1.0,204624,0.969825029373169,-0.030639605845030875,1.0228104343804123,0.05319377200771971,log-depth Laplacian fallback,,,,0.03707630176322512,0.009833541977342876,0.14849530181918263,0.09563382178014432,0.07006353363108415,-0.02639092303224278,0.03770727030878277,0.016376059422738693,6.490314265411419,0.978895078814493,0.9971471839731536,0.9990119477243264,0.06270896531394428,0.016267534841941756,0.20473949711188857,0.17156133522982037,0.08639964795167712,-0.05703052896658972,0.06486369850873,0.02816994633817763,6.490314269713536,0.9783064519268576,0.9971409551171998,0.9993521989808034,0.06270896531394428,0.016267534841941756,0.20473949711188857,0.17156133522982037,0.08639964795167712,-0.05703052896658972,0.06486369850873,0.02816994633817763,6.490314269713536,0.9783064519268576,0.9971409551171998,0.9993521989808034,0.0676796837812493,0.019562060844368467,0.226181180567199,0.18623447910858673,0.09311814943997991,-0.06079197885632139,0.07022456311259433,0.030498140253866348,7.053598416311353,0.9783991061591706,0.9971199327283558,0.9989372014528807,0.025999901164662744,0.008191846642797138,0.12808626731576983,0.05978976782469188,0.06501644750137099,-0.003836732686250135,0.025951418381665755,0.011270557800720052,6.49031426665365,0.979121653449813,0.9970537511338464,0.9988001666218967,0.008325700648128986,0.060935650020837784,0.0177603792399168,ok,
759xd9YjKW5,f346ec806ac7467c97fab5a2e36793dd,f346ec806ac7467c97fab5a2e36793dd_i1_2,1,2,/mnt/priorbimda-data/PriorBIMDA-Datasets/Matterport3D/v1/scans/759xd9YjKW5/undistorted_color_images/f346ec806ac7467c97fab5a2e36793dd_i1_2.jpg,/mnt/priorbimda-data/PriorBIMDA-Datasets/Matterport3D/v1/scans/759xd9YjKW5/undistorted_depth_images/f346ec806ac7467c97fab5a2e36793dd_d1_2.png,1024,1280,406,504,1.4121168655554452,1228861,0.9375465393066407,-3.0012099742889404,8.592229843139648,1.606119990348816,True,204624,1.0,True,,1.0,204624,0.9234949946403503,-0.07958989934632286,0.9630932518236052,0.04198486218192723,log-depth Laplacian fallback,,,,0.08689738357669032,0.032108564801306874,0.25541471159369866,0.19241893403633983,0.11094750205346815,0.07752029197152252,0.08035143452101959,0.03489618462548927,7.9372240390165505,0.9865965312594346,0.9915254857953829,1.0,0.06415262114980191,0.018342117025595538,0.21546833356831624,0.1722771740981715,0.07939921807369167,-0.002069607292113601,0.06279787042028866,0.02727276859880679,7.937224046459868,0.9856517539412513,0.9923164621547921,1.0,0.06415262114980191,0.018342117025595538,0.21546833356831624,0.1722771740981715,0.07939921807369167,-0.002069607292113601,0.06279787042028866,0.02727276859880679,7.937224046459868,0.9856517539412513,0.9923164621547921,1.0,0.04426660406412167,0.013884876935046411,0.18375602616697417,0.1218156340577848,0.06703161127369657,-0.003132040494580172,0.04295519219533538,0.018655202939527795,6.695839926617328,0.986301135767186,0.9923506401456308,1.0,0.05931330566776252,0.020696612824839814,0.2041061392757162,0.12362037665630579,0.08884358453388867,0.03991528486235681,0.055384572437934675,0.024053214192365942,7.937224040675135,0.9862864880568266,0.9918200675259448,1.0,0.008387116715312004,0.0567819494754076,0.017710687592625618,ok,
759xd9YjKW5,f346ec806ac7467c97fab5a2e36793dd,f346ec806ac7467c97fab5a2e36793dd_i1_3,1,3,/mnt/priorbimda-data/PriorBIMDA-Datasets/Matterport3D/v1/scans/759xd9YjKW5/undistorted_color_images/f346ec806ac7467c97fab5a2e36793dd_i1_3.jpg,/mnt/priorbimda-data/PriorBIMDA-Datasets/Matterport3D/v1/scans/759xd9YjKW5/undistorted_depth_images/f346ec806ac7467c97fab5a2e36793dd_d1_3.png,1024,1280,406,504,1.4121168655554452,1233513,0.9410957336425781,-2.9978699684143066,8.591179847717285,1.6061700582504272,True,204624,1.0,True,,1.0,204624,0.936664879322052,-0.06542971352137342,0.9408296385133135,0.004436514709177601,log-depth Laplacian fallback,,,,0.10982312123820319,0.052743631812130834,0.25679369639930316,0.1775007451370443,0.15543074347747932,0.09166862878388846,0.0953263805153409,0.041399721037622246,12.552122734758306,0.9232500995125305,0.9741437666242675,0.9845352258144017,0.0654086169996293,0.034591288026722615,0.19896168006726017,0.09402762169352086,0.12823439164262013,0.026238915331324306,0.05622349626285096,0.024417554180264298,12.552122737684043,0.9576915687147197,0.9762807526146867,0.988538426429231,0.0654086169996293,0.034591288026722615,0.19896168006726017,0.09402762169352086,0.12823439164262013,0.026238915331324306,0.05622349626285096,0.024417554180264298,12.552122737684043,0.9576915687147197,0.9762807526146867,0.988538426429231,0.07833527692093308,0.040513545479096365,0.21680330823559785,0.11533056559872251,0.1395561203835258,0.02280574627486855,0.067492158046338,0.029311471811266754,13.768009541450596,0.9307579247239388,0.9753938547871,0.9878242061494285,0.06550718434537732,0.035157734430861155,0.19979164645344927,0.09218443758260227,0.12921517040969,0.030675425899754097,0.056031800686459236,0.02433430184923208,12.552122732778676,0.9567519758608138,0.9760886184418,0.9884379005328683,0.008718975819647312,0.061206706799566746,0.01769639551639557,ok,
759xd9YjKW5,f346ec806ac7467c97fab5a2e36793dd,f346ec806ac7467c97fab5a2e36793dd_i1_4,1,4,/mnt/priorbimda-data/PriorBIMDA-Datasets/Matterport3D/v1/scans/759xd9YjKW5/undistorted_color_images/f346ec806ac7467c97fab5a2e36793dd_i1_4.jpg,/mnt/priorbimda-data/PriorBIMDA-Datasets/Matterport3D/v1/scans/759xd9YjKW5/undistorted_depth_images/f346ec806ac7467c97fab5a2e36793dd_d1_4.png,1024,1280,406,504,1.4121168655554452,1284625,0.9800910949707031,-2.997109889984131,8.587770462036133,1.6062599420547485,True,204624,1.0,True,,1.0,204624,0.9694699048995972,-0.031005846658911436,0.9436293470322159,0.027015984137032545,log-depth Laplacian fallback,,,,0.08282400344541001,0.03471006396355963,0.22926121753263526,0.14121820993554304,0.12142730981537671,0.07131044506189436,0.07407058621824907,0.032168446865924606,9.82823076350674,0.9747833025201907,0.98469825824657,0.9903715091952905,0.05837173219453363,0.026623762210926903,0.19750432687434918,0.0952474265122235,0.10622557427338504,0.040304598414417504,0.05177442821776282,0.02248534847867041,9.828230754496445,0.9780457331906198,0.9859850150822225,0.9914605429600077,0.05837173219453363,0.026623762210926903,0.19750432687434918,0.0952474265122235,0.10622557427338504,0.040304598414417504,0.05177442821776282,0.02248534847867041,9.828230754496445,0.9780457331906198,0.9859850150822225,0.9914605429600077,0.065823168054115,0.028325205088220316,0.20508539522465727,0.11023256702349786,0.11050101442621357,0.04193558806199029,0.058876388819044216,0.025569690778501186,10.223443961365131,0.9779375304077065,0.9859320813466965,0.9915267101294152,0.05196905665126762,0.023314600289235477,0.18888139201690798,0.09216503596549439,0.09917660323010138,0.013288590336218497,0.04683588298610762,0.020340565535932945,9.828230764047575,0.9788023742337258,0.9863726768512212,0.9920762868541403,0.009057613089680672,0.058864095248281956,0.017697774805128574,ok,
759xd9YjKW5,f346ec806ac7467c97fab5a2e36793dd,f346ec806ac7467c97fab5a2e36793dd_i1_5,1,5,/mnt/priorbimda-data/PriorBIMDA-Datasets/Matterport3D/v1/scans/759xd9YjKW5/undistorted_color_images/f346ec806ac7467c97fab5a2e36793dd_i1_5.jpg,/mnt/priorbimda-data/PriorBIMDA-Datasets/Matterport3D/v1/scans/759xd9YjKW5/undistorted_depth_images/f346ec806ac7467c97fab5a2e36793dd_d1_5.png,1024,1280,406,504,1.4121168655554452,1229844,0.9382965087890625,-2.999690055847168,8.585399627685547,1.6062899827957153,True,204624,1.0,True,,1.0,204624,0.6558160185813904,-0.42187498885375063,0.6003379036671649,0.088387620655907,log-depth Laplacian fallback,,,,0.6602269111017939,0.6223412810746597,1.1223368353069274,0.9396770106751657,0.5540775455313449,0.4164489011105215,0.5372854410830674,0.2333401022693309,36.54753606276061,0.0,0.10204627578782349,0.9443344033877468,0.13080091758289417,0.18865348754778233,0.9717749714743675,0.3309334359218836,0.3655156380560403,-0.0054260877666242316,0.16682498241626342,0.07245116930699025,36.547536064017116,0.9394053229515288,0.9394053229515288,0.9394053229515288,0.13080091758289417,0.18865348754778233,0.9717749714743675,0.3309334359218836,0.3655156380560403,-0.0054260877666242316,0.16682498241626342,0.07245116930699025,36.547536064017116,0.9394053229515288,0.9394053229515288,0.9394053229515288,0.10748792914158022,0.18258231450590975,0.9668191853918096,0.3034128872593869,0.3582890080732504,-0.025732353585775136,0.14521909440591438,0.06306785136747599,35.73637632511869,0.9394053229515288,0.9394053229515288,0.9396890987800078,0.0804660725726402,0.18887908818875887,0.9906235058232704,0.27867496799432,0.37732379360894164,-0.09381367693483268,0.12522858581780852,0.05438608379722207,36.54753606515903,0.9394053229515288,0.9394053229515288,0.9394053229515288,0.008233997970819473,0.05781740415841341,0.017765607684850693,ok,
759xd9YjKW5,f346ec806ac7467c97fab5a2e36793dd,f346ec806ac7467c97fab5a2e36793dd_i2_0,2,0,/mnt/priorbimda-data/PriorBIMDA-Datasets/Matterport3D/v1/scans/759xd9YjKW5/undistorted_color_images/f346ec806ac7467c97fab5a2e36793dd_i2_0.jpg,/mnt/priorbimda-data/PriorBIMDA-Datasets/Matterport3D/v1/scans/759xd9YjKW5/undistorted_depth_images/f346ec806ac7467c97fab5a2e36793dd_d2_0.png,1024,1280,406,504,1.4165615917841592,1171572,0.8938385009765625,-3.0114901065826416,8.579790115356445,1.6395800113677979,True,204624,1.0,True,,1.0,204624,1.0146323442459106,0.014526324457542532,1.0120488910542131,0.0025494434408304574,log-depth Laplacian fallback,,,,0.07359197428087216,0.08631260433745447,0.5772609840252271,0.19663800420893035,0.2561007973463879,-0.07010283368160498,0.09628304554532371,0.04181519538117357,24.631932752276036,0.8950930886023224,0.9334168109172974,0.953893572055324,0.07351981422272258,0.08554314933291855,0.5754694966178423,0.20136400303610175,0.25251130573816377,-0.05557650922315959,0.09514652340618979,0.04132161008758679,24.63193275976542,0.8973848811682081,0.9345033851952761,0.9557159099056652,0.07351981422272258,0.08554314933291855,0.5754694966178423,0.20136400303610175,0.25251130573816377,-0.05557650922315959,0.09514652340618979,0.04132161008758679,24.63193275976542,0.8973848811682081,0.9345033851952761,0.9557159099056652,0.07807267112004024,0.08618868032291294,0.5765934114092799,0.21029014499293625,0.25297814796211965,-0.044445698156475796,0.09940976496618088,0.04317311237211155,24.904321565087365,0.8954447528619667,0.9347526229715288,0.9560965950022704,0.07328296774461636,0.08561838572708584,0.575669736328833,0.2000808686264534,0.2530846563468723,-0.05812600261523573,0.09509679209047638,0.04130001205159472,24.631932749621598,0.8969196942228049,0.9343412099299061,0.9554154588877167,0.007668008096516132,0.057949552312493324,0.01775814127177,ok,
759xd9YjKW5,f346ec806ac7467c97fab5a2e36793dd,f346ec806ac7467c97fab5a2e36793dd_i2_1,2,1,/mnt/priorbimda-data/PriorBIMDA-Datasets/Matterport3D/v1/scans/759xd9YjKW5/undistorted_color_images/f346ec806ac7467c97fab5a2e36793dd_i2_1.jpg,/mnt/priorbimda-data/PriorBIMDA-Datasets/Matterport3D/v1/scans/759xd9YjKW5/undistorted_depth_images/f346ec806ac7467c97fab5a2e36793dd_d2_1.png,1024,1280,406,504,1.4165615917841592,1191964,0.9093963623046875,-3.014630079269409,8.593990325927734,1.6392099857330322,True,204624,1.0,True,,1.0,204624,1.0728434324264526,0.07031253727624621,1.0851784899744819,0.011431943075325579,log-depth Laplacian fallback,,,,0.08403792532461668,0.020660361911188984,0.19162145980375067,0.15948185434445755,0.10354238633330076,-0.05340622911451726,0.08468878031798524,0.03677986997121768,8.870625941477973,0.9854232174797225,0.9953832498296928,0.997800269135645,0.053099235665760976,0.015589019477814652,0.14417904515808475,0.08272823379814416,0.09030295521620674,0.016906308229158767,0.04913009772535419,0.02133693033748884,8.870625943438784,0.9719320382159192,0.9949251823041636,0.9971047783322315,0.053099235665760976,0.015589019477814652,0.14417904515808475,0.08272823379814416,0.09030295521620674,0.016906308229158767,0.04913009772535419,0.02133693033748884,8.870625943438784,0.9719320382159192,0.9949251823041636,0.9971047783322315,0.04720590855687714,0.013739887717475962,0.1379259041050948,0.07668294808957651,0.08165472672707356,0.004438027723740796,0.04439031558509843,0.019278469108552177,8.153403158679428,0.9810648643750985,0.9951038789762107,0.9972482390407764,0.05275223759955965,0.01663115661877924,0.14920235492715261,0.0808943902239447,0.09312280698558134,0.028338255350081876,0.048179833986963065,0.020924236039552797,8.870625944423196,0.969416022631556,0.9947615867593317,0.9970250779385955,0.00819073524326086,0.05993288662284613,0.01771293766796589,ok,
759xd9YjKW5,f346ec806ac7467c97fab5a2e36793dd,f346ec806ac7467c97fab5a2e36793dd_i2_2,2,2,/mnt/priorbimda-data/PriorBIMDA-Datasets/Matterport3D/v1/scans/759xd9YjKW5/undistorted_color_images/f346ec806ac7467c97fab5a2e36793dd_i2_2.jpg,/mnt/priorbimda-data/PriorBIMDA-Datasets/Matterport3D/v1/scans/759xd9YjKW5/undistorted_depth_images/f346ec806ac7467c97fab5a2e36793dd_d2_2.png,1024,1280,406,504,1.4165615917841592,1211318,0.9241622924804688,-3.0039000511169434,8.60381031036377,1.6390700340270996,True,204624,1.0,True,,1.0,204624,1.0058459043502808,0.00582888335463727,1.0493235947862811,0.04231687779012004,log-depth Laplacian fallback,,,,0.06531367278601426,0.01689159934150126,0.1786427330013876,0.12930464862668245,0.09096096937611416,-0.05312065614117075,0.06625426457017132,0.028773861505383514,7.383829521985103,0.9771092314322085,0.9946157821480404,0.9994336747245562,0.06031518470201056,0.01597289991489987,0.1728139814525493,0.11821370327397834,0.0876846942586361,-0.0472917727561275,0.06088967769298856,0.02644405102693245,7.383829519167741,0.9787083160656409,0.9943705946745611,0.9994303725363612,0.06031518470201056,0.01597289991489987,0.1728139814525493,0.11821370327397834,0.0876846942586361,-0.0472917727561275,0.06088967769298856,0.02644405102693245,7.383829519167741,0.9787083160656409,0.9943705946745611,0.9994303725363612,0.06838228220273088,0.01963908723255748,0.19126526504422264,0.1326058294649204,0.10016197778893962,-0.05144683679020477,0.06982319613883466,0.030323828791944316,8.593977413790466,0.9734652667590179,0.9941427436891056,0.9994303725363612,0.042693218378156504,0.013528976305076927,0.15898658644333868,0.08846676547592475,0.07400570088817489,-0.004974929300109998,0.04123908169361262,0.01790990561829337,7.38382952295685,0.9847802146092108,0.9938108737755074,0.9994039550308011,0.00844008568674326,0.05886565800756216,0.01770670060068369,ok,
759xd9YjKW5,f346ec806ac7467c97fab5a2e36793dd,f346ec806ac7467c97fab5a2e36793dd_i2_3,2,3,/mnt/priorbimda-data/PriorBIMDA-Datasets/Matterport3D/v1/scans/759xd9YjKW5/undistorted_color_images/f346ec806ac7467c97fab5a2e36793dd_i2_3.jpg,/mnt/priorbimda-data/PriorBIMDA-Datasets/Matterport3D/v1/scans/759xd9YjKW5/undistorted_depth_images/f346ec806ac7467c97fab5a2e36793dd_d2_3.png,1024,1280,406,504,1.4165615917841592,1238932,0.9452301025390625,-2.99003005027771,8.59943962097168,1.6393100023269653,True,204624,1.0,True,,1.0,204624,0.9595798850059509,-0.041259710089206744,0.9568759358758938,0.002821824426966539,log-depth Laplacian fallback,,,,0.07436264010540397,0.028429464160844777,0.21752640332059026,0.13360255708134322,0.1107130979472715,0.05590714978109141,0.0680044241604111,0.029533946157874722,9.556035088066988,0.9638196446616925,0.9857482089412494,0.9962177100922407,0.05932418490890686,0.02064057541728049,0.18105049696552297,0.10341234615554624,0.09667640943893754,0.014647439588604367,0.05564098457770521,0.024164572569761303,9.55603508548565,0.9679667649233372,0.9896063706482681,0.9971903219870017,0.05932418490890686,0.02064057541728049,0.18105049696552297,0.10341234615554624,0.09667640943893754,0.014647439588604367,0.05564098457770521,0.024164572569761303,9.55603508548565,0.9679667649233372,0.9896063706482681,0.9971903219870017,0.04955394684045565,0.01928482834817462,0.173725383089737,0.08334943860737423,0.09294179586414288,0.011883520651048364,0.04595485979223987,0.019957942024407392,9.217895288724055,0.9678537643712488,0.98946834854536,0.9972258364462295,0.059100568880874685,0.02037176075524696,0.17976845261497434,0.10280036604983343,0.09628928003365618,0.011825598977281788,0.055584430732555944,0.024140011546882573,9.556035086911502,0.968247652009957,0.9898711147988751,0.9972185721250238,0.00784690398722887,0.057546040043234825,0.01773178670555353,ok,
759xd9YjKW5,f346ec806ac7467c97fab5a2e36793dd,f346ec806ac7467c97fab5a2e36793dd_i2_4,2,4,/mnt/priorbimda-data/PriorBIMDA-Datasets/Matterport3D/v1/scans/759xd9YjKW5/undistorted_color_images/f346ec806ac7467c97fab5a2e36793dd_i2_4.jpg,/mnt/priorbimda-data/PriorBIMDA-Datasets/Matterport3D/v1/scans/759xd9YjKW5/undistorted_depth_images/f346ec806ac7467c97fab5a2e36793dd_d2_4.png,1024,1280,406,504,1.4165615917841592,1243796,0.9489410400390625,-2.98688006401062,8.585240364074707,1.639680027961731,True,204624,1.0,True,,1.0,204624,1.0626769065856934,0.06079110827274233,1.0430367829169556,0.01865466641674434,log-depth Laplacian fallback,,,,0.05919762451596368,0.01578234277152866,0.1697033400829829,0.10431223470476611,0.08676558723023059,-0.03505794569305056,0.05901297066263946,0.02562900751950281,7.936754734266311,0.9802732924048638,0.9947000955140554,0.9987369311366172,0.05047141319735619,0.019461089405147763,0.20339983957258442,0.10474067758374701,0.08343502393790803,0.025733162462097982,0.04725339834430464,0.02052189015210779,7.936754733024422,0.976742970712239,0.9920051198106442,0.9978509337544099,0.05047141319735619,0.019461089405147763,0.20339983957258442,0.10474067758374701,0.08343502393790803,0.025733162462097982,0.04725339834430464,0.02052189015210779,7.936754733024422,0.976742970712239,0.9920051198106442,0.9978509337544099,0.05917268795358515,0.019400750381537452,0.1965082075817478,0.11451806386911699,0.08673812768516478,0.028905329780219008,0.055838596829891465,0.024250394480442285,8.17800996858327,0.9773154118521044,0.9919271327452411,0.9979988679815661,0.04644148112323947,0.016715760926602218,0.18429931254088439,0.09178646942759378,0.07968257750163216,0.007078530273931122,0.04411718097805907,0.019159848255898167,7.936754731289519,0.9777929821289022,0.9926933355630666,0.9981741378811316,0.009449263103306293,0.058875977993011475,0.017823226749897003,ok,
759xd9YjKW5,f346ec806ac7467c97fab5a2e36793dd,f346ec806ac7467c97fab5a2e36793dd_i2_5,2,5,/mnt/priorbimda-data/PriorBIMDA-Datasets/Matterport3D/v1/scans/759xd9YjKW5/undistorted_color_images/f346ec806ac7467c97fab5a2e36793dd_i2_5.jpg,/mnt/priorbimda-data/PriorBIMDA-Datasets/Matterport3D/v1/scans/759xd9YjKW5/undistorted_depth_images/f346ec806ac7467c97fab5a2e36793dd_d2_5.png,1024,1280,406,504,1.4165615917841592,1148163,0.8759788513183594,-2.997610092163086,8.575409889221191,1.6398099660873413,True,204624,1.0,True,,1.0,204624,1.1420358419418335,0.13281249597934502,1.1456314980964348,0.003143515713670997,log-depth Laplacian fallback,,,,0.17044149527833788,0.13886351701520636,0.6794223273060076,0.3654827318195698,0.3255247801385472,-0.21029361772335642,0.21049900259304508,0.09141855527229782,24.848134100787593,0.8983855079810097,0.9059036042791834,0.9263214369388318,0.07109212349428705,0.09746826914111822,0.6039849957742104,0.1963784246216584,0.2602811961368881,-0.0774811217662527,0.09592046007960386,0.041657726514193125,24.84813410143553,0.8991859169821707,0.9194434936502918,0.9442953657276885,0.07109212349428705,0.09746826914111822,0.6039849957742104,0.1963784246216584,0.2602811961368881,-0.0774811217662527,0.09592046007960386,0.041657726514193125,24.84813410143553,0.8991859169821707,0.9194434936502918,0.9442953657276885,0.08576611237441902,0.10446550877028903,0.6221030341555526,0.22195148417744978,0.27503731420436905,-0.07298451093516463,0.11274875050599842,0.04896616018624161,26.51768944842436,0.8990779183791848,0.9181718971957814,0.9356432840981638,0.07125120045388099,0.09701516803877482,0.6027773726187378,0.19589957030169136,0.25936277591861406,-0.0743375592037164,0.09585583908386051,0.041629661972326704,24.848134099735372,0.8991737235915109,0.9197335221566972,0.9448257782213849,0.007918833754956722,0.0580308698117733,0.017724758945405483,ok,
759xd9YjKW5,f5f240dba39b4c19a1354c89c56d7a59,f5f240dba39b4c19a1354c89c56d7a59_i0_0,0,0,/mnt/priorbimda-data/PriorBIMDA-Datasets/Matterport3D/v1/scans/759xd9YjKW5/undistorted_color_images/f5f240dba39b4c19a1354c89c56d7a59_i0_0.jpg,/mnt/priorbimda-data/PriorBIMDA-Datasets/Matterport3D/v1/scans/759xd9YjKW5/undistorted_depth_images/f5f240dba39b4c19a1354c89c56d7a59_d0_0.png,1024,1280,406,504,1.4155678118069965,1204491,0.9189537048339844,-5.004129886627197,8.049409866333008,1.5716400146484375,True,204624,1.0,True,,1.0,204624,0.9105103611946106,-0.0937500002036479,0.874644358328764,0.04018792266736859,log-depth Laplacian fallback,,,,0.14826059993554344,0.029573271453206127,0.1847497292944772,0.1670319212332457,0.1510972619130315,0.12666353759113486,0.1363262528132763,0.05920573933535361,8.238161689669854,0.9047572792158679,0.9964640665642167,1.0,0.07199075837852036,0.012300161304360032,0.15551705016759854,0.10225718655484094,0.08871319933753591,0.032913537388956846,0.0701088602047735,0.03044789111945962,8.238161684045247,0.9949646780258217,0.9972677255371771,1.0,0.07199075837852036,0.012300161304360032,0.15551705016759854,0.10225718655484094,0.08871319933753591,0.032913537388956846,0.0701088602047735,0.03044789111945962,8.238161684045247,0.9949646780258217,0.9972677255371771,1.0,0.06534374865725942,0.008421347105428958,0.11957530042670442,0.08316364766356468,0.07878307132636711,0.04270568846302748,0.06310452196064144,0.027405945670649117,6.620420304266405,0.994212493077989,0.9973881083378788,1.0,0.05758276993495465,0.0125475766751648,0.17572525584434479,0.09543178097020662,0.0827021632251831,-0.007274407328765697,0.058232184419852534,0.025289916362714472,8.23816168822877,0.9893946903712855,0.9990120308080342,1.0,0.008582602255046368,0.05800684168934822,0.01769864931702614,ok,
759xd9YjKW5,f5f240dba39b4c19a1354c89c56d7a59,f5f240dba39b4c19a1354c89c56d7a59_i0_1,0,1,/mnt/priorbimda-data/PriorBIMDA-Datasets/Matterport3D/v1/scans/759xd9YjKW5/undistorted_color_images/f5f240dba39b4c19a1354c89c56d7a59_i0_1.jpg,/mnt/priorbimda-data/PriorBIMDA-Datasets/Matterport3D/v1/scans/759xd9YjKW5/undistorted_depth_images/f5f240dba39b4c19a1354c89c56d7a59_d0_1.png,1024,1280,406,504,1.4155678118069965,993871,0.7582633972167969,-5.014689922332764,8.059419631958008,1.5713800191879272,True,204624,1.0,True,,1.0,204624,0.9051909446716309,-0.09960936894973522,0.7726226807643106,0.15835510381859497,log-depth Laplacian fallback,,,,0.2881588255227579,0.07613439669561288,0.266319890419349,0.24767635024893825,0.2575157245698132,0.25165103635885017,0.25175813673562725,0.10933716955852728,5.464525871686013,0.23650453630300108,0.9945153847933987,1.0,0.16878037066214277,0.027573369386107858,0.16051749804785076,0.14606724547823555,0.1615635258787637,0.15204166736077993,0.15502226784504453,0.06732531549723074,5.464525853660038,0.9773501792486148,0.9968436547600242,1.0,0.16878037066214277,0.027573369386107858,0.16051749804785076,0.14606724547823555,0.1615635258787637,0.15204166736077993,0.15502226784504453,0.06732531549723074,5.464525853660038,0.9773501792486148,0.9968436547600242,1.0,0.16028997555450145,0.022489640167857393,0.13417575680086338,0.1271595249768709,0.15769572417386332,0.14243319111432692,0.14732717005139231,0.06398337698774169,6.76810718865238,0.9107962703409195,0.9968577410951723,1.0,0.034930984419996924,0.0026582729534764225,0.05047571588414926,0.030652708637683213,0.05500875745001365,-0.006313405740966097,0.03534538334394497,0.01535030494703042,5.464525875265272,0.9806846160115347,1.0,1.0,0.007421908900141716,0.05756958294659853,0.017737063579261303,ok,
759xd9YjKW5,f5f240dba39b4c19a1354c89c56d7a59,f5f240dba39b4c19a1354c89c56d7a59_i0_2,0,2,/mnt/priorbimda-data/PriorBIMDA-Datasets/Matterport3D/v1/scans/759xd9YjKW5/undistorted_color_images/f5f240dba39b4c19a1354c89c56d7a59_i0_2.jpg,/mnt/priorbimda-data/PriorBIMDA-Datasets/Matterport3D/v1/scans/759xd9YjKW5/undistorted_depth_images/f5f240dba39b4c19a1354c89c56d7a59_d0_2.png,1024,1280,406,504,1.4155678118069965,1191506,0.9090469360351563,-5.011300086975098,8.073570251464844,1.571179986000061,True,204624,1.0,True,,1.0,204624,1.0385669469833374,0.03784182733408665,1.1745589115472195,0.12305085535601046,log-depth Laplacian fallback,,,,0.1437371717363368,0.03664740801929349,0.24053438674090008,0.20824635627919053,0.172952335510647,-0.14796572140366832,0.15705598904236545,0.06820854939095694,8.95469466150545,0.8269299525138774,0.9993352949964163,1.0,0.11846532918403867,0.025352109237254793,0.19947459676871124,0.17001077836222647,0.14193635077586672,-0.11012389393444877,0.12682832862174565,0.05508084326943636,8.954694666086699,0.9131133204532751,0.9990373527283958,1.0,0.11846532918403867,0.025352109237254793,0.19947459676871124,0.17001077836222647,0.14193635077586672,-0.11012389393444877,0.12682832862174565,0.05508084326943636,8.954694666086699,0.9131133204532751,0.9990373527283958,1.0,0.1198666253028053,0.025779212542848304,0.2040412082003114,0.17437296526153817,0.1407998026412823,-0.10762905361213296,0.12823029599727498,0.05568970996443714,9.077759218210545,0.9795871779076228,0.9994670610135409,1.0,0.06629277166759108,0.008469617397908217,0.09471008929124944,0.07266249215613099,0.09047519682317416,0.012926932665923478,0.0640889701863293,0.027833486102784834,8.954694663718458,0.9866614184066216,0.9980822589227415,0.9996760402381524,0.00811456236988306,0.059282999485731125,0.017724359408020973,ok,
759xd9YjKW5,f5f240dba39b4c19a1354c89c56d7a59,f5f240dba39b4c19a1354c89c56d7a59_i0_3,0,3,/mnt/priorbimda-data/PriorBIMDA-Datasets/Matterport3D/v1/scans/759xd9YjKW5/undistorted_color_images/f5f240dba39b4c19a1354c89c56d7a59_i0_3.jpg,/mnt/priorbimda-data/PriorBIMDA-Datasets/Matterport3D/v1/scans/759xd9YjKW5/undistorted_depth_images/f5f240dba39b4c19a1354c89c56d7a59_d0_3.png,1024,1280,406,504,1.4155678118069965,1248115,0.9522361755371094,-4.997350215911865,8.077699661254883,1.571239948272705,True,204624,1.0,True,,1.0,204624,1.0828428268432617,0.07958982991828024,1.1106752103441828,0.025378298075339284,log-depth Laplacian fallback,,,,0.09543037997460103,0.02180269948551494,0.22505435037762012,0.19283766196274682,0.11137793760810001,-0.09900958270037191,0.10130236468818646,0.043995057987830204,5.1011248948952765,0.9994776122392568,1.0,1.0,0.044506248187324474,0.006194227967352945,0.12313302837664145,0.09286120509217646,0.05458272904494832,-0.019419752844398706,0.04516020399064061,0.01961282739476043,5.101124885215723,1.0,1.0,1.0,0.044506248187324474,0.006194227967352945,0.12313302837664145,0.09286120509217646,0.05458272904494832,-0.019419752844398706,0.04516020399064061,0.01961282739476043,5.101124885215723,1.0,1.0,1.0,0.03503883352901776,0.005982847311506212,0.12871122174776436,0.07917699466983345,0.051372440006248805,-0.020183221418546216,0.036031795727273046,0.015648410057419848,4.724156184299552,0.9999134695120241,1.0,1.0,0.04195678111014157,0.0061720120397357895,0.12302316085928153,0.088195896884884,0.0513580747034574,0.005958550160501082,0.0415276381204786,0.01803522408219899,5.101124892835602,0.999973560128674,1.0,1.0,0.008462251164019108,0.059752169996500015,0.017730300314724445,ok,
759xd9YjKW5,f5f240dba39b4c19a1354c89c56d7a59,f5f240dba39b4c19a1354c89c56d7a59_i0_4,0,4,/mnt/priorbimda-data/PriorBIMDA-Datasets/Matterport3D/v1/scans/759xd9YjKW5/undistorted_color_images/f5f240dba39b4c19a1354c89c56d7a59_i0_4.jpg,/mnt/priorbimda-data/PriorBIMDA-Datasets/Matterport3D/v1/scans/759xd9YjKW5/undistorted_depth_images/f5f240dba39b4c19a1354c89c56d7a59_d0_4.png,1024,1280,406,504,1.4155678118069965,1253467,0.9563194274902344,-4.986790180206299,8.067689895629883,1.5714900493621826,True,204624,1.0,True,,1.0,204624,1.0428862571716309,0.04199211654514703,1.0346021249800055,0.007975184045417007,log-depth Laplacian fallback,,,,0.04056928709402912,0.0040514469078538305,0.08084438323448642,0.06691756048391254,0.05394423378964688,-0.03892757850195829,0.041962242697262515,0.018223970451706137,3.734466482813782,1.0,1.0,1.0,0.03153340288929974,0.002863993789641571,0.08132954689357023,0.06520940565898264,0.037470193321946156,0.003064538075859185,0.031529426154696685,0.013693055796560844,3.7344664866157626,1.0,1.0,1.0,0.03153340288929974,0.002863993789641571,0.08132954689357023,0.06520940565898264,0.037470193321946156,0.003064538075859185,0.031529426154696685,0.013693055796560844,3.7344664866157626,1.0,1.0,1.0,0.02010633036035671,0.0011732591340529392,0.05191632065705834,0.04172705797496405,0.023446689902547335,0.008914597889842751,0.019991785723434904,0.00868232222307999,2.168587586076768,1.0,1.0,1.0,0.03078441186220726,0.0025527112517408743,0.07332911054822326,0.06011773714149184,0.03766613932404064,-0.0049106071223351975,0.03102827028910532,0.013475406569561055,3.734466480326356,1.0,1.0,1.0,0.008664023131132126,0.05717238690704107,0.01773463934659958,ok,
759xd9YjKW5,f5f240dba39b4c19a1354c89c56d7a59,f5f240dba39b4c19a1354c89c56d7a59_i0_5,0,5,/mnt/priorbimda-data/PriorBIMDA-Datasets/Matterport3D/v1/scans/759xd9YjKW5/undistorted_color_images/f5f240dba39b4c19a1354c89c56d7a59_i0_5.jpg,/mnt/priorbimda-data/PriorBIMDA-Datasets/Matterport3D/v1/scans/759xd9YjKW5/undistorted_depth_images/f5f240dba39b4c19a1354c89c56d7a59_d0_5.png,1024,1280,406,504,1.4155678118069965,1223330,0.9333267211914062,-4.990180015563965,8.053549766540527,1.5716899633407593,True,204624,1.0,True,,1.0,204624,0.8412625193595886,-0.17285151628003884,0.8038409503640498,0.045502336022954976,log-depth Laplacian fallback,,,,0.24385780604107374,0.09161735498840666,0.36027667391333235,0.3330215387093416,0.22650395801515205,0.21538635922216517,0.21577514786315116,0.09370995604882482,7.009107830209343,0.5333973662053575,0.9982392322594884,0.998411712293494,0.06686241351353343,0.011438864945574567,0.132968309209012,0.0944551045619648,0.08198763402759451,0.042534842999174656,0.0643030272331314,0.027926449897023496,7.009107835151586,0.996580644633909,0.9983643007201655,0.9988326943670146,0.06686241351353343,0.011438864945574567,0.132968309209012,0.0944551045619648,0.08198763402759451,0.042534842999174656,0.0643030272331314,0.027926449897023496,7.009107835151586,0.996580644633909,0.9983643007201655,0.9988326943670146,0.05574975328849809,0.00807521475429657,0.10953328508624582,0.07852658189246475,0.06770610122524466,0.04631889158892799,0.05364781060897496,0.023298948113668554,4.938295682820352,0.9968994465924975,0.998363483279246,0.9988449559808065,0.05125069940540704,0.008374532382741285,0.12157165061723815,0.07535422018058756,0.07015386932349124,-0.002967511910809893,0.05128596615222842,0.022273212098989754,7.009107827760026,0.9931465753312679,0.99840272044338,0.999046046446993,0.007592394948005676,0.05665233638137579,0.01771133951842785,ok,
759xd9YjKW5,f5f240dba39b4c19a1354c89c56d7a59,f5f240dba39b4c19a1354c89c56d7a59_i1_0,1,0,/mnt/priorbimda-data/PriorBIMDA-Datasets/Matterport3D/v1/scans/759xd9YjKW5/undistorted_color_images/f5f240dba39b4c19a1354c89c56d7a59_i1_0.jpg,/mnt/priorbimda-data/PriorBIMDA-Datasets/Matterport3D/v1/scans/759xd9YjKW5/undistorted_depth_images/f5f240dba39b4c19a1354c89c56d7a59_d1_0.png,1024,1280,406,504,1.4121168655554452,1278647,0.9755302429199219,-5.001850128173828,8.060689926147461,1.6047300100326538,True,204624,1.0,True,,1.0,204624,0.999723494052887,-0.00027654418193069695,0.9533268459330341,0.04752092464292053,log-depth Laplacian fallback,,,,0.1558068425831606,0.04208611893445083,0.22921039150730546,0.1724624476087757,0.18996428866795048,0.11902534568143318,0.1371328694530809,0.05955604849103209,14.805201131540144,0.6123128588265565,0.99418682404135,0.9988738095815343,0.155604745806027,0.04198898609541599,0.22886481927076843,0.17208377808338945,0.1897911377678704,0.11874880155737388,0.1369738321568445,0.05948697947085978,14.805201148214842,0.6123167692099539,0.9941938627314654,0.9988714633514958,0.155604745806027,0.04198898609541599,0.22886481927076843,0.17208377808338945,0.1897911377678704,0.11874880155737388,0.1369738321568445,0.05948697947085978,14.805201148214842,0.6123167692099539,0.9941938627314654,0.9988714633514958,0.17843813729455585,0.05085134403810232,0.24474592645779117,0.1932397355746525,0.21261178437802225,0.13088385381424741,0.1548203579409932,0.06723762714005962,16.75505525718651,0.614135879566448,0.9940218058619775,0.9987995122969827,0.1338394814308264,0.0312824093231413,0.2060889034296548,0.15173732555629316,0.16429487154343247,0.07122785106342347,0.12198551159782631,0.05297763455908107,14.805201129454387,0.6823822368487941,0.9950823018393662,0.9987721396132005,0.007741477340459824,0.05703319888561964,0.017712281085550785,ok,
759xd9YjKW5,f5f240dba39b4c19a1354c89c56d7a59,f5f240dba39b4c19a1354c89c56d7a59_i1_1,1,1,/mnt/priorbimda-data/PriorBIMDA-Datasets/Matterport3D/v1/scans/759xd9YjKW5/undistorted_color_images/f5f240dba39b4c19a1354c89c56d7a59_i1_1.jpg,/mnt/priorbimda-data/PriorBIMDA-Datasets/Matterport3D/v1/scans/759xd9YjKW5/undistorted_depth_images/f5f240dba39b4c19a1354c89c56d7a59_d1_1.png,1024,1280,406,504,1.4121168655554452,313542,0.23921356201171876,-5.004389762878418,8.06309986114502,1.6046700477600098,True,204624,1.0,True,,1.0,204624,0.8536763191223145,-0.15820317446000173,0.6808709039344545,0.2261793847211663,log-depth Laplacian fallback,,,,0.4294790771159568,0.10135287070507233,0.22975195045942742,0.22349518274725752,0.3622619615538629,0.3546616111619303,0.3546616111619303,0.15402758067054304,7.381646399602339,0.11534020960509278,0.9903553590906481,1.0,0.22031243659636043,0.02915575145594968,0.12324051823118741,0.11473897587693288,0.20986850090440826,0.19645843650237899,0.19645843650237899,0.0853208148963236,7.381646428070322,0.4591474188465979,1.0,1.0,0.22031243659636043,0.02915575145594968,0.12324051823118741,0.11473897587693288,0.20986850090440826,0.19645843650237899,0.19645843650237899,0.0853208148963236,7.381646428070322,0.4591474188465979,1.0,1.0,0.2486339368947061,0.037944260805669074,0.1406598586834491,0.12953543577612528,0.23545491272109234,0.21828304570493273,0.21828304570493273,0.09479912224268759,8.826963171031965,0.24695575074471682,1.0,1.0,0.04834273773371182,0.002795442860913606,0.037854585881661705,0.024905232488818183,0.07957516117232284,-0.02972096747485532,0.05103164413716858,0.02216276145122274,7.381646407109832,1.0,1.0,1.0,0.007381090894341469,0.05927986744791269,0.0177213866263628,ok,
759xd9YjKW5,f5f240dba39b4c19a1354c89c56d7a59,f5f240dba39b4c19a1354c89c56d7a59_i1_2,1,2,/mnt/priorbimda-data/PriorBIMDA-Datasets/Matterport3D/v1/scans/759xd9YjKW5/undistorted_color_images/f5f240dba39b4c19a1354c89c56d7a59_i1_2.jpg,/mnt/priorbimda-data/PriorBIMDA-Datasets/Matterport3D/v1/scans/759xd9YjKW5/undistorted_depth_images/f5f240dba39b4c19a1354c89c56d7a59_d1_2.png,1024,1280,406,504,1.4121168655554452,1198859,0.9146568298339843,-5.003570079803467,8.066499710083008,1.6046199798583984,True,204624,1.0,True,,1.0,204624,0.8756293058395386,-0.1328124444559457,1.026741410412265,0.1592025524729654,log-depth Laplacian fallback,,,,0.0570761271905921,0.007916060701768295,0.0949773643179632,0.06302823109060261,0.08666903236654727,-0.01218586648450746,0.05602782371021594,0.024332574670394957,8.580807554872314,0.9859541447326166,0.994841762042075,0.9992301012879746,0.14032572164075652,0.0328186174792809,0.22273401972942602,0.19141653323550803,0.16848601137179559,-0.14499831098029536,0.152381675862565,0.06617852097028196,8.580807561551762,0.918329011168119,0.99529802920944,0.9999316016312176,0.14032572164075652,0.0328186174792809,0.22273401972942602,0.19141653323550803,0.16848601137179559,-0.14499831098029536,0.152381675862565,0.06617852097028196,8.580807561551762,0.918329011168119,0.99529802920944,0.9999316016312176,0.14469343266430998,0.035666176320259285,0.23660914815496883,0.2003293380421704,0.17321507214515666,-0.1473725126438225,0.15754108222219304,0.06841922268216488,9.102089724507339,0.9021811572503522,0.9955774615697092,0.9999507865395346,0.05075881266607731,0.007415587105053984,0.08465634710058724,0.04893664550233121,0.08697577604990134,0.01420421724331754,0.048320788540045276,0.020985451824155555,8.58080755639423,0.985508721209083,0.9944580638757352,0.9982391590670796,0.007651481777429581,0.0590816056355834,0.01769580878317356,ok,
759xd9YjKW5,f5f240dba39b4c19a1354c89c56d7a59,f5f240dba39b4c19a1354c89c56d7a59_i1_3,1,3,/mnt/priorbimda-data/PriorBIMDA-Datasets/Matterport3D/v1/scans/759xd9YjKW5/undistorted_color_images/f5f240dba39b4c19a1354c89c56d7a59_i1_3.jpg,/mnt/priorbimda-data/PriorBIMDA-Datasets/Matterport3D/v1/scans/759xd9YjKW5/undistorted_depth_images/f5f240dba39b4c19a1354c89c56d7a59_d1_3.png,1024,1280,406,504,1.4121168655554452,1218329,0.9295112609863281,-5.000219821929932,8.067500114440918,1.604640007019043,True,204624,1.0,True,,1.0,204624,0.9843763113021851,-0.01574702485252098,1.003280270007311,0.0190219265107243,log-depth Laplacian fallback,,,,0.059548155502912786,0.049585135248058736,0.2509793921581107,0.09747268961338242,0.13834391371839433,0.022055366766583838,0.04984118805956667,0.021645752945772045,13.65745190718752,0.9239581426691805,0.9904656295631147,0.9917616670045611,0.06593673393978586,0.04836200925666262,0.2554979982927201,0.12743701398803223,0.1367201318076295,0.0063083419474675015,0.0572110362309676,0.024846437339076242,13.657451908525765,0.9240254479701295,0.9905550963655958,0.991821585138333,0.06593673393978586,0.04836200925666262,0.2554979982927201,0.12743701398803223,0.1367201318076295,0.0063083419474675015,0.0572110362309676,0.024846437339076242,13.657451908525765,0.9240254479701295,0.9905550963655958,0.991821585138333,0.06172230638183787,0.047351569237972846,0.2520522661381666,0.11729320547674923,0.13477193702886137,0.008831845904484596,0.052930196214035045,0.022987292141811812,13.448224235351972,0.9244202510159407,0.9904869702682937,0.9918100939893904,0.059332100973717085,0.050046232282047326,0.25139987234413214,0.09528420019467625,0.13890364421680707,0.025330280419267444,0.049430679072498936,0.02146747115791684,13.657451911169446,0.9240837245111952,0.9904475720433479,0.9917526382446777,0.00853547640144825,0.058284806087613106,0.017715669237077236,ok,
759xd9YjKW5,f5f240dba39b4c19a1354c89c56d7a59,f5f240dba39b4c19a1354c89c56d7a59_i1_4,1,4,/mnt/priorbimda-data/PriorBIMDA-Datasets/Matterport3D/v1/scans/759xd9YjKW5/undistorted_color_images/f5f240dba39b4c19a1354c89c56d7a59_i1_4.jpg,/mnt/priorbimda-data/PriorBIMDA-Datasets/Matterport3D/v1/scans/759xd9YjKW5/undistorted_depth_images/f5f240dba39b4c19a1354c89c56d7a59_d1_4.png,1024,1280,406,504,1.4121168655554452,1247237,0.9515663146972656,-4.997680187225342,8.06509017944336,1.604699969291687,True,204624,1.0,True,,1.0,204624,0.9593455791473389,-0.04150391536362044,0.974640545384814,0.01581736800313146,log-depth Laplacian fallback,,,,0.04169483298521384,0.014656259581393922,0.22413389165554806,0.14315113615798125,0.06387492060749102,0.022862141046506166,0.04068350494929037,0.017668621703960444,5.964333985771537,0.9857428860753811,0.998287414501013,0.9997145690835022,0.03433678655811854,0.01158009199462728,0.195974698714825,0.10991858534374385,0.062488748814449685,-0.018641774337938812,0.034692419298232594,0.0150667262650963,5.9643339761693035,0.9888561676730244,0.9987331998649815,0.9996841017384828,0.03433678655811854,0.01158009199462728,0.195974698714825,0.10991858534374385,0.062488748814449685,-0.018641774337938812,0.034692419298232594,0.0150667262650963,5.9643339761693035,0.9888561676730244,0.9987331998649815,0.9996841017384828,0.045657985899006305,0.014262551311721968,0.21816441118749044,0.14935124472933342,0.06939824448147061,-0.021190856876020767,0.04615263143036928,0.02004383315552396,6.608376443552509,0.9833095073350133,0.99867306694718,0.9996808946495334,0.029260595394083985,0.0112379042112617,0.19230342690122076,0.09351712671463845,0.05971017706215764,-0.0028244033938937857,0.029124847570567314,0.012648760586170716,5.964333986509121,0.9875829533601072,0.9985030912328611,0.9996969300942804,0.009082004427909851,0.058253202587366104,0.017804613336920738,ok,
759xd9YjKW5,f5f240dba39b4c19a1354c89c56d7a59,f5f240dba39b4c19a1354c89c56d7a59_i1_5,1,5,/mnt/priorbimda-data/PriorBIMDA-Datasets/Matterport3D/v1/scans/759xd9YjKW5/undistorted_color_images/f5f240dba39b4c19a1354c89c56d7a59_i1_5.jpg,/mnt/priorbimda-data/PriorBIMDA-Datasets/Matterport3D/v1/scans/759xd9YjKW5/undistorted_depth_images/f5f240dba39b4c19a1354c89c56d7a59_d1_5.png,1024,1280,406,504,1.4121168655554452,1265896,0.965802001953125,-4.998489856719971,8.061690330505371,1.604740023612976,True,204624,1.0,True,,1.0,204624,1.0691827535629272,0.06689457492706319,1.0380701207508178,0.02953123875517162,log-depth Laplacian fallback,,,,0.08281786267911301,0.08845334580209073,0.5083966863508025,0.1795574878348188,0.20484010147653192,-0.05057941803647377,0.08701728690990244,0.03779112753516279,19.849732906013504,0.9586372024242118,0.9620529648565127,0.9645018232145453,0.08787163717242616,0.0906861257105388,0.49328583734817827,0.15982456429538935,0.199166698955076,0.01631515692072604,0.08671895306156271,0.0376615627910638,19.84973290180852,0.9592770654145364,0.9617717411224935,0.963369818689687,0.08787163717242616,0.0906861257105388,0.49328583734817827,0.15982456429538935,0.199166698955076,0.01631515692072604,0.08671895306156271,0.0376615627910638,19.84973290180852,0.9592770654145364,0.9617717411224935,0.963369818689687,0.0868534004931599,0.08222700676521373,0.4787332503425197,0.15953988278988954,0.19155829553394044,0.026109072245939183,0.08633921443949576,0.03749664440293458,18.977064297283917,0.9592272982930667,0.9619850287859351,0.9642640469675234,0.07721422479617919,0.08802626630161195,0.49712665483165147,0.1572872529076208,0.19893681263716337,-0.01321611856354058,0.07846649351679659,0.034077565148642054,19.849732903076625,0.9592328279732301,0.9618807548171414,0.9638730195845472,0.008211311884224415,0.059278189204633236,0.01772419363260269,ok,
759xd9YjKW5,f5f240dba39b4c19a1354c89c56d7a59,f5f240dba39b4c19a1354c89c56d7a59_i2_0,2,0,/mnt/priorbimda-data/PriorBIMDA-Datasets/Matterport3D/v1/scans/759xd9YjKW5/undistorted_color_images/f5f240dba39b4c19a1354c89c56d7a59_i2_0.jpg,/mnt/priorbimda-data/PriorBIMDA-Datasets/Matterport3D/v1/scans/759xd9YjKW5/undistorted_depth_images/f5f240dba39b4c19a1354c89c56d7a59_d2_0.png,1024,1280,406,504,1.4165615917841592,1223065,0.9331245422363281,-5.004720211029053,8.050490379333496,1.6381299495697021,True,204624,1.0,True,,1.0,204624,0.9742151498794556,-0.026123106632833588,1.0465300464575809,0.07160308050306868,log-depth Laplacian fallback,,,,0.06632578649348222,0.011171282119713404,0.1405934647063096,0.09207860978913172,0.08986068922944374,-0.04558026708891845,0.06810551125163247,0.0295778477237838,7.744277061736312,0.9826722210185068,0.9971857587290945,1.0,0.0817779558884851,0.013137764549342682,0.14359975787166193,0.10858132086988867,0.105540307512742,-0.07170337362132498,0.08548086606465553,0.03712386844019083,7.744277061937302,0.9793281632619689,0.9987089811252877,1.0,0.0817779558884851,0.013137764549342682,0.14359975787166193,0.10858132086988867,0.105540307512742,-0.07170337362132498,0.08548086606465553,0.03712386844019083,7.744277061937302,0.9793281632619689,0.9987089811252877,1.0,0.07465637966252074,0.013102714278481573,0.15504383594541046,0.11710552368205174,0.0925616899513753,-0.06837295470678893,0.07749360758412249,0.03365504615656041,6.239235138474844,0.9702068164815443,0.9991537653354482,1.0,0.05621198934069612,0.013454321839865392,0.17869692839299833,0.10435139654781296,0.07744283562705181,-0.00010032964129275248,0.05530277555354454,0.024017690256838423,7.744277063691383,0.9865060319770412,0.9957753676215083,1.0,0.00857026968151331,0.058980164118111134,0.017712011002004147,ok,
759xd9YjKW5,f5f240dba39b4c19a1354c89c56d7a59,f5f240dba39b4c19a1354c89c56d7a59_i2_1,2,1,/mnt/priorbimda-data/PriorBIMDA-Datasets/Matterport3D/v1/scans/759xd9YjKW5/undistorted_color_images/f5f240dba39b4c19a1354c89c56d7a59_i2_1.jpg,/mnt/priorbimda-data/PriorBIMDA-Datasets/Matterport3D/v1/scans/759xd9YjKW5/undistorted_depth_images/f5f240dba39b4c19a1354c89c56d7a59_d2_1.png,1024,1280,406,504,1.4165615917841592,914823,0.6979545593261719,-5.015270233154297,8.060500144958496,1.637869954109192,True,204624,1.0,True,,1.0,204624,1.2336299419403076,0.2099609955332656,1.11548993600825,0.10066728263936296,log-depth Laplacian fallback,,,,0.11344343566306281,0.011964120846161165,0.09903187050870367,0.08906080929659381,0.13356323455319583,-0.10875804474528453,0.12114675728759107,0.05261336819047338,7.752951262257938,0.9858070905519428,0.9993157146245777,1.0,0.11129420543243505,0.020129992678190798,0.14531656040617194,0.10060877224173057,0.1274867152759431,0.10120295072081158,0.10263969159394748,0.044575851683503004,7.752951268549527,0.9335948046780634,0.9985581910380478,0.9998753857303544,0.11129420543243505,0.020129992678190798,0.14531656040617194,0.10060877224173057,0.1274867152759431,0.10120295072081158,0.10263969159394748,0.044575851683503004,7.752951268549527,0.9335948046780634,0.9985581910380478,0.9998753857303544,0.14786374211426634,0.02445339636358609,0.14879778770276902,0.12242721179550808,0.15360099231842847,0.13420680020268172,0.13535814850611438,0.05878529697684632,7.4711442367039,0.9066420498828736,0.9992053107541021,0.9999989068923715,0.059106003718880876,0.006723718527478719,0.08465853323742181,0.05347867500761906,0.07753136325183634,0.0005356893788679195,0.05825183299462521,0.025298449630315502,7.752951260376635,0.984259250150029,0.9992785489652096,1.0,0.007573881186544895,0.05725697334855795,0.017719347961246967,ok,
759xd9YjKW5,f5f240dba39b4c19a1354c89c56d7a59,f5f240dba39b4c19a1354c89c56d7a59_i2_2,2,2,/mnt/priorbimda-data/PriorBIMDA-Datasets/Matterport3D/v1/scans/759xd9YjKW5/undistorted_color_images/f5f240dba39b4c19a1354c89c56d7a59_i2_2.jpg,/mnt/priorbimda-data/PriorBIMDA-Datasets/Matterport3D/v1/scans/759xd9YjKW5/undistorted_depth_images/f5f240dba39b4c19a1354c89c56d7a59_d2_2.png,1024,1280,406,504,1.4165615917841592,1150570,0.8778152465820312,-5.011879920959473,8.074649810791016,1.6376700401306152,True,204624,1.0,True,,1.0,204624,0.9442417621612549,-0.05737304164128345,1.0378921425544978,0.094564912079041,log-depth Laplacian fallback,,,,0.05440733172314811,0.009304700508894178,0.12408096673632704,0.08570721975020999,0.07430111649676992,-0.03354857499855466,0.05517993930350602,0.02396434315126902,6.629592014772047,0.9938543504523845,0.9977028777040945,0.9990769792363785,0.09276771671237277,0.019168128425043583,0.18465882679097848,0.14395061402634093,0.11252506120706092,-0.09092161665038245,0.09758976682589833,0.04238269722271266,6.629592012585467,0.9946939343108199,0.9980957264660125,0.9991439025874131,0.09276771671237277,0.019168128425043583,0.18465882679097848,0.14395061402634093,0.11252506120706092,-0.09092161665038245,0.09758976682589833,0.04238269722271266,6.629592012585467,0.9946939343108199,0.9980957264660125,0.9991439025874131,0.09794883214626655,0.020847032610312646,0.18788868357020613,0.14991846883947735,0.12067180963455944,-0.09237520502979205,0.10334163938625625,0.04488070373628685,7.764346164477234,0.9938899849639744,0.997721998661533,0.9990952310593879,0.04879171171749703,0.007045044418268747,0.09764490819046907,0.06655727011461168,0.06639595133680454,0.003643257516567946,0.047687362338217194,0.020710358320008664,6.629592015039303,0.9930816899449838,0.9975081915919936,0.9990378681870725,0.007770821452140808,0.058270787820219994,0.017727487720549107,ok,
759xd9YjKW5,f5f240dba39b4c19a1354c89c56d7a59,f5f240dba39b4c19a1354c89c56d7a59_i2_3,2,3,/mnt/priorbimda-data/PriorBIMDA-Datasets/Matterport3D/v1/scans/759xd9YjKW5/undistorted_color_images/f5f240dba39b4c19a1354c89c56d7a59_i2_3.jpg,/mnt/priorbimda-data/PriorBIMDA-Datasets/Matterport3D/v1/scans/759xd9YjKW5/undistorted_depth_images/f5f240dba39b4c19a1354c89c56d7a59_d2_3.png,1024,1280,406,504,1.4165615917841592,1167173,0.8904823303222656,-4.99793004989624,8.078780174255371,1.6377300024032593,True,204624,1.0,True,,1.0,204624,0.9923087358474731,-0.007720994465226764,1.0802848772584805,0.08494577605811687,log-depth Laplacian fallback,,,,0.12032398569509373,0.05250514964432715,0.2816530048709564,0.2082093347441811,0.15806114517278116,-0.047969417183300965,0.11938313507197078,0.05184743679406749,15.060631005514157,0.973291020268632,0.9916293471490516,0.9934636938997047,0.12203253299961749,0.05315240223739757,0.28458623651902026,0.2112107360712707,0.1605729820425084,-0.05569041168356247,0.12202708776414495,0.05299569085869196,15.060630998912048,0.9744827887553944,0.9916687586159035,0.9935348058942419,0.12203253299961749,0.05315240223739757,0.28458623651902026,0.2112107360712707,0.1605729820425084,-0.05569041168356247,0.12202708776414495,0.05299569085869196,15.060630998912048,0.9744827887553944,0.9916687586159035,0.9935348058942419,0.12024297506935838,0.05076863794356354,0.28195679432312476,0.21291794086890986,0.15678725742041347,-0.07246973771903055,0.12170746630545148,0.05285688102288351,13.903374124416676,0.9777402321678106,0.9918546779269226,0.9937695611533166,0.11726702665534437,0.05887946839910595,0.3035513555806846,0.207160826625495,0.1534214281471615,0.029255324304131566,0.10730444012425505,0.04660172622968187,15.060631000915842,0.8930955393930463,0.990741732373864,0.9929470609755366,0.011372511275112629,0.05768647696822882,0.01772353332489729,ok,
759xd9YjKW5,f5f240dba39b4c19a1354c89c56d7a59,f5f240dba39b4c19a1354c89c56d7a59_i2_4,2,4,/mnt/priorbimda-data/PriorBIMDA-Datasets/Matterport3D/v1/scans/759xd9YjKW5/undistorted_color_images/f5f240dba39b4c19a1354c89c56d7a59_i2_4.jpg,/mnt/priorbimda-data/PriorBIMDA-Datasets/Matterport3D/v1/scans/759xd9YjKW5/undistorted_depth_images/f5f240dba39b4c19a1354c89c56d7a59_d2_4.png,1024,1280,406,504,1.4165615917841592,1228115,0.9369773864746094,-4.987380027770996,8.068770408630371,1.6379799842834473,True,204624,1.0,True,,1.0,204624,1.0982850790023804,0.09374994418075512,1.1308472380393504,0.029217175784166854,log-depth Laplacian fallback,,,,0.1143975360400889,0.03640807121536019,0.308006175342718,0.27020086636637836,0.13660179472711126,-0.11779741733960253,0.12255824175584808,0.053226368106329566,6.916515590083893,0.9847750414252737,0.9927197371581652,0.9988022294329114,0.042843774096118156,0.010974606939119015,0.16936748840985547,0.09468475084494905,0.07322635979982291,-0.024047473152755135,0.04377665132656231,0.01901195810732867,6.916515599997329,0.984687101777928,0.9950965504044816,0.998905639944142,0.042843774096118156,0.010974606939119015,0.16936748840985547,0.09468475084494905,0.07322635979982291,-0.024047473152755135,0.04377665132656231,0.01901195810732867,6.916515599997329,0.984687101777928,0.9950965504044816,0.998905639944142,0.04670794194709449,0.013120627716328406,0.18403684146082258,0.1030669438573141,0.07944459044012654,-0.026181799833378257,0.04781651847461176,0.020766450117348772,7.500637511361523,0.9826172630413276,0.9953123282428763,0.998920296552033,0.03333902390036848,0.010553508681627343,0.16714918457635444,0.07581661331671698,0.06935808829664558,0.005169682829794603,0.033202666698397464,0.014419734931586875,6.9165155906746945,0.9826180772973215,0.9956217455205743,0.9989479812558271,0.008508744649589062,0.058474961668252945,0.01771972980350256,ok,
759xd9YjKW5,f5f240dba39b4c19a1354c89c56d7a59,f5f240dba39b4c19a1354c89c56d7a59_i2_5,2,5,/mnt/priorbimda-data/PriorBIMDA-Datasets/Matterport3D/v1/scans/759xd9YjKW5/undistorted_color_images/f5f240dba39b4c19a1354c89c56d7a59_i2_5.jpg,/mnt/priorbimda-data/PriorBIMDA-Datasets/Matterport3D/v1/scans/759xd9YjKW5/undistorted_depth_images/f5f240dba39b4c19a1354c89c56d7a59_d2_5.png,1024,1280,406,504,1.4165615917841592,1222611,0.9327781677246094,-4.990769863128662,8.054619789123535,1.6381800174713135,True,204624,1.0,True,,1.0,204624,1.0172367095947266,0.017089842780867504,1.0000555848168975,0.017034259508748702,log-depth Laplacian fallback,,,,0.039503583438357436,0.03025784788051492,0.3050172234349469,0.09107119160235436,0.12081771966057889,-0.004166690930450214,0.04150308526221784,0.0180245609113414,12.074584908257648,0.9681223218178145,0.9808041969195435,0.9886856898882801,0.04581912632665152,0.03140325086684844,0.3072196206041773,0.10143461776488519,0.12143544760611381,0.012923151832413236,0.047103630118426026,0.02045684663804423,12.074584912953988,0.9669167053134644,0.9811092816930324,0.989215703114073,0.04581912632665152,0.03140325086684844,0.3072196206041773,0.10143461776488519,0.12143544760611381,0.012923151832413236,0.047103630118426026,0.02045684663804423,12.074584912953988,0.9669167053134644,0.9811092816930324,0.989215703114073,0.049167153524321085,0.03005063691411267,0.30324730901232777,0.10589404372587954,0.12014803839738952,0.01399874059035422,0.0507072397739764,0.022021874426383054,11.93297380899856,0.9682425562995917,0.981570589500667,0.9895216058092067,0.0395057144517438,0.030259873365905382,0.3050192580341155,0.09107643392693048,0.12081581664595213,-0.004111140949898667,0.041503021792271104,0.018024533346693752,12.07458490877363,0.9681182322095908,0.980805832762833,0.9886897794965038,0.008450107648968697,0.059200577437877655,0.017701296135783195,ok,
759xd9YjKW5,fc30206582bb494190095c4439e2da29,fc30206582bb494190095c4439e2da29_i0_0,0,0,/mnt/priorbimda-data/PriorBIMDA-Datasets/Matterport3D/v1/scans/759xd9YjKW5/undistorted_color_images/fc30206582bb494190095c4439e2da29_i0_0.jpg,/mnt/priorbimda-data/PriorBIMDA-Datasets/Matterport3D/v1/scans/759xd9YjKW5/undistorted_depth_images/fc30206582bb494190095c4439e2da29_d0_0.png,1024,1280,406,504,1.4155678118069965,1239653,0.9457801818847656,-12.115400314331055,-10.280400276184082,1.5695699453353882,True,204624,1.0,True,,1.0,204624,0.997546374797821,-0.0024566402734082504,1.05738877812863,0.05825909233404562,log-depth Laplacian fallback,,,,0.10965725651141853,0.021153295944115746,0.14942984765753947,0.12384072359043445,0.15837057373044097,-0.09845044011218138,0.12033528283369571,0.05226094931294117,12.405139848235015,0.7961727999690236,0.9988496780954025,0.9996555487705027,0.11009455270570745,0.021456411134509707,0.15021574555893397,0.12364365561484791,0.15990931287736238,-0.10090708037628998,0.12104249596233928,0.052568088072240525,12.40513985203034,0.7844057974287966,0.998857744868927,0.999693462606068,0.11009455270570745,0.021456411134509707,0.15021574555893397,0.12364365561484791,0.15990931287736238,-0.10090708037628998,0.12104249596233928,0.052568088072240525,12.40513985203034,0.7844057974287966,0.998857744868927,0.999693462606068,0.09588501658655982,0.016470615395414195,0.13344461822743925,0.10902535244173218,0.1351355043717094,-0.09541099545757602,0.10381617261040307,0.04508679089701358,9.56992501934613,0.9679684556888097,0.9988722650612711,0.9999709596153117,0.10823012107680809,0.01854693738037999,0.1559856401537389,0.14238161435724167,0.1311777419816246,-0.04264798388440275,0.11289814850480534,0.04903104291273077,12.405139846851142,0.9396024532671643,0.9987036694946085,0.9994022520818325,0.00939845573157072,0.05917864199727774,0.017712969332933426,ok,
759xd9YjKW5,fc30206582bb494190095c4439e2da29,fc30206582bb494190095c4439e2da29_i0_1,0,1,/mnt/priorbimda-data/PriorBIMDA-Datasets/Matterport3D/v1/scans/759xd9YjKW5/undistorted_color_images/fc30206582bb494190095c4439e2da29_i0_1.jpg,/mnt/priorbimda-data/PriorBIMDA-Datasets/Matterport3D/v1/scans/759xd9YjKW5/undistorted_depth_images/fc30206582bb494190095c4439e2da29_d0_1.png,1024,1280,406,504,1.4155678118069965,1200582,0.9159713745117187,-12.111200332641602,-10.266400337219238,1.5696099996566772,True,204624,1.0,True,,1.0,204624,0.9911889433860779,-0.00885010350536982,1.0495059244161828,0.05716960875720418,log-depth Laplacian fallback,,,,0.08883884954550679,0.024098690072738755,0.20449770159818378,0.11977724759041065,0.12341624008517894,-0.04531004618269345,0.0905811696878792,0.039338902159788025,11.479794437046648,0.9378151596475709,0.9953872371899629,0.9968473623625875,0.09229252171539934,0.024727225656150292,0.20776598678681008,0.123307839267812,0.12693261919899834,-0.05416014972514596,0.0948358950481059,0.041186705905748335,11.479794422579046,0.9349365557704513,0.9954522056802451,0.9968873429719919,0.09229252171539934,0.024727225656150292,0.20776598678681008,0.123307839267812,0.12693261919899834,-0.05416014972514596,0.0948358950481059,0.041186705905748335,11.479794422579046,0.9349365557704513,0.9954522056802451,0.9968873429719919,0.08478809302952908,0.019949233025156325,0.18594206674909688,0.11068924663773992,0.11364743777078898,-0.04846542054297076,0.08642454737669607,0.03753370402668529,10.279515126433903,0.9475137891455977,0.9955963024599735,0.9970914106658271,0.08213952026865085,0.023413883184814303,0.1944131066257163,0.11000928099189809,0.11483738514844555,0.003009482505336169,0.07984382887504628,0.03467573429446012,11.479794441880262,0.9541663959646238,0.995096544842418,0.9965608346618556,0.00817830115556717,0.05741998925805092,0.017690032720565796,ok,
759xd9YjKW5,fc30206582bb494190095c4439e2da29,fc30206582bb494190095c4439e2da29_i0_2,0,2,/mnt/priorbimda-data/PriorBIMDA-Datasets/Matterport3D/v1/scans/759xd9YjKW5/undistorted_color_images/fc30206582bb494190095c4439e2da29_i0_2.jpg,/mnt/priorbimda-data/PriorBIMDA-Datasets/Matterport3D/v1/scans/759xd9YjKW5/undistorted_depth_images/fc30206582bb494190095c4439e2da29_d0_2.png,1024,1280,406,504,1.4155678118069965,1203087,0.9178825378417969,-12.097100257873535,-10.262999534606934,1.5698800086975098,True,204624,1.0,True,,1.0,204624,1.0021079778671265,0.0021057591991705178,1.0202174425980735,0.01791002439531028,log-depth Laplacian fallback,,,,0.11050316825274088,0.07005688191674769,0.5405779987779323,0.31880586128583044,0.15305811878426678,-0.06046408994161315,0.1158293689758728,0.050304055788557255,14.060896683110661,0.8788441733640211,0.9971573128127891,0.9978871020965233,0.11044883296562558,0.06927774050167226,0.5366992438514177,0.316861576688709,0.15223855067307313,-0.05835833078213062,0.11554240372225956,0.05017942836241508,14.060896678150112,0.8862077306129981,0.9971140906684222,0.9978837773161875,0.11044883296562558,0.06927774050167226,0.5366992438514177,0.316861576688709,0.15223855067307313,-0.05835833078213062,0.11554240372225956,0.05017942836241508,14.060896678150112,0.8862077306129981,0.9971140906684222,0.9978837773161875,0.10406464514317322,0.06173067062214145,0.49745516389200506,0.2931976081949669,0.1430163670748792,-0.04768925309609924,0.10717548991604858,0.04654572386581753,13.483106611768958,0.9262555409542286,0.9966087240573624,0.9978555166833322,0.11133264425542093,0.06313752605405164,0.5039500146138628,0.3011189855280766,0.14631113745805438,-0.040448329808797874,0.11444364576533307,0.0497022438447746,14.060896685470809,0.9225633723911904,0.996623685568874,0.9978613350489199,0.008986290544271469,0.05930162500590086,0.017728464677929878,ok,
759xd9YjKW5,fc30206582bb494190095c4439e2da29,fc30206582bb494190095c4439e2da29_i0_3,0,3,/mnt/priorbimda-data/PriorBIMDA-Datasets/Matterport3D/v1/scans/759xd9YjKW5/undistorted_color_images/fc30206582bb494190095c4439e2da29_i0_3.jpg,/mnt/priorbimda-data/PriorBIMDA-Datasets/Matterport3D/v1/scans/759xd9YjKW5/undistorted_depth_images/fc30206582bb494190095c4439e2da29_d0_3.png,1024,1280,406,504,1.4155678118069965,1209312,0.9226318359375,-12.0871000289917,-10.273599624633789,1.5701199769973755,True,204624,1.0,True,,1.0,204624,1.148747205734253,0.13867196224454276,1.2731723964876882,0.10283977352500284,log-depth Laplacian fallback,,,,0.1969535945738208,0.04247969671118941,0.20642101973222252,0.19352082884211858,0.23141504568465418,-0.21459690594807174,0.2202946512068505,0.09567275141193672,8.660884092715387,0.3534960374163161,0.9981328226297267,0.9989183932682385,0.10127901574393919,0.01608837952895568,0.13556345549848212,0.10847814535428725,0.11517677021323422,-0.0759249437161539,0.10410909254158995,0.045214004406767504,8.66088408792718,0.9972968100870577,0.9978343057870922,0.9982924175068137,0.10127901574393919,0.01608837952895568,0.13556345549848212,0.10847814535428725,0.11517677021323422,-0.0759249437161539,0.10410909254158995,0.045214004406767504,8.66088408792718,0.9972968100870577,0.9978343057870922,0.9982924175068137,0.09005476632509465,0.013065242289943888,0.11287644935327686,0.08831447869122679,0.11461880914626607,-0.08033753090200439,0.09421679807682024,0.04091783550735595,8.175177391762002,0.9973927323966023,0.9978930168558652,0.9983999166468207,0.052144725182065234,0.01855673182426794,0.1676307061231375,0.07295306401549492,0.09069453477152495,0.02691481573137901,0.04766771430001588,0.020701825285437625,8.660884095500448,0.9575262628668202,0.9976077306766161,0.9981088420523405,0.008319552056491375,0.057239276356995106,0.01772367861121893,ok,
759xd9YjKW5,fc30206582bb494190095c4439e2da29,fc30206582bb494190095c4439e2da29_i0_4,0,4,/mnt/priorbimda-data/PriorBIMDA-Datasets/Matterport3D/v1/scans/759xd9YjKW5/undistorted_color_images/fc30206582bb494190095c4439e2da29_i0_4.jpg,/mnt/priorbimda-data/PriorBIMDA-Datasets/Matterport3D/v1/scans/759xd9YjKW5/undistorted_depth_images/fc30206582bb494190095c4439e2da29_d0_4.png,1024,1280,406,504,1.4155678118069965,1250184,0.953814697265625,-12.09119987487793,-10.287500381469727,1.570080041885376,True,204624,1.0,True,,1.0,204624,1.0738916397094727,0.07128909687126007,1.1309738872771522,0.05179001182390816,log-depth Laplacian fallback,,,,0.12689449981512926,0.027109761894494537,0.18857894478822798,0.16398556735280406,0.1682779429105871,-0.1363103856735274,0.1398713695280953,0.06074536396230239,9.867595871210488,0.7643874821626256,1.0,1.0,0.08461734047195132,0.014731972895151109,0.1437770051200227,0.11326216879119107,0.11817238598639429,-0.06502128874114114,0.09028751118956936,0.03921136789440809,9.867595867362276,0.9292728110422146,1.0,1.0,0.08461734047195132,0.014731972895151109,0.1437770051200227,0.11326216879119107,0.11817238598639429,-0.06502128874114114,0.09028751118956936,0.03921136789440809,9.867595867362276,0.9292728110422146,1.0,1.0,0.06779103157084952,0.009453246802436211,0.11367733662726873,0.08697483295455628,0.09301064682994661,-0.06411671731367273,0.07180208850521319,0.031183250826942992,6.737972235505009,0.9989585533009541,1.0,1.0,0.0811571346828956,0.01404658235384205,0.15579154291088684,0.12197038934109522,0.09955907991850114,-0.01323123470247361,0.08261288599034769,0.03587832051971043,9.867595868531785,0.9819994496810069,1.0,1.0,0.008050034753978252,0.057009258307516575,0.017699237912893295,ok,
759xd9YjKW5,fc30206582bb494190095c4439e2da29,fc30206582bb494190095c4439e2da29_i0_5,0,5,/mnt/priorbimda-data/PriorBIMDA-Datasets/Matterport3D/v1/scans/759xd9YjKW5/undistorted_color_images/fc30206582bb494190095c4439e2da29_i0_5.jpg,/mnt/priorbimda-data/PriorBIMDA-Datasets/Matterport3D/v1/scans/759xd9YjKW5/undistorted_depth_images/fc30206582bb494190095c4439e2da29_d0_5.png,1024,1280,406,504,1.4155678118069965,1251670,0.9549484252929688,-12.105400085449219,-10.290900230407715,1.5698100328445435,True,204624,1.0,True,,1.0,204624,1.1420358419418335,0.13281249597934502,1.158953603122316,0.014705035758438317,log-depth Laplacian fallback,,,,0.14182503942514585,0.028533926361452806,0.2055993948739467,0.19949493237308888,0.16078349254810928,-0.15400793372058358,0.15400793372058358,0.0668847957841711,4.618319853674326,0.9046873377168103,1.0,1.0,0.038774827331442864,0.002840621526715441,0.0614936459403699,0.051069904432551085,0.05081470674199828,-0.02119543774351451,0.0396711718479566,0.01722897102420319,4.618319867804834,1.0,1.0,1.0,0.038774827331442864,0.002840621526715441,0.0614936459403699,0.051069904432551085,0.05081470674199828,-0.02119543774351451,0.0396711718479566,0.01722897102420319,4.618319867804834,1.0,1.0,1.0,0.031540788406105656,0.0025759925085250186,0.06824068767921995,0.04824024404309653,0.04142160950936616,-0.02461090780652358,0.03229931131773556,0.0140274126745678,3.3317457155149306,1.0,1.0,1.0,0.03697158583955327,0.0028290454191820607,0.06634641707495464,0.05255580814601494,0.046637042861003696,-0.006490449980862503,0.03731645366040131,0.016206329908910695,4.618319852354336,1.0,1.0,1.0,0.007861537858843803,0.056789581663906574,0.017789781093597412,ok,
759xd9YjKW5,fc30206582bb494190095c4439e2da29,fc30206582bb494190095c4439e2da29_i1_0,1,0,/mnt/priorbimda-data/PriorBIMDA-Datasets/Matterport3D/v1/scans/759xd9YjKW5/undistorted_color_images/fc30206582bb494190095c4439e2da29_i1_0.jpg,/mnt/priorbimda-data/PriorBIMDA-Datasets/Matterport3D/v1/scans/759xd9YjKW5/undistorted_depth_images/fc30206582bb494190095c4439e2da29_d1_0.png,1024,1280,406,504,1.4121168655554452,1172314,0.8944046020507812,-12.105299949645996,-10.277700424194336,1.6030199527740479,True,204624,1.0,True,,1.0,204624,0.9060752987861633,-0.09863286514969985,1.04067989943599,0.1385071141595765,log-depth Laplacian fallback,,,,0.0597296654310489,0.009599183468331496,0.12433336854275283,0.10057843482333871,0.08385402464691814,-0.0563244813165646,0.06294909588058309,0.027338444981735956,6.212125444568808,0.9977130700477859,1.0,1.0,0.1422783790932599,0.039853215609967095,0.27001630094410517,0.2641626997564988,0.1669455882045553,-0.15495734628193203,0.1553123763656374,0.06745130802687735,6.212125444826717,0.7733798282712652,1.0,1.0,0.1422783790932599,0.039853215609967095,0.27001630094410517,0.2641626997564988,0.1669455882045553,-0.15495734628193203,0.1553123763656374,0.06745130802687735,6.212125444826717,0.7733798282712652,1.0,1.0,0.12927999445236033,0.03281478997106787,0.25262229968693456,0.24810807340559063,0.14385902608728734,-0.13870751374475634,0.1390832417608917,0.060403084421971176,3.8152916238880805,0.9916942047949611,1.0,1.0,0.051098010353752055,0.006493038727140685,0.1074972405441133,0.092005212204858,0.06426242589193933,-0.016450201346699354,0.05217684633489045,0.022660116446356814,6.212125447196028,0.9990301233287328,1.0,1.0,0.008021311834454536,0.05790226813405752,0.017693080939352512,ok,
759xd9YjKW5,fc30206582bb494190095c4439e2da29,fc30206582bb494190095c4439e2da29_i1_1,1,1,/mnt/priorbimda-data/PriorBIMDA-Datasets/Matterport3D/v1/scans/759xd9YjKW5/undistorted_color_images/fc30206582bb494190095c4439e2da29_i1_1.jpg,/mnt/priorbimda-data/PriorBIMDA-Datasets/Matterport3D/v1/scans/759xd9YjKW5/undistorted_depth_images/fc30206582bb494190095c4439e2da29_d1_1.png,1024,1280,406,504,1.4121168655554452,1303922,0.9948135375976562,-12.104299545288086,-10.274299621582031,1.6030299663543701,True,204624,1.0,True,,1.0,204624,1.0298559665679932,0.029418954179758258,1.2950304422220467,0.22911524820281765,log-depth Laplacian fallback,,,,0.24923723942130843,0.0816388949537711,0.32765221107704057,0.295059374720785,0.29015880717798914,-0.242734575648444,0.2807886592698115,0.12194496530189154,15.897188168894305,0.18334608972009062,0.990370589651835,0.9983396246094475,0.23147816037478416,0.07258075034091654,0.30847009924024127,0.27538416611324396,0.26603686503773954,-0.21331562150634678,0.255957261740939,0.11116082637715607,15.897188172903236,0.41996683850721134,0.9902524844277495,0.9983158501812225,0.23147816037478416,0.07258075034091654,0.30847009924024127,0.27538416611324396,0.26603686503773954,-0.21331562150634678,0.255957261740939,0.11116082637715607,15.897188172903236,0.41996683850721134,0.9902524844277495,0.9983158501812225,0.2122914236720512,0.06325208981063297,0.28911526714847396,0.25518272078964427,0.24728730802411006,-0.20007202932804466,0.23446778548239214,0.10182806541907831,14.533477144293144,0.4095244960971592,0.9903935971630204,0.9983112486789854,0.10295395093840257,0.050262133026498367,0.24342800566657383,0.12776515715970754,0.15975508807472305,0.01579965180017474,0.09098896530650855,0.039516005546703106,15.897188169219035,0.9218358153325122,0.935770697940521,0.9902379130039987,0.008796000853180885,0.059181359596550465,0.01775976922363043,ok,
759xd9YjKW5,fc30206582bb494190095c4439e2da29,fc30206582bb494190095c4439e2da29_i1_2,1,2,/mnt/priorbimda-data/PriorBIMDA-Datasets/Matterport3D/v1/scans/759xd9YjKW5/undistorted_color_images/fc30206582bb494190095c4439e2da29_i1_2.jpg,/mnt/priorbimda-data/PriorBIMDA-Datasets/Matterport3D/v1/scans/759xd9YjKW5/undistorted_depth_images/fc30206582bb494190095c4439e2da29_d1_2.png,1024,1280,406,504,1.4121168655554452,1120794,0.8550979614257812,-12.100899696350098,-10.273500442504883,1.6030999422073364,True,204624,1.0,True,,1.0,204624,0.9807779788970947,-0.019409166237098655,0.996840183670693,0.016244347146857425,log-depth Laplacian fallback,,,,0.1813227963925617,0.29484282530910544,0.7164872189250876,0.4160966488113859,0.26261223487286217,0.09829001854071182,0.13326828215264205,0.05787767955161812,24.352465616480366,0.8590838280718848,0.8796915401046044,0.9716433171483787,0.17913473007551436,0.27846103671372135,0.7109499695885418,0.44159168692914297,0.25598134116038407,0.07888085226823392,0.13457205583965542,0.05844390126953863,24.35246561802439,0.8644684036495556,0.8805632435576921,0.977544490780643,0.17913473007551436,0.27846103671372135,0.7109499695885418,0.44159168692914297,0.25598134116038407,0.07888085226823392,0.13457205583965542,0.05844390126953863,24.35246561802439,0.8644684036495556,0.8805632435576921,0.977544490780643,0.17843585008015234,0.2811213961382587,0.7103213769090551,0.433004493225367,0.25709114648879583,0.08225023705478657,0.1332029375330471,0.05784930074390594,24.35790551491546,0.86399463237669,0.8804624221757076,0.9770091560090436,0.1806713606448537,0.29186274380995725,0.7144535628903117,0.4185899544087928,0.26144418300297123,0.09512519472311418,0.13318962593033296,0.05784351958830186,24.35246561541166,0.8611270224501558,0.8798084215297369,0.9730155586129119,0.007493934594094753,0.05914353206753731,0.0176994688808918,ok,
759xd9YjKW5,fc30206582bb494190095c4439e2da29,fc30206582bb494190095c4439e2da29_i1_3,1,3,/mnt/priorbimda-data/PriorBIMDA-Datasets/Matterport3D/v1/scans/759xd9YjKW5/undistorted_color_images/fc30206582bb494190095c4439e2da29_i1_3.jpg,/mnt/priorbimda-data/PriorBIMDA-Datasets/Matterport3D/v1/scans/759xd9YjKW5/undistorted_depth_images/fc30206582bb494190095c4439e2da29_d1_3.png,1024,1280,406,504,1.4121168655554452,1199070,0.9148178100585938,-12.09850025177002,-10.276100158691406,1.6031500101089478,True,180982,0.8844612557666744,True,,1.0,180982,0.8528431057929993,-0.15917968065543134,0.8340093511305475,0.022330983644069657,log-depth Laplacian fallback,,,,0.24123081724140458,0.17373148751750836,0.46707601232282564,0.2787264607514121,0.24727981115105693,0.17363929188410102,0.20308759573646118,0.0881998221713435,17.60588007368287,0.6271485401185919,0.9881699984154386,0.9888580316411886,0.09642281457123869,0.12182099425646448,0.5357369572563042,0.19995578593146057,0.17665158274908022,0.014459611200782433,0.08466143502399935,0.03676799406093362,17.605880077882315,0.9168897562277432,0.9882300449515041,0.9896411385490421,0.09642281457123869,0.12182099425646448,0.5357369572563042,0.19995578593146057,0.17665158274908022,0.014459611200782433,0.08466143502399935,0.03676799406093362,17.605880077882315,0.9168897562277432,0.9882300449515041,0.9896411385490421,0.09432449221331124,0.11562433993015421,0.4878298604435612,0.18549236943816277,0.17511432380803643,0.006828867187410361,0.08044440610850237,0.03493656167290683,17.498112176941415,0.9166937710058629,0.9883534739423053,0.9897312083531403,0.08626566493512375,0.12075202428320617,0.5529702708476895,0.19839112112677157,0.17623467266525913,-0.007871374558789768,0.07651144610938203,0.03322849884774262,17.605880072290127,0.9169631464384899,0.9877038037812638,0.9898020966248843,0.008394495584070683,0.058265749365091324,0.017703440971672535,ok,
759xd9YjKW5,fc30206582bb494190095c4439e2da29,fc30206582bb494190095c4439e2da29_i1_4,1,4,/mnt/priorbimda-data/PriorBIMDA-Datasets/Matterport3D/v1/scans/759xd9YjKW5/undistorted_color_images/fc30206582bb494190095c4439e2da29_i1_4.jpg,/mnt/priorbimda-data/PriorBIMDA-Datasets/Matterport3D/v1/scans/759xd9YjKW5/undistorted_depth_images/fc30206582bb494190095c4439e2da29_d1_4.png,1024,1280,406,504,1.4121168655554452,1218508,0.9296478271484375,-12.099499702453613,-10.279399871826172,1.6031399965286255,True,180192,0.8806005160684963,True,,1.0,180192,0.9602829813957214,-0.04052726566986018,0.9903417354758599,0.030822057602265744,log-depth Laplacian fallback,,,,0.050363514177052066,0.04858916800084686,0.3685441486525597,0.1589931767746541,0.10338933137813536,0.017516932723240633,0.045364342922688615,0.019701483806490498,10.189460687782915,0.970339956733973,0.9854083846802811,0.9918334553404655,0.05762522178324675,0.046514889225911855,0.3776954833328364,0.1839931834481195,0.10446045342870962,-0.023010332904677418,0.05469381683964902,0.02375322284768673,10.189460687468955,0.9725992771487754,0.9864137125074272,0.9925252850206975,0.05762522178324675,0.046514889225911855,0.3776954833328364,0.1839931834481195,0.10446045342870962,-0.023010332904677418,0.05469381683964902,0.02375322284768673,10.189460687468955,0.9725992771487754,0.9864137125074272,0.9925252850206975,0.06679743287987905,0.05115839478821129,0.3915265922456158,0.20454428776798653,0.11114670918417188,-0.03146237176194561,0.06408788465935668,0.02783301466441067,10.66007041514455,0.9728364524484041,0.98612811733694,0.9925523673213471,0.04875474684877549,0.04709641701344849,0.3659456436688289,0.15430620494414002,0.1021936091677952,0.007811712024226214,0.04423471017633725,0.01921089053817289,10.189460687391966,0.9709710564066876,0.9856463806556871,0.9919828183319273,0.008179903961718082,0.05867170263081789,0.01769121829420328,ok,
759xd9YjKW5,fc30206582bb494190095c4439e2da29,fc30206582bb494190095c4439e2da29_i1_5,1,5,/mnt/priorbimda-data/PriorBIMDA-Datasets/Matterport3D/v1/scans/759xd9YjKW5/undistorted_color_images/fc30206582bb494190095c4439e2da29_i1_5.jpg,/mnt/priorbimda-data/PriorBIMDA-Datasets/Matterport3D/v1/scans/759xd9YjKW5/undistorted_depth_images/fc30206582bb494190095c4439e2da29_d1_5.png,1024,1280,406,504,1.4121168655554452,1247126,0.9514816284179688,-12.102899551391602,-10.280200004577637,1.6030800342559814,True,204624,1.0,True,,1.0,204624,1.0011144876480103,0.001113867067694737,1.013920864953429,0.012710992603586447,log-depth Laplacian fallback,,,,0.022397365063478013,0.004651658720137369,0.09907567266322445,0.0606368847184798,0.04146675537928759,-0.013474375551221036,0.02209950614729322,0.009597693572556442,3.921648894521707,0.9946789658783475,0.9983794740868204,0.9995277141203054,0.021807751520789904,0.004582527700422145,0.09799001946953567,0.058958817508337695,0.04111830715848923,-0.012360508437727201,0.0214852777007314,0.00933093754758663,3.9216489066982283,0.9946597216319762,0.9983786722432216,0.9995277141203054,0.021807751520789904,0.004582527700422145,0.09799001946953567,0.058958817508337695,0.04111830715848923,-0.012360508437727201,0.0214852777007314,0.00933093754758663,3.9216489066982283,0.9946597216319762,0.9983786722432216,0.9995277141203054,0.024890535018800383,0.005071504825079303,0.10584351010554129,0.0692658075808181,0.04295283048903073,-0.015676375328542623,0.02463604612406039,0.010699298887593425,3.9989960034714565,0.9946709474423595,0.9983786722432216,0.9995301196511018,0.018506253325406112,0.0043184939542181494,0.0938445671615642,0.05089025852166379,0.03921805540903788,0.0003505218680536472,0.017934589596153364,0.007788893296808876,3.921648893624188,0.9945033621302097,0.9983498058736647,0.999505262499539,0.008156291209161282,0.058962042443454266,0.017691816203296185,ok,
759xd9YjKW5,fc30206582bb494190095c4439e2da29,fc30206582bb494190095c4439e2da29_i2_0,2,0,/mnt/priorbimda-data/PriorBIMDA-Datasets/Matterport3D/v1/scans/759xd9YjKW5/undistorted_color_images/fc30206582bb494190095c4439e2da29_i2_0.jpg,/mnt/priorbimda-data/PriorBIMDA-Datasets/Matterport3D/v1/scans/759xd9YjKW5/undistorted_depth_images/fc30206582bb494190095c4439e2da29_d2_0.png,1024,1280,406,504,1.4165615917841592,1211119,0.9240104675292968,-12.116700172424316,-10.280099868774414,1.6360599994659424,True,204624,1.0,True,,1.0,204624,0.9967247843742371,-0.0032805908844236397,1.059497078553995,0.06107493222505018,log-depth Laplacian fallback,,,,0.05970279941171851,0.008260700786567956,0.11933197189184201,0.10751136303012765,0.07618077139707387,-0.05542886856550309,0.061803244238420645,0.02684080793646501,5.226041006537751,0.9768660222488459,0.9998191754897743,1.0,0.06259884682473783,0.008857009225928207,0.1241317851547231,0.11314832581603713,0.07859994330806791,-0.05870945935527904,0.06489990109458289,0.02818566892144416,5.226041016144371,0.9766909775174859,0.9997679831626785,1.0,0.06259884682473783,0.008857009225928207,0.1241317851547231,0.11314832581603713,0.07859994330806791,-0.05870945935527904,0.06489990109458289,0.02818566892144416,5.226041016144371,0.9766909775174859,0.9997679831626785,1.0,0.059649765283658764,0.008485191290325088,0.11943959670982837,0.10470818202961,0.07908515658150868,-0.0564381148683166,0.062079494665986876,0.026960781972780463,5.540037167413633,0.9789516967366543,0.9997473410953012,1.0,0.022991058139625944,0.0039034497469329025,0.07845847441855461,0.03850851227340564,0.05231391879656435,0.002365510051953493,0.022933579141572513,0.009959926871476453,5.226041008304121,0.9796196740369856,1.0,1.0,0.009917285293340683,0.058769251219928265,0.01770888827741146,ok,
759xd9YjKW5,fc30206582bb494190095c4439e2da29,fc30206582bb494190095c4439e2da29_i2_1,2,1,/mnt/priorbimda-data/PriorBIMDA-Datasets/Matterport3D/v1/scans/759xd9YjKW5/undistorted_color_images/fc30206582bb494190095c4439e2da29_i2_1.jpg,/mnt/priorbimda-data/PriorBIMDA-Datasets/Matterport3D/v1/scans/759xd9YjKW5/undistorted_depth_images/fc30206582bb494190095c4439e2da29_d2_1.png,1024,1280,406,504,1.4165615917841592,1225263,0.9348014831542969,-12.112600326538086,-10.266200065612793,1.6360900402069092,True,204624,1.0,True,,1.0,204624,1.030358910560608,0.029907198399513432,1.2501446061763903,0.1933520311648218,log-depth Laplacian fallback,,,,0.19314320945165422,0.06138611696491122,0.32416296707308867,0.3055077035867579,0.2181610552210793,-0.21367070070647248,0.21516073946059422,0.09344312186995933,4.40349596886368,0.49835586319018854,1.0,1.0,0.1692868995101013,0.04763159315578229,0.2859050752359721,0.26858021139155513,0.18896587651550592,-0.1837635024069258,0.18588315230992478,0.08072802732698206,4.403495963905514,0.9013885182201699,1.0,1.0,0.1692868995101013,0.04763159315578229,0.2859050752359721,0.26858021139155513,0.18896587651550592,-0.1837635024069258,0.18588315230992478,0.08072802732698206,4.403495963905514,0.9013885182201699,1.0,1.0,0.16417022876397472,0.04630161382120391,0.2821646911558628,0.26286468408698876,0.18575072655349067,-0.17807093530983453,0.18019538101774957,0.07825785964046263,5.285900503254283,0.8946054847000195,1.0,1.0,0.030100747739237776,0.0032233974110088964,0.06997115061628931,0.04048597740573204,0.04506681131851438,0.009588524641795045,0.029309151989468655,0.012728802978289953,4.403495972079758,0.9899441997350773,0.9995078607613223,1.0,0.007652892731130123,0.05812412779778242,0.017715084366500378,ok,
759xd9YjKW5,fc30206582bb494190095c4439e2da29,fc30206582bb494190095c4439e2da29_i2_2,2,2,/mnt/priorbimda-data/PriorBIMDA-Datasets/Matterport3D/v1/scans/759xd9YjKW5/undistorted_color_images/fc30206582bb494190095c4439e2da29_i2_2.jpg,/mnt/priorbimda-data/PriorBIMDA-Datasets/Matterport3D/v1/scans/759xd9YjKW5/undistorted_depth_images/fc30206582bb494190095c4439e2da29_d2_2.png,1024,1280,406,504,1.4165615917841592,1244971,0.9498374938964844,-12.098400115966797,-10.262800216674805,1.6363699436187744,True,204624,1.0,True,,1.0,204624,0.9430898427963257,-0.058593727507975306,1.1915887272237846,0.23388120911862686,log-depth Laplacian fallback,,,,0.159181238891405,0.05785741266415629,0.3556233948739573,0.33625787568496174,0.18087559984777882,-0.1643242432097827,0.17204681994797888,0.07471898453240959,7.5587867504156945,0.9058765224250204,0.9963605577961254,0.9979212367195702,0.20584835433724036,0.09300189874505749,0.4642262671998234,0.4436933868900312,0.23538467969331062,-0.22291797082713638,0.2294202633109923,0.09963595439275502,7.558786752273415,0.42172950213298144,0.9969003294052633,0.9981911225241391,0.20584835433724036,0.09300189874505749,0.4642262671998234,0.4436933868900312,0.23538467969331062,-0.22291797082713638,0.2294202633109923,0.09963595439275502,7.558786752273415,0.42172950213298144,0.9969003294052633,0.9981911225241391,0.1941548155558628,0.08110627877882315,0.42149377163664964,0.40447646258204867,0.22726505376388315,-0.20864875219945406,0.2157071675555532,0.09368043257635696,9.008386574693336,0.6742341789487466,0.9966593599368981,0.998012805117549,0.04355700993866022,0.0201103321142278,0.20209433468385063,0.10452929482681068,0.076378785695538,0.010963265387629971,0.040731041831075135,0.01768926670940646,7.558786752095416,0.9902712593305386,0.9944769797850713,0.9968111707019681,0.008141035214066505,0.05839190538972616,0.017683060839772224,ok,
759xd9YjKW5,fc30206582bb494190095c4439e2da29,fc30206582bb494190095c4439e2da29_i2_3,2,3,/mnt/priorbimda-data/PriorBIMDA-Datasets/Matterport3D/v1/scans/759xd9YjKW5/undistorted_color_images/fc30206582bb494190095c4439e2da29_i2_3.jpg,/mnt/priorbimda-data/PriorBIMDA-Datasets/Matterport3D/v1/scans/759xd9YjKW5/undistorted_depth_images/fc30206582bb494190095c4439e2da29_d2_3.png,1024,1280,406,504,1.4165615917841592,1214707,0.9267478942871094,-12.088399887084961,-10.27340030670166,1.6366000175476074,True,198639,0.9707512315270936,True,,1.0,198639,1.0039445161819458,0.003936756975508232,1.0150154575604045,0.010967084525831686,log-depth Laplacian fallback,,,,0.029912590126254576,0.028170861975299923,0.1644057626328333,0.04212773543980386,0.08134164392958076,-0.011358079291553877,0.025147799417692147,0.010921550519113518,8.054475198281686,0.9938553083171497,0.9960476065421537,0.9971787435159261,0.027683251102806512,0.02829913508296009,0.16432112730410975,0.03896971598850754,0.08088592652296982,-0.007421322330429637,0.022805303926905645,0.009904217653581677,8.054475205962918,0.9938232018091606,0.9960113838151916,0.9971680413465963,0.027683251102806512,0.02829913508296009,0.16432112730410975,0.03896971598850754,0.08088592652296982,-0.007421322330429637,0.022805303926905645,0.009904217653581677,8.054475205962918,0.9938232018091606,0.9960113838151916,0.9971680413465963,0.030801001104204,0.02871963208354061,0.16850340796889035,0.04659477771400437,0.08217501238215988,0.002489056023259425,0.025807845048568086,0.011208204694407283,8.213730735860048,0.9935194248489554,0.995992449207916,0.9971672181028017,0.025004351363068073,0.028932966442220088,0.1657793365495502,0.036068863987272305,0.0806227615943545,0.0035457872017337177,0.01984251487336433,0.008617494716585333,8.054475203400992,0.993700538483766,0.9959109480722512,0.9971433440327585,0.008297021500766277,0.05785051826387644,0.01769114099442959,ok,
759xd9YjKW5,fc30206582bb494190095c4439e2da29,fc30206582bb494190095c4439e2da29_i2_4,2,4,/mnt/priorbimda-data/PriorBIMDA-Datasets/Matterport3D/v1/scans/759xd9YjKW5/undistorted_color_images/fc30206582bb494190095c4439e2da29_i2_4.jpg,/mnt/priorbimda-data/PriorBIMDA-Datasets/Matterport3D/v1/scans/759xd9YjKW5/undistorted_depth_images/fc30206582bb494190095c4439e2da29_d2_4.png,1024,1280,406,504,1.4165615917841592,1246871,0.9512870788574219,-12.092599868774414,-10.287300109863281,1.6365699768066406,True,199330,0.9741281570099304,True,,1.0,199330,0.9822157025337219,-0.01794433840060896,0.9975691583142441,0.015510537422515597,log-depth Laplacian fallback,,,,0.04520563991206437,0.02134290632604906,0.1975538145125162,0.08545042725446415,0.12208193590528534,-0.003749810868031564,0.04734293545350415,0.02056077562455867,12.202433360947394,0.9550113844976745,0.9674248579043061,0.9987296199847459,0.047735995107221776,0.020427715403508847,0.1902317488848321,0.0869595061691625,0.123937783263218,-0.02169414918885099,0.05069358838331873,0.022015945702750117,12.202433368460683,0.9565817153498638,0.9678443078714638,0.9965986858303706,0.047735995107221776,0.020427715403508847,0.1902317488848321,0.0869595061691625,0.123937783263218,-0.02169414918885099,0.05069358838331873,0.022015945702750117,12.202433368460683,0.9565817153498638,0.9678443078714638,0.9965986858303706,0.05684160028389045,0.02191778955074195,0.19924131053297162,0.10529890988597167,0.12405341177093679,-0.031762733149747334,0.0601776885771424,0.026134838082745283,11.991821277382156,0.958791246247607,0.9683752368929905,0.9989052596459458,0.04500649779161804,0.021138225022674217,0.1961228475376289,0.0845313423877783,0.12218091190099202,-0.006183626426632139,0.04725353686533064,0.02052195031102499,12.20243336272476,0.9552295305609001,0.9674649582835755,0.9986069128241815,0.008137534372508526,0.059282224625349045,0.01771168503910303,ok,
759xd9YjKW5,fc30206582bb494190095c4439e2da29,fc30206582bb494190095c4439e2da29_i2_5,2,5,/mnt/priorbimda-data/PriorBIMDA-Datasets/Matterport3D/v1/scans/759xd9YjKW5/undistorted_color_images/fc30206582bb494190095c4439e2da29_i2_5.jpg,/mnt/priorbimda-data/PriorBIMDA-Datasets/Matterport3D/v1/scans/759xd9YjKW5/undistorted_depth_images/fc30206582bb494190095c4439e2da29_d2_5.png,1024,1280,406,504,1.4165615917841592,1252184,0.955340576171875,-12.10669994354248,-10.29069995880127,1.6362899541854858,True,204624,1.0,True,,1.0,204624,1.0187278985977173,0.018554690709595995,1.0243439551261257,0.005497673185924982,log-depth Laplacian fallback,,,,0.033487423884965735,0.009423981738134612,0.13182309437710044,0.06982377857249915,0.05850720221585062,-0.01280224981459876,0.03234942163737915,0.014049175309875428,5.70893607497145,0.9905636871258537,0.9956771528784907,0.9988100790299189,0.02723145501135102,0.00971302081249852,0.1349083247156131,0.05958872568618526,0.05737844267706024,0.0057524409722444474,0.025540956290939672,0.01109229637968724,5.708936071550926,0.9892435935932739,0.995486286360471,0.9986359832101352,0.02723145501135102,0.00971302081249852,0.1349083247156131,0.05958872568618526,0.05737844267706024,0.0057524409722444474,0.025540956290939672,0.01109229637968724,5.708936071550926,0.9892435935932739,0.995486286360471,0.9986359832101352,0.027258123987802606,0.009709744934742205,0.1355829859923861,0.06081812848776211,0.057303908885466374,0.00409155277677666,0.02565022860213521,0.011139752741464287,5.715765188869014,0.9896325140714144,0.9954775017090141,0.9986168166978655,0.026934946318055826,0.01011618146552253,0.1387207646984687,0.060580286181555,0.058187287672887604,0.011250126121461833,0.02509594123020926,0.010899028794448196,5.708936073366543,0.988847485673032,0.9954591338014221,0.9986000459996295,0.007673533633351326,0.05960918962955475,0.017714313231408596,ok,
759xd9YjKW5,fffe7407b0324ceca095d418d02e2ea3,fffe7407b0324ceca095d418d02e2ea3_i0_0,0,0,/mnt/priorbimda-data/PriorBIMDA-Datasets/Matterport3D/v1/scans/759xd9YjKW5/undistorted_color_images/fffe7407b0324ceca095d418d02e2ea3_i0_0.jpg,/mnt/priorbimda-data/PriorBIMDA-Datasets/Matterport3D/v1/scans/759xd9YjKW5/undistorted_depth_images/fffe7407b0324ceca095d418d02e2ea3_d0_0.png,1024,1280,406,504,1.4155678118069965,1214575,0.9266471862792969,-3.2681000232696533,5.966989994049072,1.581220030784607,True,204624,1.0,True,,1.0,204624,1.0515791177749634,0.050292956102217345,1.0068243639602503,0.043491772711693376,log-depth Laplacian fallback,,,,0.07567483255063842,0.011004972473200161,0.11936580961331075,0.09935904341982855,0.0929475964697658,-0.0049493823929783924,0.0754949196766304,0.032787027027289806,9.281572767281682,0.9883942943004754,1.0,1.0,0.0864779891337876,0.015800491514298118,0.14697314738397743,0.1168617265366233,0.10329955945122203,0.045343573992496354,0.08230307109601694,0.03574376962069118,9.281572754874878,0.9630018730831772,1.0,1.0,0.0864779891337876,0.015800491514298118,0.14697314738397743,0.1168617265366233,0.10329955945122203,0.045343573992496354,0.08230307109601694,0.03574376962069118,9.281572754874878,0.9630018730831772,1.0,1.0,0.07070937417568196,0.013045278844029498,0.13047164103974757,0.09312593488271392,0.09473115139961809,0.042867011078025895,0.06687129619112576,0.029041834933523882,8.447727745810568,0.9646806496099458,1.0,1.0,0.07602701252479857,0.011204168375891213,0.12067262398247047,0.1000855244926821,0.09283419900270992,0.0018518111499271845,0.07533141511614268,0.032716017898904014,9.28157276539906,0.9861507111541074,1.0,1.0,0.009002003818750381,0.05717973504215479,0.017704403027892113,ok,
759xd9YjKW5,fffe7407b0324ceca095d418d02e2ea3,fffe7407b0324ceca095d418d02e2ea3_i0_1,0,1,/mnt/priorbimda-data/PriorBIMDA-Datasets/Matterport3D/v1/scans/759xd9YjKW5/undistorted_color_images/fffe7407b0324ceca095d418d02e2ea3_i0_1.jpg,/mnt/priorbimda-data/PriorBIMDA-Datasets/Matterport3D/v1/scans/759xd9YjKW5/undistorted_depth_images/fffe7407b0324ceca095d418d02e2ea3_d0_1.png,1024,1280,406,504,1.4155678118069965,1241622,0.9472824096679687,-3.263969898223877,5.95304012298584,1.5809400081634521,True,204624,1.0,True,,1.0,204624,1.0738916397094727,0.07128909687126007,1.1012599809767756,0.0251658646719483,log-depth Laplacian fallback,,,,0.09786422522781878,0.020492399351486324,0.1827643483963844,0.16262113702417588,0.12697160446474992,-0.1048751467376987,0.10544405150570979,0.04579376971845206,7.1575079022653325,0.9482902203730282,1.0,1.0,0.06227470457075423,0.009059892723319838,0.12887837502045857,0.11058485200662888,0.07906335844304065,-0.03358604980144925,0.06454302180765221,0.028030678216424635,7.157507881258181,0.9997809317167383,1.0,1.0,0.06227470457075423,0.009059892723319838,0.12887837502045857,0.11058485200662888,0.07906335844304065,-0.03358604980144925,0.06454302180765221,0.028030678216424635,7.157507881258181,0.9997809317167383,1.0,1.0,0.02417825223837677,0.0022271863989348105,0.07405497237285913,0.04476371974045377,0.03482164033994472,-0.020816739172284264,0.024708432630108013,0.010730735947734158,2.791433334682294,0.9966318251448508,1.0,1.0,0.06198169558297207,0.009568378676517424,0.14609930397315188,0.12300051463842544,0.07206866154856094,-0.008420216209592211,0.06269452442665517,0.02722788600404497,7.15750790176633,0.9997664345509342,1.0,1.0,0.009859924204647541,0.05967458989471197,0.017679684795439243,ok,
759xd9YjKW5,fffe7407b0324ceca095d418d02e2ea3,fffe7407b0324ceca095d418d02e2ea3_i0_2,0,2,/mnt/priorbimda-data/PriorBIMDA-Datasets/Matterport3D/v1/scans/759xd9YjKW5/undistorted_color_images/fffe7407b0324ceca095d418d02e2ea3_i0_2.jpg,/mnt/priorbimda-data/PriorBIMDA-Datasets/Matterport3D/v1/scans/759xd9YjKW5/undistorted_depth_images/fffe7407b0324ceca095d418d02e2ea3_d0_2.png,1024,1280,406,504,1.4155678118069965,1226275,0.9355735778808594,-3.273979902267456,5.942490100860596,1.580680012702942,True,204624,1.0,True,,1.0,204624,1.0770423412322998,0.07421871145189213,1.0522941098241168,0.023246064133207976,log-depth Laplacian fallback,,,,0.06497690686634587,0.010792039352269722,0.13377675116456017,0.10572715450219283,0.08538108785560106,-0.05067583760981287,0.06759426687277567,0.02935581711114223,6.871600720319641,0.9922138182707794,0.9994006238404926,0.9997251839921714,0.05879615653988782,0.010856533528291313,0.1411056625549884,0.1036855269933665,0.07263715666423522,0.023542874031314078,0.057162348231561945,0.024825292409599454,6.871600694605536,0.9951862347352756,0.9993092903304723,0.9995506717498114,0.05879615653988782,0.010856533528291313,0.1411056625549884,0.1036855269933665,0.07263715666423522,0.023542874031314078,0.057162348231561945,0.024825292409599454,6.871600694605536,0.9951862347352756,0.9993092903304723,0.9995506717498114,0.03128736411030403,0.005228087693829188,0.10205476345810909,0.057980064548718666,0.04940839938696875,0.010496937494346357,0.030891591834851267,0.013416047871083457,4.828047465820939,0.9940249943935904,0.9994079631404049,0.9997635114472692,0.05474200169060574,0.008724599003884514,0.12350738416492026,0.09215696510628277,0.06871664834198116,0.00029683373597002915,0.05441676786225916,0.023632902005589367,6.8716007226036435,0.9955972355303664,0.9993777904629875,0.9995963385048215,0.0088431928306818,0.05837591551244259,0.01773194409906864,ok,
759xd9YjKW5,fffe7407b0324ceca095d418d02e2ea3,fffe7407b0324ceca095d418d02e2ea3_i0_3,0,3,/mnt/priorbimda-data/PriorBIMDA-Datasets/Matterport3D/v1/scans/759xd9YjKW5/undistorted_color_images/fffe7407b0324ceca095d418d02e2ea3_i0_3.jpg,/mnt/priorbimda-data/PriorBIMDA-Datasets/Matterport3D/v1/scans/759xd9YjKW5/undistorted_depth_images/fffe7407b0324ceca095d418d02e2ea3_d0_3.png,1024,1280,406,504,1.4155678118069965,1238545,0.9449348449707031,-3.288130044937134,5.945889949798584,1.5807100534439087,True,204624,1.0,True,,1.0,204624,1.0084584951400757,0.008422922523170681,1.0184049678070481,0.009814723776902753,log-depth Laplacian fallback,,,,0.0303556101951294,0.003082165352227838,0.08112649090091471,0.055667418763582,0.039710556610623636,-0.014719481344902129,0.03057885160796177,0.013280226516276186,3.688177294087992,0.9983892389860684,1.0,1.0,0.028245269364638927,0.0029287336421623253,0.0798968648765694,0.053383895152160174,0.037415395743190694,-0.006296558795688381,0.028222976800824397,0.01225708308748153,3.6881773085794176,0.9980662793842775,1.0,1.0,0.028245269364638927,0.0029287336421623253,0.0798968648765694,0.053383895152160174,0.037415395743190694,-0.006296558795688381,0.028222976800824397,0.01225708308748153,3.6881773085794176,0.9980662793842775,1.0,1.0,0.017516280331083548,0.0027185105916158977,0.08425150252086287,0.03936683906562198,0.03365188373988232,-0.008060675855837016,0.01774398902514187,0.0077061165205709785,3.267223261409728,0.998557985378004,1.0,1.0,0.02765345455539556,0.003093785077777954,0.08291618221620163,0.0544121793603398,0.03704919175527512,0.0035181579099113724,0.0273582882617555,0.011881553626398917,3.688177293244014,0.9975140184652153,1.0,1.0,0.007458256557583809,0.057824560441076756,0.01772553101181984,ok,
759xd9YjKW5,fffe7407b0324ceca095d418d02e2ea3,fffe7407b0324ceca095d418d02e2ea3_i0_4,0,4,/mnt/priorbimda-data/PriorBIMDA-Datasets/Matterport3D/v1/scans/759xd9YjKW5/undistorted_color_images/fffe7407b0324ceca095d418d02e2ea3_i0_4.jpg,/mnt/priorbimda-data/PriorBIMDA-Datasets/Matterport3D/v1/scans/759xd9YjKW5/undistorted_depth_images/fffe7407b0324ceca095d418d02e2ea3_d0_4.png,1024,1280,406,504,1.4155678118069965,1233123,0.9407981872558594,-3.292259931564331,5.959839820861816,1.580989956855774,True,204624,1.0,True,,1.0,204624,0.9401013851165771,-0.06176755302718536,0.9373741107244695,0.002905259020905694,log-depth Laplacian fallback,,,,0.07780105264981003,0.017695466310660043,0.18680878063303386,0.14358850544509183,0.0900309962001097,0.05447643643748133,0.0741235856664288,0.03219146423381301,7.16791332945455,0.9900642514980258,0.9984340572676043,1.0,0.05433989700905106,0.008613017100054313,0.12144239021183774,0.08960078490462905,0.07204900079636996,-0.0072911165929537254,0.05457788490974856,0.023702874250254538,7.167913318800161,0.9925927908245974,0.999610744426955,1.0,0.05433989700905106,0.008613017100054313,0.12144239021183774,0.08960078490462905,0.07204900079636996,-0.0072911165929537254,0.05457788490974856,0.023702874250254538,7.167913318800161,0.9925927908245974,0.999610744426955,1.0,0.033122399464988635,0.0051312799481690935,0.0977637189729825,0.05791504578783572,0.05039950804899939,0.01292602123677841,0.0322880732452359,0.01402253204169398,4.871373919714548,0.9930079967691787,0.9996245305618336,1.0,0.05413380032254318,0.008545894427374056,0.12043909169125079,0.08868296399242118,0.07240071912091933,-0.010196371052437456,0.054529336594016924,0.023681789984626597,7.167913327173586,0.9925084521171043,0.9996180429689495,1.0,0.007959519512951374,0.057691335678100586,0.017737596295773983,ok,
759xd9YjKW5,fffe7407b0324ceca095d418d02e2ea3,fffe7407b0324ceca095d418d02e2ea3_i0_5,0,5,/mnt/priorbimda-data/PriorBIMDA-Datasets/Matterport3D/v1/scans/759xd9YjKW5/undistorted_color_images/fffe7407b0324ceca095d418d02e2ea3_i0_5.jpg,/mnt/priorbimda-data/PriorBIMDA-Datasets/Matterport3D/v1/scans/759xd9YjKW5/undistorted_depth_images/fffe7407b0324ceca095d418d02e2ea3_d0_5.png,1024,1280,406,504,1.4155678118069965,1186257,0.9050422668457031,-3.2822399139404297,5.9703898429870605,1.5812400579452515,True,204624,1.0,True,,1.0,204624,0.9987648129463196,-0.0012359505259613495,0.9348303486998353,0.06615426087148578,log-depth Laplacian fallback,,,,0.0924521416750577,0.01294796464804215,0.12652087707187692,0.11126235593518179,0.10254774163287858,0.03523537527911098,0.09096338854720266,0.03950489770127158,9.630424519689583,0.9955009749152165,0.9998398323466163,1.0,0.09172877125629077,0.012803824247598718,0.12582774569228336,0.11040565486513852,0.10212966524840848,0.03399942497082481,0.09035383681835182,0.03924017274899703,9.630424510583751,0.9954858011375275,0.9998743948402412,1.0,0.09172877125629077,0.012803824247598718,0.12582774569228336,0.11040565486513852,0.10212966524840848,0.03399942497082481,0.09035383681835182,0.03924017274899703,9.630424510583751,0.9954858011375275,0.9998743948402412,1.0,0.08935042375322136,0.01164643651978933,0.11899191417176182,0.10666108408078127,0.09747109761907712,0.03734813427382524,0.08761062405615483,0.03804881058368828,9.003183735397153,0.9956392248897161,0.999860907037851,1.0,0.06474748750856965,0.010847143915870083,0.11682553964131132,0.07881692230604924,0.10153048720750478,-0.03215481594837296,0.0683731746530551,0.029694092462029104,9.630424520196165,0.9340522332007314,1.0,1.0,0.007951047271490097,0.058370365761220455,0.017695722170174122,ok,
759xd9YjKW5,fffe7407b0324ceca095d418d02e2ea3,fffe7407b0324ceca095d418d02e2ea3_i1_0,1,0,/mnt/priorbimda-data/PriorBIMDA-Datasets/Matterport3D/v1/scans/759xd9YjKW5/undistorted_color_images/fffe7407b0324ceca095d418d02e2ea3_i1_0.jpg,/mnt/priorbimda-data/PriorBIMDA-Datasets/Matterport3D/v1/scans/759xd9YjKW5/undistorted_depth_images/fffe7407b0324ceca095d418d02e2ea3_d1_0.png,1024,1280,406,504,1.4121168655554452,1227373,0.9364112854003906,-3.275820016860962,5.958280086517334,1.6142699718475342,True,204624,1.0,True,,1.0,204624,0.976477324962616,-0.023803749659416236,0.9756044742895101,0.0008942767988623299,log-depth Laplacian fallback,,,,0.07242193251859974,0.011701244397666061,0.12362887014483005,0.09300449292704843,0.10216903010229907,-0.004084463558308948,0.07400088963299421,0.03213817802354094,10.208735411149286,0.9369010072732576,0.9993066492419175,1.0,0.06661789286354683,0.01188210863300033,0.12534983788311518,0.08614844886926976,0.1058280694976699,-0.027888213189480104,0.0698397630446906,0.030331023707739806,10.208735405867742,0.8917419561942458,0.9991917697391095,1.0,0.06661789286354683,0.01188210863300033,0.12534983788311518,0.08614844886926976,0.1058280694976699,-0.027888213189480104,0.0698397630446906,0.030331023707739806,10.208735405867742,0.8917419561942458,0.9991917697391095,1.0,0.07326069797597659,0.014280084711871664,0.13828832796334584,0.09726237843475237,0.11721901603130322,-0.035362951571835145,0.07764367779911645,0.033720220822830306,11.175759202611232,0.8766243024736572,0.9985424153863577,1.0,0.06654972570136226,0.011919940191641623,0.125615952326943,0.08613871420621402,0.10606724086701123,-0.028782489779070664,0.06983113890449723,0.030327278291242637,10.208735410058521,0.8902656323709256,0.9991811780119002,1.0,0.00918260682374239,0.05732452217489481,0.01772707886993885,ok,
759xd9YjKW5,fffe7407b0324ceca095d418d02e2ea3,fffe7407b0324ceca095d418d02e2ea3_i1_1,1,1,/mnt/priorbimda-data/PriorBIMDA-Datasets/Matterport3D/v1/scans/759xd9YjKW5/undistorted_color_images/fffe7407b0324ceca095d418d02e2ea3_i1_1.jpg,/mnt/priorbimda-data/PriorBIMDA-Datasets/Matterport3D/v1/scans/759xd9YjKW5/undistorted_depth_images/fffe7407b0324ceca095d418d02e2ea3_d1_1.png,1024,1280,406,504,1.4121168655554452,1144193,0.8729499816894531,-3.27482008934021,5.954919815063477,1.6141999959945679,True,204624,1.0,True,,1.0,204624,1.0173609256744385,0.01721194660888047,1.0694446838753386,0.04992758011215655,log-depth Laplacian fallback,,,,0.07402475440051572,0.035387148534615324,0.39549333372273276,0.28134472448789644,0.10268361809054706,-0.07571349583964058,0.07851175182579438,0.03409722058250006,6.936419805566883,0.9420578521280938,0.9968466858301004,0.9990499854482592,0.0591519964707655,0.028102353839322487,0.3551344666787053,0.22654242725428608,0.09074041679164344,-0.05850154922340025,0.06249417434033215,0.027140875067106027,6.936419809947523,0.9481739531704878,0.997077416135215,0.9991172817872509,0.0591519964707655,0.028102353839322487,0.3551344666787053,0.22654242725428608,0.09074041679164344,-0.05850154922340025,0.06249417434033215,0.027140875067106027,6.936419809947523,0.9481739531704878,0.997077416135215,0.9991172817872509,0.06398304808401174,0.03278551096460858,0.3828850785313138,0.2424751557004446,0.09885230033970424,-0.06316572125697811,0.06802427355658361,0.029542566641101546,7.603860164769492,0.9446544420390616,0.9971735537623461,0.9990630951246862,0.03469751316417776,0.01764668031718312,0.2822224028497653,0.13282878825946767,0.06989209796312937,-0.008573994882698374,0.03589888184236032,0.015590686290633933,6.936419803788647,0.97675566971656,0.9975196492200179,0.9991469970538187,0.009831645525991917,0.05949810706079006,0.017705782316625118,ok,
759xd9YjKW5,fffe7407b0324ceca095d418d02e2ea3,fffe7407b0324ceca095d418d02e2ea3_i1_2,1,2,/mnt/priorbimda-data/PriorBIMDA-Datasets/Matterport3D/v1/scans/759xd9YjKW5/undistorted_color_images/fffe7407b0324ceca095d418d02e2ea3_i1_2.jpg,/mnt/priorbimda-data/PriorBIMDA-Datasets/Matterport3D/v1/scans/759xd9YjKW5/undistorted_depth_images/fffe7407b0324ceca095d418d02e2ea3_d1_2.png,1024,1280,406,504,1.4121168655554452,1203726,0.9183700561523438,-3.2772300243377686,5.952380180358887,1.6141400337219238,True,204624,1.0,True,,1.0,204624,1.0918687582015991,0.08789068530287146,0.9119882792547385,0.18001882598762659,log-depth Laplacian fallback,,,,0.10498055006720271,0.03935692799953809,0.3010582912855304,0.2059506729739091,0.11780996882375785,0.06332715044149351,0.09969678478859108,0.04329776349718118,9.934213995689467,0.9731857582207246,0.993811714626086,0.9976738892405747,0.17903396247823847,0.08346993332753491,0.40664735371360744,0.3189666870881784,0.1809300821913576,0.15121783580942455,0.16145229388030222,0.07011784032283738,9.934213997536661,0.9780323761387558,0.992293927355561,0.9959259831556351,0.17903396247823847,0.08346993332753491,0.40664735371360744,0.3189666870881784,0.1809300821913576,0.15121783580942455,0.16145229388030222,0.07011784032283738,9.934213997536661,0.9780323761387558,0.992293927355561,0.9959259831556351,0.17027909245277806,0.07462845533836618,0.38162001271658247,0.30253505775476797,0.17326658742095977,0.13322343636038117,0.15481155139753258,0.06723380250683011,11.078278891974403,0.971275855136468,0.9929560381681546,0.9968722117824156,0.05441939104653508,0.03301192277917254,0.32691139887355625,0.15310438544709534,0.10343287258676225,-0.028801013157975137,0.05615186850620286,0.024386446640800894,9.934213996398274,0.9625654010962628,0.9950345842824696,0.9984024603605804,0.00902906246483326,0.05949487071484327,0.017713403329253197,ok,
759xd9YjKW5,fffe7407b0324ceca095d418d02e2ea3,fffe7407b0324ceca095d418d02e2ea3_i1_3,1,3,/mnt/priorbimda-data/PriorBIMDA-Datasets/Matterport3D/v1/scans/759xd9YjKW5/undistorted_color_images/fffe7407b0324ceca095d418d02e2ea3_i1_3.jpg,/mnt/priorbimda-data/PriorBIMDA-Datasets/Matterport3D/v1/scans/759xd9YjKW5/undistorted_depth_images/fffe7407b0324ceca095d418d02e2ea3_d1_3.png,1024,1280,406,504,1.4121168655554452,1272907,0.9711509704589844,-3.280639886856079,5.953199863433838,1.6141400337219238,True,204624,1.0,True,,1.0,204624,1.0057231187820435,0.005706803955941219,0.9943425884933943,0.01138027922990258,log-depth Laplacian fallback,,,,0.03041635312610368,0.005673522055498881,0.11765791923964307,0.0734061749983748,0.05041885860331939,-0.0025400330608996934,0.03088454312535604,0.013412986655445148,5.035483626138656,0.9984900703664918,0.9999222252686174,1.0,0.03282170703962999,0.005756684873613635,0.11842152023733436,0.07963678836592128,0.050454315719379667,0.003166770937241437,0.03310991948788876,0.014379455329851036,5.035483627757998,0.9983690874510078,0.9999222252686174,1.0,0.03282170703962999,0.005756684873613635,0.11842152023733436,0.07963678836592128,0.050454315719379667,0.003166770937241437,0.03310991948788876,0.014379455329851036,5.035483627757998,0.9983690874510078,0.9999222252686174,1.0,0.03475691103012685,0.006858701241994484,0.13085720458203998,0.08618898130322483,0.055419301090149815,-0.006608149703365171,0.035503768008534345,0.015419090532879667,5.502391562601297,0.9984335069254863,0.9999222252686174,1.0,0.02937023758669729,0.005767863483073271,0.11911328190482022,0.07124464260204295,0.0510203060851289,-0.008213531368953638,0.030007214276208494,0.01303196757744583,5.035483626695111,0.9985859139748623,0.9999222252686174,1.0,0.007672766223549843,0.05940747633576393,0.017768616788089275,ok,
759xd9YjKW5,fffe7407b0324ceca095d418d02e2ea3,fffe7407b0324ceca095d418d02e2ea3_i1_4,1,4,/mnt/priorbimda-data/PriorBIMDA-Datasets/Matterport3D/v1/scans/759xd9YjKW5/undistorted_color_images/fffe7407b0324ceca095d418d02e2ea3_i1_4.jpg,/mnt/priorbimda-data/PriorBIMDA-Datasets/Matterport3D/v1/scans/759xd9YjKW5/undistorted_depth_images/fffe7407b0324ceca095d418d02e2ea3_d1_4.png,1024,1280,406,504,1.4121168655554452,1272141,0.9705665588378907,-3.281630039215088,5.956560134887695,1.6142100095748901,True,204624,1.0,True,,1.0,204624,0.9560721516609192,-0.044921896329977486,0.9507660267119434,0.005565379070859168,log-depth Laplacian fallback,,,,0.07230713419505828,0.03290290781507798,0.2654219639501591,0.16661213004538225,0.10365852205842764,0.04802032998890203,0.06723246695727798,0.029198689404288516,9.186477618268324,0.9739344931104336,0.9849277713712552,0.9954525481059097,0.040335609927228934,0.022887566468930646,0.21032937190741852,0.07665936151920087,0.09191701352017151,0.0030984336803319213,0.03772753364302082,0.016384859676983225,9.186477607437999,0.9692455474668296,0.9862798227554964,0.9994914085781371,0.040335609927228934,0.022887566468930646,0.21032937190741852,0.07665936151920087,0.09191701352017151,0.0030984336803319213,0.03772753364302082,0.016384859676983225,9.186477607437999,0.9692455474668296,0.9862798227554964,0.9994914085781371,0.034243552544357854,0.020717359094598896,0.20279636549093266,0.06559133782214459,0.08461839458115772,0.0010700329165678273,0.03154828942215399,0.013701248009528207,8.461162881690651,0.9753690825152244,0.9862758923735655,0.9995417174668532,0.039182584499324935,0.022399861928968683,0.20738537023133258,0.07240028434675719,0.09189789397748045,-0.0024669451318393323,0.03679499649012378,0.015979863937310292,9.186477616155571,0.9684806951430698,0.9865085709838768,0.9995016275711576,0.008640650659799576,0.06037213001400232,0.017723641358315945,ok,
759xd9YjKW5,fffe7407b0324ceca095d418d02e2ea3,fffe7407b0324ceca095d418d02e2ea3_i1_5,1,5,/mnt/priorbimda-data/PriorBIMDA-Datasets/Matterport3D/v1/scans/759xd9YjKW5/undistorted_color_images/fffe7407b0324ceca095d418d02e2ea3_i1_5.jpg,/mnt/priorbimda-data/PriorBIMDA-Datasets/Matterport3D/v1/scans/759xd9YjKW5/undistorted_depth_images/fffe7407b0324ceca095d418d02e2ea3_d1_5.png,1024,1280,406,504,1.4121168655554452,1198821,0.9146278381347657,-3.2792201042175293,5.959099769592285,1.6142699718475342,True,204624,1.0,True,,1.0,204624,1.0572423934936523,0.055664002729921086,0.8695987763852552,0.19538735300672094,log-depth Laplacian fallback,,,,0.14288317484395577,0.023991788300654928,0.14687448622839225,0.13101791607648267,0.15152885186861229,0.07872294869264568,0.13329079880632352,0.05788745841006283,12.947467048714556,0.974326442396321,1.0,1.0,0.1747620962077753,0.038653938483239586,0.1842673312341375,0.15707255212544338,0.18661067230436282,0.13438695142519708,0.15636320839837115,0.06790767858010083,12.947467051330158,0.5144387694242927,1.0,1.0,0.1747620962077753,0.038653938483239586,0.1842673312341375,0.15707255212544338,0.18661067230436282,0.13438695142519708,0.15636320839837115,0.06790767858010083,12.947467051330158,0.5144387694242927,1.0,1.0,0.17142955566189857,0.039629704474439705,0.1858846046678115,0.1518981237820256,0.18868007789435784,0.13933645498263528,0.1523431581000186,0.06616179291855283,12.722234122626809,0.5326783564852468,1.0,1.0,0.11189241572334101,0.01907125990836248,0.14738795495067353,0.11977849534774146,0.14312489354241012,-0.061000367656599684,0.11956573131915829,0.05192673733663729,12.94746704853343,0.7881385127554489,1.0,1.0,0.007754904218018055,0.058236596174538136,0.017780506052076817,ok,
759xd9YjKW5,fffe7407b0324ceca095d418d02e2ea3,fffe7407b0324ceca095d418d02e2ea3_i2_0,2,0,/mnt/priorbimda-data/PriorBIMDA-Datasets/Matterport3D/v1/scans/759xd9YjKW5/undistorted_color_images/fffe7407b0324ceca095d418d02e2ea3_i2_0.jpg,/mnt/priorbimda-data/PriorBIMDA-Datasets/Matterport3D/v1/scans/759xd9YjKW5/undistorted_depth_images/fffe7407b0324ceca095d418d02e2ea3_d2_0.png,1024,1280,406,504,1.4165615917841592,1134027,0.8651939392089844,-3.268320083618164,5.965590000152588,1.6476999521255493,True,204624,1.0,True,,1.0,204624,1.0686607360839844,0.0664062159879306,1.111526060345234,0.039327684263901944,log-depth Laplacian fallback,,,,0.10201799622879322,0.013980650286805939,0.13367104978243471,0.12723252351556874,0.11652043119621777,-0.10476065099906295,0.10818766803753935,0.04698530723868414,5.101192888339989,0.9953960531803916,1.0,1.0,0.04878856931671018,0.0042306463785224515,0.06996889208391742,0.056497912529893245,0.0638222497939235,-0.03835443499816236,0.050022541858115235,0.021724513899753873,5.1011928847375545,0.9950168734959574,1.0,1.0,0.04878856931671018,0.0042306463785224515,0.06996889208391742,0.056497912529893245,0.0638222497939235,-0.03835443499816236,0.050022541858115235,0.021724513899753873,5.1011928847375545,0.9950168734959574,1.0,1.0,0.07755418222384892,0.009396095468294417,0.1044506242951712,0.08991077349117484,0.09822027203826535,-0.07051713739873915,0.0814468472427447,0.03537191632594108,6.837071867662497,0.9937258989424415,1.0,1.0,0.03667143669903894,0.003451305014665749,0.06907388605489401,0.04745772698282542,0.05102121147954463,0.0009732061085749671,0.036301797575589864,0.015765670370247526,5.101192890599854,0.9949560283838039,1.0,1.0,0.009766236878931522,0.058804028667509556,0.017722778022289276,ok,
759xd9YjKW5,fffe7407b0324ceca095d418d02e2ea3,fffe7407b0324ceca095d418d02e2ea3_i2_1,2,1,/mnt/priorbimda-data/PriorBIMDA-Datasets/Matterport3D/v1/scans/759xd9YjKW5/undistorted_color_images/fffe7407b0324ceca095d418d02e2ea3_i2_1.jpg,/mnt/priorbimda-data/PriorBIMDA-Datasets/Matterport3D/v1/scans/759xd9YjKW5/undistorted_depth_images/fffe7407b0324ceca095d418d02e2ea3_d2_1.png,1024,1280,406,504,1.4165615917841592,1209685,0.9229164123535156,-3.2641899585723877,5.9516401290893555,1.647420048713684,True,204624,1.0,True,,1.0,204624,1.1431516408920288,0.1337890452097696,1.0769696259249641,0.05963784991700008,log-depth Laplacian fallback,,,,0.06971862546536244,0.012161578487070947,0.16758152753521563,0.15608325723690453,0.07743433369011185,-0.06956005102025647,0.07231265225795343,0.03140498584741789,3.402168920102158,0.9978358002289852,0.9996263490082129,1.0,0.06736536351867668,0.014505021779171599,0.19236946168065322,0.16270782325490082,0.07268314127473152,0.06422899414413866,0.06463076821238369,0.028068785995806343,3.4021689211366093,0.994563047404903,0.9993337108420787,0.9998619475317955,0.06736536351867668,0.014505021779171599,0.19236946168065322,0.16270782325490082,0.07268314127473152,0.06422899414413866,0.06463076821238369,0.028068785995806343,3.4021689211366093,0.994563047404903,0.9993337108420787,0.9998619475317955,0.060059330095240074,0.01414835510651973,0.19265170261844303,0.1495932593803663,0.07005409355887376,0.0545527787970144,0.057569685575124055,0.025002196770181603,4.394963424056511,0.9951177372621798,0.9993254442272161,0.9998478942865291,0.02104793166490283,0.0030365919209634287,0.0832576294171073,0.04684329207969363,0.03433007315653088,0.004591142069814142,0.020667965961329728,0.008975983569169732,3.4021689220665468,0.9959286921801956,0.9994428301582643,1.0,0.009917410090565681,0.05854823254048824,0.017741311341524124,ok,
759xd9YjKW5,fffe7407b0324ceca095d418d02e2ea3,fffe7407b0324ceca095d418d02e2ea3_i2_2,2,2,/mnt/priorbimda-data/PriorBIMDA-Datasets/Matterport3D/v1/scans/759xd9YjKW5/undistorted_color_images/fffe7407b0324ceca095d418d02e2ea3_i2_2.jpg,/mnt/priorbimda-data/PriorBIMDA-Datasets/Matterport3D/v1/scans/759xd9YjKW5/undistorted_depth_images/fffe7407b0324ceca095d418d02e2ea3_d2_2.png,1024,1280,406,504,1.4165615917841592,1228999,0.9376518249511718,-3.274209976196289,5.941090106964111,1.6471699476242065,True,204624,1.0,True,,1.0,204624,1.1123170852661133,0.10644530380185499,1.0857704167396303,0.02415550727265582,log-depth Laplacian fallback,,,,0.09545382457478413,0.02159649468350131,0.1930854467981903,0.16234370111038568,0.11619315599121859,-0.08404081046234822,0.09857712136256278,0.04281149984966817,8.023709663261327,0.9855964081337739,0.992712768684108,0.9994312444517855,0.05098477158834432,0.01628108751377289,0.16439054020917793,0.08444732923751556,0.0833063803469286,0.022404493228020014,0.047772110567847685,0.020747164008488268,8.023709671780713,0.9817680893149628,0.9885736278060437,0.9991025216456645,0.05098477158834432,0.01628108751377289,0.16439054020917793,0.08444732923751556,0.0833063803469286,0.022404493228020014,0.047772110567847685,0.020747164008488268,8.023709671780713,0.9817680893149628,0.9885736278060437,0.9991025216456645,0.048403770521766566,0.013904443740438378,0.14549869293908974,0.07340400761181068,0.08501845202503468,0.0014136888245971783,0.046692792660921,0.020278422197290636,8.500669778694107,0.9838779364344479,0.9892172410229788,0.999334417684636,0.04419836489527764,0.013893696897403367,0.1485382430441377,0.0668696740038791,0.0802562015140853,-0.0017510583090290979,0.04211726599829031,0.01829129621590894,8.02370966340872,0.9831106453300613,0.9890374198839869,0.9992009757534384,0.010315115563571453,0.05930959340184927,0.017715318128466606,ok,
759xd9YjKW5,fffe7407b0324ceca095d418d02e2ea3,fffe7407b0324ceca095d418d02e2ea3_i2_3,2,3,/mnt/priorbimda-data/PriorBIMDA-Datasets/Matterport3D/v1/scans/759xd9YjKW5/undistorted_color_images/fffe7407b0324ceca095d418d02e2ea3_i2_3.jpg,/mnt/priorbimda-data/PriorBIMDA-Datasets/Matterport3D/v1/scans/759xd9YjKW5/undistorted_depth_images/fffe7407b0324ceca095d418d02e2ea3_d2_3.png,1024,1280,406,504,1.4165615917841592,1221911,0.9322441101074219,-3.2883501052856445,5.9444899559021,1.647189974784851,True,204624,1.0,True,,1.0,204624,1.0005227327346802,0.000522596157517719,1.000477989226528,4.472113145036064e-05,log-depth Laplacian fallback,,,,0.06874961888522402,0.024009933354835963,0.1832710099936484,0.09966630253393856,0.10895728140130075,-0.0010649594019230004,0.06445680296836087,0.027993233850284262,10.895207676696435,0.9663829853401762,0.9763820769270429,0.9993919360739039,0.06878498253223254,0.024065879030171614,0.18362898964992483,0.09999981473987576,0.1089534265530806,-0.0005423633180714379,0.06445622916877405,0.02799298465228998,10.895207661944191,0.9663494313415625,0.9763509780990596,0.9993886625130636,0.06878498253223254,0.024065879030171614,0.18362898964992483,0.09999981473987576,0.1089534265530806,-0.0005423633180714379,0.06445622916877405,0.02799298465228998,10.895207661944191,0.9663494313415625,0.9763509780990596,0.9993886625130636,0.08783178681919819,0.02730310558918403,0.19800607271076856,0.12588995380771853,0.12267112097500565,-0.013290019859765622,0.08485183297693265,0.03685068284125822,12.194908484031975,0.967080253799172,0.9770490649482655,0.9994042119270552,0.06878190448613726,0.0240610556474434,0.18359817589642324,0.09997117753292714,0.10895365829390125,-0.0005870443568344698,0.0644562244229023,0.027992982591184074,10.895207677941391,0.9663518865121928,0.9763526148794798,0.9993894809032736,0.010132979601621628,0.05839774198830128,0.017721764743328094,ok,
759xd9YjKW5,fffe7407b0324ceca095d418d02e2ea3,fffe7407b0324ceca095d418d02e2ea3_i2_4,2,4,/mnt/priorbimda-data/PriorBIMDA-Datasets/Matterport3D/v1/scans/759xd9YjKW5/undistorted_color_images/fffe7407b0324ceca095d418d02e2ea3_i2_4.jpg,/mnt/priorbimda-data/PriorBIMDA-Datasets/Matterport3D/v1/scans/759xd9YjKW5/undistorted_depth_images/fffe7407b0324ceca095d418d02e2ea3_d2_4.png,1024,1280,406,504,1.4165615917841592,1231089,0.9392463684082031,-3.292479991912842,5.958439826965332,1.6474699974060059,True,204624,1.0,True,,1.0,204624,1.0462015867233276,0.04516606860714021,1.0475910714271552,0.0013272421243735247,log-depth Laplacian fallback,,,,0.07444500168039035,0.020636766025347662,0.17447985997304727,0.1061608888193391,0.11193469037251437,-0.05166063604793304,0.07473143613953712,0.03245545034010623,9.93003202004589,0.978612431757574,0.9881495164037694,0.9979782127855906,0.056691470237293956,0.020231363891632416,0.17569331473411204,0.08691633448111444,0.09951247672548291,-0.006494567386588974,0.054169932753325635,0.02352570287983955,9.930032033433141,0.9763802617032562,0.9865923584728643,0.9967207894798833,0.056691470237293956,0.020231363891632416,0.17569331473411204,0.08691633448111444,0.09951247672548291,-0.006494567386588974,0.054169932753325635,0.02352570287983955,9.930032033433141,0.9763802617032562,0.9865923584728643,0.9967207894798833,0.06800737322394215,0.022908700680010313,0.18598615902520443,0.10197577465969006,0.1091603858019168,-0.013949972355067324,0.06599768971424833,0.028662432461261052,10.826535964802488,0.9759814278252832,0.9862187055525636,0.9961838664791903,0.05675081667793773,0.02032957707134886,0.17638610869729843,0.0875861208163941,0.09943467531945847,-0.005167307376474411,0.05415399896368804,0.023518782922924145,9.930032019265173,0.9762974082296243,0.9865517440250055,0.9966907347884678,0.009276998229324818,0.05727221071720123,0.017714262939989567,ok,
759xd9YjKW5,fffe7407b0324ceca095d418d02e2ea3,fffe7407b0324ceca095d418d02e2ea3_i2_5,2,5,/mnt/priorbimda-data/PriorBIMDA-Datasets/Matterport3D/v1/scans/759xd9YjKW5/undistorted_color_images/fffe7407b0324ceca095d418d02e2ea3_i2_5.jpg,/mnt/priorbimda-data/PriorBIMDA-Datasets/Matterport3D/v1/scans/759xd9YjKW5/undistorted_depth_images/fffe7407b0324ceca095d418d02e2ea3_d2_5.png,1024,1280,406,504,1.4165615917841592,1182947,0.9025169372558594,-3.2824699878692627,5.968979835510254,1.6477299928665161,True,204624,1.0,True,,1.0,204624,0.991491436958313,-0.00854496751110572,0.9556883515294209,0.036778443690649885,log-depth Laplacian fallback,,,,0.06313738896405797,0.008316695962520576,0.09309226378852266,0.06741069853971171,0.08282723067001148,0.05299219447821174,0.059581955076654515,0.02587611431079851,6.365671578746955,0.9893689235443346,0.9995063176963972,1.0,0.05830064072899685,0.0072282611864582305,0.08639840189086428,0.062014516957672045,0.07763847929192741,0.044447227070847556,0.05526309945554819,0.024000459146415177,6.36567158473916,0.9896487332061369,0.9998157144825592,1.0,0.05830064072899685,0.0072282611864582305,0.08639840189086428,0.062014516957672045,0.07763847929192741,0.044447227070847556,0.05526309945554819,0.024000459146415177,6.36567158473916,0.9896487332061369,0.9998157144825592,1.0,0.06636248697400088,0.007234116890248398,0.0850019226596603,0.0685240301069664,0.08071095202031782,0.024306073626978304,0.06432343599446358,0.02793531330945255,7.696409916880698,0.9899133266325542,1.0,1.0,0.04863496666166921,0.004545805656940476,0.06705055128180021,0.04992541368900548,0.06411698520874935,0.007668789359377342,0.047515367475526406,0.02063566190022637,6.365671576527086,0.9908820936187336,1.0,1.0,0.011511719785630703,0.05745045933872461,0.017763222567737103,ok,
