scene_id,panorama_id,frame_id,camera_index,yaw_index,rgb_path,depth_path,height,width,process_height,process_width,focal_scale,gt_valid_pixels,gt_valid_fraction,camera_x,camera_y,camera_z,camera_in_bim_aabb,bim_hit_pixels,bim_hit_fraction,three_rule_pass,filter_reasons,deterministic_scale,deterministic_scale_support,learned_scale,learned_log_scale,oracle_frame_scale,scale_abs_log_error,confidence_source,round_1_log_scale,round_2_log_scale,round_3_log_scale,raw_abs_rel,raw_sq_rel,raw_rmse_m,raw_mae_m,raw_rmse_log,raw_mean_log_error,raw_mean_abs_log_error,raw_log10_error,raw_silog_x100,raw_delta1,raw_delta2,raw_delta3,scale_abs_rel,scale_sq_rel,scale_rmse_m,scale_mae_m,scale_rmse_log,scale_mean_log_error,scale_mean_abs_log_error,scale_log10_error,scale_silog_x100,scale_delta1,scale_delta2,scale_delta3,scale_low_abs_rel,scale_low_sq_rel,scale_low_rmse_m,scale_low_mae_m,scale_low_rmse_log,scale_low_mean_log_error,scale_low_mean_abs_log_error,scale_low_log10_error,scale_low_silog_x100,scale_low_delta1,scale_low_delta2,scale_low_delta3,final_abs_rel,final_sq_rel,final_rmse_m,final_mae_m,final_rmse_log,final_mean_log_error,final_mean_abs_log_error,final_log10_error,final_silog_x100,final_delta1,final_delta2,final_delta3,oracle_frame_scale_abs_rel,oracle_frame_scale_sq_rel,oracle_frame_scale_rmse_m,oracle_frame_scale_mae_m,oracle_frame_scale_rmse_log,oracle_frame_scale_mean_log_error,oracle_frame_scale_mean_abs_log_error,oracle_frame_scale_log10_error,oracle_frame_scale_silog_x100,oracle_frame_scale_delta1,oracle_frame_scale_delta2,oracle_frame_scale_delta3,bim_render_seconds,da3_inference_seconds,model_inference_seconds,status,error
759xd9YjKW5,013de08029c64d4caa3807ff21822447,013de08029c64d4caa3807ff21822447_i0_0,0,0,/mnt/priorbimda-data/PriorBIMDA-Datasets/Matterport3D/v1/scans/759xd9YjKW5/undistorted_color_images/013de08029c64d4caa3807ff21822447_i0_0.jpg,/mnt/priorbimda-data/PriorBIMDA-Datasets/Matterport3D/v1/scans/759xd9YjKW5/undistorted_depth_images/013de08029c64d4caa3807ff21822447_d0_0.png,1024,1280,406,504,1.4155678118069965,1168765,0.8916969299316406,-6.383389949798584,-13.631799697875977,1.5737500190734863,True,95002,0.4642759402611619,True,,1.0,95002,1.2469532489776611,0.22070317519932098,1.131124803538722,0.09749063619679574,log-depth Laplacian fallback,,,,0.1173022966142459,0.02565414024234413,0.21495193078864747,0.2011133421842945,0.13049614789781075,-0.12385157287441427,0.1251017134046673,0.05433098380828912,4.111000501947117,0.9957117127908519,0.9993129499942247,0.9998631033612403,0.10275567974716099,0.023199656524039998,0.21005662326579733,0.18058641477868845,0.10521532865859813,0.09685160237741194,0.09691126504399414,0.04208802764287014,4.111000488524068,0.997493935906705,0.9988526350463951,0.9993197948261626,0.10275567974716099,0.023199656524039998,0.21005662326579733,0.18058641477868845,0.10521532865859813,0.09685160237741194,0.09691126504399414,0.04208802764287014,4.111000488524068,0.997493935906705,0.9988526350463951,0.9993197948261626,0.09460308788476061,0.02002203842492134,0.19419764535203357,0.16539462336245345,0.09842368628296766,0.08878436256188238,0.08950298821368931,0.03887065389505706,4.248010105929898,0.9977754296201546,0.9988765919581781,0.9993736978776743,0.026806916551764707,0.0036483107540051176,0.08104580377415324,0.049421722547831295,0.04111497075685006,-0.0006389891568327272,0.026512519992116117,0.011514241133925672,4.111000502546899,0.9986464344842633,0.9989766976252711,0.9996021441436046,0.021198502741754055,0.24622840993106365,0.0630296254530549,ok,
759xd9YjKW5,013de08029c64d4caa3807ff21822447,013de08029c64d4caa3807ff21822447_i1_0,1,0,/mnt/priorbimda-data/PriorBIMDA-Datasets/Matterport3D/v1/scans/759xd9YjKW5/undistorted_color_images/013de08029c64d4caa3807ff21822447_i1_0.jpg,/mnt/priorbimda-data/PriorBIMDA-Datasets/Matterport3D/v1/scans/759xd9YjKW5/undistorted_depth_images/013de08029c64d4caa3807ff21822447_d1_0.png,1024,1280,406,504,1.4121168655554452,1207296,0.92109375,-6.374410152435303,-13.636699676513672,1.60725998878479,True,204624,1.0,True,,1.0,204624,0.9628652930259705,-0.03784175959989025,0.8877964238874142,0.08117105505145839,log-depth Laplacian fallback,,,,0.1211284164061082,0.06608007336479885,0.29368720926611963,0.15331684967540077,0.1536051252856797,0.09352207726192155,0.10657923961154465,0.0462867756487383,12.185300808205161,0.9855014843087362,0.9919439805979644,0.993028221745123,0.10448986359289007,0.056170006522749394,0.28664183999712944,0.1639586596335407,0.13397183795419132,0.055680317655109675,0.09418866805458276,0.04090561879392241,12.185300813131443,0.9856853663061916,0.9921469134329941,0.9931814567430025,0.10448986359289007,0.056170006522749394,0.28664183999712944,0.1639586596335407,0.13397183795419132,0.055680317655109675,0.09418866805458276,0.04090561879392241,12.185300813131443,0.9856853663061916,0.9921469134329941,0.9931814567430025,0.1013455041387339,0.05614443129628498,0.28754895840875155,0.1619170805538291,0.13156029060527152,0.05112818177003652,0.09150024432880918,0.03973805120480117,12.121888917587722,0.9857276094677693,0.9921361455682782,0.9931632342027141,0.07763058940861314,0.05590278071028382,0.3558711043655717,0.203595123457218,0.12449070050901229,-0.025490762020597427,0.07461446035476031,0.03240464840226137,12.185300802538219,0.9885347089694656,0.9925171623197625,0.9935401094677693,0.00888990517705679,0.06496703159064054,0.017405370250344276,ok,
759xd9YjKW5,013de08029c64d4caa3807ff21822447,013de08029c64d4caa3807ff21822447_i1_1,1,1,/mnt/priorbimda-data/PriorBIMDA-Datasets/Matterport3D/v1/scans/759xd9YjKW5/undistorted_color_images/013de08029c64d4caa3807ff21822447_i1_1.jpg,/mnt/priorbimda-data/PriorBIMDA-Datasets/Matterport3D/v1/scans/759xd9YjKW5/undistorted_depth_images/013de08029c64d4caa3807ff21822447_d1_1.png,1024,1280,406,504,1.4121168655554452,1117456,0.85255126953125,-6.371419906616211,-13.634900093078613,1.607300043106079,True,101967,0.49831398076471967,True,,1.0,101967,0.9528099298477173,-0.04833983924082166,1.0155583274122963,0.06377837676635265,log-depth Laplacian fallback,,,,0.04123422198116558,0.015742969800796328,0.24415901632990922,0.14220683226791442,0.06674221471037813,-0.01914945138939238,0.041789106900698834,0.018148778530638593,6.393607538730785,0.9913150942855915,0.9978719520052691,0.9994568018785527,0.07167965063307667,0.026950688279108282,0.32653230306623043,0.25103826314102934,0.09296572522489197,-0.06748929056254838,0.07490964772583004,0.032532846648644476,6.393607530928086,0.9923826978422416,0.9978325768531379,0.9997225841554388,0.07167965063307667,0.026950688279108282,0.32653230306623043,0.25103826314102934,0.09296572522489197,-0.06748929056254838,0.07490964772583004,0.032532846648644476,6.393607530928086,0.9923826978422416,0.9978325768531379,0.9997225841554388,0.07514484820602364,0.028896615693257133,0.3367148342629533,0.26306136947181363,0.09667958193580192,-0.07208473689216718,0.0787210823350563,0.03418813166756651,6.442617690402301,0.9905714408442032,0.997854949098667,0.9996411491817128,0.03751368338332182,0.015564564426680258,0.24337010083398758,0.1315735127870792,0.0640436754526873,-0.0037108798202673842,0.037471563672115904,0.01627369333108629,6.393607539135221,0.9906841969616701,0.9978647928866998,0.9994004238198193,0.009711779654026031,0.06526481732726097,0.01738438755273819,ok,
759xd9YjKW5,013de08029c64d4caa3807ff21822447,013de08029c64d4caa3807ff21822447_i1_5,1,5,/mnt/priorbimda-data/PriorBIMDA-Datasets/Matterport3D/v1/scans/759xd9YjKW5/undistorted_color_images/013de08029c64d4caa3807ff21822447_i1_5.jpg,/mnt/priorbimda-data/PriorBIMDA-Datasets/Matterport3D/v1/scans/759xd9YjKW5/undistorted_depth_images/013de08029c64d4caa3807ff21822447_d1_5.png,1024,1280,406,504,1.4121168655554452,1305329,0.9958869934082031,-6.374330043792725,-13.640199661254883,1.607300043106079,True,62251,0.3042214012041598,True,,1.0,62251,1.006490707397461,0.00646973346438898,0.9346360902921006,0.07406776716276876,log-depth Laplacian fallback,,,,0.06253096807034583,0.00624276047175215,0.09257109058815434,0.08369175878383728,0.06775316631404829,0.055337392090562224,0.06027219317582383,0.026175880908467147,3.909302472557566,0.9995342170441321,1.0,1.0,0.06791197590609598,0.00730928460840207,0.09975986731331259,0.09059266736182191,0.0731326558005805,0.061807125505862495,0.06523151644722426,0.028329687639210697,3.909302471220079,0.9995158308748215,1.0,1.0,0.06791197590609598,0.00730928460840207,0.09975986731331259,0.09059266736182191,0.0731326558005805,0.061807125505862495,0.06523151644722426,0.028329687639210697,3.909302471220079,0.9995158308748215,1.0,1.0,0.05687567899621474,0.005136968032598448,0.08548316428588716,0.07749849342728371,0.061493712955264436,0.046162950869796486,0.05512573191064623,0.023940801179671664,4.062583783772604,0.9995717554731413,1.0,1.0,0.029650939070323283,0.003858615425989283,0.10126020595660759,0.062062538041262404,0.040970565522115594,-0.012260614064953398,0.03022443332749122,0.01312630461278217,3.9093024722477465,0.9996973942967635,1.0,1.0,0.009405882097780704,0.06379393301904202,0.017419281415641308,ok,
759xd9YjKW5,013de08029c64d4caa3807ff21822447,013de08029c64d4caa3807ff21822447_i2_0,2,0,/mnt/priorbimda-data/PriorBIMDA-Datasets/Matterport3D/v1/scans/759xd9YjKW5/undistorted_color_images/013de08029c64d4caa3807ff21822447_i2_0.jpg,/mnt/priorbimda-data/PriorBIMDA-Datasets/Matterport3D/v1/scans/759xd9YjKW5/undistorted_depth_images/013de08029c64d4caa3807ff21822447_d2_0.png,1024,1280,406,504,1.4165615917841592,1225524,0.9350006103515625,-6.384799957275391,-13.630999565124512,1.6402299404144287,True,145023,0.7087291813277035,True,,1.0,145023,1.1052788496017456,0.10009765571492463,1.0430331694102908,0.057964678274547744,log-depth Laplacian fallback,,,,0.05467651816238175,0.011873345502218625,0.1344195615905133,0.08897510925194153,0.07414260296285029,-0.043908001697447054,0.05464039211710095,0.0237300207854869,5.974289046442131,0.9888570113681984,0.9979747438646652,0.9986936200351849,0.060755199565940735,0.017253861181905163,0.1709358641987233,0.10630308877044566,0.08201518257357603,0.05618965407531792,0.056846198176381445,0.024687990185181155,5.974289035084524,0.984276113727679,0.996783416726233,0.9984977854370864,0.060755199565940735,0.017253861181905163,0.1709358641987233,0.10630308877044566,0.08201518257357603,0.05618965407531792,0.056846198176381445,0.024687990185181155,5.974289035084524,0.984276113727679,0.996783416726233,0.9984977854370864,0.059011360160984946,0.017046251025631474,0.16715501929955623,0.10044991156891842,0.08203361437046496,0.053135969890918414,0.05509537667710044,0.023927618069245843,6.249866070911893,0.9843446558370134,0.9967140586394065,0.998481465887245,0.02791776556479051,0.009725417484755017,0.11568450796572909,0.04259222997839845,0.05976925489710498,-0.0017750686863027554,0.02628720517839494,0.011416388153635514,5.97428904733778,0.9872731990560772,0.9976532487327869,0.9986030465335645,0.00899870041757822,0.06486025266349316,0.01738128252327442,ok,
759xd9YjKW5,013de08029c64d4caa3807ff21822447,013de08029c64d4caa3807ff21822447_i2_5,2,5,/mnt/priorbimda-data/PriorBIMDA-Datasets/Matterport3D/v1/scans/759xd9YjKW5/undistorted_color_images/013de08029c64d4caa3807ff21822447_i2_5.jpg,/mnt/priorbimda-data/PriorBIMDA-Datasets/Matterport3D/v1/scans/759xd9YjKW5/undistorted_depth_images/013de08029c64d4caa3807ff21822447_d2_5.png,1024,1280,406,504,1.4165615917841592,1233108,0.9407867431640625,-6.384479999542236,-13.645600318908691,1.6404099464416504,True,65859,0.3218537414965986,True,,1.0,65859,1.0966774225234985,0.09228508383326206,0.9950205191207635,0.09727700363751852,log-depth Laplacian fallback,,,,0.02662038747220526,0.0033424882497853823,0.071380250693918,0.042574334427730634,0.045690809827010785,0.006436215517706971,0.02583409035505321,0.011219602886189627,4.523522114964945,0.9897348812918252,1.0,1.0,0.10504851342609221,0.02294983525508511,0.21029233565837166,0.18255877076054758,0.10859152898121298,0.09872129922311867,0.09881382169174914,0.0429142974964985,4.523522130129448,0.9777456638023596,0.9966418188836663,1.0,0.10504851342609221,0.02294983525508511,0.21029233565837166,0.18255877076054758,0.10859152898121298,0.09872129922311867,0.09881382169174914,0.0429142974964985,4.523522130129448,0.9777456638023596,0.9966418188836663,1.0,0.09718338846657097,0.020266970224952555,0.19618201858547138,0.1682524065884105,0.10285580697518797,0.0914814881700483,0.09158447140126597,0.03977463055759598,4.701546927034165,0.9773653240429873,0.9966896654632036,1.0,0.026107799165449676,0.0032317660001656805,0.06956458437558827,0.041261891194822556,0.0452582720603174,0.0014442853390165106,0.025452800184668268,0.011054010669187497,4.523522111966746,0.989933566240751,1.0,1.0,0.009215252473950386,0.06491383165121078,0.017453748732805252,ok,
759xd9YjKW5,03bb2fc19b214b91a81c958303f98892,03bb2fc19b214b91a81c958303f98892_i0_0,0,0,/mnt/priorbimda-data/PriorBIMDA-Datasets/Matterport3D/v1/scans/759xd9YjKW5/undistorted_color_images/03bb2fc19b214b91a81c958303f98892_i0_0.jpg,/mnt/priorbimda-data/PriorBIMDA-Datasets/Matterport3D/v1/scans/759xd9YjKW5/undistorted_depth_images/03bb2fc19b214b91a81c958303f98892_d0_0.png,1024,1280,406,504,1.4155678118069965,1239409,0.9455940246582031,-8.204360008239746,-3.7431600093841553,1.5707900524139404,True,120351,0.5881568144499179,True,,1.0,120351,0.8990241885185242,-0.10644533884519805,0.9606255250291951,0.06627472070535692,log-depth Laplacian fallback,,,,0.051645223385824654,0.008634187902017493,0.13814716109604186,0.10427046650682498,0.061791688303062316,0.04498453075466829,0.04998960613197482,0.021710210095633644,4.236277535909458,0.9958657715088401,1.0,1.0,0.06092735217710123,0.01011686098301789,0.1536486490856429,0.11873783891576817,0.0746460693993832,-0.06146080813792787,0.06357054808652772,0.027608338245544314,4.236277540259081,0.9965596506076686,0.9994916932183,1.0,0.06092735217710123,0.01011686098301789,0.1536486490856429,0.11873783891576817,0.0746460693993832,-0.06146080813792787,0.06357054808652772,0.027608338245544314,4.236277540259081,0.9965596506076686,0.9994916932183,1.0,0.06978694322924632,0.012443749212238784,0.16606170936240264,0.1313199873077859,0.08624472952338055,-0.07210773135770134,0.07332436926225926,0.031844368959635654,4.731414639414565,0.9965774010032201,0.9994916932183,1.0,0.030538142268774715,0.00400554868141933,0.09948176237297128,0.06295774691286725,0.04263541410867537,0.004813917090505601,0.030412827267722195,0.0132081230614485,4.236277538669973,0.9961578461992773,0.99973455090289,1.0,0.008632267825305462,0.059804306365549564,0.017444664612412453,ok,
759xd9YjKW5,03bb2fc19b214b91a81c958303f98892,03bb2fc19b214b91a81c958303f98892_i0_1,0,1,/mnt/priorbimda-data/PriorBIMDA-Datasets/Matterport3D/v1/scans/759xd9YjKW5/undistorted_color_images/03bb2fc19b214b91a81c958303f98892_i0_1.jpg,/mnt/priorbimda-data/PriorBIMDA-Datasets/Matterport3D/v1/scans/759xd9YjKW5/undistorted_depth_images/03bb2fc19b214b91a81c958303f98892_d0_1.png,1024,1280,406,504,1.4155678118069965,1208895,0.9223136901855469,-8.191080093383789,-3.7490999698638916,1.5705499649047852,True,94966,0.4641000078192196,True,,1.0,94966,0.9194456338882446,-0.08398436241904114,1.1852663016512497,0.25395183889063244,log-depth Laplacian fallback,,,,0.1793057133256794,0.09800857302818573,0.47347690436961626,0.3621659425072455,0.24814823156485538,-0.20213754270508089,0.20539040363398842,0.08919991893412277,14.393734281942502,0.5514258889316277,0.9505126582540254,0.998489529694473,0.24493303125880495,0.14666042568879062,0.5755880457556745,0.4671471070574512,0.32028690771696167,-0.28612190506469826,0.2888698220415901,0.12545456970103694,14.393734295533358,0.46566492540708665,0.8207975051596706,0.9986036835291733,0.24493303125880495,0.14666042568879062,0.5755880457556745,0.4671471070574512,0.32028690771696167,-0.28612190506469826,0.2888698220415901,0.12545456970103694,14.393734295533358,0.46566492540708665,0.8207975051596706,0.9986036835291733,0.25761821865448836,0.155404246916646,0.5892337644909809,0.48421554545993634,0.33415670360598565,-0.30265001169066325,0.305396278999398,0.13263191876322447,14.164629535734404,0.4445547380045413,0.8001075362210944,0.9985557058305312,0.11970414088737913,0.03803649988858534,0.2728812817489007,0.21129715808308752,0.1474885564217006,-0.03217010450570121,0.12345837264347675,0.05361728998381731,14.39373427969595,0.8655193379077587,0.9975630637896592,0.9984465152060352,0.008715298026800156,0.06462960410863161,0.01738677453249693,ok,
759xd9YjKW5,03bb2fc19b214b91a81c958303f98892,03bb2fc19b214b91a81c958303f98892_i0_5,0,5,/mnt/priorbimda-data/PriorBIMDA-Datasets/Matterport3D/v1/scans/759xd9YjKW5/undistorted_color_images/03bb2fc19b214b91a81c958303f98892_i0_5.jpg,/mnt/priorbimda-data/PriorBIMDA-Datasets/Matterport3D/v1/scans/759xd9YjKW5/undistorted_depth_images/03bb2fc19b214b91a81c958303f98892_d0_5.png,1024,1280,406,504,1.4155678118069965,1258031,0.9598014831542969,-8.216139793395996,-3.751689910888672,1.5712699890136719,True,47231,0.23081847681601375,True,,1.0,47231,0.9257524609565735,-0.07714840085376475,1.0446486018798915,0.12082896357675728,log-depth Laplacian fallback,,,,0.09791074838392705,0.04972405749015966,0.3628997319431621,0.2724790034154845,0.1386307333038572,-0.040110060262852354,0.09766283679820834,0.042414431108479714,13.270140648115051,0.876105596761924,0.9910749417144729,1.0,0.14849640712506598,0.0802598405236961,0.5005940771889611,0.4468439369553836,0.1770853182539344,-0.1172584610559241,0.15767879703904045,0.06847903146719811,13.270140636742914,0.7910194581850527,0.989568619533223,1.0,0.14849640712506598,0.0802598405236961,0.5005940771889611,0.4468439369553836,0.1770853182539344,-0.1172584610559241,0.15767879703904045,0.06847903146719811,13.270140636742914,0.7910194581850527,0.989568619533223,1.0,0.15869333686213746,0.09028009527621988,0.5324590329363964,0.4791555684176397,0.188599017862236,-0.1296209069414661,0.16972595631027435,0.0737110462613046,13.699638689495355,0.7632284101107206,0.9893643320395126,1.0,0.08690103237227878,0.04628388567067542,0.32817787236738266,0.22295736567060775,0.13274943344007223,0.0035705459464951926,0.0827222469673397,0.03592581538855368,13.270140647447612,0.9097383132848078,0.9927132161290143,0.999639913483849,0.009710678830742836,0.06310097593814135,0.01735791377723217,ok,
759xd9YjKW5,03bb2fc19b214b91a81c958303f98892,03bb2fc19b214b91a81c958303f98892_i1_0,1,0,/mnt/priorbimda-data/PriorBIMDA-Datasets/Matterport3D/v1/scans/759xd9YjKW5/undistorted_color_images/03bb2fc19b214b91a81c958303f98892_i1_0.jpg,/mnt/priorbimda-data/PriorBIMDA-Datasets/Matterport3D/v1/scans/759xd9YjKW5/undistorted_depth_images/03bb2fc19b214b91a81c958303f98892_d1_0.png,1024,1280,406,504,1.4121168655554452,1191344,0.90892333984375,-8.202329635620117,-3.7535300254821777,1.604200005531311,True,204624,1.0,True,,1.0,204624,0.9925510883331299,-0.0074767933544897264,0.9920654038467496,0.0004894492190203898,log-depth Laplacian fallback,,,,0.05481478627220109,0.043313452514320616,0.4170636256718858,0.12799285475362426,0.1297743684991699,-0.00983163722115676,0.057513584341613126,0.024977832314039838,12.940141277787468,0.9737128822573496,0.9805077290858056,0.9862843981251427,0.053606270279560796,0.04318869701939124,0.418383725596846,0.12583165755419756,0.1305538487469702,-0.01730843036728306,0.05670966422421836,0.024628694243164308,12.940141290135779,0.9738547388495682,0.978404222457997,0.9863423159053976,0.053606270279560796,0.04318869701939124,0.418383725596846,0.12583165755419756,0.1305538487469702,-0.01730843036728306,0.05670966422421836,0.024628694243164308,12.940141290135779,0.9738547388495682,0.978404222457997,0.9863423159053976,0.056711505608623855,0.04336757162929767,0.4184298214658071,0.12919276227888163,0.13299008861435915,-0.024850664577858908,0.06035446289241299,0.026211610192409533,13.064764881043153,0.9739420352140103,0.976901717723848,0.9864615090183859,0.05357609132427137,0.043188105854270596,0.41849019424347,0.12578186566082988,0.13061963565924758,-0.017797853775909537,0.056705713727075516,0.024626978564054373,12.940141274625223,0.973862293342645,0.9782430599390268,0.9863448340697565,0.008325636386871338,0.05853957124054432,0.017394508235156536,ok,
759xd9YjKW5,03bb2fc19b214b91a81c958303f98892,03bb2fc19b214b91a81c958303f98892_i1_1,1,1,/mnt/priorbimda-data/PriorBIMDA-Datasets/Matterport3D/v1/scans/759xd9YjKW5/undistorted_color_images/03bb2fc19b214b91a81c958303f98892_i1_1.jpg,/mnt/priorbimda-data/PriorBIMDA-Datasets/Matterport3D/v1/scans/759xd9YjKW5/undistorted_depth_images/03bb2fc19b214b91a81c958303f98892_d1_1.png,1024,1280,406,504,1.4121168655554452,968302,0.7387557983398437,-8.199130058288574,-3.754960060119629,1.604140043258667,True,163024,0.7967002893111268,True,,1.0,163024,1.0072896480560303,0.007263206991254513,1.0416800689287318,0.03357165361781465,log-depth Laplacian fallback,,,,0.05636841718778454,0.03751146851799983,0.2520005636119465,0.09664390296570206,0.11404968761799716,-0.035275490483192846,0.05161005553054434,0.022413962327635817,10.845723128004378,0.9859000601052151,0.9877651806977575,0.9935175182949121,0.05054247011707451,0.03711228500845064,0.24751989203993655,0.08711809729963028,0.11201633389373228,-0.028012283446414828,0.04539639231287905,0.01971540267979857,10.845723136384143,0.9859320749105135,0.9877558860768645,0.9934978963174712,0.05054247011707451,0.03711228500845064,0.24751989203993655,0.08711809729963028,0.11201633389373228,-0.028012283446414828,0.04539639231287905,0.01971540267979857,10.845723136384143,0.9859320749105135,0.9877558860768645,0.9934978963174712,0.06292254945860716,0.038224862977247274,0.24914226395185593,0.0964423000119658,0.11629855297033721,-0.041992348841235934,0.058167388009114536,0.02526177563908381,10.845273653435529,0.9858917982199769,0.9877517551342453,0.9934772416043754,0.04124246898441831,0.03727408724089309,0.23483855489764388,0.056571114454598045,0.10859962204498298,0.00555939765867072,0.03462496355976266,0.015037430610106102,10.845723122957695,0.9859888753715267,0.9877228385359114,0.9933089056926455,0.009759032167494297,0.06430920958518982,0.017394693568348885,ok,
759xd9YjKW5,03bb2fc19b214b91a81c958303f98892,03bb2fc19b214b91a81c958303f98892_i1_3,1,3,/mnt/priorbimda-data/PriorBIMDA-Datasets/Matterport3D/v1/scans/759xd9YjKW5/undistorted_color_images/03bb2fc19b214b91a81c958303f98892_i1_3.jpg,/mnt/priorbimda-data/PriorBIMDA-Datasets/Matterport3D/v1/scans/759xd9YjKW5/undistorted_depth_images/03bb2fc19b214b91a81c958303f98892_d1_3.png,1024,1280,406,504,1.4121168655554452,1154410,0.8807449340820312,-8.201600074768066,-3.760499954223633,1.6043100357055664,True,85966,0.4201168973336461,True,,1.0,85966,0.924397349357605,-0.07861326800531607,0.9743388534314155,0.05261713096317988,log-depth Laplacian fallback,,,,0.08107612905602105,0.05989531100145317,0.4725404674320656,0.3157532081009119,0.11074545402454627,0.022802570663356458,0.07626248321410901,0.033120375636126916,10.837249816372015,0.9677298360201315,0.992066943287047,0.9975390026073925,0.09357145938971911,0.06906038023189826,0.5629215361465089,0.41154476897917125,0.12189927108636733,-0.05581069737912486,0.09511383721014471,0.04130741465301004,10.83724981231097,0.9808499579871969,0.9948311258564981,0.9978785700054573,0.09357145938971911,0.06906038023189826,0.5629215361465089,0.41154476897917125,0.12189927108636733,-0.05581069737912486,0.09511383721014471,0.04130741465301004,10.83724981231097,0.9808499579871969,0.9948311258564981,0.9978785700054573,0.09443257677108445,0.07243453017467719,0.5797227943771307,0.4197504194146648,0.12528876547172002,-0.06190660121238766,0.096590709281653,0.04194881204414314,10.892588067010553,0.977475940090609,0.9948051385556258,0.9978794362488197,0.07615435645568375,0.05697186781235073,0.4746915974469313,0.30289776325070933,0.10841954338579674,-0.003193590932363397,0.07337479519781422,0.03186626866519196,10.837249819461293,0.9786141838688162,0.9929609064370545,0.997683665248915,0.00892234593629837,0.06543412897735834,0.017399292439222336,ok,
759xd9YjKW5,03bb2fc19b214b91a81c958303f98892,03bb2fc19b214b91a81c958303f98892_i1_4,1,4,/mnt/priorbimda-data/PriorBIMDA-Datasets/Matterport3D/v1/scans/759xd9YjKW5/undistorted_color_images/03bb2fc19b214b91a81c958303f98892_i1_4.jpg,/mnt/priorbimda-data/PriorBIMDA-Datasets/Matterport3D/v1/scans/759xd9YjKW5/undistorted_depth_images/03bb2fc19b214b91a81c958303f98892_d1_4.png,1024,1280,406,504,1.4121168655554452,1140267,0.8699546813964844,-8.20479965209961,-3.7590699195861816,1.6043699979782104,True,158657,0.7753587067010712,True,,1.0,158657,0.9591113924980164,-0.041748055997418314,1.0377744973338514,0.07882656986961609,log-depth Laplacian fallback,,,,0.0679901924792533,0.07889614918358825,0.5324608819203546,0.29066179750573007,0.11028919539905327,-0.024303559996572893,0.06425321704535077,0.02790481760732783,10.75780813793569,0.9788952938215347,0.9890218694393506,0.9931805445566696,0.09362349282262454,0.08957513829033573,0.5953369150857216,0.4243280192569338,0.12623731437953248,-0.06605161594796272,0.09321318457514373,0.040481971701614265,10.757808128247946,0.9797389558761237,0.9896340067720981,0.9941347070466829,0.09362349282262454,0.08957513829033573,0.5953369150857216,0.4243280192569338,0.12623731437953248,-0.06605161594796272,0.09321318457514373,0.040481971701614265,10.757808128247946,0.9797389558761237,0.9896340067720981,0.9941347070466829,0.09460331035306728,0.091908765144707,0.6048174609448724,0.4319625008451199,0.1281695128784607,-0.06928297273030304,0.09449751808817533,0.04103975065924728,10.782992961675342,0.9800801040458068,0.9898374678912921,0.9939593095301363,0.06062036511311686,0.08249525542827171,0.5336818140064528,0.2377728364017548,0.10833393614501469,0.01277490216443426,0.05455426469953308,0.023692616123296602,10.757808138910665,0.9760836716312934,0.988170314496517,0.9925070180931308,0.009073156863451004,0.06364929117262363,0.01737664546817541,ok,
759xd9YjKW5,03bb2fc19b214b91a81c958303f98892,03bb2fc19b214b91a81c958303f98892_i1_5,1,5,/mnt/priorbimda-data/PriorBIMDA-Datasets/Matterport3D/v1/scans/759xd9YjKW5/undistorted_color_images/03bb2fc19b214b91a81c958303f98892_i1_5.jpg,/mnt/priorbimda-data/PriorBIMDA-Datasets/Matterport3D/v1/scans/759xd9YjKW5/undistorted_depth_images/03bb2fc19b214b91a81c958303f98892_d1_5.png,1024,1280,406,504,1.4121168655554452,1224927,0.9345451354980469,-8.205160140991211,-3.7555899620056152,1.6043100357055664,True,178766,0.8736316365626711,True,,1.0,178766,1.0130853652954102,0.013000491504211219,1.028828497512663,0.015420282372962233,log-depth Laplacian fallback,,,,0.03894543118893688,0.016571731903597817,0.20855219617054688,0.14343848789740943,0.06563011713099479,-0.0176541887331585,0.03750961855603186,0.01629022035718045,6.321108996688883,0.9905218841612602,0.9966177576296383,0.9981574412189461,0.03127125639627018,0.015406788853432768,0.19051093356702045,0.10770465511765807,0.06338216451916552,-0.004653697182810046,0.029381963441477223,0.012760424590116637,6.321108986297634,0.9901414533274228,0.9964724428476146,0.998149277467147,0.03127125639627018,0.015406788853432768,0.19051093356702045,0.10770465511765807,0.06338216451916552,-0.004653697182810046,0.029381963441477223,0.012760424590116637,6.321108986297634,0.9901414533274228,0.9964724428476146,0.998149277467147,0.03838334910313352,0.017386971294911846,0.21385218450541568,0.1397454138378458,0.0671711463872931,-0.013696987113410553,0.03687953285837243,0.016016577615560797,6.575983159192414,0.9907218960803379,0.9964822393497735,0.9981500938423269,0.026907712072089095,0.015780392319708982,0.18730581202486646,0.08458958227788212,0.06412145772606426,0.010766589238012573,0.024579194277098006,0.010674608444171658,6.32110899850284,0.9892662991345607,0.9962324285447215,0.9981394809649882,0.008939963765442371,0.10958001855760813,0.017497656866908073,ok,
759xd9YjKW5,03bb2fc19b214b91a81c958303f98892,03bb2fc19b214b91a81c958303f98892_i2_0,2,0,/mnt/priorbimda-data/PriorBIMDA-Datasets/Matterport3D/v1/scans/759xd9YjKW5/undistorted_color_images/03bb2fc19b214b91a81c958303f98892_i2_0.jpg,/mnt/priorbimda-data/PriorBIMDA-Datasets/Matterport3D/v1/scans/759xd9YjKW5/undistorted_depth_images/03bb2fc19b214b91a81c958303f98892_d2_0.png,1024,1280,406,504,1.4165615917841592,1224545,0.9342536926269531,-8.202569961547852,-3.7419300079345703,1.6372599601745605,True,204624,1.0,True,,1.0,204624,1.0083353519439697,0.0083008047405951,0.9825937295994099,0.025860345446150124,log-depth Laplacian fallback,,,,0.03279700853660715,0.008444674303429217,0.13547957720429507,0.060852952503351085,0.054220332778944884,0.019554880919428204,0.03162745782335276,0.013735630409309934,5.0571247946699005,0.9928675548877338,0.9980417216190504,0.9992291014213442,0.037918396165777954,0.009447732347139125,0.1433786570270749,0.07068496677441329,0.057735520652313445,0.027855685550176534,0.0364562194090206,0.015832734920391868,5.05712480320923,0.9924968049357108,0.9980017067563871,0.9992176686034404,0.037918396165777954,0.009447732347139125,0.1433786570270749,0.07068496677441329,0.057735520652313445,0.027855685550176534,0.0364562194090206,0.015832734920391868,5.05712480320923,0.9924968049357108,0.9980017067563871,0.9992176686034404,0.04034599370318398,0.009190269874272324,0.13879554056142548,0.07245566925672428,0.0591296381713915,0.024007684044559018,0.03898661465292316,0.016931671611852984,5.403651744048931,0.9923040802910469,0.9980752034429115,0.9992503337974513,0.027846272820316535,0.007166618936649391,0.12370394571523025,0.04989683225788829,0.05061059610207553,0.001995325539248183,0.027195669148890423,0.011810929043029618,5.057124789640697,0.9934342960038218,0.9981054187473715,0.9992184852332907,0.008359173312783241,0.05900371912866831,0.01738805416971445,ok,
759xd9YjKW5,03bb2fc19b214b91a81c958303f98892,03bb2fc19b214b91a81c958303f98892_i2_1,2,1,/mnt/priorbimda-data/PriorBIMDA-Datasets/Matterport3D/v1/scans/759xd9YjKW5/undistorted_color_images/03bb2fc19b214b91a81c958303f98892_i2_1.jpg,/mnt/priorbimda-data/PriorBIMDA-Datasets/Matterport3D/v1/scans/759xd9YjKW5/undistorted_depth_images/03bb2fc19b214b91a81c958303f98892_d2_1.png,1024,1280,406,504,1.4165615917841592,1170496,0.893017578125,-8.189290046691895,-3.7478699684143066,1.6370099782943726,True,105798,0.5170361247947455,True,,1.0,105798,0.8595319986343384,-0.1513672254929052,1.012206271616942,0.1634996012969822,log-depth Laplacian fallback,,,,0.03207048591125415,0.0074626719441553135,0.09742846453205643,0.05009608219746223,0.056263249533062755,-0.0011587866335258884,0.030689747700047936,0.013328388077133836,5.625131519847023,0.9960914005686479,0.9977513806112964,0.9981964910602001,0.1451914183499709,0.04343998758673371,0.2993290985383768,0.26173828746915717,0.16256812357135636,-0.15252601196053348,0.1561490546661922,0.06781467279593649,5.625131533508339,0.9947740103340806,0.9972840573568812,0.9986723577013505,0.1451914183499709,0.04343998758673371,0.2993290985383768,0.26173828746915717,0.16256812357135636,-0.15252601196053348,0.1561490546661922,0.06781467279593649,5.625131533508339,0.9947740103340806,0.9972840573568812,0.9986723577013505,0.1586399819051798,0.047952055661906474,0.30873277225397855,0.27708061251214317,0.176913233271831,-0.16825436994627652,0.17184379913195427,0.07463081371229856,5.466954454424157,0.9918103094756411,0.9974404013341353,0.9986860271201269,0.030958289383786714,0.007510361308804812,0.09411981725367059,0.04182782876838187,0.057311701062784305,0.010973632973249731,0.029197559182654726,0.012680338838070557,5.625131516754394,0.9960495379736454,0.997732585160479,0.9981614631745858,0.010553820990025997,0.06124702375382185,0.017394335940480232,ok,
759xd9YjKW5,03bb2fc19b214b91a81c958303f98892,03bb2fc19b214b91a81c958303f98892_i2_3,2,3,/mnt/priorbimda-data/PriorBIMDA-Datasets/Matterport3D/v1/scans/759xd9YjKW5/undistorted_color_images/03bb2fc19b214b91a81c958303f98892_i2_3.jpg,/mnt/priorbimda-data/PriorBIMDA-Datasets/Matterport3D/v1/scans/759xd9YjKW5/undistorted_depth_images/03bb2fc19b214b91a81c958303f98892_d2_3.png,1024,1280,406,504,1.4165615917841592,1258695,0.9603080749511719,-8.199569702148438,-3.7708699703216553,1.637719988822937,True,129290,0.6318418171866448,True,,1.0,129290,1.2097692489624023,0.19042963808559865,1.1497782345584322,0.050860553820776616,log-depth Laplacian fallback,,,,0.13176716429981725,0.04211513926782057,0.33817097941665947,0.2871010223432052,0.14831947088238642,-0.13525550263084515,0.14129467041424237,0.0613634956832441,6.086554403690578,0.9853205105287619,0.9979550248471631,0.999302452142894,0.06196782221249642,0.018416196742894825,0.2134425573502324,0.13795609767352718,0.08215107834831756,0.055174135463708036,0.058857546776567495,0.02556150778342577,6.08655440263521,0.9821513551734138,0.9954413102459293,0.9987018300700329,0.06196782221249642,0.018416196742894825,0.2134425573502324,0.13795609767352718,0.08215107834831756,0.055174135463708036,0.058857546776567495,0.02556150778342577,6.08655440263521,0.9821513551734138,0.9954413102459293,0.9987018300700329,0.05889191648994999,0.017762929967756146,0.20686660067929377,0.12764177174803223,0.08128208820989798,0.052135323361793225,0.055835383557569375,0.02424899897400395,6.235932906729268,0.9829323227628616,0.9954262152467437,0.9987526763830793,0.031261064692846154,0.010215452531369408,0.16547349127072053,0.06825028221841489,0.06101820655294018,0.004313592337601601,0.030296755884890125,0.013157713900377652,6.086554404654785,0.9846038953042635,0.9965496009756136,0.9994605523975229,0.008760298602283001,0.06285012606531382,0.01735734287649393,ok,
759xd9YjKW5,03bb2fc19b214b91a81c958303f98892,03bb2fc19b214b91a81c958303f98892_i2_4,2,4,/mnt/priorbimda-data/PriorBIMDA-Datasets/Matterport3D/v1/scans/759xd9YjKW5/undistorted_color_images/03bb2fc19b214b91a81c958303f98892_i2_4.jpg,/mnt/priorbimda-data/PriorBIMDA-Datasets/Matterport3D/v1/scans/759xd9YjKW5/undistorted_depth_images/03bb2fc19b214b91a81c958303f98892_d2_4.png,1024,1280,406,504,1.4165615917841592,1247857,0.9520393371582031,-8.212849617004395,-3.764930009841919,1.6379599571228027,True,204624,1.0,True,,1.0,204624,1.1509929895401,0.14062503896541936,1.1339218127278254,0.014942784248690388,log-depth Laplacian fallback,,,,0.13039072175184485,0.037840178494796574,0.29446675779760634,0.2792850038705573,0.1509032454286191,-0.13649449629404103,0.1406866705031432,0.06109944467685608,6.435092821650724,0.8911149274315887,0.9999767601576142,1.0,0.04883665148035141,0.010331131152734287,0.16203762486366993,0.11117862053824844,0.06448335711137389,0.00413054283726065,0.04841784375726793,0.02102760236943528,6.435092820016296,0.988638922568852,0.9990968516424559,1.0,0.04883665148035141,0.010331131152734287,0.16203762486366993,0.11117862053824844,0.06448335711137389,0.00413054283726065,0.04841784375726793,0.02102760236943528,6.435092820016296,0.988638922568852,0.9990968516424559,1.0,0.05068893269378451,0.010807770579860604,0.16652398151547862,0.11641377198842844,0.06486553558221882,0.006834018490195197,0.050075321893517974,0.021747435977883953,6.450452617951523,0.9882863180636884,0.99907361180007,1.0,0.0467415766805419,0.009215187586652912,0.14749857961245913,0.09783636743132475,0.06525293549701006,-0.010812198409359298,0.0470336088989607,0.02042643680881431,6.43509281715004,0.989793702323263,0.9991232969803431,1.0,0.007624057121574879,0.059348639100790024,0.01734556257724762,ok,
759xd9YjKW5,03bb2fc19b214b91a81c958303f98892,03bb2fc19b214b91a81c958303f98892_i2_5,2,5,/mnt/priorbimda-data/PriorBIMDA-Datasets/Matterport3D/v1/scans/759xd9YjKW5/undistorted_color_images/03bb2fc19b214b91a81c958303f98892_i2_5.jpg,/mnt/priorbimda-data/PriorBIMDA-Datasets/Matterport3D/v1/scans/759xd9YjKW5/undistorted_depth_images/03bb2fc19b214b91a81c958303f98892_d2_5.png,1024,1280,406,504,1.4165615917841592,1245695,0.9503898620605469,-8.214349746704102,-3.750459909439087,1.6377300024032593,True,204624,1.0,True,,1.0,204624,1.0564683675765991,0.05493161685583909,1.0156893066317125,0.03936411502541244,log-depth Laplacian fallback,,,,0.035290848520895104,0.013703365128116932,0.16210369658806847,0.07768679633021575,0.06606685484264474,-0.004341884880030124,0.03342820226991317,0.014517683785769049,6.592402706515779,0.9873548501037573,0.995295798730829,0.9978959536644203,0.055444787817446176,0.023264609387750768,0.23165361560890096,0.1405019774959131,0.08309812478510731,0.05058973201456387,0.051433717852089424,0.022337379846931227,6.592402716381847,0.9849553863505914,0.9941887861796026,0.9975523703635321,0.055444787817446176,0.023264609387750768,0.23165361560890096,0.1405019774959131,0.08309812478510731,0.05058973201456387,0.051433717852089424,0.022337379846931227,6.592402716381847,0.9849553863505914,0.9941887861796026,0.9975523703635321,0.05555917004840179,0.023241173188774646,0.22712968060580369,0.13737639371552557,0.08373020757245578,0.050046688721114355,0.05147860165808076,0.022356872636200082,6.712731640828803,0.9846005643435993,0.9940402747060878,0.9974969795977346,0.03350286996431218,0.01480465569846059,0.17207334004752636,0.0792063233779073,0.06687294411302964,0.011225564933605341,0.031110088701057876,0.013510939854390138,6.592402707864407,0.9868467000349203,0.9950549693143185,0.9978269158983539,0.010426376946270466,0.06401180941611528,0.017448521219193935,ok,
759xd9YjKW5,095e289950a64f99bc690533335dbea5,095e289950a64f99bc690533335dbea5_i0_0,0,0,/mnt/priorbimda-data/PriorBIMDA-Datasets/Matterport3D/v1/scans/759xd9YjKW5/undistorted_color_images/095e289950a64f99bc690533335dbea5_i0_0.jpg,/mnt/priorbimda-data/PriorBIMDA-Datasets/Matterport3D/v1/scans/759xd9YjKW5/undistorted_depth_images/095e289950a64f99bc690533335dbea5_d0_0.png,1024,1280,406,504,1.4155678118069965,1197905,0.9139289855957031,-1.7330600023269653,3.4803500175476074,1.57014000415802,True,204624,1.0,True,,1.0,204624,1.0053242444992065,0.005310120819233197,1.1644929608454702,0.14697564471769697,log-depth Laplacian fallback,,,,0.14816895894808235,0.05246084017925527,0.29941421169463583,0.24142397809166255,0.19545570113165905,-0.14767249522305248,0.16086452593365227,0.06986257594696768,12.804594979719571,0.7722791039356209,0.9843017601562728,0.989816387776994,0.14387817765165845,0.05071081361601795,0.2938449259320383,0.23389285793521625,0.1914753531440697,-0.14236237427712997,0.15579835021693306,0.06766236378884434,12.80459497673572,0.7882878859341934,0.9843318126228707,0.9898456054528532,0.14387817765165845,0.05071081361601795,0.2938449259320383,0.23389285793521625,0.1914753531440697,-0.14236237427712997,0.15579835021693306,0.06766236378884434,12.80459497673572,0.7882878859341934,0.9843318126228707,0.9898456054528532,0.1494279331689019,0.054949018333555116,0.3082012252272281,0.24622554789347542,0.19791401806386263,-0.14839180147070793,0.16235587718530242,0.07051026156613895,13.09573663543252,0.7556200199514986,0.9843201255525271,0.9899224062008256,0.0829805901285756,0.03335290674578554,0.22969215594417192,0.13548150656933147,0.12812902693621994,0.00461327363015644,0.07993302489314419,0.03471447163292778,12.804594976037265,0.975192523614143,0.9839511480459636,0.9907989364765988,0.008393270894885063,0.06397136859595776,0.017393761314451694,ok,
759xd9YjKW5,095e289950a64f99bc690533335dbea5,095e289950a64f99bc690533335dbea5_i0_1,0,1,/mnt/priorbimda-data/PriorBIMDA-Datasets/Matterport3D/v1/scans/759xd9YjKW5/undistorted_color_images/095e289950a64f99bc690533335dbea5_i0_1.jpg,/mnt/priorbimda-data/PriorBIMDA-Datasets/Matterport3D/v1/scans/759xd9YjKW5/undistorted_depth_images/095e289950a64f99bc690533335dbea5_d0_1.png,1024,1280,406,504,1.4155678118069965,1235407,0.9425407409667969,-1.7387900352478027,3.4669899940490723,1.5693999528884888,True,204624,1.0,True,,1.0,204624,1.0105533599853516,0.010498061994690628,1.0316664752907139,0.020677369972010595,log-depth Laplacian fallback,,,,0.04946591367479497,0.006183718076214915,0.11338263662844461,0.09252454690703178,0.06145613175848728,-0.030195588459502428,0.05074617168222242,0.022038782339304255,5.3526466054662265,0.999957099158415,1.0,1.0,0.04647819490268485,0.006022868439138794,0.11891640827405013,0.09221636226137851,0.05703573547584501,-0.01969752641132677,0.04725592798417488,0.020522988760744612,5.352646611299544,0.9998882959219108,1.0,1.0,0.04647819490268485,0.006022868439138794,0.11891640827405013,0.09221636226137851,0.05703573547584501,-0.01969752641132677,0.04725592798417488,0.020522988760744612,5.352646611299544,0.9998882959219108,1.0,1.0,0.03933395224318345,0.004318752244257185,0.09726925295590014,0.07461585381471846,0.050099913442373925,-0.021162596714435752,0.04009347528968929,0.017412375078636428,4.541085583024738,0.9999611464076211,1.0,1.0,0.04487009644662991,0.007061928395002141,0.14141310405603127,0.10084172502988388,0.053535434406355366,0.0009798841916141237,0.04471292867141521,0.019418578191729315,5.352646601493697,0.9996778389631918,1.0,1.0,0.008572038263082504,0.06411926448345184,0.01745575200766325,ok,
759xd9YjKW5,095e289950a64f99bc690533335dbea5,095e289950a64f99bc690533335dbea5_i0_2,0,2,/mnt/priorbimda-data/PriorBIMDA-Datasets/Matterport3D/v1/scans/759xd9YjKW5/undistorted_color_images/095e289950a64f99bc690533335dbea5_i0_2.jpg,/mnt/priorbimda-data/PriorBIMDA-Datasets/Matterport3D/v1/scans/759xd9YjKW5/undistorted_depth_images/095e289950a64f99bc690533335dbea5_d0_2.png,1024,1280,406,504,1.4155678118069965,1259969,0.9612800598144531,-1.7532299757003784,3.465290069580078,1.5687700510025024,True,204624,1.0,True,,1.0,204624,1.2542810440063477,0.2265625351274261,1.314276949859994,0.04672413126523292,log-depth Laplacian fallback,,,,0.24423084678982568,0.12287991110787494,0.5392796964977177,0.5129565236871343,0.2859598940174914,-0.2813275768342022,0.2813275768342022,0.12217901422630713,5.1262613073184,0.10107074062933294,1.0,1.0,0.056514442047433326,0.007898515227201888,0.11764440154340161,0.09875615481812623,0.075013767375466,-0.054765041719314615,0.05912611346217362,0.02567814481300758,5.1262613095142315,1.0,1.0,1.0,0.056514442047433326,0.007898515227201888,0.11764440154340161,0.09875615481812623,0.075013767375466,-0.054765041719314615,0.05912611346217362,0.02567814481300758,5.1262613095142315,1.0,1.0,1.0,0.055518809231855856,0.007589902484333566,0.11965673442354695,0.10108923657728931,0.07200004269927425,-0.0551769428697077,0.05794763305418181,0.025166337274785636,4.625484973762566,1.0,1.0,1.0,0.04228861546709891,0.005088971754685814,0.10958120015336291,0.08793214219386761,0.051889420308533836,-0.008040922727559324,0.04273779021088388,0.018560786457325666,5.126261309809619,0.9999246013195563,1.0,1.0,0.008758880198001862,0.0594317764043808,0.01738995686173439,ok,
759xd9YjKW5,095e289950a64f99bc690533335dbea5,095e289950a64f99bc690533335dbea5_i0_3,0,3,/mnt/priorbimda-data/PriorBIMDA-Datasets/Matterport3D/v1/scans/759xd9YjKW5/undistorted_color_images/095e289950a64f99bc690533335dbea5_i0_3.jpg,/mnt/priorbimda-data/PriorBIMDA-Datasets/Matterport3D/v1/scans/759xd9YjKW5/undistorted_depth_images/095e289950a64f99bc690533335dbea5_d0_3.png,1024,1280,406,504,1.4155678118069965,906686,0.6917465209960938,-1.761929988861084,3.47694993019104,1.5688799619674683,True,204624,1.0,True,,1.0,204624,0.7712323069572449,-0.25976564476183145,0.7686567058330483,0.0033451807300415304,log-depth Laplacian fallback,,,,0.271086403353672,0.14361941969653538,0.5217057267569551,0.4815562418598029,0.2528272570818296,0.23510277827531678,0.23581739421121858,0.10241419304273604,9.29962664344586,0.4105467603999621,0.9984757677961279,0.9999768387291742,0.07310279213788835,0.022022141152329942,0.2765062943496465,0.16728083028587135,0.09621103140968384,-0.024662866480728827,0.07568777378382772,0.032870782501858015,9.29962664942465,0.9593817484774222,0.9997628727034497,1.0,0.07310279213788835,0.022022141152329942,0.2765062943496465,0.16728083028587135,0.09621103140968384,-0.024662866480728827,0.07568777378382772,0.032870782501858015,9.29962664942465,0.9593817484774222,0.9997628727034497,1.0,0.06356389648410479,0.020599516268932447,0.2720910085086111,0.1533615699278691,0.0906448037021783,-0.03328949372697875,0.06640059898064242,0.028837413732363728,8.431067575110449,0.9624478595677004,0.9996536838552708,1.0,0.07282198387800765,0.02251205981648382,0.28043466999711125,0.16800777261992209,0.09712236854069863,-0.028008014914506576,0.07565101466565281,0.032854818219674994,9.299626643851926,0.9570226076061613,0.9997496376915492,1.0,0.008452985435724258,0.05824327003210783,0.01739190425723791,ok,
759xd9YjKW5,095e289950a64f99bc690533335dbea5,095e289950a64f99bc690533335dbea5_i0_4,0,4,/mnt/priorbimda-data/PriorBIMDA-Datasets/Matterport3D/v1/scans/759xd9YjKW5/undistorted_color_images/095e289950a64f99bc690533335dbea5_i0_4.jpg,/mnt/priorbimda-data/PriorBIMDA-Datasets/Matterport3D/v1/scans/759xd9YjKW5/undistorted_depth_images/095e289950a64f99bc690533335dbea5_d0_4.png,1024,1280,406,504,1.4155678118069965,898950,0.6858444213867188,-1.7562099695205688,3.490299940109253,1.5696300268173218,True,204624,1.0,True,,1.0,204624,0.9682871699333191,-0.03222657254711725,1.0728197109648265,0.1025169987462355,log-depth Laplacian fallback,,,,0.10679390468957527,0.03136064718213668,0.20631428938958815,0.1411193155408257,0.1845350635708597,-0.08220230374316786,0.11700794451692494,0.05081590464254233,16.521492349790076,0.9096979809778074,0.9755236664998054,0.9766360754213249,0.1215182429442031,0.03731779515297309,0.233409763291688,0.1686718457969067,0.20097248260234393,-0.11442887623348424,0.1353954102309067,0.058801479538309914,16.521492380318243,0.8447622225930252,0.9757116636075421,0.976360198008788,0.1215182429442031,0.03731779515297309,0.233409763291688,0.1686718457969067,0.20097248260234393,-0.11442887623348424,0.1353954102309067,0.058801479538309914,16.521492380318243,0.8447622225930252,0.9757116636075421,0.976360198008788,0.11949897105653064,0.03673941916164727,0.2302764491271524,0.16458835795353488,0.20109476652187258,-0.10988506575505924,0.1331641163827824,0.05783244093256478,16.84172718176279,0.85117859725235,0.9756894154291117,0.9763423994660437,0.09511598350958894,0.026878343203522725,0.17508067927113172,0.10684780354799249,0.16564378587311904,-0.011911878644122052,0.09839947952330115,0.04273435097912169,16.52149234952685,0.9716869681294844,0.9751777073252127,0.9770521163579732,0.0079527972266078,0.059827529825270176,0.0173622602596879,ok,
759xd9YjKW5,095e289950a64f99bc690533335dbea5,095e289950a64f99bc690533335dbea5_i0_5,0,5,/mnt/priorbimda-data/PriorBIMDA-Datasets/Matterport3D/v1/scans/759xd9YjKW5/undistorted_color_images/095e289950a64f99bc690533335dbea5_i0_5.jpg,/mnt/priorbimda-data/PriorBIMDA-Datasets/Matterport3D/v1/scans/759xd9YjKW5/undistorted_depth_images/095e289950a64f99bc690533335dbea5_d0_5.png,1024,1280,406,504,1.4155678118069965,1224229,0.9340126037597656,-1.7417700290679932,3.492000102996826,1.5702500343322754,True,204624,1.0,True,,1.0,204624,1.0009045600891113,0.0009041512211790867,1.072719816001006,0.06929315624240703,log-depth Laplacian fallback,,,,0.09465583810693418,0.025073699377414296,0.18614287564460466,0.14437519386410408,0.1369593348034721,-0.07204311784882012,0.09950272880847977,0.0432134860558385,11.648024965817418,0.942401299103354,0.994371967989649,0.9967636773838882,0.09424314878813549,0.024966488712204336,0.18577442120605506,0.14379424843981328,0.13648590088197715,-0.07113896663175716,0.09900464312213272,0.04299717019074295,11.648024968264204,0.9429730875514303,0.9943703343083687,0.9967710289496491,0.09424314878813549,0.024966488712204336,0.18577442120605506,0.14379424843981328,0.13648590088197715,-0.07113896663175716,0.09900464312213272,0.04299717019074295,11.648024968264204,0.9429730875514303,0.9943703343083687,0.9967710289496491,0.09164034168565352,0.024481818295098996,0.18425226345863885,0.14021561042538688,0.1345280302834492,-0.06454638007332397,0.09593751509838713,0.04166513341473942,11.803201155353845,0.9402423892915459,0.9944185279061352,0.9968118709816546,0.08027173556018315,0.02524190545606229,0.20442152110587247,0.13964098467476344,0.11649487364376891,-0.001845813748106041,0.0792095828530144,0.03440028474692257,11.648024964295445,0.9563088278418499,0.9944593699381407,0.9970683589426488,0.008600178174674511,0.058638228103518486,0.017344781197607517,ok,
759xd9YjKW5,095e289950a64f99bc690533335dbea5,095e289950a64f99bc690533335dbea5_i1_0,1,0,/mnt/priorbimda-data/PriorBIMDA-Datasets/Matterport3D/v1/scans/759xd9YjKW5/undistorted_color_images/095e289950a64f99bc690533335dbea5_i1_0.jpg,/mnt/priorbimda-data/PriorBIMDA-Datasets/Matterport3D/v1/scans/759xd9YjKW5/undistorted_depth_images/095e289950a64f99bc690533335dbea5_d1_0.png,1024,1280,406,504,1.4121168655554452,1170663,0.8931449890136719,-1.7453199625015259,3.477760076522827,1.6028599739074707,True,204624,1.0,True,,1.0,204624,0.886383593082428,-0.12060547276959684,1.054997828753755,0.17414418164219597,log-depth Laplacian fallback,,,,0.09846463814978659,0.05183947047288168,0.30088147082130146,0.20417221905035865,0.15111621937008898,-0.04297031284461582,0.09649908053481365,0.04190901818500707,14.487810038354553,0.9669119123095203,0.981360989456402,0.9906352212378797,0.1718787212921032,0.0878462172397393,0.4408155422121401,0.37703656238263716,0.21851018635894437,-0.16357578551299215,0.18561272572675136,0.08061058255414985,14.487810026511315,0.7217875682412445,0.9839723302094625,0.9906728067770144,0.1718787212921032,0.0878462172397393,0.4408155422121401,0.37703656238263716,0.21851018635894437,-0.16357578551299215,0.18561272572675136,0.08061058255414985,14.487810026511315,0.7217875682412445,0.9839723302094625,0.9906728067770144,0.17105636584886216,0.08678585073131385,0.4357879447813793,0.37568316548931646,0.21635007120125294,-0.161839211507248,0.18414304347515323,0.07997230766212973,14.358071920525914,0.7452315482764895,0.9834478410951742,0.9906130116011184,0.09194880319603019,0.05477120800035061,0.30298929920811285,0.18582073464625834,0.14526305251788743,0.010568370426504346,0.08498009910664815,0.03690638811360877,14.487810039251173,0.9684734206172058,0.9803256786966018,0.9889447261936185,0.007846112363040447,0.057481604628264904,0.01758062932640314,ok,
759xd9YjKW5,095e289950a64f99bc690533335dbea5,095e289950a64f99bc690533335dbea5_i1_1,1,1,/mnt/priorbimda-data/PriorBIMDA-Datasets/Matterport3D/v1/scans/759xd9YjKW5/undistorted_color_images/095e289950a64f99bc690533335dbea5_i1_1.jpg,/mnt/priorbimda-data/PriorBIMDA-Datasets/Matterport3D/v1/scans/759xd9YjKW5/undistorted_depth_images/095e289950a64f99bc690533335dbea5_d1_1.png,1024,1280,406,504,1.4121168655554452,841746,0.6422012329101563,-1.746690034866333,3.4745500087738037,1.602679967880249,True,204624,1.0,True,,1.0,204624,0.973026692867279,-0.027343763598654727,0.9905956057465617,0.017894868809434847,log-depth Laplacian fallback,,,,0.038774878945242494,0.01660509947260994,0.2225870119876731,0.12275032847743376,0.06540969821008533,0.0274360745631336,0.036597578202921824,0.015894126264551674,5.937752464106779,0.9862880251287205,0.9970858192376323,0.9988832735765896,0.038720045580125484,0.013614623555756884,0.20326605446883,0.12204547678367818,0.059377596464652294,9.231083832894235e-05,0.0375735559420267,0.01631798801110534,5.937752470950786,0.9910543085443827,0.9974671694311585,0.9990662266289355,0.038720045580125484,0.013614623555756884,0.20326605446883,0.12204547678367818,0.059377596464652294,9.231083832894235e-05,0.0375735559420267,0.01631798801110534,5.937752470950786,0.9910543085443827,0.9974671694311585,0.9990662266289355,0.03893879643668436,0.013965416804116636,0.20494743953034628,0.1221462163804668,0.06010688684356289,-3.7249356943088654e-05,0.03771959247439014,0.01638141087126706,6.010687530150175,0.990405656813338,0.9973780689186524,0.9990092023009316,0.03726069210956102,0.014952535735837989,0.21077714222362579,0.11682521212708341,0.06204214780684172,0.017987152928754416,0.035440353126147454,0.01539154979938851,5.937752465372395,0.988686610925386,0.997208183941474,0.9989521779729277,0.009034753777086735,0.06107806786894798,0.017436803318560123,ok,
759xd9YjKW5,095e289950a64f99bc690533335dbea5,095e289950a64f99bc690533335dbea5_i1_2,1,2,/mnt/priorbimda-data/PriorBIMDA-Datasets/Matterport3D/v1/scans/759xd9YjKW5/undistorted_color_images/095e289950a64f99bc690533335dbea5_i1_2.jpg,/mnt/priorbimda-data/PriorBIMDA-Datasets/Matterport3D/v1/scans/759xd9YjKW5/undistorted_depth_images/095e289950a64f99bc690533335dbea5_d1_2.png,1024,1280,406,504,1.4121168655554452,1140518,0.8701461791992188,-1.7501699924468994,3.474139928817749,1.6025300025939941,True,204624,1.0,True,,1.0,204624,0.9875656962394714,-0.012512256582299121,1.0000530495619122,0.012565304737133085,log-depth Laplacian fallback,,,,0.017671051995890634,0.005715857826769947,0.15383031290249594,0.06969547612930324,0.0353036619385316,0.0037582324426192353,0.017259638756103948,0.007495765871419446,3.5103051650495694,0.9929242677450071,1.0,1.0,0.02132822433378234,0.005919287418089493,0.15930697144034345,0.08888117066109232,0.03617813116171694,-0.008754024099616514,0.02115416097695819,0.009187135381586041,3.510305166816309,0.9934512212871696,0.9999991232054207,1.0,0.02132822433378234,0.005919287418089493,0.15930697144034345,0.08888117066109232,0.03617813116171694,-0.008754024099616514,0.02115416097695819,0.009187135381586041,3.510305166816309,0.9934512212871696,0.9999991232054207,1.0,0.019686583326395453,0.00561472490012556,0.15398423650614632,0.08000080563768414,0.035352992791719585,-0.00825023616882876,0.019514740839345766,0.008475144262299898,3.4376848350160416,0.9935055825510865,0.9999964928216828,1.0,0.017671893384866844,0.005717885857652795,0.15384985026100792,0.0696909322029553,0.03530934839070262,0.0038112791261439975,0.017259542732749204,0.00749572416900635,3.510305165079858,0.9929242677450071,1.0,1.0,0.007690921425819397,0.058600000105798244,0.017430159263312817,ok,
759xd9YjKW5,095e289950a64f99bc690533335dbea5,095e289950a64f99bc690533335dbea5_i1_3,1,3,/mnt/priorbimda-data/PriorBIMDA-Datasets/Matterport3D/v1/scans/759xd9YjKW5/undistorted_color_images/095e289950a64f99bc690533335dbea5_i1_3.jpg,/mnt/priorbimda-data/PriorBIMDA-Datasets/Matterport3D/v1/scans/759xd9YjKW5/undistorted_depth_images/095e289950a64f99bc690533335dbea5_d1_3.png,1024,1280,406,504,1.4121168655554452,664999,0.5073539733886718,-1.7522599697113037,3.4769399166107178,1.602560043334961,True,204624,1.0,True,,1.0,204624,0.9591113924980164,-0.041748055997418314,1.0438559973115842,0.08466960233455642,log-depth Laplacian fallback,,,,0.19189733622817112,0.2972840485333794,0.6466788033928681,0.3663731310514719,0.2638412634831876,0.04416257738300129,0.14805097084806737,0.06429771967973485,26.011897100229973,0.79767187619831,0.9452059326405002,0.9705112338514795,0.2023648772842898,0.2805572837716836,0.6762693379552241,0.460438126456908,0.2601301770312164,0.0024145213361326536,0.16674435215353578,0.07241615202881324,26.011897102866094,0.8002703763464306,0.9546615859572721,0.9718826644852098,0.2023648772842898,0.2805572837716836,0.6762693379552241,0.460438126456908,0.2601301770312164,0.0024145213361326536,0.16674435215353578,0.07241615202881324,26.011897102866094,0.8002703763464306,0.9546615859572721,0.9718826644852098,0.2107452181244866,0.2897669726067302,0.7052119759624415,0.49695653367921894,0.26433685157072917,-0.006040982040593218,0.17578272389802677,0.07634146700283591,26.4267814223206,0.7920583339223066,0.9541412844229841,0.9718255215421376,0.18732227137428434,0.32923439915452807,0.6588391739470574,0.302772480030911,0.2743091836702933,0.0870841500191425,0.13539077055821516,0.05879946455406209,26.011897097541,0.7804553089553519,0.9327788462839793,0.9687232612379868,0.0078031402081251144,0.058774664998054504,0.01737950835376978,ok,
759xd9YjKW5,095e289950a64f99bc690533335dbea5,095e289950a64f99bc690533335dbea5_i1_4,1,4,/mnt/priorbimda-data/PriorBIMDA-Datasets/Matterport3D/v1/scans/759xd9YjKW5/undistorted_color_images/095e289950a64f99bc690533335dbea5_i1_4.jpg,/mnt/priorbimda-data/PriorBIMDA-Datasets/Matterport3D/v1/scans/759xd9YjKW5/undistorted_depth_images/095e289950a64f99bc690533335dbea5_d1_4.png,1024,1280,406,504,1.4121168655554452,747224,0.570086669921875,-1.7508800029754639,3.4801599979400635,1.6027400493621826,True,204624,1.0,True,,1.0,204624,1.003025770187378,0.00302120175779,1.0109593398820698,0.007878519748812573,log-depth Laplacian fallback,,,,0.11786874789540848,0.09078696316347223,0.30649316801252446,0.15025526506767312,0.17344667897051982,0.0522358910158943,0.09785200409738089,0.042496585422666905,16.539396039661842,0.9831295568664818,0.9858007772769611,0.9866706636831793,0.1180145374682236,0.09141393029051956,0.3059363926748372,0.1467769550920342,0.17438035566577906,0.05525709276050549,0.09764147378241768,0.04240515326860505,16.53939604150662,0.9827909703114461,0.9857940858430672,0.9866492510947186,0.1180145374682236,0.09141393029051956,0.3059363926748372,0.1467769550920342,0.17438035566577906,0.05525709276050549,0.09764147378241768,0.04240515326860505,16.53939604150662,0.9827909703114461,0.9857940858430672,0.9866492510947186,0.11924465020739926,0.09305540638406842,0.3057609021447788,0.14143633549376303,0.17675293903978812,0.06117744544584191,0.09811093140837802,0.04260903612504702,16.58279880717489,0.981603909938653,0.9857673201074912,0.9866265002194791,0.11862857172313622,0.09324623338259276,0.3052518264462513,0.13838930130205898,0.17703466767917386,0.06313565894412315,0.0973236469686883,0.04226712283720145,16.539396037935273,0.981345620590345,0.98576865839427,0.9866198087855851,0.007786785252392292,0.06485738977789879,0.01736445538699627,ok,
759xd9YjKW5,095e289950a64f99bc690533335dbea5,095e289950a64f99bc690533335dbea5_i1_5,1,5,/mnt/priorbimda-data/PriorBIMDA-Datasets/Matterport3D/v1/scans/759xd9YjKW5/undistorted_color_images/095e289950a64f99bc690533335dbea5_i1_5.jpg,/mnt/priorbimda-data/PriorBIMDA-Datasets/Matterport3D/v1/scans/759xd9YjKW5/undistorted_depth_images/095e289950a64f99bc690533335dbea5_d1_5.png,1024,1280,406,504,1.4121168655554452,1217466,0.9288528442382813,-1.7474100589752197,3.480570077896118,1.6028900146484375,True,204624,1.0,True,,1.0,204624,0.9990010261535645,-0.000999473153365885,1.0164652663819647,0.017330656839758513,log-depth Laplacian fallback,,,,0.0454586846657981,0.026741801809783628,0.2040284662903712,0.10653117510945442,0.094556013733852,-0.010442115802124024,0.04178450809848813,0.018146781296215112,9.397766729820143,0.9848833560855087,0.9936277481260257,0.9956762652920081,0.04598118733709365,0.02679042880145366,0.20486514204339348,0.10841637186422563,0.09467160031113116,-0.011441588983903201,0.04235270413972217,0.018393545701562344,9.397766727789104,0.9849819214663901,0.9936293908823737,0.9956803721828782,0.04598118733709365,0.02679042880145366,0.20486514204339348,0.10841637186422563,0.09467160031113116,-0.011441588983903201,0.04235270413972217,0.018393545701562344,9.397766727789104,0.9849819214663901,0.9936293908823737,0.9956803721828782,0.04380542632164595,0.0267981370529529,0.20112827329796623,0.09941545893173492,0.09455829758049734,-0.0052570163178151524,0.03992386314058221,0.017338713458215485,9.441205124747643,0.9846402281460016,0.9935768226792371,0.995661480484876,0.04167841949820933,0.026825416863623587,0.19727480760901311,0.09210260966626047,0.09416200682167385,0.005889107092193773,0.03730496476341584,0.016201340344346733,9.397766727442018,0.9835822930578759,0.9936236412351557,0.9956228757106975,0.008855225518345833,0.0648866780102253,0.017384249716997147,ok,
759xd9YjKW5,095e289950a64f99bc690533335dbea5,095e289950a64f99bc690533335dbea5_i2_0,2,0,/mnt/priorbimda-data/PriorBIMDA-Datasets/Matterport3D/v1/scans/759xd9YjKW5/undistorted_color_images/095e289950a64f99bc690533335dbea5_i2_0.jpg,/mnt/priorbimda-data/PriorBIMDA-Datasets/Matterport3D/v1/scans/759xd9YjKW5/undistorted_depth_images/095e289950a64f99bc690533335dbea5_d2_0.png,1024,1280,406,504,1.4165615917841592,1229155,0.9377708435058594,-1.735640048980713,3.477760076522827,1.6365400552749634,True,204624,1.0,True,,1.0,204624,1.000244140625,0.0002441108275273627,1.1095515974380838,0.10371185660836352,log-depth Laplacian fallback,,,,0.11978451114389997,0.0346411728362726,0.21660847556523072,0.17288854527451433,0.1470574110228151,-0.088326670700707,0.12064256753388955,0.05239440136260868,11.757670423881617,0.9657130304965607,0.9839678478304201,0.994436828552949,0.11959204965165396,0.03459785880744609,0.21641361499824693,0.17257547500478965,0.1469109211595353,-0.0880825598904032,0.12042088883745455,0.05229812752799143,11.757670432146297,0.9657122169295166,0.9839564578918037,0.9944335742847729,0.11959204965165396,0.03459785880744609,0.21641361499824693,0.17257547500478965,0.1469109211595353,-0.0880825598904032,0.12042088883745455,0.05229812752799143,11.757670432146297,0.9657122169295166,0.9839564578918037,0.9944335742847729,0.11817675996383123,0.034362475046075903,0.2162492559141132,0.17121047887510354,0.14560212078930868,-0.0863824421508261,0.11881992630521139,0.05160283833450439,11.720943335074878,0.9655446221184473,0.9839361187157031,0.9944392692540811,0.06134648908962348,0.03153210157021275,0.19487005910365301,0.0858071696629232,0.11861093938059414,0.015629253037751433,0.05355481406991741,0.02325856022991975,11.75767042837522,0.9640802014392001,0.9787561373463883,0.9893837636425024,0.008411459624767303,0.05812103860080242,0.01738631259649992,ok,
759xd9YjKW5,095e289950a64f99bc690533335dbea5,095e289950a64f99bc690533335dbea5_i2_1,2,1,/mnt/priorbimda-data/PriorBIMDA-Datasets/Matterport3D/v1/scans/759xd9YjKW5/undistorted_color_images/095e289950a64f99bc690533335dbea5_i2_1.jpg,/mnt/priorbimda-data/PriorBIMDA-Datasets/Matterport3D/v1/scans/759xd9YjKW5/undistorted_depth_images/095e289950a64f99bc690533335dbea5_d2_1.png,1024,1280,406,504,1.4165615917841592,1171042,0.8934341430664062,-1.7413699626922607,3.464400053024292,1.6357899904251099,True,204624,1.0,True,,1.0,204624,1.0860199928283691,0.0825196309448389,1.0319596259570796,0.05106008678537139,log-depth Laplacian fallback,,,,0.0581387559717639,0.022017379074736023,0.17905562980060277,0.10627123965142156,0.10139776747854562,-0.018023033485062075,0.05443112122702796,0.023639135592705196,9.978315245385632,0.9760990639106027,0.9847409401199957,0.9946705583574287,0.07752245776378158,0.03382550649570727,0.23197582601449265,0.1484717136346917,0.11881283016373204,0.06449659738603236,0.06911790364050471,0.03001752415179188,9.97831525716635,0.9724407835073379,0.9822636592026588,0.9909644572952977,0.07752245776378158,0.03382550649570727,0.23197582601449265,0.1484717136346917,0.11881283016373204,0.06449659738603236,0.06911790364050471,0.03001752415179188,9.97831525716635,0.9724407835073379,0.9822636592026588,0.9909644572952977,0.07949468238832587,0.0355398366670907,0.2389946812533267,0.15257467874524022,0.12133580066041029,0.06702342542272881,0.0706977015878945,0.030703621682865348,10.114463389872313,0.9711282772095279,0.982155208779873,0.9903197323409408,0.04975291307525017,0.02281824350107205,0.17837432441452922,0.08764020338523988,0.10068375257380252,0.013436536749646984,0.04439944495971434,0.019282433945571085,9.978315244828693,0.9751614374206903,0.9840432708647512,0.9934673564227414,0.007446550764143467,0.06414855923503637,0.01741372887045145,ok,
759xd9YjKW5,095e289950a64f99bc690533335dbea5,095e289950a64f99bc690533335dbea5_i2_2,2,2,/mnt/priorbimda-data/PriorBIMDA-Datasets/Matterport3D/v1/scans/759xd9YjKW5/undistorted_color_images/095e289950a64f99bc690533335dbea5_i2_2.jpg,/mnt/priorbimda-data/PriorBIMDA-Datasets/Matterport3D/v1/scans/759xd9YjKW5/undistorted_depth_images/095e289950a64f99bc690533335dbea5_d2_2.png,1024,1280,406,504,1.4165615917841592,1260982,0.9620529174804687,-1.755810022354126,3.4626998901367188,1.6351699829101562,True,204624,1.0,True,,1.0,204624,1.1656982898712158,0.15332029790235377,1.1413493478822612,0.02110909695051047,log-depth Laplacian fallback,,,,0.12694874633278053,0.03642520025831127,0.28266125243961904,0.2753073452005087,0.1422797858080983,-0.1301116522846593,0.13523027979654928,0.05872976430187419,5.757165439132563,0.9795698907676715,0.9976637255726093,0.9986677050108567,0.037998928812881194,0.010148182278293798,0.14461736161912658,0.0914189227536424,0.0620736386424758,0.0232086455764736,0.03604519688042503,0.01565423010428491,5.757165435196645,0.9928301910733064,0.9966652973634834,0.9980443812837931,0.037998928812881194,0.010148182278293798,0.14461736161912658,0.0914189227536424,0.0620736386424758,0.0232086455764736,0.03604519688042503,0.01565423010428491,5.757165435196645,0.9928301910733064,0.9966652973634834,0.9980443812837931,0.04116183830260176,0.010431100454611587,0.14521914761683358,0.09775216278666318,0.06327977491918248,0.024380518561791048,0.03916874371107736,0.017010769256803615,5.839452224721561,0.9927175804254145,0.9966058199086109,0.9980285206291605,0.03269815848615493,0.00773232086086352,0.11649504037624495,0.06993415821093049,0.057609924278928755,0.002099520430227677,0.03147416859329609,0.013669057742561126,5.757165439160978,0.9933472484143311,0.9968199387461518,0.9981712665208544,0.007545149885118008,0.060935087502002716,0.017372663132846355,ok,
759xd9YjKW5,095e289950a64f99bc690533335dbea5,095e289950a64f99bc690533335dbea5_i2_3,2,3,/mnt/priorbimda-data/PriorBIMDA-Datasets/Matterport3D/v1/scans/759xd9YjKW5/undistorted_color_images/095e289950a64f99bc690533335dbea5_i2_3.jpg,/mnt/priorbimda-data/PriorBIMDA-Datasets/Matterport3D/v1/scans/759xd9YjKW5/undistorted_depth_images/095e289950a64f99bc690533335dbea5_d2_3.png,1024,1280,406,504,1.4165615917841592,924524,0.7053558349609375,-1.7645200490951538,3.4743599891662598,1.6352800130844116,True,204624,1.0,True,,1.0,204624,1.1183074712753296,0.11181635595191813,1.2266934420844966,0.09250593510886349,log-depth Laplacian fallback,,,,0.1866384197310335,0.058299163393651286,0.3287904301785269,0.28704645141544194,0.21621694270519012,-0.20065301456673307,0.20707677000796762,0.08993229854480907,8.054895441942051,0.7334065962592642,0.9982066447166326,0.999914550622807,0.09687518568977942,0.02065824092431161,0.1904469477677559,0.14828657991119268,0.11991699610736782,-0.0888366584871124,0.10141705634994487,0.044044867943652234,8.054895445788622,0.9561590613115506,0.9971574561612246,0.9988815866326888,0.09687518568977942,0.02065824092431161,0.1904469477677559,0.14828657991119268,0.11991699610736782,-0.0888366584871124,0.10141705634994487,0.044044867943652234,8.054895445788622,0.9561590613115506,0.9971574561612246,0.9988815866326888,0.09786631047263297,0.02141576710788612,0.19469602357919838,0.1530620695146153,0.12076426183751587,-0.09021347028503908,0.10250680017752424,0.04451813767465806,8.028410002167593,0.9646380191320074,0.9970254963635341,0.9988761784442589,0.04971039707516875,0.011306932554449874,0.13080448868738878,0.0705595803540812,0.08063248323254907,0.0036692355147338192,0.04814171432027345,0.020907680878657527,8.054895444997857,0.984647234685092,0.9948178738464334,0.9984554213844097,0.008022524416446686,0.058703068643808365,0.017366154119372368,ok,
759xd9YjKW5,095e289950a64f99bc690533335dbea5,095e289950a64f99bc690533335dbea5_i2_4,2,4,/mnt/priorbimda-data/PriorBIMDA-Datasets/Matterport3D/v1/scans/759xd9YjKW5/undistorted_color_images/095e289950a64f99bc690533335dbea5_i2_4.jpg,/mnt/priorbimda-data/PriorBIMDA-Datasets/Matterport3D/v1/scans/759xd9YjKW5/undistorted_depth_images/095e289950a64f99bc690533335dbea5_d2_4.png,1024,1280,406,504,1.4165615917841592,934722,0.7131362915039062,-1.7587900161743164,3.4877099990844727,1.6360299587249756,True,204624,1.0,True,,1.0,204624,0.9870234727859497,-0.013061457880124763,1.1429178846164887,0.14664599813171486,log-depth Laplacian fallback,,,,0.12322556761331731,0.03386149499695549,0.2548490057453623,0.2139586498023494,0.14482156695422538,-0.11839930321446607,0.13039533579857973,0.05662997480324474,8.339599063148126,0.9960276959352621,0.9967765817002274,0.9972954525516677,0.13147574094466954,0.038436523283153765,0.2745257802078434,0.23116439482492618,0.15568180035497503,-0.13146076102809562,0.14030871874365847,0.06093530231328624,8.339599074104367,0.9951290330173035,0.9968108164780545,0.9973157794510026,0.13147574094466954,0.038436523283153765,0.2745257802078434,0.23116439482492618,0.15568180035497503,-0.13146076102809562,0.14030871874365847,0.06093530231328624,8.339599074104367,0.9951290330173035,0.9968108164780545,0.9973157794510026,0.1280301808893862,0.03663243510786839,0.2676383604045252,0.22465904369555542,0.15100530086428207,-0.1259405988546964,0.13614419220525398,0.05912667141791752,8.331606357259556,0.9942228812416954,0.9967969085995623,0.9973104302669671,0.04033051621164772,0.012967459322284502,0.11163675261229919,0.036797494183585806,0.08476722437946228,0.015185225584480745,0.0367648266500404,0.015966761342242158,8.339599062872589,0.9952745308230683,0.9965176811929108,0.9969509650997836,0.008366700261831284,0.058874339796602726,0.01736672967672348,ok,
759xd9YjKW5,095e289950a64f99bc690533335dbea5,095e289950a64f99bc690533335dbea5_i2_5,2,5,/mnt/priorbimda-data/PriorBIMDA-Datasets/Matterport3D/v1/scans/759xd9YjKW5/undistorted_color_images/095e289950a64f99bc690533335dbea5_i2_5.jpg,/mnt/priorbimda-data/PriorBIMDA-Datasets/Matterport3D/v1/scans/759xd9YjKW5/undistorted_depth_images/095e289950a64f99bc690533335dbea5_d2_5.png,1024,1280,406,504,1.4165615917841592,1216025,0.9277534484863281,-1.7443499565124512,3.489409923553467,1.6366499662399292,True,204624,1.0,True,,1.0,204624,1.001695156097412,0.0016937209419609178,1.0938272553580328,0.08798906872350155,log-depth Laplacian fallback,,,,0.09911752922119531,0.02132651801974337,0.18897830413271877,0.169991513446538,0.12280984759941006,-0.09716242904493683,0.10440246849814516,0.04534141596582254,7.5111390943570875,0.9614341810406858,0.996321621677186,0.9992738636130014,0.09763380690466923,0.02087697580032702,0.18650919619969314,0.1669000471853626,0.1214742578131943,-0.09546870821671548,0.10275212513177161,0.04462468094856088,7.511139103157416,0.9654497234843034,0.9963092864044736,0.9992648177463457,0.09763380690466923,0.02087697580032702,0.18650919619969314,0.1669000471853626,0.1214742578131943,-0.09546870821671548,0.10275212513177161,0.04462468094856088,7.511139103157416,0.9654497234843034,0.9963092864044736,0.9992648177463457,0.09232584841086973,0.01926374158729826,0.1779833119308913,0.15682607010946478,0.11614416415227193,-0.08934092410413909,0.09679282798122035,0.04203659108005468,7.421365202473429,0.9760950638350363,0.9962788593984498,0.9992006743282416,0.04585657955493506,0.011586698792686355,0.1407465421107886,0.0804319330357875,0.07548288656322853,-0.007479646452605524,0.04520113002889941,0.019630601347342402,7.511139096609283,0.9898891881334676,0.9956563393022347,0.9985452601714603,0.007705975323915482,0.06478559225797653,0.01740982849150896,ok,
759xd9YjKW5,112b976211e448f08cc955a8f4315e0c,112b976211e448f08cc955a8f4315e0c_i0_0,0,0,/mnt/priorbimda-data/PriorBIMDA-Datasets/Matterport3D/v1/scans/759xd9YjKW5/undistorted_color_images/112b976211e448f08cc955a8f4315e0c_i0_0.jpg,/mnt/priorbimda-data/PriorBIMDA-Datasets/Matterport3D/v1/scans/759xd9YjKW5/undistorted_depth_images/112b976211e448f08cc955a8f4315e0c_d0_0.png,1024,1280,406,504,1.4155678118069965,1226485,0.9357337951660156,-6.876299858093262,0.9852349758148193,1.5886000394821167,True,204624,1.0,True,,1.0,204624,1.0908029079437256,0.0869140378674129,1.086928959065251,0.003557786909841723,log-depth Laplacian fallback,,,,0.0867817921268024,0.01757395790666917,0.162444980657853,0.12939284512686977,0.10796910952911587,-0.06611272405101533,0.08956785713942243,0.03889882611154993,8.536062517967238,0.991668059535991,0.9938841486035296,0.9984427041504788,0.05990208412488096,0.020913162061106147,0.21173625912177205,0.11920314492489503,0.08785858523690866,0.02080131372884488,0.05664540332109857,0.02460078608753725,8.536062527292847,0.9901164710534577,0.9935661667284965,0.998008944259408,0.05990208412488096,0.020913162061106147,0.21173625912177205,0.11920314492489503,0.08785858523690866,0.02080131372884488,0.05664540332109857,0.02460078608753725,8.536062527292847,0.9901164710534577,0.9935661667284965,0.998008944259408,0.07080330517569204,0.026337208113678446,0.2426325150301494,0.1413286787056964,0.09833877685540657,0.018112833619243575,0.06700524203742005,0.029100006875443337,9.665629980347399,0.9894315870149247,0.9935995955922821,0.9979812227626103,0.059564629849800155,0.020249212293589457,0.20737873794060288,0.11733282554724882,0.08708487638563538,0.017243531136203662,0.056520394928256376,0.024546495632334294,8.536062516790848,0.9902338797457776,0.9935783968006131,0.9980154669645369,0.0083663584664464,0.0594418803229928,0.017351003363728523,ok,
759xd9YjKW5,112b976211e448f08cc955a8f4315e0c,112b976211e448f08cc955a8f4315e0c_i0_1,0,1,/mnt/priorbimda-data/PriorBIMDA-Datasets/Matterport3D/v1/scans/759xd9YjKW5/undistorted_color_images/112b976211e448f08cc955a8f4315e0c_i0_1.jpg,/mnt/priorbimda-data/PriorBIMDA-Datasets/Matterport3D/v1/scans/759xd9YjKW5/undistorted_depth_images/112b976211e448f08cc955a8f4315e0c_d0_1.png,1024,1280,406,504,1.4155678118069965,1236398,0.9432968139648438,-6.890500068664551,0.9820590019226074,1.58843994140625,True,204624,1.0,True,,1.0,204624,1.1047393083572388,0.09960938709750812,1.1629381819994469,0.05134033111352858,log-depth Laplacian fallback,,,,0.13144204659774733,0.03443962168988409,0.256125200379127,0.22114848192643569,0.15630254345257544,-0.13537636576644702,0.14234016318776418,0.061817547425654304,7.812633795086897,0.9197273046381504,1.0,1.0,0.06987988694350905,0.013612074321468312,0.166083411265751,0.1257744518409927,0.08592439380325864,-0.03576697872199819,0.07096940882289007,0.030821622635717125,7.812633796331172,0.993128426283446,0.999868974229981,1.0,0.06987988694350905,0.013612074321468312,0.166083411265751,0.1257744518409927,0.08592439380325864,-0.03576697872199819,0.07096940882289007,0.030821622635717125,7.812633796331172,0.993128426283446,0.999868974229981,1.0,0.06407435010767713,0.011879279667562737,0.15577855380679978,0.11547036035134518,0.08035852004541909,-0.035351067515149326,0.06518653624835025,0.028310152987044822,7.216504534349975,0.993115485466654,0.999987059183208,1.0,0.06018597424470118,0.01523861314097112,0.1802458940833017,0.11713591560625536,0.0796633884296468,0.015573399842134916,0.05802610383784511,0.025200416703121224,7.812633789862273,0.9928647571413088,0.9978599124230224,1.0,0.0086421649903059,0.06403754651546478,0.01735494751483202,ok,
759xd9YjKW5,112b976211e448f08cc955a8f4315e0c,112b976211e448f08cc955a8f4315e0c_i0_2,0,2,/mnt/priorbimda-data/PriorBIMDA-Datasets/Matterport3D/v1/scans/759xd9YjKW5/undistorted_color_images/112b976211e448f08cc955a8f4315e0c_i0_2.jpg,/mnt/priorbimda-data/PriorBIMDA-Datasets/Matterport3D/v1/scans/759xd9YjKW5/undistorted_depth_images/112b976211e448f08cc955a8f4315e0c_d0_2.png,1024,1280,406,504,1.4155678118069965,1237639,0.9442436218261718,-6.900350093841553,0.9927679896354675,1.5883699655532837,True,204624,1.0,True,,1.0,204624,1.1588881015777588,0.14746101230900457,1.1341555984679996,0.021572604363247233,log-depth Laplacian fallback,,,,0.12000443442539552,0.027915360532778506,0.2468058079780193,0.2192150062450775,0.1346114229243424,-0.1281766004181812,0.12858249767851393,0.05584266921111632,4.11217009248654,0.9803973533477855,1.0,1.0,0.03620754567001641,0.003464280851114523,0.0821618765870792,0.06294990671767979,0.04541896990900201,0.019284411917080743,0.0355557132745913,0.015441650075289201,4.112170089632948,0.9990683874700135,0.9999305128555257,1.0,0.03620754567001641,0.003464280851114523,0.0821618765870792,0.06294990671767979,0.04541896990900201,0.019284411917080743,0.0355557132745913,0.015441650075289201,4.112170089632948,0.9990683874700135,0.9999305128555257,1.0,0.034996967459474705,0.0031147769885663834,0.07385652408224727,0.05743851144648356,0.04498155297811325,0.018703601424721255,0.03432790322818613,0.014908418947310072,4.0908622588251164,0.9990635395297013,0.9998965772733406,1.0,0.02971239450768343,0.002516263768496732,0.06758181392888311,0.04864166673982121,0.041185312652136825,-0.0022881637410973998,0.029753973884675558,0.01292198667280807,4.112170090047576,0.9991637302961526,0.9999789922586473,1.0,0.009367886930704117,0.06374629028141499,0.017487432807683945,ok,
759xd9YjKW5,112b976211e448f08cc955a8f4315e0c,112b976211e448f08cc955a8f4315e0c_i0_3,0,3,/mnt/priorbimda-data/PriorBIMDA-Datasets/Matterport3D/v1/scans/759xd9YjKW5/undistorted_color_images/112b976211e448f08cc955a8f4315e0c_i0_3.jpg,/mnt/priorbimda-data/PriorBIMDA-Datasets/Matterport3D/v1/scans/759xd9YjKW5/undistorted_depth_images/112b976211e448f08cc955a8f4315e0c_d0_3.png,1024,1280,406,504,1.4155678118069965,1196620,0.9129486083984375,-6.895999908447266,1.0066499710083008,1.5884499549865723,True,192924,0.9428219563687544,True,,1.0,192924,1.0403432846069336,0.039550740041237216,1.0747174721734067,0.03250707041318101,log-depth Laplacian fallback,,,,0.08127973209573343,0.029299152735883422,0.35556947884550644,0.16711276520285007,0.10586778945770223,-0.056582709713393506,0.08416448586252562,0.03655217178231914,8.947840972072656,0.9727340341963197,0.9967683976533904,0.9988409018736106,0.06804297550963231,0.026722764612301067,0.33369938131412236,0.1540150676266389,0.09108498118286343,-0.017031969731120887,0.0679991487237511,0.02953165506484367,8.947840970960966,0.9736708395313466,0.9967617121559058,0.9987623472781668,0.06804297550963231,0.026722764612301067,0.33369938131412236,0.1540150676266389,0.09108498118286343,-0.017031969731120887,0.0679991487237511,0.02953165506484367,8.947840970960966,0.9736708395313466,0.9967617121559058,0.9987623472781668,0.06141025297181657,0.025283872343681804,0.33773266138648333,0.14334958754713373,0.08636522745191834,-0.017110897703211714,0.06160938917750032,0.026756617753218304,8.465323202696878,0.9729588340492387,0.9967082281760291,0.9988074743861878,0.06456584656262433,0.028841286875200614,0.3295772378106002,0.15610135899369568,0.09080675068934634,0.01547514674965566,0.06239343587361141,0.02709712490689383,8.947840970778214,0.981514599455132,0.9966865003092042,0.9987005064264345,0.008583731949329376,0.058816119097173214,0.0173864783719182,ok,
759xd9YjKW5,112b976211e448f08cc955a8f4315e0c,112b976211e448f08cc955a8f4315e0c_i0_4,0,4,/mnt/priorbimda-data/PriorBIMDA-Datasets/Matterport3D/v1/scans/759xd9YjKW5/undistorted_color_images/112b976211e448f08cc955a8f4315e0c_i0_4.jpg,/mnt/priorbimda-data/PriorBIMDA-Datasets/Matterport3D/v1/scans/759xd9YjKW5/undistorted_depth_images/112b976211e448f08cc955a8f4315e0c_d0_4.png,1024,1280,406,504,1.4155678118069965,1223386,0.9333694458007813,-6.881800174713135,1.0098299980163574,1.5886199474334717,True,204624,1.0,True,,1.0,204624,0.9844964742660522,-0.015624962152587116,1.048918605816846,0.06338469638934702,log-depth Laplacian fallback,,,,0.09144302574616228,0.02403653773385762,0.22357450002532664,0.1526480817688471,0.12189953965861552,-0.04277078497007368,0.09497317524372421,0.04124632593717996,11.41497162590696,0.9640947337962017,0.9902867941925116,1.0,0.09465019947179734,0.02481561828095105,0.22448384363731683,0.1531067906409871,0.1282194252005753,-0.05839574703191873,0.09963224810902381,0.043269735573364734,11.414971628238977,0.9576511419944318,0.9895127130766578,1.0,0.09465019947179734,0.02481561828095105,0.22448384363731683,0.1531067906409871,0.1282194252005753,-0.05839574703191873,0.09963224810902381,0.043269735573364734,11.414971628238977,0.9576511419944318,0.9895127130766578,1.0,0.08787637392457551,0.02206289841596761,0.20932543679038268,0.139490741612448,0.12227437153587066,-0.05703893071375014,0.09257519659270345,0.04020489704131983,10.81553619453245,0.955465405031609,0.9910960236589269,1.0,0.09005686958699673,0.026455101816995216,0.23965822150193408,0.16392971520246793,0.11425868601848932,0.004988948387405058,0.08929921052660227,0.038782154370020146,11.41497162706046,0.9728662907700432,0.9915578566372347,1.0,0.009188107214868069,0.06319436989724636,0.017379047349095345,ok,
759xd9YjKW5,112b976211e448f08cc955a8f4315e0c,112b976211e448f08cc955a8f4315e0c_i0_5,0,5,/mnt/priorbimda-data/PriorBIMDA-Datasets/Matterport3D/v1/scans/759xd9YjKW5/undistorted_color_images/112b976211e448f08cc955a8f4315e0c_i0_5.jpg,/mnt/priorbimda-data/PriorBIMDA-Datasets/Matterport3D/v1/scans/759xd9YjKW5/undistorted_depth_images/112b976211e448f08cc955a8f4315e0c_d0_5.png,1024,1280,406,504,1.4155678118069965,1247737,0.9519477844238281,-6.871950149536133,0.999118983745575,1.5886900424957275,True,204624,1.0,True,,1.0,204624,1.1172159910202026,0.11083986846675803,1.1253445969935267,0.007249428725463636,log-depth Laplacian fallback,,,,0.10613668148581995,0.023526738642012886,0.22009824204299933,0.18577703187810524,0.12498460854301001,-0.11082250503478493,0.1134730968757538,0.04928073981761301,5.778862128883609,0.9910726379036607,1.0,1.0,0.04579806448307992,0.00817865958786186,0.14842734537255645,0.09563337660822786,0.057788623841146594,1.7363596643278372e-05,0.04542135352053371,0.019726243194544642,5.778862123254931,0.9981534570185865,1.0,1.0,0.04579806448307992,0.00817865958786186,0.14842734537255645,0.09563337660822786,0.057788623841146594,1.7363596643278372e-05,0.04542135352053371,0.019726243194544642,5.778862123254931,0.9981534570185865,1.0,1.0,0.0511916381605117,0.009986318977758618,0.16374088948554044,0.1062096308470935,0.06401575427617805,-0.0022076021528493832,0.050783311301021525,0.022054911870808696,6.397767804697778,0.9980284306708865,1.0,1.0,0.0457653657198976,0.008666122926817784,0.153738259426598,0.09723514590058877,0.05824372494964479,0.007266825121237843,0.04505718825346902,0.019568088228557608,5.778862127328547,0.9980340408275141,1.0,1.0,0.009418622590601444,0.0624068807810545,0.017360934056341648,ok,
759xd9YjKW5,112b976211e448f08cc955a8f4315e0c,112b976211e448f08cc955a8f4315e0c_i1_0,1,0,/mnt/priorbimda-data/PriorBIMDA-Datasets/Matterport3D/v1/scans/759xd9YjKW5/undistorted_color_images/112b976211e448f08cc955a8f4315e0c_i1_0.jpg,/mnt/priorbimda-data/PriorBIMDA-Datasets/Matterport3D/v1/scans/759xd9YjKW5/undistorted_depth_images/112b976211e448f08cc955a8f4315e0c_d1_0.png,1024,1280,406,504,1.4121168655554452,1101225,0.8401679992675781,-6.8841400146484375,0.9932699799537659,1.6217999458312988,True,204624,1.0,True,,1.0,204624,0.9898589253425598,-0.010192845661521762,1.2472353569438621,0.23112223307810187,log-depth Laplacian fallback,,,,0.14603625815092863,0.048856424047360535,0.27581065544721856,0.21859492767812197,0.2062683529850903,-0.15454144379775975,0.1635007972103101,0.0710074940152203,13.66146975697918,0.5050094213262503,0.9841040659265817,0.9979277622647507,0.15377866990840444,0.052055868935545264,0.2870586405565037,0.23736461167243605,0.2140115923414095,-0.16473428940363366,0.17277059741462852,0.07503331709230143,13.661469742010018,0.47184635292515154,0.982598469885809,0.9979813389634271,0.15377866990840444,0.052055868935545264,0.2870586405565037,0.23736461167243605,0.2140115923414095,-0.16473428940363366,0.17277059741462852,0.07503331709230143,13.661469742010018,0.47184635292515154,0.982598469885809,0.9979813389634271,0.14960727077157873,0.051892208280991906,0.27970575446138307,0.21296080166317824,0.21631168687776123,-0.15690425773489225,0.16892596186283113,0.07336361308722675,14.890198045884118,0.4552620944856864,0.9825221911961679,0.998034007582465,0.1262705922389069,0.09579434948440588,0.5828877939537384,0.3953397578981375,0.15189117281258288,0.06638789643131227,0.11576393871102884,0.05027563978558604,13.661469754681328,0.930055165838044,0.9953769665599673,0.9973311539422007,0.007748120464384556,0.06352241523563862,0.01742146536707878,ok,
759xd9YjKW5,112b976211e448f08cc955a8f4315e0c,112b976211e448f08cc955a8f4315e0c_i1_1,1,1,/mnt/priorbimda-data/PriorBIMDA-Datasets/Matterport3D/v1/scans/759xd9YjKW5/undistorted_color_images/112b976211e448f08cc955a8f4315e0c_i1_1.jpg,/mnt/priorbimda-data/PriorBIMDA-Datasets/Matterport3D/v1/scans/759xd9YjKW5/undistorted_depth_images/112b976211e448f08cc955a8f4315e0c_d1_1.png,1024,1280,406,504,1.4121168655554452,1121969,0.8559944152832031,-6.88755989074707,0.9925060272216797,1.6217600107192993,True,204624,1.0,True,,1.0,204624,1.0161197185516357,0.015991175434615496,0.9862627064497478,0.029823698740424107,log-depth Laplacian fallback,,,,0.09215036484337003,0.22930120917044064,1.0930148077861366,0.38439076361070523,0.23058508424050528,-0.00822137252757372,0.09717618198893088,0.04220307961021883,23.043847358452055,0.9202696331182055,0.9377906163182762,0.9434324834286866,0.09968196920552713,0.2347387333777242,1.0948859262501873,0.4076200271733568,0.23056942531400548,0.007769802856330084,0.10318270909995989,0.044811681189941034,23.043847346570516,0.9189531974591099,0.9376595966555226,0.9432987898952645,0.09968196920552713,0.2347387333777242,1.0948859262501873,0.4076200271733568,0.23056942531400548,0.007769802856330084,0.10318270909995989,0.044811681189941034,23.043847346570516,0.9189531974591099,0.9376595966555226,0.9432987898952645,0.09033121728546287,0.22537711205843938,1.0816540740542868,0.38001672618686966,0.2266112519993405,-0.00018575617426919546,0.09473320487997536,0.041142108132383545,22.661117586595843,0.9198088360730109,0.9377077263275545,0.9434699176180447,0.08976067312604245,0.22602711763232974,1.0937603634475461,0.3779993491212405,0.23149139431627766,-0.02205392360048375,0.09604196477868056,0.04171049533452746,23.043847355925262,0.9211404236658945,0.9383351946444153,0.9435198298705223,0.008556815795600414,0.05820224992930889,0.017376095056533813,ok,
759xd9YjKW5,112b976211e448f08cc955a8f4315e0c,112b976211e448f08cc955a8f4315e0c_i1_2,1,2,/mnt/priorbimda-data/PriorBIMDA-Datasets/Matterport3D/v1/scans/759xd9YjKW5/undistorted_color_images/112b976211e448f08cc955a8f4315e0c_i1_2.jpg,/mnt/priorbimda-data/PriorBIMDA-Datasets/Matterport3D/v1/scans/759xd9YjKW5/undistorted_depth_images/112b976211e448f08cc955a8f4315e0c_d1_2.png,1024,1280,406,504,1.4121168655554452,1167842,0.8909927368164062,-6.88992977142334,0.9950820207595825,1.6217399835586548,True,204624,1.0,True,,1.0,204624,1.010985255241394,0.010925355601016637,0.9984448126171936,0.01248175354298116,log-depth Laplacian fallback,,,,0.012819273827643602,0.0033376185492993604,0.12624376144204297,0.058526523291627476,0.025339473518866593,0.0008657462708753248,0.01270775508264776,0.0055189079097719244,2.5324679694081165,0.9990118526307497,0.999642931149933,0.9997927801877309,0.017561993287811207,0.003911628166320762,0.1331443040580881,0.07940373711637601,0.027935094187148977,0.011791101926499415,0.017289967328632007,0.007508937403112385,2.5324679713745373,0.9989681823397343,0.9996292306664771,0.9997525350175794,0.017561993287811207,0.003911628166320762,0.1331443040580881,0.07940373711637601,0.027935094187148977,0.011791101926499415,0.017289967328632007,0.007508937403112385,2.5324679713745373,0.9989681823397343,0.9996292306664771,0.9997525350175794,0.017654086997337823,0.004139176895474988,0.14191216282399077,0.08293465624287236,0.028327440627089036,0.009425632011431647,0.017452501540548285,0.007579525114468117,2.6713317908233143,0.9990221279933416,0.9996532065125248,0.9998227499952904,0.012717435594201701,0.0033426294915454595,0.1268308623573882,0.05812537259848988,0.025334096103400396,-0.0006906687043518274,0.012625768432789819,0.005483301560148885,2.5324679704137547,0.9990161340318297,0.9996437874301489,0.9998021992701067,0.008146729320287704,0.057725606486201286,0.017388704232871532,ok,
759xd9YjKW5,112b976211e448f08cc955a8f4315e0c,112b976211e448f08cc955a8f4315e0c_i1_3,1,3,/mnt/priorbimda-data/PriorBIMDA-Datasets/Matterport3D/v1/scans/759xd9YjKW5/undistorted_color_images/112b976211e448f08cc955a8f4315e0c_i1_3.jpg,/mnt/priorbimda-data/PriorBIMDA-Datasets/Matterport3D/v1/scans/759xd9YjKW5/undistorted_depth_images/112b976211e448f08cc955a8f4315e0c_d1_3.png,1024,1280,406,504,1.4121168655554452,1263757,0.9641700744628906,-6.888879776000977,0.9984220266342163,1.6217600107192993,True,193577,0.9460131753850965,True,,1.0,193577,1.0269685983657837,0.026611354398908486,1.0345628811680998,0.007367646073367193,log-depth Laplacian fallback,,,,0.06390678973415426,0.05635707486010481,0.4386376181608133,0.23896127254105956,0.10964139378130494,-0.02097455456763022,0.060561964801876804,0.026301727126674068,10.761646384729742,0.965255187508358,0.9894093563873435,0.9919913401073149,0.05765955946826461,0.05557900065445967,0.4160790879566377,0.19926674822181265,0.1077639865150891,0.005636799721275336,0.05271724414022532,0.022894808231246403,10.761646378935955,0.9661145299294089,0.9891411086150265,0.991723092334998,0.05765955946826461,0.05557900065445967,0.4160790879566377,0.19926674822181265,0.1077639865150891,0.005636799721275336,0.05271724414022532,0.022894808231246403,10.761646378935955,0.9661145299294089,0.9891411086150265,0.991723092334998,0.05657202837258212,0.05532848428016119,0.42230814589716903,0.1987242380126997,0.10766990538204889,0.003740907362569378,0.05192628866069749,0.02255130063105632,10.760489829503134,0.9635143465080708,0.9891949164277626,0.9918425773309267,0.05765866920220832,0.05622818226105361,0.4134828679556638,0.19402650641714642,0.10839934279672299,0.01300439267939276,0.05229205659447203,0.022710151626351767,10.761646384174503,0.9661058257244075,0.9890825530541077,0.9916740322704444,0.01141185313463211,0.06227671913802624,0.017384212464094162,ok,
759xd9YjKW5,112b976211e448f08cc955a8f4315e0c,112b976211e448f08cc955a8f4315e0c_i1_4,1,4,/mnt/priorbimda-data/PriorBIMDA-Datasets/Matterport3D/v1/scans/759xd9YjKW5/undistorted_color_images/112b976211e448f08cc955a8f4315e0c_i1_4.jpg,/mnt/priorbimda-data/PriorBIMDA-Datasets/Matterport3D/v1/scans/759xd9YjKW5/undistorted_depth_images/112b976211e448f08cc955a8f4315e0c_d1_4.png,1024,1280,406,504,1.4121168655554452,1301611,0.9930503845214844,-6.885469913482666,0.9991859793663025,1.6217999458312988,True,204624,1.0,True,,1.0,204624,0.9189968109130859,-0.08447262680321542,1.0684307452661121,0.15066360556731428,log-depth Laplacian fallback,,,,0.14880341044505413,0.0614519626324656,0.33092873683184726,0.24137234704455504,0.18071478173581565,-0.04558092652627138,0.14931167617899546,0.06484523704826294,17.487198596353316,0.9610090879686788,0.9803820035325455,0.9945905497110888,0.16500095557764058,0.06348443255963439,0.3313767200227763,0.2660699328013103,0.21793149888246646,-0.1300535531519312,0.1785284152001753,0.07753390558436879,17.48719860861547,0.5013756030027404,0.9849578714377798,0.9957014807035282,0.16500095557764058,0.06348443255963439,0.3313767200227763,0.2660699328013103,0.21793149888246646,-0.1300535531519312,0.1785284152001753,0.07753390558436879,17.48719860861547,0.5013756030027404,0.9849578714377798,0.9957014807035282,0.1628225318915387,0.06222160734878241,0.32953129763091893,0.2648450813765539,0.21452996926689913,-0.1307353201945566,0.17562998254091297,0.07627513227428297,17.009228015193237,0.5060736272204215,0.9851061492258439,0.995165990453369,0.15445538873587297,0.08279595126174437,0.42140315346126805,0.3041419906609437,0.17608233049577776,0.02061008602125514,0.14495826860258254,0.06295457616035101,17.487198594120436,0.909401503214094,0.9758122818568682,0.9905255871377854,0.01018068939447403,0.059585634618997574,0.01740302797406912,ok,
759xd9YjKW5,112b976211e448f08cc955a8f4315e0c,112b976211e448f08cc955a8f4315e0c_i1_5,1,5,/mnt/priorbimda-data/PriorBIMDA-Datasets/Matterport3D/v1/scans/759xd9YjKW5/undistorted_color_images/112b976211e448f08cc955a8f4315e0c_i1_5.jpg,/mnt/priorbimda-data/PriorBIMDA-Datasets/Matterport3D/v1/scans/759xd9YjKW5/undistorted_depth_images/112b976211e448f08cc955a8f4315e0c_d1_5.png,1024,1280,406,504,1.4121168655554452,976596,0.7450836181640625,-6.8831000328063965,0.9966099858283997,1.6218199729919434,True,204624,1.0,True,,1.0,204624,0.980179488658905,-0.020019572394982862,1.0436244312551581,0.06271925695635822,log-depth Laplacian fallback,,,,0.047109710874596256,0.016868237436315825,0.26732553255234054,0.18618681231992903,0.0642149479194007,-0.03740986752549601,0.04750593836209157,0.02063156688829237,5.21925411147626,0.9932674309540486,0.997964357830669,0.9992402180635596,0.06355200109431369,0.023432922228299347,0.32196144309958963,0.25631304290539375,0.07760284720659774,-0.057429439834402914,0.06505115580833067,0.02825135800898668,5.219254098889277,0.9936770169036121,0.9980022445310036,0.9992473858176769,0.06355200109431369,0.023432922228299347,0.32196144309958963,0.25631304290539375,0.07760284720659774,-0.057429439834402914,0.06505115580833067,0.02825135800898668,5.219254098889277,0.9936770169036121,0.9980022445310036,0.9992473858176769,0.059129958105847216,0.02144862969128535,0.3019708477566852,0.2324072675953307,0.07505187539257983,-0.052201255354636704,0.06038259903140516,0.026223829562315913,5.392414059902433,0.9935582369782388,0.9979838131632732,0.9992453378879291,0.027354827830155123,0.013505727231214813,0.23607886916591683,0.10954701792539104,0.05245991998112439,0.0052897881688872645,0.026270609244752375,0.011409180631232505,5.219254109117771,0.9917734662030153,0.9978896083948736,0.9992064272227206,0.008434626273810863,0.06366516835987568,0.017369020730257034,ok,
759xd9YjKW5,112b976211e448f08cc955a8f4315e0c,112b976211e448f08cc955a8f4315e0c_i2_0,2,0,/mnt/priorbimda-data/PriorBIMDA-Datasets/Matterport3D/v1/scans/759xd9YjKW5/undistorted_color_images/112b976211e448f08cc955a8f4315e0c_i2_0.jpg,/mnt/priorbimda-data/PriorBIMDA-Datasets/Matterport3D/v1/scans/759xd9YjKW5/undistorted_depth_images/112b976211e448f08cc955a8f4315e0c_d2_0.png,1024,1280,406,504,1.4165615917841592,1238493,0.9448951721191406,-6.877019882202148,0.985040009021759,1.6550999879837036,True,204624,1.0,True,,1.0,204624,1.0833717584609985,0.08007817639312799,1.0199497744941879,0.06032479100128361,log-depth Laplacian fallback,,,,0.030110321430566016,0.004315865658664179,0.09212294372514357,0.06011799788284705,0.043857868028665446,-0.01940822135840981,0.030218065922511268,0.013123539283935328,3.9329804623501503,0.9958594840665228,0.9990690298612911,0.9997206282150969,0.06369347829803579,0.012424448305727183,0.16601133860240713,0.13327591923586402,0.07230267614347363,0.06066995506739869,0.06094828135995105,0.026469502276113582,3.9329804596868465,0.9929882526586747,0.998740404669223,0.9995995132794453,0.06369347829803579,0.012424448305727183,0.16601133860240713,0.13327591923586402,0.07230267614347363,0.06066995506739869,0.06094828135995105,0.026469502276113582,3.9329804596868465,0.9929882526586747,0.998740404669223,0.9995995132794453,0.0636420208147681,0.014192135072650724,0.18441385280105202,0.1402788211763498,0.07432970691239627,0.0601808325087575,0.06073759860743882,0.026378003919265324,4.36253679438421,0.9930302391697006,0.9986871140975363,0.9995526821709932,0.024636644042851066,0.0036688684365478786,0.0833677779145615,0.045510297626396724,0.03933131936665732,0.00034518298551732435,0.024220952604564003,0.010519026062602336,3.9329804624845295,0.9954493081511159,0.9989705230469611,0.9996851011673058,0.008170626126229763,0.059062086045742035,0.01739430520683527,ok,
759xd9YjKW5,112b976211e448f08cc955a8f4315e0c,112b976211e448f08cc955a8f4315e0c_i2_1,2,1,/mnt/priorbimda-data/PriorBIMDA-Datasets/Matterport3D/v1/scans/759xd9YjKW5/undistorted_color_images/112b976211e448f08cc955a8f4315e0c_i2_1.jpg,/mnt/priorbimda-data/PriorBIMDA-Datasets/Matterport3D/v1/scans/759xd9YjKW5/undistorted_depth_images/112b976211e448f08cc955a8f4315e0c_d2_1.png,1024,1280,406,504,1.4165615917841592,1257700,0.9595489501953125,-6.8912200927734375,0.9818639755249023,1.6549400091171265,True,204624,1.0,True,,1.0,204624,1.0492709875106812,0.04809562542435208,1.007765665191105,0.040359957810503104,log-depth Laplacian fallback,,,,0.029469234903491046,0.007076392340254173,0.13599216310424142,0.07050321466253398,0.04641254123514096,-0.004694273559051623,0.02897434453381094,0.012583397947797741,4.617453605242232,0.9927120935040152,0.9986228830404708,0.9996016538125149,0.04724289724039286,0.014362245642590052,0.2051472797108014,0.12910270405685786,0.06337006487449896,0.043401351867357434,0.04509067065723735,0.019582629451755037,4.617453603756118,0.9905804245845591,0.9983326707481911,0.9994625109326548,0.04724289724039286,0.014362245642590052,0.2051472797108014,0.12910270405685786,0.06337006487449896,0.043401351867357434,0.04509067065723735,0.019582629451755037,4.617453603756118,0.9905804245845591,0.9983326707481911,0.9994625109326548,0.04689047026832363,0.013187687389729755,0.1932091740566391,0.12500914839641594,0.06170127071516231,0.04188446572369515,0.04486742040829827,0.01948567310055728,4.53071554934356,0.9904905780392781,0.9983748111632345,0.9995038562455275,0.02908815200458816,0.007441288108674021,0.14190196667851498,0.07263936841631008,0.046274590960725594,0.0030413796872774705,0.028367533502633796,0.012319863265399482,4.617453603643769,0.9923725848771567,0.9985791524210861,0.9995793909517373,0.008237604051828384,0.05819573346525431,0.01738442201167345,ok,
759xd9YjKW5,112b976211e448f08cc955a8f4315e0c,112b976211e448f08cc955a8f4315e0c_i2_2,2,2,/mnt/priorbimda-data/PriorBIMDA-Datasets/Matterport3D/v1/scans/759xd9YjKW5/undistorted_color_images/112b976211e448f08cc955a8f4315e0c_i2_2.jpg,/mnt/priorbimda-data/PriorBIMDA-Datasets/Matterport3D/v1/scans/759xd9YjKW5/undistorted_depth_images/112b976211e448f08cc955a8f4315e0c_d2_2.png,1024,1280,406,504,1.4165615917841592,1249286,0.9531295776367188,-6.9010701179504395,0.9925730228424072,1.654860019683838,True,204624,1.0,True,,1.0,204624,1.192177176475525,0.17578119558045047,1.1761666566374407,0.013520641316857207,log-depth Laplacian fallback,,,,0.14981199269939452,0.059553621128906734,0.4167465462238463,0.39824245618206616,0.16270859432033197,-0.16213621274434195,0.16232826576026574,0.070498270076608,1.3635805169473785,0.9998807318740465,0.9999255574784317,1.0,0.014694935519852152,0.001299472762487125,0.06488754908275474,0.042804131783177275,0.019290431313262222,0.013644982852132313,0.014503894062431069,0.006298961157423149,1.3635805191359356,0.9994308749157519,0.9998895369034793,1.0,0.014694935519852152,0.001299472762487125,0.06488754908275474,0.042804131783177275,0.019290431313262222,0.013644982852132313,0.014503894062431069,0.006298961157423149,1.3635805191359356,0.9994308749157519,0.9998895369034793,1.0,0.016308135297132504,0.001449020582772887,0.06772102506619855,0.04689620617224217,0.02078410983363205,0.013431465975142401,0.016099561462214876,0.006991950704102166,1.5861114189585566,0.9994276730868672,0.9998919382751428,1.0,0.00835497739462691,0.0006774134603708706,0.04594906103452446,0.023972123564121244,0.013636372013164436,0.0001243389748095921,0.008306555957500168,0.0036074914159629056,1.363580512843879,0.9994909092073392,0.999892738732364,1.0,0.008857155218720436,0.05988273676484823,0.017371974885463715,ok,
759xd9YjKW5,112b976211e448f08cc955a8f4315e0c,112b976211e448f08cc955a8f4315e0c_i2_3,2,3,/mnt/priorbimda-data/PriorBIMDA-Datasets/Matterport3D/v1/scans/759xd9YjKW5/undistorted_color_images/112b976211e448f08cc955a8f4315e0c_i2_3.jpg,/mnt/priorbimda-data/PriorBIMDA-Datasets/Matterport3D/v1/scans/759xd9YjKW5/undistorted_depth_images/112b976211e448f08cc955a8f4315e0c_d2_3.png,1024,1280,406,504,1.4165615917841592,1262407,0.9631401062011719,-6.896719932556152,1.0064599514007568,1.6549500226974487,True,204624,1.0,True,,1.0,204624,1.1691184043884277,0.15624996426275067,1.1555553080814143,0.011668949611980589,log-depth Laplacian fallback,,,,0.1299586533362643,0.04238030332571314,0.30991331893918705,0.2973820555476945,0.1474063466920737,-0.13412188364078176,0.13909898578986735,0.06040992196687822,6.115514184230483,0.9952828208335347,0.9982953199720851,0.9993045032228116,0.04212155947918055,0.01646485162915755,0.21260492620520446,0.11745789066746423,0.06503540061427479,0.022128080556281803,0.0399846944622726,0.017365132165552473,6.115514192571149,0.9928810597533125,0.996129615884576,0.9986153435460988,0.04212155947918055,0.01646485162915755,0.21260492620520446,0.11745789066746423,0.06503540061427479,0.022128080556281803,0.0399846944622726,0.017365132165552473,6.115514192571149,0.9928810597533125,0.996129615884576,0.9986153435460988,0.04210977987458629,0.015650059581159798,0.20497071549970283,0.11513548689600318,0.06402687271193548,0.02160381249155419,0.04011575779312052,0.017422052246919607,6.027201436073092,0.9929365093824734,0.996143874360646,0.998633562709966,0.040232929878689344,0.014458620461940753,0.19582003326883418,0.10747226627371341,0.06204309688281754,0.010459182404003878,0.03857390027775834,0.016752432036116757,6.115514184637673,0.9931488022484033,0.9962096217780795,0.998678714550854,0.008725914172828197,0.059386895038187504,0.01738943811506033,ok,
759xd9YjKW5,112b976211e448f08cc955a8f4315e0c,112b976211e448f08cc955a8f4315e0c_i2_4,2,4,/mnt/priorbimda-data/PriorBIMDA-Datasets/Matterport3D/v1/scans/759xd9YjKW5/undistorted_color_images/112b976211e448f08cc955a8f4315e0c_i2_4.jpg,/mnt/priorbimda-data/PriorBIMDA-Datasets/Matterport3D/v1/scans/759xd9YjKW5/undistorted_depth_images/112b976211e448f08cc955a8f4315e0c_d2_4.png,1024,1280,406,504,1.4165615917841592,1246603,0.9510826110839844,-6.8825201988220215,1.0096299648284912,1.6551100015640259,True,204624,1.0,True,,1.0,204624,1.1386950016021729,0.12988287125964615,1.1037769187675863,0.03114501015660283,log-depth Laplacian fallback,,,,0.09262425497702653,0.019514430111758668,0.19893432433181113,0.17751673521414746,0.10364031735611247,-0.09067822072953724,0.09666108188237031,0.0419793744763118,5.0187405461938654,0.9910524842311466,0.9982239734703029,1.0,0.04253880914445207,0.012885027210813875,0.1820017244242605,0.0986211228567831,0.0636850083639462,0.039204650608085284,0.04032530074330654,0.01751305559390715,5.018740540229048,0.9907677103295917,0.9956144819160551,0.999241939895861,0.04253880914445207,0.012885027210813875,0.1820017244242605,0.0986211228567831,0.0636850083639462,0.039204650608085284,0.04032530074330654,0.01751305559390715,5.018740540229048,0.9907677103295917,0.9956144819160551,0.999241939895861,0.04096523218687829,0.012306905063840216,0.17506871512964414,0.09365583059182148,0.0630390494677057,0.03326221326165464,0.03883161075266685,0.016864354273298195,5.354948110605791,0.990842313069999,0.9956056579360069,0.9992956859561545,0.026795390311427688,0.008310821430455835,0.14235714420680398,0.06152753965147249,0.0508304403279119,0.008059652164366889,0.025585985038935073,0.011111852116468665,5.018740550097035,0.9915610663539234,0.9971538653444602,0.999522702897394,0.008081384934484959,0.05795510020107031,0.0174220222979784,ok,
759xd9YjKW5,112b976211e448f08cc955a8f4315e0c,112b976211e448f08cc955a8f4315e0c_i2_5,2,5,/mnt/priorbimda-data/PriorBIMDA-Datasets/Matterport3D/v1/scans/759xd9YjKW5/undistorted_color_images/112b976211e448f08cc955a8f4315e0c_i2_5.jpg,/mnt/priorbimda-data/PriorBIMDA-Datasets/Matterport3D/v1/scans/759xd9YjKW5/undistorted_depth_images/112b976211e448f08cc955a8f4315e0c_d2_5.png,1024,1280,406,504,1.4165615917841592,1253161,0.9560859680175782,-6.8726701736450195,0.9989240169525146,1.6551899909973145,True,204624,1.0,True,,1.0,204624,0.8241857290267944,-0.1933593751669099,1.1356892625648223,0.32059912157331616,log-depth Laplacian fallback,,,,0.12229866240609212,0.035703855961004234,0.29884087305302104,0.29057412677560357,0.13525093325686754,-0.12884252945893618,0.13083357201343226,0.056820298373125314,4.113900277688809,0.9847737042566758,1.0,1.0,0.2749764862975921,0.18422638479531692,0.6996848264195896,0.674563798115762,0.32481761786520597,-0.3222019045754444,0.32235433670092756,0.1399967096467957,4.11390029483358,0.0107033334104716,0.9913634401325927,1.0,0.2749764862975921,0.18422638479531692,0.6996848264195896,0.674563798115762,0.32481761786520597,-0.3222019045754444,0.32235433670092756,0.1399967096467957,4.11390029483358,0.0107033334104716,0.9913634401325927,1.0,0.265532971470235,0.16924746738550792,0.6624782971630839,0.642630737577142,0.3155106868195736,-0.30999608543917145,0.3102445718832318,0.13473750560932427,5.873176746658479,0.012181196191072018,0.9921087553793966,1.0,0.026276371986561783,0.003857048566614954,0.09648167705174075,0.06143992031975876,0.04117021344322906,-0.001602786567440488,0.026208403084034937,0.011382164838892534,4.113900278543794,0.9946870354248177,1.0,1.0,0.008673731237649918,0.05911610648036003,0.017374773509800434,ok,
759xd9YjKW5,146714339e954166a2f701202e030c29,146714339e954166a2f701202e030c29_i0_0,0,0,/mnt/priorbimda-data/PriorBIMDA-Datasets/Matterport3D/v1/scans/759xd9YjKW5/undistorted_color_images/146714339e954166a2f701202e030c29_i0_0.jpg,/mnt/priorbimda-data/PriorBIMDA-Datasets/Matterport3D/v1/scans/759xd9YjKW5/undistorted_depth_images/146714339e954166a2f701202e030c29_d0_0.png,1024,1280,406,504,1.4155678118069965,1243696,0.94886474609375,-7.065859794616699,-4.934760093688965,1.567520022392273,True,76719,0.3749266948158574,True,,1.0,76719,0.9584091305732727,-0.04248052477435366,1.3664758341841625,0.3547155665430545,log-depth Laplacian fallback,,,,0.21511219006234125,0.1201571723771032,0.5319875302763846,0.474337021678376,0.2770044040114402,-0.22457735821553967,0.24719563625701435,0.10735570077698475,16.21618019715567,0.3212143482008465,0.9959604276286166,0.9997378780666658,0.23876808206375516,0.14828909271438148,0.5995855440807006,0.5388896262357996,0.31243617428749143,-0.26705788317657486,0.28048886300237563,0.12181476543724895,16.216180202702052,0.316955268811671,0.9940210469439478,0.9999236147740284,0.23876808206375516,0.14828909271438148,0.5995855440807006,0.5388896262357996,0.31243617428749143,-0.26705788317657486,0.28048886300237563,0.12181476543724895,16.216180202702052,0.316955268811671,0.9940210469439478,0.9999236147740284,0.24678622813659365,0.15841087922954997,0.6225087601146977,0.5613631357479802,0.3240133615047807,-0.28112560324205754,0.2917815379339778,0.12671911184597098,16.10995146964042,0.31554817254377276,0.9828438782467741,0.9999525607543965,0.13674563111102048,0.13928982887050526,0.6523781512355749,0.40029219726502396,0.18433751044555893,0.08765767356355049,0.1179311193625956,0.05121683438384898,16.216180198398316,0.7218532503119733,0.9844407314970861,0.9949063115102083,0.009330167435109615,0.06423436850309372,0.017402444034814835,ok,
759xd9YjKW5,146714339e954166a2f701202e030c29,146714339e954166a2f701202e030c29_i0_4,0,4,/mnt/priorbimda-data/PriorBIMDA-Datasets/Matterport3D/v1/scans/759xd9YjKW5/undistorted_color_images/146714339e954166a2f701202e030c29_i0_4.jpg,/mnt/priorbimda-data/PriorBIMDA-Datasets/Matterport3D/v1/scans/759xd9YjKW5/undistorted_depth_images/146714339e954166a2f701202e030c29_d0_4.png,1024,1280,406,504,1.4155678118069965,1242337,0.9478279113769531,-7.06790018081665,-4.959869861602783,1.5682200193405151,True,53634,0.26211001642036125,True,,1.0,53634,0.8404412865638733,-0.17382818394066074,1.3018484406955613,0.4376133159557222,log-depth Laplacian fallback,,,,0.21653900872993945,0.1343566758783032,0.5855624682310887,0.5050208992773381,0.29361030565483387,-0.2291744159759072,0.251693618826873,0.10930914978677136,18.353773085888044,0.4310360232368512,0.8976662531986087,0.9990960584768868,0.3267980984397409,0.2838228980401384,0.9149828118574843,0.8212277553601625,0.4428286284779573,-0.40300259985446174,0.40887534282289223,0.17757230517428238,18.35377310261117,0.16724286566366453,0.5228854972523559,0.9971585809647463,0.3267980984397409,0.2838228980401384,0.9149828118574843,0.8212277553601625,0.4428286284779573,-0.40300259985446174,0.40887534282289223,0.17757230517428238,18.35377310261117,0.16724286566366453,0.5228854972523559,0.9971585809647463,0.3351661877136771,0.2994915626363791,0.9431093006303439,0.8458776977707801,0.4564351908384358,-0.416495451542608,0.42203715978362816,0.18328840965215082,18.67207066183031,0.1617677007124476,0.5412154673007404,0.9648340184668089,0.16162302820333654,0.11917134973161644,0.5939491919717664,0.45242632864159943,0.18677258568156654,0.034610693646826514,0.15131740223232845,0.0657163128054351,18.35377308551668,0.8269277981739255,0.9880378673419531,0.9941344417818998,0.009441351518034935,0.059957859106361866,0.017409494146704674,ok,
759xd9YjKW5,146714339e954166a2f701202e030c29,146714339e954166a2f701202e030c29_i0_5,0,5,/mnt/priorbimda-data/PriorBIMDA-Datasets/Matterport3D/v1/scans/759xd9YjKW5/undistorted_color_images/146714339e954166a2f701202e030c29_i0_5.jpg,/mnt/priorbimda-data/PriorBIMDA-Datasets/Matterport3D/v1/scans/759xd9YjKW5/undistorted_depth_images/146714339e954166a2f701202e030c29_d0_5.png,1024,1280,406,504,1.4155678118069965,1238675,0.9450340270996094,-7.074130058288574,-4.946720123291016,1.5679099559783936,True,68848,0.33646102119008525,True,,1.0,68848,0.9091775417327881,-0.09521488843862437,1.200675442337549,0.2780991554960823,log-depth Laplacian fallback,,,,0.1950921901665114,0.10432261194823714,0.593841035109947,0.5300732886542691,0.2431266470006333,-0.20824625039386002,0.2196117184645056,0.09537615749042526,12.547535885052616,0.6756776394130826,0.9863999838537146,0.9997319716632692,0.2649039749234192,0.19400192357676474,0.8389033762060081,0.7527470141326003,0.3283789403839027,-0.30346113886190057,0.3113711570127572,0.1352267753144715,12.547535888887909,0.15161281207742144,0.7966932407612973,1.0,0.2649039749234192,0.19400192357676474,0.8389033762060081,0.7527470141326003,0.3283789403839027,-0.30346113886190057,0.3113711570127572,0.1352267753144715,12.547535888887909,0.15161281207742144,0.7966932407612973,1.0,0.2747647630397095,0.212381555810147,0.8850200776385063,0.7917003920595709,0.33805944781537856,-0.3168766034227749,0.3242162512391657,0.1408053288565279,11.778543399115225,0.09816699295618302,0.8038008355702666,1.0,0.08334679779992953,0.033104237608985995,0.263189320284458,0.15372608919664524,0.12801286644306634,-0.025361945729586038,0.08419130934853533,0.03656382107427858,12.547535887089495,0.9397993824045855,0.9892118594465861,0.997127575837084,0.00934730377048254,0.06092838477343321,0.017412863671779633,ok,
759xd9YjKW5,146714339e954166a2f701202e030c29,146714339e954166a2f701202e030c29_i1_0,1,0,/mnt/priorbimda-data/PriorBIMDA-Datasets/Matterport3D/v1/scans/759xd9YjKW5/undistorted_color_images/146714339e954166a2f701202e030c29_i1_0.jpg,/mnt/priorbimda-data/PriorBIMDA-Datasets/Matterport3D/v1/scans/759xd9YjKW5/undistorted_depth_images/146714339e954166a2f701202e030c29_d1_0.png,1024,1280,406,504,1.4121168655554452,1150906,0.8780715942382813,-7.060890197753906,-4.9438300132751465,1.6009999513626099,True,195647,0.9561292907967784,True,,1.0,195647,0.9805384874343872,-0.019653381250849866,0.9932041634556714,0.012834347854944375,log-depth Laplacian fallback,,,,0.04476555030948875,0.04314774618420816,0.3867895513791825,0.1612407745232904,0.09069541342076272,0.022666302382240343,0.040444538460855245,0.01756483987667327,8.781740574555771,0.9773482803982254,0.9881632383530888,0.99579722409997,0.04512268287088816,0.040163679104973704,0.37939843327359457,0.17222493890365728,0.08786907556485776,0.0030129210176272118,0.04166951574717678,0.018096840752579533,8.781740572098576,0.9779052329208467,0.9884073938271241,0.9963367990087809,0.04512268287088816,0.040163679104973704,0.37939843327359457,0.17222493890365728,0.08786907556485776,0.0030129210176272118,0.04166951574717678,0.018096840752579533,8.781740572098576,0.9779052329208467,0.9884073938271241,0.9963367990087809,0.04848439873849799,0.04065228020584326,0.38914892950097524,0.19400629509990447,0.08869227450688927,-0.004608389701780317,0.04545754366806085,0.019741960375914924,8.857246920777316,0.978098993314832,0.9885029707030809,0.99646973775443,0.04378334974199979,0.04176560826188134,0.3821948518505576,0.1609923553761416,0.08923582859595035,0.01584728202075409,0.03976346877587949,0.01726905507069671,8.78174057790397,0.9776402243102391,0.9882787994849275,0.9959814268063595,0.009163771755993366,0.0636010505259037,0.017418003641068935,ok,
759xd9YjKW5,146714339e954166a2f701202e030c29,146714339e954166a2f701202e030c29_i1_1,1,1,/mnt/priorbimda-data/PriorBIMDA-Datasets/Matterport3D/v1/scans/759xd9YjKW5/undistorted_color_images/146714339e954166a2f701202e030c29_i1_1.jpg,/mnt/priorbimda-data/PriorBIMDA-Datasets/Matterport3D/v1/scans/759xd9YjKW5/undistorted_depth_images/146714339e954166a2f701202e030c29_d1_1.png,1024,1280,406,504,1.4121168655554452,1070023,0.8163627624511719,-7.057409763336182,-4.944119930267334,1.6009800434112549,True,180499,0.882100828837282,True,,1.0,180499,1.045690894126892,0.04467780966337881,1.0448177747961294,0.0008353176377701305,log-depth Laplacian fallback,,,,0.06232651784647349,0.029584948476052694,0.35004498332802997,0.20325362866700747,0.1026985809159218,-0.04294670421823962,0.06628611458076596,0.028787693789233324,9.328761503509012,0.9682455423855375,0.982469535701569,1.0,0.045847472745356554,0.02348844189091733,0.30303209977871537,0.1346881141634505,0.09330367548051824,0.0017311052995139869,0.04745940735797094,0.020611358729965366,9.32876151084154,0.9727734824391625,0.9833255920667126,0.9999925235251953,0.045847472745356554,0.02348844189091733,0.30303209977871537,0.1346881141634505,0.09330367548051824,0.0017311052995139869,0.04745940735797094,0.020611358729965366,9.32876151084154,0.9727734824391625,0.9833255920667126,0.9999925235251953,0.04688490649939942,0.02398666957152949,0.30742389710878465,0.1379447865884964,0.09398619402544697,0.0005781024537624983,0.04847380405607128,0.02105190561841122,9.398441607491062,0.9723118101199694,0.9833003589642466,1.0,0.04579432591536097,0.02350214538954595,0.30347736218411064,0.1349069414965104,0.0932919160725491,0.0008958169932193974,0.0474445320908791,0.020604898483550536,9.3287615021514,0.9727230162342305,0.983324657507362,0.9999934580845459,0.008627181872725487,0.06021459773182869,0.017387595027685165,ok,
759xd9YjKW5,146714339e954166a2f701202e030c29,146714339e954166a2f701202e030c29_i1_4,1,4,/mnt/priorbimda-data/PriorBIMDA-Datasets/Matterport3D/v1/scans/759xd9YjKW5/undistorted_color_images/146714339e954166a2f701202e030c29_i1_4.jpg,/mnt/priorbimda-data/PriorBIMDA-Datasets/Matterport3D/v1/scans/759xd9YjKW5/undistorted_depth_images/146714339e954166a2f701202e030c29_d1_4.png,1024,1280,406,504,1.4121168655554452,1234653,0.9419654846191406,-7.061379909515381,-4.9498701095581055,1.6011699438095093,True,160500,0.7843654703260614,True,,1.0,160500,0.9985743761062622,-0.00142664106232916,1.007207751846877,0.008608541213274626,log-depth Laplacian fallback,,,,0.0740999590423152,0.0626395450326715,0.3882976597836511,0.22007741149405557,0.12785583625867228,0.0169093140807924,0.06610072529775549,0.02870718024661789,12.673275015843984,0.9346634236502078,0.9849957842405923,0.9949921151934997,0.0742523254945046,0.06250698944569048,0.38905843947353697,0.2218592178349874,0.1276749902437689,0.015482672864119175,0.06635890898784408,0.028819307998540784,12.673275020581363,0.9349298952823182,0.9850605797742361,0.9950123637977634,0.0742523254945046,0.06250698944569048,0.38905843947353697,0.2218592178349874,0.1276749902437689,0.015482672864119175,0.06635890898784408,0.028819307998540784,12.673275020581363,0.9349298952823182,0.9850605797742361,0.9950123637977634,0.07754778089757393,0.06414400657696809,0.4001267015589988,0.23953699366362433,0.12927794531746165,0.011534217675163314,0.06985968077426648,0.030339673867786625,12.876237403887266,0.9353486364184916,0.9866367311301232,0.995038282011221,0.07406484131468752,0.06357922586203837,0.38609381863718806,0.21456943371742634,0.12900223459238613,0.024091213698206108,0.06553427027357155,0.028461171955368424,12.673275011762506,0.93342582895761,0.9848103070255367,0.9949135506089565,0.009016171097755432,0.0574094420298934,0.017422008328139782,ok,
759xd9YjKW5,146714339e954166a2f701202e030c29,146714339e954166a2f701202e030c29_i1_5,1,5,/mnt/priorbimda-data/PriorBIMDA-Datasets/Matterport3D/v1/scans/759xd9YjKW5/undistorted_color_images/146714339e954166a2f701202e030c29_i1_5.jpg,/mnt/priorbimda-data/PriorBIMDA-Datasets/Matterport3D/v1/scans/759xd9YjKW5/undistorted_depth_images/146714339e954166a2f701202e030c29_d1_5.png,1024,1280,406,504,1.4121168655554452,1208689,0.9221565246582031,-7.062880039215088,-4.946710109710693,1.6010899543762207,True,158651,0.7753293846274142,True,,1.0,158651,0.9472433924674988,-0.05419920459733209,0.9936347991316419,0.04781365946174654,log-depth Laplacian fallback,,,,0.06505950861309463,0.06394971410831742,0.35775863614230374,0.18797238345254821,0.12543461922390414,0.029903836534669177,0.05504059681933279,0.023903827479297902,12.181791436547257,0.9578733652742765,0.9881640355790448,0.9933084523810509,0.0822019348414532,0.06346214525002446,0.4061446319858622,0.3066342306914226,0.12421702448314284,-0.02429536811789482,0.07598470096706934,0.0329997363390669,12.18179143618117,0.9686213740672746,0.9903879327105649,0.9942723066065795,0.0822019348414532,0.06346214525002446,0.4061446319858622,0.3066342306914226,0.12421702448314284,-0.02429536811789482,0.07598470096706934,0.0329997363390669,12.18179143618117,0.9686213740672746,0.9903879327105649,0.9942723066065795,0.08254849469610163,0.06410809579532793,0.408792068377207,0.30740443520142263,0.12474831775090621,-0.025447369506503968,0.07650576506814664,0.03322603160288265,12.212523967993068,0.9719836947304062,0.9904334365581221,0.9942714792638967,0.0641129792549056,0.06246494276816493,0.35409137055923884,0.1866576424076327,0.12406738202320593,0.023518312399576684,0.054505960297900835,0.02367163778821605,12.181791438030794,0.9595553529485252,0.9884858718826762,0.9934441365810395,0.008763114921748638,0.0578104630112648,0.017394015565514565,ok,
759xd9YjKW5,146714339e954166a2f701202e030c29,146714339e954166a2f701202e030c29_i2_0,2,0,/mnt/priorbimda-data/PriorBIMDA-Datasets/Matterport3D/v1/scans/759xd9YjKW5/undistorted_color_images/146714339e954166a2f701202e030c29_i2_0.jpg,/mnt/priorbimda-data/PriorBIMDA-Datasets/Matterport3D/v1/scans/759xd9YjKW5/undistorted_depth_images/146714339e954166a2f701202e030c29_d2_0.png,1024,1280,406,504,1.4165615917841592,1257660,0.9595184326171875,-7.065390110015869,-4.9329400062561035,1.6339999437332153,True,138179,0.6752824693095629,True,,1.0,138179,1.0611213445663452,0.05932622120385342,1.0344098849842096,0.02549511652476752,log-depth Laplacian fallback,,,,0.0443381048199509,0.007957931947190263,0.13158173130202921,0.09278383408379047,0.05968836671103313,-0.03630830302521301,0.04517776854098449,0.019620455582051905,4.737518603720807,0.9959138399885502,0.9988542213316794,0.9999825071959035,0.038371334456068516,0.009200374917780687,0.15790964670789817,0.09882391073218345,0.052670986353905186,0.023017918097598445,0.037079058369830185,0.01610323044418582,4.737518601489092,0.993867977036719,0.99824356344322,0.9997622568897794,0.038371334456068516,0.009200374917780687,0.15790964670789817,0.09882391073218345,0.052670986353905186,0.023017918097598445,0.037079058369830185,0.01610323044418582,4.737518601489092,0.993867977036719,0.99824356344322,0.9997622568897794,0.0398748130030041,0.009127586084257667,0.15446510663506458,0.09805522473424153,0.053762829956424674,0.016037903548040862,0.038767717741919415,0.01683660589129841,5.131498353022412,0.9939220457039264,0.9983548812874704,0.9997344274287169,0.0331838313311136,0.00658704356562124,0.12754422875705015,0.07606361939364023,0.047439907060685405,-0.002477202529899375,0.03278429888655661,0.014238040099498457,4.73751860107412,0.9949231111747213,0.9986204538587535,0.9998688039692762,0.009115022607147694,0.05888955481350422,0.017412575893104076,ok,
759xd9YjKW5,146714339e954166a2f701202e030c29,146714339e954166a2f701202e030c29_i2_1,2,1,/mnt/priorbimda-data/PriorBIMDA-Datasets/Matterport3D/v1/scans/759xd9YjKW5/undistorted_color_images/146714339e954166a2f701202e030c29_i2_1.jpg,/mnt/priorbimda-data/PriorBIMDA-Datasets/Matterport3D/v1/scans/759xd9YjKW5/undistorted_depth_images/146714339e954166a2f701202e030c29_d2_1.png,1024,1280,406,504,1.4165615917841592,1196175,0.9126091003417969,-7.05088996887207,-4.934120178222656,1.633929967880249,True,41881,0.20467296113847838,True,,1.0,41881,0.9668698906898499,-0.03369134202315802,1.1567705718812982,0.17932347487686393,log-depth Laplacian fallback,,,,0.14042689279886744,0.052956089179346216,0.37485224040633597,0.3251988493721271,0.16456467767104507,-0.15098849603351247,0.15278361415420746,0.06635308055240782,6.545232770889779,0.9722966957175998,0.985821472610613,0.99674044349698,0.1685157864302614,0.07263651804039382,0.43486964031849307,0.38902618025991936,0.19593532043357387,-0.18467983804191931,0.18607930017238508,0.08081321326128563,6.545232779831226,0.9681768971931365,0.982353752586369,0.9950124354713984,0.1685157864302614,0.07263651804039382,0.43486964031849307,0.38902618025991936,0.19593532043357387,-0.18467983804191931,0.18607930017238508,0.08081321326128563,6.545232779831226,0.9681768971931365,0.982353752586369,0.9950124354713984,0.1853276101046535,0.08511099165815711,0.4648230997152528,0.4236609468101411,0.2160150472387103,-0.2055075445483346,0.20665214109559538,0.0897478845513093,6.655185772956686,0.7679085418103538,0.980815516124313,0.9953777666311368,0.024919478008861264,0.009879408373779493,0.1765233686523789,0.05986026520479619,0.06567113285714463,-0.005356350134301971,0.025925955756108173,0.011259499522945627,6.5452327720101025,0.9743607749702176,0.9945509645327816,0.9999966560076912,0.009383444674313068,0.060289946384727955,0.01763541717082262,ok,
759xd9YjKW5,146714339e954166a2f701202e030c29,146714339e954166a2f701202e030c29_i2_4,2,4,/mnt/priorbimda-data/PriorBIMDA-Datasets/Matterport3D/v1/scans/759xd9YjKW5/undistorted_color_images/146714339e954166a2f701202e030c29_i2_4.jpg,/mnt/priorbimda-data/PriorBIMDA-Datasets/Matterport3D/v1/scans/759xd9YjKW5/undistorted_depth_images/146714339e954166a2f701202e030c29_d2_4.png,1024,1280,406,504,1.4165615917841592,1229118,0.9377426147460938,-7.067430019378662,-4.958049774169922,1.6346999406814575,True,150013,0.7331153725858159,True,,1.0,150013,1.1221363544464111,0.11523432774367652,1.085124013410312,0.033540049208760594,log-depth Laplacian fallback,,,,0.08821006876044658,0.03380764728592598,0.2636988322201467,0.15892362884010847,0.12406401538606104,-0.07156680625959087,0.08995703486144964,0.03906784384870605,10.13413644841778,0.9857930646203212,0.9936312054660333,0.9964616904154036,0.06406971330676789,0.038719553469604366,0.2873074999219209,0.1356851553722529,0.11034910325486884,0.043667521502741294,0.05870766796366849,0.025496416242029547,10.134136448144623,0.9805795700656894,0.9918380497234602,0.9947799967130903,0.06406971330676789,0.038719553469604366,0.2873074999219209,0.1356851553722529,0.11034910325486884,0.043667521502741294,0.05870766796366849,0.025496416242029547,10.134136448144623,0.9805795700656894,0.9918380497234602,0.9947799967130903,0.06123186976003433,0.038371143541298815,0.2822004543444805,0.12639195879816992,0.10967217106773604,0.04117424056749134,0.0558424825361726,0.02425208202123848,10.16497271044104,0.980486007039194,0.9918030652874663,0.9947507074178394,0.05136669417478304,0.031569443705820134,0.25515005104656346,0.10097138673303403,0.10184614813741616,0.010127474459443262,0.04788161853162059,0.020794722712879302,10.134136446437774,0.9824695432008969,0.9923660706295083,0.9951745886074405,0.008951898664236069,0.06010907981544733,0.017422097735106945,ok,
759xd9YjKW5,146714339e954166a2f701202e030c29,146714339e954166a2f701202e030c29_i2_5,2,5,/mnt/priorbimda-data/PriorBIMDA-Datasets/Matterport3D/v1/scans/759xd9YjKW5/undistorted_color_images/146714339e954166a2f701202e030c29_i2_5.jpg,/mnt/priorbimda-data/PriorBIMDA-Datasets/Matterport3D/v1/scans/759xd9YjKW5/undistorted_depth_images/146714339e954166a2f701202e030c29_d2_5.png,1024,1280,406,504,1.4165615917841592,1227633,0.9366096496582031,-7.073659896850586,-4.944910049438477,1.6343799829483032,True,204624,1.0,True,,1.0,204624,1.1020454168319702,0.09716792297764815,1.047858449819307,0.05041941316747188,log-depth Laplacian fallback,,,,0.0675453190779135,0.014189883373934445,0.15814151496065115,0.11934165516726938,0.08686084624001983,-0.037417021586007106,0.06726181029533386,0.029211433054086817,7.838860315865212,0.9906543730903291,0.9968679564658167,0.9986926060149898,0.06748884778002304,0.01962647623606055,0.18323608698565866,0.116221431366941,0.0985644119145471,0.05975090139921291,0.06204034754890513,0.026943780595849436,7.838860298565123,0.9323405284804172,0.9954367469756841,0.9979505275599466,0.06748884778002304,0.01962647623606055,0.18323608698565866,0.116221431366941,0.0985644119145471,0.05975090139921291,0.06204034754890513,0.026943780595849436,7.838860298565123,0.9323405284804172,0.9954367469756841,0.9979505275599466,0.07106142739249593,0.020992776145459222,0.18930554808981628,0.12185249873858768,0.10226887249764759,0.06221907132691762,0.06518896309561449,0.028311206953420077,8.116470566173474,0.9319959629628725,0.9953479582253002,0.997885361504619,0.0452954322728991,0.012029829695986921,0.13495669698651663,0.07144627718735644,0.07894206895390213,0.009331513795609727,0.04250942994497523,0.018461610853955597,7.838860313211981,0.9818748762863169,0.9962529518186625,0.9983121991670149,0.007102104835212231,0.05899390671402216,0.017474384047091007,ok,
759xd9YjKW5,14af8cbc71694b0ab5ca408ceb1c2cdb,14af8cbc71694b0ab5ca408ceb1c2cdb_i0_0,0,0,/mnt/priorbimda-data/PriorBIMDA-Datasets/Matterport3D/v1/scans/759xd9YjKW5/undistorted_color_images/14af8cbc71694b0ab5ca408ceb1c2cdb_i0_0.jpg,/mnt/priorbimda-data/PriorBIMDA-Datasets/Matterport3D/v1/scans/759xd9YjKW5/undistorted_depth_images/14af8cbc71694b0ab5ca408ceb1c2cdb_d0_0.png,1024,1280,406,504,1.4155678118069965,1245698,0.9503921508789063,-1.7834800481796265,5.119219779968262,1.5794899463653564,True,204624,1.0,True,,1.0,204624,1.0988215208053589,0.09423826078194793,1.0793514755530063,0.017877885608572702,log-depth Laplacian fallback,,,,0.08483275838607575,0.014068120022602083,0.15025563331249475,0.14014091061211073,0.10204602869957345,-0.08538742076748158,0.08961486900509111,0.03891924310539385,5.58782636454572,0.999834630865587,1.0,1.0,0.04803443450828054,0.006762600163871346,0.1202280258867383,0.09299951362754634,0.05657488598114573,0.0088508400213296,0.04744472066883146,0.020604980381914655,5.587826370509798,0.9958810241326549,1.0,1.0,0.04803443450828054,0.006762600163871346,0.1202280258867383,0.09299951362754634,0.05657488598114573,0.0088508400213296,0.04744472066883146,0.020604980381914655,5.587826370509798,0.9958810241326549,1.0,1.0,0.041460513669237184,0.005249636983005503,0.10420705727608735,0.07876076997531747,0.0504135023116593,0.005655705230742514,0.04100887804244797,0.01780992944287859,5.009525140839828,0.9959259788488061,1.0,1.0,0.045965122807286485,0.005696571283043729,0.10430053660752305,0.08239053016583982,0.056602727343108485,-0.009027092293654806,0.04621218185525023,0.020069695576444748,5.587826363981006,0.9961041921878336,1.0,1.0,0.008149794302880764,0.05798242148011923,0.017331361770629883,ok,
759xd9YjKW5,14af8cbc71694b0ab5ca408ceb1c2cdb,14af8cbc71694b0ab5ca408ceb1c2cdb_i0_1,0,1,/mnt/priorbimda-data/PriorBIMDA-Datasets/Matterport3D/v1/scans/759xd9YjKW5/undistorted_color_images/14af8cbc71694b0ab5ca408ceb1c2cdb_i0_1.jpg,/mnt/priorbimda-data/PriorBIMDA-Datasets/Matterport3D/v1/scans/759xd9YjKW5/undistorted_depth_images/14af8cbc71694b0ab5ca408ceb1c2cdb_d0_1.png,1024,1280,406,504,1.4155678118069965,1211658,0.9244216918945313,-1.78233003616333,5.104720115661621,1.579069972038269,True,204624,1.0,True,,1.0,204624,1.0786212682724,0.0756836221322954,1.120005058715901,0.037649579875133315,log-depth Laplacian fallback,,,,0.11346556932823822,0.03640699620629292,0.27935334281034363,0.20107298163601853,0.15367938213074234,-0.11041570070620436,0.1228335691715904,0.05334594128370314,10.689118546280902,0.9034900937393224,0.9920728456379605,0.997502595616915,0.07954626206582123,0.025271599471200206,0.24618042663817147,0.16094230701851317,0.1123923611084635,-0.03473207855807866,0.08176075615601927,0.03550824523479649,10.689118557940457,0.9673505230023653,0.9927941712925594,0.9975743980562172,0.07954626206582123,0.025271599471200206,0.24618042663817147,0.16094230701851317,0.1123923611084635,-0.03473207855807866,0.08176075615601927,0.03550824523479649,10.689118557940457,0.9673505230023653,0.9927941712925594,0.9975743980562172,0.07442420945013833,0.0235821712737287,0.23817417488811451,0.1498958527355209,0.10947711414636525,-0.036078106738642875,0.07689254952864617,0.033394009959763514,10.336154379638193,0.9614511685640668,0.9928486421085818,0.9975958562564684,0.07502689002087093,0.027305531467692247,0.26114945261192385,0.16548386567541679,0.1069309922202313,0.0029174592313038787,0.07437472835394912,0.03230053411717344,10.689118545903046,0.971174209224055,0.9928923838244785,0.9973309300149052,0.008634297177195549,0.057594831101596355,0.01737834420055151,ok,
759xd9YjKW5,14af8cbc71694b0ab5ca408ceb1c2cdb,14af8cbc71694b0ab5ca408ceb1c2cdb_i0_2,0,2,/mnt/priorbimda-data/PriorBIMDA-Datasets/Matterport3D/v1/scans/759xd9YjKW5/undistorted_color_images/14af8cbc71694b0ab5ca408ceb1c2cdb_i0_2.jpg,/mnt/priorbimda-data/PriorBIMDA-Datasets/Matterport3D/v1/scans/759xd9YjKW5/undistorted_depth_images/14af8cbc71694b0ab5ca408ceb1c2cdb_d0_2.png,1024,1280,406,504,1.4155678118069965,1230277,0.9386268615722656,-1.794319987297058,5.096479892730713,1.5787400007247925,True,204624,1.0,True,,1.0,204624,1.066575527191162,0.06445307422880252,1.0278110279578678,0.03702174903741332,log-depth Laplacian fallback,,,,0.052978007451494245,0.009846502744417628,0.13420104737569494,0.095817665500622,0.0693105897977994,-0.01654493954580416,0.05286643223440001,0.022959599797312127,6.730693005586051,0.9952205885341269,0.9988311575360671,0.9993082858575751,0.06221819464456062,0.01343605104038631,0.14310957012357597,0.09682748836655362,0.08261605291081059,0.04790813487839415,0.058662221621772155,0.02547667914652127,6.7306929888648535,0.9941216490270077,0.9983816652672528,0.9992253776994937,0.06221819464456062,0.01343605104038631,0.14310957012357597,0.09682748836655362,0.08261605291081059,0.04790813487839415,0.058662221621772155,0.02547667914652127,6.7306929888648535,0.9941216490270077,0.9983816652672528,0.9992253776994937,0.057914916262705646,0.01189600262095059,0.13526609605976836,0.09201017661398947,0.07764547523311792,0.0408668944261336,0.05487261359748003,0.023830873292994915,6.602057833842398,0.9943183526961814,0.9984328732472443,0.9992456983264745,0.05079125090324349,0.009438941074869289,0.12232452085592106,0.08271034659689856,0.0681816449129949,0.010886407494367013,0.049271575032478816,0.021398373151287606,6.730693006599181,0.9947694706151542,0.9987563776287779,0.999283088280119,0.008476564660668373,0.0579986535012722,0.017372392117977142,ok,
759xd9YjKW5,14af8cbc71694b0ab5ca408ceb1c2cdb,14af8cbc71694b0ab5ca408ceb1c2cdb_i0_3,0,3,/mnt/priorbimda-data/PriorBIMDA-Datasets/Matterport3D/v1/scans/759xd9YjKW5/undistorted_color_images/14af8cbc71694b0ab5ca408ceb1c2cdb_i0_3.jpg,/mnt/priorbimda-data/PriorBIMDA-Datasets/Matterport3D/v1/scans/759xd9YjKW5/undistorted_depth_images/14af8cbc71694b0ab5ca408ceb1c2cdb_d0_3.png,1024,1280,406,504,1.4155678118069965,1208494,0.9220077514648437,-1.8074599504470825,5.1027398109436035,1.5788300037384033,True,204624,1.0,True,,1.0,204624,1.1237813234329224,0.11669918043784241,1.1098287344350757,0.012493470319769273,log-depth Laplacian fallback,,,,0.09602863107461418,0.01638222690479592,0.1725898457496032,0.1531917123495514,0.10627095739113292,-0.09900219696630512,0.10119143762570025,0.043946882976698715,3.8627469250171083,0.9963698619935225,0.9997873386214577,1.0,0.029360946374163397,0.003116086635883067,0.07217994306120078,0.04271206978602027,0.04248840549675242,0.01769698355631045,0.02859430402905889,0.012418348453684199,3.862746917239258,0.9954406062421494,0.9995961916236241,0.9999892428096457,0.029360946374163397,0.003116086635883067,0.07217994306120078,0.04271206978602027,0.04248840549675242,0.01769698355631045,0.02859430402905889,0.012418348453684199,3.862746917239258,0.9954406062421494,0.9995961916236241,0.9999892428096457,0.029584520518788626,0.0031885561590614085,0.07221868274466638,0.04222764071929426,0.043561582054183035,0.018384477452887866,0.028757274391960415,0.012489125583006098,3.9492055148441936,0.9953603410525828,0.9995937091950808,0.9999900702858269,0.026410607113912722,0.002645439641021754,0.06690310469055885,0.03832971116754014,0.03897637364905994,0.005203491594272541,0.025986991860668218,0.011286007166352916,3.8627469216342263,0.995631753239983,0.9996110861948839,0.9999958626190945,0.008415021002292633,0.05682523362338543,0.017361365258693695,ok,
759xd9YjKW5,14af8cbc71694b0ab5ca408ceb1c2cdb,14af8cbc71694b0ab5ca408ceb1c2cdb_i0_4,0,4,/mnt/priorbimda-data/PriorBIMDA-Datasets/Matterport3D/v1/scans/759xd9YjKW5/undistorted_color_images/14af8cbc71694b0ab5ca408ceb1c2cdb_i0_4.jpg,/mnt/priorbimda-data/PriorBIMDA-Datasets/Matterport3D/v1/scans/759xd9YjKW5/undistorted_depth_images/14af8cbc71694b0ab5ca408ceb1c2cdb_d0_4.png,1024,1280,406,504,1.4155678118069965,1240293,0.9462684631347656,-1.8085999488830566,5.117239952087402,1.579259991645813,True,204624,1.0,True,,1.0,204624,1.148747205734253,0.13867196224454276,1.1196176159994102,0.02568474951890677,log-depth Laplacian fallback,,,,0.10838251948925312,0.022534616105753674,0.20853854650396594,0.19956335728575125,0.12188193317594037,-0.11378956462866427,0.11542181150133331,0.050127055826306305,4.367082110887576,0.999980649733571,1.0,1.0,0.03982747365895267,0.005999045863752804,0.11656900422066108,0.08361395981768006,0.05026205661187277,0.024882397786207076,0.038766029719964026,0.016835872792677835,4.367082109674674,0.9976811930729271,1.0,1.0,0.03982747365895267,0.005999045863752804,0.11656900422066108,0.08361395981768006,0.05026205661187277,0.024882397786207076,0.038766029719964026,0.016835872792677835,4.367082109674674,0.9976811930729271,1.0,1.0,0.03345946074735006,0.004488540266315289,0.09971070283196709,0.06905268625227858,0.04385693403013416,0.021337425404565985,0.032641174672325204,0.014175882043031017,3.831637952140209,0.9978924334814435,1.0,1.0,0.03323524399218121,0.0037252916684622902,0.08646563792184352,0.06147307801291605,0.04367819177275174,-0.0008023828327922806,0.03308838242161608,0.014370101900812421,4.3670821131814295,0.9981206053730852,1.0,1.0,0.007669060491025448,0.058022961020469666,0.01740669272840023,ok,
759xd9YjKW5,14af8cbc71694b0ab5ca408ceb1c2cdb,14af8cbc71694b0ab5ca408ceb1c2cdb_i0_5,0,5,/mnt/priorbimda-data/PriorBIMDA-Datasets/Matterport3D/v1/scans/759xd9YjKW5/undistorted_color_images/14af8cbc71694b0ab5ca408ceb1c2cdb_i0_5.jpg,/mnt/priorbimda-data/PriorBIMDA-Datasets/Matterport3D/v1/scans/759xd9YjKW5/undistorted_depth_images/14af8cbc71694b0ab5ca408ceb1c2cdb_d0_5.png,1024,1280,406,504,1.4155678118069965,1240018,0.9460586547851563,-1.7966099977493286,5.1254801750183105,1.5795899629592896,True,204624,1.0,True,,1.0,204624,1.0214674472808838,0.021240267201320214,0.9709318342853054,0.05073928191630986,log-depth Laplacian fallback,,,,0.04320211694912272,0.004328124495844662,0.08619609693490053,0.07252676706399347,0.04976773765693964,0.021844540031650407,0.04251047842785926,0.018462066204286497,4.471737673763512,0.999789519184399,1.0,1.0,0.05545516103278401,0.007263326207755449,0.11333330383994959,0.09560202605391988,0.062096250921568834,0.04308480722716019,0.053724675647381925,0.023332330175699977,4.471737654103696,0.9994975879382396,1.0,1.0,0.05545516103278401,0.007263326207755449,0.11333330383994959,0.09560202605391988,0.062096250921568834,0.04308480722716019,0.053724675647381925,0.023332330175699977,4.471737654103696,0.9994975879382396,1.0,1.0,0.050539363698099866,0.006584603201051676,0.10839178180534673,0.08783048197975966,0.058791656779029096,0.039297120555632115,0.0489741417528124,0.021269199519194083,4.372865448260756,0.9994822655800157,1.0,1.0,0.03557404770649326,0.0029183574180890017,0.06686989355079227,0.05522989059395969,0.04536777340497999,-0.007654481118099921,0.03601470287566128,0.015640986726284875,4.47173767403485,1.0,1.0,1.0,0.008587712422013283,0.05854383949190378,0.01741358544677496,ok,
759xd9YjKW5,14af8cbc71694b0ab5ca408ceb1c2cdb,14af8cbc71694b0ab5ca408ceb1c2cdb_i1_0,1,0,/mnt/priorbimda-data/PriorBIMDA-Datasets/Matterport3D/v1/scans/759xd9YjKW5/undistorted_color_images/14af8cbc71694b0ab5ca408ceb1c2cdb_i1_0.jpg,/mnt/priorbimda-data/PriorBIMDA-Datasets/Matterport3D/v1/scans/759xd9YjKW5/undistorted_depth_images/14af8cbc71694b0ab5ca408ceb1c2cdb_d1_0.png,1024,1280,406,504,1.4121168655554452,1171992,0.894158935546875,-1.7928199768066406,5.111969947814941,1.612470030784607,True,204624,1.0,True,,1.0,204624,1.026592493057251,0.026245058685273454,0.9927566793345333,0.03351473956532822,log-depth Laplacian fallback,,,,0.030789578559324175,0.0059981948943709255,0.122223289332442,0.07487958356491838,0.050961416625200436,-0.004266410821007407,0.03126621962364065,0.013578746652522306,5.0782513950705965,0.9982201243694496,0.9993327599505799,1.0,0.04478265756866282,0.007575861119195215,0.13745468332423813,0.11164970992889006,0.05533466086162007,0.021978647829564494,0.044290321647134395,0.01923504229307061,5.078251404031202,0.9968685793077086,0.999225250684305,1.0,0.04478265756866282,0.007575861119195215,0.13745468332423813,0.11164970992889006,0.05533466086162007,0.021978647829564494,0.044290321647134395,0.01923504229307061,5.078251404031202,0.9968685793077086,0.999225250684305,1.0,0.04451783972735591,0.0074599979414550835,0.1360350088310745,0.11004451942949249,0.05477664885499339,0.023184692248061262,0.04391538981700456,0.01907221146815534,4.962813017982782,0.9967619232895788,0.9992448753916409,1.0,0.02956651097435893,0.006207369136747938,0.12500257088916272,0.07251689831690443,0.05207634270639714,-0.011536106404488334,0.030261392225669183,0.013142355658318094,5.078251390684048,0.9987064758121216,0.9993924873207326,1.0,0.008614042773842812,0.0602374579757452,0.017436723224818707,ok,
759xd9YjKW5,14af8cbc71694b0ab5ca408ceb1c2cdb,14af8cbc71694b0ab5ca408ceb1c2cdb_i1_1,1,1,/mnt/priorbimda-data/PriorBIMDA-Datasets/Matterport3D/v1/scans/759xd9YjKW5/undistorted_color_images/14af8cbc71694b0ab5ca408ceb1c2cdb_i1_1.jpg,/mnt/priorbimda-data/PriorBIMDA-Datasets/Matterport3D/v1/scans/759xd9YjKW5/undistorted_depth_images/14af8cbc71694b0ab5ca408ceb1c2cdb_d1_1.png,1024,1280,406,504,1.4121168655554452,1102938,0.8414749145507813,-1.7925399541854858,5.108479976654053,1.6123700141906738,True,204624,1.0,True,,1.0,204624,1.0733673572540283,0.07080076969079023,1.0877797812155756,0.013337951284926874,log-depth Laplacian fallback,,,,0.10676739219938665,0.06070633769211529,0.3776992355421608,0.2737234093597832,0.1564718895717999,-0.0867009207368273,0.10950976052042444,0.04755948470856694,13.025514411936262,0.9269106695027282,0.9797894351269065,0.9911418411551692,0.06250471095553814,0.050188039914268984,0.3090149747270674,0.13935766488567616,0.13122201551769164,-0.015900151089223227,0.05951379922432086,0.025846514600220593,13.025514405145458,0.9530535714609525,0.9845249687652434,0.9909469072604262,0.06250471095553814,0.050188039914268984,0.3090149747270674,0.13935766488567616,0.13122201551769164,-0.015900151089223227,0.05951379922432086,0.025846514600220593,13.025514405145458,0.9530535714609525,0.9845249687652434,0.9909469072604262,0.06303052371722757,0.04953891072156918,0.30958617419694434,0.14299208377876949,0.13096431491782742,-0.01695752084142982,0.060290439830774804,0.026183805330025525,12.986182760460578,0.954599442579728,0.9846011289845849,0.9910393875267695,0.061114971769629184,0.051095117061990096,0.308347413065171,0.13114826433899873,0.13028034209548406,-0.00256221892445896,0.05730353230505209,0.024886607873648835,13.025514412375239,0.9574826508833679,0.9844596885772364,0.9909015737965325,0.008794969879090786,0.061667934991419315,0.017423399724066257,ok,
759xd9YjKW5,14af8cbc71694b0ab5ca408ceb1c2cdb,14af8cbc71694b0ab5ca408ceb1c2cdb_i1_2,1,2,/mnt/priorbimda-data/PriorBIMDA-Datasets/Matterport3D/v1/scans/759xd9YjKW5/undistorted_color_images/14af8cbc71694b0ab5ca408ceb1c2cdb_i1_2.jpg,/mnt/priorbimda-data/PriorBIMDA-Datasets/Matterport3D/v1/scans/759xd9YjKW5/undistorted_depth_images/14af8cbc71694b0ab5ca408ceb1c2cdb_d1_2.png,1024,1280,406,504,1.4121168655554452,1030242,0.7860122680664062,-1.7954299449920654,5.106500148773193,1.6122900247573853,True,204624,1.0,True,,1.0,204624,0.9588773250579834,-0.04199213192868159,0.9423883701544675,0.01734567490028971,log-depth Laplacian fallback,,,,0.22552771348782982,0.1970191890980342,0.5456261920045702,0.3357507334296789,0.2734359066695911,0.17245321820137627,0.1798893929473427,0.07812497070995664,21.219585902700793,0.6374104336651001,0.974725355790193,0.9854480791891613,0.20101463367043387,0.16227893994177506,0.5005556105802408,0.3146787379443635,0.24909270881667944,0.13046108634864706,0.16426588807463363,0.07133976875575052,21.21958589001253,0.6392750441158485,0.9776304984654091,0.9871205017850175,0.20101463367043387,0.16227893994177506,0.5005556105802408,0.3146787379443635,0.24909270881667944,0.13046108634864706,0.16426588807463363,0.07133976875575052,21.21958589001253,0.6392750441158485,0.9776304984654091,0.9871205017850175,0.1865902834984431,0.1504928415446403,0.48344964523794776,0.28846324308588495,0.23625131909769956,0.12741139969448415,0.15327630368761122,0.06656705289805656,19.89497951828437,0.6387576899408101,0.9777935669483481,0.9871020595161137,0.19578423437439504,0.1521360855307204,0.49629196332612396,0.3264695825784269,0.24046241995255277,0.11311539606224191,0.16247173305225063,0.07056057712985064,21.21958590150147,0.6396904804890502,0.9786943261874395,0.9876475624173738,0.0092335045337677,0.059180294163525105,0.01741866022348404,ok,
759xd9YjKW5,14af8cbc71694b0ab5ca408ceb1c2cdb,14af8cbc71694b0ab5ca408ceb1c2cdb_i1_3,1,3,/mnt/priorbimda-data/PriorBIMDA-Datasets/Matterport3D/v1/scans/759xd9YjKW5/undistorted_color_images/14af8cbc71694b0ab5ca408ceb1c2cdb_i1_3.jpg,/mnt/priorbimda-data/PriorBIMDA-Datasets/Matterport3D/v1/scans/759xd9YjKW5/undistorted_depth_images/14af8cbc71694b0ab5ca408ceb1c2cdb_d1_3.png,1024,1280,406,504,1.4121168655554452,1286607,0.9816032409667969,-1.7985800504684448,5.1080098152160645,1.6123199462890625,True,204624,1.0,True,,1.0,204624,1.024714469909668,0.02441400784188521,0.9415154988001716,0.08467847704587644,log-depth Laplacian fallback,,,,0.060050724075730116,0.01178658336975629,0.14952696047513414,0.08848055947392096,0.07509039941536909,0.045440610952042666,0.057437052639601714,0.024944595018165643,5.978059016658134,0.9921048152232966,0.9973177512635949,0.99811908376062,0.0794225915487488,0.015871085815756844,0.16605075086752435,0.11285766836509518,0.09194230115314955,0.06985461887164188,0.07511803113901372,0.032623346415110305,5.978059019141665,0.993096571058606,0.9971980565938161,0.9979986118527258,0.0794225915487488,0.015871085815756844,0.16605075086752435,0.11285766836509518,0.09194230115314955,0.06985461887164188,0.07511803113901372,0.032623346415110305,5.978059019141665,0.993096571058606,0.9971980565938161,0.9979986118527258,0.08555076545075103,0.017140515030096806,0.1711939372757477,0.12111784837014838,0.09707804788408618,0.07573970064752364,0.08071940717424311,0.03505599311827554,6.07259839509286,0.9932838854444287,0.9971980565938161,0.9979955029002641,0.03763924790915318,0.012066941463789772,0.19395197159403418,0.10324940056000374,0.06159111568720328,-0.014823851331817841,0.037796762037857826,0.01641492518685197,5.978059018851035,0.9903156130815393,0.9974801940297231,0.9988084939690208,0.007639273069798946,0.05724037252366543,0.017434069886803627,ok,
759xd9YjKW5,14af8cbc71694b0ab5ca408ceb1c2cdb,14af8cbc71694b0ab5ca408ceb1c2cdb_i1_4,1,4,/mnt/priorbimda-data/PriorBIMDA-Datasets/Matterport3D/v1/scans/759xd9YjKW5/undistorted_color_images/14af8cbc71694b0ab5ca408ceb1c2cdb_i1_4.jpg,/mnt/priorbimda-data/PriorBIMDA-Datasets/Matterport3D/v1/scans/759xd9YjKW5/undistorted_depth_images/14af8cbc71694b0ab5ca408ceb1c2cdb_d1_4.png,1024,1280,406,504,1.4121168655554452,1281581,0.9777687072753907,-1.79885995388031,5.111499786376953,1.6124199628829956,True,204624,1.0,True,,1.0,204624,0.9584091305732727,-0.04248052477435366,0.9629133848989664,0.004688710553501195,log-depth Laplacian fallback,,,,0.0548917285732882,0.02823943524424844,0.26581345883071344,0.16104363546116288,0.08692224544766336,0.02811859949508054,0.05148706119458099,0.022360546566221582,8.224853260757355,0.9819707064945563,0.9902901182211659,0.9953299869458114,0.04008090025154576,0.023029012266863737,0.23108147310558674,0.10545942132068577,0.08349302975922884,-0.014361925345239286,0.03858982171790625,0.016759346629716954,8.224853262370853,0.9845994907852098,0.9913372623345695,0.9972089161746311,0.04008090025154576,0.023029012266863737,0.23108147310558674,0.10545942132068577,0.08349302975922884,-0.014361925345239286,0.03858982171790625,0.016759346629716954,8.224853262370853,0.9845994907852098,0.9913372623345695,0.9972089161746311,0.04101632833043611,0.02315972480567361,0.23210932614088586,0.1092505975511577,0.08320182379353847,-0.0109585246513912,0.03939025231766028,0.017106969222336628,8.247699206467143,0.984072017297385,0.9912288025493512,0.997090312668493,0.03984186257630075,0.02301265619833241,0.23058478802222096,0.10488467306817142,0.08281540928829169,-0.00967320524419325,0.038163788203018426,0.01657432262509531,8.224853260630843,0.984286596009148,0.991223340545779,0.9970286700567502,0.007975047454237938,0.058090152218937874,0.017350702546536922,ok,
759xd9YjKW5,14af8cbc71694b0ab5ca408ceb1c2cdb,14af8cbc71694b0ab5ca408ceb1c2cdb_i1_5,1,5,/mnt/priorbimda-data/PriorBIMDA-Datasets/Matterport3D/v1/scans/759xd9YjKW5/undistorted_color_images/14af8cbc71694b0ab5ca408ceb1c2cdb_i1_5.jpg,/mnt/priorbimda-data/PriorBIMDA-Datasets/Matterport3D/v1/scans/759xd9YjKW5/undistorted_depth_images/14af8cbc71694b0ab5ca408ceb1c2cdb_d1_5.png,1024,1280,406,504,1.4121168655554452,1292691,0.9862449645996094,-1.7959799766540527,5.113480091094971,1.6124999523162842,True,204624,1.0,True,,1.0,204624,1.0114171504974365,0.011352466705495735,0.9521730249334184,0.060360978530953006,log-depth Laplacian fallback,,,,0.051740867869148596,0.005928500454129051,0.10327037941176967,0.0909613114250117,0.056874803930140924,0.0385863250226546,0.05074640296754022,0.022038882785241506,4.1783236391381084,0.9991010999535078,1.0,1.0,0.06211821199197165,0.007862800168433721,0.1183032815397288,0.10898299132387314,0.06511314590895974,0.04993879175089923,0.06047791183912014,0.026265223388761246,4.17832364546094,0.998958761219812,1.0,1.0,0.06211821199197165,0.007862800168433721,0.1183032815397288,0.10898299132387314,0.06511314590895974,0.04993879175089923,0.06047791183912014,0.026265223388761246,4.17832364546094,0.998958761219812,1.0,1.0,0.06133764109926652,0.00767954209251205,0.1159481676060155,0.1065179916525448,0.06478175519779356,0.04951734412114671,0.05966822270455466,0.025913579865562395,4.176970717750831,0.9990113646648735,1.0,1.0,0.022046792625784333,0.003245090181031134,0.08003445794450713,0.04154215890053212,0.04306344367108128,-0.01042215603943017,0.02270882370559904,0.009862316825855416,4.178323640291834,0.9994043433426859,1.0,1.0,0.009390407241880894,0.0573417954146862,0.01747110392898321,ok,
759xd9YjKW5,14af8cbc71694b0ab5ca408ceb1c2cdb,14af8cbc71694b0ab5ca408ceb1c2cdb_i2_0,2,0,/mnt/priorbimda-data/PriorBIMDA-Datasets/Matterport3D/v1/scans/759xd9YjKW5/undistorted_color_images/14af8cbc71694b0ab5ca408ceb1c2cdb_i2_0.jpg,/mnt/priorbimda-data/PriorBIMDA-Datasets/Matterport3D/v1/scans/759xd9YjKW5/undistorted_depth_images/14af8cbc71694b0ab5ca408ceb1c2cdb_d2_0.png,1024,1280,406,504,1.4165615917841592,1237241,0.9439399719238282,-1.7839399576187134,5.117239952087402,1.6459599733352661,True,204624,1.0,True,,1.0,204624,1.1101466417312622,0.10449211626633288,1.0027221903699988,0.1017736243461368,log-depth Laplacian fallback,,,,0.03327921910798735,0.006740610492080536,0.09941108890144071,0.05166084138930615,0.057005678746682234,-0.004890225069807851,0.032429264966975825,0.014083850827336042,5.6795537748458385,0.9931306835127514,0.995605544918088,0.9981111198222496,0.10703879891694426,0.03034440396439189,0.2397062462302603,0.1965562001243667,0.11465718394462494,0.099601891208293,0.09993999789739098,0.043403389608259485,5.679553765783826,0.9921252205512103,0.9946170552058976,0.9974111753490226,0.10703879891694426,0.03034440396439189,0.2397062462302603,0.1965562001243667,0.11465718394462494,0.099601891208293,0.09993999789739098,0.043403389608259485,5.679553765783826,0.9921252205512103,0.9946170552058976,0.9974111753490226,0.11014677151439033,0.03236105849692137,0.2481899122829548,0.2018717841782528,0.11822621695631089,0.10225589116560309,0.10259357822708029,0.044555824902730565,5.933945650011491,0.9920880410526324,0.994582300457227,0.9973626803508775,0.033287969951515395,0.006810376931678575,0.10035305407192179,0.0523913487647019,0.056837045433678256,-0.002171779237703043,0.03234757456866771,0.014048373138126348,5.679553775229783,0.9931040112637716,0.9955449261704066,0.9980965713228062,0.008130774833261967,0.059017437510192394,0.017369416542351246,ok,
759xd9YjKW5,14af8cbc71694b0ab5ca408ceb1c2cdb,14af8cbc71694b0ab5ca408ceb1c2cdb_i2_1,2,1,/mnt/priorbimda-data/PriorBIMDA-Datasets/Matterport3D/v1/scans/759xd9YjKW5/undistorted_color_images/14af8cbc71694b0ab5ca408ceb1c2cdb_i2_1.jpg,/mnt/priorbimda-data/PriorBIMDA-Datasets/Matterport3D/v1/scans/759xd9YjKW5/undistorted_depth_images/14af8cbc71694b0ab5ca408ceb1c2cdb_d2_1.png,1024,1280,406,504,1.4165615917841592,1230037,0.9384437561035156,-1.7827999591827393,5.1027398109436035,1.6455399990081787,True,204624,1.0,True,,1.0,204624,1.1259783506393433,0.11865230274699845,1.0274904424167015,0.0915329371862398,log-depth Laplacian fallback,,,,0.04362255363661907,0.0077105120991715435,0.10890764980347567,0.06253963771000211,0.07350720164048974,-0.03893364307648443,0.04477909308026274,0.0194473130293902,6.234966022207766,0.9908750712376945,0.9973293486293502,0.9985577669614817,0.09278708334976471,0.023001393509254137,0.21115410496080317,0.17360304495769835,0.10120545836869112,0.07971865955835127,0.08760340127432785,0.03804567376939686,6.234966015814812,0.9929400497708606,0.9968423714083398,0.9979073800219018,0.09278708334976471,0.023001393509254137,0.21115410496080317,0.17360304495769835,0.10120545836869112,0.07971865955835127,0.08760340127432785,0.03804567376939686,6.234966015814812,0.9929400497708606,0.9968423714083398,0.9979073800219018,0.09413276391092083,0.02384873356133368,0.2147180809958155,0.17543758804059437,0.10316396493161567,0.0812424657642161,0.0887488897181727,0.03854315307964268,6.358038547352321,0.9929172862279753,0.9968228598001524,0.9978959982504592,0.034721692768327386,0.006536055233661508,0.10098517216841918,0.05116894814530357,0.06345908949007882,-0.011814224732572657,0.03486368190731092,0.015141104671175371,6.234966024669342,0.9929701301668161,0.9973025201680925,0.9984049260306804,0.007774710655212402,0.05816441494971514,0.01739840116351843,ok,
759xd9YjKW5,14af8cbc71694b0ab5ca408ceb1c2cdb,14af8cbc71694b0ab5ca408ceb1c2cdb_i2_2,2,2,/mnt/priorbimda-data/PriorBIMDA-Datasets/Matterport3D/v1/scans/759xd9YjKW5/undistorted_color_images/14af8cbc71694b0ab5ca408ceb1c2cdb_i2_2.jpg,/mnt/priorbimda-data/PriorBIMDA-Datasets/Matterport3D/v1/scans/759xd9YjKW5/undistorted_depth_images/14af8cbc71694b0ab5ca408ceb1c2cdb_d2_2.png,1024,1280,406,504,1.4165615917841592,1231692,0.9397064208984375,-1.7947900295257568,5.0945000648498535,1.6452100276947021,True,204624,1.0,True,,1.0,204624,1.1465057134628296,0.13671880669880804,1.058766043804256,0.07961468629536839,log-depth Laplacian fallback,,,,0.06759544619439663,0.026873978930005326,0.21940993164265352,0.11625582577742445,0.09971542541858222,-0.041671759636369904,0.065822792951603,0.028586475762341426,9.059045487918386,0.9811633103080966,0.9879060674259474,0.9962417552440058,0.10538097534851323,0.05824882538337103,0.3554114471483852,0.21802747283415105,0.13130335727777498,0.09504704699430373,0.09520776510713218,0.041348207020368476,9.05904547404286,0.9752486823004453,0.9839416022836878,0.9912997729951969,0.10538097534851323,0.05824882538337103,0.3554114471483852,0.21802747283415105,0.13130335727777498,0.09504704699430373,0.09520776510713218,0.041348207020368476,9.05904547404286,0.9752486823004453,0.9839416022836878,0.9912997729951969,0.09889457265337011,0.05378099602466807,0.338708115268499,0.2014876064457462,0.1269864766185479,0.08915092715088688,0.08936633411664006,0.038811305774779085,9.043051162152226,0.9761474459523972,0.9842631112323535,0.9916261532915697,0.04430560688466949,0.030053698717430227,0.24123063232178985,0.09181437444306215,0.0918955233505683,0.015432326352274177,0.03955065575078593,0.01717663154822144,9.05904548792628,0.9793008317014319,0.9859875683206516,0.994412564180006,0.008850771933794022,0.059635208919644356,0.017391951754689217,ok,
759xd9YjKW5,14af8cbc71694b0ab5ca408ceb1c2cdb,14af8cbc71694b0ab5ca408ceb1c2cdb_i2_3,2,3,/mnt/priorbimda-data/PriorBIMDA-Datasets/Matterport3D/v1/scans/759xd9YjKW5/undistorted_color_images/14af8cbc71694b0ab5ca408ceb1c2cdb_i2_3.jpg,/mnt/priorbimda-data/PriorBIMDA-Datasets/Matterport3D/v1/scans/759xd9YjKW5/undistorted_depth_images/14af8cbc71694b0ab5ca408ceb1c2cdb_d2_3.png,1024,1280,406,504,1.4165615917841592,1231535,0.9395866394042969,-1.807919979095459,5.100759983062744,1.645300030708313,True,204624,1.0,True,,1.0,204624,1.0982850790023804,0.09374994418075512,1.0377709685971759,0.056674830606679896,log-depth Laplacian fallback,,,,0.043204459147207865,0.010823568659801068,0.1405463275762202,0.07720885626678033,0.06568560237803205,-0.029469499243025634,0.04287515022188998,0.018620441152139806,5.870389232521333,0.9923834888980013,0.9960951170693484,0.9983378466710243,0.06861161586889099,0.02025627450918657,0.20213235745207644,0.12342977384009018,0.08705241286582478,0.06428044494999495,0.06435724265286026,0.027949995354645808,5.870389239899416,0.9888448156162838,0.9951726909913239,0.9972051139431685,0.06861161586889099,0.02025627450918657,0.20213235745207644,0.12342977384009018,0.08705241286582478,0.06428044494999495,0.06435724265286026,0.027949995354645808,5.870389239899416,0.9888448156162838,0.9951726909913239,0.9972051139431685,0.0705357059586762,0.021141643410148656,0.2046951089503814,0.1247266057639114,0.09024486076097292,0.06591932037947228,0.06597845380204272,0.028654078410735726,6.163422827030352,0.9886426289143224,0.9951239713041042,0.9971685741777537,0.03383543939129306,0.010602038002398163,0.14158639840295614,0.06271322410373152,0.059194531886652656,0.007605631644511385,0.03215202274101197,0.013963446058449373,5.870389231190675,0.9911476328321972,0.9957313434047753,0.9978181700073485,0.008343183435499668,0.05930683575570583,0.017389669083058834,ok,
759xd9YjKW5,14af8cbc71694b0ab5ca408ceb1c2cdb,14af8cbc71694b0ab5ca408ceb1c2cdb_i2_4,2,4,/mnt/priorbimda-data/PriorBIMDA-Datasets/Matterport3D/v1/scans/759xd9YjKW5/undistorted_color_images/14af8cbc71694b0ab5ca408ceb1c2cdb_i2_4.jpg,/mnt/priorbimda-data/PriorBIMDA-Datasets/Matterport3D/v1/scans/759xd9YjKW5/undistorted_depth_images/14af8cbc71694b0ab5ca408ceb1c2cdb_d2_4.png,1024,1280,406,504,1.4165615917841592,1246865,0.9512825012207031,-1.8090699911117554,5.115260124206543,1.6457200050354004,True,204624,1.0,True,,1.0,204624,1.0549219846725464,0.05346681601604738,1.0092656518562182,0.04424382698190233,log-depth Laplacian fallback,,,,0.037108980432096254,0.020161380165758257,0.2028979829094058,0.074782962446339,0.0775871176623275,0.007357669550332055,0.03398464477380222,0.014759343694704496,7.7237461933546,0.9787571228641433,0.9892297883090791,0.997891511911875,0.06703538123863152,0.031477417517801136,0.2562641770917743,0.14115358002316145,0.09831197064305076,0.060824485502448136,0.061474559469237224,0.026698061954923018,7.7237461992756815,0.9757848684500727,0.9872929306701207,0.9954036724104053,0.06703538123863152,0.031477417517801136,0.2562641770917743,0.14115358002316145,0.09831197064305076,0.060824485502448136,0.061474559469237224,0.026698061954923018,7.7237461992756815,0.9757848684500727,0.9872929306701207,0.9954036724104053,0.06859257408622123,0.033313498240434,0.26433976732995074,0.1455836873261341,0.10099530564747358,0.062126216306681886,0.06272070583017414,0.02723925644312173,7.962653458641776,0.9753878727849447,0.9868726766730961,0.995047579328957,0.03639546690984655,0.021160242338500532,0.2081075713871921,0.07402619002912506,0.07899711430216184,0.016580667868562764,0.03293362987213609,0.014302893722512812,7.723746190224815,0.9782598757684272,0.9889450742462095,0.9975955696887795,0.008984540589153767,0.058527443557977676,0.017395135946571827,ok,
759xd9YjKW5,14af8cbc71694b0ab5ca408ceb1c2cdb,14af8cbc71694b0ab5ca408ceb1c2cdb_i2_5,2,5,/mnt/priorbimda-data/PriorBIMDA-Datasets/Matterport3D/v1/scans/759xd9YjKW5/undistorted_color_images/14af8cbc71694b0ab5ca408ceb1c2cdb_i2_5.jpg,/mnt/priorbimda-data/PriorBIMDA-Datasets/Matterport3D/v1/scans/759xd9YjKW5/undistorted_depth_images/14af8cbc71694b0ab5ca408ceb1c2cdb_d2_5.png,1024,1280,406,504,1.4165615917841592,1223588,0.9335235595703125,-1.7970800399780273,5.123499870300293,1.646049976348877,True,204624,1.0,True,,1.0,204624,1.128179669380188,0.12060542175735221,1.0729773182728084,0.050168096940966994,log-depth Laplacian fallback,,,,0.07120714988575641,0.011001772745437618,0.13464140968811547,0.12266713509113904,0.08737140457729395,-0.07148612114490574,0.07430130072644203,0.03226864490372784,5.023441869341222,0.9842471485500022,0.9988713521217927,1.0,0.057234924706185165,0.008817188630461935,0.11941949087370589,0.0990004354487994,0.07025811351510271,0.04911930058292765,0.055273982671434005,0.024005185667019757,5.023441872805002,0.991855101553791,0.9984095953866824,0.999292245429017,0.057234924706185165,0.008817188630461935,0.11941949087370589,0.0990004354487994,0.07025811351510271,0.04911930058292765,0.055273982671434005,0.024005185667019757,5.023441872805002,0.991855101553791,0.9984095953866824,0.999292245429017,0.059423470331879516,0.00935940396493683,0.12296291919659046,0.10228244157352176,0.07248406103861069,0.05022788537958562,0.05731788715763335,0.02489284210691342,5.225991422633842,0.9914366600522398,0.9984610833058186,0.9992824382063243,0.02807543088764759,0.0035262801449016785,0.06874312068728351,0.04597195081572011,0.05024536620398815,-0.0010488091892547344,0.028047774353740795,0.012180993631497168,5.023441872120558,0.9839627390919166,0.9986400651199587,0.99952026335662,0.00810177531093359,0.0594728272408247,0.017387570813298225,ok,
759xd9YjKW5,217b34f2c019478ea2b734c13e16b62b,217b34f2c019478ea2b734c13e16b62b_i0_0,0,0,/mnt/priorbimda-data/PriorBIMDA-Datasets/Matterport3D/v1/scans/759xd9YjKW5/undistorted_color_images/217b34f2c019478ea2b734c13e16b62b_i0_0.jpg,/mnt/priorbimda-data/PriorBIMDA-Datasets/Matterport3D/v1/scans/759xd9YjKW5/undistorted_depth_images/217b34f2c019478ea2b734c13e16b62b_d0_0.png,1024,1280,406,504,1.4155678118069965,1205119,0.9194328308105468,-11.609399795532227,-3.305619955062866,1.5750999450683594,True,130926,0.6398369692704668,True,,1.0,130926,1.2991610765457153,0.26171873042115007,1.5084234407594095,0.1493462960082783,log-depth Laplacian fallback,,,,0.31236508921837147,0.21278496006162598,0.6139534997962934,0.527323248158337,0.4569319890143107,-0.3527690515506714,0.39712962841772864,0.17247120622210843,29.041494254361965,0.27715437230680123,0.5293842350838381,0.9142458130690828,0.27407727142197014,0.10917876295460155,0.395569055735949,0.3659517952533465,0.30435341274877464,-0.09105032107693571,0.28188203557953084,0.12241981259984633,29.041494259698986,0.28025780026702757,0.9598039695664909,1.0,0.27407727142197014,0.10917876295460155,0.395569055735949,0.3659517952533465,0.30435341274877464,-0.09105032107693571,0.28188203557953084,0.12241981259984633,29.041494259698986,0.28025780026702757,0.9598039695664909,1.0,0.27840356439846087,0.11314079041713257,0.40477858657763977,0.3738929936034435,0.31073615402316745,-0.09749644076415408,0.2880631715588019,0.12510424584753746,29.504474483615432,0.270240532262789,0.9339210484607744,1.0,0.2684820293937989,0.11254635247245129,0.3342492113153352,0.28960695715650175,0.29620813638015164,0.05829597939177321,0.23673219366146686,0.10281148539602702,29.041494252974736,0.5800024727848453,0.7702367981917139,0.9992905264957237,0.009158510714769363,0.058441439643502235,0.017381111159920692,ok,
759xd9YjKW5,217b34f2c019478ea2b734c13e16b62b,217b34f2c019478ea2b734c13e16b62b_i0_1,0,1,/mnt/priorbimda-data/PriorBIMDA-Datasets/Matterport3D/v1/scans/759xd9YjKW5/undistorted_color_images/217b34f2c019478ea2b734c13e16b62b_i0_1.jpg,/mnt/priorbimda-data/PriorBIMDA-Datasets/Matterport3D/v1/scans/759xd9YjKW5/undistorted_depth_images/217b34f2c019478ea2b734c13e16b62b_d0_1.png,1024,1280,406,504,1.4155678118069965,1203328,0.91806640625,-11.607600212097168,-3.2911899089813232,1.575369954109192,True,120574,0.5892466181875049,True,,1.0,120574,1.1409211158752441,0.1318359325348499,1.1887111538223372,0.04103372363608296,log-depth Laplacian fallback,,,,0.15634002183516768,0.03605680029584725,0.23752332946112778,0.2228467766717219,0.17255023963964836,-0.1647320792887213,0.16928167165988547,0.07351809588924633,5.135101997930044,0.9951675686097223,0.9969517870439315,1.0,0.042652827958453425,0.005546467990248192,0.08170365025887354,0.058302671115139294,0.060984290865823944,-0.03289614691423635,0.042498031688196485,0.018456660653933275,5.135101995680705,0.994594158866078,0.9959346080204233,0.9993684182533773,0.042652827958453425,0.005546467990248192,0.08170365025887354,0.058302671115139294,0.060984290865823944,-0.03289614691423635,0.042498031688196485,0.018456660653933275,5.135101995680705,0.994594158866078,0.9959346080204233,0.9993684182533773,0.04482907802192214,0.006330127347792289,0.08985274646099745,0.0640819312631331,0.06413787290649639,-0.03593328845695524,0.04481517624028247,0.019462983746676394,5.312688134682038,0.9945650728645888,0.9958905635038826,0.9986055339857463,0.024747128034726455,0.004593251563410547,0.06993048667150319,0.034344301119424166,0.05199180302946481,0.008137587481979338,0.0233084249662647,0.01012272034470475,5.135101997261398,0.9943681190830763,0.9957418093819806,0.9973432015211148,0.010025962255895138,0.05871362704783678,0.017412248998880386,ok,
759xd9YjKW5,217b34f2c019478ea2b734c13e16b62b,217b34f2c019478ea2b734c13e16b62b_i0_2,0,2,/mnt/priorbimda-data/PriorBIMDA-Datasets/Matterport3D/v1/scans/759xd9YjKW5/undistorted_color_images/217b34f2c019478ea2b734c13e16b62b_i0_2.jpg,/mnt/priorbimda-data/PriorBIMDA-Datasets/Matterport3D/v1/scans/759xd9YjKW5/undistorted_depth_images/217b34f2c019478ea2b734c13e16b62b_d0_2.png,1024,1280,406,504,1.4155678118069965,1239287,0.9455009460449219,-11.594099998474121,-3.2855799198150635,1.575659990310669,True,108843,0.5319170771756979,True,,1.0,108843,0.93620765209198,-0.06591797658411418,0.9851926221976829,0.050999875186218194,log-depth Laplacian fallback,,,,0.07157752541567013,0.015506858410342326,0.18332884642329988,0.14638196282846935,0.08464823602697111,0.009458967156864489,0.07087742549880932,0.03078167478564173,8.411808249599588,0.9953077858478302,0.9990607502539767,0.9998297408106436,0.0737238516632058,0.022276320414789715,0.23662059741929484,0.1707997294336947,0.10130879289000294,-0.05645900926008414,0.07767271352667056,0.03373283087908509,8.411808242107783,0.9630916809423483,0.9991131997672855,0.9998361961353585,0.0737238516632058,0.022276320414789715,0.23662059741929484,0.1707997294336947,0.10130879289000294,-0.05645900926008414,0.07767271352667056,0.03373283087908509,8.411808242107783,0.9630916809423483,0.9991131997672855,0.9998361961353585,0.07314560000029573,0.02442305457081023,0.2476677731446999,0.1713019167674905,0.10723519176737122,-0.06390356761249767,0.07790331101750961,0.03383297809689723,8.611457716194057,0.9517286956128806,0.9991244965855367,0.9998337753885904,0.07014026308719717,0.015580852558357268,0.18882477116097005,0.14811568563747365,0.08429504275124149,-0.005459159919635508,0.07049618314437932,0.030616103334844984,8.411808251146406,0.9904872721169511,0.9990688194098704,0.9998313546418223,0.0098459767177701,0.05894432496279478,0.017389644868671894,ok,
759xd9YjKW5,217b34f2c019478ea2b734c13e16b62b,217b34f2c019478ea2b734c13e16b62b_i0_3,0,3,/mnt/priorbimda-data/PriorBIMDA-Datasets/Matterport3D/v1/scans/759xd9YjKW5/undistorted_color_images/217b34f2c019478ea2b734c13e16b62b_i0_3.jpg,/mnt/priorbimda-data/PriorBIMDA-Datasets/Matterport3D/v1/scans/759xd9YjKW5/undistorted_depth_images/217b34f2c019478ea2b734c13e16b62b_d0_3.png,1024,1280,406,504,1.4155678118069965,1253166,0.9560897827148438,-11.582599639892578,-3.2943999767303467,1.5756700038909912,True,50623,0.24739522245679882,True,,1.0,50623,0.9685236215591431,-0.03198240659343988,1.072323740266933,0.10181042016794198,log-depth Laplacian fallback,,,,0.06857596268189174,0.02161634589565865,0.24963050437434658,0.19140360704902382,0.09610871104234507,-0.06807864587605059,0.07235601351862742,0.03142381740365699,6.783938615512586,0.9778656618516621,0.9955528637068034,1.0,0.09609078165992883,0.0341601866704471,0.31490040073507813,0.2700851080556263,0.12089001832866954,-0.10006105243493792,0.10249198647573561,0.044511704165714705,6.783938617881696,0.9782263483050131,0.9852014816871827,1.0,0.09609078165992883,0.0341601866704471,0.31490040073507813,0.2700851080556263,0.12089001832866954,-0.10006105243493792,0.10249198647573561,0.044511704165714705,6.783938617881696,0.9782263483050131,0.9852014816871827,1.0,0.11137788078611488,0.043283966019489604,0.35625822695881887,0.31520670942125806,0.13585771641664846,-0.1174044062019056,0.11962012249479724,0.05195035912408147,6.836318098453596,0.9783739743976456,0.9812897892218588,1.0,0.0365578980955802,0.01133529627086657,0.17982313151334806,0.09982061848832209,0.06786193922100733,0.001749422575661675,0.03695691562018089,0.01605018452200866,6.783938616679441,0.9771123697897964,0.9980114366332952,0.9999760606336271,0.009962125681340694,0.06026749685406685,0.017353066243231297,ok,
759xd9YjKW5,217b34f2c019478ea2b734c13e16b62b,217b34f2c019478ea2b734c13e16b62b_i0_4,0,4,/mnt/priorbimda-data/PriorBIMDA-Datasets/Matterport3D/v1/scans/759xd9YjKW5/undistorted_color_images/217b34f2c019478ea2b734c13e16b62b_i0_4.jpg,/mnt/priorbimda-data/PriorBIMDA-Datasets/Matterport3D/v1/scans/759xd9YjKW5/undistorted_depth_images/217b34f2c019478ea2b734c13e16b62b_d0_4.png,1024,1280,406,504,1.4155678118069965,1250788,0.9542755126953125,-11.584400177001953,-3.3088300228118896,1.5753999948501587,True,45402,0.22188013136288998,True,,1.0,45402,0.8937719464302063,-0.11230462982901501,1.3054468758040003,0.3788500455529631,log-depth Laplacian fallback,,,,0.2267511601444835,0.18426122668411068,0.8162463442234371,0.76596390996423,0.2670939078318592,-0.25411775802262176,0.25855910498925766,0.11229079254267815,8.22394106158961,0.29272266763032584,0.9996410262970223,0.9999992005040023,0.30701139863068483,0.3282791066068711,1.0888744857334758,1.034470850872912,0.375537863650862,-0.36642238791341625,0.3688708179411927,0.16019856076699898,8.22394106939205,0.026992583875125122,0.8567934773918522,0.9999968020160092,0.30701139863068483,0.3282791066068711,1.0888744857334758,1.034470850872912,0.375537863650862,-0.36642238791341625,0.3688708179411927,0.16019856076699898,8.22394106939205,0.026992583875125122,0.8567934773918522,0.9999968020160092,0.3171403703819237,0.3495840978465134,1.1228894740875612,1.0677911720685145,0.3907779610599707,-0.3815669588511727,0.38383342133171366,0.16669673685440928,8.43449510240858,0.014869826061650736,0.7942680933939245,0.9999968020160092,0.058456985031437765,0.02207778320795492,0.24720924576837683,0.17485237912127907,0.08317311519414083,0.012427648049291248,0.05620911687201599,0.024411309290171494,8.223941059529043,0.9883121680092869,0.993952612273223,0.9991277498664841,0.009629015810787678,0.05892833787947893,0.01740027219057083,ok,
759xd9YjKW5,217b34f2c019478ea2b734c13e16b62b,217b34f2c019478ea2b734c13e16b62b_i0_5,0,5,/mnt/priorbimda-data/PriorBIMDA-Datasets/Matterport3D/v1/scans/759xd9YjKW5/undistorted_color_images/217b34f2c019478ea2b734c13e16b62b_i0_5.jpg,/mnt/priorbimda-data/PriorBIMDA-Datasets/Matterport3D/v1/scans/759xd9YjKW5/undistorted_depth_images/217b34f2c019478ea2b734c13e16b62b_d0_5.png,1024,1280,406,504,1.4155678118069965,1253849,0.9566108703613281,-11.597900390625,-3.3144400119781494,1.5751099586486816,True,59276,0.2896825396825397,True,,1.0,59276,0.9479374289512634,-0.05346678212139021,1.1467643243913384,0.19041112783247,log-depth Laplacian fallback,,,,0.12801974703886054,0.055802375321237344,0.3955812625230841,0.3441047507777974,0.15387473177441374,-0.12583241654271404,0.13709483859728508,0.05953953190021785,8.856430446669064,0.9291405902943656,0.9970506815413978,0.9996993258358862,0.17015205489977847,0.08768155504483242,0.5014610325417813,0.46979508306902384,0.19997959564936793,-0.17929919865969937,0.1871888128802991,0.0812950685079342,8.856430452543707,0.6974500119232858,0.9974526438191521,1.0,0.17015205489977847,0.08768155504483242,0.5014610325417813,0.46979508306902384,0.19997959564936793,-0.17929919865969937,0.1871888128802991,0.0812950685079342,8.856430452543707,0.6974500119232858,0.9974526438191521,1.0,0.18516425085640167,0.10180652276923167,0.5436647164785541,0.5155699912313928,0.21753706073827006,-0.19847330548878817,0.20568322054519547,0.08932708770286799,8.905458889355431,0.6090940775165111,0.9976233182783573,1.0,0.06125933742964068,0.038160652924279836,0.38378556310747847,0.2077800287534867,0.08925866963721125,0.011111889074250906,0.05849681924798404,0.025404845808291387,8.856430447198441,0.9864736503358857,0.9924368883334437,0.9977062628753542,0.009536932222545147,0.05886455066502094,0.017374240793287754,ok,
759xd9YjKW5,217b34f2c019478ea2b734c13e16b62b,217b34f2c019478ea2b734c13e16b62b_i1_0,1,0,/mnt/priorbimda-data/PriorBIMDA-Datasets/Matterport3D/v1/scans/759xd9YjKW5/undistorted_color_images/217b34f2c019478ea2b734c13e16b62b_i1_0.jpg,/mnt/priorbimda-data/PriorBIMDA-Datasets/Matterport3D/v1/scans/759xd9YjKW5/undistorted_depth_images/217b34f2c019478ea2b734c13e16b62b_d1_0.png,1024,1280,406,504,1.4121168655554452,1094376,0.834942626953125,-11.599699974060059,-3.301919937133789,1.6085599660873413,True,204624,1.0,True,,1.0,204624,1.087080955505371,0.08349608145176436,0.8095559070897881,0.29476552597056505,log-depth Laplacian fallback,,,,0.23013457557347677,0.053272206506565986,0.25836512984128784,0.23947164604368207,0.22351468166204216,0.048124390559445895,0.22112886386215502,0.09603504536486931,21.827243516249588,0.5328653040636856,0.9999634494908514,1.0,0.26304109664978964,0.06424720788924813,0.23472306699585907,0.22727111229623997,0.25488586590948775,0.13162047199606242,0.23346670304072076,0.10139330083873009,21.82724352545761,0.42594318588857943,0.9948646534646227,1.0,0.26304109664978964,0.06424720788924813,0.23472306699585907,0.22727111229623997,0.25488586590948775,0.13162047199606242,0.23346670304072076,0.10139330083873009,21.82724352545761,0.42594318588857943,0.9948646534646227,1.0,0.2684984586586251,0.0670425006660817,0.24166668580554326,0.2334164235146774,0.25921736973079973,0.13269556996191872,0.2380457840213765,0.10338197044081705,22.267808711823367,0.4257933288010702,0.9944616841012596,1.0,0.15974982268146393,0.08794815158441643,0.4034705621460746,0.2673675471313968,0.2725053617743411,-0.16314507732178338,0.19152878402550458,0.08317989402791628,21.827243513882795,0.5735368831187818,0.9531047829996272,0.9999671045417663,0.008716474287211895,0.05876254662871361,0.017411007545888424,ok,
759xd9YjKW5,217b34f2c019478ea2b734c13e16b62b,217b34f2c019478ea2b734c13e16b62b_i1_1,1,1,/mnt/priorbimda-data/PriorBIMDA-Datasets/Matterport3D/v1/scans/759xd9YjKW5/undistorted_color_images/217b34f2c019478ea2b734c13e16b62b_i1_1.jpg,/mnt/priorbimda-data/PriorBIMDA-Datasets/Matterport3D/v1/scans/759xd9YjKW5/undistorted_depth_images/217b34f2c019478ea2b734c13e16b62b_d1_1.png,1024,1280,406,504,1.4121168655554452,1305263,0.9958366394042969,-11.599300384521484,-3.298449993133545,1.6086299419403076,True,204624,1.0,True,,1.0,204624,0.9663978219032288,-0.034179705629427785,1.1701591626153245,0.19131948161033163,log-depth Laplacian fallback,,,,0.16173148341177734,0.025447442999999192,0.16343743467426672,0.1510452531097409,0.17399083084803513,-0.10397185371835756,0.17044981731239822,0.0740254151001919,13.950864795258406,0.911469182839014,0.9992185482925663,0.9999969354835002,0.17607937592220219,0.02774313215428834,0.16164464263696232,0.15701950713684737,0.19633776053521265,-0.13815155933007922,0.19057221608332886,0.0827644618490639,13.950864799950613,0.7446093239446763,0.9995196370386658,0.9999969354835002,0.17607937592220219,0.02774313215428834,0.16164464263696232,0.15701950713684737,0.19633776053521265,-0.13815155933007922,0.19057221608332886,0.0827644618490639,13.950864799950613,0.7446093239446763,0.9995196370386658,0.9999969354835002,0.17040403804827184,0.025996416291172622,0.15639679049556482,0.15177225157258262,0.18961665252056653,-0.13371272949514038,0.18397723224427162,0.07990029675952023,13.444471311310343,0.7853244901602205,0.9995089112309167,0.9999969354835002,0.10198557104898133,0.043941833159951024,0.2529590806430668,0.1330739401808783,0.14929667137076186,0.05316797185913008,0.09065241460991691,0.03936984343629266,13.950864794261328,0.7946344912864304,0.9986393546741155,0.9999785483845018,0.008220760151743889,0.0586072476580739,0.017444138415157795,ok,
759xd9YjKW5,217b34f2c019478ea2b734c13e16b62b,217b34f2c019478ea2b734c13e16b62b_i1_2,1,2,/mnt/priorbimda-data/PriorBIMDA-Datasets/Matterport3D/v1/scans/759xd9YjKW5/undistorted_color_images/217b34f2c019478ea2b734c13e16b62b_i1_2.jpg,/mnt/priorbimda-data/PriorBIMDA-Datasets/Matterport3D/v1/scans/759xd9YjKW5/undistorted_depth_images/217b34f2c019478ea2b734c13e16b62b_d1_2.png,1024,1280,406,504,1.4121168655554452,1242476,0.9479339599609375,-11.595999717712402,-3.297100067138672,1.6086900234222412,True,204624,1.0,True,,1.0,204624,0.9687601327896118,-0.03173823871548925,0.9497160936490521,0.01985394912673135,log-depth Laplacian fallback,,,,0.08293251778899402,0.09227087807864714,0.42447782726573424,0.20639382700352127,0.1270332612708309,0.03682661554365203,0.07215361256902078,0.03133591578811083,12.157816356855875,0.9809919869679575,0.9925600172558665,0.9936851898950161,0.07130343879545407,0.08983959994918553,0.46602493694190394,0.2339852108714646,0.12168459822162435,0.005088376798669038,0.06296981566106082,0.027347443468063688,12.157816360643432,0.9893623699773678,0.9926598179763634,0.9937463580785464,0.07130343879545407,0.08983959994918553,0.46602493694190394,0.2339852108714646,0.12168459822162435,0.005088376798669038,0.06296981566106082,0.027347443468063688,12.157816360643432,0.9893623699773678,0.9926598179763634,0.9937463580785464,0.060429584728679785,0.08395977641383039,0.43053556025610396,0.1966152752423718,0.1162296444363591,0.0030928476465210126,0.052227010297258104,0.022681902378403496,11.61884871200149,0.9899410531873453,0.9927403024283769,0.9937592355908685,0.06597300222117565,0.09131751728591071,0.5030875187506548,0.25382809989037936,0.12247151530023218,-0.014765574941423687,0.05899364391998661,0.02562061402181552,12.157816356806926,0.9895555326622003,0.9927403024283769,0.9937890148381135,0.007599733769893646,0.057425701059401035,0.017380322329699993,ok,
759xd9YjKW5,217b34f2c019478ea2b734c13e16b62b,217b34f2c019478ea2b734c13e16b62b_i1_3,1,3,/mnt/priorbimda-data/PriorBIMDA-Datasets/Matterport3D/v1/scans/759xd9YjKW5/undistorted_color_images/217b34f2c019478ea2b734c13e16b62b_i1_3.jpg,/mnt/priorbimda-data/PriorBIMDA-Datasets/Matterport3D/v1/scans/759xd9YjKW5/undistorted_depth_images/217b34f2c019478ea2b734c13e16b62b_d1_3.png,1024,1280,406,504,1.4121168655554452,1205795,0.9199485778808594,-11.593199729919434,-3.2992300987243652,1.6087000370025635,True,163431,0.79868930330753,True,,1.0,163431,0.9769542813301086,-0.023315422988101756,1.0077391041493422,0.03102473388757477,log-depth Laplacian fallback,,,,0.04481738319694219,0.05628978603568717,0.4444042561004585,0.184450290936554,0.0972128516731315,-0.00856323664887587,0.04164582851947238,0.018086553520295943,9.683496015653445,0.9700778324673763,0.9899526868165816,0.9960631782351063,0.05747181958041837,0.05847089644759221,0.47087240680547643,0.23591316064559334,0.10194733180270478,-0.03187865956160028,0.055476755848836816,0.024093248939043754,9.683496024807555,0.965109326212167,0.9906907890644762,0.9963774936867378,0.05747181958041837,0.05847089644759221,0.47087240680547643,0.23591316064559334,0.10194733180270478,-0.03187865956160028,0.055476755848836816,0.024093248939043754,9.683496024807555,0.965109326212167,0.9906907890644762,0.9963774936867378,0.06252032264503653,0.057997390786562526,0.47086241324289657,0.25362785656640546,0.10319589143648102,-0.038406656717567725,0.06093413290146664,0.026463357678666345,9.578267447272959,0.9657379571154301,0.9909951525756866,0.9966022416745799,0.04369469602218497,0.0564885455248399,0.43982704282068236,0.1788003864931102,0.09683872550851197,-0.0008539625676080668,0.04018370803246257,0.017451562660909883,9.68349601437727,0.9713118730795866,0.9897495013663185,0.99595619487558,0.00834874901920557,0.058712185360491276,0.017396334558725357,ok,
759xd9YjKW5,217b34f2c019478ea2b734c13e16b62b,217b34f2c019478ea2b734c13e16b62b_i1_4,1,4,/mnt/priorbimda-data/PriorBIMDA-Datasets/Matterport3D/v1/scans/759xd9YjKW5/undistorted_color_images/217b34f2c019478ea2b734c13e16b62b_i1_4.jpg,/mnt/priorbimda-data/PriorBIMDA-Datasets/Matterport3D/v1/scans/759xd9YjKW5/undistorted_depth_images/217b34f2c019478ea2b734c13e16b62b_d1_4.png,1024,1280,406,504,1.4121168655554452,1074836,0.8200347900390625,-11.593700408935547,-3.3027000427246094,1.6086299419403076,True,83121,0.4062133474079287,True,,1.0,83121,0.9145204424858093,-0.08935545767135901,1.0134598785842908,0.10272555680636473,log-depth Laplacian fallback,,,,0.050897546909109255,0.03204986518322091,0.3767314446318017,0.23200763013398384,0.0797107074147765,-0.007023250103645832,0.04949657135233236,0.021496087811448503,7.940069794747237,0.9812910992932875,0.9947647827203406,0.9988119117707259,0.10643682934195463,0.07193715109092252,0.6259697171802032,0.5221916662765147,0.12487324042207382,-0.0963787078671721,0.11166880992725568,0.0484971479521102,7.940069800299835,0.9749775779746863,0.9968860365674391,0.9998864943116903,0.10643682934195463,0.07193715109092252,0.6259697171802032,0.5221916662765147,0.12487324042207382,-0.0963787078671721,0.11166880992725568,0.0484971479521102,7.940069800299835,0.9749775779746863,0.9968860365674391,0.9998864943116903,0.10955635266052095,0.07536888432768234,0.6407475291521374,0.5378830999939952,0.12800740681739198,-0.10162964892975034,0.115246836076258,0.05005106496472748,7.782872643522431,0.9736517943202498,0.9968869669419335,0.9998753298177583,0.049346063225126614,0.0318832636731257,0.36524363491202955,0.21637807855367083,0.0796539631984618,0.0063468907854195835,0.047278797315578505,0.02053292078517801,7.940069792249853,0.979739234636726,0.9944838096230495,0.9986928238354502,0.009272603318095207,0.058539328165352345,0.01739647053182125,ok,
759xd9YjKW5,217b34f2c019478ea2b734c13e16b62b,217b34f2c019478ea2b734c13e16b62b_i1_5,1,5,/mnt/priorbimda-data/PriorBIMDA-Datasets/Matterport3D/v1/scans/759xd9YjKW5/undistorted_color_images/217b34f2c019478ea2b734c13e16b62b_i1_5.jpg,/mnt/priorbimda-data/PriorBIMDA-Datasets/Matterport3D/v1/scans/759xd9YjKW5/undistorted_depth_images/217b34f2c019478ea2b734c13e16b62b_d1_5.png,1024,1280,406,504,1.4121168655554452,1144012,0.8728118896484375,-11.59689998626709,-3.3040499687194824,1.6085599660873413,True,183300,0.8957893502228478,True,,1.0,183300,0.9484003782272339,-0.05297852598536316,0.9930542029558709,0.04600849460991849,log-depth Laplacian fallback,,,,0.040177486324145736,0.023626460116671265,0.32284241954214127,0.17843907714112653,0.06811368329463,0.013356517843944147,0.0383703141144593,0.01666401568880414,6.679129646178129,0.982424135411167,0.9969939126512659,0.9987945930637091,0.05648815213156556,0.02757670014880868,0.3758781989894014,0.24900930451645226,0.07765938980849418,-0.039622008115044564,0.05703876146570536,0.02477161935915168,6.6791296576417745,0.9846802306269514,0.9976643601640542,0.9989178435191239,0.05648815213156556,0.02757670014880868,0.3758781989894014,0.24900930451645226,0.07765938980849418,-0.039622008115044564,0.05703876146570536,0.02477161935915168,6.6791296576417745,0.9846802306269514,0.9976643601640542,0.9989178435191239,0.05850675737480725,0.02969215006220987,0.39487042668582556,0.2622285511765377,0.0803024316224557,-0.04230056506529498,0.05932270094922956,0.0257635216738472,6.825791323821671,0.9850674643272973,0.9976468778299529,0.9988863753177414,0.03938230015601752,0.022723830629516766,0.31890187679856336,0.17384097964697043,0.0670959357344491,0.006386494716871429,0.03785178889941087,0.016438823049180894,6.679129641886505,0.9827597962259137,0.9970848207885932,0.998805956580875,0.008184515871107578,0.058621788397431374,0.017403961159288883,ok,
759xd9YjKW5,217b34f2c019478ea2b734c13e16b62b,217b34f2c019478ea2b734c13e16b62b_i2_0,2,0,/mnt/priorbimda-data/PriorBIMDA-Datasets/Matterport3D/v1/scans/759xd9YjKW5/undistorted_color_images/217b34f2c019478ea2b734c13e16b62b_i2_0.jpg,/mnt/priorbimda-data/PriorBIMDA-Datasets/Matterport3D/v1/scans/759xd9YjKW5/undistorted_depth_images/217b34f2c019478ea2b734c13e16b62b_d2_0.png,1024,1280,406,504,1.4165615917841592,1127475,0.8601951599121094,-11.610400199890137,-3.3067500591278076,1.6415899991989136,True,204624,1.0,True,,1.0,204624,0.994916558265686,-0.00509640637958938,1.0727303966992077,0.07530357722582502,log-depth Laplacian fallback,,,,0.06864993028597305,0.010274053019050579,0.11647762122621126,0.0851404073241069,0.0862641734263339,-0.03531958103883839,0.06873050149147772,0.029849277536191963,7.870219064403187,0.9925541586287945,0.9955005654227367,0.9971174527151379,0.07085013475119971,0.010379952800476674,0.11569263630867344,0.08650580337146488,0.08847308555382954,-0.04041598752335153,0.07128610367541632,0.030959161462616416,7.870219069331892,0.9926171312002483,0.9955245127386416,0.9971839730370962,0.07085013475119971,0.010379952800476674,0.11569263630867344,0.08650580337146488,0.08847308555382954,-0.04041598752335153,0.07128610367541632,0.030959161462616416,7.870219069331892,0.9926171312002483,0.9955245127386416,0.9971839730370962,0.06454931416422205,0.009271845617900086,0.10753549923800058,0.07747536684468188,0.08331960345057274,-0.038952590580074484,0.06485657341192824,0.02816685194795359,7.365359465947188,0.9926632519568062,0.9954987915474844,0.9971617995964434,0.05343533996686559,0.01680427927416461,0.17525995463644897,0.09857616805235175,0.08608821276826319,0.03488761336319814,0.04938587871275613,0.02144801460889325,7.870219063948444,0.9897257145391251,0.9948805960220848,0.9963564602319341,0.007756450213491917,0.05773321073502302,0.01737676840275526,ok,
759xd9YjKW5,217b34f2c019478ea2b734c13e16b62b,217b34f2c019478ea2b734c13e16b62b_i2_1,2,1,/mnt/priorbimda-data/PriorBIMDA-Datasets/Matterport3D/v1/scans/759xd9YjKW5/undistorted_color_images/217b34f2c019478ea2b734c13e16b62b_i2_1.jpg,/mnt/priorbimda-data/PriorBIMDA-Datasets/Matterport3D/v1/scans/759xd9YjKW5/undistorted_depth_images/217b34f2c019478ea2b734c13e16b62b_d2_1.png,1024,1280,406,504,1.4165615917841592,1207277,0.9210792541503906,-11.608499526977539,-3.2923200130462646,1.641860008239746,True,204624,1.0,True,,1.0,204624,1.0670965909957886,0.06494149399165502,1.0366128776263075,0.028982944348883252,log-depth Laplacian fallback,,,,0.03719895180417469,0.0020799093070773987,0.04969709175563509,0.040388124825671584,0.04523476987690315,-0.03592271472909992,0.038024510273685655,0.016513834988935185,2.7490779769007863,0.9984237254582006,1.0,1.0,0.03298173397554437,0.0025910895030233335,0.0635210344152321,0.04515882391552103,0.039972897369797776,0.029018779220565134,0.03220459352675562,0.013986277260607144,2.7490779848605302,0.9972483531120033,1.0,1.0,0.03298173397554437,0.0025910895030233335,0.0635210344152321,0.04515882391552103,0.039972897369797776,0.029018779220565134,0.03220459352675562,0.013986277260607144,2.7490779848605302,0.9972483531120033,1.0,1.0,0.034872404290204086,0.002693723648419907,0.0639001902909003,0.046076627752332046,0.04151257021631554,0.032153851299917,0.034011160531375026,0.014770859341901844,2.625687210136337,0.9972665759390761,1.0,1.0,0.018599827317612457,0.0010756507817484967,0.03961172549108356,0.022954112815277435,0.027490803110871872,3.582591721436335e-05,0.01851469941059938,0.008040831788120704,2.749077976675777,0.9977188333746108,1.0,1.0,0.00817194301635027,0.05873164348304272,0.017391524277627468,ok,
759xd9YjKW5,217b34f2c019478ea2b734c13e16b62b,217b34f2c019478ea2b734c13e16b62b_i2_2,2,2,/mnt/priorbimda-data/PriorBIMDA-Datasets/Matterport3D/v1/scans/759xd9YjKW5/undistorted_color_images/217b34f2c019478ea2b734c13e16b62b_i2_2.jpg,/mnt/priorbimda-data/PriorBIMDA-Datasets/Matterport3D/v1/scans/759xd9YjKW5/undistorted_depth_images/217b34f2c019478ea2b734c13e16b62b_d2_2.png,1024,1280,406,504,1.4165615917841592,1224717,0.9343849182128906,-11.595100402832031,-3.286710023880005,1.6421400308609009,True,204624,1.0,True,,1.0,204624,1.093469262123108,0.08935545111281505,1.052885587260651,0.03782087793771383,log-depth Laplacian fallback,,,,0.05330736000361247,0.013915722605340795,0.16777114598930173,0.1155348635554448,0.0692055094838916,-0.04824506015921991,0.05344081167579716,0.023209049619229566,4.9616697926789355,0.9969062240501275,0.9977456016369496,0.9983432907357374,0.044028407787343946,0.01416327348984435,0.15480327721152498,0.08816826711622922,0.06443509103856047,0.04111039094279571,0.04144584119466125,0.017999700128679862,4.9616697932027645,0.9951833770577203,0.9975520875434897,0.9981179325509485,0.044028407787343946,0.01416327348984435,0.15480327721152498,0.08816826711622922,0.06443509103856047,0.04111039094279571,0.04144584119466125,0.017999700128679862,4.9616697932027645,0.9951833770577203,0.9975520875434897,0.9981179325509485,0.038123239322786606,0.012826772589165966,0.14542027884977088,0.07528975702120652,0.06073795636523167,0.035147068993341364,0.03579814044782434,0.01554693485888771,4.953567284898923,0.9951964413003167,0.9975749499680334,0.9981350793693563,0.0188474955992273,0.009879251998776014,0.12519592245808087,0.03678266614427339,0.04972561981255112,0.0032894609194904817,0.017337793934147784,0.00752970823397605,4.961669792117894,0.9957998460052404,0.9976174087564719,0.9982150978552596,0.008824006654322147,0.0579132866114378,0.017375356517732143,ok,
759xd9YjKW5,217b34f2c019478ea2b734c13e16b62b,217b34f2c019478ea2b734c13e16b62b_i2_3,2,3,/mnt/priorbimda-data/PriorBIMDA-Datasets/Matterport3D/v1/scans/759xd9YjKW5/undistorted_color_images/217b34f2c019478ea2b734c13e16b62b_i2_3.jpg,/mnt/priorbimda-data/PriorBIMDA-Datasets/Matterport3D/v1/scans/759xd9YjKW5/undistorted_depth_images/217b34f2c019478ea2b734c13e16b62b_d2_3.png,1024,1280,406,504,1.4165615917841592,1233111,0.9407890319824219,-11.583499908447266,-3.2955400943756104,1.6421500444412231,True,198494,0.9700426147470482,True,,1.0,198494,1.0749409198760986,0.07226570181457394,1.0280061111110101,0.04464459013875429,log-depth Laplacian fallback,,,,0.05492326466853857,0.026195142511540988,0.21658577124121012,0.10430192012408894,0.09954838563706982,-0.014331759836708775,0.050590989572382804,0.021971387605310793,9.851132799292511,0.9740193705189557,0.9872614874086761,0.9944473774056026,0.0675270911886387,0.0387789408652262,0.27930656183256725,0.14651460642192488,0.11428395942472248,0.05793394191860548,0.059494624141358976,0.025838186967500218,9.851132805704763,0.9675568541680352,0.9830980341591309,0.9927719402389565,0.0675270911886387,0.0387789408652262,0.27930656183256725,0.14651460642192488,0.11428395942472248,0.05793394191860548,0.059494624141358976,0.025838186967500218,9.851132805704763,0.9675568541680352,0.9830980341591309,0.9927719402389565,0.06651537075293965,0.03810906843808288,0.2717360915926172,0.13959123443801144,0.11435260692291979,0.05652251133384638,0.058453321466749766,0.025385954961926332,9.940686305574184,0.9673946627675853,0.9830615410940297,0.9930500984907279,0.044831132647515606,0.027878169610561797,0.2243376738878428,0.08391754937270679,0.09940366051842982,0.01328931851051647,0.03916291772321257,0.017008239062422267,9.851132796784992,0.9710674870307702,0.9850775802016202,0.9939462059782128,0.008794620633125305,0.058782913722097874,0.017361984588205814,ok,
759xd9YjKW5,217b34f2c019478ea2b734c13e16b62b,217b34f2c019478ea2b734c13e16b62b_i2_4,2,4,/mnt/priorbimda-data/PriorBIMDA-Datasets/Matterport3D/v1/scans/759xd9YjKW5/undistorted_color_images/217b34f2c019478ea2b734c13e16b62b_i2_4.jpg,/mnt/priorbimda-data/PriorBIMDA-Datasets/Matterport3D/v1/scans/759xd9YjKW5/undistorted_depth_images/217b34f2c019478ea2b734c13e16b62b_d2_4.png,1024,1280,406,504,1.4165615917841592,1250237,0.9538551330566406,-11.585399627685547,-3.309959888458252,1.6418800354003906,True,189529,0.9262305496911408,True,,1.0,189529,1.1714041233062744,0.15820313464880303,1.1270674792915347,0.03858402623584073,log-depth Laplacian fallback,,,,0.11512074433443918,0.03545208874698653,0.31687478334251795,0.2722284928886561,0.12795025718593375,-0.11113934892290057,0.12168866115478022,0.05284871404971564,6.339805545078138,0.9908009441409908,0.9988258226240305,1.0,0.05452730236258284,0.014198077620600187,0.1707335910235337,0.11154700126353068,0.07895766811921288,0.047063785724212305,0.05117881925702217,0.02222667879364861,6.339805539706401,0.9756510165672588,0.9957448067846336,0.9993017323915385,0.05452730236258284,0.014198077620600187,0.1707335910235337,0.11154700126353068,0.07895766811921288,0.047063785724212305,0.05117881925702217,0.02222667879364861,6.339805539706401,0.9756510165672588,0.9957448067846336,0.9993017323915385,0.058743384546288684,0.015507288966427718,0.1814820815523594,0.12276364483694213,0.0818907065608037,0.04867542021028014,0.055232025897382485,0.023986964071570745,6.5854318676760375,0.9752478929994873,0.995500853038264,0.9992641395191472,0.03483573520246368,0.009452507883179273,0.1438334222807422,0.07246013852669134,0.06396263965719352,0.008479730618780422,0.03310887553151065,0.014379001945356662,6.339805549501422,0.9805876805757628,0.9972373238034069,0.9995960765838797,0.008458644151687622,0.05946848914027214,0.017368920147418976,ok,
759xd9YjKW5,217b34f2c019478ea2b734c13e16b62b,217b34f2c019478ea2b734c13e16b62b_i2_5,2,5,/mnt/priorbimda-data/PriorBIMDA-Datasets/Matterport3D/v1/scans/759xd9YjKW5/undistorted_color_images/217b34f2c019478ea2b734c13e16b62b_i2_5.jpg,/mnt/priorbimda-data/PriorBIMDA-Datasets/Matterport3D/v1/scans/759xd9YjKW5/undistorted_depth_images/217b34f2c019478ea2b734c13e16b62b_d2_5.png,1024,1280,406,504,1.4165615917841592,1206735,0.9206657409667969,-11.598799705505371,-3.315570116043091,1.6416000127792358,True,204624,1.0,True,,1.0,204624,1.1204938888549805,0.11376956029928684,1.1052949432911372,0.013657343940023062,log-depth Laplacian fallback,,,,0.09574490363681563,0.022275517375975003,0.22222294096057035,0.2040864873654663,0.10560996771541406,-0.09464000942268765,0.10009150664252459,0.043469189020231086,4.686932789495058,0.99462350888969,0.9984246748457615,0.9994050060700982,0.02645589229379637,0.00823347151540206,0.13507124927812889,0.06299541595514636,0.05062285664424343,0.01912955084705564,0.02513706506349334,0.010916888648318173,4.686932791510387,0.9914446833811897,0.9977501274099119,0.9989533741873734,0.02645589229379637,0.00823347151540206,0.13507124927812889,0.06299541595514636,0.05062285664424343,0.01912955084705564,0.02513706506349334,0.010916888648318173,4.686932791510387,0.9914446833811897,0.9977501274099119,0.9989533741873734,0.028615856921992623,0.008841895887381282,0.14057806300043132,0.06798962731022294,0.05257235508415569,0.02011026676007969,0.027199184885801708,0.011812455908170011,4.8573961027828325,0.9913195523457926,0.9977020638334017,0.9989293423991182,0.022255959624712027,0.00708292393233064,0.12366948137266957,0.05091475590459604,0.047187699033143404,0.0054722065433690445,0.021260334283124176,0.00923324586257936,4.686932787643996,0.9919667532639727,0.9978238801393844,0.9989923222579937,0.007915032096207142,0.058182086795568466,0.017385821789503098,ok,
759xd9YjKW5,39a9ff1fe32d41b8bb16f7f102414c80,39a9ff1fe32d41b8bb16f7f102414c80_i0_0,0,0,/mnt/priorbimda-data/PriorBIMDA-Datasets/Matterport3D/v1/scans/759xd9YjKW5/undistorted_color_images/39a9ff1fe32d41b8bb16f7f102414c80_i0_0.jpg,/mnt/priorbimda-data/PriorBIMDA-Datasets/Matterport3D/v1/scans/759xd9YjKW5/undistorted_depth_images/39a9ff1fe32d41b8bb16f7f102414c80_d0_0.png,1024,1280,406,504,1.4155678118069965,1203370,0.9180984497070312,-0.1562730073928833,2.3353700637817383,1.5817099809646606,True,204624,1.0,True,,1.0,204624,1.250611662864685,0.22363276192293202,1.321242957882162,0.0549401663746632,log-depth Laplacian fallback,,,,0.2530343960575849,0.103552814452239,0.4035145925963377,0.3789540182273479,0.3146848683989625,-0.2945758451206789,0.29666770977871126,0.12884114931576976,11.068711700423913,0.2748124018381711,0.907498940475498,0.9979515859627546,0.09256129145503768,0.023004285975032762,0.19324189967081457,0.13934423951447975,0.13147075321389684,-0.07094308326063879,0.09856803096056395,0.04280755193824181,11.068711708280887,0.9049768566608773,0.9960003988798125,0.9986313436432684,0.09256129145503768,0.023004285975032762,0.19324189967081457,0.13934423951447975,0.13147075321389684,-0.07094308326063879,0.09856803096056395,0.04280755193824181,11.068711708280887,0.9049768566608773,0.9960003988798125,0.9986313436432684,0.08944331677987123,0.02191197948041834,0.18910643484126324,0.13497706061525508,0.1288211330886112,-0.0747947707850263,0.09551844680280079,0.04148313436642572,10.488387194153855,0.9089997257701289,0.9959621728977788,0.9989919974737612,0.0870907790111046,0.020397945180347564,0.18787012139778253,0.13542487672364378,0.11183797176278769,-0.01600293905996505,0.08827217425084745,0.03833611818274535,11.06871169985791,0.9804249732002626,0.9959895958848899,0.9984884117104464,0.00747618917375803,0.05711167957633734,0.017365340143442154,ok,
759xd9YjKW5,39a9ff1fe32d41b8bb16f7f102414c80,39a9ff1fe32d41b8bb16f7f102414c80_i0_1,0,1,/mnt/priorbimda-data/PriorBIMDA-Datasets/Matterport3D/v1/scans/759xd9YjKW5/undistorted_color_images/39a9ff1fe32d41b8bb16f7f102414c80_i0_1.jpg,/mnt/priorbimda-data/PriorBIMDA-Datasets/Matterport3D/v1/scans/759xd9YjKW5/undistorted_depth_images/39a9ff1fe32d41b8bb16f7f102414c80_d0_1.png,1024,1280,406,504,1.4155678118069965,1226134,0.9354660034179687,-0.14512699842453003,2.3260200023651123,1.5814599990844727,True,204624,1.0,True,,1.0,204624,1.038820505142212,0.038085939870603824,0.9849161123219051,0.05328474646283603,log-depth Laplacian fallback,,,,0.03582944556255956,0.002703952710370194,0.062210200888070596,0.05118391346719277,0.044590015310434786,0.0009773193632931858,0.036073483600862204,0.015666514870881897,4.457930363124732,1.0,1.0,1.0,0.05433180626977132,0.005246672843111289,0.08668685123492455,0.07652019161428694,0.05927269652012338,0.03906325930532463,0.05291293471286896,0.022979795567106012,4.4579303776658685,1.0,1.0,1.0,0.05433180626977132,0.005246672843111289,0.08668685123492455,0.07652019161428694,0.05927269652012338,0.03906325930532463,0.05291293471286896,0.022979795567106012,4.4579303776658685,1.0,1.0,1.0,0.052168681173301736,0.005027288245210692,0.08452632786306293,0.07295586985063536,0.058151789482975315,0.03743334391938767,0.05076460455403948,0.022046787633820033,4.450140877640977,1.0,1.0,1.0,0.03346825382526265,0.002888382751972934,0.06465899803963233,0.04835537795933069,0.046792794589967296,-0.014221508968893914,0.03423461487701175,0.014867904331169171,4.457930358570604,1.0,1.0,1.0,0.008515328168869019,0.0578707056120038,0.017330393195152283,ok,
759xd9YjKW5,39a9ff1fe32d41b8bb16f7f102414c80,39a9ff1fe32d41b8bb16f7f102414c80_i0_2,0,2,/mnt/priorbimda-data/PriorBIMDA-Datasets/Matterport3D/v1/scans/759xd9YjKW5/undistorted_color_images/39a9ff1fe32d41b8bb16f7f102414c80_i0_2.jpg,/mnt/priorbimda-data/PriorBIMDA-Datasets/Matterport3D/v1/scans/759xd9YjKW5/undistorted_depth_images/39a9ff1fe32d41b8bb16f7f102414c80_d0_2.png,1024,1280,406,504,1.4155678118069965,1190341,0.9081581115722657,-0.14764900505542755,2.311690092086792,1.581529974937439,True,204624,1.0,True,,1.0,204624,0.9602829813957214,-0.04052726566986018,0.9490026033882178,0.01181647140978112,log-depth Laplacian fallback,,,,0.06089179233178046,0.009590519562134133,0.1363383830307244,0.11365236928649233,0.06843890495466953,0.049540982607779685,0.05869041160631734,0.025488921901254197,4.72183730517048,0.9999579952299383,1.0,1.0,0.03922059920768699,0.003894555543845737,0.08238743332354967,0.06750690604323274,0.048071008314381124,0.009013716969045913,0.03897881192801552,0.016928282931481794,4.721837297878055,0.9999756372333642,1.0,1.0,0.03922059920768699,0.003894555543845737,0.08238743332354967,0.06750690604323274,0.048071008314381124,0.009013716969045913,0.03897881192801552,0.016928282931481794,4.721837297878055,0.9999756372333642,1.0,1.0,0.03459075658657674,0.003063965557637572,0.07265659944225586,0.05908289663316404,0.04298380087322309,0.00551109088562936,0.03444714869537068,0.014960206595700291,4.2629039571156495,0.9999806778057716,1.0,1.0,0.03735902102909026,0.003425093248618259,0.0749741946242618,0.06182531896984159,0.04730148061197575,-0.002802733240129296,0.03756669248179349,0.01631500724819928,4.721837306038606,0.9999806778057716,1.0,1.0,0.00889400765299797,0.05852076597511768,0.017398690804839134,ok,
759xd9YjKW5,39a9ff1fe32d41b8bb16f7f102414c80,39a9ff1fe32d41b8bb16f7f102414c80_i0_3,0,3,/mnt/priorbimda-data/PriorBIMDA-Datasets/Matterport3D/v1/scans/759xd9YjKW5/undistorted_color_images/39a9ff1fe32d41b8bb16f7f102414c80_i0_3.jpg,/mnt/priorbimda-data/PriorBIMDA-Datasets/Matterport3D/v1/scans/759xd9YjKW5/undistorted_depth_images/39a9ff1fe32d41b8bb16f7f102414c80_d0_3.png,1024,1280,406,504,1.4155678118069965,1213536,0.9258544921875,-0.16131700575351715,2.3067100048065186,1.5818500518798828,True,204624,1.0,True,,1.0,204624,1.043395757675171,0.04248054573165511,1.0800007407563494,0.03448118128974673,log-depth Laplacian fallback,,,,0.07373611306438096,0.01181689783084374,0.13419205099460904,0.11744401165208897,0.09633057832949593,-0.07478817771923098,0.0781124730383789,0.0339238160083845,6.071497998625936,0.9973812066555916,1.0,1.0,0.054945418716138526,0.006834082457832837,0.1103547916754839,0.0949615748469062,0.06877566334837318,-0.03230763203837237,0.056668684667040684,0.02461089704761117,6.071497987384906,0.9999967038472695,1.0,1.0,0.054945418716138526,0.006834082457832837,0.1103547916754839,0.0949615748469062,0.06877566334837318,-0.03230763203837237,0.056668684667040684,0.02461089704761117,6.071497987384906,0.9999967038472695,1.0,1.0,0.04835277955207183,0.005461083404193872,0.09550564833575291,0.08035876650648181,0.06285625623607999,-0.033515553906049586,0.049951226616149536,0.021693542083692594,5.317533821600413,1.0,1.0,1.0,0.052422323817397816,0.007782799548258869,0.137183508988136,0.10749621965383828,0.060753873797998265,0.0021735653993600916,0.052318905695774444,0.022721812042891455,6.071497998779053,0.9999934076945389,1.0,1.0,0.008450563997030258,0.05886907037347555,0.017406264320015907,ok,
759xd9YjKW5,39a9ff1fe32d41b8bb16f7f102414c80,39a9ff1fe32d41b8bb16f7f102414c80_i0_4,0,4,/mnt/priorbimda-data/PriorBIMDA-Datasets/Matterport3D/v1/scans/759xd9YjKW5/undistorted_color_images/39a9ff1fe32d41b8bb16f7f102414c80_i0_4.jpg,/mnt/priorbimda-data/PriorBIMDA-Datasets/Matterport3D/v1/scans/759xd9YjKW5/undistorted_depth_images/39a9ff1fe32d41b8bb16f7f102414c80_d0_4.png,1024,1280,406,504,1.4155678118069965,1249448,0.953253173828125,-0.17246200144290924,2.3160600662231445,1.5821000337600708,True,204624,1.0,True,,1.0,204624,1.2240296602249146,0.2021484160064366,1.2166503954479322,0.006046910774012898,log-depth Laplacian fallback,,,,0.18099972990748892,0.06021105085260299,0.34395686687956417,0.333273098093798,0.20503795467069422,-0.20051970368393657,0.20057227937313876,0.0871074341545116,4.280667342889349,0.7077533438766559,1.0,1.0,0.034389287947065,0.0035440487290590594,0.08752735785103778,0.06605805873477953,0.04283764682203674,0.0016287123577285335,0.03438305605767921,0.014932371516820248,4.280667332677624,0.9996030246957056,1.0,1.0,0.034389287947065,0.0035440487290590594,0.08752735785103778,0.06605805873477953,0.04283764682203674,0.0016287123577285335,0.03438305605767921,0.014932371516820248,4.280667332677624,0.9996030246957056,1.0,1.0,0.029880826752862258,0.0026662306204226476,0.07469565652746309,0.05683380764288634,0.03797144948603855,-0.0012591789859784195,0.029964664431090995,0.013013488414505465,3.795056579752201,0.9997334823057862,1.0,1.0,0.03385062462415064,0.0033203547933025627,0.08274718662045046,0.06321350347954274,0.04303407925277436,-0.004418222015431111,0.034050373471667165,0.014787889305489929,4.2806673444177195,0.9996622508499754,1.0,1.0,0.00763547420501709,0.05826076492667198,0.017356164753437042,ok,
759xd9YjKW5,39a9ff1fe32d41b8bb16f7f102414c80,39a9ff1fe32d41b8bb16f7f102414c80_i0_5,0,5,/mnt/priorbimda-data/PriorBIMDA-Datasets/Matterport3D/v1/scans/759xd9YjKW5/undistorted_color_images/39a9ff1fe32d41b8bb16f7f102414c80_i0_5.jpg,/mnt/priorbimda-data/PriorBIMDA-Datasets/Matterport3D/v1/scans/759xd9YjKW5/undistorted_depth_images/39a9ff1fe32d41b8bb16f7f102414c80_d0_5.png,1024,1280,406,504,1.4155678118069965,1234534,0.9418746948242187,-0.16993899643421173,2.330389976501465,1.5820300579071045,True,204624,1.0,True,,1.0,204624,1.1840553283691406,0.16894526541150348,1.1551122489613825,0.024747740911976623,log-depth Laplacian fallback,,,,0.13123258900730156,0.03553893138455755,0.2544509352354555,0.2263464684569371,0.15681936201111796,-0.1326287911106077,0.14182651321269596,0.06159447207585247,8.367745257901227,0.9174149922156862,0.9980794372613472,0.9993106710710276,0.06395914033187383,0.025030049983853435,0.2484598242664102,0.14201734656939138,0.09121843216467014,0.0363164743248156,0.06016764593270118,0.026130476617680753,8.36774525137778,0.9793549630872864,0.9971284711478178,0.9990790047094693,0.06395914033187383,0.025030049983853435,0.2484598242664102,0.14201734656939138,0.09121843216467014,0.0363164743248156,0.06016764593270118,0.026130476617680753,8.36774525137778,0.9793549630872864,0.9971284711478178,0.9990790047094693,0.05631571272438805,0.022100728766810768,0.23413228218072735,0.12700716252139765,0.08534683699961332,0.028867565416476653,0.05307198778507911,0.023048871438696644,8.031653785344588,0.9841292341887709,0.9971973230384906,0.9991105955769546,0.05783569659070032,0.019877777553675643,0.2184405811778256,0.12426136278958323,0.08447338050937947,0.011568748641125072,0.05553270541423946,0.024117547526563032,8.367745257571407,0.990051306808885,0.9972443043285969,0.9991664871117361,0.008679130114614964,0.058956815861165524,0.01735114213079214,ok,
759xd9YjKW5,39a9ff1fe32d41b8bb16f7f102414c80,39a9ff1fe32d41b8bb16f7f102414c80_i1_0,1,0,/mnt/priorbimda-data/PriorBIMDA-Datasets/Matterport3D/v1/scans/759xd9YjKW5/undistorted_color_images/39a9ff1fe32d41b8bb16f7f102414c80_i1_0.jpg,/mnt/priorbimda-data/PriorBIMDA-Datasets/Matterport3D/v1/scans/759xd9YjKW5/undistorted_depth_images/39a9ff1fe32d41b8bb16f7f102414c80_d1_0.png,1024,1280,406,504,1.4121168655554452,1228884,0.9375640869140625,-0.15742500126361847,2.3245201110839844,1.6150000095367432,True,204624,1.0,True,,1.0,204624,0.871364176273346,-0.1376952766862645,1.3854447444532358,0.46371647990782816,log-depth Laplacian fallback,,,,0.24795399311140748,0.10626800156065207,0.4369716523711549,0.38282713279713554,0.3041963076024062,-0.270889432967575,0.2842305876844552,0.12343977581947721,13.839909199645572,0.2619970640027863,0.9878222842839519,0.9938879503679762,0.34161642464527403,0.1897167947900919,0.6254508228248421,0.5607049665856766,0.43138819357781116,-0.4085847095944113,0.41862515607760536,0.18180659527039142,13.839909191890563,0.03584390389979852,0.38508109797181833,0.9941800853457283,0.34161642464527403,0.1897167947900919,0.6254508228248421,0.5607049665856766,0.43138819357781116,-0.4085847095944113,0.41862515607760536,0.18180659527039142,13.839909191890563,0.03584390389979852,0.38508109797181833,0.9941800853457283,0.3400267961159324,0.18700650122945897,0.617221576976144,0.5557959219967955,0.42872416324703727,-0.40640394793270884,0.4162200078985006,0.18076205268804665,13.652926153971661,0.03833071306974458,0.3908822964575989,0.9945023289423575,0.09219959988300765,0.09459278506235899,0.4936798529329249,0.23730269953626024,0.1489759108764976,0.05513178171133769,0.0795308122062794,0.03453979288247092,13.839909200141298,0.9275309956025142,0.9875895527974976,0.9906028559245624,0.008227532729506493,0.057707284577190876,0.017398913390934467,ok,
759xd9YjKW5,39a9ff1fe32d41b8bb16f7f102414c80,39a9ff1fe32d41b8bb16f7f102414c80_i1_1,1,1,/mnt/priorbimda-data/PriorBIMDA-Datasets/Matterport3D/v1/scans/759xd9YjKW5/undistorted_color_images/39a9ff1fe32d41b8bb16f7f102414c80_i1_1.jpg,/mnt/priorbimda-data/PriorBIMDA-Datasets/Matterport3D/v1/scans/759xd9YjKW5/undistorted_depth_images/39a9ff1fe32d41b8bb16f7f102414c80_d1_1.png,1024,1280,406,504,1.4121168655554452,1303990,0.9948654174804688,-0.1547439992427826,2.322269916534424,1.6149400472640991,True,204624,1.0,True,,1.0,204624,1.094537615776062,0.09033200539027106,0.9957876479898653,0.09455325434864306,log-depth Laplacian fallback,,,,0.06255935911202508,0.005888407770168251,0.07978878148248793,0.06866792560707946,0.07357659296335939,0.016662987291768874,0.06103657078633572,0.02650784588680284,7.1664913916157165,0.99983972269726,1.0,1.0,0.11594242762556371,0.018661314776394128,0.13396261501777407,0.1170716725497971,0.12877805844924944,0.10699499262121802,0.1071250007427672,0.04652379669646555,7.166491395336918,0.9885520594483087,1.0,1.0,0.11594242762556371,0.018661314776394128,0.13396261501777407,0.1170716725497971,0.12877805844924944,0.10699499262121802,0.1071250007427672,0.04652379669646555,7.166491395336918,0.9885520594483087,1.0,1.0,0.11973664840541522,0.019967230406845116,0.1385294781051715,0.12038926808447137,0.13289758096873303,0.11023121664846247,0.11033249033006505,0.04791679172499115,7.423507192386008,0.9601001541422863,1.0,1.0,0.06219643091168156,0.005814465237113964,0.08029278071958897,0.0690998222656245,0.07273689608355041,0.012441710808543277,0.06093688812442301,0.026464554256792713,7.166491389812582,0.9998688640250308,1.0,1.0,0.008108772337436676,0.058887023478746414,0.017430600710213184,ok,
759xd9YjKW5,39a9ff1fe32d41b8bb16f7f102414c80,39a9ff1fe32d41b8bb16f7f102414c80_i1_2,1,2,/mnt/priorbimda-data/PriorBIMDA-Datasets/Matterport3D/v1/scans/759xd9YjKW5/undistorted_color_images/39a9ff1fe32d41b8bb16f7f102414c80_i1_2.jpg,/mnt/priorbimda-data/PriorBIMDA-Datasets/Matterport3D/v1/scans/759xd9YjKW5/undistorted_depth_images/39a9ff1fe32d41b8bb16f7f102414c80_d1_2.png,1024,1280,406,504,1.4121168655554452,676467,0.5161033630371094,-0.155349999666214,2.318819999694824,1.614959955215454,True,204624,1.0,True,,1.0,204624,1.0492709875106812,0.04809562542435208,1.0243234809549997,0.02406324932261953,log-depth Laplacian fallback,,,,0.036158188449605284,0.01353001136754669,0.2061191206989273,0.09495908209684062,0.07624467370943634,-0.032374422823986684,0.03855029282645395,0.016742179450283466,6.903004429863959,0.9687390515723605,0.9957898907115942,0.9993406921549758,0.041478801328325286,0.011678206842058747,0.18766921503867326,0.09254213090389954,0.07079762155363699,0.01572120260946083,0.04225252106264433,0.018350036744007356,6.903004422832342,0.9766551805187836,0.9958031951299916,0.9997767814246666,0.041478801328325286,0.011678206842058747,0.18766921503867326,0.09254213090389954,0.07079762155363699,0.01572120260946083,0.04225252106264433,0.018350036744007356,6.903004422832342,0.9766551805187836,0.9958031951299916,0.9997767814246666,0.041144521979294836,0.011869014444389935,0.18895141938962431,0.09072112820548485,0.07203586948209618,0.013548335324245419,0.042051654725307815,0.018262801602101985,7.075032934187234,0.976708398192373,0.995807629936124,0.9997043462578367,0.03097853848648537,0.01143210324839907,0.19039622436158868,0.07696280055797237,0.06953227344619867,-0.008342063852073008,0.03258714471536953,0.014152417130867699,6.903004433784525,0.9757371756493665,0.9958105864735456,0.9995905195671038,0.008467234671115875,0.058765657246112823,0.017383080907166004,ok,
759xd9YjKW5,39a9ff1fe32d41b8bb16f7f102414c80,39a9ff1fe32d41b8bb16f7f102414c80_i1_3,1,3,/mnt/priorbimda-data/PriorBIMDA-Datasets/Matterport3D/v1/scans/759xd9YjKW5/undistorted_color_images/39a9ff1fe32d41b8bb16f7f102414c80_i1_3.jpg,/mnt/priorbimda-data/PriorBIMDA-Datasets/Matterport3D/v1/scans/759xd9YjKW5/undistorted_depth_images/39a9ff1fe32d41b8bb16f7f102414c80_d1_3.png,1024,1280,406,504,1.4121168655554452,768223,0.5861076354980469,-0.15863800048828125,2.3176300525665283,1.6150399446487427,True,204624,1.0,True,,1.0,204624,0.9830553531646729,-0.01708984997815385,0.999513112626123,0.016602844036131614,log-depth Laplacian fallback,,,,0.030437680234134255,0.027049974441513514,0.20340270246859146,0.06517976020926636,0.09028800461819109,0.011413396749418029,0.02554358959941307,0.011093440011026391,8.956371002015755,0.9739880217072386,0.9916573703208573,0.9947059642838082,0.03722059106343227,0.026441742538644467,0.207016516140363,0.093509250619625,0.08974341350935883,-0.005676452989013514,0.0328861736518424,0.014282283747907269,8.956371000452855,0.9749096291050906,0.991826592018203,0.995119906589623,0.03722059106343227,0.026441742538644467,0.207016516140363,0.093509250619625,0.08974341350935883,-0.005676452989013514,0.0328861736518424,0.014282283747907269,8.956371000452855,0.9749096291050906,0.991826592018203,0.995119906589623,0.03623926770141212,0.026627117922960224,0.20615453349202637,0.08775168343825329,0.09004006035936629,-0.003696610035542578,0.03182767096591481,0.013822581872329145,8.99641458791415,0.9744891782724547,0.9918070664377401,0.9950040548122094,0.030414046180891857,0.02700414862097526,0.20325512799268494,0.06517468475152045,0.0902277322146471,0.010926367772953832,0.025534773122610373,0.011089611063801151,8.956370999399379,0.9740127541091584,0.9916690856691351,0.9947228864535428,0.009526005014777184,0.06099974922835827,0.017378265969455242,ok,
759xd9YjKW5,39a9ff1fe32d41b8bb16f7f102414c80,39a9ff1fe32d41b8bb16f7f102414c80_i1_4,1,4,/mnt/priorbimda-data/PriorBIMDA-Datasets/Matterport3D/v1/scans/759xd9YjKW5/undistorted_color_images/39a9ff1fe32d41b8bb16f7f102414c80_i1_4.jpg,/mnt/priorbimda-data/PriorBIMDA-Datasets/Matterport3D/v1/scans/759xd9YjKW5/undistorted_depth_images/39a9ff1fe32d41b8bb16f7f102414c80_d1_4.png,1024,1280,406,504,1.4121168655554452,1089437,0.8311744689941406,-0.16131900250911713,2.3198800086975098,1.6151000261306763,True,204624,1.0,True,,1.0,204624,1.0485029220581055,0.047363358249712405,1.0590388934531876,0.009998434279843323,log-depth Laplacian fallback,,,,0.056502294050912366,0.02344584439154425,0.3508161549629401,0.2656154721123169,0.06830868367882298,-0.04994799358965205,0.05778876906826281,0.025097343522327873,4.65969334001882,0.9937490648839722,0.9988599616132002,0.999988067231056,0.02842569380240228,0.013064066785559833,0.26257618810245076,0.1208904051888876,0.046668560462106864,-0.002584635153177089,0.02780001574474267,0.012073393434765265,4.659693334040648,0.992422691720586,0.99866444778358,0.9999008662272348,0.02842569380240228,0.013064066785559833,0.26257618810245076,0.1208904051888876,0.046668560462106864,-0.002584635153177089,0.02780001574474267,0.012073393434765265,4.659693334040648,0.992422691720586,0.99866444778358,0.9999008662272348,0.028748222495477666,0.012580971781789437,0.2558712005158802,0.12248288545596554,0.04618509265284812,-0.004443447668677605,0.028180111337201233,0.012238466853165752,4.5970844631873895,0.9925860788645878,0.9986699552154003,0.9999173885226956,0.027049947070908326,0.013295284586040523,0.26343118027666,0.10961558957013808,0.04718303079161549,0.0074137838532782625,0.026149578666945273,0.011356617719149323,4.659693341475816,0.99141942122399,0.9985276798933761,0.99987241116283,0.012665203772485256,0.05867314711213112,0.017438002862036228,ok,
759xd9YjKW5,39a9ff1fe32d41b8bb16f7f102414c80,39a9ff1fe32d41b8bb16f7f102414c80_i1_5,1,5,/mnt/priorbimda-data/PriorBIMDA-Datasets/Matterport3D/v1/scans/759xd9YjKW5/undistorted_color_images/39a9ff1fe32d41b8bb16f7f102414c80_i1_5.jpg,/mnt/priorbimda-data/PriorBIMDA-Datasets/Matterport3D/v1/scans/759xd9YjKW5/undistorted_depth_images/39a9ff1fe32d41b8bb16f7f102414c80_d1_5.png,1024,1280,406,504,1.4121168655554452,1206603,0.9205650329589844,-0.16071200370788574,2.323319911956787,1.6150799989700317,True,204624,1.0,True,,1.0,204624,1.0132089853286743,0.013122507373603005,1.024720373308707,0.011297261470207678,log-depth Laplacian fallback,,,,0.05400278921802788,0.047264484010578756,0.36820529824903525,0.163126358382126,0.11022748170234987,-0.010694299754457985,0.05063390434437843,0.021990025253980642,10.970747319669558,0.9708785739800083,0.9844737664335328,0.9888472016064936,0.049649421484764936,0.04793171827224223,0.36633604571483386,0.14609530511534158,0.10973434218524313,0.00242820760627316,0.04560294669863352,0.019805108109744667,10.970747313947609,0.9704791053892623,0.9842690595001007,0.9891281556568317,0.049649421484764936,0.04793171827224223,0.36633604571483386,0.14609530511534158,0.10973434218524313,0.00242820760627316,0.04560294669863352,0.019805108109744667,10.970747313947609,0.9704791053892623,0.9842690595001007,0.9891281556568317,0.049216932207742876,0.04694603537534673,0.3626272719104284,0.14403207550541408,0.10899911240581388,-0.002884873710815631,0.045477743063141444,0.01975073286173623,10.896092881821398,0.9706763533656058,0.9843038679665143,0.9892044027737376,0.04857948395533504,0.049456438288355546,0.36949473086403306,0.14119701737096407,0.11056274103653159,0.013725524779955579,0.04398111051604018,0.019100753605093335,10.970747319588567,0.969961122258108,0.9840519209715208,0.9893502668234705,0.009707910940051079,0.059797441586852074,0.01741606742143631,ok,
759xd9YjKW5,39a9ff1fe32d41b8bb16f7f102414c80,39a9ff1fe32d41b8bb16f7f102414c80_i2_0,2,0,/mnt/priorbimda-data/PriorBIMDA-Datasets/Matterport3D/v1/scans/759xd9YjKW5/undistorted_color_images/39a9ff1fe32d41b8bb16f7f102414c80_i2_0.jpg,/mnt/priorbimda-data/PriorBIMDA-Datasets/Matterport3D/v1/scans/759xd9YjKW5/undistorted_depth_images/39a9ff1fe32d41b8bb16f7f102414c80_d2_0.png,1024,1280,406,504,1.4165615917841592,1221270,0.9317550659179688,-0.15474699437618256,2.3354299068450928,1.6481900215148926,True,204624,1.0,True,,1.0,204624,1.071796178817749,0.0693359128714262,1.0319838290677943,0.0378529154427745,log-depth Laplacian fallback,,,,0.047913361880039876,0.008139295727842322,0.117134931677837,0.07281932074911575,0.07114588394865572,-0.033882454808175186,0.048641184645120655,0.021124598084613082,6.255969995937924,0.9893094893021199,0.9973371981625685,0.9999222121234452,0.053831410072177815,0.008652560677584993,0.11238820822126389,0.07390270735977435,0.07190732759041797,0.03545345811968079,0.051515940160615135,0.022373088541813264,6.255970003565975,0.9850049538595069,0.9963366004241486,0.9999041980888747,0.053831410072177815,0.008652560677584993,0.11238820822126389,0.07390270735977435,0.07190732759041797,0.03545345811968079,0.051515940160615135,0.022373088541813264,6.255970003565975,0.9850049538595069,0.9963366004241486,0.9999041980888747,0.05636533219766207,0.009156705637147908,0.11561814820382345,0.07686330554972927,0.07469206949198913,0.03403514020877297,0.0540154712749277,0.023458621112104706,6.648694966657216,0.9849992221212345,0.996330049866123,0.9999082921876408,0.04030503265832396,0.006681967937713101,0.10351207238728405,0.05886933777027701,0.06260569739054746,-0.002399434789363021,0.0396934990722046,0.017238667614490295,6.255969995491023,0.9873140255635527,0.996858188606942,0.9999181180246792,0.009385887533426285,0.05893174186348915,0.01742875762283802,ok,
759xd9YjKW5,39a9ff1fe32d41b8bb16f7f102414c80,39a9ff1fe32d41b8bb16f7f102414c80_i2_1,2,1,/mnt/priorbimda-data/PriorBIMDA-Datasets/Matterport3D/v1/scans/759xd9YjKW5/undistorted_color_images/39a9ff1fe32d41b8bb16f7f102414c80_i2_1.jpg,/mnt/priorbimda-data/PriorBIMDA-Datasets/Matterport3D/v1/scans/759xd9YjKW5/undistorted_depth_images/39a9ff1fe32d41b8bb16f7f102414c80_d2_1.png,1024,1280,406,504,1.4165615917841592,1165264,0.88902587890625,-0.14360100030899048,2.326080083847046,1.6479400396347046,True,204624,1.0,True,,1.0,204624,1.1309374570846558,0.12304689682922539,1.0411272097358717,0.08274291510799939,log-depth Laplacian fallback,,,,0.04767304794373725,0.004770777774651885,0.08293973652548803,0.0656862911271976,0.06102010324277388,-0.04801846643740604,0.04945516317385709,0.021478104468031042,3.7652089991904734,0.9969131458622252,1.0,1.0,0.08046554603300544,0.009549213393128196,0.11195337965504977,0.10150305727074822,0.08394608530379459,0.0750284303061882,0.07691350648465042,0.03340311145011369,3.765209002992287,0.9998326559474935,1.0,1.0,0.08046554603300544,0.009549213393128196,0.11195337965504977,0.10150305727074822,0.08394608530379459,0.0750284303061882,0.07691350648465042,0.03340311145011369,3.765209002992287,0.9998326559474935,1.0,1.0,0.08441604629707525,0.010403176409821399,0.11544589549401131,0.10517285833358446,0.08832261980897406,0.07848154641149145,0.08046204828381202,0.034944223572292564,4.051582459708171,0.9997107951502835,1.0,1.0,0.027461559201600542,0.0018995065658220863,0.05149659645640841,0.03631696807713343,0.03843427150808078,-0.007714489353363978,0.02784824570853145,0.012094339441901119,3.7652089986794937,0.9990457098133985,1.0,1.0,0.00713143777102232,0.05873241741210222,0.017359516583383083,ok,
759xd9YjKW5,39a9ff1fe32d41b8bb16f7f102414c80,39a9ff1fe32d41b8bb16f7f102414c80_i2_2,2,2,/mnt/priorbimda-data/PriorBIMDA-Datasets/Matterport3D/v1/scans/759xd9YjKW5/undistorted_color_images/39a9ff1fe32d41b8bb16f7f102414c80_i2_2.jpg,/mnt/priorbimda-data/PriorBIMDA-Datasets/Matterport3D/v1/scans/759xd9YjKW5/undistorted_depth_images/39a9ff1fe32d41b8bb16f7f102414c80_d2_2.png,1024,1280,406,504,1.4165615917841592,830496,0.6336181640625,-0.146123006939888,2.3117499351501465,1.648010015487671,True,204624,1.0,True,,1.0,204624,1.0728434324264526,0.07031253727624621,1.0504815450114764,0.021063863941564627,log-depth Laplacian fallback,,,,0.08535420232925613,0.030893041980662988,0.2508962559675869,0.15346254871038775,0.13136602748443188,-0.060050737272352765,0.08667702496151629,0.03764335364857695,11.683724633047191,0.9532472161214504,0.9873063807652295,0.9931269988055331,0.06903929776849077,0.026012978207029355,0.2157485074583288,0.11867321928963712,0.11728702688093287,0.010261800016965895,0.0655676988536861,0.028475689803250045,11.683724635141171,0.9623321484992101,0.987082418217547,0.9934725754248064,0.06903929776849077,0.026012978207029355,0.2157485074583288,0.11867321928963712,0.11728702688093287,0.010261800016965895,0.0655676988536861,0.028475689803250045,11.683724635141171,0.9623321484992101,0.987082418217547,0.9934725754248064,0.06839262474473422,0.026303088434968754,0.21730426332859504,0.11741241081355992,0.11782175899943503,0.011151467958381582,0.06484665662417485,0.028162545141754113,11.729284571573041,0.9615422590837283,0.9870776018186722,0.993465350826494,0.06013813294133568,0.025558749607691063,0.21773553021271683,0.10035617428754998,0.11733552936519667,-0.010802051738821155,0.05801581804771605,0.025195949641226175,11.68372463285692,0.9611798250683928,0.9871763379956074,0.9935038820174932,0.007452918216586113,0.06100588385015726,0.01741610188037157,ok,
759xd9YjKW5,39a9ff1fe32d41b8bb16f7f102414c80,39a9ff1fe32d41b8bb16f7f102414c80_i2_3,2,3,/mnt/priorbimda-data/PriorBIMDA-Datasets/Matterport3D/v1/scans/759xd9YjKW5/undistorted_color_images/39a9ff1fe32d41b8bb16f7f102414c80_i2_3.jpg,/mnt/priorbimda-data/PriorBIMDA-Datasets/Matterport3D/v1/scans/759xd9YjKW5/undistorted_depth_images/39a9ff1fe32d41b8bb16f7f102414c80_d2_3.png,1024,1280,406,504,1.4165615917841592,1040619,0.7939292907714843,-0.1597909927368164,2.306770086288452,1.6483299732208252,True,204624,1.0,True,,1.0,204624,1.0839009284973145,0.0805665044655629,1.01528841716731,0.06539377749151343,log-depth Laplacian fallback,,,,0.06292555605672391,0.024899458931216322,0.18297152354100532,0.09588383079857819,0.10506237995251619,0.01141836423812023,0.05741843250689032,0.02493650839727675,10.444005285048688,0.968019034824465,0.9898550766418833,0.9946416507866952,0.10433998751946418,0.04317962935329511,0.25225077812662494,0.16698653462361074,0.1391723417958051,0.09198486881778316,0.0928470853667325,0.040322976835572094,10.444005280304879,0.9437901864178917,0.9874315191246749,0.9935384612427796,0.10433998751946418,0.04317962935329511,0.25225077812662494,0.16698653462361074,0.1391723417958051,0.09198486881778316,0.0928470853667325,0.040322976835572094,10.444005280304879,0.9437901864178917,0.9874315191246749,0.9935384612427796,0.1092663256975064,0.04561955478696971,0.26040792480329517,0.17622364980774516,0.14291825064500557,0.09639456520424704,0.0971632853609359,0.042197478675845446,10.5516416573502,0.9331023169863322,0.987236442924836,0.9934433255591143,0.06225949876608143,0.026147257467247352,0.18501424547157327,0.08930551404571503,0.10777204490707527,0.02659114542574434,0.0558071123420699,0.024236720941115827,10.44400528935119,0.9650506093008104,0.9892362142148087,0.9944629110173848,0.007967693731188774,0.05889581982046366,0.017421074211597443,ok,
759xd9YjKW5,39a9ff1fe32d41b8bb16f7f102414c80,39a9ff1fe32d41b8bb16f7f102414c80_i2_4,2,4,/mnt/priorbimda-data/PriorBIMDA-Datasets/Matterport3D/v1/scans/759xd9YjKW5/undistorted_color_images/39a9ff1fe32d41b8bb16f7f102414c80_i2_4.jpg,/mnt/priorbimda-data/PriorBIMDA-Datasets/Matterport3D/v1/scans/759xd9YjKW5/undistorted_depth_images/39a9ff1fe32d41b8bb16f7f102414c80_d2_4.png,1024,1280,406,504,1.4165615917841592,1228372,0.9371734619140625,-0.1709360033273697,2.316119909286499,1.6485799551010132,True,204624,1.0,True,,1.0,204624,1.1898510456085205,0.17382812753125398,1.1337320690902,0.04831322078556208,log-depth Laplacian fallback,,,,0.11679045538775583,0.03574721856874693,0.31695523616466204,0.29057691194144997,0.12736138671221722,-0.12186909491629608,0.12429531045420834,0.05398076745671426,3.699792601676155,0.9986616432155732,0.9999991859143647,1.0,0.05511392002870915,0.0103577215153138,0.16376707586450093,0.13161920324707768,0.06378548113826449,0.05195903262189481,0.05298844529086402,0.023012589394454594,3.699792606399399,0.9928865197187823,0.9992347595028216,1.0,0.05511392002870915,0.0103577215153138,0.16376707586450093,0.13161920324707768,0.06378548113826449,0.05195903262189481,0.05298844529086402,0.023012589394454594,3.699792606399399,0.9928865197187823,0.9992347595028216,1.0,0.05635639359186086,0.011251682235658146,0.17158894074223693,0.13580746941688002,0.06594754515565851,0.053326076295119346,0.05407807695518137,0.02348581041357469,3.8799591480126816,0.9926162432878639,0.9992209200470216,1.0,0.02192701451811436,0.0033948200259510623,0.09252724898236057,0.052152885835080834,0.03717712394128211,0.0036458218598687977,0.02146753702136936,0.00932323286843448,3.6997925989324774,0.9950080268843641,0.9993015145249159,1.0,0.007640228606760502,0.058817073702812195,0.01738440990447998,ok,
759xd9YjKW5,39a9ff1fe32d41b8bb16f7f102414c80,39a9ff1fe32d41b8bb16f7f102414c80_i2_5,2,5,/mnt/priorbimda-data/PriorBIMDA-Datasets/Matterport3D/v1/scans/759xd9YjKW5/undistorted_color_images/39a9ff1fe32d41b8bb16f7f102414c80_i2_5.jpg,/mnt/priorbimda-data/PriorBIMDA-Datasets/Matterport3D/v1/scans/759xd9YjKW5/undistorted_depth_images/39a9ff1fe32d41b8bb16f7f102414c80_d2_5.png,1024,1280,406,504,1.4165615917841592,1226067,0.9354148864746094,-0.16841399669647217,2.3304500579833984,1.6485099792480469,True,204624,1.0,True,,1.0,204624,1.1243301630020142,0.11718744766418535,1.0903993698037566,0.030643424213766132,log-depth Laplacian fallback,,,,0.09167746318028963,0.02591346079880325,0.22706488210455888,0.18890176974073225,0.10941850288354092,-0.07417032126672948,0.09312182752594304,0.04044229583926339,8.044359649136524,0.9826738669257064,0.9933502818361476,0.9978965260462928,0.050066173030686334,0.022599651847242535,0.1932513958760676,0.09494145784384103,0.09122305294464544,0.04301712637113527,0.045093862320700305,0.019584015573585096,8.044359655877752,0.9745030247123526,0.9901440948985659,0.9960336588457238,0.050066173030686334,0.022599651847242535,0.1932513958760676,0.09494145784384103,0.09122305294464544,0.04301712637113527,0.045093862320700305,0.019584015573585096,8.044359655877752,0.9745030247123526,0.9901440948985659,0.9960336588457238,0.049593431429133424,0.022274744803169134,0.19083685127634384,0.09283634409363696,0.09090893533524247,0.039946236919467824,0.04468060403393449,0.019404539780041925,8.166230880743603,0.9741629127935096,0.9901237044957576,0.9961184829214064,0.037357164341694116,0.01785784974839718,0.16724685692179997,0.06458852205559254,0.08138968641538777,0.012373715682705094,0.033670122078082884,0.014622748223520247,8.044359648224795,0.9769833133099578,0.9913838313893123,0.996470013465822,0.007993347942829132,0.059487021528184414,0.017392104491591454,ok,
759xd9YjKW5,4acd978965a24452ac39f4964cbd69c8,4acd978965a24452ac39f4964cbd69c8_i0_0,0,0,/mnt/priorbimda-data/PriorBIMDA-Datasets/Matterport3D/v1/scans/759xd9YjKW5/undistorted_color_images/4acd978965a24452ac39f4964cbd69c8_i0_0.jpg,/mnt/priorbimda-data/PriorBIMDA-Datasets/Matterport3D/v1/scans/759xd9YjKW5/undistorted_depth_images/4acd978965a24452ac39f4964cbd69c8_d0_0.png,1024,1280,406,504,1.4155678118069965,882530,0.6733169555664062,0.3901509940624237,-0.5107640027999878,1.5925699472427368,True,204624,1.0,True,,1.0,204624,0.960048496723175,-0.04077147837624301,0.9261408866860704,0.0359574320833396,log-depth Laplacian fallback,,,,0.07953726548669897,0.01420924934055491,0.1568042783570932,0.13093755700309348,0.08776163172094589,0.06281585239869147,0.07581602751935063,0.03292648239147907,6.128843846720802,0.999385856571448,1.0,1.0,0.05802087925438415,0.0069709979017351705,0.10754889600070218,0.09237520539691566,0.06513238155169866,0.022044374120722715,0.057063823687116495,0.024782503743614768,6.128843852001507,1.0,1.0,1.0,0.05802087925438415,0.0069709979017351705,0.10754889600070218,0.09237520539691566,0.06513238155169866,0.022044374120722715,0.057063823687116495,0.024782503743614768,6.128843852001507,1.0,1.0,1.0,0.052705180107460024,0.0059641485396354004,0.09819948028740123,0.08291969308839317,0.060915067115440945,0.019348001344762073,0.05186352352031326,0.022524042076931563,5.776071541836856,1.0,1.0,1.0,0.050292134355200344,0.005411830861129019,0.09033732170423805,0.07560988378588536,0.06284779501334356,-0.013913038918916624,0.051247708056430565,0.022256596819096624,6.128843843727758,1.0,1.0,1.0,0.008518301881849766,0.05977748706936836,0.017387560568749905,ok,
759xd9YjKW5,4acd978965a24452ac39f4964cbd69c8,4acd978965a24452ac39f4964cbd69c8_i0_1,0,1,/mnt/priorbimda-data/PriorBIMDA-Datasets/Matterport3D/v1/scans/759xd9YjKW5/undistorted_color_images/4acd978965a24452ac39f4964cbd69c8_i0_1.jpg,/mnt/priorbimda-data/PriorBIMDA-Datasets/Matterport3D/v1/scans/759xd9YjKW5/undistorted_depth_images/4acd978965a24452ac39f4964cbd69c8_d0_1.png,1024,1280,406,504,1.4155678118069965,200966,0.15332489013671874,0.39206498861312866,-0.5251849889755249,1.592329978942871,True,204624,1.0,True,,1.0,204624,0.9509507417678833,-0.05029301402650128,0.892771151599799,0.06313198612685289,log-depth Laplacian fallback,,,,0.14207493170267452,0.06224524455200947,0.39956882012731343,0.3057164738832959,0.1461196773128436,0.12981352956936051,0.130861605498963,0.05683247316119986,6.70776239796424,0.8984803399580028,0.9996019227132947,0.999890528746156,0.08848501644568359,0.032468120208332354,0.2951213099172502,0.20340658192239144,0.1040332639207486,0.07952051558935161,0.08303313168061688,0.036060830904038,6.707762370871394,0.996715862384682,0.9996566583402168,0.9999303364748265,0.08848501644568359,0.032468120208332354,0.2951213099172502,0.20340658192239144,0.1040332639207486,0.07952051558935161,0.08303313168061688,0.036060830904038,6.707762370871394,0.996715862384682,0.9996566583402168,0.9999303364748265,0.09551733561910418,0.045771168663532556,0.353248730441229,0.2292396227129195,0.11922077321509829,0.08448770307868585,0.08815803648153908,0.038286548779358005,8.411552053273946,0.9348994357254461,0.9996417304419654,0.9999104326104913,0.05317996651356139,0.012861153459322113,0.18602293453978738,0.12036437276309365,0.06905063761084124,0.016388499451974528,0.051892584390419265,0.02253666305245791,6.707762399024247,0.9978304787874566,0.9985818496661126,0.9999601922713295,0.009741000831127167,0.05685539171099663,0.01736966334283352,ok,
759xd9YjKW5,4acd978965a24452ac39f4964cbd69c8,4acd978965a24452ac39f4964cbd69c8_i0_2,0,2,/mnt/priorbimda-data/PriorBIMDA-Datasets/Matterport3D/v1/scans/759xd9YjKW5/undistorted_color_images/4acd978965a24452ac39f4964cbd69c8_i0_2.jpg,/mnt/priorbimda-data/PriorBIMDA-Datasets/Matterport3D/v1/scans/759xd9YjKW5/undistorted_depth_images/4acd978965a24452ac39f4964cbd69c8_d0_2.png,1024,1280,406,504,1.4155678118069965,169907,0.12962875366210938,0.3805370032787323,-0.5340589880943298,1.5925699472427368,True,204624,1.0,True,,1.0,204624,1.0153138637542725,0.015197790067106037,0.8562962524344567,0.1703366634899962,log-depth Laplacian fallback,,,,0.14920424900318255,0.041409198043085474,0.2714188052340921,0.2372933776741493,0.14706447640761566,0.13695603179059862,0.13777541347906277,0.05983510181589585,5.358176534249955,0.9782469233168734,1.0,1.0,0.16661573671471394,0.05040347624870729,0.2989580485389869,0.26479398502007756,0.16131271220420274,0.15215382197551425,0.1527873546097083,0.0663547050115917,5.358176533970725,0.9648042752800061,1.0,1.0,0.16661573671471394,0.05040347624870729,0.2989580485389869,0.26479398502007756,0.16131271220420274,0.15215382197551425,0.1527873546097083,0.0663547050115917,5.358176533970725,0.9648042752800061,1.0,1.0,0.15686822905916029,0.0500533613937038,0.30670242839681744,0.25551232078631975,0.15602037022881102,0.1433401423349722,0.14390727879482595,0.062498137086305756,6.161135870702067,0.8640020717215888,1.0,1.0,0.04299758251907636,0.004726349114630381,0.08762816224380224,0.06930690354805619,0.05658287537139682,-0.018182854708061,0.043949335609622664,0.019086953938573223,5.358176536808552,0.9972632086965222,1.0,1.0,0.008144116960465908,0.05658181570470333,0.0173571752384305,ok,
759xd9YjKW5,4acd978965a24452ac39f4964cbd69c8,4acd978965a24452ac39f4964cbd69c8_i0_3,0,3,/mnt/priorbimda-data/PriorBIMDA-Datasets/Matterport3D/v1/scans/759xd9YjKW5/undistorted_color_images/4acd978965a24452ac39f4964cbd69c8_i0_3.jpg,/mnt/priorbimda-data/PriorBIMDA-Datasets/Matterport3D/v1/scans/759xd9YjKW5/undistorted_depth_images/4acd978965a24452ac39f4964cbd69c8_d0_3.png,1024,1280,406,504,1.4155678118069965,504174,0.38465423583984376,0.3670949935913086,-0.5285109877586365,1.59306001663208,True,204624,1.0,True,,1.0,204624,1.1063587665557861,0.101074232557331,1.0373068749227852,0.064446421414418,log-depth Laplacian fallback,,,,0.05680787016669267,0.00776437869402806,0.12497636165717313,0.09994663446103064,0.06814217194447292,-0.03463659909239878,0.058370783164646674,0.025350109032777287,5.868271977867549,0.9993038117792666,1.0,1.0,0.07568174126216813,0.0122744635212299,0.1356827516110861,0.10943141618192127,0.08864322161832078,0.0664376335945337,0.07166826755135079,0.031125133125117523,5.868271961347072,0.9962929464827619,1.0,1.0,0.07568174126216813,0.0122744635212299,0.1356827516110861,0.10943141618192127,0.08864322161832078,0.0664376335945337,0.07166826755135079,0.031125133125117523,5.868271961347072,0.9962929464827619,1.0,1.0,0.0684746290900336,0.010448519991527398,0.12426899198539516,0.09801522707824897,0.08232587382247174,0.0592541329258307,0.06502926207023652,0.02824184967934417,5.715327839976919,0.996975250607925,1.0,1.0,0.04792655415619797,0.005350335129191312,0.09549453710982934,0.07603495981824192,0.05871649376467728,0.0019912408899011524,0.04762215501633005,0.020682039139933408,5.868271977111978,0.9978876340311084,1.0,1.0,0.008672408759593964,0.05905943922698498,0.016772059723734856,ok,
759xd9YjKW5,4acd978965a24452ac39f4964cbd69c8,4acd978965a24452ac39f4964cbd69c8_i0_4,0,4,/mnt/priorbimda-data/PriorBIMDA-Datasets/Matterport3D/v1/scans/759xd9YjKW5/undistorted_color_images/4acd978965a24452ac39f4964cbd69c8_i0_4.jpg,/mnt/priorbimda-data/PriorBIMDA-Datasets/Matterport3D/v1/scans/759xd9YjKW5/undistorted_depth_images/4acd978965a24452ac39f4964cbd69c8_d0_4.png,1024,1280,406,504,1.4155678118069965,1097506,0.8373306274414063,0.36518099904060364,-0.5140900015830994,1.5932999849319458,True,204624,1.0,True,,1.0,204624,1.1956751346588135,0.17871099209181626,1.1815292815246246,0.01190139140697094,log-depth Laplacian fallback,,,,0.1533688769862676,0.04643864981894282,0.3139441528648351,0.2964282195961496,0.1694531147144875,-0.1668854145062297,0.16691659184697616,0.07249095477723907,2.938735291796722,0.9710261265086478,1.0,1.0,0.02515588477677421,0.0018604277897913812,0.05988246139396731,0.04558575464455505,0.0316774493599592,0.011825577570285841,0.024859597959974805,0.01079638621635038,2.9387352944454386,0.9999134401087557,1.0,1.0,0.02515588477677421,0.0018604277897913812,0.05988246139396731,0.04558575464455505,0.0316774493599592,0.011825577570285841,0.024859597959974805,0.01079638621635038,2.9387352944454386,0.9999134401087557,1.0,1.0,0.02280223225298372,0.0015711335653693726,0.05634100613750335,0.042288099392048785,0.02871124276146142,0.008213036594207862,0.022596442559751143,0.009813510314343717,2.7511479255208604,0.999969931827252,1.0,1.0,0.02269175475125888,0.0015135698071858511,0.054175881395128966,0.040416191866887455,0.029387450763625183,-7.581212957440094e-05,0.02267579842131492,0.00984797412712754,2.938735297548086,0.999970842984002,1.0,1.0,0.008326687850058079,0.05722652096301317,0.016937091946601868,ok,
759xd9YjKW5,4acd978965a24452ac39f4964cbd69c8,4acd978965a24452ac39f4964cbd69c8_i0_5,0,5,/mnt/priorbimda-data/PriorBIMDA-Datasets/Matterport3D/v1/scans/759xd9YjKW5/undistorted_color_images/4acd978965a24452ac39f4964cbd69c8_i0_5.jpg,/mnt/priorbimda-data/PriorBIMDA-Datasets/Matterport3D/v1/scans/759xd9YjKW5/undistorted_depth_images/4acd978965a24452ac39f4964cbd69c8_d0_5.png,1024,1280,406,504,1.4155678118069965,1244402,0.9494033813476562,0.3767099976539612,-0.5052160024642944,1.59306001663208,True,204624,1.0,True,,1.0,204624,1.044925332069397,0.043945430298747826,1.0520126618700953,0.006759719942527741,log-depth Laplacian fallback,,,,0.05911579118191957,0.00754588956298185,0.10833983652619698,0.09634421178430774,0.07546945912556213,-0.058362526470400536,0.06179336156304362,0.0268365159450824,4.784824724790544,0.9999927676104667,1.0,1.0,0.03798815987024473,0.004017025024654401,0.08866516665688659,0.06900186720803418,0.04997306688802961,-0.014417096154349478,0.03864009802332249,0.016781181351729704,4.784824712224809,0.9999630344534965,1.0,1.0,0.03798815987024473,0.004017025024654401,0.08866516665688659,0.06900186720803418,0.04997306688802961,-0.014417096154349478,0.03864009802332249,0.016781181351729704,4.784824712224809,0.9999630344534965,1.0,1.0,0.032326298902917425,0.002966814860135269,0.07313204698469476,0.055907883003451855,0.04449111112231759,-0.01730023373912815,0.03297769424429741,0.014322030636190992,4.098976556983395,0.9999799100290742,1.0,1.0,0.03784988478696378,0.004112527989046371,0.09308355790248263,0.07143355686374767,0.048457093167798934,-0.0076573571087952,0.03824600702089261,0.01661002980400669,4.784824720280911,0.9999590164593114,1.0,1.0,0.008125961758196354,0.05711222440004349,0.017007877118885517,ok,
759xd9YjKW5,4acd978965a24452ac39f4964cbd69c8,4acd978965a24452ac39f4964cbd69c8_i1_0,1,0,/mnt/priorbimda-data/PriorBIMDA-Datasets/Matterport3D/v1/scans/759xd9YjKW5/undistorted_color_images/4acd978965a24452ac39f4964cbd69c8_i1_0.jpg,/mnt/priorbimda-data/PriorBIMDA-Datasets/Matterport3D/v1/scans/759xd9YjKW5/undistorted_depth_images/4acd978965a24452ac39f4964cbd69c8_d1_0.png,1024,1280,406,504,1.4121168655554452,620289,0.47324295043945314,0.382423996925354,-0.5179250240325928,1.6259900331497192,True,204624,1.0,True,,1.0,204624,1.1736942529678345,0.16015625560333474,1.1466787447702997,0.023286539711698973,log-depth Laplacian fallback,,,,0.1614829313821251,0.09057905760712207,0.4932053749803295,0.31766428270515146,0.25084785366315987,-0.18793361649878498,0.1879508778547357,0.08162602912118382,16.614933486806887,0.8123149048266212,0.9583033070068951,0.9598541969952715,0.08229841476343948,0.04689446968174078,0.3788466032287079,0.16604606010912507,0.16845528556477096,-0.027777361042283094,0.09210208353212364,0.039999426649793654,16.614933478119973,0.9082202005839214,0.9590739155458181,0.9799448321669415,0.08229841476343948,0.04689446968174078,0.3788466032287079,0.16604606010912507,0.16845528556477096,-0.027777361042283094,0.09210208353212364,0.039999426649793654,16.614933478119973,0.9082202005839214,0.9590739155458181,0.9799448321669415,0.08452762666893932,0.04876226119939009,0.3845601215090095,0.1703803277024488,0.17295462662281424,-0.03180886442726831,0.0950284410006299,0.04127032755044229,17.000440880778577,0.8513644446379026,0.9587869525334158,0.9773315341719747,0.07699070319211042,0.04906637157154785,0.38840653825990074,0.16258272513528343,0.17381924123345582,-0.051063951702812804,0.08863415608272339,0.038493324894878306,16.614933481500042,0.8485173846384508,0.9585644755912164,0.9736058514660102,0.008260776288807392,0.056300340220332146,0.016433498822152615,ok,
759xd9YjKW5,4acd978965a24452ac39f4964cbd69c8,4acd978965a24452ac39f4964cbd69c8_i1_1,1,1,/mnt/priorbimda-data/PriorBIMDA-Datasets/Matterport3D/v1/scans/759xd9YjKW5/undistorted_color_images/4acd978965a24452ac39f4964cbd69c8_i1_1.jpg,/mnt/priorbimda-data/PriorBIMDA-Datasets/Matterport3D/v1/scans/759xd9YjKW5/undistorted_depth_images/4acd978965a24452ac39f4964cbd69c8_d1_1.png,1024,1280,406,504,1.4121168655554452,179485,0.13693618774414062,0.38288500905036926,-0.5213950276374817,1.6259299516677856,True,204624,1.0,True,,1.0,204624,0.7757645845413208,-0.2539061752614803,1.0058860185124128,0.2597749388423857,log-depth Laplacian fallback,,,,0.04971437373157723,0.024416899262316497,0.18276574084717842,0.08183123468970822,0.10404341481516843,0.02445839662874652,0.0435858274597115,0.018929084354939937,10.112773606064822,0.9483800874724907,0.9884280023400284,0.994523219210519,0.21521102255389066,0.1279038562875523,0.5800914894711799,0.5500861818884683,0.25074509413141555,-0.22944777882923367,0.24173803453066015,0.10498549446280347,10.112773616225926,0.12799398278407667,0.995113797810402,0.9996824247151572,0.21521102255389066,0.1279038562875523,0.5800914894711799,0.5500861818884683,0.25074509413141555,-0.22944777882923367,0.24173803453066015,0.10498549446280347,10.112773616225926,0.12799398278407667,0.995113797810402,0.9996824247151572,0.22081191892941204,0.13332863328748465,0.5903122945679541,0.5609497522897341,0.25927830269826796,-0.23965759480598717,0.24954239867520975,0.10837488674554493,9.894177834415517,0.19652895785163105,0.9955929464857788,0.9998049976321141,0.04949891510018997,0.025182498788525454,0.18532301003104992,0.08034591933899006,0.1055772666654855,0.030327219257451184,0.04307971686169798,0.018709283314989902,10.112773609977392,0.9467476390784745,0.9881884280023401,0.9943003593615065,0.008097727783024311,0.05744841229170561,0.01666213385760784,ok,
759xd9YjKW5,4acd978965a24452ac39f4964cbd69c8,4acd978965a24452ac39f4964cbd69c8_i1_2,1,2,/mnt/priorbimda-data/PriorBIMDA-Datasets/Matterport3D/v1/scans/759xd9YjKW5/undistorted_color_images/4acd978965a24452ac39f4964cbd69c8_i1_2.jpg,/mnt/priorbimda-data/PriorBIMDA-Datasets/Matterport3D/v1/scans/759xd9YjKW5/undistorted_depth_images/4acd978965a24452ac39f4964cbd69c8_d1_2.png,1024,1280,406,504,1.4121168655554452,198817,0.15168533325195313,0.3801119923591614,-0.5235289931297302,1.6259900331497192,True,204624,1.0,True,,1.0,204624,0.8363476395606995,-0.17871091553849905,1.0085869285434708,0.18726118611448067,log-depth Laplacian fallback,,,,0.0980757135194631,0.02044876542965962,0.16046439765883685,0.12814674013572375,0.11483155852268669,0.024973740727618828,0.09367871778842404,0.04068415020728457,11.208300097168568,0.9846894380259233,0.9948595945014762,0.9971380716940704,0.14623442175656579,0.056582056545772974,0.33920297475663935,0.27686354494657506,0.19025697885357848,-0.15373717482031424,0.161403031729568,0.07009644604260687,11.208300085543366,0.6666079862386013,0.9965747395846432,1.0,0.14623442175656579,0.056582056545772974,0.33920297475663935,0.27686354494657506,0.19025697885357848,-0.15373717482031424,0.161403031729568,0.07009644604260687,11.208300085543366,0.6666079862386013,0.9965747395846432,1.0,0.1465765971039559,0.05720892838378931,0.33006645927982436,0.26958283270567435,0.19962596257038712,-0.15652833229548968,0.1633395684620095,0.07093747325950917,12.389272020964896,0.662061091355367,0.9967004833590689,1.0,0.09869499259390177,0.021068196257827156,0.1604924414610553,0.12569241334343226,0.11698912532080671,0.033523966673138644,0.09345712318887402,0.04058791289548042,11.20830009494112,0.9828837574251699,0.9947087019721653,0.9970072981686676,0.007661615498363972,0.06178915034979582,0.016978287138044834,ok,
759xd9YjKW5,4acd978965a24452ac39f4964cbd69c8,4acd978965a24452ac39f4964cbd69c8_i1_3,1,3,/mnt/priorbimda-data/PriorBIMDA-Datasets/Matterport3D/v1/scans/759xd9YjKW5/undistorted_color_images/4acd978965a24452ac39f4964cbd69c8_i1_3.jpg,/mnt/priorbimda-data/PriorBIMDA-Datasets/Matterport3D/v1/scans/759xd9YjKW5/undistorted_depth_images/4acd978965a24452ac39f4964cbd69c8_d1_3.png,1024,1280,406,504,1.4121168655554452,759150,0.5791854858398438,0.3768779933452606,-0.5221949815750122,1.626099944114685,True,204624,1.0,True,,1.0,204624,1.1123170852661133,0.10644530380185499,1.0896249300020648,0.02061176769264418,log-depth Laplacian fallback,,,,0.08077158699673176,0.013138722158750834,0.16764228171124818,0.15301559608153642,0.09542551440576533,-0.08132009864757413,0.0848514559025213,0.036850519079922116,4.993065546889745,0.9983718632681289,0.9996193110715932,1.0,0.04349265191010831,0.012184279286397367,0.21894698360599205,0.1392184302586698,0.05589585217192651,0.02512520511780433,0.04219347718021602,0.018324394311678604,4.993065549153266,0.9945425805176843,0.99958769676612,1.0,0.04349265191010831,0.012184279286397367,0.21894698360599205,0.1392184302586698,0.05589585217192651,0.02512520511780433,0.04219347718021602,0.018324394311678604,4.993065549153266,0.9945425805176843,0.99958769676612,1.0,0.04161307301626383,0.011236363496900128,0.20832621238919308,0.13328604934668262,0.05402758036197445,0.026287569299867967,0.04035608258632328,0.01752642397847212,4.720109257288698,0.9947520252914444,0.9996021866561285,1.0,0.04058803261666678,0.007895384628757445,0.16940663268785625,0.10883535232726414,0.05013423053993584,0.004513393214459087,0.040145987580966914,0.0174351808769704,4.993065544856297,0.995642494895607,0.9996127247579529,1.0,0.00868670828640461,0.05839151982218027,0.016466550529003143,ok,
759xd9YjKW5,4acd978965a24452ac39f4964cbd69c8,4acd978965a24452ac39f4964cbd69c8_i1_4,1,4,/mnt/priorbimda-data/PriorBIMDA-Datasets/Matterport3D/v1/scans/759xd9YjKW5/undistorted_color_images/4acd978965a24452ac39f4964cbd69c8_i1_4.jpg,/mnt/priorbimda-data/PriorBIMDA-Datasets/Matterport3D/v1/scans/759xd9YjKW5/undistorted_depth_images/4acd978965a24452ac39f4964cbd69c8_d1_4.png,1024,1280,406,504,1.4121168655554452,1158595,0.8839378356933594,0.37641799449920654,-0.5187249779701233,1.6261600255966187,True,204624,1.0,True,,1.0,204624,1.0459461212158203,0.044921854962178556,1.0776659739706922,0.029875712338930674,log-depth Laplacian fallback,,,,0.07468380254044511,0.04036614229222562,0.4648624012975337,0.35557279196648944,0.09123052767406804,-0.0678655803448032,0.07708358431457883,0.033476975313145654,6.096943647559781,0.9927429343299428,0.9970084455741652,0.9999991368856244,0.04382892277325238,0.024045051648997885,0.35522681413081847,0.1979206936023126,0.06514358538119479,-0.022943725261187542,0.04363967688001065,0.01895247086102954,6.096943650269502,0.9905290459565249,0.996164319714827,0.9999844639412392,0.04382892277325238,0.024045051648997885,0.35522681413081847,0.1979206936023126,0.06514358538119479,-0.022943725261187542,0.04363967688001065,0.01895247086102954,6.096943650269502,0.9905290459565249,0.996164319714827,0.9999844639412392,0.042094552172609774,0.022826989597315127,0.3453784487454968,0.19134479849419786,0.06358437750246657,-0.024104660288598534,0.04190751160122329,0.01820020103870778,5.883823939197566,0.9908294097592343,0.9961746770873342,0.9999844639412392,0.03763870083430293,0.022606120614233997,0.338703354987129,0.14957204019593928,0.06136223595366969,0.006931941522028376,0.036266381727772135,0.015750289462968362,6.096943650690084,0.9889279687897842,0.9957750551314307,0.9996754689947739,0.008275366388261318,0.05946674104779959,0.01671795267611742,ok,
759xd9YjKW5,4acd978965a24452ac39f4964cbd69c8,4acd978965a24452ac39f4964cbd69c8_i1_5,1,5,/mnt/priorbimda-data/PriorBIMDA-Datasets/Matterport3D/v1/scans/759xd9YjKW5/undistorted_color_images/4acd978965a24452ac39f4964cbd69c8_i1_5.jpg,/mnt/priorbimda-data/PriorBIMDA-Datasets/Matterport3D/v1/scans/759xd9YjKW5/undistorted_depth_images/4acd978965a24452ac39f4964cbd69c8_d1_5.png,1024,1280,406,504,1.4121168655554452,1219100,0.9300994873046875,0.37919101119041443,-0.5165910124778748,1.626099944114685,True,204624,1.0,True,,1.0,204624,0.9900401830673218,-0.01000974772032018,0.9707719554414309,0.01965394591746055,log-depth Laplacian fallback,,,,0.05306852149957126,0.05536943909963201,0.3771848029133824,0.16509237041818373,0.10160279614476614,0.043085901360806075,0.04638833287479027,0.020146196992212626,9.201485362897554,0.9819063243376261,0.9898441473217948,0.9950324009515216,0.04622584758391205,0.05167913075430248,0.36125310207929956,0.14169702301501796,0.09777916555786957,0.0330761535848863,0.040040324909133056,0.017389292161649805,9.20148535901801,0.9823172832417357,0.9904560741530637,0.9952112213928308,0.04622584758391205,0.05167913075430248,0.36125310207929956,0.14169702301501796,0.09777916555786957,0.0330761535848863,0.040040324909133056,0.017389292161649805,9.20148535901801,0.9823172832417357,0.9904560741530637,0.9952112213928308,0.04796157819482441,0.0516780641036154,0.35829261323480327,0.14569902629586712,0.09815282192862339,0.028957225801475642,0.041812480524449136,0.018158929566455446,9.378408994298768,0.982478877860717,0.9911073742925108,0.9952194241653679,0.04094599744450429,0.046819334695773755,0.34226011984302956,0.12681954325707334,0.09298865153931084,0.013422221029425243,0.03560077935594076,0.015461222025740289,9.201485367991753,0.9828914773193339,0.9913157247149537,0.9954482815191534,0.007911724969744682,0.05784718133509159,0.01672963984310627,ok,
759xd9YjKW5,4acd978965a24452ac39f4964cbd69c8,4acd978965a24452ac39f4964cbd69c8_i2_0,2,0,/mnt/priorbimda-data/PriorBIMDA-Datasets/Matterport3D/v1/scans/759xd9YjKW5/undistorted_color_images/4acd978965a24452ac39f4964cbd69c8_i2_0.jpg,/mnt/priorbimda-data/PriorBIMDA-Datasets/Matterport3D/v1/scans/759xd9YjKW5/undistorted_depth_images/4acd978965a24452ac39f4964cbd69c8_d2_0.png,1024,1280,406,504,1.4165615917841592,581852,0.4439178466796875,0.3922080099582672,-0.5116080045700073,1.6590299606323242,True,204624,1.0,True,,1.0,204624,1.0639748573303223,0.06201176031160754,1.0165394081770847,0.04560763847993598,log-depth Laplacian fallback,,,,0.051162932570154335,0.04823289276900672,0.4081123792513186,0.13931861564682052,0.16272063565764966,-0.05243104360840052,0.061750423072204554,0.02681786799544969,15.4042172585833,0.9321889415177743,0.950740050734551,0.9779480005224697,0.07477595119274777,0.04551217056224249,0.38887913554204834,0.17769533414042424,0.15433982335472354,0.009580716336408439,0.08189666347793101,0.03556726903475301,15.404217262700673,0.9367691440435024,0.9512865814674522,0.9883819253005919,0.07477595119274777,0.04551217056224249,0.38887913554204834,0.17769533414042424,0.15433982335472354,0.009580716336408439,0.08189666347793101,0.03556726903475301,15.404217262700673,0.9367691440435024,0.9512865814674522,0.9883819253005919,0.07300602423326653,0.046336781410110384,0.3928838638284534,0.1749475460679076,0.15626305313164948,0.006145332660699205,0.08045824496852871,0.03494257181345207,15.614216810494868,0.9354973429669401,0.9512384592645553,0.9881241277850725,0.048965456646828796,0.04616656869309006,0.39989106345706815,0.1331621061901403,0.15819900993405023,-0.03602687626653452,0.058740167200533676,0.02551053048126618,15.40421725716355,0.9334848036957852,0.9510803434550367,0.9822824360834026,0.009326218627393246,0.05716190580278635,0.016442595049738884,ok,
759xd9YjKW5,4acd978965a24452ac39f4964cbd69c8,4acd978965a24452ac39f4964cbd69c8_i2_1,2,1,/mnt/priorbimda-data/PriorBIMDA-Datasets/Matterport3D/v1/scans/759xd9YjKW5/undistorted_color_images/4acd978965a24452ac39f4964cbd69c8_i2_1.jpg,/mnt/priorbimda-data/PriorBIMDA-Datasets/Matterport3D/v1/scans/759xd9YjKW5/undistorted_depth_images/4acd978965a24452ac39f4964cbd69c8_d2_1.png,1024,1280,406,504,1.4165615917841592,194844,0.1486541748046875,0.39412200450897217,-0.5260300040245056,1.6587899923324585,True,204624,1.0,True,,1.0,204624,1.0902704000473022,0.08642573891381691,1.0504397840519784,0.03721682047992655,log-depth Laplacian fallback,,,,0.04736040750568151,0.0038629315624022294,0.07658473519660867,0.07146017742150619,0.05211265896376834,-0.047097243928648024,0.048548731628424976,0.021084446249626843,2.230647526166902,0.9988247007862701,0.9998665599145984,1.0,0.040730052947632565,0.0033432924460735287,0.07186492787161355,0.06254812501515755,0.04521403923265261,0.03932849497531927,0.03969675135009018,0.017240080060829627,2.2306474995124987,0.9985578206154667,0.9996920613413808,0.999984603067069,0.040730052947632565,0.0033432924460735287,0.07186492787161355,0.06254812501515755,0.04521403923265261,0.03932849497531927,0.03969675135009018,0.017240080060829627,2.2306474995124987,0.9985578206154667,0.9996920613413808,0.999984603067069,0.034031440963116125,0.0026189509731748876,0.06211309529566734,0.05041930280871006,0.04092566939799668,0.032828677201651016,0.03318328176938475,0.014411316163884571,2.4437437853914243,0.9985475559935127,0.9996971936523578,0.999984603067069,0.013198344332084739,0.0007749969146373459,0.03266025843292006,0.019608729322881067,0.022406209184643606,0.0021117226011363476,0.013051997530265829,0.005668410505209321,2.2306475241101125,0.9989735378046026,0.9997844429389665,1.0,0.009034358896315098,0.05702944565564394,0.017044654116034508,ok,
759xd9YjKW5,4acd978965a24452ac39f4964cbd69c8,4acd978965a24452ac39f4964cbd69c8_i2_2,2,2,/mnt/priorbimda-data/PriorBIMDA-Datasets/Matterport3D/v1/scans/759xd9YjKW5/undistorted_color_images/4acd978965a24452ac39f4964cbd69c8_i2_2.jpg,/mnt/priorbimda-data/PriorBIMDA-Datasets/Matterport3D/v1/scans/759xd9YjKW5/undistorted_depth_images/4acd978965a24452ac39f4964cbd69c8_d2_2.png,1024,1280,406,504,1.4165615917841592,453187,0.34575424194335935,0.3825939893722534,-0.5349040031433105,1.6590299606323242,True,204624,1.0,True,,1.0,204624,1.0817859172821045,0.07861330251327818,1.008411665406745,0.07023681801497908,log-depth Laplacian fallback,,,,0.021884706692492945,0.0017396479967589711,0.05082455264923952,0.034260930153868545,0.03154420204368928,-0.004486791448370171,0.021730963747137486,0.00943763764182142,3.1223474903859167,0.9990555774989133,0.9995564744796298,0.9997374152391838,0.07750810103457197,0.011791412452369199,0.1408467833140681,0.12453352146320903,0.08043410346704798,0.07412651088080259,0.07412895384294985,0.03219379560325396,3.12234749056865,0.9985590937074541,0.9993622941523036,0.9996645976164364,0.07750810103457197,0.011791412452369199,0.1408467833140681,0.12453352146320903,0.08043410346704798,0.07412651088080259,0.07412895384294985,0.03219379560325396,3.12234749056865,0.9985590937074541,0.9993622941523036,0.9996645976164364,0.06916039125854703,0.009927108455867875,0.12879005762426776,0.11001463118529557,0.0741843139819423,0.06624160663013118,0.0662824561674475,0.028786104960516617,3.3397035677292695,0.9985259947880235,0.9993600875576749,0.9996645976164364,0.02056185058803649,0.0017990042978713466,0.05226763342338747,0.03250986089766648,0.031464820717445656,0.003889673706219647,0.020232259821209905,0.008786758796784335,3.1223474842498566,0.9990004126331956,0.9995233755601992,0.9997330020499264,0.008538755588233471,0.05736428778618574,0.0165080726146698,ok,
759xd9YjKW5,4acd978965a24452ac39f4964cbd69c8,4acd978965a24452ac39f4964cbd69c8_i2_3,2,3,/mnt/priorbimda-data/PriorBIMDA-Datasets/Matterport3D/v1/scans/759xd9YjKW5/undistorted_color_images/4acd978965a24452ac39f4964cbd69c8_i2_3.jpg,/mnt/priorbimda-data/PriorBIMDA-Datasets/Matterport3D/v1/scans/759xd9YjKW5/undistorted_depth_images/4acd978965a24452ac39f4964cbd69c8_d2_3.png,1024,1280,406,504,1.4165615917841592,1033563,0.7885459899902344,0.3691509962081909,-0.5293560028076172,1.6595200300216675,True,204624,1.0,True,,1.0,204624,1.1150360107421875,0.10888670102032173,1.0527152460248816,0.05751392606779742,log-depth Laplacian fallback,,,,0.049948740214415345,0.0068983314955495326,0.1174972302669331,0.09329699566636203,0.05936866427310783,-0.045818368154847064,0.05098613621247296,0.022142997610644578,3.7753350012944367,0.9959508999451412,0.9989395905232675,1.0,0.06608858889968025,0.015434309120511172,0.20042396108245905,0.1481976375228117,0.07350462604375466,0.0630683328928822,0.06324271934164814,0.027465964030633838,3.7753349996322285,0.9933443824904723,0.9978840186810093,0.9999961298924207,0.06608858889968025,0.015434309120511172,0.20042396108245905,0.1481976375228117,0.07350462604375466,0.0630683328928822,0.06324271934164814,0.027465964030633838,3.7753349996322285,0.9933443824904723,0.9978840186810093,0.9999961298924207,0.06596642647180982,0.015629599039011618,0.20099975575185597,0.14763367043382383,0.07407275811817264,0.06291110591694328,0.06307234227058416,0.027391970208827894,3.910199799934084,0.9932969736726257,0.9978240320135299,0.9999961298924207,0.02111092358914933,0.004567199275628179,0.10730677318029641,0.04834242458614264,0.03815976230597215,0.005554459560382476,0.0205003664618676,0.008903196031383592,3.775335002672437,0.9951536577838023,0.9986125664328154,1.0,0.008140044286847115,0.056811743415892124,0.016790715977549553,ok,
759xd9YjKW5,4acd978965a24452ac39f4964cbd69c8,4acd978965a24452ac39f4964cbd69c8_i2_4,2,4,/mnt/priorbimda-data/PriorBIMDA-Datasets/Matterport3D/v1/scans/759xd9YjKW5/undistorted_color_images/4acd978965a24452ac39f4964cbd69c8_i2_4.jpg,/mnt/priorbimda-data/PriorBIMDA-Datasets/Matterport3D/v1/scans/759xd9YjKW5/undistorted_depth_images/4acd978965a24452ac39f4964cbd69c8_d2_4.png,1024,1280,406,504,1.4165615917841592,1206375,0.9203910827636719,0.36723798513412476,-0.5149340033531189,1.6597599983215332,True,204624,1.0,True,,1.0,204624,1.1691184043884277,0.15624996426275067,1.0992974083248888,0.061578708231402546,log-depth Laplacian fallback,,,,0.08866625611645859,0.0205683706338143,0.2155615332573844,0.1962436636185698,0.10128205342749676,-0.08461040064662945,0.0924813765795705,0.040164151527324075,5.566987020738557,0.9938352502331365,0.9982517873795461,0.9997538078955549,0.07655592965087928,0.025853229327365085,0.27019933699110193,0.19558546538160768,0.09072685132377097,0.0716395636942468,0.07212373776144654,0.031322941324033425,5.566987035033939,0.9851306600352295,0.9965019168998032,0.9994902082685732,0.07655592965087928,0.025853229327365085,0.27019933699110193,0.19558546538160768,0.09072685132377097,0.0716395636942468,0.07212373776144654,0.031322941324033425,5.566987035033939,0.9851306600352295,0.9965019168998032,0.9994902082685732,0.07762122682204978,0.027393009434991244,0.2773016219850921,0.19910118735519644,0.09343979694338514,0.07249554894795791,0.07291318606889031,0.03166579436770419,5.8952447239748125,0.9843324007874832,0.9963560252823541,0.9992589368977308,0.03421684981389149,0.0094973906566223,0.15273995327643816,0.082891861108656,0.05657168183872208,0.010060851677905854,0.032832282542829716,0.014258879136639419,5.566987021339978,0.9887638586674956,0.9973068075847062,0.999716506061548,0.007771779783070087,0.05825822986662388,0.016487685963511467,ok,
759xd9YjKW5,4acd978965a24452ac39f4964cbd69c8,4acd978965a24452ac39f4964cbd69c8_i2_5,2,5,/mnt/priorbimda-data/PriorBIMDA-Datasets/Matterport3D/v1/scans/759xd9YjKW5/undistorted_color_images/4acd978965a24452ac39f4964cbd69c8_i2_5.jpg,/mnt/priorbimda-data/PriorBIMDA-Datasets/Matterport3D/v1/scans/759xd9YjKW5/undistorted_depth_images/4acd978965a24452ac39f4964cbd69c8_d2_5.png,1024,1280,406,504,1.4165615917841592,1033706,0.7886550903320313,0.3787660002708435,-0.5060610175132751,1.6595200300216675,True,204624,1.0,True,,1.0,204624,1.1036609411239624,0.09863278213720884,1.0471133295910227,0.05259561389929358,log-depth Laplacian fallback,,,,0.06104425160160109,0.02670433456833539,0.2245690678466056,0.1253533740031997,0.09553211183538658,-0.042493495903484904,0.06018165476385817,0.02613656057575015,8.55610144728855,0.9728926793498345,0.9937283908577487,0.9961507430546016,0.07038251763710958,0.03886811492423656,0.2840126493686597,0.16871612301598696,0.10233428868424446,0.056139286103427576,0.06455664725017202,0.028036595670924425,8.556101446516275,0.9829032626298,0.9920083660150952,0.9955770789760338,0.07038251763710958,0.03886811492423656,0.2840126493686597,0.16871612301598696,0.10233428868424446,0.056139286103427576,0.06455664725017202,0.028036595670924425,8.556101446516275,0.9829032626298,0.9920083660150952,0.9955770789760338,0.0720533103293989,0.040622991863458975,0.2908909168072419,0.17321513593251647,0.10457206321745727,0.058166985555486155,0.06588798232118959,0.028614787145831638,8.690177326696933,0.9826391643271878,0.9919232354267074,0.9955180679999922,0.04249775056047812,0.026359677689462273,0.22091748954417534,0.08962643608409288,0.08563436577017358,0.003543643464686187,0.039410158450780094,0.0171156143461066,8.5561014439142,0.9733966911288122,0.9928954654418181,0.9958856773589396,0.007853076793253422,0.05633620731532574,0.017455758526921272,ok,
759xd9YjKW5,5764e704c4574c34b7a579260f191e7c,5764e704c4574c34b7a579260f191e7c_i0_0,0,0,/mnt/priorbimda-data/PriorBIMDA-Datasets/Matterport3D/v1/scans/759xd9YjKW5/undistorted_color_images/5764e704c4574c34b7a579260f191e7c_i0_0.jpg,/mnt/priorbimda-data/PriorBIMDA-Datasets/Matterport3D/v1/scans/759xd9YjKW5/undistorted_depth_images/5764e704c4574c34b7a579260f191e7c_d0_0.png,1024,1280,406,504,1.4155678118069965,1183144,0.902667236328125,-11.398799896240234,-12.875800132751465,1.5866199731826782,True,204624,1.0,True,,1.0,204624,1.0918687582015991,0.08789068530287146,1.0296232871031337,0.058697690637329956,log-depth Laplacian fallback,,,,0.0363631017364377,0.0019467876831474576,0.04332840680336491,0.03409338614891684,0.04593899955262564,-0.030107405993553462,0.0371230093624778,0.016122318117766873,3.469777779967299,0.998427072275226,1.0,1.0,0.06060748940652264,0.004228643112238605,0.05992505474057626,0.0521210682905736,0.06740061673909621,0.05778327921470699,0.058259071047589595,0.025301593076777668,3.469777773872195,0.9968896431879805,1.0,1.0,0.06060748940652264,0.004228643112238605,0.05992505474057626,0.0521210682905736,0.06740061673909621,0.05778327921470699,0.058259071047589595,0.025301593076777668,3.469777773872195,0.9968896431879805,1.0,1.0,0.05722250949694062,0.0038149561874786294,0.05648487406167811,0.048897464439185925,0.06444767776485738,0.054882283536656015,0.05507194342284142,0.023917441136228106,3.378517608485989,0.9967451130209003,1.0,1.0,0.025932906070937546,0.0011276396378919397,0.03183271880100608,0.023519156423479976,0.034709825170651694,-0.0009144279359262589,0.025828117276120974,0.011217008810969398,3.4697777809640833,0.9982326749744748,1.0,1.0,0.008296186104416847,0.0602921349927783,0.017454500310122967,ok,
759xd9YjKW5,5764e704c4574c34b7a579260f191e7c,5764e704c4574c34b7a579260f191e7c_i0_1,0,1,/mnt/priorbimda-data/PriorBIMDA-Datasets/Matterport3D/v1/scans/759xd9YjKW5/undistorted_color_images/5764e704c4574c34b7a579260f191e7c_i0_1.jpg,/mnt/priorbimda-data/PriorBIMDA-Datasets/Matterport3D/v1/scans/759xd9YjKW5/undistorted_depth_images/5764e704c4574c34b7a579260f191e7c_d0_1.png,1024,1280,406,504,1.4155678118069965,1211894,0.9246017456054687,-11.411800384521484,-12.869400024414062,1.5866700410842896,True,204624,1.0,True,,1.0,204624,1.1237813234329224,0.11669918043784241,1.0761768995288588,0.04328432744463498,log-depth Laplacian fallback,,,,0.06830925018265684,0.0064377936922708654,0.08659295174703475,0.07823618850180576,0.08056973589760173,-0.0599686282588973,0.07101968929147913,0.030843459165772833,5.380748988157204,0.9986318935484456,1.0,1.0,0.06507011782785377,0.007283443119382953,0.0923657035663473,0.07432039897207757,0.07818952313530428,0.056730552206122706,0.062032571863385795,0.026940403658535374,5.380748994809801,0.9925645312213774,1.0,1.0,0.06507011782785377,0.007283443119382953,0.0923657035663473,0.07432039897207757,0.07818952313530428,0.056730552206122706,0.062032571863385795,0.026940403658535374,5.380748994809801,0.9925645312213774,1.0,1.0,0.06409459700188944,0.007056766543410394,0.08860260710840716,0.07131674482542244,0.07843975041682363,0.053668387766889696,0.061169655233819425,0.02656564372797214,5.720575670294335,0.9939392389103338,0.9999991748453247,1.0,0.03862204559131866,0.0031350198474193016,0.056178272906668866,0.03981542254001163,0.0554621175927532,0.013446208252407063,0.037674230671123694,0.016361710490419262,5.380748992013365,0.9971193850287237,1.0,1.0,0.008027384988963604,0.06407202687114477,0.01746023166924715,ok,
759xd9YjKW5,5764e704c4574c34b7a579260f191e7c,5764e704c4574c34b7a579260f191e7c_i0_2,0,2,/mnt/priorbimda-data/PriorBIMDA-Datasets/Matterport3D/v1/scans/759xd9YjKW5/undistorted_color_images/5764e704c4574c34b7a579260f191e7c_i0_2.jpg,/mnt/priorbimda-data/PriorBIMDA-Datasets/Matterport3D/v1/scans/759xd9YjKW5/undistorted_depth_images/5764e704c4574c34b7a579260f191e7c_d0_2.png,1024,1280,406,504,1.4155678118069965,1244232,0.949273681640625,-11.4128999710083,-12.854900360107422,1.5868899822235107,True,204624,1.0,True,,1.0,204624,1.2015275955200195,0.18359374348787263,1.2108454278817962,0.007725072871818395,log-depth Laplacian fallback,,,,0.1741002595880604,0.04123337941798988,0.23352778145210454,0.22811311532969403,0.20649178390153916,-0.19352795465331632,0.19383720997095646,0.0841824306779084,7.201241272547315,0.6101338014132413,1.0,1.0,0.05980741224036482,0.008643229639149855,0.12781738612431168,0.08916190332722562,0.0726944024875487,-0.009934211176595936,0.060015638489065375,0.0260644606237015,7.201241282807098,1.0,1.0,1.0,0.05980741224036482,0.008643229639149855,0.12781738612431168,0.08916190332722562,0.0726944024875487,-0.009934211176595936,0.060015638489065375,0.0260644606237015,7.201241282807098,1.0,1.0,1.0,0.05328368646655421,0.0068402884047571826,0.11143201890950907,0.0764690630946026,0.06744188499482048,-0.013908945790600797,0.05380395934659446,0.02336676264877287,6.599203799435749,1.0,1.0,1.0,0.06005154158560665,0.009189007211429581,0.13425616670662174,0.09248291050105319,0.07204628873543197,-0.0022091031719960047,0.05979708358994293,0.025969543437019692,7.20124127058989,0.9999855332446039,1.0,1.0,0.008248544298112392,0.05714976787567139,0.01753423735499382,ok,
759xd9YjKW5,5764e704c4574c34b7a579260f191e7c,5764e704c4574c34b7a579260f191e7c_i0_3,0,3,/mnt/priorbimda-data/PriorBIMDA-Datasets/Matterport3D/v1/scans/759xd9YjKW5/undistorted_color_images/5764e704c4574c34b7a579260f191e7c_i0_3.jpg,/mnt/priorbimda-data/PriorBIMDA-Datasets/Matterport3D/v1/scans/759xd9YjKW5/undistorted_depth_images/5764e704c4574c34b7a579260f191e7c_d0_3.png,1024,1280,406,504,1.4155678118069965,1250163,0.9537986755371094,-11.400799751281738,-12.846799850463867,1.5870599746704102,True,204624,1.0,True,,1.0,204624,1.1420358419418335,0.13281249597934502,1.1342898239365593,0.006805746664304002,log-depth Laplacian fallback,,,,0.11940516422119267,0.0206653088942399,0.17939622345113176,0.16808883932968932,0.13191593895685144,-0.12769371722521877,0.127702687231374,0.05546057238880261,3.310784698638102,0.9995616571599063,1.0,1.0,0.027969193249339604,0.0016041212654796426,0.05016520890030611,0.040226710389609545,0.0335012151778767,0.005118778627428023,0.027866218880259478,0.012102145091204906,3.3107846860793924,1.0,1.0,1.0,0.027969193249339604,0.0016041212654796426,0.05016520890030611,0.040226710389609545,0.0335012151778767,0.005118778627428023,0.027866218880259478,0.012102145091204906,3.3107846860793924,1.0,1.0,1.0,0.025795775563938812,0.0013745620932508686,0.04640803929651779,0.03667561061770791,0.03181934719622363,-0.00024568425690100343,0.025858178474617428,0.011230064223595798,3.1818398690690515,1.0,1.0,1.0,0.027347037970287282,0.0014673304283291447,0.04743335894762021,0.038380749916532064,0.03315079611815136,-0.001686935474877928,0.027431788934458922,0.011913474562970204,3.31078469848288,1.0,1.0,1.0,0.008177579380571842,0.05776046682149172,0.017474750988185406,ok,
759xd9YjKW5,5764e704c4574c34b7a579260f191e7c,5764e704c4574c34b7a579260f191e7c_i0_4,0,4,/mnt/priorbimda-data/PriorBIMDA-Datasets/Matterport3D/v1/scans/759xd9YjKW5/undistorted_color_images/5764e704c4574c34b7a579260f191e7c_i0_4.jpg,/mnt/priorbimda-data/PriorBIMDA-Datasets/Matterport3D/v1/scans/759xd9YjKW5/undistorted_depth_images/5764e704c4574c34b7a579260f191e7c_d0_4.png,1024,1280,406,504,1.4155678118069965,1244173,0.9492286682128906,-11.387700080871582,-12.853099822998047,1.5870200395584106,True,204624,1.0,True,,1.0,204624,1.0924019813537598,0.08837892437790622,1.0730947799485173,0.017832132898286737,log-depth Laplacian fallback,,,,0.061774015669063244,0.006097687513476362,0.08465000940781063,0.07475469895035336,0.07745843066359984,-0.0610481980872205,0.06461669357167799,0.028062673457013087,4.767521359334628,1.0,1.0,1.0,0.0438506294920429,0.006355704442748588,0.11454990914360999,0.07772235825413028,0.05495356764402295,0.027330726357571698,0.04261792271767058,0.018508728666463574,4.767521361854335,0.9998657742934464,1.0,1.0,0.0438506294920429,0.006355704442748588,0.11454990914360999,0.07772235825413028,0.05495356764402295,0.027330726357571698,0.04261792271767058,0.018508728666463574,4.767521361854335,0.9998657742934464,1.0,1.0,0.03788384696233199,0.004848134454342531,0.10000917716008768,0.06706821856883886,0.048188912712958776,0.02440788767313811,0.036928541892801765,0.016037861968776875,4.155028673538405,0.9999887475455583,1.0,1.0,0.0390821029106427,0.0044076692579977155,0.09339057427590042,0.06502971021018572,0.048612223854243575,0.009498542743705011,0.03857775989311457,0.016754108245768236,4.7675213620927765,0.9999879437988125,1.0,1.0,0.00829174555838108,0.059524087235331535,0.01742897741496563,ok,
759xd9YjKW5,5764e704c4574c34b7a579260f191e7c,5764e704c4574c34b7a579260f191e7c_i0_5,0,5,/mnt/priorbimda-data/PriorBIMDA-Datasets/Matterport3D/v1/scans/759xd9YjKW5/undistorted_color_images/5764e704c4574c34b7a579260f191e7c_i0_5.jpg,/mnt/priorbimda-data/PriorBIMDA-Datasets/Matterport3D/v1/scans/759xd9YjKW5/undistorted_depth_images/5764e704c4574c34b7a579260f191e7c_d0_5.png,1024,1280,406,504,1.4155678118069965,1230280,0.938629150390625,-11.386699676513672,-12.867600440979004,1.5867999792099,True,204624,1.0,True,,1.0,204624,1.0505527257919312,0.04931643118277683,0.9982634191233228,0.051054521663977996,log-depth Laplacian fallback,,,,0.05482074583426413,0.006850311521955577,0.10827990556643122,0.07518193844301158,0.06589819073981609,0.011456274333618885,0.0538484034119662,0.023386064461117174,6.489472491022709,0.9974493611210457,1.0,1.0,0.0729767168685856,0.014421714970125092,0.1601566012182533,0.10746267225698582,0.0889080820308727,0.060772705392432944,0.06897817242691155,0.029956839656778728,6.489472497586335,0.9944874337549175,1.0,1.0,0.0729767168685856,0.014421714970125092,0.1601566012182533,0.10746267225698582,0.0889080820308727,0.060772705392432944,0.06897817242691155,0.029956839656778728,6.489472497586335,0.9944874337549175,1.0,1.0,0.06954730726132438,0.013262301091985746,0.15285738901638976,0.10225016868775884,0.08585110066302677,0.05906920776310062,0.06579320273940367,0.028573624896464925,6.229960015355483,0.9948215040478591,1.0,1.0,0.05470957723282502,0.006712221124281901,0.10687380843447086,0.0746711512617739,0.06561835419858338,0.009718183386279923,0.05383241708318212,0.023379121686740334,6.4894724896569045,0.9975257664921806,1.0,1.0,0.007986144162714481,0.05869994033128023,0.017502587288618088,ok,
759xd9YjKW5,5764e704c4574c34b7a579260f191e7c,5764e704c4574c34b7a579260f191e7c_i1_0,1,0,/mnt/priorbimda-data/PriorBIMDA-Datasets/Matterport3D/v1/scans/759xd9YjKW5/undistorted_color_images/5764e704c4574c34b7a579260f191e7c_i1_0.jpg,/mnt/priorbimda-data/PriorBIMDA-Datasets/Matterport3D/v1/scans/759xd9YjKW5/undistorted_depth_images/5764e704c4574c34b7a579260f191e7c_d1_0.png,1024,1280,406,504,1.4121168655554452,1233446,0.9410446166992188,-11.399700164794922,-12.865300178527832,1.6200400590896606,True,204624,1.0,True,,1.0,204624,1.1270785331726074,0.1196289160128353,1.034397623491134,0.08580966501566563,log-depth Laplacian fallback,,,,0.045521743769467764,0.002185400886349423,0.03878009943463189,0.03241017688263272,0.05884578909128782,-0.04398771838369293,0.04694564477726676,0.02038823447615719,3.908845769755123,0.997132424119094,1.0,1.0,0.08088865867734268,0.006319864732089011,0.07063766805574345,0.06309805949843567,0.08514398566659233,0.07564119763977303,0.0771841455066195,0.03352064848394249,3.90884575650367,0.9945607671515413,0.9998646069629314,1.0,0.08088865867734268,0.006319864732089011,0.07063766805574345,0.06309805949843567,0.08514398566659233,0.07564119763977303,0.0771841455066195,0.03352064848394249,3.90884575650367,0.9945607671515413,0.9998646069629314,1.0,0.07928244874689594,0.005963616424780643,0.06840772307019115,0.061544411450383474,0.08305907795879995,0.07441089546749215,0.07575770315202095,0.032901152440587264,3.6902968269394862,0.994526716208087,0.9998670391731782,1.0,0.02586440614177823,0.0010775972931523798,0.026821224193983747,0.017830501167270276,0.04038942529763719,-0.01016848809211713,0.026179018401787758,0.011369403233540114,3.908845770549009,0.9966451713329971,1.0,1.0,0.00765523687005043,0.058154539205133915,0.017453220672905445,ok,
759xd9YjKW5,5764e704c4574c34b7a579260f191e7c,5764e704c4574c34b7a579260f191e7c_i1_1,1,1,/mnt/priorbimda-data/PriorBIMDA-Datasets/Matterport3D/v1/scans/759xd9YjKW5/undistorted_color_images/5764e704c4574c34b7a579260f191e7c_i1_1.jpg,/mnt/priorbimda-data/PriorBIMDA-Datasets/Matterport3D/v1/scans/759xd9YjKW5/undistorted_depth_images/5764e704c4574c34b7a579260f191e7c_d1_1.png,1024,1280,406,504,1.4121168655554452,1270926,0.9696395874023438,-11.402799606323242,-12.863699913024902,1.6200499534606934,True,204624,1.0,True,,1.0,204624,1.031113862991333,0.030639638307681585,1.0136828991643534,0.017049504764236105,log-depth Laplacian fallback,,,,0.03076201090047206,0.002675527544930665,0.07030965410979091,0.04977904040253368,0.041024199205450224,-0.0061594011955185,0.03064709841478982,0.01330986572788912,4.055917525494211,0.9966370976752383,0.9999976395163841,1.0,0.033910733458644184,0.0027691790267662755,0.05969705127590385,0.04190190498951758,0.04737434657350697,0.02448023708524143,0.0328669361736157,0.014273929017267673,4.055917535548673,0.9954859684985593,0.9999968526885121,1.0,0.033910733458644184,0.0027691790267662755,0.05969705127590385,0.04190190498951758,0.04737434657350697,0.02448023708524143,0.0328669361736157,0.014273929017267673,4.055917535548673,0.9954859684985593,0.9999968526885121,1.0,0.03931118835440741,0.003371895641789984,0.06707547843366121,0.05000917168431608,0.05178419071771651,0.02686231688234294,0.03810514311840337,0.016548853388456252,4.427209437107567,0.9952294626123,0.9999968526885121,1.0,0.02916796352257648,0.002364978802121918,0.06085810617339079,0.04222160604834538,0.04123422904034039,0.007430676184432951,0.028649760407957862,0.012442432853026358,4.055917523808087,0.9961610668127019,0.9999968526885121,1.0,0.007532496005296707,0.05894238408654928,0.017491716891527176,ok,
759xd9YjKW5,5764e704c4574c34b7a579260f191e7c,5764e704c4574c34b7a579260f191e7c_i1_2,1,2,/mnt/priorbimda-data/PriorBIMDA-Datasets/Matterport3D/v1/scans/759xd9YjKW5/undistorted_color_images/5764e704c4574c34b7a579260f191e7c_i1_2.jpg,/mnt/priorbimda-data/PriorBIMDA-Datasets/Matterport3D/v1/scans/759xd9YjKW5/undistorted_depth_images/5764e704c4574c34b7a579260f191e7c_d1_2.png,1024,1280,406,504,1.4121168655554452,1126842,0.8597122192382812,-11.40310001373291,-12.860199928283691,1.6201000213623047,True,204624,1.0,True,,1.0,204624,0.9702986478805542,-0.030151370458445775,1.0299134740602514,0.05962616340456188,log-depth Laplacian fallback,,,,0.03471641561564029,0.004511583212767123,0.10661485811095764,0.09063866547239471,0.04434750454433768,-0.03395233956244458,0.035569374212473616,0.01544758294522911,2.8529630168414597,0.9997408687287126,1.0,1.0,0.06285954655156356,0.011739640330319667,0.17805988396502276,0.17173912797202714,0.07016569970329606,-0.06410370988089296,0.06518456895654585,0.028309298603069875,2.8529630112558872,0.9998722092360774,1.0,1.0,0.06285954655156356,0.011739640330319667,0.17805988396502276,0.17173912797202714,0.07016569970329606,-0.06410370988089296,0.06518456895654585,0.028309298603069875,2.8529630112558872,0.9998722092360774,1.0,1.0,0.06234798651900236,0.011582608481286288,0.17726781637654276,0.17059333026629722,0.06961561277290514,-0.06359548196258337,0.06463856085991686,0.0280721702996294,2.8318690218543052,0.9998757589795197,1.0,1.0,0.01953928332885578,0.0020477427957431415,0.07247699959508018,0.05192848520393303,0.028878861530228856,-0.004477593844543984,0.019667374934256358,0.008541432407469872,2.8529630152622625,0.9992687528508877,1.0,1.0,0.008441082201898098,0.05907982029020786,0.017433149740099907,ok,
759xd9YjKW5,5764e704c4574c34b7a579260f191e7c,5764e704c4574c34b7a579260f191e7c_i1_3,1,3,/mnt/priorbimda-data/PriorBIMDA-Datasets/Matterport3D/v1/scans/759xd9YjKW5/undistorted_color_images/5764e704c4574c34b7a579260f191e7c_i1_3.jpg,/mnt/priorbimda-data/PriorBIMDA-Datasets/Matterport3D/v1/scans/759xd9YjKW5/undistorted_depth_images/5764e704c4574c34b7a579260f191e7c_d1_3.png,1024,1280,406,504,1.4121168655554452,1260094,0.9613754272460937,-11.400199890136719,-12.85830020904541,1.6201399564743042,True,204624,1.0,True,,1.0,204624,0.979701042175293,-0.020507812862285944,0.9869604331827926,0.007382484549390235,log-depth Laplacian fallback,,,,0.03404447140890438,0.021369732278132523,0.29547373681117517,0.12457442115103715,0.061431893198384824,0.0038624224536779194,0.032658658310638404,0.014183475090674033,6.13103514484062,0.9914038159057975,0.996544702220628,0.9988873845919432,0.03272945728137456,0.022701387229255562,0.32068634982502936,0.13471635639371685,0.06352974270661679,-0.0166453903874139,0.03200591270172325,0.013899991274635608,6.131035138718028,0.9916323702834868,0.9968192849104908,0.9989897579069498,0.03272945728137456,0.022701387229255562,0.32068634982502936,0.13471635639371685,0.06352974270661679,-0.0166453903874139,0.03200591270172325,0.013899991274635608,6.131035138718028,0.9916323702834868,0.9968192849104908,0.9989897579069498,0.03703071168640464,0.024404857183013117,0.33881873502989285,0.15286636802123227,0.06708087218203031,-0.023989319196923913,0.036672576462791845,0.01592669759496558,6.264468035811169,0.9918355297303217,0.9972010024648955,0.9990159464293934,0.0315978788928734,0.02192613795529424,0.3100229638877149,0.1269811529570287,0.06200613706198078,-0.009262928258169557,0.030638636137012832,0.013306190607346235,6.131035143785387,0.9915157123198746,0.9966780256076134,0.998970711708809,0.008518191054463387,0.05829253513365984,0.017527196556329727,ok,
759xd9YjKW5,5764e704c4574c34b7a579260f191e7c,5764e704c4574c34b7a579260f191e7c_i1_4,1,4,/mnt/priorbimda-data/PriorBIMDA-Datasets/Matterport3D/v1/scans/759xd9YjKW5/undistorted_color_images/5764e704c4574c34b7a579260f191e7c_i1_4.jpg,/mnt/priorbimda-data/PriorBIMDA-Datasets/Matterport3D/v1/scans/759xd9YjKW5/undistorted_depth_images/5764e704c4574c34b7a579260f191e7c_d1_4.png,1024,1280,406,504,1.4121168655554452,1110631,0.8473442077636719,-11.397000312805176,-12.859800338745117,1.620129942893982,True,139582,0.6821389475330362,True,,1.0,139582,0.9472433924674988,-0.05419920459733209,1.0052948466955507,0.05948008287750188,log-depth Laplacian fallback,,,,0.08440443602051721,0.09547217347557334,0.4115846115602559,0.19419919632436816,0.1642803604795576,0.007766070319734533,0.07071681494742754,0.030711922509441183,16.40966940284975,0.9310815203249324,0.9724255850953197,0.9803273994693107,0.11047684990169077,0.0950857363606732,0.46281545508646815,0.29442258145620176,0.17053961679683474,-0.04643313419922062,0.10192707829420489,0.044266367659693925,16.40966938900611,0.9178106859974194,0.9732908589801653,0.9824811300963147,0.11047684990169077,0.0950857363606732,0.46281545508646815,0.29442258145620176,0.17053961679683474,-0.04643313419922062,0.10192707829420489,0.044266367659693925,16.40966938900611,0.9178106859974194,0.9732908589801653,0.9824811300963147,0.11335316581594569,0.0975364011651413,0.46957417510150773,0.3017298435599975,0.17185874005564478,-0.0495140309314849,0.10462794149191028,0.045439337642832936,16.457152631737255,0.9186642548245096,0.9735096535212866,0.9820381386797236,0.08442093631952745,0.09649389029779264,0.41045043398460446,0.19134619744043177,0.16461453960671735,0.013046901945891996,0.07028791197150636,0.030525652313726743,16.409669405428552,0.9323897856263692,0.9722842240131961,0.9801941418887101,0.009322574362158775,0.05957626923918724,0.01749568246304989,ok,
759xd9YjKW5,5764e704c4574c34b7a579260f191e7c,5764e704c4574c34b7a579260f191e7c_i1_5,1,5,/mnt/priorbimda-data/PriorBIMDA-Datasets/Matterport3D/v1/scans/759xd9YjKW5/undistorted_color_images/5764e704c4574c34b7a579260f191e7c_i1_5.jpg,/mnt/priorbimda-data/PriorBIMDA-Datasets/Matterport3D/v1/scans/759xd9YjKW5/undistorted_depth_images/5764e704c4574c34b7a579260f191e7c_d1_5.png,1024,1280,406,504,1.4121168655554452,1258667,0.9602867126464844,-11.39680004119873,-12.863300323486328,1.6200799942016602,True,196318,0.9594084760340919,True,,1.0,196318,1.0505527257919312,0.04931643118277683,1.1017951310777379,0.047624355802164606,log-depth Laplacian fallback,,,,0.08164749743307609,0.01429064322353626,0.18315874016452777,0.11812838372208669,0.10328073073388605,-0.07603975027254586,0.08607663283821185,0.03738260666244764,6.9891814394922775,0.9899584242694851,0.9998720868982821,1.0,0.06181714761664938,0.010834206979017744,0.17485213974523112,0.10946159094787132,0.07482647589269913,-0.02672331902679441,0.06277467952471741,0.027262696920829797,6.989181436128877,0.9883122382647674,0.9997997881886154,1.0,0.06181714761664938,0.010834206979017744,0.17485213974523112,0.10946159094787132,0.07482647589269913,-0.02672331902679441,0.06277467952471741,0.027262696920829797,6.989181436128877,0.9883122382647674,0.9997997881886154,1.0,0.057077170102308596,0.010149975450934982,0.17261526437129557,0.10201304644141165,0.07120284317114474,-0.02456052367409738,0.05790074772045647,0.025145975233066525,6.683281793033072,0.9883162107213425,0.9998323623325311,1.0,0.0563085299591793,0.016067722873686515,0.2215593510913679,0.13427236776768156,0.07295009949282273,0.02090098790682017,0.05451108890421832,0.023673865113639597,6.989181440291627,0.9849714022851159,0.9996742585608426,1.0,0.00844611320644617,0.06042933277785778,0.017478064633905888,ok,
759xd9YjKW5,5764e704c4574c34b7a579260f191e7c,5764e704c4574c34b7a579260f191e7c_i2_0,2,0,/mnt/priorbimda-data/PriorBIMDA-Datasets/Matterport3D/v1/scans/759xd9YjKW5/undistorted_color_images/5764e704c4574c34b7a579260f191e7c_i2_0.jpg,/mnt/priorbimda-data/PriorBIMDA-Datasets/Matterport3D/v1/scans/759xd9YjKW5/undistorted_depth_images/5764e704c4574c34b7a579260f191e7c_d2_0.png,1024,1280,406,504,1.4165615917841592,1174531,0.8960960388183594,-11.39900016784668,-12.876799583435059,1.6531200408935547,True,204624,1.0,True,,1.0,204624,1.210951328277588,0.19140627241527444,1.0510979519212404,0.14157098607990462,log-depth Laplacian fallback,,,,0.05028391305324503,0.003043824518701391,0.05382235075648537,0.046655885107787946,0.05925424308555149,-0.04590979102061929,0.05159988688643387,0.02240954614161019,3.746139896059263,0.9974491946147015,1.0,1.0,0.1574955635547383,0.027270310008404477,0.17135066194696047,0.1576789096335599,0.15024174682906175,0.14549648132415216,0.14553684094422772,0.06320584693570935,3.7461398966650044,0.9819374712119135,0.9982367430063575,1.0,0.1574955635547383,0.027270310008404477,0.17135066194696047,0.1576789096335599,0.15024174682906175,0.14549648132415216,0.14553684094422772,0.06320584693570935,3.7461398966650044,0.9819374712119135,0.9982367430063575,1.0,0.15831586145310142,0.026933018986023197,0.16865548426577096,0.1570634691823745,0.1506804943498453,0.14625210563170746,0.14628974993177368,0.06353283115437587,3.6262004575114695,0.982486626576906,0.9982495140613572,1.0,0.025039825658977884,0.0015346658112549837,0.03954029557314494,0.02492371154784258,0.037666513050747974,0.003925530695657331,0.024640358748532928,0.010701171836604363,3.7461398988286856,0.9960111738217212,1.0,1.0,0.008362906984984875,0.05947559513151646,0.017500641755759716,ok,
759xd9YjKW5,5764e704c4574c34b7a579260f191e7c,5764e704c4574c34b7a579260f191e7c_i2_1,2,1,/mnt/priorbimda-data/PriorBIMDA-Datasets/Matterport3D/v1/scans/759xd9YjKW5/undistorted_color_images/5764e704c4574c34b7a579260f191e7c_i2_1.jpg,/mnt/priorbimda-data/PriorBIMDA-Datasets/Matterport3D/v1/scans/759xd9YjKW5/undistorted_depth_images/5764e704c4574c34b7a579260f191e7c_d2_1.png,1024,1280,406,504,1.4165615917841592,1232480,0.9403076171875,-11.412099838256836,-12.870400428771973,1.6531599760055542,True,204624,1.0,True,,1.0,204624,1.1166706085205078,0.11035158718100008,1.0944179127756777,0.020128951760965783,log-depth Laplacian fallback,,,,0.08063390991666002,0.011785949639031658,0.14575728648146488,0.1295801090443388,0.09092722234697803,-0.08170254769940166,0.08442739303487373,0.03666635091652267,3.9905556795561394,0.9985736076853174,1.0,1.0,0.03580766353712971,0.004275257188304872,0.08645378515699681,0.057485156713432496,0.04912454505122015,0.028649039419763364,0.03463704335081095,0.01504267679670092,3.990555684129972,0.9952948526548098,0.9999131831753862,1.0,0.03580766353712971,0.004275257188304872,0.08645378515699681,0.057485156713432496,0.04912454505122015,0.028649039419763364,0.03463704335081095,0.01504267679670092,3.990555684129972,0.9952948526548098,0.9999131831753862,1.0,0.03754011919318658,0.004693458586148023,0.08947984425626995,0.05909985204253988,0.05195294322815328,0.030224994003632672,0.0362136483053332,0.015727387628591265,4.225586406107544,0.9949995131766844,0.9998791055432948,1.0,0.028748472311582996,0.0027805435135644816,0.06819875567648834,0.04401597298950626,0.04080497058743394,0.008520103149221685,0.028204864427532544,0.012249216983706701,3.9905556843226373,0.996351259249643,0.9999959431390367,1.0,0.008471053093671799,0.05858555622398853,0.01743933279067278,ok,
759xd9YjKW5,5764e704c4574c34b7a579260f191e7c,5764e704c4574c34b7a579260f191e7c_i2_2,2,2,/mnt/priorbimda-data/PriorBIMDA-Datasets/Matterport3D/v1/scans/759xd9YjKW5/undistorted_color_images/5764e704c4574c34b7a579260f191e7c_i2_2.jpg,/mnt/priorbimda-data/PriorBIMDA-Datasets/Matterport3D/v1/scans/759xd9YjKW5/undistorted_depth_images/5764e704c4574c34b7a579260f191e7c_d2_2.png,1024,1280,406,504,1.4165615917841592,1232434,0.9402725219726562,-11.413100242614746,-12.855899810791016,1.653380036354065,True,204624,1.0,True,,1.0,204624,1.0197232961654663,0.019531312224423395,1.0192956272991838,0.00041948494703244327,log-depth Laplacian fallback,,,,0.0379820602972688,0.013927219443933268,0.1455105523391032,0.07341975450081831,0.0736550683715606,-0.009636902140955979,0.03564424821543446,0.015480100311553014,7.302190913653865,0.9864536356510775,0.993504723173817,0.9961344786008824,0.0345956871869832,0.014799792277008516,0.15241450878154483,0.07054115740805522,0.07368920262438214,0.009894410071557454,0.031563180256144345,0.013707715016561142,7.302190926532331,0.983823880224012,0.9933335172512281,0.9959786893253513,0.0345956871869832,0.014799792277008516,0.15241450878154483,0.07054115740805522,0.07368920262438214,0.009894410071557454,0.031563180256144345,0.013707715016561142,7.302190926532331,0.983823880224012,0.9933335172512281,0.9959786893253513,0.034673201940000065,0.015183412586020666,0.1537022051271991,0.06986629106541518,0.07455036485567379,0.012185323579089356,0.03153228310944132,0.01369429655624147,7.3547772157876885,0.9834295386203237,0.993253999808509,0.9959283823717944,0.034579271919905376,0.014762212309421202,0.15211595565661193,0.07037466468611422,0.07363404384783548,0.009474872085548262,0.031561275634686435,0.013706887849971866,7.30219091256005,0.9838571477255578,0.9933367628611349,0.9959819349352582,0.008545787073671818,0.05957567039877176,0.017457669600844383,ok,
759xd9YjKW5,5764e704c4574c34b7a579260f191e7c,5764e704c4574c34b7a579260f191e7c_i2_3,2,3,/mnt/priorbimda-data/PriorBIMDA-Datasets/Matterport3D/v1/scans/759xd9YjKW5/undistorted_color_images/5764e704c4574c34b7a579260f191e7c_i2_3.jpg,/mnt/priorbimda-data/PriorBIMDA-Datasets/Matterport3D/v1/scans/759xd9YjKW5/undistorted_depth_images/5764e704c4574c34b7a579260f191e7c_d2_3.png,1024,1280,406,504,1.4165615917841592,1246690,0.9511489868164062,-11.401100158691406,-12.847800254821777,1.6535600423812866,True,204624,1.0,True,,1.0,204624,0.9556055068969727,-0.045410100783407195,1.0017659918814268,0.04717453513462554,log-depth Laplacian fallback,,,,0.06261693654222343,0.025423448264846892,0.20706678743419055,0.11056773897511821,0.1007380796337293,0.0061636511446071926,0.05868198254585583,0.025485261206808132,10.054934158341947,0.9765916145954487,0.9864096126543086,0.9955859114936352,0.06966333926796879,0.02255263544090317,0.18088627267446683,0.09737979133298809,0.107937268440361,-0.039246449704395996,0.06866233494653913,0.029819673181874742,10.054934163865454,0.9784774081768524,0.9870705628504279,0.9965396369586665,0.06966333926796879,0.02255263544090317,0.18088627267446683,0.09737979133298809,0.107937268440361,-0.039246449704395996,0.06866233494653913,0.029819673181874742,10.054934163865454,0.9784774081768524,0.9870705628504279,0.9965396369586665,0.06824080924546962,0.022709920731894363,0.18229312996922029,0.09768559329615052,0.10626148566402042,-0.03566814045832991,0.06681321013505939,0.029016608479898714,10.009638900464726,0.9782808877908702,0.9868700318443238,0.9964883010211039,0.06270835264592049,0.025703939408906164,0.20902859575217309,0.11188060899933013,0.10086141097145257,0.007928060055050689,0.05866284189557843,0.025476948528012605,10.05493415538648,0.9764817236041037,0.9863013259110124,0.9954222781926542,0.008185302838683128,0.058588260784745216,0.017433308996260166,ok,
759xd9YjKW5,5764e704c4574c34b7a579260f191e7c,5764e704c4574c34b7a579260f191e7c_i2_4,2,4,/mnt/priorbimda-data/PriorBIMDA-Datasets/Matterport3D/v1/scans/759xd9YjKW5/undistorted_color_images/5764e704c4574c34b7a579260f191e7c_i2_4.jpg,/mnt/priorbimda-data/PriorBIMDA-Datasets/Matterport3D/v1/scans/759xd9YjKW5/undistorted_depth_images/5764e704c4574c34b7a579260f191e7c_d2_4.png,1024,1280,406,504,1.4165615917841592,1236493,0.9433692932128906,-11.387999534606934,-12.85420036315918,1.6535099744796753,True,185887,0.9084320509813121,True,,1.0,185887,1.03376042842865,0.0332030552648808,1.0040982308809785,0.029113199258430353,log-depth Laplacian fallback,,,,0.07178224180417168,0.04518377006455583,0.26974724104633574,0.11716896255687105,0.12395897039905181,0.0033722038956288283,0.06514705986094732,0.028293008609830236,12.391309286463361,0.9653495814371775,0.9812332136130169,0.9916805028415041,0.07827601833836317,0.052868175489994014,0.2993962740586463,0.14142517993118234,0.1291983135133148,0.036575259308162696,0.06917663871701688,0.03004303247141526,12.391309301774948,0.9594676233508803,0.9820734933396307,0.9900824347570103,0.07827601833836317,0.052868175489994014,0.2993962740586463,0.14142517993118234,0.1291983135133148,0.036575259308162696,0.06917663871701688,0.03004303247141526,12.391309301774948,0.9594676233508803,0.9820734933396307,0.9900824347570103,0.07655871872638347,0.05341064972056647,0.29714637492781937,0.13628038954434604,0.12967592809043885,0.0399437832498729,0.06713210651628851,0.029155103418565424,12.337074412438243,0.9582682635486007,0.9820767282952674,0.989936053014453,0.07191813224501287,0.04588279399747733,0.27256621876504067,0.11903314579630242,0.1241375693263676,0.007462006215363672,0.06498921259597595,0.028224456413669646,12.391309285745633,0.9645335638778384,0.9810941105206419,0.9913278926771117,0.010462457314133644,0.05957469716668129,0.017413374967873096,ok,
759xd9YjKW5,5764e704c4574c34b7a579260f191e7c,5764e704c4574c34b7a579260f191e7c_i2_5,2,5,/mnt/priorbimda-data/PriorBIMDA-Datasets/Matterport3D/v1/scans/759xd9YjKW5/undistorted_color_images/5764e704c4574c34b7a579260f191e7c_i2_5.jpg,/mnt/priorbimda-data/PriorBIMDA-Datasets/Matterport3D/v1/scans/759xd9YjKW5/undistorted_depth_images/5764e704c4574c34b7a579260f191e7c_d2_5.png,1024,1280,406,504,1.4165615917841592,1235144,0.942340087890625,-11.38700008392334,-12.86870002746582,1.653290033340454,True,201540,0.9849284541402769,True,,1.0,201540,1.2015275955200195,0.18359374348787263,1.1255910625252723,0.0652854568885675,log-depth Laplacian fallback,,,,0.1076995657776578,0.026070351546869777,0.24860541501308062,0.20582176571047744,0.12060127702124672,-0.11027446582139816,0.11434723941209264,0.04966037509754186,4.882837501863832,0.9922843004540362,0.9999967615112084,1.0,0.07923936305992628,0.013864913499215595,0.159884381142613,0.12748447522469578,0.08809044609406817,0.07331927775754209,0.07523025584733312,0.03267208498666662,4.882837496952284,0.9833306885674868,0.9989345371875668,1.0,0.07923936305992628,0.013864913499215595,0.159884381142613,0.12748447522469578,0.08809044609406817,0.07331927775754209,0.07523025584733312,0.03267208498666662,4.882837496952284,0.9833306885674868,0.9989345371875668,1.0,0.08018555149240027,0.014401474458329058,0.16201701444141228,0.12798929557658925,0.09019970575424095,0.07394113756472608,0.07598190444309644,0.032998521824136935,5.165941437710945,0.9825736918124527,0.9989434430317436,1.0,0.03442816022286472,0.004980149551529228,0.10679151903566093,0.061064163753774846,0.04948486798655747,0.00803380047108092,0.03372926652420041,0.014648434330104317,4.882837504605166,0.992498040714281,1.0,1.0,0.008463558740913868,0.06143821682780981,0.017467749305069447,ok,
759xd9YjKW5,5c8f1d2de7c44d4fb95fa752c5fdce24,5c8f1d2de7c44d4fb95fa752c5fdce24_i0_0,0,0,/mnt/priorbimda-data/PriorBIMDA-Datasets/Matterport3D/v1/scans/759xd9YjKW5/undistorted_color_images/5c8f1d2de7c44d4fb95fa752c5fdce24_i0_0.jpg,/mnt/priorbimda-data/PriorBIMDA-Datasets/Matterport3D/v1/scans/759xd9YjKW5/undistorted_depth_images/5c8f1d2de7c44d4fb95fa752c5fdce24_d0_0.png,1024,1280,406,504,1.4155678118069965,1245255,0.9500541687011719,-9.313599586486816,0.45666301250457764,1.5784900188446045,True,204624,1.0,True,,1.0,204624,1.1123170852661133,0.10644530380185499,1.0700963201612306,0.038696640537221466,log-depth Laplacian fallback,,,,0.0842725760778701,0.02482069695003903,0.31530248607999783,0.1492633526520737,0.11770314907811502,-0.08780330221953583,0.09012551977971557,0.03914101591899289,7.838757186091313,0.9692448534637483,0.9948066861807421,0.9957727533717994,0.05906878801334126,0.017714049432823398,0.28420821605886026,0.1219666320979101,0.08057379010703257,0.01864200159120448,0.058835537305322275,0.025551949191514385,7.8387571903240305,0.9937530867171784,0.9941642474834471,0.9977426310273799,0.05906878801334126,0.017714049432823398,0.28420821605886026,0.1219666320979101,0.08057379010703257,0.01864200159120448,0.058835537305322275,0.025551949191514385,7.8387571903240305,0.9937530867171784,0.9941642474834471,0.9977426310273799,0.05174148352471578,0.01590645723550086,0.27863730176454354,0.10839290903925446,0.07496199726426801,0.015073201359645334,0.05176062015957713,0.02247935171519456,7.343091743005606,0.993787617797158,0.9942309004982915,0.9977442371241232,0.04809778754468788,0.01578964799839296,0.2808621837198118,0.09269515617565866,0.08091228561238295,-0.020054589101025085,0.04988707506672947,0.021665681419773892,7.838757184024059,0.9938205427803943,0.9944549509939731,0.9957864051941169,0.008169167675077915,0.05890624783933163,0.017459280788898468,ok,
759xd9YjKW5,5c8f1d2de7c44d4fb95fa752c5fdce24,5c8f1d2de7c44d4fb95fa752c5fdce24_i0_1,0,1,/mnt/priorbimda-data/PriorBIMDA-Datasets/Matterport3D/v1/scans/759xd9YjKW5/undistorted_color_images/5c8f1d2de7c44d4fb95fa752c5fdce24_i0_1.jpg,/mnt/priorbimda-data/PriorBIMDA-Datasets/Matterport3D/v1/scans/759xd9YjKW5/undistorted_depth_images/5c8f1d2de7c44d4fb95fa752c5fdce24_d0_1.png,1024,1280,406,504,1.4155678118069965,1242347,0.9478355407714844,-9.32802963256836,0.4585210084915161,1.5785200595855713,True,204624,1.0,True,,1.0,204624,1.0786212682724,0.0756836221322954,1.0727712905852187,0.005438330704511551,log-depth Laplacian fallback,,,,0.07957244957738757,0.03725242457622604,0.4299451025887159,0.18119608621449282,0.12107344303402286,-0.06441304769335707,0.08538896421752531,0.037083955975105505,10.25170127099209,0.9673464821020215,0.9781099805448881,0.9990171827999745,0.06643217121897711,0.03495207295857189,0.40994358586371515,0.18134348799826663,0.10313468740703043,0.011270574417149262,0.06699373548124199,0.029095009641589484,10.251701272888019,0.9671629584971027,0.9885378239734953,0.999974242301064,0.06643217121897711,0.03495207295857189,0.40994358586371515,0.18134348799826663,0.10313468740703043,0.011270574417149262,0.06699373548124199,0.029095009641589484,10.251701272888019,0.9671629584971027,0.9885378239734953,0.999974242301064,0.059139559431122854,0.03242297844669124,0.404429701435583,0.16604782977789684,0.09873416529400397,0.008671177662861806,0.060222187318652406,0.02615416364063474,9.83526617547425,0.9673118701940762,0.9882544892851997,0.9999525092425868,0.06594668655370305,0.03436448020799615,0.4094235037219313,0.17855207983675295,0.10268277935812078,0.005832262585553486,0.06686808631578023,0.029040440902373694,10.251701268492791,0.9671935457645892,0.9883864974922465,0.9999645831639631,0.008814518339931965,0.05704347975552082,0.017474260181188583,ok,
759xd9YjKW5,5c8f1d2de7c44d4fb95fa752c5fdce24,5c8f1d2de7c44d4fb95fa752c5fdce24_i0_2,0,2,/mnt/priorbimda-data/PriorBIMDA-Datasets/Matterport3D/v1/scans/759xd9YjKW5/undistorted_color_images/5c8f1d2de7c44d4fb95fa752c5fdce24_i0_2.jpg,/mnt/priorbimda-data/PriorBIMDA-Datasets/Matterport3D/v1/scans/759xd9YjKW5/undistorted_depth_images/5c8f1d2de7c44d4fb95fa752c5fdce24_d0_2.png,1024,1280,406,504,1.4155678118069965,1242667,0.9480796813964844,-9.333640098571777,0.4719470143318176,1.578660011291504,True,204624,1.0,True,,1.0,204624,1.0780946016311646,0.0751952252515994,1.0543323659721493,0.022287487106435508,log-depth Laplacian fallback,,,,0.052852303272541104,0.006577562129053272,0.11469433290412231,0.0984562305276063,0.0622863508412338,-0.053236688839623916,0.054700249820589596,0.0237560166558114,3.233333361270268,1.0,1.0,1.0,0.031903961994977595,0.00307555732759586,0.07804576515513609,0.06100910583587824,0.03908480259715157,0.021958536663466376,0.03126233666768272,0.013577060306176312,3.2333333599514744,1.0,1.0,1.0,0.031903961994977595,0.00307555732759586,0.07804576515513609,0.06100910583587824,0.03908480259715157,0.021958536663466376,0.03126233666768272,0.013577060306176312,3.2333333599514744,1.0,1.0,1.0,0.028725394649728914,0.0024570854620764118,0.06989312110143021,0.0550401454049501,0.03501295679945293,0.01860303755067661,0.028251355905623204,0.012269407976097,2.9661998208625007,1.0,1.0,1.0,0.026025479315110015,0.0019306782163168261,0.06122763219467964,0.04862463065265696,0.03233500675520618,-0.00032894160684858437,0.026009181728400867,0.011295644103463379,3.233333356272615,1.0,1.0,1.0,0.008167502470314503,0.05774121079593897,0.01746351830661297,ok,
759xd9YjKW5,5c8f1d2de7c44d4fb95fa752c5fdce24,5c8f1d2de7c44d4fb95fa752c5fdce24_i0_3,0,3,/mnt/priorbimda-data/PriorBIMDA-Datasets/Matterport3D/v1/scans/759xd9YjKW5/undistorted_color_images/5c8f1d2de7c44d4fb95fa752c5fdce24_i0_3.jpg,/mnt/priorbimda-data/PriorBIMDA-Datasets/Matterport3D/v1/scans/759xd9YjKW5/undistorted_depth_images/5c8f1d2de7c44d4fb95fa752c5fdce24_d0_3.png,1024,1280,406,504,1.4155678118069965,1213904,0.92613525390625,-9.324810028076172,0.4835149943828583,1.5787700414657593,True,190058,0.9288157791852373,True,,1.0,190058,0.8066674470901489,-0.2148437810328559,0.872069494075337,0.07795761782474148,log-depth Laplacian fallback,,,,0.16713559323148847,0.09755178710599281,0.4881786868247803,0.3665282554451836,0.18297901196635008,0.12051402440792318,0.15039247138706976,0.06531462044319714,13.768692291277407,0.7220266182498781,0.9996128194651307,0.9999003216069805,0.12184317560201317,0.04929113652187278,0.41870502983504304,0.25515128138196924,0.16690054427007078,-0.0943297564973379,0.13280051870031567,0.05767453246543679,13.768692282420577,0.7669041373947199,0.9951742477164587,0.9998508943046567,0.12184317560201317,0.04929113652187278,0.41870502983504304,0.25515128138196924,0.16690054427007078,-0.0943297564973379,0.13280051870031567,0.05767453246543679,13.768692282420577,0.7669041373947199,0.9951742477164587,0.9998508943046567,0.11600424134388496,0.047545891360667586,0.4208179434209423,0.24555293854306026,0.16166655885697215,-0.09663798900542726,0.1267921544262576,0.055065133015948634,12.96039171230629,0.7801069936337635,0.9944674372932292,0.9998228855000066,0.1170826541945295,0.04268461665365175,0.372916091536162,0.2551662015297258,0.1386569012812522,-0.016372157186931465,0.11894531726498794,0.05165729493641586,13.768692291559617,0.9362643174419064,0.9981695422372774,0.9999448061790718,0.008618677034974098,0.0570880277082324,0.017426992766559124,ok,
759xd9YjKW5,5c8f1d2de7c44d4fb95fa752c5fdce24,5c8f1d2de7c44d4fb95fa752c5fdce24_i0_4,0,4,/mnt/priorbimda-data/PriorBIMDA-Datasets/Matterport3D/v1/scans/759xd9YjKW5/undistorted_color_images/5c8f1d2de7c44d4fb95fa752c5fdce24_i0_4.jpg,/mnt/priorbimda-data/PriorBIMDA-Datasets/Matterport3D/v1/scans/759xd9YjKW5/undistorted_depth_images/5c8f1d2de7c44d4fb95fa752c5fdce24_d0_4.png,1024,1280,406,504,1.4155678118069965,1212712,0.925225830078125,-9.310379981994629,0.4816559851169586,1.5787400007247925,True,197118,0.9633180858550316,True,,1.0,197118,1.1782879829406738,0.16406252304361182,1.147066700153739,0.026854534753007697,log-depth Laplacian fallback,,,,0.13477791550415474,0.039986867370791185,0.32003446327153967,0.248457671923289,0.16167135807811275,-0.1457816741232619,0.1468672586262518,0.06378363999363892,6.989514655997529,0.8549152643001801,0.9954309019783757,1.0,0.059618253890476376,0.012523325909225079,0.19598432288143797,0.12093488800405465,0.07224625212855691,0.018280848771344064,0.058774779359131536,0.025525562350751953,6.989514657558322,0.9909302455982953,0.9994153599535587,0.9999958770095455,0.059618253890476376,0.012523325909225079,0.19598432288143797,0.12093488800405465,0.07224625212855691,0.018280848771344064,0.058774779359131536,0.025525562350751953,6.989514657558322,0.9909302455982953,0.9994153599535587,0.9999958770095455,0.05370823335889282,0.011186095233691453,0.19146768161168784,0.10962251481463169,0.0672809950471389,0.01577470010663997,0.053082175651442194,0.023053295972840504,6.540558944829335,0.9905220695433046,0.9994598882504667,0.9999958770095455,0.054398287254952146,0.010682896468834632,0.1878135666944295,0.10425749596692878,0.07041902739581958,-0.00857367518223929,0.05507007589817402,0.02391663008057024,6.989514656428329,0.9907636767839355,0.9996182110839177,0.9999967016076364,0.008534561842679977,0.06034382712095976,0.017437039874494076,ok,
759xd9YjKW5,5c8f1d2de7c44d4fb95fa752c5fdce24,5c8f1d2de7c44d4fb95fa752c5fdce24_i0_5,0,5,/mnt/priorbimda-data/PriorBIMDA-Datasets/Matterport3D/v1/scans/759xd9YjKW5/undistorted_color_images/5c8f1d2de7c44d4fb95fa752c5fdce24_i0_5.jpg,/mnt/priorbimda-data/PriorBIMDA-Datasets/Matterport3D/v1/scans/759xd9YjKW5/undistorted_depth_images/5c8f1d2de7c44d4fb95fa752c5fdce24_d0_5.png,1024,1280,406,504,1.4155678118069965,1246921,0.9513252258300782,-9.304780006408691,0.4682289958000183,1.5786000490188599,True,204624,1.0,True,,1.0,204624,1.3404009342193604,0.2929687738513516,1.349121602356229,0.006484941903386943,log-depth Laplacian fallback,,,,0.265606528370643,0.1359845343951476,0.5316635673097181,0.48669544007719023,0.31507976035475743,-0.31012740857454296,0.31021007282852947,0.13472252286023625,5.564392002770725,0.014044995633243806,0.9851843059824961,1.0,0.03778685288932719,0.007898237233808666,0.14521387580999373,0.08185051392975486,0.05822941336838636,-0.017158634754463553,0.03877217594054044,0.016838542062358748,5.564392001458315,0.9961978345059551,1.0,1.0,0.03778685288932719,0.007898237233808666,0.14521387580999373,0.08185051392975486,0.05822941336838636,-0.017158634754463553,0.03877217594054044,0.016838542062358748,5.564392001458315,0.9961978345059551,1.0,1.0,0.03824612285104151,0.008624409239598348,0.1530011885595176,0.08432695854935049,0.06051924579322416,-0.01671938199400753,0.03936252473672131,0.01709492728693831,5.816391817200022,0.9950028911214103,1.0,1.0,0.037596320158113476,0.007522038743036393,0.14092929169680787,0.08135547175640058,0.056658397953270066,-0.010673716368414318,0.03833770505630038,0.016649853754785653,5.564392004089721,0.9972580460189538,1.0,1.0,0.01136526744812727,0.05913946498185396,0.017444176599383354,ok,
759xd9YjKW5,5c8f1d2de7c44d4fb95fa752c5fdce24,5c8f1d2de7c44d4fb95fa752c5fdce24_i1_0,1,0,/mnt/priorbimda-data/PriorBIMDA-Datasets/Matterport3D/v1/scans/759xd9YjKW5/undistorted_color_images/5c8f1d2de7c44d4fb95fa752c5fdce24_i1_0.jpg,/mnt/priorbimda-data/PriorBIMDA-Datasets/Matterport3D/v1/scans/759xd9YjKW5/undistorted_depth_images/5c8f1d2de7c44d4fb95fa752c5fdce24_d1_0.png,1024,1280,406,504,1.4121168655554452,1222192,0.93245849609375,-9.317830085754395,0.46651899814605713,1.6118500232696533,True,204624,1.0,True,,1.0,204624,1.0823142528533936,0.0791015752735476,1.0365977576851275,0.04315761164622714,log-depth Laplacian fallback,,,,0.11392748555762751,0.36109610461659797,1.5417527390350327,0.58518644738294,0.35670871664002934,-0.12516486395836432,0.14875328783007094,0.06460273206956592,33.40282403588968,0.8744878055166455,0.905272657651171,0.916568755154673,0.1238578181272985,0.35051969279079875,1.4815188035644378,0.5779802876631418,0.33718940058176194,-0.04606328855163048,0.15012554179743087,0.06519869439536022,33.402824029189084,0.883825127312239,0.9054821173759933,0.9176250540013353,0.1238578181272985,0.35051969279079875,1.4815188035644378,0.5779802876631418,0.33718940058176194,-0.04606328855163048,0.15012554179743087,0.06519869439536022,33.402824029189084,0.883825127312239,0.9054821173759933,0.9176250540013353,0.12163084609365098,0.3490081276407556,1.482879536851183,0.5745532240791317,0.33730530924751295,-0.04877045922897184,0.1483950557261446,0.06444715384359014,33.3760863423433,0.881738712084517,0.9056416667757603,0.9176733279222904,0.10257428656091203,0.35285140002449994,1.5119991922488187,0.5479483278756108,0.34573868660358037,-0.08922092827466967,0.13360746804864987,0.058024986114593696,33.40282403812214,0.8745254428109495,0.9053863877361331,0.9171848612983885,0.00834647472947836,0.05893405247479677,0.01752376649528742,ok,
759xd9YjKW5,5c8f1d2de7c44d4fb95fa752c5fdce24,5c8f1d2de7c44d4fb95fa752c5fdce24_i1_1,1,1,/mnt/priorbimda-data/PriorBIMDA-Datasets/Matterport3D/v1/scans/759xd9YjKW5/undistorted_color_images/5c8f1d2de7c44d4fb95fa752c5fdce24_i1_1.jpg,/mnt/priorbimda-data/PriorBIMDA-Datasets/Matterport3D/v1/scans/759xd9YjKW5/undistorted_depth_images/5c8f1d2de7c44d4fb95fa752c5fdce24_d1_1.png,1024,1280,406,504,1.4121168655554452,1177918,0.8986801147460938,-9.321310043334961,0.46696600317955017,1.6118500232696533,True,204624,1.0,True,,1.0,204624,1.0184792280197144,0.018310561798020014,0.9960489744814558,0.022269413238300718,log-depth Laplacian fallback,,,,0.043482393876894045,0.04415857749676867,0.45933128764591913,0.21984806440672092,0.08771437024582869,-0.006259165566027727,0.0419185411482043,0.018204991110099544,8.749076290694562,0.9785732113780415,0.9935980263481838,0.9975770809173474,0.0522339757156,0.0443019587397233,0.44331711151458625,0.2349790927045966,0.08831687145266104,0.012051396291754583,0.04980235355923336,0.021628887336569834,8.749076311591377,0.9788151637040948,0.9921947028570749,0.9974064408558151,0.0522339757156,0.0443019587397233,0.44331711151458625,0.2349790927045966,0.08831687145266104,0.012051396291754583,0.04980235355923336,0.021628887336569834,8.749076311591377,0.9788151637040948,0.9921947028570749,0.9974064408558151,0.046331948836088384,0.04304811478521318,0.44552730299433746,0.2220162378830413,0.08685232021906035,0.002827430089657743,0.044453332770316434,0.019305837124357426,8.68062852938789,0.978079968215105,0.9927363364852222,0.9975668934509873,0.04291038101650214,0.04448146762896619,0.46456731303583065,0.22084190208134868,0.0880854200203071,-0.010218004524492145,0.04151727079379157,0.01803072160942672,8.749076296210577,0.9781750512344662,0.9939155357164081,0.9976152839161979,0.008473641239106655,0.05964214261621237,0.01746873464435339,ok,
759xd9YjKW5,5c8f1d2de7c44d4fb95fa752c5fdce24,5c8f1d2de7c44d4fb95fa752c5fdce24_i1_2,1,2,/mnt/priorbimda-data/PriorBIMDA-Datasets/Matterport3D/v1/scans/759xd9YjKW5/undistorted_color_images/5c8f1d2de7c44d4fb95fa752c5fdce24_i1_2.jpg,/mnt/priorbimda-data/PriorBIMDA-Datasets/Matterport3D/v1/scans/759xd9YjKW5/undistorted_depth_images/5c8f1d2de7c44d4fb95fa752c5fdce24_d1_2.png,1024,1280,406,504,1.4121168655554452,1041978,0.7949661254882813,-9.322649955749512,0.470196008682251,1.6118899583816528,True,204624,1.0,True,,1.0,204624,1.0924019813537598,0.08837892437790622,1.104584468419421,0.011090293189269726,log-depth Laplacian fallback,,,,0.09383991567145118,0.023729703062438146,0.2514967656910689,0.2477438228502057,0.09955984157282496,-0.09859530977653173,0.09862921927937437,0.0428341256874581,1.3824866873708093,0.9993186036557393,1.0,1.0,0.01336305875980647,0.0007698237630241333,0.04616582782359703,0.03533392260678312,0.017190156314161435,-0.010216385403731537,0.013476146857052253,0.005852616217335641,1.3824866848824457,0.9993186036557393,1.0,1.0,0.01336305875980647,0.0007698237630241333,0.04616582782359703,0.03533392260678312,0.017190156314161435,-0.010216385403731537,0.013476146857052253,0.005852616217335641,1.3824866848824457,0.9993186036557393,1.0,1.0,0.013349045710446945,0.0007866655001420569,0.04651347566837224,0.03495820129801303,0.017498744255043896,-0.010064854308854492,0.013470810659564347,0.0058502987362123015,1.4314494690521384,0.9993186036557393,1.0,1.0,0.009710331493624307,0.0004919832789701827,0.03662384065441474,0.025167926508741095,0.013852459653211855,0.0008738960677757864,0.009702983222936229,0.004213952071721036,1.3824866874823365,0.9993186036557393,1.0,1.0,0.008443860337138176,0.0578615041449666,0.017459962517023087,ok,
759xd9YjKW5,5c8f1d2de7c44d4fb95fa752c5fdce24,5c8f1d2de7c44d4fb95fa752c5fdce24_i1_3,1,3,/mnt/priorbimda-data/PriorBIMDA-Datasets/Matterport3D/v1/scans/759xd9YjKW5/undistorted_color_images/5c8f1d2de7c44d4fb95fa752c5fdce24_i1_3.jpg,/mnt/priorbimda-data/PriorBIMDA-Datasets/Matterport3D/v1/scans/759xd9YjKW5/undistorted_depth_images/5c8f1d2de7c44d4fb95fa752c5fdce24_d1_3.png,1024,1280,406,504,1.4121168655554452,1277970,0.9750137329101562,-9.32052993774414,0.47297799587249756,1.6119099855422974,True,190380,0.9303893971381656,True,,1.0,190380,0.9544396996498108,-0.046630812615707014,0.9408303106693489,0.014361671767682813,log-depth Laplacian fallback,,,,0.07541069985883292,0.03078709036775331,0.33180993010910115,0.2363738499349138,0.09305007318877057,0.02321399408363278,0.07370872576167975,0.03201129286641761,9.01078609174617,0.9778265530489761,0.9954498149408828,0.9993630523408218,0.06238516848316476,0.03280795763485625,0.37281884720895914,0.23194002139564318,0.09310088081114633,-0.023416818740747015,0.06386614849757788,0.027736715872911724,9.010786096603487,0.9794095323051402,0.9964435784877579,0.9994209566734743,0.06238516848316476,0.03280795763485625,0.37281884720895914,0.23194002139564318,0.09310088081114633,-0.023416818740747015,0.06386614849757788,0.027736715872911724,9.010786096603487,0.9794095323051402,0.9964435784877579,0.9994209566734743,0.06054825937656715,0.03360142562493061,0.3819245460914039,0.23067817935609886,0.09384937289654197,-0.027479790128365964,0.06230676014280835,0.027059482115291147,8.973609044066464,0.9781129447483118,0.9964036714476866,0.9994381714750737,0.0603765398478868,0.03606335920611135,0.3960003997045897,0.23700844582279532,0.09770692179707369,-0.03777851194784454,0.06273686121845126,0.027246272639103508,9.010786093380554,0.9777451739868698,0.9967088429305853,0.9994350415111466,0.01039917953312397,0.059126684442162514,0.017458023503422737,ok,
759xd9YjKW5,5c8f1d2de7c44d4fb95fa752c5fdce24,5c8f1d2de7c44d4fb95fa752c5fdce24_i1_4,1,4,/mnt/priorbimda-data/PriorBIMDA-Datasets/Matterport3D/v1/scans/759xd9YjKW5/undistorted_color_images/5c8f1d2de7c44d4fb95fa752c5fdce24_i1_4.jpg,/mnt/priorbimda-data/PriorBIMDA-Datasets/Matterport3D/v1/scans/759xd9YjKW5/undistorted_depth_images/5c8f1d2de7c44d4fb95fa752c5fdce24_d1_4.png,1024,1280,406,504,1.4121168655554452,1262032,0.96285400390625,-9.317060470581055,0.4725309908390045,1.6119099855422974,True,197522,0.9652924388146064,True,,1.0,197522,1.0551795959472656,0.053710985565385796,1.0386573070054093,0.015782157492736287,log-depth Laplacian fallback,,,,0.04814701015542596,0.021058790247698796,0.2697680530151465,0.1614511076740238,0.07197915962467287,-0.03231040502322374,0.04780373464029137,0.020760898168645868,6.431980369613526,0.9814244012830102,0.9942600504583085,0.999771004221763,0.03368915596247002,0.021440038096721174,0.2663426038046907,0.11583318544558649,0.06778659162344111,0.021400580554310863,0.031482446963723786,0.013672652993157033,6.431980376106281,0.9830820454631896,0.9933630842958023,0.9997448559149055,0.03368915596247002,0.021440038096721174,0.2663426038046907,0.11583318544558649,0.06778659162344111,0.021400580554310863,0.031482446963723786,0.013672652993157033,6.431980376106281,0.9830820454631896,0.9933630842958023,0.9997448559149055,0.03318812162596037,0.020949944253018386,0.2637606822003737,0.11210610007823223,0.06746985009532805,0.020413436075650403,0.031078220858589432,0.013497099826255929,6.430763795593314,0.9818459436844708,0.9933947792132054,0.999751194898386,0.02969460254560936,0.019253608423982004,0.2531036593891996,0.09884347515520639,0.06456472592881655,0.005618423663716733,0.027978138275391886,0.01215075106692886,6.431980371392769,0.9823086894785552,0.9935976266845848,0.999750402525451,0.009627626277506351,0.06013333238661289,0.01745582651346922,ok,
759xd9YjKW5,5c8f1d2de7c44d4fb95fa752c5fdce24,5c8f1d2de7c44d4fb95fa752c5fdce24_i1_5,1,5,/mnt/priorbimda-data/PriorBIMDA-Datasets/Matterport3D/v1/scans/759xd9YjKW5/undistorted_color_images/5c8f1d2de7c44d4fb95fa752c5fdce24_i1_5.jpg,/mnt/priorbimda-data/PriorBIMDA-Datasets/Matterport3D/v1/scans/759xd9YjKW5/undistorted_depth_images/5c8f1d2de7c44d4fb95fa752c5fdce24_d1_5.png,1024,1280,406,504,1.4121168655554452,1119890,0.8544082641601562,-9.315710067749023,0.4693009853363037,1.6118700504302979,True,204624,1.0,True,,1.0,204624,1.0972131490707397,0.09277346421542502,1.065504886004036,0.029324706025072117,log-depth Laplacian fallback,,,,0.0692206779208307,0.025089173320530938,0.2776791072688198,0.21550057672079198,0.08781009109315549,-0.02976845212332416,0.06874550740993736,0.02985579452377491,8.261023759782816,0.9812017251694363,0.997628338497531,0.9995981748207413,0.07007397497081083,0.04264955986248494,0.4067074197298555,0.24899682116890204,0.10389457598770208,0.0630050121336978,0.06409292554371457,0.027835203892671218,8.261023765670327,0.968341533543473,0.9885033351489878,0.9992008143656966,0.07007397497081083,0.04264955986248494,0.4067074197298555,0.24899682116890204,0.10389457598770208,0.0630050121336978,0.06409292554371457,0.027835203892671218,8.261023765670327,0.968341533543473,0.9885033351489878,0.9992008143656966,0.060578462458299905,0.03581679643928335,0.35687286343505387,0.20512447883453286,0.09817469396678358,0.052975413715948036,0.055233918172996,0.023987785876427928,8.265516364447992,0.9696425541794284,0.9887712186018269,0.9992901088499764,0.05278206038301299,0.02956895641763074,0.3200615748701207,0.17898254828623422,0.08921219537555553,0.033680327260301,0.048534715122839404,0.02107835895859545,8.261023761838066,0.9757529757386886,0.9909232156729679,0.9994052987346972,0.00856976117938757,0.05847359634935856,0.017433561384677887,ok,
759xd9YjKW5,5c8f1d2de7c44d4fb95fa752c5fdce24,5c8f1d2de7c44d4fb95fa752c5fdce24_i2_0,2,0,/mnt/priorbimda-data/PriorBIMDA-Datasets/Matterport3D/v1/scans/759xd9YjKW5/undistorted_color_images/5c8f1d2de7c44d4fb95fa752c5fdce24_i2_0.jpg,/mnt/priorbimda-data/PriorBIMDA-Datasets/Matterport3D/v1/scans/759xd9YjKW5/undistorted_depth_images/5c8f1d2de7c44d4fb95fa752c5fdce24_d2_0.png,1024,1280,406,504,1.4165615917841592,1247422,0.9517074584960937,-9.313549995422363,0.4559830129146576,1.6449899673461914,True,204624,1.0,True,,1.0,204624,1.0469681024551392,0.04589846576541932,1.0152870385045398,0.030727096694880704,log-depth Laplacian fallback,,,,0.03118386489273903,0.008151840323135337,0.13276396064370977,0.06675212002782023,0.0518360255310307,-0.007174620159003154,0.03037332320410157,0.013190966664605308,5.133710518161004,0.993306194695941,0.9967420808675813,0.9991734954169479,0.042051128373486575,0.01338658540120232,0.17750240743293744,0.10049454415712104,0.06430423460755223,0.038723845669197184,0.0397686095932288,0.01727128769930399,5.1337105148725675,0.9884016796240567,0.996487956762026,0.9987726687520342,0.042051128373486575,0.01338658540120232,0.17750240743293744,0.10049454415712104,0.06430423460755223,0.038723845669197184,0.0397686095932288,0.01727128769930399,5.1337105148725675,0.9884016796240567,0.996487956762026,0.9987726687520342,0.041641440797490166,0.012373126071408088,0.16971676676728897,0.09869860073760377,0.062323687552839284,0.03765690856618677,0.03950282825826621,0.01715586033213687,4.966084239541034,0.9889147377551463,0.9965593039083807,0.9988969250181574,0.029036975099550742,0.008801056165765582,0.14053240755959226,0.06582736934361558,0.05195619704524906,0.007996752008082104,0.027776236285472634,0.012063066146821639,5.133710518451524,0.9904370774284885,0.9966611138812688,0.9990316027775684,0.007930225692689419,0.06139007955789566,0.01749920193105936,ok,
759xd9YjKW5,5c8f1d2de7c44d4fb95fa752c5fdce24,5c8f1d2de7c44d4fb95fa752c5fdce24_i2_1,2,1,/mnt/priorbimda-data/PriorBIMDA-Datasets/Matterport3D/v1/scans/759xd9YjKW5/undistorted_color_images/5c8f1d2de7c44d4fb95fa752c5fdce24_i2_1.jpg,/mnt/priorbimda-data/PriorBIMDA-Datasets/Matterport3D/v1/scans/759xd9YjKW5/undistorted_depth_images/5c8f1d2de7c44d4fb95fa752c5fdce24_d2_1.png,1024,1280,406,504,1.4165615917841592,1243161,0.9484565734863282,-9.327980041503906,0.45784100890159607,1.6450200080871582,True,204624,1.0,True,,1.0,204624,1.093469262123108,0.08935545111281505,1.0446010765270999,0.045720383529336966,log-depth Laplacian fallback,,,,0.04782945874382275,0.007412927497867645,0.13258067029880016,0.10645744517860525,0.05922828537504365,-0.044330940728104194,0.049166633790849415,0.02135279774912386,3.9277951609381585,0.9972296428218067,0.9999726503646752,1.0,0.04825663505814835,0.012798271941369562,0.2040130773115913,0.14204179542325826,0.05974917596371535,0.04502451039391855,0.0464243987893964,0.020161860219910867,3.927795173034028,0.9944078039771196,0.9994779437257121,1.0,0.04825663505814835,0.012798271941369562,0.2040130773115913,0.14204179542325826,0.05974917596371535,0.04502451039391855,0.0464243987893964,0.020161860219910867,3.927795173034028,0.9944078039771196,0.9994779437257121,1.0,0.04603629497061904,0.010660805033767238,0.18461968790672373,0.13239571772815897,0.0552941346440637,0.04109837281415362,0.04449341983449318,0.019323246715125086,3.6991418978794037,0.9947834592623159,0.99957286304831,1.0,0.028693238918681137,0.0048495542582777905,0.12230385532742503,0.07419478747044612,0.03928411528371456,-0.0006958671599119722,0.028477310836235503,0.012367538955620754,3.9277951607994175,0.9960198236592043,0.9997546576831159,1.0,0.008670900948345661,0.05966353416442871,0.017410460859537125,ok,
759xd9YjKW5,5c8f1d2de7c44d4fb95fa752c5fdce24,5c8f1d2de7c44d4fb95fa752c5fdce24_i2_2,2,2,/mnt/priorbimda-data/PriorBIMDA-Datasets/Matterport3D/v1/scans/759xd9YjKW5/undistorted_color_images/5c8f1d2de7c44d4fb95fa752c5fdce24_i2_2.jpg,/mnt/priorbimda-data/PriorBIMDA-Datasets/Matterport3D/v1/scans/759xd9YjKW5/undistorted_depth_images/5c8f1d2de7c44d4fb95fa752c5fdce24_d2_2.png,1024,1280,406,504,1.4165615917841592,1164912,0.88875732421875,-9.333589553833008,0.4712670147418976,1.6451599597930908,True,204624,1.0,True,,1.0,204624,1.0982850790023804,0.09374994418075512,1.1043407501411742,0.0054986065415788266,log-depth Laplacian fallback,,,,0.08842499612275939,0.018221683838468748,0.1986995921494892,0.19423635577797596,0.0984819674906618,-0.09309781017706027,0.09309781017706027,0.040431865237173695,3.2116906156537257,0.9994239908250581,1.0,1.0,0.02827214604325426,0.0025446422641768177,0.08075905941184573,0.06709055426496296,0.03212352636453639,0.0006521340108060146,0.028197580720240718,0.012246053709822062,3.211690625395002,0.9999390511901328,1.0,1.0,0.02827214604325426,0.0025446422641768177,0.08075905941184573,0.06709055426496296,0.03212352636453639,0.0006521340108060146,0.028197580720240718,0.012246053709822062,3.211690625395002,0.9999390511901328,1.0,1.0,0.02752269157571786,0.0024644244230231454,0.07927919243184332,0.06514772993102363,0.031876234614660055,0.0010366562296187701,0.02747222258909069,0.011931034676059951,3.1859373456966233,0.9998635090032552,1.0,1.0,0.028219058053108897,0.002816421506364543,0.08664871605441622,0.06901137964799207,0.03270057699782164,0.006150778195799652,0.02798936351652869,0.012155626127212615,3.2116906195593273,1.0,1.0,1.0,0.00875463243573904,0.059131735004484653,0.01745175663381815,ok,
759xd9YjKW5,5c8f1d2de7c44d4fb95fa752c5fdce24,5c8f1d2de7c44d4fb95fa752c5fdce24_i2_3,2,3,/mnt/priorbimda-data/PriorBIMDA-Datasets/Matterport3D/v1/scans/759xd9YjKW5/undistorted_color_images/5c8f1d2de7c44d4fb95fa752c5fdce24_i2_3.jpg,/mnt/priorbimda-data/PriorBIMDA-Datasets/Matterport3D/v1/scans/759xd9YjKW5/undistorted_depth_images/5c8f1d2de7c44d4fb95fa752c5fdce24_d2_3.png,1024,1280,406,504,1.4165615917841592,1259994,0.9612991333007812,-9.324760437011719,0.48283499479293823,1.6452699899673462,True,204624,1.0,True,,1.0,204624,1.109604835510254,0.10400394789494263,1.0956851790167224,0.012624046054685756,log-depth Laplacian fallback,,,,0.08598712782451316,0.02019248030134651,0.215227365534337,0.19352662030881662,0.09961394608289902,-0.08537451439185056,0.08999216607485763,0.03908310114083169,5.132378149125815,0.995795218072467,0.998592850442145,1.0,0.037006837562290285,0.008535438176111493,0.13854631123132974,0.08579554561898842,0.05460024108387027,0.018629433449517917,0.03561731492867387,0.015468403333733378,5.1323781386085905,0.9938055260580606,0.997411892437583,0.9998515865948568,0.037006837562290285,0.008535438176111493,0.13854631123132974,0.08579554561898842,0.05460024108387027,0.018629433449517917,0.03561731492867387,0.015468403333733378,5.1323781386085905,0.9938055260580606,0.997411892437583,0.9998515865948568,0.036123573596009935,0.007919906470366096,0.13265366708767526,0.08312554501036531,0.05287607724912171,0.01739329217562409,0.03487972036707212,0.015148070085747882,4.993348508314296,0.9937833037300178,0.9973991939644157,0.9998777771957644,0.03512496349736979,0.00736612492697513,0.12699786584749073,0.0787617062318395,0.05167392600864117,0.00600533758963847,0.03418769647723143,0.014847527929044856,5.132378152066543,0.9940245747201971,0.9976634809372108,0.9998746025774726,0.008801719173789024,0.05858101323246956,0.017465809360146523,ok,
759xd9YjKW5,5c8f1d2de7c44d4fb95fa752c5fdce24,5c8f1d2de7c44d4fb95fa752c5fdce24_i2_4,2,4,/mnt/priorbimda-data/PriorBIMDA-Datasets/Matterport3D/v1/scans/759xd9YjKW5/undistorted_color_images/5c8f1d2de7c44d4fb95fa752c5fdce24_i2_4.jpg,/mnt/priorbimda-data/PriorBIMDA-Datasets/Matterport3D/v1/scans/759xd9YjKW5/undistorted_depth_images/5c8f1d2de7c44d4fb95fa752c5fdce24_d2_4.png,1024,1280,406,504,1.4165615917841592,1265770,0.9657058715820312,-9.310330390930176,0.4809759855270386,1.6452399492263794,True,204624,1.0,True,,1.0,204624,1.2445200681686401,0.21874996818255052,1.249085015098426,0.0036613271764352473,log-depth Laplacian fallback,,,,0.19381246493984278,0.09304999062726152,0.48961191024213085,0.4822749349326881,0.21954785197712728,-0.21499363298801782,0.21606610840309928,0.09383631860577589,4.4485920046505605,0.5043515014576108,0.9999897295717232,0.9999960498352781,0.03422212302257152,0.006556627418474418,0.13950936213409465,0.09259050124002935,0.04464422833523834,0.00375633516047218,0.03372591545272588,0.014646978978254467,4.448591990519133,0.9960071734991349,0.9988781532189892,1.0,0.03422212302257152,0.006556627418474418,0.13950936213409465,0.09259050124002935,0.04464422833523834,0.00375633516047218,0.03372591545272588,0.014646978978254467,4.448591990519133,0.9960071734991349,0.9988781532189892,1.0,0.03393906307700087,0.006346345208092022,0.13614832780601446,0.09060185191440642,0.04446571377502991,0.003945262001424977,0.03349135117656712,0.014545109007467078,4.429034442475015,0.9960150738285787,0.9988631425930461,1.0,0.03423558524063383,0.0068858875978408274,0.14415157495787423,0.09447980493796139,0.045100104565637206,0.007417705254230891,0.033614123969768754,0.014598428554082395,4.4485920026372,0.9959574014236394,0.9988552422636023,1.0,0.007577997632324696,0.059043158777058125,0.017446440644562244,ok,
759xd9YjKW5,5c8f1d2de7c44d4fb95fa752c5fdce24,5c8f1d2de7c44d4fb95fa752c5fdce24_i2_5,2,5,/mnt/priorbimda-data/PriorBIMDA-Datasets/Matterport3D/v1/scans/759xd9YjKW5/undistorted_color_images/5c8f1d2de7c44d4fb95fa752c5fdce24_i2_5.jpg,/mnt/priorbimda-data/PriorBIMDA-Datasets/Matterport3D/v1/scans/759xd9YjKW5/undistorted_depth_images/5c8f1d2de7c44d4fb95fa752c5fdce24_d2_5.png,1024,1280,406,504,1.4165615917841592,1267628,0.9671234130859375,-9.304730415344238,0.46755000948905945,1.6450999975204468,True,204624,1.0,True,,1.0,204624,1.1702606678009033,0.15722651698721674,1.1376069964346969,0.028299586768142537,log-depth Laplacian fallback,,,,0.12283440655720344,0.03797685206452613,0.31835128862386997,0.30998919061495694,0.13235239804716817,-0.12902571636674617,0.1309517928858333,0.056871641045654925,2.9487654787792357,0.997682285339232,1.0,1.0,0.029934344149254347,0.005592055901471264,0.127103412702855,0.08563197961624926,0.040802045753164734,0.028200800641127868,0.02904525275931757,0.012614192998856832,2.9487654719267016,0.9959191497821127,0.9982415976926985,1.0,0.029934344149254347,0.005592055901471264,0.127103412702855,0.08563197961624926,0.040802045753164734,0.028200800641127868,0.02904525275931757,0.012614192998856832,2.9487654719267016,0.9959191497821127,0.9982415976926985,1.0,0.029118298333094716,0.005062532476225687,0.11740529679835249,0.07999709770640857,0.039680266726294426,0.025755643259438438,0.028291716292766396,0.012286936269520765,3.0185599344098044,0.9960800802759169,0.9982968189405724,1.0,0.014661094783517091,0.002733866267309365,0.08249046790856902,0.03681265944286244,0.029487820334413262,-9.880200889012462e-05,0.014349083226819555,0.006231727665778242,2.9487654810745387,0.9965005506347288,0.9991062046594111,1.0,0.00894470140337944,0.05994534771889448,0.017492709681391716,ok,
759xd9YjKW5,606a5b4d7ee048d4b15fb07fc7a07fc6,606a5b4d7ee048d4b15fb07fc7a07fc6_i0_0,0,0,/mnt/priorbimda-data/PriorBIMDA-Datasets/Matterport3D/v1/scans/759xd9YjKW5/undistorted_color_images/606a5b4d7ee048d4b15fb07fc7a07fc6_i0_0.jpg,/mnt/priorbimda-data/PriorBIMDA-Datasets/Matterport3D/v1/scans/759xd9YjKW5/undistorted_depth_images/606a5b4d7ee048d4b15fb07fc7a07fc6_d0_0.png,1024,1280,406,504,1.4155678118069965,1245006,0.9498641967773438,-2.498660087585449,2.1643800735473633,1.5870800018310547,True,204624,1.0,True,,1.0,204624,1.0812578201293945,0.07812501172741114,1.070075666150386,0.010395649725458603,log-depth Laplacian fallback,,,,0.06754206193007861,0.009864448915498349,0.14367043149951442,0.1282691682517169,0.0782544900096992,-0.06988756367467047,0.07049270632961022,0.030614593373376176,3.5206443306545347,1.0,1.0,1.0,0.029723515296096258,0.002957042775710532,0.08487059311242312,0.06423600932391195,0.03615728421734701,0.00823744811227106,0.029504373622782167,0.012813586656386154,3.5206443310446076,1.0,1.0,1.0,0.029723515296096258,0.002957042775710532,0.08487059311242312,0.06423600932391195,0.03615728421734701,0.00823744811227106,0.029504373622782167,0.012813586656386154,3.5206443310446076,1.0,1.0,1.0,0.02541025913305258,0.002248853368728864,0.07484751456897772,0.05529483372800251,0.03138077215484038,0.00507937165088679,0.025280984118729945,0.010979391899848158,3.0966963762470687,1.0,1.0,1.0,0.028310197104385298,0.002473177915329667,0.07531561542982965,0.058053633627446026,0.035272533584438125,-0.002158234390153993,0.02839083047371827,0.012329981011386531,3.5206443299238166,1.0,1.0,1.0,0.00773801002651453,0.05692833010107279,0.017456116154789925,ok,
759xd9YjKW5,606a5b4d7ee048d4b15fb07fc7a07fc6,606a5b4d7ee048d4b15fb07fc7a07fc6_i0_1,0,1,/mnt/priorbimda-data/PriorBIMDA-Datasets/Matterport3D/v1/scans/759xd9YjKW5/undistorted_color_images/606a5b4d7ee048d4b15fb07fc7a07fc6_i0_1.jpg,/mnt/priorbimda-data/PriorBIMDA-Datasets/Matterport3D/v1/scans/759xd9YjKW5/undistorted_depth_images/606a5b4d7ee048d4b15fb07fc7a07fc6_d0_1.png,1024,1280,406,504,1.4155678118069965,1237493,0.9441322326660156,-2.5071399211883545,2.152559995651245,1.5872700214385986,True,204624,1.0,True,,1.0,204624,1.0482468605041504,0.0471191120765566,1.0763322549569114,0.026440089132776817,log-depth Laplacian fallback,,,,0.0726898053261843,0.011924653091647353,0.14538833951960878,0.12437674796590718,0.09252166327227412,-0.07186349856710048,0.07665205310249745,0.033289563688969695,5.827431465375142,0.9917987414878306,1.0,1.0,0.049348961577538535,0.0064770682745332805,0.1143599891371083,0.09178946096787753,0.0633101918828767,-0.024744386573444403,0.0505175723027288,0.021939502890223672,5.827431449061081,0.9996105028472888,1.0,1.0,0.049348961577538535,0.0064770682745332805,0.1143599891371083,0.09178946096787753,0.0633101918828767,-0.024744386573444403,0.0505175723027288,0.021939502890223672,5.827431449061081,0.9996105028472888,1.0,1.0,0.04459816047606712,0.005387646747653545,0.10265960953363093,0.08158509654013842,0.05861459820264677,-0.02607239573666716,0.04574624938405091,0.01986734367526336,5.249667897122962,0.9996371696647981,1.0,1.0,0.046091828387550535,0.00711311904920155,0.1307751587829208,0.09574676580675677,0.0582989795539013,0.0016956622526560457,0.0460167062608673,0.019984801604457477,5.827431463819304,0.9987717102238154,1.0,1.0,0.007868652231991291,0.059638201259076595,0.017466004937887192,ok,
759xd9YjKW5,606a5b4d7ee048d4b15fb07fc7a07fc6,606a5b4d7ee048d4b15fb07fc7a07fc6_i0_2,0,2,/mnt/priorbimda-data/PriorBIMDA-Datasets/Matterport3D/v1/scans/759xd9YjKW5/undistorted_color_images/606a5b4d7ee048d4b15fb07fc7a07fc6_i0_2.jpg,/mnt/priorbimda-data/PriorBIMDA-Datasets/Matterport3D/v1/scans/759xd9YjKW5/undistorted_depth_images/606a5b4d7ee048d4b15fb07fc7a07fc6_d0_2.png,1024,1280,406,504,1.4155678118069965,1258142,0.9598861694335937,-2.521620035171509,2.1540000438690186,1.587630033493042,True,204624,1.0,True,,1.0,204624,1.0681390762329102,0.06591795325182313,1.0635113448348235,0.004341930198921103,log-depth Laplacian fallback,,,,0.0708057877816657,0.011257359810199492,0.1326939717396068,0.1156650683266007,0.09287596224686123,-0.07278802208212655,0.07488524380567056,0.032522248160782384,5.768750475321541,0.9848657782666821,1.0,1.0,0.045383569236937336,0.0058330764229455965,0.11251873383121633,0.08800676874360373,0.05809514649481063,-0.006870068810925428,0.045939603726513366,0.019951316399246823,5.768750471971082,0.9999864880116871,1.0,1.0,0.045383569236937336,0.0058330764229455965,0.11251873383121633,0.08800676874360373,0.05809514649481063,-0.006870068810925428,0.045939603726513366,0.019951316399246823,5.768750471971082,0.9999864880116871,1.0,1.0,0.038679313526746056,0.004246068914461342,0.09213086078402942,0.07218957640458021,0.051795673266166714,-0.009976811350589128,0.03930365557081616,0.01706936073303146,5.082573171505014,0.9999944362401064,1.0,1.0,0.04507496188761332,0.005689014960464634,0.10886626601061987,0.08582529765442863,0.05876696826664815,-0.011211973841462514,0.0458272963650637,0.019902541931892097,5.768750472876766,0.999987282834529,1.0,1.0,0.007605468854308128,0.05817491374909878,0.01744831819087267,ok,
759xd9YjKW5,606a5b4d7ee048d4b15fb07fc7a07fc6,606a5b4d7ee048d4b15fb07fc7a07fc6_i0_3,0,3,/mnt/priorbimda-data/PriorBIMDA-Datasets/Matterport3D/v1/scans/759xd9YjKW5/undistorted_color_images/606a5b4d7ee048d4b15fb07fc7a07fc6_i0_3.jpg,/mnt/priorbimda-data/PriorBIMDA-Datasets/Matterport3D/v1/scans/759xd9YjKW5/undistorted_depth_images/606a5b4d7ee048d4b15fb07fc7a07fc6_d0_3.png,1024,1280,406,504,1.4155678118069965,1257245,0.9592018127441406,-2.5276100635528564,2.167259931564331,1.5878100395202637,True,204624,1.0,True,,1.0,204624,1.2360416650772095,0.21191406807673568,1.242294459130943,0.0050459719809198555,log-depth Laplacian fallback,,,,0.19196053561743678,0.07144942537868695,0.38520834419132693,0.36309989919637786,0.21822792802206517,-0.21404649129648817,0.21404649129648817,0.09295921004081728,4.251503419340122,0.5581235161006805,1.0,1.0,0.03451634991657816,0.0038365623061060792,0.09423307021035518,0.06985878787511329,0.04256847846036259,-0.0021324232404248676,0.03458215233746492,0.01501883793249866,4.251503415915421,1.0,1.0,1.0,0.03451634991657816,0.0038365623061060792,0.09423307021035518,0.06985878787511329,0.04256847846036259,-0.0021324232404248676,0.03458215233746492,0.01501883793249866,4.251503415915421,1.0,1.0,1.0,0.03130500402191487,0.0033599500243954006,0.0886368146379408,0.06373845900640979,0.039981342886572575,-0.0047011428776710705,0.03150156805071393,0.013680957175724833,3.970399267904186,1.0,1.0,1.0,0.03451344225073345,0.0039508345884257225,0.09591186197691956,0.07026600656520057,0.04261474826190598,0.002913525888112561,0.03440522728149003,0.01494200035697834,4.25150342387833,1.0,1.0,1.0,0.007474706508219242,0.058570507913827896,0.017476779408752918,ok,
759xd9YjKW5,606a5b4d7ee048d4b15fb07fc7a07fc6,606a5b4d7ee048d4b15fb07fc7a07fc6_i0_4,0,4,/mnt/priorbimda-data/PriorBIMDA-Datasets/Matterport3D/v1/scans/759xd9YjKW5/undistorted_color_images/606a5b4d7ee048d4b15fb07fc7a07fc6_i0_4.jpg,/mnt/priorbimda-data/PriorBIMDA-Datasets/Matterport3D/v1/scans/759xd9YjKW5/undistorted_depth_images/606a5b4d7ee048d4b15fb07fc7a07fc6_d0_4.png,1024,1280,406,504,1.4155678118069965,1234932,0.9421783447265625,-2.51911997795105,2.179080009460449,1.5876200199127197,True,204624,1.0,True,,1.0,204624,1.2192577123641968,0.1982422410866426,1.2090766589093318,0.008385264591221325,log-depth Laplacian fallback,,,,0.17198629846317007,0.04889038862659487,0.28481102329367936,0.2719148689037521,0.19273595935249627,-0.1892939834372147,0.18936766232459665,0.08224133079849058,3.626207194850526,0.8362573809732033,1.0,1.0,0.02967446031752947,0.002217368839819934,0.06003022555604787,0.046352031877140154,0.037349821706808346,0.008948257729754345,0.02940233853197157,0.012769273379486615,3.62620719917142,0.9993643374695935,1.0,1.0,0.02967446031752947,0.002217368839819934,0.06003022555604787,0.046352031877140154,0.037349821706808346,0.008948257729754345,0.02940233853197157,0.012769273379486615,3.62620719917142,0.9993643374695935,1.0,1.0,0.02927641793510414,0.00210474875398156,0.05869578552718249,0.04581616077850442,0.03640871431891584,0.005579203934364361,0.029115274352643616,0.012644602990452402,3.597870150262792,0.9994890406921191,1.0,1.0,0.028722672117539757,0.0021225457091553603,0.059921358829018764,0.04557603527646323,0.036266441921888305,0.0005629799069381102,0.02869427970554476,0.012461767338306557,3.6262071966423566,0.9995619191987899,1.0,1.0,0.008288079872727394,0.0580142792314291,0.017439350485801697,ok,
759xd9YjKW5,606a5b4d7ee048d4b15fb07fc7a07fc6,606a5b4d7ee048d4b15fb07fc7a07fc6_i0_5,0,5,/mnt/priorbimda-data/PriorBIMDA-Datasets/Matterport3D/v1/scans/759xd9YjKW5/undistorted_color_images/606a5b4d7ee048d4b15fb07fc7a07fc6_i0_5.jpg,/mnt/priorbimda-data/PriorBIMDA-Datasets/Matterport3D/v1/scans/759xd9YjKW5/undistorted_depth_images/606a5b4d7ee048d4b15fb07fc7a07fc6_d0_5.png,1024,1280,406,504,1.4155678118069965,1236087,0.9430595397949219,-2.504650115966797,2.177639961242676,1.587249994277954,True,204624,1.0,True,,1.0,204624,1.1243301630020142,0.11718744766418535,1.0987985732080394,0.022970070926192798,log-depth Laplacian fallback,,,,0.0973767941393338,0.02341140161393516,0.1933583129120806,0.15666712735065255,0.12281798540770043,-0.092471660239637,0.10241387744419395,0.04447778184432935,8.082851967054234,0.9662701735395648,0.9969144566685031,0.9983366866571689,0.059069688882669884,0.022358657958939515,0.2265464807443885,0.13006556488498164,0.08452289471019406,0.02471578745903103,0.05622186199911601,0.02441684442854221,8.082851959841005,0.9939114318005124,0.9965851918190225,0.9979677805850236,0.059069688882669884,0.022358657958939515,0.2265464807443885,0.13006556488498164,0.08452289471019406,0.02471578745903103,0.05622186199911601,0.02441684442854221,8.082851959841005,0.9939114318005124,0.9965851918190225,0.9979677805850236,0.05007529667714112,0.019439237010012544,0.21072591721076311,0.1111860540808328,0.07821946893005559,0.01850080887963077,0.04765688842711017,0.02069712366857289,7.600003546380295,0.9941072109002036,0.9966410131325708,0.9980389729849113,0.05370300272037444,0.018443485928050847,0.19851345452279676,0.11130947743463855,0.08084737041157576,0.0017457706004265522,0.05213684101783208,0.022642742357911586,8.082851964175283,0.9940853677775108,0.9965706297372272,0.9980478720348972,0.009111215360462666,0.05985705275088549,0.017481562681496143,ok,
759xd9YjKW5,606a5b4d7ee048d4b15fb07fc7a07fc6,606a5b4d7ee048d4b15fb07fc7a07fc6_i1_0,1,0,/mnt/priorbimda-data/PriorBIMDA-Datasets/Matterport3D/v1/scans/759xd9YjKW5/undistorted_color_images/606a5b4d7ee048d4b15fb07fc7a07fc6_i1_0.jpg,/mnt/priorbimda-data/PriorBIMDA-Datasets/Matterport3D/v1/scans/759xd9YjKW5/undistorted_depth_images/606a5b4d7ee048d4b15fb07fc7a07fc6_d1_0.png,1024,1280,406,504,1.4121168655554452,1028237,0.7844825744628906,-2.508820056915283,2.165410041809082,1.6205999851226807,True,204624,1.0,True,,1.0,204624,1.0317434072494507,0.031249999758028998,0.9780969413575088,0.05339649157517122,log-depth Laplacian fallback,,,,0.05126977708783067,0.020664684678813963,0.2222364653920407,0.13703055029768868,0.08042280539795718,0.03514175670898991,0.04801891417147295,0.02085434945165656,7.233867958073227,0.9807641623477856,0.9945362790874088,0.9993231132511279,0.07474921755093943,0.03111099988192559,0.277075027445248,0.20579935423213386,0.09818732045869773,0.06639175654648061,0.06958462055307992,0.030220216731534216,7.233867956724016,0.9779690868933913,0.9942824465565818,0.998670539963063,0.07474921755093943,0.03111099988192559,0.277075027445248,0.20579935423213386,0.09818732045869773,0.06639175654648061,0.06958462055307992,0.030220216731534216,7.233867956724016,0.9779690868933913,0.9942824465565818,0.998670539963063,0.07677326257335826,0.03269799666091196,0.28488988705112034,0.21195000104050507,0.10041910320268933,0.06762442133450747,0.07136376115105984,0.030992887675766943,7.4235664792641165,0.9779292128176675,0.9942824465565818,0.9985052084295741,0.04722331742344433,0.017445394281811025,0.20861212763780337,0.13379379949743356,0.07349668036277618,0.012995285991034939,0.04505154510797753,0.019565637441610075,7.233867960060716,0.9829552914357294,0.9947103634667883,0.9998298057743497,0.00915239006280899,0.05797516833990812,0.017443925142288208,ok,
759xd9YjKW5,606a5b4d7ee048d4b15fb07fc7a07fc6,606a5b4d7ee048d4b15fb07fc7a07fc6_i1_1,1,1,/mnt/priorbimda-data/PriorBIMDA-Datasets/Matterport3D/v1/scans/759xd9YjKW5/undistorted_color_images/606a5b4d7ee048d4b15fb07fc7a07fc6_i1_1.jpg,/mnt/priorbimda-data/PriorBIMDA-Datasets/Matterport3D/v1/scans/759xd9YjKW5/undistorted_depth_images/606a5b4d7ee048d4b15fb07fc7a07fc6_d1_1.png,1024,1280,406,504,1.4121168655554452,844249,0.6441108703613281,-2.510859966278076,2.162569999694824,1.6206400394439697,True,204624,1.0,True,,1.0,204624,1.021592140197754,0.021362332086543485,1.0264834893276298,0.004776540826105038,log-depth Laplacian fallback,,,,0.029691362677337206,0.005923774126020216,0.13122063008980075,0.09336256091608469,0.04246470357919597,-0.022528330840571303,0.029728510644263094,0.012910928128005537,3.5996185347988505,0.9955830566574553,0.9991187434039009,0.9999644654598348,0.017346742870496038,0.004527536358590522,0.11025022348024989,0.05112356338234569,0.03601506514646123,-0.0011659988209763079,0.016898762439964864,0.007339039278670674,3.5996185412531267,0.995392354625235,0.9986390271116696,0.9999455137050799,0.017346742870496038,0.004527536358590522,0.11025022348024989,0.05112356338234569,0.03601506514646123,-0.0011659988209763079,0.016898762439964864,0.007339039278670674,3.5996185412531267,0.995392354625235,0.9986390271116696,0.9999455137050799,0.0160995672482791,0.004434214105282814,0.10851017777468648,0.04674533475660227,0.035563856875128926,-0.0008510625325490595,0.015652314335436283,0.0067977137448951425,3.5553672221028667,0.9953106251828548,0.9986840375292123,0.9999443292204078,0.01669779031209457,0.004618071747754729,0.1113512119314613,0.04898148637676274,0.03617681161577333,0.00361058733561321,0.016169059457173108,0.007022133299815865,3.5996185322545804,0.9952502164645738,0.9985857253014218,0.9999455137050799,0.008963565342128277,0.05804445408284664,0.017444368451833725,ok,
759xd9YjKW5,606a5b4d7ee048d4b15fb07fc7a07fc6,606a5b4d7ee048d4b15fb07fc7a07fc6_i1_2,1,2,/mnt/priorbimda-data/PriorBIMDA-Datasets/Matterport3D/v1/scans/759xd9YjKW5/undistorted_color_images/606a5b4d7ee048d4b15fb07fc7a07fc6_i1_2.jpg,/mnt/priorbimda-data/PriorBIMDA-Datasets/Matterport3D/v1/scans/759xd9YjKW5/undistorted_depth_images/606a5b4d7ee048d4b15fb07fc7a07fc6_d1_2.png,1024,1280,406,504,1.4121168655554452,1091631,0.8328483581542969,-2.5143399238586426,2.1629199981689453,1.6207300424575806,True,204624,1.0,True,,1.0,204624,1.0137038230895996,0.013610774820235238,1.0077944894194486,0.005846505501515761,log-depth Laplacian fallback,,,,0.02738350184493936,0.026300473529457958,0.33410523903792555,0.10907016804762885,0.06237260712919026,-0.0056396126141659555,0.025698480155018695,0.01116070812462484,6.211712235490674,0.9837335143468809,0.9952199965006491,0.9980579518170517,0.02689536201688911,0.027328503650504064,0.3382138391485278,0.10752602599442312,0.06262648256088767,0.007971162143600457,0.024849853801350567,0.010792154382029089,6.211712237402501,0.983491674384476,0.9947775392967038,0.9979874151613503,0.02689536201688911,0.027328503650504064,0.3382138391485278,0.10752602599442312,0.06262648256088767,0.007971162143600457,0.024849853801350567,0.010792154382029089,6.211712237402501,0.983491674384476,0.9947775392967038,0.9979874151613503,0.02810227639853806,0.026213964859475386,0.33351652999583287,0.11357788299277193,0.06201820649924503,0.007592061150162234,0.026184599604227574,0.011371827118962115,6.155175501052098,0.9837802334305273,0.9948178459571045,0.99806253211937,0.026162739608049084,0.026707865760279725,0.3353465148606835,0.10448816795247676,0.062153448014754975,0.0021246665729261743,0.024271797186958335,0.010541107584170878,6.211712237440446,0.9836016016401147,0.9949580032080437,0.998012148793869,0.00793017353862524,0.060386902652680874,0.01743161864578724,ok,
759xd9YjKW5,606a5b4d7ee048d4b15fb07fc7a07fc6,606a5b4d7ee048d4b15fb07fc7a07fc6_i1_3,1,3,/mnt/priorbimda-data/PriorBIMDA-Datasets/Matterport3D/v1/scans/759xd9YjKW5/undistorted_color_images/606a5b4d7ee048d4b15fb07fc7a07fc6_i1_3.jpg,/mnt/priorbimda-data/PriorBIMDA-Datasets/Matterport3D/v1/scans/759xd9YjKW5/undistorted_depth_images/606a5b4d7ee048d4b15fb07fc7a07fc6_d1_3.png,1024,1280,406,504,1.4121168655554452,1219660,0.9305267333984375,-2.515779972076416,2.166110038757324,1.62076997756958,True,204624,1.0,True,,1.0,204624,1.1736942529678345,0.16015625560333474,1.1520531761374242,0.018610534553453878,log-depth Laplacian fallback,,,,0.12708603386583356,0.0601780968727878,0.45233307185034793,0.41236617026775046,0.14715199433651985,-0.13198049279048896,0.1363772698170685,0.05922789573858374,6.5075793963614945,0.9723816473443418,0.9988578784251348,0.999420330255973,0.047295530772877015,0.03408867495204944,0.4602826918910132,0.22961713532756955,0.07091355695751916,0.02817576268675892,0.04502248828248273,0.019553018222636068,6.507579394357596,0.9904858731121788,0.9972885886230589,0.9992612695341324,0.047295530772877015,0.03408867495204944,0.4602826918910132,0.22961713532756955,0.07091355695751916,0.02817576268675892,0.04502248828248273,0.019553018222636068,6.507579394357596,0.9904858731121788,0.9972885886230589,0.9992612695341324,0.041388832579048795,0.027356930680727615,0.39963304247836184,0.1942921854615839,0.0652389962620633,0.021846607010975617,0.039552203682199236,0.017177303806292604,6.147237099209286,0.990097240214486,0.9973099060393881,0.9992694685404129,0.0419129348410044,0.027483795586084207,0.4024539752580174,0.19630310966531717,0.0657750072628089,0.00956517758034923,0.04045733548246426,0.017570397552542878,6.507579395043097,0.9899644163127429,0.9976034304642277,0.9992801272485775,0.008016354404389858,0.0581836923956871,0.01741022802889347,ok,
759xd9YjKW5,606a5b4d7ee048d4b15fb07fc7a07fc6,606a5b4d7ee048d4b15fb07fc7a07fc6_i1_4,1,4,/mnt/priorbimda-data/PriorBIMDA-Datasets/Matterport3D/v1/scans/759xd9YjKW5/undistorted_color_images/606a5b4d7ee048d4b15fb07fc7a07fc6_i1_4.jpg,/mnt/priorbimda-data/PriorBIMDA-Datasets/Matterport3D/v1/scans/759xd9YjKW5/undistorted_depth_images/606a5b4d7ee048d4b15fb07fc7a07fc6_d1_4.png,1024,1280,406,504,1.4121168655554452,1249888,0.9535888671875,-2.513740062713623,2.168950080871582,1.6207200288772583,True,204624,1.0,True,,1.0,204624,0.8937719464302063,-0.11230462982901501,0.8917164052277716,0.0023024984830023604,log-depth Laplacian fallback,,,,0.1876412395157671,0.2947366699550094,1.3027756738771124,0.5578347506816722,0.3916017498639409,0.009607156942880592,0.22414040920635567,0.09734294288985702,39.14838860438261,0.881752605033411,0.913029007399063,0.9134498451061215,0.10002500289464966,0.29092425017281887,1.3388238443119602,0.43407643562534104,0.40473003826296167,-0.10269747272200128,0.15183900246312884,0.0659428409074311,39.148388596320565,0.8887196292787833,0.9134498451061215,0.9134498451061215,0.10002500289464966,0.29092425017281887,1.3388238443119602,0.43407643562534104,0.40473003826296167,-0.10269747272200128,0.15183900246312884,0.0659428409074311,39.148388596320565,0.8887196292787833,0.9134498451061215,0.9134498451061215,0.09452371303159196,0.28976489972752006,1.3369694954268547,0.4247705154267801,0.4033689007077491,-0.10620842197876891,0.14624847609799516,0.06351490615611895,38.91352479009807,0.8879443598146394,0.9134498451061215,0.9134498451061215,0.09976457732384546,0.29126450777010265,1.339771744598635,0.433956291118633,0.40532039598636876,-0.10499995408806745,0.15180857129031475,0.06592962481700015,39.148388605924836,0.8890388578816661,0.9134498451061215,0.9134498451061215,0.008381505496799946,0.0588575080037117,0.01747757103294134,ok,
759xd9YjKW5,606a5b4d7ee048d4b15fb07fc7a07fc6,606a5b4d7ee048d4b15fb07fc7a07fc6_i1_5,1,5,/mnt/priorbimda-data/PriorBIMDA-Datasets/Matterport3D/v1/scans/759xd9YjKW5/undistorted_color_images/606a5b4d7ee048d4b15fb07fc7a07fc6_i1_5.jpg,/mnt/priorbimda-data/PriorBIMDA-Datasets/Matterport3D/v1/scans/759xd9YjKW5/undistorted_depth_images/606a5b4d7ee048d4b15fb07fc7a07fc6_d1_5.png,1024,1280,406,504,1.4121168655554452,1194193,0.9110969543457031,-2.5102601051330566,2.168600082397461,1.6206400394439697,True,204624,1.0,True,,1.0,204624,1.031113862991333,0.030639638307681585,1.0382169446885852,0.006865127188175828,log-depth Laplacian fallback,,,,0.07320838874531975,0.08287148848641104,0.40039756016673345,0.1972894082382801,0.14105084899066767,-0.017859170856121775,0.06348714658898937,0.027572117435380922,13.991566037195401,0.9669710004999192,0.9823462371660192,0.9868647697650212,0.06379788862738572,0.08546872553286147,0.38715253139153444,0.14341158761000855,0.14049815798660867,0.012780467567685031,0.052000762759575325,0.022583644321243705,13.991566047580736,0.9660900708679417,0.9819710884254053,0.9866487242849356,0.06379788862738572,0.08546872553286147,0.38715253139153444,0.14341158761000855,0.14049815798660867,0.012780467567685031,0.052000762759575325,0.022583644321243705,13.991566047580736,0.9660900708679417,0.9819710884254053,0.9866487242849356,0.06325102644098103,0.08352293195932302,0.3847249375478515,0.1469139206205843,0.13974044322657442,0.0033727337318380946,0.05218670998957628,0.02266440017715829,13.969973564876057,0.9666310219537378,0.9820975336482461,0.9867542348682332,0.06352878745619372,0.08686171018278602,0.3877633041984135,0.13758776440168302,0.1412881508041595,0.019645598299922337,0.051295336872861516,0.022277281751252157,13.991566039974584,0.9658246196385342,0.9818312450332568,0.9866018306923587,0.008681842125952244,0.06003813166171312,0.017455704510211945,ok,
759xd9YjKW5,606a5b4d7ee048d4b15fb07fc7a07fc6,606a5b4d7ee048d4b15fb07fc7a07fc6_i2_0,2,0,/mnt/priorbimda-data/PriorBIMDA-Datasets/Matterport3D/v1/scans/759xd9YjKW5/undistorted_color_images/606a5b4d7ee048d4b15fb07fc7a07fc6_i2_0.jpg,/mnt/priorbimda-data/PriorBIMDA-Datasets/Matterport3D/v1/scans/759xd9YjKW5/undistorted_depth_images/606a5b4d7ee048d4b15fb07fc7a07fc6_d2_0.png,1024,1280,406,504,1.4165615917841592,1206765,0.9206886291503906,-2.4969899654388428,2.164259910583496,1.6535600423812866,True,204624,1.0,True,,1.0,204624,1.1364730596542358,0.12792965936978767,1.082636314796151,0.048530560494596905,log-depth Laplacian fallback,,,,0.0781757283359436,0.015526228892815843,0.1866526957064405,0.16703833258812428,0.08913661338169739,-0.07760979645971691,0.08156988280614134,0.035425349992202156,4.384125156333365,0.9937924948105058,0.999406678185065,1.0,0.054948281305501084,0.012791844371244188,0.17901304961901454,0.13305896613328516,0.06673937317754805,0.050319862838942256,0.052704564761188594,0.022889301646896783,4.384125153325415,0.9926157951216683,0.9990122351907786,0.9998939312956541,0.054948281305501084,0.012791844371244188,0.17901304961901454,0.13305896613328516,0.06673937317754805,0.050319862838942256,0.052704564761188594,0.022889301646896783,4.384125153325415,0.9926157951216683,0.9990122351907786,0.9998939312956541,0.05532764213040873,0.01348288114920719,0.18356007302152066,0.13472424622568452,0.06842443384700653,0.050854520455033504,0.052941630364355494,0.02299225793020123,4.577904429509153,0.9923564239930723,0.9989724594266489,0.9998425542669865,0.029629524914207617,0.005279772243423302,0.11363895446058134,0.06736698638411284,0.04387775154242153,0.0017893407926183216,0.029230039528007977,0.012694444872827802,4.38412515782379,0.9958392893396809,0.9992442604815354,1.0,0.007709289900958538,0.05850157979875803,0.01744999922811985,ok,
759xd9YjKW5,606a5b4d7ee048d4b15fb07fc7a07fc6,606a5b4d7ee048d4b15fb07fc7a07fc6_i2_1,2,1,/mnt/priorbimda-data/PriorBIMDA-Datasets/Matterport3D/v1/scans/759xd9YjKW5/undistorted_color_images/606a5b4d7ee048d4b15fb07fc7a07fc6_i2_1.jpg,/mnt/priorbimda-data/PriorBIMDA-Datasets/Matterport3D/v1/scans/759xd9YjKW5/undistorted_depth_images/606a5b4d7ee048d4b15fb07fc7a07fc6_d2_1.png,1024,1280,406,504,1.4165615917841592,1192962,0.9101577758789062,-2.5054800510406494,2.152440071105957,1.653749942779541,True,204624,1.0,True,,1.0,204624,1.0940033197402954,0.08984373849271318,1.0647772618212954,0.027078105034714972,log-depth Laplacian fallback,,,,0.07538066310878175,0.015032111138284829,0.16192719382090817,0.13415734966501036,0.10000388102663008,-0.07260708168512518,0.07952749997726427,0.034538354399686846,6.876763707993712,0.9959663425993451,0.9997929523320944,1.0,0.05884337259252816,0.01238025879825272,0.17216035077682285,0.12875622123342592,0.07089492380429487,0.017236656683411008,0.05767916956159627,0.025049745061363256,6.876763692024758,0.9904414390399694,0.9993989749883064,1.0,0.05884337259252816,0.01238025879825272,0.17216035077682285,0.12875622123342592,0.07089492380429487,0.017236656683411008,0.05767916956159627,0.025049745061363256,6.876763692024758,0.9904414390399694,0.9993989749883064,1.0,0.06186048063246184,0.013229366804243383,0.1767637972899104,0.13495449418666713,0.0730088155506424,0.020578188988358902,0.06041371135747303,0.026237341473846338,7.004873507828037,0.9901832581423381,0.9993830482446213,1.0,0.05438511878482577,0.009645957607525487,0.14237505144817986,0.10850903973369104,0.06946828151757853,-0.009841454564441927,0.05474119746714192,0.023773799992755994,6.876763707632803,0.9912905859532827,0.9995389626828013,1.0,0.007903443649411201,0.060616759583353996,0.017443238757550716,ok,
759xd9YjKW5,606a5b4d7ee048d4b15fb07fc7a07fc6,606a5b4d7ee048d4b15fb07fc7a07fc6_i2_2,2,2,/mnt/priorbimda-data/PriorBIMDA-Datasets/Matterport3D/v1/scans/759xd9YjKW5/undistorted_color_images/606a5b4d7ee048d4b15fb07fc7a07fc6_i2_2.jpg,/mnt/priorbimda-data/PriorBIMDA-Datasets/Matterport3D/v1/scans/759xd9YjKW5/undistorted_depth_images/606a5b4d7ee048d4b15fb07fc7a07fc6_d2_2.png,1024,1280,406,504,1.4165615917841592,1245431,0.9501884460449219,-2.5199499130249023,2.1538798809051514,1.6541099548339844,True,204624,1.0,True,,1.0,204624,1.1177616119384766,0.11132812475030292,1.1118269687786606,0.005323544645723391,log-depth Laplacian fallback,,,,0.10263360244342411,0.024290677879278924,0.22845491333731024,0.2173122347279277,0.11983774637223096,-0.10685546743421112,0.10921773805024922,0.047432660961178076,5.424937359077433,0.9986767633052333,0.9998418218271425,1.0,0.04562431539248518,0.007867418052183507,0.14660149441368428,0.1086473302968123,0.05443343824057259,0.004472657180673742,0.04516455800828661,0.0196147183205982,5.424937360407397,0.9951799818697302,0.9994716688439584,1.0,0.04562431539248518,0.007867418052183507,0.14660149441368428,0.1086473302968123,0.05443343824057259,0.004472657180673742,0.04516455800828661,0.0196147183205982,5.424937360407397,0.9951799818697302,0.9994716688439584,1.0,0.04604981181375327,0.008175235778808068,0.14846433318927732,0.10968303790399096,0.055426162280904086,0.006756380766691187,0.045472289834988175,0.019748364554840688,5.501282381522148,0.9951061118600709,0.9994540042764312,1.0,0.0452774990456255,0.007379542407304289,0.1394986526005602,0.10461689142407218,0.054256045445524446,-0.0008508449781789164,0.04505960838996894,0.019569139280484964,5.424937354670487,0.9953221013448357,0.9994756835183964,1.0,0.0072655584663152695,0.059945616871118546,0.01751280575990677,ok,
759xd9YjKW5,606a5b4d7ee048d4b15fb07fc7a07fc6,606a5b4d7ee048d4b15fb07fc7a07fc6_i2_3,2,3,/mnt/priorbimda-data/PriorBIMDA-Datasets/Matterport3D/v1/scans/759xd9YjKW5/undistorted_color_images/606a5b4d7ee048d4b15fb07fc7a07fc6_i2_3.jpg,/mnt/priorbimda-data/PriorBIMDA-Datasets/Matterport3D/v1/scans/759xd9YjKW5/undistorted_depth_images/606a5b4d7ee048d4b15fb07fc7a07fc6_d2_3.png,1024,1280,406,504,1.4165615917841592,1249288,0.953131103515625,-2.52593994140625,2.167140007019043,1.654289960861206,True,204624,1.0,True,,1.0,204624,1.102583646774292,0.09765619555093505,1.0789324657357366,0.021684100913329965,log-depth Laplacian fallback,,,,0.07297737224738482,0.014058648114582638,0.17331608950474328,0.15492328831270571,0.08572976492849214,-0.06964281941176766,0.07570759047323396,0.032879388780716695,4.999470271013161,0.98996548433988,0.9990026318991297,1.0,0.03806924845660745,0.010006870683544276,0.16482129236706147,0.1011704900416827,0.05730811049709194,0.02801337620066191,0.03655454426996513,0.015875436864933985,4.999470254524061,0.9916712559473876,0.997396917284085,1.0,0.03806924845660745,0.010006870683544276,0.16482129236706147,0.1011704900416827,0.05730811049709194,0.02801337620066191,0.03655454426996513,0.015875436864933985,4.999470254524061,0.9916712559473876,0.997396917284085,1.0,0.0393266542887116,0.01000167164316697,0.15980558057460853,0.10062372244154938,0.05829575283305806,0.02826313433859999,0.0377569884483583,0.016397651736406844,5.098617494705057,0.9915776026024423,0.997367300414316,1.0,0.030325194232265474,0.007069220644840819,0.1327761972293098,0.07529493742424763,0.0503937566444048,0.006329328971417928,0.029527991478024103,0.012823843760592113,4.999470275446251,0.9919786310282337,0.9976186435793828,1.0,0.008075705729424953,0.06066983286291361,0.01747267786413431,ok,
759xd9YjKW5,606a5b4d7ee048d4b15fb07fc7a07fc6,606a5b4d7ee048d4b15fb07fc7a07fc6_i2_4,2,4,/mnt/priorbimda-data/PriorBIMDA-Datasets/Matterport3D/v1/scans/759xd9YjKW5/undistorted_color_images/606a5b4d7ee048d4b15fb07fc7a07fc6_i2_4.jpg,/mnt/priorbimda-data/PriorBIMDA-Datasets/Matterport3D/v1/scans/759xd9YjKW5/undistorted_depth_images/606a5b4d7ee048d4b15fb07fc7a07fc6_d2_4.png,1024,1280,406,504,1.4165615917841592,1214563,0.9266380310058594,-2.5174601078033447,2.178960084915161,1.654099941253662,True,204624,1.0,True,,1.0,204624,1.1398074626922607,0.13085935576727095,1.1123360781080516,0.02439697708628294,log-depth Laplacian fallback,,,,0.10887536616400569,0.07929757565408818,0.6472358531149598,0.23392096475330812,0.2237607777135006,-0.12046488941756561,0.1259014861637027,0.0546783207043147,18.856589315293558,0.9727325795368376,0.9840477603878925,0.984555762031282,0.05139751103570226,0.06351976139323853,0.6082661015265528,0.1328718004141565,0.1888521670531268,0.01039446644032507,0.05997729024785691,0.026047806194153984,18.856589317287224,0.9741931871792571,0.9819984636449488,0.984555762031282,0.05139751103570226,0.06351976139323853,0.6082661015265528,0.1328718004141565,0.1888521670531268,0.01039446644032507,0.05997729024785691,0.026047806194153984,18.856589317287224,0.9741931871792571,0.9819984636449488,0.984555762031282,0.05379763064033562,0.06378332086406345,0.6085157450667652,0.13632275077422917,0.1892511147991143,0.01071540879112988,0.06231112169363818,0.02706137631274906,18.894751775862662,0.9741297898915083,0.9819276562846061,0.984555762031282,0.044924673910782524,0.06265140505525331,0.6107828920597905,0.12546355177253804,0.18908507963597007,-0.014002545402029887,0.054649287437396256,0.023733883974005884,18.856589315993823,0.9748782072235034,0.9822355859679572,0.984555762031282,0.008341789245605469,0.05908960662782192,0.017438811250030994,ok,
759xd9YjKW5,606a5b4d7ee048d4b15fb07fc7a07fc6,606a5b4d7ee048d4b15fb07fc7a07fc6_i2_5,2,5,/mnt/priorbimda-data/PriorBIMDA-Datasets/Matterport3D/v1/scans/759xd9YjKW5/undistorted_color_images/606a5b4d7ee048d4b15fb07fc7a07fc6_i2_5.jpg,/mnt/priorbimda-data/PriorBIMDA-Datasets/Matterport3D/v1/scans/759xd9YjKW5/undistorted_depth_images/606a5b4d7ee048d4b15fb07fc7a07fc6_d2_5.png,1024,1280,406,504,1.4165615917841592,1245176,0.949993896484375,-2.5029799938201904,2.1775200366973877,1.653730034828186,True,204624,1.0,True,,1.0,204624,1.1398074626922607,0.13085935576727095,1.094086870335016,0.04093924876366173,log-depth Laplacian fallback,,,,0.08844310153493916,0.024414120744018875,0.20733591595037784,0.16823956598188372,0.10758577688474673,-0.07580308092867523,0.09038318181032472,0.03925291711708241,7.634521798786887,0.9881141300506916,0.9971963802707409,0.9978549217138782,0.06170812555725498,0.02877757983069235,0.23349489227961231,0.13607925991422876,0.09412643481025827,0.05505627483853282,0.05642065183389643,0.024503177756845823,7.634521812788106,0.9780392490700109,0.9942192910881674,0.9975529563692201,0.06170812555725498,0.02877757983069235,0.23349489227961231,0.13607925991422876,0.09412643481025827,0.05505627483853282,0.05642065183389643,0.024503177756845823,7.634521812788106,0.9780392490700109,0.9942192910881674,0.9975529563692201,0.05686598750922105,0.02706699706780287,0.22436623810119885,0.12447917475372851,0.09117675798169433,0.050055638032895325,0.05187767208375244,0.022530186719960064,7.620783619269232,0.978301862547945,0.9943228909005635,0.9975641997597127,0.04193048882862989,0.01951455298387661,0.18203226086652533,0.08381195516478909,0.07763944309388601,0.014117039891645896,0.03863524589098399,0.01677907409742962,7.634521798139319,0.9816660456031918,0.9950898507520222,0.9976324632019891,0.008010771125555038,0.05861398857086897,0.017459498718380928,ok,
759xd9YjKW5,6a39f7496f3e496abad3584ae5812de4,6a39f7496f3e496abad3584ae5812de4_i0_2,0,2,/mnt/priorbimda-data/PriorBIMDA-Datasets/Matterport3D/v1/scans/759xd9YjKW5/undistorted_color_images/6a39f7496f3e496abad3584ae5812de4_i0_2.jpg,/mnt/priorbimda-data/PriorBIMDA-Datasets/Matterport3D/v1/scans/759xd9YjKW5/undistorted_depth_images/6a39f7496f3e496abad3584ae5812de4_d0_2.png,1024,1280,406,504,1.4155678118069965,912265,0.6960029602050781,-6.813320159912109,-2.120500087738037,1.5732699632644653,True,121871,0.5955850731097037,True,,1.0,121871,1.1933420896530151,0.17675784941563585,0.9125104740326427,0.26831356461506534,log-depth Laplacian fallback,,,,0.11003667092448646,0.04936149434871383,0.42212788197658324,0.18127241786726267,0.14036601823377595,0.057351096065702566,0.10554851314399724,0.04583913683153085,12.811506880483373,0.9762360717554658,0.9828777822233671,0.9891654289049783,0.2844161415844168,0.1406683569751279,0.5062749653063913,0.3966743315969475,0.2668716341899154,0.2341089453511916,0.2469527294566271,0.10725020769395986,12.811506875363568,0.29230870415942733,0.9861399922171737,0.996552536817701,0.2844161415844168,0.1406683569751279,0.5062749653063913,0.3966743315969475,0.2668716341899154,0.2341089453511916,0.2469527294566271,0.10725020769395986,12.811506875363568,0.29230870415942733,0.9861399922171737,0.996552536817701,0.27843995817473416,0.13671168808623577,0.5030883251760714,0.3879511650349939,0.2635205861415159,0.22890464368671717,0.2421837895314035,0.1051790833999071,13.055942485713226,0.3269433771985114,0.9861542424624424,0.9965777487900994,0.07028233857945836,0.04794746088592182,0.45633155382428947,0.15894264957071416,0.13260251991825875,-0.03420464041911448,0.07367436434488271,0.031996369892712255,12.811506883451019,0.9772017999155947,0.9832175957643886,0.9875989980981403,0.008733665570616722,0.05891593359410763,0.01750778593122959,ok,
759xd9YjKW5,6a39f7496f3e496abad3584ae5812de4,6a39f7496f3e496abad3584ae5812de4_i0_3,0,3,/mnt/priorbimda-data/PriorBIMDA-Datasets/Matterport3D/v1/scans/759xd9YjKW5/undistorted_color_images/6a39f7496f3e496abad3584ae5812de4_i0_3.jpg,/mnt/priorbimda-data/PriorBIMDA-Datasets/Matterport3D/v1/scans/759xd9YjKW5/undistorted_depth_images/6a39f7496f3e496abad3584ae5812de4_d0_3.png,1024,1280,406,504,1.4155678118069965,1027238,0.7837203979492188,-6.814620018005371,-2.1060099601745605,1.5734399557113647,True,185214,0.9051430917194464,True,,1.0,185214,1.0807299613952637,0.07763670300602937,0.8787396962437732,0.20690326440142595,log-depth Laplacian fallback,,,,0.22324496353459242,0.12377785111156243,0.3717592050471296,0.22039188832038972,0.2569533664696862,0.18034837840922327,0.18366630350892924,0.07976526212549583,18.3028672467645,0.7306466466388509,0.8876706274495297,0.9910166874667798,0.31846199209776394,0.1883971939119404,0.45454535488486175,0.30674282323685853,0.31631597702848635,0.2579850815647668,0.2579850815647668,0.11204149733693858,18.302867265405855,0.5465977699423114,0.8875431010145652,0.9007464677124484,0.31846199209776394,0.1883971939119404,0.45454535488486175,0.30674282323685853,0.31631597702848635,0.2579850815647668,0.2579850815647668,0.11204149733693858,18.302867265405855,0.5465977699423114,0.8875431010145652,0.9007464677124484,0.3147335970100826,0.1995743914642451,0.46992143308716827,0.3051588186155285,0.31815621624255913,0.2528646513572784,0.2528646513572784,0.10981772275285563,19.30876641003875,0.5356645684836425,0.8874642487914193,0.8922460033604676,0.1405638793175807,0.061870874743111176,0.2644969175007283,0.13703521361705778,0.19002328570511137,0.051081837915484256,0.12323789802360127,0.053521539073005685,18.302867246784746,0.8874963737712195,0.8950622932562853,0.9983849896518626,0.008762172423303127,0.058731925673782825,0.017480329610407352,ok,
759xd9YjKW5,6a39f7496f3e496abad3584ae5812de4,6a39f7496f3e496abad3584ae5812de4_i0_4,0,4,/mnt/priorbimda-data/PriorBIMDA-Datasets/Matterport3D/v1/scans/759xd9YjKW5/undistorted_color_images/6a39f7496f3e496abad3584ae5812de4_i0_4.jpg,/mnt/priorbimda-data/PriorBIMDA-Datasets/Matterport3D/v1/scans/759xd9YjKW5/undistorted_depth_images/6a39f7496f3e496abad3584ae5812de4_d0_4.png,1024,1280,406,504,1.4155678118069965,1202455,0.9174003601074219,-6.802730083465576,-2.097640037536621,1.573490023612976,True,204624,1.0,True,,1.0,204624,1.1543699502944946,0.14355469755529793,1.0114257394579507,0.1321937388798555,log-depth Laplacian fallback,,,,0.07050287149406913,0.013877700099003017,0.16998969317236381,0.10723342242062794,0.08859957188114503,-0.010424555190170572,0.0704599951717678,0.03060038709802853,8.798416213506426,0.9926109500979247,0.9981679148076228,0.9985404859225501,0.14871178357445175,0.028155881024725334,0.16958864367112672,0.1385546842115048,0.15957708973785928,0.13313014228200434,0.134867198412022,0.0585720800600922,8.798416212693095,0.8695119567884038,0.9978585477211206,0.9982934912325201,0.14871178357445175,0.028155881024725334,0.16958864367112672,0.1385546842115048,0.15957708973785928,0.13313014228200434,0.134867198412022,0.0585720800600922,8.798416212693095,0.8695119567884038,0.9978585477211206,0.9982934912325201,0.14697430268482245,0.02901068972720518,0.17810245718585255,0.14567405447689707,0.15652721019649515,0.13241675856454152,0.13362121779515662,0.058030957553629095,8.346597859701697,0.8804969832550906,0.9976830733790454,0.9982909963366613,0.07113266186348846,0.012959419669602288,0.15975935637494335,0.10101358055387837,0.08798914497080756,0.0009363976736020724,0.07028554947654078,0.030524626295199666,8.798416216621412,0.9929103376009913,0.9981496189046576,0.9985172002278672,0.00831437949091196,0.05804155766963959,0.01744260359555483,ok,
759xd9YjKW5,6a39f7496f3e496abad3584ae5812de4,6a39f7496f3e496abad3584ae5812de4_i0_5,0,5,/mnt/priorbimda-data/PriorBIMDA-Datasets/Matterport3D/v1/scans/759xd9YjKW5/undistorted_color_images/6a39f7496f3e496abad3584ae5812de4_i0_5.jpg,/mnt/priorbimda-data/PriorBIMDA-Datasets/Matterport3D/v1/scans/759xd9YjKW5/undistorted_depth_images/6a39f7496f3e496abad3584ae5812de4_d0_5.png,1024,1280,406,504,1.4155678118069965,1103572,0.8419586181640625,-6.789519786834717,-2.103749990463257,1.5733799934387207,True,174700,0.8537610446477442,True,,1.0,174700,1.1386950016021729,0.12988287125964615,1.0072216403715193,0.12268718206779787,log-depth Laplacian fallback,,,,0.06491829753126692,0.011242360830684564,0.12802721934636455,0.08148647553025863,0.0966226347883741,-0.03516225817689337,0.06819427817954302,0.02961639871075088,8.999749526152945,0.9720435096214837,0.9999528802832982,0.9999764401416491,0.12571626318512125,0.015371949423000637,0.11416179771299671,0.10698173912603892,0.13065811761027513,0.09472061308960145,0.11748548538303427,0.05102329800557697,8.999749526176,0.9901945681840424,0.9978986418647809,0.9999655663608717,0.12571626318512125,0.015371949423000637,0.11416179771299671,0.10698173912603892,0.13065811761027513,0.09472061308960145,0.11748548538303427,0.05102329800557697,8.999749526176,0.9901945681840424,0.9978986418647809,0.9999655663608717,0.1299427397397925,0.016945930279299234,0.12185710539486141,0.11322104821808572,0.1350510319340488,0.09164555283314968,0.12166886843208978,0.05284011817946937,9.91961383943843,0.9706697886499476,0.9974709398208725,0.9999583171736869,0.06499388402239903,0.010592764161638617,0.12352610791532657,0.07940977119677634,0.09424263840938528,-0.027966511032887473,0.06780294443702743,0.029446444625793804,8.999749527075476,0.9876546342241376,0.9999501618381039,0.999975533993251,0.00964962225407362,0.06000880431383848,0.01749329175800085,ok,
759xd9YjKW5,6a39f7496f3e496abad3584ae5812de4,6a39f7496f3e496abad3584ae5812de4_i1_1,1,1,/mnt/priorbimda-data/PriorBIMDA-Datasets/Matterport3D/v1/scans/759xd9YjKW5/undistorted_color_images/6a39f7496f3e496abad3584ae5812de4_i1_1.jpg,/mnt/priorbimda-data/PriorBIMDA-Datasets/Matterport3D/v1/scans/759xd9YjKW5/undistorted_depth_images/6a39f7496f3e496abad3584ae5812de4_d1_1.png,1024,1280,406,504,1.4121168655554452,1007344,0.76854248046875,-6.8010101318359375,-2.1159799098968506,1.6065399646759033,True,57722,0.282088122605364,True,,1.0,57722,0.9140740036964417,-0.08984374396050297,1.0319960040092586,0.12133853892832569,log-depth Laplacian fallback,,,,0.0623703778839299,0.03473350775345423,0.3768734512317882,0.2514706599197876,0.09221720522819224,-0.015341797421515856,0.06203820899427687,0.026942851833375133,9.093207460503525,0.9639606728188186,0.9956152019568291,0.9985794326466431,0.11193625419510987,0.06297315712360275,0.5173331903946948,0.4493862901216501,0.1390418653711352,-0.10518554143840336,0.11900831148792518,0.05168465297982928,9.093207463923177,0.9608078273161899,0.9909911609142458,0.9989794945917184,0.11193625419510987,0.06297315712360275,0.5173331903946948,0.4493862901216501,0.1390418653711352,-0.10518554143840336,0.11900831148792518,0.05168465297982928,9.093207463923177,0.9608078273161899,0.9909911609142458,0.9989794945917184,0.11824759464826147,0.06792503165984384,0.5351010841908058,0.4717576181416261,0.14613516243124322,-0.11340116702100644,0.12638287627242933,0.05488738577217747,9.21719101303626,0.9579319477755365,0.9905146603345034,0.9990033196207055,0.058609655395049316,0.041137054349863575,0.42986383623358343,0.2555380099659077,0.09235562657003603,0.01615300500636482,0.056395173507226073,0.024492112660164742,9.093207458541952,0.96057950412173,0.9953352578662304,0.9984910814974824,0.00952038262039423,0.06057098787277937,0.017448367550969124,ok,
759xd9YjKW5,6a39f7496f3e496abad3584ae5812de4,6a39f7496f3e496abad3584ae5812de4_i1_2,1,2,/mnt/priorbimda-data/PriorBIMDA-Datasets/Matterport3D/v1/scans/759xd9YjKW5/undistorted_color_images/6a39f7496f3e496abad3584ae5812de4_i1_2.jpg,/mnt/priorbimda-data/PriorBIMDA-Datasets/Matterport3D/v1/scans/759xd9YjKW5/undistorted_depth_images/6a39f7496f3e496abad3584ae5812de4_d1_2.png,1024,1280,406,504,1.4121168655554452,756800,0.577392578125,-6.804180145263672,-2.1145100593566895,1.6065599918365479,True,195893,0.9573314958167175,True,,1.0,195893,1.3067957162857056,0.26757812272112064,0.9824575962820561,0.2852762178916697,log-depth Laplacian fallback,,,,0.09490022798702975,0.16263975113854431,0.6963128525584316,0.27546892688371416,0.18489581451007553,-0.012767571500010995,0.08729538367960392,0.03791190342767915,18.44544695618308,0.8421379492600423,0.9820956659619451,0.9917151162790697,0.33522445319577393,0.30295715953473185,0.6228048476038147,0.37735491854483244,0.3145661589457861,0.2548105512831463,0.27223115308902796,0.11822848758872419,18.445446947332186,0.1536627906976744,0.9849431818181819,0.9888966701902748,0.33522445319577393,0.30295715953473185,0.6228048476038147,0.37735491854483244,0.3145661589457861,0.2548105512831463,0.27223115308902796,0.11822848758872419,18.445446947332186,0.1536627906976744,0.9849431818181819,0.9888966701902748,0.3332546161917082,0.30300246751942195,0.623368525027525,0.37664529060791335,0.31312224952447143,0.2532420949563119,0.2708542352045779,0.1176304997494736,18.41574991397409,0.1581963530655391,0.9858020613107823,0.988884778012685,0.0888445423224605,0.16319234243541528,0.7167693571028171,0.2800254298038544,0.18695349502386638,-0.030465685085858358,0.0828541538201391,0.035983101806849646,18.44544695416409,0.839593023255814,0.9815103065539112,0.9914561310782241,0.009190648794174194,0.056553931906819344,0.01744784228503704,ok,
759xd9YjKW5,6a39f7496f3e496abad3584ae5812de4,6a39f7496f3e496abad3584ae5812de4_i1_3,1,3,/mnt/priorbimda-data/PriorBIMDA-Datasets/Matterport3D/v1/scans/759xd9YjKW5/undistorted_color_images/6a39f7496f3e496abad3584ae5812de4_i1_3.jpg,/mnt/priorbimda-data/PriorBIMDA-Datasets/Matterport3D/v1/scans/759xd9YjKW5/undistorted_depth_images/6a39f7496f3e496abad3584ae5812de4_d1_3.png,1024,1280,406,504,1.4121168655554452,850277,0.6487098693847656,-6.804500102996826,-2.111020088195801,1.606600046157837,True,204624,1.0,True,,1.0,204624,1.2865357398986816,0.2519531330756515,0.973807112605798,0.2784951643660549,log-depth Laplacian fallback,,,,0.07361795210606611,0.005465332163800938,0.06306342669198146,0.05465815141140489,0.08369023931616494,0.035083294111321835,0.07123492669882041,0.030936935584080328,7.598169931697665,1.0,1.0,1.0,0.3363147427801709,0.0872405654335884,0.2506916882657419,0.24586214148841531,0.29692276621259345,0.28703642705781407,0.28703642705781407,0.1246583363764339,7.598169935729658,0.27370727421769614,1.0,1.0,0.3363147427801709,0.0872405654335884,0.2506916882657419,0.24586214148841531,0.29692276621259345,0.28703642705781407,0.28703642705781407,0.1246583363764339,7.598169935729658,0.27370727421769614,1.0,1.0,0.3356843092182318,0.08677756124708469,0.25119757913830587,0.24674666343946067,0.29559312132408777,0.2869094201498768,0.2869094201498768,0.1246031779771531,7.112157199737881,0.26017756566389544,1.0,1.0,0.0630307378494321,0.004634778216394638,0.060901744680043515,0.04952362684018931,0.07646026098911088,0.008541246225689013,0.062436056943234716,0.02711563500224404,7.598169926656749,1.0,1.0,1.0,0.008651006035506725,0.05760201346129179,0.017464306205511093,ok,
759xd9YjKW5,6a39f7496f3e496abad3584ae5812de4,6a39f7496f3e496abad3584ae5812de4_i1_4,1,4,/mnt/priorbimda-data/PriorBIMDA-Datasets/Matterport3D/v1/scans/759xd9YjKW5/undistorted_color_images/6a39f7496f3e496abad3584ae5812de4_i1_4.jpg,/mnt/priorbimda-data/PriorBIMDA-Datasets/Matterport3D/v1/scans/759xd9YjKW5/undistorted_depth_images/6a39f7496f3e496abad3584ae5812de4_d1_4.png,1024,1280,406,504,1.4121168655554452,1259587,0.9609886169433594,-6.801630020141602,-2.1090099811553955,1.606619954109192,True,204624,1.0,True,,1.0,204624,0.9940363764762878,-0.00598147694257875,1.0423837135027647,0.047491599610997394,log-depth Laplacian fallback,,,,0.11065157891868921,0.1837628989433592,0.5502022093230343,0.28535425193363995,0.18059667199399734,-0.001963353280410586,0.08911974345213354,0.03870421280989503,18.058599939974243,0.9666660580015513,0.9816066694876971,0.9878777726349987,0.11197590916510615,0.182846308156764,0.5562276263553186,0.2985600593096896,0.18076068019666336,-0.007944830240081219,0.09110980169734538,0.039568484124456606,18.05859993953482,0.9667764116333369,0.9816971753439818,0.9879484307157822,0.11197590916510615,0.182846308156764,0.5562276263553186,0.2985600593096896,0.18076068019666336,-0.007944830240081219,0.09110980169734538,0.039568484124456606,18.05859993953482,0.9667764116333369,0.9816971753439818,0.9879484307157822,0.11047822541323071,0.18341622227691773,0.5495975361151535,0.2849350743198148,0.1806469647208728,-0.004109024946032182,0.08916723787588268,0.03872483937605048,18.060022640311708,0.9665914303656675,0.9816019060215769,0.9879960653769847,0.10763668028631497,0.19735483308449564,0.5362514923246531,0.21642165235588348,0.1848654832668926,0.03954672839704947,0.0816180713163933,0.03544627799629567,18.058599939251035,0.9657411516632038,0.9811430254519934,0.9874077773111345,0.007679984904825687,0.05757413059473038,0.017434876412153244,ok,
759xd9YjKW5,6a39f7496f3e496abad3584ae5812de4,6a39f7496f3e496abad3584ae5812de4_i1_5,1,5,/mnt/priorbimda-data/PriorBIMDA-Datasets/Matterport3D/v1/scans/759xd9YjKW5/undistorted_color_images/6a39f7496f3e496abad3584ae5812de4_i1_5.jpg,/mnt/priorbimda-data/PriorBIMDA-Datasets/Matterport3D/v1/scans/759xd9YjKW5/undistorted_depth_images/6a39f7496f3e496abad3584ae5812de4_d1_5.png,1024,1280,406,504,1.4121168655554452,880830,0.6720199584960938,-6.798460006713867,-2.1104800701141357,1.6065900325775146,True,204624,1.0,True,,1.0,204624,1.1521174907684326,0.141601545587489,0.8693173728755255,0.28164854978205345,log-depth Laplacian fallback,,,,0.17432001160727362,0.03663749562811799,0.18526412951318574,0.15842112987719623,0.1769731772659679,0.15723576251116428,0.1572430948811747,0.06828980842428364,8.12183505074096,0.8212742526934823,0.9929566431661047,1.0,0.3529462843453251,0.12442340827257554,0.3430347873376333,0.3157327615433381,0.3096775051162768,0.2988373080966804,0.2988373080966804,0.12978339389321025,8.121835054081895,0.1434760396444263,0.9636399759317916,0.9937116129105503,0.3529462843453251,0.12442340827257554,0.3430347873376333,0.3157327615433381,0.3096775051162768,0.2988373080966804,0.2988373080966804,0.12978339389321025,8.121835054081895,0.1434760396444263,0.9636399759317916,0.9937116129105503,0.3643709497204471,0.1339472370915555,0.35468551759462646,0.32534685888788367,0.3194195326698129,0.3064812727932475,0.3064812727932475,0.13310312558079257,8.998926201515742,0.14287887560596255,0.8917464209892942,0.9933823779844011,0.06027048630836754,0.006650674229493984,0.07437547231162886,0.05047022492096464,0.08301730591765583,0.017188735201504175,0.05779851645971974,0.02510157676065056,8.121835053729068,0.9913252273423929,0.99683707412327,1.0,0.008681867271661758,0.058581060729920864,0.017470436170697212,ok,
759xd9YjKW5,6a39f7496f3e496abad3584ae5812de4,6a39f7496f3e496abad3584ae5812de4_i2_2,2,2,/mnt/priorbimda-data/PriorBIMDA-Datasets/Matterport3D/v1/scans/759xd9YjKW5/undistorted_color_images/6a39f7496f3e496abad3584ae5812de4_i2_2.jpg,/mnt/priorbimda-data/PriorBIMDA-Datasets/Matterport3D/v1/scans/759xd9YjKW5/undistorted_depth_images/6a39f7496f3e496abad3584ae5812de4_d2_2.png,1024,1280,406,504,1.4165615917841592,1113945,0.8498725891113281,-6.813119888305664,-2.1212399005889893,1.6397700309753418,True,169093,0.8263595668152318,True,,1.0,169093,1.3937963247299194,0.33203119314832086,1.0860952045829273,0.24944231011714893,log-depth Laplacian fallback,,,,0.08871317277814812,0.017015886853046128,0.17084725694228262,0.13353715129492108,0.10220168015433659,-0.0871914955389155,0.09206937961728842,0.03998522352004409,5.331816324721433,0.9960590513894313,0.9971264290427265,0.9981157058921222,0.2796119390543529,0.11040420814707304,0.40627546293044964,0.3701977032034366,0.2505779402077508,0.24483969774005065,0.24483969774005065,0.10633252967936412,5.331816322154926,0.2713069316707737,0.9955491518881093,0.9966578242193286,0.2796119390543529,0.11040420814707304,0.40627546293044964,0.3701977032034366,0.2505779402077508,0.24483969774005065,0.24483969774005065,0.10633252967936412,5.331816322154926,0.2713069316707737,0.9955491518881093,0.9966578242193286,0.27682849233902584,0.10811610931830526,0.4000006320770626,0.3641758655779309,0.24900198332950502,0.24247206004592511,0.24247206004592511,0.10530427769365926,5.665057633521821,0.3237457863718586,0.9955742877790196,0.9966650059024458,0.02749771008905423,0.006993797928619781,0.09901239960987601,0.04188640962633652,0.05351645072373241,-0.004602603947135202,0.026479284979428665,0.011499807351309538,5.331816327454927,0.9956891947088949,0.9967763219907626,0.9977036568232722,0.009926948696374893,0.058144960552453995,0.017447237856686115,ok,
759xd9YjKW5,6a39f7496f3e496abad3584ae5812de4,6a39f7496f3e496abad3584ae5812de4_i2_3,2,3,/mnt/priorbimda-data/PriorBIMDA-Datasets/Matterport3D/v1/scans/759xd9YjKW5/undistorted_color_images/6a39f7496f3e496abad3584ae5812de4_i2_3.jpg,/mnt/priorbimda-data/PriorBIMDA-Datasets/Matterport3D/v1/scans/759xd9YjKW5/undistorted_depth_images/6a39f7496f3e496abad3584ae5812de4_d2_3.png,1024,1280,406,504,1.4165615917841592,1052033,0.8026374816894531,-6.814420223236084,-2.1067399978637695,1.639930009841919,True,203961,0.9967599108608961,True,,1.0,203961,1.148747205734253,0.13867196224454276,1.0891265410866469,0.053295925699393676,log-depth Laplacian fallback,,,,0.07550415814784757,0.009768639888705015,0.11573265336934171,0.08977195324452086,0.09012464554936139,-0.06937309316173443,0.07859796029747915,0.03413466044604605,5.753108447240797,0.9972652949099505,0.9986245678605139,0.9996958270320417,0.07483651429990146,0.011466467216658888,0.1171461782417045,0.0815766580000582,0.09006752433823915,0.06929886895049041,0.07049755389973958,0.03061669864633398,5.753108466387592,0.9958632476357681,0.998062798410316,0.9990285475835834,0.07483651429990146,0.011466467216658888,0.1171461782417045,0.0815766580000582,0.09006752433823915,0.06929886895049041,0.07049755389973958,0.03061669864633398,5.753108466387592,0.9958632476357681,0.998062798410316,0.9990285475835834,0.0742354533828844,0.012109133794590235,0.1214585422947269,0.08257888397945382,0.09139150212675054,0.06637356458627208,0.06978774390076449,0.03030843208057937,6.282480867536182,0.9957083095302144,0.9980418865187689,0.9989962292057378,0.0419495195533723,0.005524222016521051,0.08322784941995498,0.04798226904600323,0.05971533489881397,0.016002985437062748,0.04050050366388147,0.017589145255526163,5.7531084460304305,0.9964639892474856,0.998267164623163,0.9992462213637785,0.008775606751441956,0.0569511940702796,0.017442389391362667,ok,
759xd9YjKW5,6a39f7496f3e496abad3584ae5812de4,6a39f7496f3e496abad3584ae5812de4_i2_4,2,4,/mnt/priorbimda-data/PriorBIMDA-Datasets/Matterport3D/v1/scans/759xd9YjKW5/undistorted_color_images/6a39f7496f3e496abad3584ae5812de4_i2_4.jpg,/mnt/priorbimda-data/PriorBIMDA-Datasets/Matterport3D/v1/scans/759xd9YjKW5/undistorted_depth_images/6a39f7496f3e496abad3584ae5812de4_d2_4.png,1024,1280,406,504,1.4165615917841592,1234093,0.9415382385253906,-6.802519798278809,-2.09837007522583,1.639989972114563,True,204624,1.0,True,,1.0,204624,0.9779087901115417,-0.022338874941097646,1.0649190055131463,0.08523762004908494,log-depth Laplacian fallback,,,,0.08595157163593399,0.03351826740919857,0.2630713888060518,0.1757551561220048,0.11697627392676818,-0.04504250960154773,0.0843080179202447,0.03661450696296274,10.795656992784082,0.9711845055437475,0.9944453132786589,0.9965610371341544,0.10136201255171828,0.03848044146243297,0.29590054827061485,0.21348884422025882,0.1272590741443674,-0.06738138450970618,0.10180853660360102,0.04421488565758916,10.795656984934602,0.9624639310003379,0.9946324952819601,0.9966550332916563,0.10136201255171828,0.03848044146243297,0.29590054827061485,0.21348884422025882,0.1272590741443674,-0.06738138450970618,0.10180853660360102,0.04421488565758916,10.795656984934602,0.9624639310003379,0.9946324952819601,0.9966550332916563,0.0975185795386444,0.03740243942924308,0.28787487719764754,0.2033527288953678,0.12666499427589253,-0.062330188976731885,0.09769739687567613,0.04242944035941813,11.026771203320026,0.9550884738832487,0.9945676703457519,0.996612897083121,0.05908208278714137,0.029671609768793655,0.2060014823618255,0.09367028158324164,0.10942333284772039,0.01785622549548915,0.05306984595472752,0.02304794125359377,10.795656989066135,0.9331873691853045,0.9938959219442943,0.9962717558563252,0.008005894720554352,0.058773813769221306,0.017538640648126602,ok,
759xd9YjKW5,6a39f7496f3e496abad3584ae5812de4,6a39f7496f3e496abad3584ae5812de4_i2_5,2,5,/mnt/priorbimda-data/PriorBIMDA-Datasets/Matterport3D/v1/scans/759xd9YjKW5/undistorted_color_images/6a39f7496f3e496abad3584ae5812de4_i2_5.jpg,/mnt/priorbimda-data/PriorBIMDA-Datasets/Matterport3D/v1/scans/759xd9YjKW5/undistorted_depth_images/6a39f7496f3e496abad3584ae5812de4_d2_5.png,1024,1280,406,504,1.4165615917841592,1090138,0.8317092895507813,-6.78931999206543,-2.104490041732788,1.6398799419403076,True,179135,0.8754349440925796,True,,1.0,179135,1.0686607360839844,0.0664062159879306,1.033168806378796,0.033775625475154364,log-depth Laplacian fallback,,,,0.04483275732391898,0.006767782822089728,0.10793321275846435,0.0580510012166365,0.07168655049929881,-0.03584002403964451,0.04621525891871399,0.020071031928127543,6.208425081553471,0.9850266663486641,0.995812456771528,0.9999862402741672,0.04626632901722277,0.006646637115507798,0.1027032905892561,0.055529765859933945,0.06920076804384145,0.030566192038925147,0.045185057221568826,0.019623621015810017,6.208425083785015,0.9817509342853841,0.9978938446325144,1.0,0.04626632901722277,0.006646637115507798,0.1027032905892561,0.055529765859933945,0.06920076804384145,0.030566192038925147,0.045185057221568826,0.019623621015810017,6.208425083785015,0.9817509342853841,0.9978938446325144,1.0,0.0555993988465985,0.009095373456311773,0.118600031306073,0.0697059994010769,0.08016052606733856,0.031009985286774174,0.05403384055903205,0.023466598790827745,7.391948830928495,0.9825728485751345,0.9947676349232849,1.0,0.032684615974277395,0.005410550782601538,0.09708232922580955,0.041863276365495215,0.062167151668920326,-0.003209446732579696,0.032871259106918814,0.014275806443346858,6.208425080724802,0.9841625555663595,0.9975516861168036,1.0,0.009531846269965172,0.05937329865992069,0.017462629824876785,ok,
759xd9YjKW5,6e1e523c608942daae201e0edb7cdde0,6e1e523c608942daae201e0edb7cdde0_i0_0,0,0,/mnt/priorbimda-data/PriorBIMDA-Datasets/Matterport3D/v1/scans/759xd9YjKW5/undistorted_color_images/6e1e523c608942daae201e0edb7cdde0_i0_0.jpg,/mnt/priorbimda-data/PriorBIMDA-Datasets/Matterport3D/v1/scans/759xd9YjKW5/undistorted_depth_images/6e1e523c608942daae201e0edb7cdde0_d0_0.png,1024,1280,406,504,1.4155678118069965,1241241,0.9469917297363282,-10.295700073242188,-1.3969700336456299,1.5711400508880615,True,204624,1.0,True,,1.0,204624,1.0436503887176514,0.042724556669490855,1.1408061022253995,0.08901056306965788,log-depth Laplacian fallback,,,,0.12871540747407265,0.06749955165125622,0.4576736593641697,0.3758876607677506,0.1591022587107534,-0.12137843480661188,0.13671249907938526,0.059373483957380443,10.28630365620254,0.8989479077793917,0.9918750669692671,0.9981454044782601,0.09862144852220149,0.05168298114436712,0.40613026800798596,0.28985650309553335,0.12948836568016156,-0.07865387821017242,0.10177585844622722,0.044200693714162916,10.286303655355802,0.9652960222873721,0.9910831176217995,0.996661405802741,0.09862144852220149,0.05168298114436712,0.40613026800798596,0.28985650309553335,0.12948836568016156,-0.07865387821017242,0.10177585844622722,0.044200693714162916,10.286303655355802,0.9652960222873721,0.9910831176217995,0.996661405802741,0.09652027757088558,0.05091437335290123,0.40317035101951926,0.2803329282534832,0.1302857806610247,-0.07469511642939718,0.09957645313563515,0.04324550412430408,10.674747877140442,0.951490484120328,0.9909566313068937,0.9965075275470275,0.0692874739732001,0.05506277058884885,0.4708502074448969,0.246918693399731,0.10338309721702166,0.010356664468923096,0.06549474738104387,0.028444007381234808,10.28630365644642,0.9843366437299444,0.9894637705328779,0.9939262399485677,0.007542207837104797,0.057797412388026714,0.017449280247092247,ok,
759xd9YjKW5,6e1e523c608942daae201e0edb7cdde0,6e1e523c608942daae201e0edb7cdde0_i0_1,0,1,/mnt/priorbimda-data/PriorBIMDA-Datasets/Matterport3D/v1/scans/759xd9YjKW5/undistorted_color_images/6e1e523c608942daae201e0edb7cdde0_i0_1.jpg,/mnt/priorbimda-data/PriorBIMDA-Datasets/Matterport3D/v1/scans/759xd9YjKW5/undistorted_depth_images/6e1e523c608942daae201e0edb7cdde0_d0_1.png,1024,1280,406,504,1.4155678118069965,1226300,0.9355926513671875,-10.305299758911133,-1.3860199451446533,1.571370005607605,True,204624,1.0,True,,1.0,204624,0.8586930632591248,-0.15234373952530456,0.9395946054755068,0.09003697201249411,log-depth Laplacian fallback,,,,0.16837852415343602,0.08497036601398854,0.42846012310188747,0.3439847593892994,0.20089882697770364,0.02333309884065176,0.16631697593422196,0.07223054489506854,19.953923218131735,0.6178675691103319,0.9960947565848487,0.9976759357416619,0.15654707802924955,0.09670156019614642,0.4976591846261952,0.3396523678672165,0.23761239566009823,-0.12901064068736487,0.17798642341741328,0.07729852154387828,19.953923213435175,0.7235847671858436,0.8910030172062301,0.9984750876620729,0.15654707802924955,0.09670156019614642,0.4976591846261952,0.3396523678672165,0.23761239566009823,-0.12901064068736487,0.17798642341741328,0.07729852154387828,19.953923213435175,0.7235847671858436,0.8910030172062301,0.9984750876620729,0.14676428452130305,0.08467338856236659,0.46271197524100594,0.31438281876815527,0.2218114152934239,-0.1242098155187613,0.16573757287208396,0.0719789133423841,18.37722114011448,0.7121356927342413,0.9242501834787572,0.9984392073717687,0.15153339789532275,0.08054802958651981,0.4395508453469649,0.3267354524617268,0.2033097398092569,-0.038973646381718845,0.15936132291977903,0.06920974317286228,19.953923220514927,0.7804762293076735,0.9722775829731714,0.9979833645926771,0.007448886521160603,0.05690469779074192,0.01746655534952879,ok,
759xd9YjKW5,6e1e523c608942daae201e0edb7cdde0,6e1e523c608942daae201e0edb7cdde0_i0_2,0,2,/mnt/priorbimda-data/PriorBIMDA-Datasets/Matterport3D/v1/scans/759xd9YjKW5/undistorted_color_images/6e1e523c608942daae201e0edb7cdde0_i0_2.jpg,/mnt/priorbimda-data/PriorBIMDA-Datasets/Matterport3D/v1/scans/759xd9YjKW5/undistorted_depth_images/6e1e523c608942daae201e0edb7cdde0_d0_2.png,1024,1280,406,504,1.4155678118069965,1077351,0.8219535827636719,-10.300600051879883,-1.372249960899353,1.571720004081726,True,204624,1.0,True,,1.0,204624,1.100969672203064,0.09619131167819628,1.0870411242708025,0.01273187143894118,log-depth Laplacian fallback,,,,0.08147417676899184,0.012943785836709935,0.14568544262244723,0.13255947909692795,0.09827361256716273,-0.0855199776303453,0.08607824232940203,0.03738330565559023,4.841524917942737,0.9998849028775209,1.0,1.0,0.040818977880309595,0.0045720520813727775,0.0932521402027245,0.07329475874191996,0.04957735087770706,0.010671334022911289,0.040390518872080644,0.017541379467353777,4.841524914965053,0.9995015552034574,1.0,1.0,0.040818977880309595,0.0045720520813727775,0.0932521402027245,0.07329475874191996,0.04957735087770706,0.010671334022911289,0.040390518872080644,0.017541379467353777,4.841524914965053,0.9995015552034574,1.0,1.0,0.03472462370093699,0.003381038806703849,0.07957886706994806,0.06146201637002215,0.04304643873392055,0.008426117117227181,0.03443476636780289,0.014954829019164477,4.221369964833627,0.9995739550063072,1.0,1.0,0.039131112370883306,0.0038793513515747438,0.08279864996282967,0.06622441663321692,0.04845907666289097,-0.0020605232670492164,0.03920900104040734,0.01702825279278778,4.841524919780846,0.9996277907571441,1.0,1.0,0.008024903014302254,0.056970588862895966,0.017434640787541866,ok,
759xd9YjKW5,6e1e523c608942daae201e0edb7cdde0,6e1e523c608942daae201e0edb7cdde0_i0_3,0,3,/mnt/priorbimda-data/PriorBIMDA-Datasets/Matterport3D/v1/scans/759xd9YjKW5/undistorted_color_images/6e1e523c608942daae201e0edb7cdde0_i0_3.jpg,/mnt/priorbimda-data/PriorBIMDA-Datasets/Matterport3D/v1/scans/759xd9YjKW5/undistorted_depth_images/6e1e523c608942daae201e0edb7cdde0_d0_3.png,1024,1280,406,504,1.4155678118069965,1231559,0.9396049499511718,-10.286299705505371,-1.369439959526062,1.5718400478363037,True,204624,1.0,True,,1.0,204624,1.0611213445663452,0.05932622120385342,1.0765059016485365,0.014394298859355656,log-depth Laplacian fallback,,,,0.0773220143721826,0.013489923283792702,0.1412570623029433,0.12135077534479802,0.10592803829026437,-0.08047259985484174,0.0825807559519243,0.035864366621319844,6.8883306893805845,0.949693843331907,1.0,1.0,0.05241404320119105,0.007415059690980898,0.11603469847936518,0.09404245288449636,0.07205608440195369,-0.021146378574250634,0.05401985836792587,0.023460526402385405,6.888330692218505,0.9885608403657478,1.0,1.0,0.05241404320119105,0.007415059690980898,0.11603469847936518,0.09404245288449636,0.07205608440195369,-0.021146378574250634,0.05401985836792587,0.023460526402385405,6.888330692218505,0.9885608403657478,1.0,1.0,0.04481405081404552,0.005800717719247873,0.09865464828979638,0.07706447106058513,0.06592882788794883,-0.022930659185281588,0.04639098582976862,0.020147349155920452,6.181258137310915,0.9931639491084066,1.0,1.0,0.05164134858606758,0.007898722724519275,0.1274565202751583,0.09952520891346606,0.06921344220639701,-0.006752081858383896,0.05250128111127772,0.022801016679479345,6.888330692291087,0.9947424362129625,1.0,1.0,0.007592425681650639,0.059576972387731075,0.01744949445128441,ok,
759xd9YjKW5,6e1e523c608942daae201e0edb7cdde0,6e1e523c608942daae201e0edb7cdde0_i0_4,0,4,/mnt/priorbimda-data/PriorBIMDA-Datasets/Matterport3D/v1/scans/759xd9YjKW5/undistorted_color_images/6e1e523c608942daae201e0edb7cdde0_i0_4.jpg,/mnt/priorbimda-data/PriorBIMDA-Datasets/Matterport3D/v1/scans/759xd9YjKW5/undistorted_depth_images/6e1e523c608942daae201e0edb7cdde0_d0_4.png,1024,1280,406,504,1.4155678118069965,1238885,0.9451942443847656,-10.276700019836426,-1.3803900480270386,1.5716099739074707,True,204624,1.0,True,,1.0,204624,1.1117740869522095,0.10595701597312275,1.0922476306408138,0.0177193963722896,log-depth Laplacian fallback,,,,0.09174191973839452,0.0227773769925081,0.2075017746811983,0.14512767586797767,0.1383661464738271,-0.09686119184807447,0.0999271664305286,0.043397816973006424,9.880840047175694,0.9523006574460099,0.985415918345932,0.9859906286701349,0.051932387477957864,0.014852426069248472,0.17964707624111534,0.09368163801907782,0.0992261760895673,0.009095824062863826,0.05355638439805867,0.02325924221476628,9.88084004828296,0.9812210172857044,0.9850801325385327,0.9963184637799312,0.051932387477957864,0.014852426069248472,0.17964707624111534,0.09368163801907782,0.0992261760895673,0.009095824062863826,0.05355638439805867,0.02325924221476628,9.88084004828296,0.9812210172857044,0.9850801325385327,0.9963184637799312,0.04709050067229346,0.013215206330418736,0.1686988056269454,0.08447083079790903,0.0948630965150386,0.006699056272473861,0.048855833724515456,0.021217818995339855,9.4626263402291,0.9815406595446712,0.9851116124579763,0.9966477921679575,0.04837120901932314,0.013662633132402513,0.17093237088884464,0.08541658460479759,0.09918400268553074,-0.008623595433692234,0.05087574299839897,0.022095054446932657,9.880840040461829,0.9816052337384019,0.9851971732646695,0.9958252783753133,0.007522109895944595,0.05894494242966175,0.017422188073396683,ok,
759xd9YjKW5,6e1e523c608942daae201e0edb7cdde0,6e1e523c608942daae201e0edb7cdde0_i0_5,0,5,/mnt/priorbimda-data/PriorBIMDA-Datasets/Matterport3D/v1/scans/759xd9YjKW5/undistorted_color_images/6e1e523c608942daae201e0edb7cdde0_i0_5.jpg,/mnt/priorbimda-data/PriorBIMDA-Datasets/Matterport3D/v1/scans/759xd9YjKW5/undistorted_depth_images/6e1e523c608942daae201e0edb7cdde0_d0_5.png,1024,1280,406,504,1.4155678118069965,1221980,0.9322967529296875,-10.281399726867676,-1.3941500186920166,1.5712599754333496,True,204624,1.0,True,,1.0,204624,0.9849772453308105,-0.01513673926387907,1.0701293610783504,0.0829162786341608,log-depth Laplacian fallback,,,,0.10386297379327775,0.046138014064383365,0.32501687002255353,0.24631768100608864,0.15242873982365635,-0.06411603381808123,0.10668826980966103,0.0463341268621411,13.828830366906155,0.9161933910538634,0.9881683824612514,0.9951406733334425,0.11121542256050732,0.050884682075032946,0.35228501488712405,0.27461901159160185,0.1593883841687436,-0.0792527730482957,0.11566696475604368,0.05023352453204769,13.828830381517568,0.9114330840111949,0.9842247827296683,0.995253604805316,0.11121542256050732,0.050884682075032946,0.35228501488712405,0.27461901159160185,0.1593883841687436,-0.0792527730482957,0.11566696475604368,0.05023352453204769,13.828830381517568,0.9114330840111949,0.9842247827296683,0.995253604805316,0.1048281302418648,0.04695526162975496,0.3285750668464313,0.24906154128189698,0.1545401478537826,-0.07435677704743915,0.1083943558865169,0.04707507063097155,13.547592777237739,0.9130836838573463,0.9871225388304228,0.9951537668374277,0.0882946813312348,0.037923306165439645,0.25115007727374333,0.16426293141389353,0.1383368223849529,0.003663536845402428,0.08481255977491071,0.03683362670633343,13.828830364621725,0.9173022471726214,0.9922748326486522,0.9945743792860767,0.00805409625172615,0.05902368016541004,0.017389251850545406,ok,
759xd9YjKW5,6e1e523c608942daae201e0edb7cdde0,6e1e523c608942daae201e0edb7cdde0_i1_0,1,0,/mnt/priorbimda-data/PriorBIMDA-Datasets/Matterport3D/v1/scans/759xd9YjKW5/undistorted_color_images/6e1e523c608942daae201e0edb7cdde0_i1_0.jpg,/mnt/priorbimda-data/PriorBIMDA-Datasets/Matterport3D/v1/scans/759xd9YjKW5/undistorted_depth_images/6e1e523c608942daae201e0edb7cdde0_d1_0.png,1024,1280,406,504,1.4121168655554452,1134187,0.8653160095214844,-10.292200088500977,-1.3873200416564941,1.6046500205993652,True,204624,1.0,True,,1.0,204624,0.9975615739822388,-0.0024414038202355665,0.9954890524998578,0.0020797487046996708,log-depth Laplacian fallback,,,,0.05936973196125629,0.04999410873011342,0.41563119296540707,0.21203442701175287,0.10636433608525599,0.025100938351648835,0.05364347050696161,0.023297063231313257,10.336012231380154,0.9617056093924546,0.9809140820693589,0.9988732016854364,0.05901481758533799,0.04936843497928131,0.4133258975705397,0.2104631698972815,0.1058147881149768,0.022659534659336292,0.053433037220560343,0.023205673216220427,10.336012225631205,0.9621473354922954,0.9810454537038424,0.9988784918183686,0.05901481758533799,0.04936843497928131,0.4133258975705397,0.2104631698972815,0.1058147881149768,0.022659534659336292,0.053433037220560343,0.023205673216220427,10.336012225631205,0.9621473354922954,0.9810454537038424,0.9988784918183686,0.061531971000631014,0.05167145080222932,0.42424251079675135,0.22371999655335642,0.10794763453429947,0.027388469084469118,0.055648208870893695,0.02416771004042872,10.44153416062973,0.958378997466908,0.9807791836795873,0.9988590946642838,0.0588352111150439,0.048883923692248366,0.4116742603736445,0.20983693725011907,0.10538900707408183,0.02057979422327266,0.05337595973907597,0.023180884780970832,10.336012229960172,0.9624100787612625,0.9811600732507073,0.9988864270177669,0.007589814253151417,0.05946838948875666,0.017478739842772484,ok,
759xd9YjKW5,6e1e523c608942daae201e0edb7cdde0,6e1e523c608942daae201e0edb7cdde0_i1_1,1,1,/mnt/priorbimda-data/PriorBIMDA-Datasets/Matterport3D/v1/scans/759xd9YjKW5/undistorted_color_images/6e1e523c608942daae201e0edb7cdde0_i1_1.jpg,/mnt/priorbimda-data/PriorBIMDA-Datasets/Matterport3D/v1/scans/759xd9YjKW5/undistorted_depth_images/6e1e523c608942daae201e0edb7cdde0_d1_1.png,1024,1280,406,504,1.4121168655554452,1295654,0.9885055541992187,-10.294500350952148,-1.3846800327301025,1.604699969291687,True,204624,1.0,True,,1.0,204624,0.994279146194458,-0.005737280569710852,0.9883534099874735,0.005977662208344616,log-depth Laplacian fallback,,,,0.11274680647399533,0.07471079197876278,0.4265188533800415,0.24693279394830533,0.2141430124133234,-0.09070412587263435,0.13076791354431178,0.05679178326229607,19.39845130806428,0.7121075534054616,0.9439487702735453,0.9999891946461015,0.1115935639212451,0.07601586147964418,0.4305170268918498,0.24554677955208795,0.21663549145306604,-0.09644140643209417,0.13025803267630695,0.05657034481489356,19.39845129965562,0.7124710763830467,0.9439973943660884,0.9999868792131232,0.1115935639212451,0.07601586147964418,0.4305170268918498,0.24554677955208795,0.21663549145306604,-0.09644140643209417,0.13025803267630695,0.05657034481489356,19.39845129965562,0.7124710763830467,0.9439973943660884,0.9999868792131232,0.10464308459522198,0.06946604313960426,0.4120009815790137,0.22981299537107439,0.20495790316785756,-0.09619909480592083,0.12133141747480129,0.052693565090805985,18.09792149101281,0.7134389273679547,0.9440437030256534,0.9999853355911378,0.11074573621470161,0.07746441302061383,0.43480686325998125,0.24451758163279158,0.21936192136981678,-0.10241904719504678,0.1300745583149988,0.056490662912206766,19.398451308987646,0.7128021832989363,0.9440753472763562,0.9999837919691522,0.008397061377763748,0.057392677292227745,0.01748646330088377,ok,
759xd9YjKW5,6e1e523c608942daae201e0edb7cdde0,6e1e523c608942daae201e0edb7cdde0_i1_2,1,2,/mnt/priorbimda-data/PriorBIMDA-Datasets/Matterport3D/v1/scans/759xd9YjKW5/undistorted_color_images/6e1e523c608942daae201e0edb7cdde0_i1_2.jpg,/mnt/priorbimda-data/PriorBIMDA-Datasets/Matterport3D/v1/scans/759xd9YjKW5/undistorted_depth_images/6e1e523c608942daae201e0edb7cdde0_d1_2.png,1024,1280,406,504,1.4121168655554452,725210,0.5532913208007812,-10.293399810791016,-1.381369948387146,1.6047899723052979,True,204624,1.0,True,,1.0,204624,1.1036609411239624,0.09863278213720884,1.120175231511801,0.014852347638685384,log-depth Laplacian fallback,,,,0.10520480552926456,0.030965582928699782,0.2728801818952277,0.24261559453115564,0.12183123367810111,-0.10675631949306266,0.11164633519468554,0.04848738729977277,5.870211025017079,0.993870740888846,0.9999889687125109,0.999990347623447,0.040972521150221056,0.010436747593204074,0.16315319314651588,0.10469204973354906,0.059261535627396895,-0.008123537347255405,0.040281443959114024,0.0174940088345383,5.870211023366177,0.9934860247376622,0.9984211469781167,0.999990347623447,0.040972521150221056,0.010436747593204074,0.16315319314651588,0.10469204973354906,0.059261535627396895,-0.008123537347255405,0.040281443959114024,0.0174940088345383,5.870211023366177,0.9934860247376622,0.9984211469781167,0.999990347623447,0.03909077534682587,0.009704147846271884,0.15687338704003553,0.09960305024751015,0.057121894068362336,-0.008937724868422495,0.03844873867789092,0.01669807504394815,5.641832907959603,0.9935122240454489,0.9983715061844155,0.999990347623447,0.03795479019915892,0.010978520346709366,0.16850240514686443,0.09714786400838839,0.05908650238992506,0.006728820034036379,0.03668709388399921,0.01593300243088741,5.870211023144031,0.9933895009721322,0.9975910425945588,0.999990347623447,0.008625190705060959,0.05920680146664381,0.01745048351585865,ok,
759xd9YjKW5,6e1e523c608942daae201e0edb7cdde0,6e1e523c608942daae201e0edb7cdde0_i1_3,1,3,/mnt/priorbimda-data/PriorBIMDA-Datasets/Matterport3D/v1/scans/759xd9YjKW5/undistorted_color_images/6e1e523c608942daae201e0edb7cdde0_i1_3.jpg,/mnt/priorbimda-data/PriorBIMDA-Datasets/Matterport3D/v1/scans/759xd9YjKW5/undistorted_depth_images/6e1e523c608942daae201e0edb7cdde0_d1_3.png,1024,1280,406,504,1.4121168655554452,1279583,0.9762443542480469,-10.289999961853027,-1.3806899785995483,1.6048200130462646,True,201109,0.9828221518492455,True,,1.0,201109,1.0075048208236694,0.007476799763897821,1.0189855194497128,0.011330743825878913,log-depth Laplacian fallback,,,,0.031510079713222755,0.017616695253431035,0.28523050353333573,0.1486204640845238,0.05426071451661202,-0.012070695727947597,0.030784595343383896,0.013369579885256163,5.290107224335418,0.9899428173084512,0.9954711808456349,0.9999992184954004,0.02873185389609714,0.017171882957120146,0.27912542086481656,0.13359044345242277,0.05310016320808881,-0.004593895899610781,0.02778214600453785,0.01206563270520126,5.290107232551347,0.989766197268954,0.9953140984211263,0.9999976554862013,0.02873185389609714,0.017171882957120146,0.27912542086481656,0.13359044345242277,0.05310016320808881,-0.004593895899610781,0.02778214600453785,0.01206563270520126,5.290107232551347,0.989766197268954,0.9953140984211263,0.9999976554862013,0.027831398079157903,0.01695934206707258,0.277982211850765,0.12978045497753807,0.052587534431108966,-0.006342494480237446,0.02692445955351071,0.011693144212316991,5.2203654482337045,0.9897615082413568,0.9952695526589522,1.0,0.027450949793381734,0.017451690498768643,0.27808370852942743,0.12199909621979334,0.05332830806080865,0.006736838470035118,0.026186066812156426,0.011372464319269412,5.290107227700743,0.9894614104751314,0.9950585464170749,0.9999937479632036,0.009049530141055584,0.059648510068655014,0.017435595393180847,ok,
759xd9YjKW5,6e1e523c608942daae201e0edb7cdde0,6e1e523c608942daae201e0edb7cdde0_i1_4,1,4,/mnt/priorbimda-data/PriorBIMDA-Datasets/Matterport3D/v1/scans/759xd9YjKW5/undistorted_color_images/6e1e523c608942daae201e0edb7cdde0_i1_4.jpg,/mnt/priorbimda-data/PriorBIMDA-Datasets/Matterport3D/v1/scans/759xd9YjKW5/undistorted_depth_images/6e1e523c608942daae201e0edb7cdde0_d1_4.png,1024,1280,406,504,1.4121168655554452,1182685,0.9023170471191406,-10.287699699401855,-1.38332998752594,1.6047600507736206,True,204624,1.0,True,,1.0,204624,1.0833717584609985,0.08007817639312799,1.0231654971086228,0.057176926253242465,log-depth Laplacian fallback,,,,0.08220797604071728,0.04576213909682641,0.4105876466171173,0.23604231229872652,0.10779993448304405,-0.015137106360228383,0.08121843489911994,0.03527271810550631,10.67318784880493,0.9756266461483827,0.9961418298194363,0.9984408358945958,0.09715361708215303,0.06297160794289043,0.4574671344497093,0.23226570827990795,0.12493612960336542,0.06494107010856771,0.08923790407847405,0.03875552931789297,10.673187852475479,0.9657905528521965,0.9934538782516055,0.9976274324947049,0.09715361708215303,0.06297160794289043,0.4574671344497093,0.23226570827990795,0.12493612960336542,0.06494107010856771,0.08923790407847405,0.03875552931789297,10.673187852475479,0.9657905528521965,0.9934538782516055,0.9976274324947049,0.09577727455748535,0.05869975418367976,0.43917885440488935,0.22527083003177303,0.1219607519594368,0.05987786517081549,0.08836975084678311,0.038378495159923136,10.625001779339573,0.9667333229050846,0.9945539175689215,0.9976392699662209,0.08274592445655057,0.046736733599587,0.4068831010545608,0.2245589937380254,0.1070139024245058,0.0077641118302207756,0.07987461124768584,0.034689102909037366,10.673187846004337,0.9733876729644834,0.9956497292178391,0.9983182335110363,0.010142071172595024,0.05976977199316025,0.017629507929086685,ok,
759xd9YjKW5,6e1e523c608942daae201e0edb7cdde0,6e1e523c608942daae201e0edb7cdde0_i1_5,1,5,/mnt/priorbimda-data/PriorBIMDA-Datasets/Matterport3D/v1/scans/759xd9YjKW5/undistorted_color_images/6e1e523c608942daae201e0edb7cdde0_i1_5.jpg,/mnt/priorbimda-data/PriorBIMDA-Datasets/Matterport3D/v1/scans/759xd9YjKW5/undistorted_depth_images/6e1e523c608942daae201e0edb7cdde0_d1_5.png,1024,1280,406,504,1.4121168655554452,1133394,0.8647109985351562,-10.288800239562988,-1.386639952659607,1.6046799421310425,True,204624,1.0,True,,1.0,204624,0.9744530916213989,-0.025878897035675443,0.9935248381793677,0.019382680416710478,log-depth Laplacian fallback,,,,0.19368267761784588,0.13999369682912857,0.47357215263822244,0.3198543056412143,0.2644167277213324,0.10491817454962517,0.15191286052223335,0.06597491705494431,24.271049121954253,0.7861211546911312,0.7991704561696992,0.9881876911294748,0.19114020375932897,0.13136377545452108,0.49142411535684705,0.3561496017030953,0.2552559302198364,0.07903927763105,0.1543307907668343,0.06702501081780148,24.271049112874334,0.7873007974279024,0.8000412919073155,0.9885044388800365,0.19114020375932897,0.13136377545452108,0.49142411535684705,0.3561496017030953,0.2552559302198364,0.07903927763105,0.1543307907668343,0.06702501081780148,24.271049112874334,0.7873007974279024,0.8000412919073155,0.9885044388800365,0.18669977121216436,0.1278544300610145,0.47975522162107276,0.34078083899407713,0.2520823226781818,0.08160768492148066,0.15045580097387443,0.0653421241332876,23.85071973098156,0.7871596285140031,0.799744837188127,0.9884267959773918,0.19216114880752677,0.13729530989535457,0.4756741440083975,0.32600877986998006,0.26190698078369395,0.0984219692244483,0.151644313933098,0.0658582887531488,24.27104912384547,0.7864052571303536,0.7993936795148024,0.9882609225035601,0.007570154964923859,0.062213546596467495,0.017452522180974483,ok,
759xd9YjKW5,6e1e523c608942daae201e0edb7cdde0,6e1e523c608942daae201e0edb7cdde0_i2_0,2,0,/mnt/priorbimda-data/PriorBIMDA-Datasets/Matterport3D/v1/scans/759xd9YjKW5/undistorted_color_images/6e1e523c608942daae201e0edb7cdde0_i2_0.jpg,/mnt/priorbimda-data/PriorBIMDA-Datasets/Matterport3D/v1/scans/759xd9YjKW5/undistorted_depth_images/6e1e523c608942daae201e0edb7cdde0_d2_0.png,1024,1280,406,504,1.4165615917841592,1239214,0.9454452514648437,-10.295900344848633,-1.398569941520691,1.637619972229004,True,204624,1.0,True,,1.0,204624,0.9100658893585205,-0.09423827620393707,1.0349792027555584,0.12861960876340103,log-depth Laplacian fallback,,,,0.045734111630421355,0.011269123658627974,0.15473050568753174,0.09638788413629527,0.06608581143883982,-0.02970920401697552,0.04567443749110131,0.019836156166420316,5.903132787095016,0.9893158082461948,0.9979446649247022,0.9994181795880291,0.12329355784853242,0.03715447016227557,0.29398103270033343,0.27776451049769824,0.13728683684870865,-0.12394748034114335,0.13109038191345077,0.056931829495601556,5.90313280301725,0.9874977203291764,0.9989396504558534,0.9996513919306915,0.12329355784853242,0.03715447016227557,0.29398103270033343,0.27776451049769824,0.13728683684870865,-0.12394748034114335,0.13109038191345077,0.056931829495601556,5.90313280301725,0.9874977203291764,0.9989396504558534,0.9996513919306915,0.11936219174541311,0.03526954636557927,0.28705294852269075,0.26850689468188055,0.13375020276546795,-0.1194668168666509,0.12669960590182192,0.05502493970247795,6.013980717922106,0.9874331632793044,0.9989364226033599,0.9996812495662574,0.034937743580036186,0.010988801845886832,0.15654246604894798,0.07923645317028948,0.05921593244851913,0.004672149294755278,0.03354932132948173,0.014570285124992984,5.903132792606904,0.9874016917174919,0.9965808972461576,0.9992414546640047,0.01105643343180418,0.05922464653849602,0.01749565079808235,ok,
759xd9YjKW5,6e1e523c608942daae201e0edb7cdde0,6e1e523c608942daae201e0edb7cdde0_i2_1,2,1,/mnt/priorbimda-data/PriorBIMDA-Datasets/Matterport3D/v1/scans/759xd9YjKW5/undistorted_color_images/6e1e523c608942daae201e0edb7cdde0_i2_1.jpg,/mnt/priorbimda-data/PriorBIMDA-Datasets/Matterport3D/v1/scans/759xd9YjKW5/undistorted_depth_images/6e1e523c608942daae201e0edb7cdde0_d2_1.png,1024,1280,406,504,1.4165615917841592,1233307,0.9409385681152344,-10.305500030517578,-1.387619972229004,1.637850046157837,True,204624,1.0,True,,1.0,204624,1.0248396396636963,0.024536151242344144,1.0025762556161835,0.0219632084840347,log-depth Laplacian fallback,,,,0.03680103710423674,0.007553315239990957,0.10320761723312392,0.061215643347237725,0.06238370420814921,-0.0102621344320905,0.036022121926483415,0.015644208779117888,6.1533853671191086,0.9899724886017837,0.9961437014465985,0.9976940048179407,0.04054689564424578,0.008078582948858954,0.10632655613427942,0.06804940766910089,0.06316773471267528,0.014274016808323294,0.038833510443181826,0.016865179298406172,6.153385371392424,0.9884854298240422,0.9959036963221647,0.9976453551305555,0.04054689564424578,0.008078582948858954,0.10632655613427942,0.06804940766910089,0.06316773471267528,0.014274016808323294,0.038833510443181826,0.016865179298406172,6.153385371392424,0.9884854298240422,0.9959036963221647,0.9976453551305555,0.04068560308714089,0.008783581221324461,0.11324645814688782,0.07085744410497033,0.06466811198619343,0.014837077791904246,0.038888724345775,0.01688915839162674,6.2943036393677705,0.9880856915593603,0.9957796396193324,0.9976096786931397,0.036847502950323276,0.007503880626762145,0.10257181660731879,0.061221904988076066,0.062012411505417905,-0.007689215300560688,0.03597386310281121,0.015623250238293907,6.1533853680546535,0.9896303191338409,0.9961218090872751,0.9976883290210791,0.007834228686988354,0.06195416022092104,0.0174544807523489,ok,
759xd9YjKW5,6e1e523c608942daae201e0edb7cdde0,6e1e523c608942daae201e0edb7cdde0_i2_2,2,2,/mnt/priorbimda-data/PriorBIMDA-Datasets/Matterport3D/v1/scans/759xd9YjKW5/undistorted_color_images/6e1e523c608942daae201e0edb7cdde0_i2_2.jpg,/mnt/priorbimda-data/PriorBIMDA-Datasets/Matterport3D/v1/scans/759xd9YjKW5/undistorted_depth_images/6e1e523c608942daae201e0edb7cdde0_d2_2.png,1024,1280,406,504,1.4165615917841592,1064897,0.8124519348144531,-10.300800323486328,-1.3738600015640259,1.638200044631958,True,204624,1.0,True,,1.0,204624,1.2252256870269775,0.20312506133537114,1.1897384156325732,0.02939159717178283,log-depth Laplacian fallback,,,,0.15648546333751265,0.054035336390095,0.35010433627230725,0.3437650147259093,0.17149268000499496,-0.1696327627877733,0.17030287269711888,0.07396159786463076,2.5188590359180947,0.9933758851795056,1.0,1.0,0.0350293852793587,0.004807352882114677,0.10913078474550116,0.08229935498985878,0.04190702970168033,0.033492298449552496,0.0341360035854328,0.01482507799138309,2.5188590333395418,0.9980702359007491,0.9997811994962893,1.0,0.0350293852793587,0.004807352882114677,0.10913078474550116,0.08229935498985878,0.04190702970168033,0.033492298449552496,0.0341360035854328,0.01482507799138309,2.5188590333395418,0.9980702359007491,0.9997811994962893,1.0,0.03316233721218808,0.004903932591572605,0.11055135065750643,0.07930087497730064,0.042002289381488166,0.03144434384365716,0.032263062669167585,0.014011670086518277,2.784682304192228,0.9980542719154998,0.9997220388450714,1.0,0.015289488607726973,0.0018770395209513615,0.06827088102897691,0.03669871924231221,0.025520201395206926,0.0041006821881359005,0.01506526267158702,0.006542760446693282,2.5188590370320973,0.9981941915509199,1.0,1.0,0.00792193878442049,0.058690004982054234,0.01744301151484251,ok,
759xd9YjKW5,6e1e523c608942daae201e0edb7cdde0,6e1e523c608942daae201e0edb7cdde0_i2_3,2,3,/mnt/priorbimda-data/PriorBIMDA-Datasets/Matterport3D/v1/scans/759xd9YjKW5/undistorted_color_images/6e1e523c608942daae201e0edb7cdde0_i2_3.jpg,/mnt/priorbimda-data/PriorBIMDA-Datasets/Matterport3D/v1/scans/759xd9YjKW5/undistorted_depth_images/6e1e523c608942daae201e0edb7cdde0_d2_3.png,1024,1280,406,504,1.4165615917841592,1263095,0.9636650085449219,-10.286499977111816,-1.3710399866104126,1.638319969177246,True,204624,1.0,True,,1.0,204624,1.043395757675171,0.04248054573165511,1.0250426076850843,0.017746365531975717,log-depth Laplacian fallback,,,,0.026869704173006496,0.0025461459458428915,0.09177431570981319,0.07343298542110183,0.030044564784588463,-0.02663408222108673,0.027249604291903748,0.01183435277802096,1.3903292320012735,0.9995487275303916,1.0,1.0,0.017471630906682755,0.0015239158781847446,0.0712927448411816,0.0512226785364513,0.021081080242458652,0.015846463442305295,0.01726021255659619,0.007496015069806941,1.39032924359902,0.9994149292016832,1.0,1.0,0.017471630906682755,0.0015239158781847446,0.0712927448411816,0.0512226785364513,0.021081080242458652,0.015846463442305295,0.01726021255659619,0.007496015069806941,1.39032924359902,0.9994149292016832,1.0,1.0,0.019203771478322574,0.0017370123270225649,0.07493398870546641,0.055284633988847,0.022880126185412183,0.016218953365336207,0.01895711626366733,0.008232970986109119,1.6138330954390347,0.9994014701982036,1.0,1.0,0.007945999825425074,0.0007542735875539573,0.05319832362277556,0.023558668412178768,0.014032497860344805,-0.0018998577349285872,0.007938510907938841,0.003447651481846611,1.390329230030116,0.9994940998103864,1.0,1.0,0.008697991259396076,0.05810039862990379,0.01751022133976221,ok,
759xd9YjKW5,6e1e523c608942daae201e0edb7cdde0,6e1e523c608942daae201e0edb7cdde0_i2_4,2,4,/mnt/priorbimda-data/PriorBIMDA-Datasets/Matterport3D/v1/scans/759xd9YjKW5/undistorted_color_images/6e1e523c608942daae201e0edb7cdde0_i2_4.jpg,/mnt/priorbimda-data/PriorBIMDA-Datasets/Matterport3D/v1/scans/759xd9YjKW5/undistorted_depth_images/6e1e523c608942daae201e0edb7cdde0_d2_4.png,1024,1280,406,504,1.4165615917841592,1222806,0.9329269409179688,-10.277000427246094,-1.3819899559020996,1.6380900144577026,True,204624,1.0,True,,1.0,204624,1.1074397563934326,0.10205082542461784,1.1131254789272642,0.005120979891779787,log-depth Laplacian fallback,,,,0.10485980245701469,0.023581860809221138,0.2203956670435476,0.20272427708188817,0.11813391182361428,-0.1034869063998231,0.11017210270463826,0.04784713626430276,5.697439184882739,0.9894472222085924,0.9972849331782802,1.0,0.03176325859198405,0.008378566336942932,0.12769508694010637,0.06433366731706129,0.05699248777094198,-0.001436080926137399,0.030717729725024685,0.013340540516173713,5.69743919133373,0.9890015259984004,0.9961416610647968,0.9981288937084051,0.03176325859198405,0.008378566336942932,0.12769508694010637,0.06433366731706129,0.05699248777094198,-0.001436080926137399,0.030717729725024685,0.013340540516173713,5.69743919133373,0.9890015259984004,0.9961416610647968,0.9981288937084051,0.03355232966438697,0.00870047503032622,0.1277285145429498,0.06472131177994733,0.05915328080138369,-0.002500471925798613,0.032564956844591916,0.0141427810610238,5.910040837181788,0.9892206940430452,0.9960729666030426,0.998076555070878,0.031645493037515564,0.00870571451381201,0.13227977384573736,0.06710272222658925,0.05709342848800199,0.0036848670645594577,0.03043784138799009,0.013218986555850512,5.697439188996335,0.9890424155589684,0.9960754199766766,0.9980749194884553,0.007862315513193607,0.058926086872816086,0.01760908868163824,ok,
759xd9YjKW5,6e1e523c608942daae201e0edb7cdde0,6e1e523c608942daae201e0edb7cdde0_i2_5,2,5,/mnt/priorbimda-data/PriorBIMDA-Datasets/Matterport3D/v1/scans/759xd9YjKW5/undistorted_color_images/6e1e523c608942daae201e0edb7cdde0_i2_5.jpg,/mnt/priorbimda-data/PriorBIMDA-Datasets/Matterport3D/v1/scans/759xd9YjKW5/undistorted_depth_images/6e1e523c608942daae201e0edb7cdde0_d2_5.png,1024,1280,406,504,1.4165615917841592,1245572,0.9502960205078125,-10.281700134277344,-1.3957600593566895,1.6377400159835815,True,204624,1.0,True,,1.0,204624,1.03376042842865,0.0332030552648808,0.9889358315599098,0.044328886872913614,log-depth Laplacian fallback,,,,0.04499976687126804,0.018180029936297953,0.19941082234086224,0.09950002246348272,0.07783812244500526,0.01814434897399216,0.042096212449895476,0.018282152776016553,7.569383003966454,0.9835176127915528,0.992794475148767,0.9978291098386926,0.06358094819108445,0.026509331660122714,0.25108572893880204,0.14981949043462736,0.09146645202790502,0.051347404213133496,0.058917303456254906,0.02558745977967087,7.569383017886022,0.9819721381020126,0.9916070688808034,0.9975368746246704,0.06358094819108445,0.026509331660122714,0.25108572893880204,0.14981949043462736,0.09146645202790502,0.051347404213133496,0.058917303456254906,0.02558745977967087,7.569383017886022,0.9819721381020126,0.9916070688808034,0.9975368746246704,0.07189404984169089,0.03037393753988708,0.2710306787372669,0.1688952068320923,0.09844540095245362,0.05397689158251888,0.06676339155154921,0.028994972543984036,8.232856213841195,0.9815827587646478,0.991052303680558,0.9974541816932301,0.04324298164715354,0.016569731774103806,0.18675060646437439,0.09070296339584666,0.07601852032446652,0.007018513974507096,0.04082777107192494,0.017731275684946222,7.569382995932348,0.9838122565375587,0.9931958971460502,0.9979254511180405,0.008111770264804363,0.05848154053092003,0.017641447484493256,ok,
759xd9YjKW5,74ce4ff76774491f877325c9402b6184,74ce4ff76774491f877325c9402b6184_i0_0,0,0,/mnt/priorbimda-data/PriorBIMDA-Datasets/Matterport3D/v1/scans/759xd9YjKW5/undistorted_color_images/74ce4ff76774491f877325c9402b6184_i0_0.jpg,/mnt/priorbimda-data/PriorBIMDA-Datasets/Matterport3D/v1/scans/759xd9YjKW5/undistorted_depth_images/74ce4ff76774491f877325c9402b6184_d0_0.png,1024,1280,406,504,1.4155678118069965,1215947,0.9276939392089844,-9.612700462341309,-12.903300285339355,1.5826200246810913,True,204624,1.0,True,,1.0,204624,1.0395816564559937,0.03881837881997842,1.113985166504185,0.06912544707059531,log-depth Laplacian fallback,,,,0.09614845082658112,0.012183076679635385,0.11166335218286326,0.09871526619253781,0.12051289558730645,-0.10054381398529363,0.10291228889839699,0.044694239188607064,6.644019470266247,0.9939972712626455,0.999899666679551,1.0,0.0722637766804067,0.00716158851963507,0.08598163072650818,0.07519664468614139,0.09068808526458876,-0.061725435110853794,0.075798878106898,0.03291903449628305,6.644019468163151,0.9984234510221252,0.999900489083817,1.0,0.0722637766804067,0.00716158851963507,0.08598163072650818,0.07519664468614139,0.09068808526458876,-0.061725435110853794,0.075798878106898,0.03291903449628305,6.644019468163151,0.9984234510221252,0.999900489083817,1.0,0.07060309411384798,0.007233174736544612,0.08521347961494517,0.07165551988148847,0.09234165747720496,-0.06484750916893499,0.07437601151021712,0.032301091384860016,6.574026361540039,0.998293511148101,0.999900489083817,1.0,0.05615239025363762,0.006293905376998156,0.09610568827522094,0.07194955136414764,0.06685102725865087,0.007400024798160087,0.05545508427194206,0.024083837092784235,6.644019475079448,0.996488333784285,0.999900489083817,1.0,0.008347864262759686,0.060020322911441326,0.017471767961978912,ok,
759xd9YjKW5,74ce4ff76774491f877325c9402b6184,74ce4ff76774491f877325c9402b6184_i0_1,0,1,/mnt/priorbimda-data/PriorBIMDA-Datasets/Matterport3D/v1/scans/759xd9YjKW5/undistorted_color_images/74ce4ff76774491f877325c9402b6184_i0_1.jpg,/mnt/priorbimda-data/PriorBIMDA-Datasets/Matterport3D/v1/scans/759xd9YjKW5/undistorted_depth_images/74ce4ff76774491f877325c9402b6184_d0_1.png,1024,1280,406,504,1.4155678118069965,1170935,0.8933525085449219,-9.624879837036133,-12.911199569702148,1.5826799869537354,True,204624,1.0,True,,1.0,204624,1.1588881015777588,0.14746101230900457,1.1772588780297804,0.01572773913326936,log-depth Laplacian fallback,,,,0.15357179470875837,0.020399554559146067,0.13212432138364597,0.13016484849225546,0.1716361870018369,-0.1658859981911392,0.1673296529182506,0.07267034492118261,4.405469660159839,0.8778053435929407,0.9999555910447634,1.0,0.03357603059483285,0.0016914438829751875,0.03544367334192838,0.02601969847490816,0.04775244924247286,-0.01842498592027032,0.03400656513110164,0.014768863584920983,4.405469671320854,0.9953857387472405,1.0,1.0,0.03357603059483285,0.0016914438829751875,0.03544367334192838,0.02601969847490816,0.04775244924247286,-0.01842498592027032,0.03400656513110164,0.014768863584920983,4.405469671320854,0.9953857387472405,1.0,1.0,0.0329571989386887,0.0016897817425248743,0.03544127270822976,0.02541902022329849,0.04749565323365877,-0.018476339609678094,0.033364635193847324,0.014490076955402923,4.375456491292995,0.9952362855325018,1.0,1.0,0.03032549140210266,0.001565235749133372,0.03452448448809009,0.023582099964586847,0.04413719022808873,-0.002697271306798935,0.030261999204586706,0.0131426192659126,4.405469655698482,0.9950569416748154,1.0,1.0,0.007977507077157497,0.05858770199120045,0.01747573632746935,ok,
759xd9YjKW5,74ce4ff76774491f877325c9402b6184,74ce4ff76774491f877325c9402b6184_i0_2,0,2,/mnt/priorbimda-data/PriorBIMDA-Datasets/Matterport3D/v1/scans/759xd9YjKW5/undistorted_color_images/74ce4ff76774491f877325c9402b6184_i0_2.jpg,/mnt/priorbimda-data/PriorBIMDA-Datasets/Matterport3D/v1/scans/759xd9YjKW5/undistorted_depth_images/74ce4ff76774491f877325c9402b6184_d0_2.png,1024,1280,406,504,1.4155678118069965,1220560,0.93121337890625,-9.637860298156738,-12.90470027923584,1.5828900337219238,True,204624,1.0,True,,1.0,204624,1.088674545288086,0.08496094279955513,1.0595985190687778,0.027070862017089282,log-depth Laplacian fallback,,,,0.05780616075064026,0.005032978125027152,0.07462342413277075,0.06375222800995041,0.07196611159288431,-0.05595428997096029,0.060109588661786825,0.026105262665288287,4.52574706722014,0.9991798846431147,1.0,1.0,0.04261155832430407,0.003963849885604721,0.07493056243291124,0.05272112486939791,0.05375522820129127,0.02900665285272285,0.0413029278835485,0.01793763366627307,4.52574706457898,0.9973192632889821,1.0,1.0,0.04261155832430407,0.003963849885604721,0.07493056243291124,0.05272112486939791,0.05375522820129127,0.02900665285272285,0.0413029278835485,0.01793763366627307,4.52574706457898,0.9973192632889821,1.0,1.0,0.04105215235842696,0.003493825753917074,0.06793283920947978,0.04928664596252128,0.052062149175655506,0.0268719441190999,0.03983441843012515,0.01729986811402854,4.4591097721946475,0.9973503965392935,1.0,1.0,0.03726485379067259,0.002459670680091493,0.056287297809789305,0.04321156119588491,0.045298853270281554,0.0019358342817341531,0.037015001866704506,0.016075411058348334,4.525747068977851,0.9980558104476633,1.0,1.0,0.008699732832610607,0.05826613213866949,0.017475679516792297,ok,
759xd9YjKW5,74ce4ff76774491f877325c9402b6184,74ce4ff76774491f877325c9402b6184_i0_3,0,3,/mnt/priorbimda-data/PriorBIMDA-Datasets/Matterport3D/v1/scans/759xd9YjKW5/undistorted_color_images/74ce4ff76774491f877325c9402b6184_i0_3.jpg,/mnt/priorbimda-data/PriorBIMDA-Datasets/Matterport3D/v1/scans/759xd9YjKW5/undistorted_depth_images/74ce4ff76774491f877325c9402b6184_d0_3.png,1024,1280,406,504,1.4155678118069965,1246867,0.9512840270996094,-9.638660430908203,-12.89009952545166,1.5830399990081787,True,204624,1.0,True,,1.0,204624,1.1521174907684326,0.141601545587489,1.1548685655408717,0.0023849958424946582,log-depth Laplacian fallback,,,,0.14982620972702743,0.031398622296069933,0.20871184455952818,0.20313199883015792,0.17445251173734277,-0.16404968189225894,0.164051714861701,0.07124675451120244,5.9341222792561075,0.7832086341205597,1.0,1.0,0.04494899008504837,0.004265127249590277,0.07402464652576277,0.05780782472982841,0.06344524838512348,-0.022448136276991524,0.04639691546090509,0.020149924362002736,5.934122277422021,1.0,1.0,1.0,0.04494899008504837,0.004265127249590277,0.07402464652576277,0.05780782472982841,0.06344524838512348,-0.022448136276991524,0.04639691546090509,0.020149924362002736,5.934122277422021,1.0,1.0,1.0,0.04047879640369422,0.003537785991688576,0.06514667663856483,0.050169717549321834,0.05914400273688803,-0.027436462677606396,0.04192650443837198,0.018208449523077153,5.239516748213837,1.0,1.0,1.0,0.04498134263300847,0.004236791938955652,0.07452915982469832,0.05847268419527817,0.0626411129745249,-0.020063108241147525,0.046322054651484805,0.02011741272556073,5.934122279150634,1.0,1.0,1.0,0.008233747445046902,0.05925588496029377,0.01747237890958786,ok,
759xd9YjKW5,74ce4ff76774491f877325c9402b6184,74ce4ff76774491f877325c9402b6184_i0_4,0,4,/mnt/priorbimda-data/PriorBIMDA-Datasets/Matterport3D/v1/scans/759xd9YjKW5/undistorted_color_images/74ce4ff76774491f877325c9402b6184_i0_4.jpg,/mnt/priorbimda-data/PriorBIMDA-Datasets/Matterport3D/v1/scans/759xd9YjKW5/undistorted_depth_images/74ce4ff76774491f877325c9402b6184_d0_4.png,1024,1280,406,504,1.4155678118069965,1249760,0.9534912109375,-9.626480102539062,-12.882200241088867,1.5829800367355347,True,204624,1.0,True,,1.0,204624,1.226422667503357,0.20410153136564851,1.2351144088006305,0.00706207312855614,log-depth Laplacian fallback,,,,0.18924287235807516,0.05130709139911284,0.2844535306122511,0.2726918038979961,0.21224071323822755,-0.21021508326233435,0.21021508326233435,0.0912952506736644,2.9253019072933037,0.66326334656254,1.0,1.0,0.024572380233586787,0.0012478337050057147,0.04494421727445784,0.0352643192788788,0.029885023622303254,-0.006113551985791878,0.02470485484461996,0.010729182135239252,2.9253018972793967,1.0,1.0,1.0,0.024572380233586787,0.0012478337050057147,0.04494421727445784,0.0352643192788788,0.029885023622303254,-0.006113551985791878,0.02470485484461996,0.010729182135239252,2.9253018972793967,1.0,1.0,1.0,0.02272299314851241,0.0010968344208852874,0.04261579955239379,0.0325790736068819,0.028092620828741904,-0.010810259421841713,0.022953051819971204,0.009968383748252888,2.5929397144167194,1.0,1.0,1.0,0.024115618768689565,0.0013269628989261604,0.04771097459417474,0.03620888569732433,0.029268394034630805,0.000948558835066382,0.024076883617118235,0.010456457696341263,2.925301908355494,1.0,1.0,1.0,0.00809435173869133,0.05723046883940697,0.017491514794528484,ok,
759xd9YjKW5,74ce4ff76774491f877325c9402b6184,74ce4ff76774491f877325c9402b6184_i0_5,0,5,/mnt/priorbimda-data/PriorBIMDA-Datasets/Matterport3D/v1/scans/759xd9YjKW5/undistorted_color_images/74ce4ff76774491f877325c9402b6184_i0_5.jpg,/mnt/priorbimda-data/PriorBIMDA-Datasets/Matterport3D/v1/scans/759xd9YjKW5/undistorted_depth_images/74ce4ff76774491f877325c9402b6184_d0_5.png,1024,1280,406,504,1.4155678118069965,1243597,0.9487892150878906,-9.613499641418457,-12.888799667358398,1.5827699899673462,True,196340,0.9595159903041677,True,,1.0,196340,0.9216930866241455,-0.08154298868967064,0.9643308167455243,0.04522211634626132,log-depth Laplacian fallback,,,,0.07648013617163969,0.02470654908068315,0.27415981094332614,0.16078179157537228,0.10106490449122758,0.016275534654273976,0.07682286453940043,0.03336374615346261,9.97457863347544,0.931250236209962,0.9990680260566727,1.0,0.07331378168763325,0.028986114885009923,0.3111886878375084,0.14204711517729,0.11920177196450737,-0.06526745412967698,0.07944950312840483,0.034504480798621354,9.974578623134375,0.9235853737183348,0.9989128310859547,0.9999694434772679,0.07331378168763325,0.028986114885009923,0.3111886878375084,0.14204711517729,0.11920177196450737,-0.06526745412967698,0.07944950312840483,0.034504480798621354,9.974578623134375,0.9235853737183348,0.9989128310859547,0.9999694434772679,0.07313761888834927,0.030529937714555335,0.3193628914365494,0.14048984309689347,0.12320013449089266,-0.07289120530226616,0.0798360754889013,0.0346723670416413,9.932343795981351,0.9255417952922048,0.998843676850298,0.999954165215902,0.06944712264658409,0.02416081366693535,0.2836900836250238,0.14512714272270974,0.10174005340380952,-0.020045362956375073,0.07241043953880683,0.03144745432389285,9.974578632983551,0.9256165783609964,0.9990213871535554,0.9999951752858844,0.008509890176355839,0.057740903459489346,0.01750853657722473,ok,
759xd9YjKW5,74ce4ff76774491f877325c9402b6184,74ce4ff76774491f877325c9402b6184_i1_0,1,0,/mnt/priorbimda-data/PriorBIMDA-Datasets/Matterport3D/v1/scans/759xd9YjKW5/undistorted_color_images/74ce4ff76774491f877325c9402b6184_i1_0.jpg,/mnt/priorbimda-data/PriorBIMDA-Datasets/Matterport3D/v1/scans/759xd9YjKW5/undistorted_depth_images/74ce4ff76774491f877325c9402b6184_d1_0.png,1024,1280,406,504,1.4121168655554452,1292079,0.9857780456542968,-9.622200012207031,-12.898599624633789,1.616029977798462,True,204624,1.0,True,,1.0,204624,0.975405216217041,-0.02490228794824604,1.0233593476346985,0.047992981697529566,log-depth Laplacian fallback,,,,0.07949752647330852,0.009242227811266652,0.1033587160476729,0.08950276791962544,0.09913105977636837,-0.030346073822997775,0.08173676821620925,0.03549782740490478,9.437204467380733,0.9826341887763829,1.0,1.0,0.08198217740477567,0.009708847336501335,0.10021072651382024,0.08564578846807372,0.10935476341909049,-0.05524836174974155,0.0862262857560831,0.03744760009887985,9.437204462347388,0.9680004086437439,1.0,1.0,0.08198217740477567,0.009708847336501335,0.10021072651382024,0.08564578846807372,0.10935476341909049,-0.05524836174974155,0.0862262857560831,0.03744760009887985,9.437204462347388,0.9680004086437439,1.0,1.0,0.07722110429276095,0.009007885118446381,0.09610866716999748,0.07943166562228844,0.10538400944692194,-0.052800472249547356,0.08111462676119091,0.03522763480402706,9.120251957777107,0.9712339570568054,1.0,1.0,0.07975378489256861,0.010299493337817076,0.11658875550282577,0.09740829673244657,0.09465053647834967,-0.007255427873235783,0.0801603542607938,0.03481319952287257,9.437204470612933,0.9858127869890309,1.0,1.0,0.008196165785193443,0.05930688511580229,0.017465190961956978,ok,
759xd9YjKW5,74ce4ff76774491f877325c9402b6184,74ce4ff76774491f877325c9402b6184_i1_1,1,1,/mnt/priorbimda-data/PriorBIMDA-Datasets/Matterport3D/v1/scans/759xd9YjKW5/undistorted_color_images/74ce4ff76774491f877325c9402b6184_i1_1.jpg,/mnt/priorbimda-data/PriorBIMDA-Datasets/Matterport3D/v1/scans/759xd9YjKW5/undistorted_depth_images/74ce4ff76774491f877325c9402b6184_d1_1.png,1024,1280,406,504,1.4121168655554452,1212287,0.9249015808105469,-9.625129699707031,-12.900500297546387,1.6160399913787842,True,204624,1.0,True,,1.0,204624,1.0495272874832153,0.04833986040096884,0.9964911890834288,0.05185484163243799,log-depth Laplacian fallback,,,,0.05090325907406637,0.004388846377804596,0.05686191121427394,0.035656377647569924,0.08420771413968733,-0.011956702798914426,0.05265404489089742,0.022867361146002865,8.3354522245705,0.9505356404877723,1.0,1.0,0.0681220881296768,0.005691633319210909,0.06340383380928012,0.04770449989736087,0.09094894469238497,0.03638315769348265,0.0670806436938658,0.029132753398764068,8.335452223430757,0.9495078310664059,1.0,1.0,0.0681220881296768,0.005691633319210909,0.06340383380928012,0.04770449989736087,0.09094894469238497,0.03638315769348265,0.0670806436938658,0.029132753398764068,8.335452223430757,0.9495078310664059,1.0,1.0,0.069942895647039,0.005985583641081499,0.06480611357009199,0.04876080894833619,0.093387580476893,0.038421916739680526,0.06876306391753897,0.029863419218147776,8.511754520295579,0.9490054747761875,1.0,1.0,0.050634279188498325,0.004428013823674775,0.057213007259844934,0.03554634266334563,0.08477823562330751,-0.015471679275612374,0.05256346571512478,0.02282802310978946,8.335452222761303,0.9506470002565399,1.0,1.0,0.007958456873893738,0.06029021926224232,0.01749539002776146,ok,
759xd9YjKW5,74ce4ff76774491f877325c9402b6184,74ce4ff76774491f877325c9402b6184_i1_2,1,2,/mnt/priorbimda-data/PriorBIMDA-Datasets/Matterport3D/v1/scans/759xd9YjKW5/undistorted_color_images/74ce4ff76774491f877325c9402b6184_i1_2.jpg,/mnt/priorbimda-data/PriorBIMDA-Datasets/Matterport3D/v1/scans/759xd9YjKW5/undistorted_depth_images/74ce4ff76774491f877325c9402b6184_d1_2.png,1024,1280,406,504,1.4121168655554452,1295107,0.9880882263183594,-9.628250122070312,-12.898900032043457,1.6160900592803955,True,204624,1.0,True,,1.0,204624,1.0892062187194824,0.08544919123881323,1.040025162684192,0.04620428348957728,log-depth Laplacian fallback,,,,0.04883808067351995,0.005563815426552063,0.09974239866558199,0.0735356627439146,0.06315534242900132,-0.03153582255326821,0.049106895936881494,0.021326853928784854,5.471827092674983,0.989913574708499,0.9993961888863236,1.0,0.05899560170819647,0.01006431420818829,0.14005740233093183,0.09606935220118214,0.07681627756348816,0.053913368595489244,0.055863542799484266,0.024261228377382156,5.471827103808899,0.9770559498172738,0.9992093317386131,0.9997397898397584,0.05899560170819647,0.01006431420818829,0.14005740233093183,0.09606935220118214,0.07681627756348816,0.053913368595489244,0.055863542799484266,0.024261228377382156,5.471827103808899,0.9770559498172738,0.9992093317386131,0.9997397898397584,0.06015086320651136,0.009723013811944134,0.13549558611599963,0.09450376512877266,0.07650187040224422,0.05567392655701645,0.05705068396702803,0.024776797235686605,5.246856274728429,0.9785639333275166,0.9992409893545475,0.999785345921225,0.030692754970503527,0.004535153657857523,0.08528400815826494,0.045963304049905535,0.05525865051963547,0.0077090393321189036,0.029488784216951235,0.012806816263457626,5.471827089580823,0.9844159594535432,0.9993321015174808,0.9998610153446781,0.008198303170502186,0.060637092217803,0.01747244317084551,ok,
759xd9YjKW5,74ce4ff76774491f877325c9402b6184,74ce4ff76774491f877325c9402b6184_i1_3,1,3,/mnt/priorbimda-data/PriorBIMDA-Datasets/Matterport3D/v1/scans/759xd9YjKW5/undistorted_color_images/74ce4ff76774491f877325c9402b6184_i1_3.jpg,/mnt/priorbimda-data/PriorBIMDA-Datasets/Matterport3D/v1/scans/759xd9YjKW5/undistorted_depth_images/74ce4ff76774491f877325c9402b6184_d1_3.png,1024,1280,406,504,1.4121168655554452,1208239,0.9218132019042968,-9.628439903259277,-12.895400047302246,1.616129994392395,True,204624,1.0,True,,1.0,204624,0.9509507417678833,-0.05029301402650128,1.0073633567833686,0.05762939364569141,log-depth Laplacian fallback,,,,0.08091365751613099,0.1452898211471144,0.43845762902967506,0.14853392653637226,0.1837646880702841,0.02751185225722661,0.05642018965029431,0.024502977033057777,18.169358427568472,0.9599392173237249,0.9705422519882242,0.9779795222633932,0.10986259330462496,0.13557700666037747,0.4594377527039749,0.27206559229209304,0.18311619225954529,-0.02278116177845833,0.09008128596417261,0.03912180541698903,18.16935841895868,0.9625355579483861,0.971609093896158,0.9788228984497273,0.10986259330462496,0.13557700666037747,0.4594377527039749,0.27206559229209304,0.18311619225954529,-0.02278116177845833,0.09008128596417261,0.03912180541698903,18.16935841895868,0.9625355579483861,0.971609093896158,0.9788228984497273,0.11092402507898762,0.1369931330743738,0.4607659264452749,0.27219699534878733,0.18407107546321916,-0.02262139282477877,0.09100333549956958,0.03952224644225338,18.26757603209938,0.9622897456546263,0.9715114310993106,0.9787782053054073,0.08058582288791835,0.14825961198124232,0.4415378082000636,0.14343713540100658,0.1850052844381008,0.034848194762521906,0.055501057036805024,0.02410380281088206,18.16935843441257,0.959436005624715,0.9703477540453503,0.9777618500975387,0.009119245223701,0.05912800878286362,0.017456001602113247,ok,
759xd9YjKW5,74ce4ff76774491f877325c9402b6184,74ce4ff76774491f877325c9402b6184_i1_4,1,4,/mnt/priorbimda-data/PriorBIMDA-Datasets/Matterport3D/v1/scans/759xd9YjKW5/undistorted_color_images/74ce4ff76774491f877325c9402b6184_i1_4.jpg,/mnt/priorbimda-data/PriorBIMDA-Datasets/Matterport3D/v1/scans/759xd9YjKW5/undistorted_depth_images/74ce4ff76774491f877325c9402b6184_d1_4.png,1024,1280,406,504,1.4121168655554452,1298258,0.9904922485351563,-9.625510215759277,-12.893500328063965,1.6161099672317505,True,204624,1.0,True,,1.0,204624,0.9712466597557068,-0.02917481642515705,1.000870627373313,0.030045065022291137,log-depth Laplacian fallback,,,,0.0589414820381004,0.08629977488957494,0.3323508000317972,0.10555738037757977,0.1437393228068308,0.02457994885659517,0.04439579357005471,0.019280848167190626,14.162209938838455,0.9714979611140466,0.9807264811770849,0.9879561689587124,0.06818194343490981,0.08033280683926097,0.3237394026852403,0.13196405957535037,0.14169661900463548,-0.0045948674797167185,0.055457861016428016,0.02408504301759216,14.16220993707856,0.9720556314692457,0.9813211241525183,0.9872436757562827,0.06818194343490981,0.08033280683926097,0.3237394026852403,0.13196405957535037,0.14169661900463548,-0.0045948674797167185,0.055457861016428016,0.02408504301759216,14.16220993707856,0.9720556314692457,0.9813211241525183,0.9872436757562827,0.06749412740054225,0.08032588937773125,0.3234210317343397,0.13004425563526087,0.1416869281551013,-0.00801086116921056,0.054843202655290586,0.023818100283094473,14.146028316582884,0.972363736637864,0.9812795299547548,0.9871997707697545,0.058974278589821745,0.08654975759250769,0.3328682614197627,0.10554832333606848,0.14389068578140374,0.0254501555918039,0.04437728717903125,0.019272810943689208,14.162209938775671,0.9715018124286544,0.980709535392811,0.987948466329497,0.00848373956978321,0.05942404642701149,0.017448190599679947,ok,
759xd9YjKW5,74ce4ff76774491f877325c9402b6184,74ce4ff76774491f877325c9402b6184_i1_5,1,5,/mnt/priorbimda-data/PriorBIMDA-Datasets/Matterport3D/v1/scans/759xd9YjKW5/undistorted_color_images/74ce4ff76774491f877325c9402b6184_i1_5.jpg,/mnt/priorbimda-data/PriorBIMDA-Datasets/Matterport3D/v1/scans/759xd9YjKW5/undistorted_depth_images/74ce4ff76774491f877325c9402b6184_d1_5.png,1024,1280,406,504,1.4121168655554452,969768,0.739874267578125,-9.622389793395996,-12.895099639892578,1.6160600185394287,True,84081,0.4109048791930565,True,,1.0,84081,0.8894184231758118,-0.11718748695793127,1.0117165096274445,0.1288358897531605,log-depth Laplacian fallback,,,,0.05742679533520508,0.029741481451510426,0.26695602193541956,0.15832928716502087,0.09831436784703693,-0.0006081843432127452,0.055284971280255744,0.024009957959194812,9.831248667878947,0.9623518202291682,0.9904832908489453,0.9954123047986735,0.12211558189896711,0.06913112038924488,0.5053183463049589,0.4334860232195616,0.15343130454086323,-0.11779567135144596,0.12971732702320105,0.05633551933341582,9.831248661270473,0.9279930870063768,0.9922022586845514,0.9976282987271182,0.12211558189896711,0.06913112038924488,0.5053183463049589,0.4334860232195616,0.15343130454086323,-0.11779567135144596,0.12971732702320105,0.05633551933341582,9.831248661270473,0.9279930870063768,0.9922022586845514,0.9976282987271182,0.1264412863540919,0.07031415497865563,0.5076003691099056,0.44322459716196644,0.1553263071709174,-0.12258044822393178,0.1343437692333423,0.05834475765612438,9.539546851173885,0.9269804736803029,0.9922424744887437,0.99756642825913,0.0568059246902349,0.03061243150916289,0.2664675360338508,0.1478774297879412,0.09893043474103715,0.011040194110029768,0.0540006140274143,0.02345216869149336,9.83124866538502,0.9748496547627886,0.9903987345426948,0.9952730962457,0.009529232047498226,0.05996881611645222,0.017415456473827362,ok,
759xd9YjKW5,74ce4ff76774491f877325c9402b6184,74ce4ff76774491f877325c9402b6184_i2_0,2,0,/mnt/priorbimda-data/PriorBIMDA-Datasets/Matterport3D/v1/scans/759xd9YjKW5/undistorted_color_images/74ce4ff76774491f877325c9402b6184_i2_0.jpg,/mnt/priorbimda-data/PriorBIMDA-Datasets/Matterport3D/v1/scans/759xd9YjKW5/undistorted_depth_images/74ce4ff76774491f877325c9402b6184_d2_0.png,1024,1280,406,504,1.4165615917841592,1222343,0.9325736999511719,-9.611969947814941,-12.903900146484375,1.6491199731826782,True,198292,0.9690554382672609,True,,1.0,198292,1.1656982898712158,0.15332029790235377,1.093709084785279,0.06374554810868695,log-depth Laplacian fallback,,,,0.09505994818416691,0.01859293397354772,0.1761358525302563,0.14581753483543747,0.11093294977113652,-0.0801584449865792,0.09874384159368023,0.04288390552606415,7.668600290965134,0.9862869914582078,0.9987949372639268,1.0,0.08159624551631256,0.021230305533952516,0.17790579766450024,0.1141629098961625,0.10598773406898679,0.07316185303262453,0.07545977723997854,0.03277176486097126,7.668600285522066,0.9560524337276852,0.992952878201945,0.9995328643433145,0.08159624551631256,0.021230305533952516,0.17790579766450024,0.1141629098961625,0.10598773406898679,0.07316185303262453,0.07545977723997854,0.03277176486097126,7.668600285522066,0.9560524337276852,0.992952878201945,0.9995328643433145,0.08348095339893792,0.021972922769306215,0.18062484965471504,0.11586380233438079,0.10840997761774164,0.07459929926004798,0.07707163932634101,0.033471787670667545,7.866173019320799,0.9552703291956514,0.9924260211740894,0.9996694872061279,0.05051358367112031,0.011536830825050432,0.1325855842612894,0.07552048780002432,0.07726195889573839,0.009416328943871313,0.04824105177493937,0.020950822587065248,7.668600290553407,0.9700452328029039,0.9965312518662929,0.9999950913941504,0.00863755214959383,0.05993020161986351,0.01747293584048748,ok,
759xd9YjKW5,74ce4ff76774491f877325c9402b6184,74ce4ff76774491f877325c9402b6184_i2_1,2,1,/mnt/priorbimda-data/PriorBIMDA-Datasets/Matterport3D/v1/scans/759xd9YjKW5/undistorted_color_images/74ce4ff76774491f877325c9402b6184_i2_1.jpg,/mnt/priorbimda-data/PriorBIMDA-Datasets/Matterport3D/v1/scans/759xd9YjKW5/undistorted_depth_images/74ce4ff76774491f877325c9402b6184_d2_1.png,1024,1280,406,504,1.4165615917841592,1134777,0.8657661437988281,-9.624159812927246,-12.91189956665039,1.6491700410842896,True,204624,1.0,True,,1.0,204624,1.314475178718567,0.27343748233060433,1.1329197722258662,0.1486393128308373,log-depth Laplacian fallback,,,,0.12624293212037732,0.016988354120546296,0.12694704003895374,0.11824746340751721,0.14941153801140608,-0.13380385214302953,0.13651266325078673,0.05928669635973357,6.6485613801935655,0.8745092648159065,0.9999788504701805,1.0,0.1534460327448912,0.029197561543646604,0.17542591093511165,0.1528244690649022,0.1546540898953721,0.13963363014822522,0.14072796677762067,0.06111737942098482,6.648561387995515,0.9657201370842025,0.9972364614369167,1.0,0.1534460327448912,0.029197561543646604,0.17542591093511165,0.1528244690649022,0.1546540898953721,0.13963363014822522,0.14072796677762067,0.06111737942098482,6.648561387995515,0.9657201370842025,0.9972364614369167,1.0,0.15258028150710176,0.02835666688580046,0.17189659232304436,0.15104324637755787,0.15345531126895315,0.1390050043390515,0.14006996750163916,0.06083161396632968,6.500877883295128,0.9744786861207092,0.9972620171187819,1.0,0.047631431445397554,0.003977632382299183,0.060850670670924534,0.04529472060862209,0.06709276340518705,-0.009005668444175927,0.04821476316663287,0.020939405589540817,6.648561376130916,0.9921878924229166,1.0,1.0,0.007393292151391506,0.05905803386121988,0.017443516291677952,ok,
759xd9YjKW5,74ce4ff76774491f877325c9402b6184,74ce4ff76774491f877325c9402b6184_i2_2,2,2,/mnt/priorbimda-data/PriorBIMDA-Datasets/Matterport3D/v1/scans/759xd9YjKW5/undistorted_color_images/74ce4ff76774491f877325c9402b6184_i2_2.jpg,/mnt/priorbimda-data/PriorBIMDA-Datasets/Matterport3D/v1/scans/759xd9YjKW5/undistorted_depth_images/74ce4ff76774491f877325c9402b6184_d2_2.png,1024,1280,406,504,1.4165615917841592,1220493,0.9311622619628906,-9.637140274047852,-12.90530014038086,1.6493799686431885,True,204624,1.0,True,,1.0,204624,1.2336299419403076,0.2099609955332656,1.1612616317545648,0.06045396785662463,log-depth Laplacian fallback,,,,0.1260848537923569,0.03524303643439365,0.2895967150868626,0.23411610694546267,0.14297915288905758,-0.1335879335746719,0.1356176904994522,0.0588980146323752,5.096373381259997,0.9751026839154342,1.0,1.0,0.08252554552554388,0.011446846126133484,0.12539252922851044,0.11212605697830014,0.09181583066345672,0.07637306189998792,0.07813405967984155,0.033933190967654556,5.096373393346658,0.9889626568935668,0.9987513242599507,1.0,0.08252554552554388,0.011446846126133484,0.12539252922851044,0.11212605697830014,0.09181583066345672,0.07637306189998792,0.07813405967984155,0.033933190967654556,5.096373393346658,0.9889626568935668,0.9987513242599507,1.0,0.08303862289247245,0.011895798620077147,0.1275768642171415,0.11179898687183829,0.09361673866511534,0.07665161862934547,0.07846852505857921,0.03407844743602801,5.374591258685521,0.9883022680179239,0.9987586983292817,1.0,0.04175892844406242,0.0042329493428593604,0.08972493973415181,0.06288830762601233,0.05339214348878402,0.015919133673617972,0.0407819850200488,0.017711391055268283,5.096373386446861,0.9955100111184578,1.0,1.0,0.008494602516293526,0.0598820922896266,0.017468971200287342,ok,
759xd9YjKW5,74ce4ff76774491f877325c9402b6184,74ce4ff76774491f877325c9402b6184_i2_3,2,3,/mnt/priorbimda-data/PriorBIMDA-Datasets/Matterport3D/v1/scans/759xd9YjKW5/undistorted_color_images/74ce4ff76774491f877325c9402b6184_i2_3.jpg,/mnt/priorbimda-data/PriorBIMDA-Datasets/Matterport3D/v1/scans/759xd9YjKW5/undistorted_depth_images/74ce4ff76774491f877325c9402b6184_d2_3.png,1024,1280,406,504,1.4165615917841592,1236875,0.9436607360839844,-9.637929916381836,-12.890800476074219,1.649530053138733,True,204624,1.0,True,,1.0,204624,1.0362874269485474,0.03564454449769464,1.0315061980656406,0.004624482197784288,log-depth Laplacian fallback,,,,0.09248559643104866,0.06788893025967993,0.3116918102948837,0.13787587140214871,0.15200457458642128,-0.014408836043221972,0.08299853312231578,0.03604580494108602,15.132011148250735,0.9504161697827186,0.9779355229914098,0.9887304699343102,0.08867058556203718,0.07635035278121645,0.33874947475682177,0.1458638616685737,0.1528029171130446,0.02123570857473473,0.07601239120881965,0.03301176205826164,15.132011155026593,0.9447284487114704,0.9761899949469429,0.9878419403739263,0.08867058556203718,0.07635035278121645,0.33874947475682177,0.1458638616685737,0.1528029171130446,0.02123570857473473,0.07601239120881965,0.03301176205826164,15.132011155026593,0.9447284487114704,0.9761899949469429,0.9878419403739263,0.08920943029502189,0.07826291823207948,0.34326593715959575,0.1471196885842877,0.15390867670329217,0.02530793004214142,0.0759900103432185,0.03300204217183082,15.181366684702857,0.9436062657908034,0.9756159676604346,0.9876527539161193,0.08807985002606178,0.07493250012191421,0.33424915767419194,0.14257225168747634,0.15222913137181246,0.01661120950465011,0.07583021097024484,0.03293264218593677,15.132011154175496,0.9453922182920667,0.9764236483072258,0.9879607882769075,0.008166171610355377,0.05886309873312712,0.017443367280066013,ok,
759xd9YjKW5,74ce4ff76774491f877325c9402b6184,74ce4ff76774491f877325c9402b6184_i2_4,2,4,/mnt/priorbimda-data/PriorBIMDA-Datasets/Matterport3D/v1/scans/759xd9YjKW5/undistorted_color_images/74ce4ff76774491f877325c9402b6184_i2_4.jpg,/mnt/priorbimda-data/PriorBIMDA-Datasets/Matterport3D/v1/scans/759xd9YjKW5/undistorted_depth_images/74ce4ff76774491f877325c9402b6184_d2_4.png,1024,1280,406,504,1.4165615917841592,1232388,0.9402374267578125,-9.625749588012695,-12.882800102233887,1.6494699716567993,True,204624,1.0,True,,1.0,204624,1.0564683675765991,0.05493161685583909,1.0798811084862254,0.02191933348554361,log-depth Laplacian fallback,,,,0.08327675966364494,0.030510460659350952,0.20990372475159796,0.12097439513697153,0.12319190305552347,-0.0535351848281559,0.08161995471636756,0.03544709594651175,11.095147121087075,0.9720485756109277,0.987479592466009,0.9936172698857827,0.058342733506228685,0.03049731523613994,0.20528325461915076,0.08916413946234178,0.11096025876131864,0.0013964320671345147,0.052958062763755274,0.022999394430584994,11.095147138213475,0.970078416862222,0.9847174753405583,0.99249424694171,0.058342733506228685,0.03049731523613994,0.20528325461915076,0.08916413946234178,0.11096025876131864,0.0013964320671345147,0.052958062763755274,0.022999394430584994,11.095147138213475,0.970078416862222,0.9847174753405583,0.99249424694171,0.05434053096551171,0.030919535440640935,0.20596376185701842,0.08239057004508242,0.11052917872356144,0.00624204323600912,0.0486029923415125,0.021108011377904887,11.035278086910532,0.9698641986127745,0.9842638844260087,0.9923238460614676,0.05653330501837523,0.033281321134401035,0.2155606700869497,0.0914207610178043,0.11337483105353315,0.02331573178758332,0.04989928797145078,0.02167098541690238,11.095147122786008,0.9690665602066881,0.9832812393499449,0.9919335469024366,0.008322179317474365,0.058100106194615364,0.017495566979050636,ok,
759xd9YjKW5,74ce4ff76774491f877325c9402b6184,74ce4ff76774491f877325c9402b6184_i2_5,2,5,/mnt/priorbimda-data/PriorBIMDA-Datasets/Matterport3D/v1/scans/759xd9YjKW5/undistorted_color_images/74ce4ff76774491f877325c9402b6184_i2_5.jpg,/mnt/priorbimda-data/PriorBIMDA-Datasets/Matterport3D/v1/scans/759xd9YjKW5/undistorted_depth_images/74ce4ff76774491f877325c9402b6184_d2_5.png,1024,1280,406,504,1.4165615917841592,1236597,0.9434486389160156,-9.612770080566406,-12.889399528503418,1.6492700576782227,True,144535,0.7063443193369302,True,,1.0,144535,1.0142608880996704,0.014160158170949785,1.0132510463775652,0.0009961389508372255,log-depth Laplacian fallback,,,,0.04191614056341849,0.019533143860580287,0.17628563948130124,0.07510526080490286,0.08674646775811368,-0.0016703055629772139,0.03833967498773948,0.01665070928513938,8.673038537811154,0.9747241825752448,0.9878109036331157,0.9965227151610427,0.03819335079395515,0.020405172065335955,0.17831003405968193,0.06308847875068674,0.08762508851435313,0.012489852604687232,0.034059841716213374,0.014792001311849656,8.673038521222772,0.9731731518028913,0.9871170640071099,0.9962372543358912,0.03819335079395515,0.020405172065335955,0.17831003405968193,0.06308847875068674,0.08762508851435313,0.012489852604687232,0.034059841716213374,0.014792001311849656,8.673038521222772,0.9731731518028913,0.9871170640071099,0.9962372543358912,0.041388679604910876,0.020914594946738824,0.18301133405427258,0.07575731160865819,0.0884385089731964,0.00999245374240568,0.03723458675379743,0.01617077556312214,8.787218409490015,0.9733373119941258,0.9869440084360548,0.9962421063612479,0.03812171463295406,0.02031277183422294,0.1779388976006495,0.06306613652758707,0.0874886601250309,0.011493733249053364,0.03402620944455103,0.014777395001852838,8.673038537025404,0.9732564449048478,0.9871672016024623,0.9962534277537468,0.008459680713713169,0.06123331468552351,0.01749584823846817,ok,
759xd9YjKW5,87449aea807942e0998e230c344f0e42,87449aea807942e0998e230c344f0e42_i0_0,0,0,/mnt/priorbimda-data/PriorBIMDA-Datasets/Matterport3D/v1/scans/759xd9YjKW5/undistorted_color_images/87449aea807942e0998e230c344f0e42_i0_0.jpg,/mnt/priorbimda-data/PriorBIMDA-Datasets/Matterport3D/v1/scans/759xd9YjKW5/undistorted_depth_images/87449aea807942e0998e230c344f0e42_d0_0.png,1024,1280,406,504,1.4155678118069965,1065821,0.8131568908691407,-6.9405999183654785,3.2493200302124023,1.59375,True,204624,1.0,True,,1.0,204624,1.0168641805648804,0.016723559047535128,0.9035575610851286,0.11813902102270521,log-depth Laplacian fallback,,,,0.1146881862535055,0.01683311170512434,0.14334578855150748,0.11417944664726505,0.12730371646687344,0.10018900010451569,0.10618070932055805,0.046113696142491556,7.85391652892712,0.9916683945990931,0.9932474590010894,0.9999305699549924,0.1311282481576785,0.02146709332711279,0.16557024703046955,0.13357584512836446,0.14084369701639518,0.1169125591657565,0.12056711833141612,0.05236163419031042,7.8539165379825695,0.9870437906552789,0.9931817819314875,0.9999164962972207,0.1311282481576785,0.02146709332711279,0.16557024703046955,0.13357584512836446,0.14084369701639518,0.1169125591657565,0.12056711833141612,0.05236163419031042,7.8539165379825695,0.9870437906552789,0.9931817819314875,0.9999164962972207,0.13378913468685782,0.024658158161894216,0.1876433043763761,0.14649145143228262,0.1430987939422156,0.11905031677658943,0.1228381531784205,0.053347932092574435,7.939953969079664,0.9499062225270473,0.9930842045709364,0.999878028299311,0.059780545282730524,0.005722698566607467,0.07570874723859353,0.05642408883608277,0.07854874127994416,-0.0012264863417711788,0.05936926169855316,0.025783742750351734,7.8539165312072505,0.9919348558529059,0.9948040055506506,0.9999962470245942,0.008747070096433163,0.057197011075913906,0.017446630634367466,ok,
759xd9YjKW5,87449aea807942e0998e230c344f0e42,87449aea807942e0998e230c344f0e42_i0_1,0,1,/mnt/priorbimda-data/PriorBIMDA-Datasets/Matterport3D/v1/scans/759xd9YjKW5/undistorted_color_images/87449aea807942e0998e230c344f0e42_i0_1.jpg,/mnt/priorbimda-data/PriorBIMDA-Datasets/Matterport3D/v1/scans/759xd9YjKW5/undistorted_depth_images/87449aea807942e0998e230c344f0e42_d0_1.png,1024,1280,406,504,1.4155678118069965,1115746,0.8512466430664063,-6.926050186157227,3.249119997024536,1.5938299894332886,True,204624,1.0,True,,1.0,204624,1.0095669031143188,0.009521430090680332,0.8765741403231,0.14125542149688955,log-depth Laplacian fallback,,,,0.15460058017392952,0.03985374430954941,0.2264754700041567,0.16730502551820517,0.16838572398468704,0.13875090465826873,0.13901181374188343,0.060372063627462634,9.54040800928306,0.8699130447252331,0.9957149745551407,0.9985785295219521,0.16546670937818067,0.04395446149316937,0.23911824443471866,0.17988318708076717,0.17631399194980396,0.1482723347932724,0.14835444683901136,0.06442951762799197,9.54040800606938,0.865961428497167,0.995605630672214,0.9985489528978818,0.16546670937818067,0.04395446149316937,0.23911824443471866,0.17988318708076717,0.17631399194980396,0.1482723347932724,0.14835444683901136,0.06442951762799197,9.54040800606938,0.865961428497167,0.995605630672214,0.9985489528978818,0.1681851390504789,0.05091289148277123,0.26558354916911786,0.19377885284156088,0.18213062968449079,0.14862691879521842,0.14982805455824277,0.06506949732894417,10.526920384760526,0.8545600880487136,0.995228304649983,0.9984620155483417,0.07219557937229394,0.012151678626795769,0.11915060882361017,0.07525768272265039,0.09566177847255009,0.0070169341802726135,0.07024173573664809,0.03050559822973271,9.540408007648818,0.9940282107217951,0.9982881408492614,0.9988733995013201,0.008789144456386566,0.05730378348380327,0.017494293861091137,ok,
759xd9YjKW5,87449aea807942e0998e230c344f0e42,87449aea807942e0998e230c344f0e42_i0_2,0,2,/mnt/priorbimda-data/PriorBIMDA-Datasets/Matterport3D/v1/scans/759xd9YjKW5/undistorted_color_images/87449aea807942e0998e230c344f0e42_i0_2.jpg,/mnt/priorbimda-data/PriorBIMDA-Datasets/Matterport3D/v1/scans/759xd9YjKW5/undistorted_depth_images/87449aea807942e0998e230c344f0e42_d0_2.png,1024,1280,406,504,1.4155678118069965,1079451,0.8235557556152344,-6.918950080871582,3.236419916152954,1.5937199592590332,True,204624,1.0,True,,1.0,204624,0.68327397108078,-0.3808593708804503,0.6131720207394841,0.10825039042375711,log-depth Laplacian fallback,,,,0.6206501146979876,0.3279161480998494,0.5368986189625475,0.5211506134656537,0.48410940708404737,0.4816301261036153,0.48163051438481286,0.20916947471354908,4.893199011570615,0.00019083774993028865,0.2387602586870548,0.9990421056629712,0.10849691909827112,0.01193974688148715,0.10183590585280074,0.09061046629726592,0.11202269765224422,0.10077075532076998,0.1019631364385903,0.04428202751282814,4.893199016356918,0.9972745404840053,1.0,1.0,0.10849691909827112,0.01193974688148715,0.10183590585280074,0.09061046629726592,0.11202269765224422,0.10077075532076998,0.1019631364385903,0.04428202751282814,4.893199016356918,0.9972745404840053,1.0,1.0,0.08072116482476416,0.006583197847163584,0.07542463853529631,0.06715904254443963,0.0848295096783287,0.07576124696693257,0.0770367663615984,0.03345664253451225,3.8161226006001336,0.9985733488597445,1.0,1.0,0.036719597815580166,0.0019789544001949147,0.04133937007404672,0.03070230869028651,0.04950035591864693,-0.007479677711459058,0.03698975560208099,0.016064446744933673,4.893199012308233,0.9985557473197023,0.9999916624284011,1.0,0.008818428963422775,0.058427649550139904,0.017411929555237293,ok,
759xd9YjKW5,87449aea807942e0998e230c344f0e42,87449aea807942e0998e230c344f0e42_i0_3,0,3,/mnt/priorbimda-data/PriorBIMDA-Datasets/Matterport3D/v1/scans/759xd9YjKW5/undistorted_color_images/87449aea807942e0998e230c344f0e42_i0_3.jpg,/mnt/priorbimda-data/PriorBIMDA-Datasets/Matterport3D/v1/scans/759xd9YjKW5/undistorted_depth_images/87449aea807942e0998e230c344f0e42_d0_3.png,1024,1280,406,504,1.4155678118069965,1187963,0.9063438415527344,-6.926400184631348,3.2239201068878174,1.5935300588607788,True,204624,1.0,True,,1.0,204624,1.0222158432006836,0.02197266635214684,1.0078915013295962,0.014112140066154001,log-depth Laplacian fallback,,,,0.05135401013615101,0.0066204686870593756,0.09120252194819185,0.06373067579449047,0.06917066365734423,0.00021962601396099756,0.050280712664374144,0.021836636056300627,6.9170314985631185,0.9934896962279128,0.9962322058852001,0.9996144661071094,0.053181739132190806,0.007416052606657158,0.09768449085918854,0.0659848791667964,0.07264317131876384,0.02219229262353201,0.05096868165055658,0.022135417190720263,6.917031507343883,0.9932742013008823,0.9960377553846373,0.99960099767417,0.053181739132190806,0.007416052606657158,0.09768449085918854,0.0659848791667964,0.07264317131876384,0.02219229262353201,0.05096868165055658,0.022135417190720263,6.917031507343883,0.9932742013008823,0.9960377553846373,0.99960099767417,0.04662650103469401,0.006340667205240429,0.08854823487920757,0.05662734099067915,0.0667882301429459,0.019229666643596165,0.044728268607935544,0.019425240241512844,6.396004695435481,0.9932615746450015,0.9959914576464082,0.9996060483365222,0.051459787341809726,0.0067470992019838345,0.09214348889653612,0.06385501757232188,0.0696406626004649,0.008080186452071493,0.04998277028117195,0.021707241323350824,6.917031497927092,0.9934164616238048,0.996170756159914,0.9996110989988746,0.007712117396295071,0.058806389570236206,0.017506059259176254,ok,
759xd9YjKW5,87449aea807942e0998e230c344f0e42,87449aea807942e0998e230c344f0e42_i0_4,0,4,/mnt/priorbimda-data/PriorBIMDA-Datasets/Matterport3D/v1/scans/759xd9YjKW5/undistorted_color_images/87449aea807942e0998e230c344f0e42_i0_4.jpg,/mnt/priorbimda-data/PriorBIMDA-Datasets/Matterport3D/v1/scans/759xd9YjKW5/undistorted_depth_images/87449aea807942e0998e230c344f0e42_d0_4.png,1024,1280,406,504,1.4155678118069965,1200442,0.9158645629882812,-6.9409499168396,3.2241299152374268,1.5934499502182007,True,204624,1.0,True,,1.0,204624,1.1600202322006226,0.148437446518432,1.166126175430584,0.005249847759967924,log-depth Laplacian fallback,,,,0.15108193126689942,0.04481004506320793,0.2465387290966924,0.22198810597003726,0.17790467598049195,-0.1493569053508124,0.15933296436517094,0.06919742720908122,9.665706678640884,0.9106254196371003,0.9957990473508924,0.9961447533491831,0.047403313089375,0.02527527781792041,0.15359471063492613,0.07028157973652706,0.09666143993421221,-0.0009194588876205896,0.042067237121599294,0.018269568950826216,9.665706681618934,0.9935673693522886,0.9955199834727542,0.9958856821070906,0.047403313089375,0.02527527781792041,0.15359471063492613,0.07028157973652706,0.09666143993421221,-0.0009194588876205896,0.042067237121599294,0.018269568950826216,9.665706681618934,0.9935673693522886,0.9955199834727542,0.9958856821070906,0.04256090203007849,0.023640846974553247,0.14289100794633391,0.059956049145089584,0.09378866645158712,-0.0011347397186810997,0.03734362806783248,0.016218131604107042,9.37818016490295,0.9936989875395896,0.9955333118967847,0.9958881811865963,0.04735265997985492,0.025835636227654567,0.1576784641237141,0.07234529881484697,0.09675402060095621,0.004330351655461865,0.04176811566341975,0.018139662152119984,9.665706677212121,0.9934507456420218,0.9954983247837047,0.995881516974581,0.007688415236771107,0.05823667626827955,0.01745970081537962,ok,
759xd9YjKW5,87449aea807942e0998e230c344f0e42,87449aea807942e0998e230c344f0e42_i0_5,0,5,/mnt/priorbimda-data/PriorBIMDA-Datasets/Matterport3D/v1/scans/759xd9YjKW5/undistorted_color_images/87449aea807942e0998e230c344f0e42_i0_5.jpg,/mnt/priorbimda-data/PriorBIMDA-Datasets/Matterport3D/v1/scans/759xd9YjKW5/undistorted_depth_images/87449aea807942e0998e230c344f0e42_d0_5.png,1024,1280,406,504,1.4155678118069965,977492,0.7457672119140625,-6.948050022125244,3.236829996109009,1.593559980392456,True,204624,1.0,True,,1.0,204624,1.0691827535629272,0.06689457492706319,0.9287104999411727,0.14085278912765037,log-depth Laplacian fallback,,,,0.08359606208023383,0.00947403784078915,0.0946911244268597,0.0732910091593279,0.09279633538600914,0.07860341459317963,0.0790740889548726,0.03434144049462805,4.9322034379832775,0.9852295466356757,0.9986946184725809,0.9991877171373269,0.158389103888223,0.025426130243239534,0.15241458495955046,0.13396413032180546,0.1536304918940439,0.1454979895539457,0.14580127211852928,0.06332068793555175,4.932203437983675,0.9259605193699795,0.9983733882221031,0.9990792763521338,0.158389103888223,0.025426130243239534,0.15241458495955046,0.13396413032180546,0.1536304918940439,0.1454979895539457,0.14580127211852928,0.06332068793555175,4.932203437983675,0.9259605193699795,0.9983733882221031,0.9990792763521338,0.1491132619933765,0.022621054592420007,0.1431995731810087,0.12553869834482018,0.14569274282586778,0.13751189245942405,0.13781031612582764,0.05985025984278969,4.813371733361383,0.9316935586173595,0.9983662270381752,0.9990792763521338,0.03220944542846434,0.002677272629774709,0.050354028839610696,0.027622240685037762,0.04954029838969838,0.004645222273925334,0.031462091852956765,0.013663812880872374,4.932203437173065,0.9964603290870923,0.998973904645767,1.0,0.007994033396244049,0.05801406968384981,0.0174868144094944,ok,
759xd9YjKW5,87449aea807942e0998e230c344f0e42,87449aea807942e0998e230c344f0e42_i1_0,1,0,/mnt/priorbimda-data/PriorBIMDA-Datasets/Matterport3D/v1/scans/759xd9YjKW5/undistorted_color_images/87449aea807942e0998e230c344f0e42_i1_0.jpg,/mnt/priorbimda-data/PriorBIMDA-Datasets/Matterport3D/v1/scans/759xd9YjKW5/undistorted_depth_images/87449aea807942e0998e230c344f0e42_d1_0.png,1024,1280,406,504,1.4121168655554452,770628,0.5879425048828125,-6.935389995574951,3.2392899990081787,1.6269099712371826,True,204624,1.0,True,,1.0,204624,1.0195987224578857,0.019409140535403328,0.9694161686513703,0.05047041721567982,log-depth Laplacian fallback,,,,0.05602588285303578,0.015345936121118293,0.12098352579795782,0.08686589782086855,0.1051036097755813,0.030949242898317665,0.04986431686349714,0.021655797657692055,10.044358193472892,0.9816448403120572,0.9850563436573807,0.9888311870318753,0.07016561565038684,0.019016803627112496,0.1492897398524704,0.11818806918397952,0.11236049092700091,0.05035838343203452,0.06278374621223907,0.027266634533189615,10.044358187295416,0.9817901763237256,0.9849823780085852,0.9886456240884058,0.07016561565038684,0.019016803627112496,0.1492897398524704,0.11818806918397952,0.11236049092700091,0.05035838343203452,0.06278374621223907,0.027266634533189615,10.044358187295416,0.9817901763237256,0.9849823780085852,0.9886456240884058,0.08669922715939975,0.024914679120471194,0.18518235467998284,0.15303563887031452,0.12303712836900857,0.07000784644647627,0.07765034589118425,0.033723116738420156,10.117824071023618,0.9816876625297809,0.9848305537821102,0.9884016672116767,0.04180490713951526,0.012964291148208238,0.1020445469480239,0.0513798619359949,0.10044364443697079,-0.00011206179863230497,0.03711997554419526,0.01612100054722765,10.044358192504834,0.9810570080505769,0.9852548830304635,0.9890647627649138,0.009756647050380707,0.05904043186455965,0.017451961524784565,ok,
759xd9YjKW5,87449aea807942e0998e230c344f0e42,87449aea807942e0998e230c344f0e42_i1_1,1,1,/mnt/priorbimda-data/PriorBIMDA-Datasets/Matterport3D/v1/scans/759xd9YjKW5/undistorted_color_images/87449aea807942e0998e230c344f0e42_i1_1.jpg,/mnt/priorbimda-data/PriorBIMDA-Datasets/Matterport3D/v1/scans/759xd9YjKW5/undistorted_depth_images/87449aea807942e0998e230c344f0e42_d1_1.png,1024,1280,406,504,1.4121168655554452,978548,0.7465728759765625,-6.93189001083374,3.2392399311065674,1.6269299983978271,True,204624,1.0,True,,1.0,204624,0.9602829813957214,-0.04052726566986018,0.9837514368229259,0.024145246975246244,log-depth Laplacian fallback,,,,0.04474339490193782,0.019976125178481914,0.15840384253024126,0.057015517849878364,0.09185395545408565,0.032171740393856556,0.039705811863498294,0.01724401499180598,8.603562199805062,0.9857963022764341,0.9908578833128268,0.9922640483655375,0.04605367778947042,0.0181113651970047,0.15796554228521592,0.07430898989673754,0.08644040172725768,-0.008355525340211032,0.04268644763534532,0.018538488660082585,8.603562196589726,0.9887230876768437,0.9911051885037832,0.9926145677064385,0.04605367778947042,0.0181113651970047,0.15796554228521592,0.07430898989673754,0.08644040172725768,-0.008355525340211032,0.04268644763534532,0.018538488660082585,8.603562196589726,0.9887230876768437,0.9911051885037832,0.9926145677064385,0.035881740131302894,0.01825962847896326,0.15307275209526625,0.050238052368499805,0.08427140300684866,0.013344951586801502,0.03179817412293808,0.01380977155619077,8.320806230100917,0.9890899577741715,0.990927374027641,0.9923723721268655,0.03893904586669211,0.01849463448654892,0.15324226457877357,0.05165234626567724,0.08747252656090838,0.015789700731279915,0.03457350076539639,0.015015080602489505,8.603562200487332,0.9874201367740775,0.9909386151726844,0.9923713502045889,0.008000324480235577,0.05777373258024454,0.017462906427681446,ok,
759xd9YjKW5,87449aea807942e0998e230c344f0e42,87449aea807942e0998e230c344f0e42_i1_2,1,2,/mnt/priorbimda-data/PriorBIMDA-Datasets/Matterport3D/v1/scans/759xd9YjKW5/undistorted_color_images/87449aea807942e0998e230c344f0e42_i1_2.jpg,/mnt/priorbimda-data/PriorBIMDA-Datasets/Matterport3D/v1/scans/759xd9YjKW5/undistorted_depth_images/87449aea807942e0998e230c344f0e42_d1_2.png,1024,1280,406,504,1.4121168655554452,827802,0.6315628051757812,-6.930190086364746,3.236180067062378,1.6269099712371826,True,204624,1.0,True,,1.0,204624,0.740239679813385,-0.300781253585786,0.6467420862463237,0.13502644059166413,log-depth Laplacian fallback,,,,0.5407067951509892,0.17263338939976772,0.3176222719508464,0.3165720501199117,0.43320136925342356,0.43151268048767977,0.43151268048767977,0.18740357600708044,3.821299388138302,0.0,0.5495299600629135,1.0,0.1404923047087158,0.01248804038271901,0.08497017326963938,0.08174931143234597,0.13620183133289782,0.1307314268946426,0.1307314268946426,0.056775937311681623,3.821299360853399,1.0,1.0,1.0,0.1404923047087158,0.01248804038271901,0.08497017326963938,0.08174931143234597,0.13620183133289782,0.1307314268946426,0.1307314268946426,0.056775937311681623,3.821299360853399,1.0,1.0,1.0,0.11846947885696958,0.00883749940437438,0.07144230857071543,0.06891093350046985,0.1159696031888845,0.11144710049548318,0.11144710049548318,0.04840086076930547,3.207012090617999,1.0,1.0,1.0,0.03454733858188051,0.0008614335950344059,0.02260895480405008,0.020366820607972715,0.03845360569368439,-0.004294983878310962,0.03472955347730849,0.015082853434158975,3.8212993920005864,1.0,1.0,1.0,0.007457194849848747,0.05852979514747858,0.017435298301279545,ok,
759xd9YjKW5,87449aea807942e0998e230c344f0e42,87449aea807942e0998e230c344f0e42_i1_3,1,3,/mnt/priorbimda-data/PriorBIMDA-Datasets/Matterport3D/v1/scans/759xd9YjKW5/undistorted_color_images/87449aea807942e0998e230c344f0e42_i1_3.jpg,/mnt/priorbimda-data/PriorBIMDA-Datasets/Matterport3D/v1/scans/759xd9YjKW5/undistorted_depth_images/87449aea807942e0998e230c344f0e42_d1_3.png,1024,1280,406,504,1.4121168655554452,1188717,0.9069190979003906,-6.931980133056641,3.233180046081543,1.6268600225448608,True,204624,1.0,True,,1.0,204624,0.9649832248687744,-0.03564456134992106,1.0568720151630544,0.09095817780663892,log-depth Laplacian fallback,,,,0.10752883026003213,0.049400909656812854,0.302032077698526,0.1601926663524518,0.13261796326949699,0.002648545218983611,0.10161905829991365,0.04413259627585732,13.25915132652639,0.9848180853811294,0.9947514841631776,0.9957130250513789,0.11153134896441284,0.050788816082896746,0.32357987922714315,0.185124156047741,0.1366354510405473,-0.03299601627872482,0.10950675173012223,0.04755817800754141,13.259151326833827,0.9849981114091916,0.9949533825124063,0.9959309070199215,0.11153134896441284,0.050788816082896746,0.32357987922714315,0.185124156047741,0.1366354510405473,-0.03299601627872482,0.10950675173012223,0.04755817800754141,13.259151326833827,0.9849981114091916,0.9949533825124063,0.9959309070199215,0.10471679019450533,0.05036665378461042,0.3277261350117055,0.18663488979892934,0.13098826331112648,-0.04020856718200665,0.1034903908429354,0.04494530567309765,12.46643343159344,0.9851125204737545,0.9949794610491816,0.9959637155016712,0.10835020575408984,0.05618011870081966,0.3066617084600928,0.1411044642589566,0.14470701795073077,0.057962157028115496,0.09649874604577288,0.04190887291826242,13.259151329116502,0.8775141602248475,0.9915303642498593,0.9954917781103493,0.008861641399562359,0.05786033999174833,0.017468636855483055,ok,
759xd9YjKW5,87449aea807942e0998e230c344f0e42,87449aea807942e0998e230c344f0e42_i1_4,1,4,/mnt/priorbimda-data/PriorBIMDA-Datasets/Matterport3D/v1/scans/759xd9YjKW5/undistorted_color_images/87449aea807942e0998e230c344f0e42_i1_4.jpg,/mnt/priorbimda-data/PriorBIMDA-Datasets/Matterport3D/v1/scans/759xd9YjKW5/undistorted_depth_images/87449aea807942e0998e230c344f0e42_d1_4.png,1024,1280,406,504,1.4121168655554452,1025858,0.7826675415039063,-6.935480117797852,3.2332301139831543,1.6268399953842163,True,204624,1.0,True,,1.0,204624,1.0049561262130737,0.004943885048730217,1.012892913540086,0.007866622428590337,log-depth Laplacian fallback,,,,0.21579292337837744,0.39232713676411546,0.6055943732780553,0.231017320595011,0.31562724557123667,0.09525874717003029,0.13321123461023884,0.0578529041187462,30.09091710707435,0.84083372162619,0.844817703814758,0.9827480996395213,0.21530598893283534,0.3969920251516583,0.6073400225997765,0.2218015151684938,0.3171543738526713,0.10020263219876355,0.1316588985052372,0.057178733114284785,30.090917126986895,0.8407908306997655,0.8447104764986967,0.980947655523474,0.21530598893283534,0.3969920251516583,0.6073400225997765,0.2218015151684938,0.3171543738526713,0.10020263219876355,0.1316588985052372,0.057178733114284785,30.090917126986895,0.8407908306997655,0.8447104764986967,0.980947655523474,0.2113459994395309,0.3848778801002638,0.6029532014380016,0.22599188675908163,0.3125092403939295,0.09554560443824812,0.13030536720519048,0.056590901939591175,29.754506012387544,0.8408249484821486,0.844763115362945,0.9840825923275931,0.2159421032180318,0.4049146124852034,0.6117131498952737,0.21386351782423327,0.31972691987513613,0.10806930202213608,0.13060006543010153,0.05671888775249673,30.090917110199555,0.8407050488469164,0.8445691314002522,0.9770192365805014,0.008496608585119247,0.0592382438480854,0.017450804822146893,ok,
759xd9YjKW5,87449aea807942e0998e230c344f0e42,87449aea807942e0998e230c344f0e42_i1_5,1,5,/mnt/priorbimda-data/PriorBIMDA-Datasets/Matterport3D/v1/scans/759xd9YjKW5/undistorted_color_images/87449aea807942e0998e230c344f0e42_i1_5.jpg,/mnt/priorbimda-data/PriorBIMDA-Datasets/Matterport3D/v1/scans/759xd9YjKW5/undistorted_depth_images/87449aea807942e0998e230c344f0e42_d1_5.png,1024,1280,406,504,1.4121168655554452,208518,0.15908660888671874,-6.937190055847168,3.2362799644470215,1.626870036125183,True,204624,1.0,True,,1.0,204624,0.8282199501991272,-0.18847651953591452,0.68515760810864,0.1896298628193209,log-depth Laplacian fallback,,,,0.4559596122955884,0.11378711864792534,0.24949408677749169,0.24928966128571964,0.375870881472035,0.3755417595019982,0.3755417595019982,0.16309571387595592,1.572597878378192,0.0,1.0,1.0,0.20585479777810486,0.02327428397477413,0.11270962119391938,0.1124166636027733,0.1877250928065617,0.187065240125537,0.187065240125537,0.08124140154242748,1.5725978697918395,0.9908976683068128,1.0,1.0,0.20585479777810486,0.02327428397477413,0.11270962119391938,0.1124166636027733,0.1877250928065617,0.187065240125537,0.187065240125537,0.08124140154242748,1.5725978697918395,0.9908976683068128,1.0,1.0,0.18896445459713465,0.019604181782590466,0.10329161172448288,0.10305066689188445,0.17374737975258708,0.17294234931882135,0.17294234931882135,0.07510790799654872,1.6706160030853359,0.9985372965403466,1.0,1.0,0.011497107728615934,0.0001360529013557118,0.008603448765928667,0.006237901345394598,0.015933730919131108,-0.002564638964255192,0.011540792455989254,0.0050121024804268095,1.5725978760837076,1.0,1.0,1.0,0.007986966520547867,0.057228973135352135,0.017432231456041336,ok,
759xd9YjKW5,87449aea807942e0998e230c344f0e42,87449aea807942e0998e230c344f0e42_i2_0,2,0,/mnt/priorbimda-data/PriorBIMDA-Datasets/Matterport3D/v1/scans/759xd9YjKW5/undistorted_color_images/87449aea807942e0998e230c344f0e42_i2_0.jpg,/mnt/priorbimda-data/PriorBIMDA-Datasets/Matterport3D/v1/scans/759xd9YjKW5/undistorted_depth_images/87449aea807942e0998e230c344f0e42_d2_0.png,1024,1280,406,504,1.4165615917841592,1025983,0.7827629089355469,-6.940969944000244,3.2485499382019043,1.6602400541305542,True,204624,1.0,True,,1.0,204624,1.1166706085205078,0.11035158718100008,1.050468294031417,0.061115528121836515,log-depth Laplacian fallback,,,,0.09413109522971944,0.016782028193925748,0.13449021040112627,0.11067442158410667,0.14973400153209424,-0.07798730001348188,0.10245535383548034,0.04449579481219428,12.782117293868167,0.8228771821755331,0.9977202351306016,1.0,0.11090156404986805,0.02890199478637697,0.2436017605930382,0.1921823508866586,0.13185484201497094,0.03236428720944255,0.10899037028644407,0.0473339163959948,12.78211730356816,0.935534019569525,0.994114912235388,0.9993216261867887,0.11090156404986805,0.02890199478637697,0.2436017605930382,0.1921823508866586,0.13185484201497094,0.03236428720944255,0.10899037028644407,0.0473339163959948,12.78211730356816,0.935534019569525,0.994114912235388,0.9993216261867887,0.12098929696176709,0.033504721263139796,0.2631429241620424,0.20979834349268295,0.14183450434844408,0.03386685065891263,0.11901971599408598,0.05168960589392376,13.773185198136165,0.9203787976993771,0.993842977905092,0.9991841970091122,0.08670809984254661,0.016680576489918313,0.1563621652989284,0.12084557097451362,0.13101482500872197,-0.02875121086281902,0.09067065603425029,0.039377765586222704,12.782117291743084,0.8489945739841693,0.9963381459536854,1.0,0.008824706077575684,0.05815142672508955,0.017438294366002083,ok,
759xd9YjKW5,87449aea807942e0998e230c344f0e42,87449aea807942e0998e230c344f0e42_i2_1,2,1,/mnt/priorbimda-data/PriorBIMDA-Datasets/Matterport3D/v1/scans/759xd9YjKW5/undistorted_color_images/87449aea807942e0998e230c344f0e42_i2_1.jpg,/mnt/priorbimda-data/PriorBIMDA-Datasets/Matterport3D/v1/scans/759xd9YjKW5/undistorted_depth_images/87449aea807942e0998e230c344f0e42_d2_1.png,1024,1280,406,504,1.4165615917841592,1131043,0.8629173278808594,-6.926420211791992,3.248339891433716,1.6603200435638428,True,204624,1.0,True,,1.0,204624,1.1052788496017456,0.10009765571492463,0.9757453798786788,0.12465126359125327,log-depth Laplacian fallback,,,,0.06678927488577184,0.017124878022975132,0.16548178941100042,0.10008953976090454,0.09419021843472102,0.04252657640194691,0.06229153778489783,0.027052871129249027,8.404336706909017,0.9912434805750091,0.9962424063452937,0.9973970927718928,0.15778564303996903,0.057902265659460946,0.33050424614246027,0.26051562167363834,0.16554443257942034,0.14262423216685022,0.14262576923556725,0.06194158455621344,8.404336711994977,0.8579408563600146,0.9957543612400236,0.996926730460292,0.15778564303996903,0.057902265659460946,0.33050424614246027,0.26051562167363834,0.16554443257942034,0.14262423216685022,0.14262576923556725,0.06194158455621344,8.404336711994977,0.8579408563600146,0.9957543612400236,0.996926730460292,0.16173803120487243,0.06302387961322316,0.3474812827434303,0.27222373677198164,0.17071402130201882,0.1452633335722934,0.14560550166026023,0.06323566590580576,8.967631230470369,0.8561098030755683,0.9956968921605986,0.9968798710570685,0.06110885336516956,0.013366044979508164,0.13986263353291814,0.08298258444833019,0.08594367431204301,0.017972968583204754,0.05816203031675057,0.025259448822854403,8.404336710628423,0.994053276489046,0.9964015514883166,0.9975111467910592,0.008229176513850689,0.05731995962560177,0.017445694655179977,ok,
759xd9YjKW5,87449aea807942e0998e230c344f0e42,87449aea807942e0998e230c344f0e42_i2_2,2,2,/mnt/priorbimda-data/PriorBIMDA-Datasets/Matterport3D/v1/scans/759xd9YjKW5/undistorted_color_images/87449aea807942e0998e230c344f0e42_i2_2.jpg,/mnt/priorbimda-data/PriorBIMDA-Datasets/Matterport3D/v1/scans/759xd9YjKW5/undistorted_depth_images/87449aea807942e0998e230c344f0e42_d2_2.png,1024,1280,406,504,1.4165615917841592,1000841,0.7635810852050782,-6.919320106506348,3.235640048980713,1.6602100133895874,True,204624,1.0,True,,1.0,204624,0.9239461421966553,-0.0791014967052024,0.8407610228784257,0.09434632097422783,log-depth Laplacian fallback,,,,0.19597585501983125,0.03365430656653504,0.16662010418644763,0.1616315742389612,0.18490972019688628,0.1762437914470476,0.1776891712779683,0.07716942657998344,5.59439952064595,0.8549120189920277,0.9983413948869001,1.0,0.10645435330708004,0.011185535739030911,0.09385601422471866,0.08474925588697611,0.11209975917624446,0.09714229473524409,0.10007466038711112,0.043461872784464305,5.5943995039172645,0.9863504792469533,0.9987740310398955,1.0,0.10645435330708004,0.011185535739030911,0.09385601422471866,0.08474925588697611,0.11209975917624446,0.09714229473524409,0.10007466038711112,0.043461872784464305,5.5943995039172645,0.9863504792469533,0.9987740310398955,1.0,0.095748670358093,0.00937369929215232,0.08594041239501408,0.07601693455985925,0.10290382224941017,0.08715238056236675,0.09043427795135046,0.039275107889176424,5.471434177480893,0.9941359316814559,0.9991177419789956,1.0,0.03752203461954822,0.002782956982312549,0.05059351309316324,0.03349295554189577,0.05601381934306533,0.0027959535689683255,0.03726550868898267,0.016184204788942867,5.594399521876975,0.9907507785952014,1.0,1.0,0.008463598787784576,0.056976563297212124,0.01745074149221182,ok,
759xd9YjKW5,87449aea807942e0998e230c344f0e42,87449aea807942e0998e230c344f0e42_i2_3,2,3,/mnt/priorbimda-data/PriorBIMDA-Datasets/Matterport3D/v1/scans/759xd9YjKW5/undistorted_color_images/87449aea807942e0998e230c344f0e42_i2_3.jpg,/mnt/priorbimda-data/PriorBIMDA-Datasets/Matterport3D/v1/scans/759xd9YjKW5/undistorted_depth_images/87449aea807942e0998e230c344f0e42_d2_3.png,1024,1280,406,504,1.4165615917841592,1200988,0.9162811279296875,-6.926770210266113,3.223140001296997,1.6600300073623657,True,204624,1.0,True,,1.0,204624,1.1420358419418335,0.13281249597934502,1.097814103714101,0.03949147167543936,log-depth Laplacian fallback,,,,0.0883501896808909,0.018533321217362307,0.19397159526672492,0.15754205734438453,0.10397723013272542,-0.08817227797288456,0.09245842936079163,0.04015418567683341,5.510820068870077,0.9953196867912085,0.998989165587,0.9993222247016623,0.052734709328855454,0.009225933414252834,0.1262773918424396,0.07663790586764005,0.07092011601465015,0.044640218010876156,0.04999840696536074,0.021714032249009304,5.5108200764249995,0.994177294027917,0.9969849823645199,0.9990999077426252,0.052734709328855454,0.009225933414252834,0.1262773918424396,0.07663790586764005,0.07092011601465015,0.044640218010876156,0.04999840696536074,0.021714032249009304,5.5108200764249995,0.994177294027917,0.9969849823645199,0.9990999077426252,0.04948793939121993,0.008338075020867149,0.11771178051699253,0.07166317648122814,0.06670459525087753,0.04043240387253451,0.04709601969671125,0.02045354147388854,5.305397011225125,0.9941789593234903,0.9968933911079878,0.9991032383337719,0.037870027981358245,0.006055068044444915,0.0964968405221427,0.05585249900675335,0.05534819942898077,0.005148727544741425,0.03683534650120016,0.01599738772446548,5.510820070280147,0.9945761323177251,0.9978925684519745,0.9991432054275313,0.007616857066750526,0.05739992577582598,0.017488346435129642,ok,
759xd9YjKW5,87449aea807942e0998e230c344f0e42,87449aea807942e0998e230c344f0e42_i2_4,2,4,/mnt/priorbimda-data/PriorBIMDA-Datasets/Matterport3D/v1/scans/759xd9YjKW5/undistorted_color_images/87449aea807942e0998e230c344f0e42_i2_4.jpg,/mnt/priorbimda-data/PriorBIMDA-Datasets/Matterport3D/v1/scans/759xd9YjKW5/undistorted_depth_images/87449aea807942e0998e230c344f0e42_d2_4.png,1024,1280,406,504,1.4165615917841592,1181507,0.9014183044433594,-6.941319942474365,3.2233500480651855,1.6599500179290771,True,204624,1.0,True,,1.0,204624,1.3430213928222656,0.29492184654473635,1.3122484042744471,0.02317984141772439,log-depth Laplacian fallback,,,,0.2495400720677662,0.15426306073176196,0.615654819638859,0.5529247297598273,0.2866972592264861,-0.26112462534175834,0.2764215896913546,0.12004837108188005,11.836067120503026,0.031722198852821015,0.993294157376977,0.9945569514188236,0.05108794834013263,0.05828800196431584,0.21468941255363613,0.08131769491802239,0.12309143202773765,0.03379722112833808,0.038203233801193795,0.01659145363071826,11.836067118194867,0.9882505985999237,0.9915108416623855,0.9928320356967838,0.05108794834013263,0.05828800196431584,0.21468941255363613,0.08131769491802239,0.12309143202773765,0.03379722112833808,0.038203233801193795,0.01659145363071826,11.836067118194867,0.9882505985999237,0.9915108416623855,0.9928320356967838,0.054053399919413214,0.05890178988952976,0.21764920846052818,0.08790919856235688,0.123873835757404,0.03382449037240744,0.04109031238488089,0.017845295928434632,11.916640061820791,0.9882912246816988,0.9915159199226073,0.992804951642267,0.042351004102278426,0.05357448629492616,0.1982950539837955,0.056215889096421605,0.11883592194477804,0.010617337831160653,0.030518794341081238,0.013254143976671772,11.836067117858189,0.9885950739183094,0.9916073286066016,0.9929936936471812,0.008155806921422482,0.05975192412734032,0.017481577582657337,ok,
759xd9YjKW5,87449aea807942e0998e230c344f0e42,87449aea807942e0998e230c344f0e42_i2_5,2,5,/mnt/priorbimda-data/PriorBIMDA-Datasets/Matterport3D/v1/scans/759xd9YjKW5/undistorted_color_images/87449aea807942e0998e230c344f0e42_i2_5.jpg,/mnt/priorbimda-data/PriorBIMDA-Datasets/Matterport3D/v1/scans/759xd9YjKW5/undistorted_depth_images/87449aea807942e0998e230c344f0e42_d2_5.png,1024,1280,406,504,1.4165615917841592,921369,0.7029487609863281,-6.94842004776001,3.2360498905181885,1.6600600481033325,True,204624,1.0,True,,1.0,204624,1.2027015686035156,0.18457033356865085,1.0637496594294615,0.12277025282357344,log-depth Laplacian fallback,,,,0.07046806088018477,0.013882350871323999,0.10663006342140602,0.05774909052548607,0.09559165066938646,-0.057420937522211085,0.06989512828763755,0.030355068527240903,7.642381573677374,0.9942563728538729,0.9955576972960888,0.9967580849800677,0.14018618496625534,0.03652018860196396,0.19136725118841996,0.12914535688631262,0.1483494811439973,0.12714939607912876,0.12716935207466312,0.05522894787323805,7.642381587179514,0.9734319257539596,0.9945157694691269,0.9957736802518861,0.14018618496625534,0.03652018860196396,0.19136725118841996,0.12914535688631262,0.1483494811439973,0.12714939607912876,0.12716935207466312,0.05522894787323805,7.642381587179514,0.9734319257539596,0.9945157694691269,0.9957736802518861,0.13327691715506007,0.033824423726204374,0.1822892776456927,0.12147427368042883,0.14289446256404456,0.12108269590127681,0.12115229542466435,0.05261577337284429,7.5880222619244195,0.9772078287852098,0.9947187283270872,0.99588764110796,0.032056978655964345,0.013844483872992279,0.10976765183609921,0.03016077368191755,0.07654917764566464,0.004379154093351984,0.028541463088273936,0.012395399924682722,7.642381570985711,0.9937506037212018,0.9952863619244842,0.9964845789254902,0.0082194609567523,0.05861829314380884,0.017489051446318626,ok,
759xd9YjKW5,99fcb9869e0b4a7a9f825d70d6f67efc,99fcb9869e0b4a7a9f825d70d6f67efc_i0_0,0,0,/mnt/priorbimda-data/PriorBIMDA-Datasets/Matterport3D/v1/scans/759xd9YjKW5/undistorted_color_images/99fcb9869e0b4a7a9f825d70d6f67efc_i0_0.jpg,/mnt/priorbimda-data/PriorBIMDA-Datasets/Matterport3D/v1/scans/759xd9YjKW5/undistorted_depth_images/99fcb9869e0b4a7a9f825d70d6f67efc_d0_0.png,1024,1280,406,504,1.4155678118069965,1231904,0.9398681640625,0.2171889990568161,5.228529930114746,1.6015499830245972,True,204624,1.0,True,,1.0,204624,0.9311926960945129,-0.07128904557684024,0.8911739580288213,0.04392658590157203,log-depth Laplacian fallback,,,,0.14044148157481703,0.03859615715736633,0.2496190589701643,0.22364666475697295,0.14216116156752875,0.12971694885955967,0.12971696954261583,0.05633536408157024,5.816621903472321,0.9641035340416136,1.0,1.0,0.06785563257044265,0.012222943578661572,0.13986454577469856,0.10814314402790244,0.08244470211060032,0.058427903185268804,0.06439353727963966,0.027965757910778828,5.816621902340292,0.9999894472296542,1.0,1.0,0.06785563257044265,0.012222943578661572,0.13986454577469856,0.10814314402790244,0.08244470211060032,0.058427903185268804,0.06439353727963966,0.027965757910778828,5.816621902340292,0.9999894472296542,1.0,1.0,0.06049646281875857,0.009651069992374852,0.12433004484802479,0.09657997545428232,0.07370468663286997,0.05346558547760971,0.057725700694362926,0.025069953275560535,5.073275077487886,1.0,1.0,1.0,0.05126839423134134,0.0058208847251799275,0.09484975029791709,0.07901531054996393,0.05994662016702836,0.014501318189923205,0.05030632038956146,0.021847757350043587,5.816621906402868,1.0,1.0,1.0,0.008681586012244225,0.0588902598246932,0.01745118759572506,ok,
759xd9YjKW5,99fcb9869e0b4a7a9f825d70d6f67efc,99fcb9869e0b4a7a9f825d70d6f67efc_i0_1,0,1,/mnt/priorbimda-data/PriorBIMDA-Datasets/Matterport3D/v1/scans/759xd9YjKW5/undistorted_color_images/99fcb9869e0b4a7a9f825d70d6f67efc_i0_1.jpg,/mnt/priorbimda-data/PriorBIMDA-Datasets/Matterport3D/v1/scans/759xd9YjKW5/undistorted_depth_images/99fcb9869e0b4a7a9f825d70d6f67efc_d0_1.png,1024,1280,406,504,1.4155678118069965,1211500,0.9243011474609375,0.20398199558258057,5.2224202156066895,1.6016700267791748,True,204624,1.0,True,,1.0,204624,1.2192577123641968,0.1982422410866426,1.18673817119795,0.027033730078684814,log-depth Laplacian fallback,,,,0.16276884156023966,0.05199009888349258,0.29633741392999885,0.25000979294956,0.20182185396603566,-0.1700513119399341,0.17887106476740014,0.0776827164006411,10.869504149589826,0.8259768881551796,0.9863615352868345,0.9915344614114734,0.06569757890952384,0.029358551250578444,0.24126922263992726,0.11631737464117797,0.11229132002106307,0.028190929284122965,0.06298559234433665,0.0273542951945531,10.869504155282511,0.9631745769706975,0.9886578621543541,0.9928683450268262,0.06569757890952384,0.029358551250578444,0.24126922263992726,0.11631737464117797,0.11229132002106307,0.028190929284122965,0.06298559234433665,0.0273542951945531,10.869504155282511,0.9631745769706975,0.9886578621543541,0.9928683450268262,0.060155218791249764,0.027345395527152396,0.23363409183154205,0.10729066368267155,0.10894558827355225,0.02342774306891357,0.057964380735574424,0.025173610700399127,10.639681413918058,0.9636293850598432,0.9886430045398267,0.9927808501857202,0.058498811786456606,0.025625388230235382,0.22496730619341088,0.10092064617170168,0.10870120090240656,0.0011571672161753172,0.057441673930128306,0.0249466020191406,10.869504147687309,0.966660338423442,0.9885472554684276,0.9926933553446141,0.00827981811016798,0.057295884005725384,0.017425877042114735,ok,
759xd9YjKW5,99fcb9869e0b4a7a9f825d70d6f67efc,99fcb9869e0b4a7a9f825d70d6f67efc_i0_2,0,2,/mnt/priorbimda-data/PriorBIMDA-Datasets/Matterport3D/v1/scans/759xd9YjKW5/undistorted_color_images/99fcb9869e0b4a7a9f825d70d6f67efc_i0_2.jpg,/mnt/priorbimda-data/PriorBIMDA-Datasets/Matterport3D/v1/scans/759xd9YjKW5/undistorted_depth_images/99fcb9869e0b4a7a9f825d70d6f67efc_d0_2.png,1024,1280,406,504,1.4155678118069965,1211991,0.9246757507324219,0.1920900046825409,5.230810165405273,1.6014800071716309,True,204624,1.0,True,,1.0,204624,1.128179669380188,0.12060542175735221,1.098096984647603,0.02702675411208713,log-depth Laplacian fallback,,,,0.09433479857643833,0.022079658397739853,0.21623207240028194,0.17285427910601905,0.11892146838451526,-0.0951312498112744,0.09983608562545078,0.04335826108195385,7.136078020925897,0.9833150576200649,0.9924215608861782,0.9965296772005733,0.04142556192133089,0.010976841228730702,0.15130389858092413,0.08076122324578741,0.07577132965716739,0.02547417200821661,0.04075378871459734,0.01769914555540064,7.136078025435911,0.9864206912427568,0.9933968156529215,0.9968481614137399,0.04142556192133089,0.010976841228730702,0.15130389858092413,0.08076122324578741,0.07577132965716739,0.02547417200821661,0.04075378871459734,0.01769914555540064,7.136078025435911,0.9864206912427568,0.9933968156529215,0.9968481614137399,0.0368819472262991,0.010087952604251191,0.14520489551821736,0.07112029559172862,0.07341142694354265,0.02139057548839815,0.03644503247745417,0.01582787649774314,7.022592744964099,0.9863951134950673,0.9935445065186128,0.99676482746159,0.030815449447006534,0.009000831681538502,0.13823747832170705,0.05704050793153524,0.07137766816887708,-0.0015525984900402118,0.031080510840274196,0.01349809435266528,7.136078020281906,0.9860989066750495,0.9931039091874445,0.9966204369504394,0.008173532783985138,0.060746580362319946,0.01742556504905224,ok,
759xd9YjKW5,99fcb9869e0b4a7a9f825d70d6f67efc,99fcb9869e0b4a7a9f825d70d6f67efc_i0_3,0,3,/mnt/priorbimda-data/PriorBIMDA-Datasets/Matterport3D/v1/scans/759xd9YjKW5/undistorted_color_images/99fcb9869e0b4a7a9f825d70d6f67efc_i0_3.jpg,/mnt/priorbimda-data/PriorBIMDA-Datasets/Matterport3D/v1/scans/759xd9YjKW5/undistorted_depth_images/99fcb9869e0b4a7a9f825d70d6f67efc_d0_3.png,1024,1280,406,504,1.4155678118069965,1235948,0.9429534912109375,0.19340500235557556,5.2452898025512695,1.6011699438095093,True,204624,1.0,True,,1.0,204624,1.0629363059997559,0.06103517846746481,1.0279142012767997,0.03350347671061713,log-depth Laplacian fallback,,,,0.038852208015075496,0.003922331262749496,0.08066303560258394,0.06392129605383194,0.05170566272076772,-0.03049847794182249,0.03992264799720098,0.017338185728150293,4.175306456568135,0.9989934851628062,1.0,1.0,0.04345187155092116,0.006052113490633505,0.11579715417140934,0.08857927070587021,0.051728217485754756,0.03053670054922674,0.042335263051988224,0.018385971133401107,4.175306460393536,0.998692501626282,1.0,1.0,0.04345187155092116,0.006052113490633505,0.11579715417140934,0.08857927070587021,0.051728217485754756,0.03053670054922674,0.042335263051988224,0.018385971133401107,4.175306460393536,0.998692501626282,1.0,1.0,0.03793123516082609,0.005025653888937689,0.10474312160285988,0.07703997373834408,0.04726599236320878,0.026766081210259876,0.037006089925530755,0.016071540651473527,3.895703955288035,0.998656092327509,1.0,1.0,0.033015165954868746,0.0031217151468072475,0.07733108779428091,0.05956263270000161,0.04185833684251717,-0.002966810080231982,0.033129625701254654,0.014388013629575053,4.175306457218995,0.9988672662603928,1.0,1.0,0.008517367765307426,0.06088367477059364,0.017452620901167393,ok,
759xd9YjKW5,99fcb9869e0b4a7a9f825d70d6f67efc,99fcb9869e0b4a7a9f825d70d6f67efc_i0_4,0,4,/mnt/priorbimda-data/PriorBIMDA-Datasets/Matterport3D/v1/scans/759xd9YjKW5/undistorted_color_images/99fcb9869e0b4a7a9f825d70d6f67efc_i0_4.jpg,/mnt/priorbimda-data/PriorBIMDA-Datasets/Matterport3D/v1/scans/759xd9YjKW5/undistorted_depth_images/99fcb9869e0b4a7a9f825d70d6f67efc_d0_4.png,1024,1280,406,504,1.4155678118069965,1227438,0.9364608764648438,0.20661099255084991,5.251399993896484,1.6010500192642212,True,204624,1.0,True,,1.0,204624,0.9742151498794556,-0.026123106632833588,0.9305384875522986,0.04586873489531061,log-depth Laplacian fallback,,,,0.07577608988123057,0.014639394678743638,0.1635121769375015,0.13292571501483408,0.08492957155565913,0.05951375399480773,0.07234320565345821,0.03141825501848903,6.0589976151780505,0.9952372339784168,1.0,1.0,0.060497540928785384,0.00932383567858455,0.13028315575808627,0.10514259121402184,0.06918150439243198,0.03339064737942067,0.05883198367354333,0.025550405868842066,6.058997621375398,0.9957749393452052,1.0,1.0,0.060497540928785384,0.00932383567858455,0.13028315575808627,0.10514259121402184,0.06918150439243198,0.03339064737942067,0.05883198367354333,0.025550405868842066,6.058997621375398,0.9957749393452052,1.0,1.0,0.05603210066811417,0.008545618759598497,0.12475007782209833,0.09759843883696773,0.06602504876790495,0.03120417021173294,0.05447994749437533,0.02366034057118609,5.818596760561283,0.9957162805779192,1.0,1.0,0.04785171431739878,0.006034560730655711,0.10082402124519758,0.07764462857885925,0.061861524402240985,-0.012478100451337126,0.04859445927030087,0.02110430551216399,6.058997615526348,0.9963835240557976,1.0,1.0,0.009149184450507164,0.05769895017147064,0.01745134498924017,ok,
759xd9YjKW5,99fcb9869e0b4a7a9f825d70d6f67efc,99fcb9869e0b4a7a9f825d70d6f67efc_i0_5,0,5,/mnt/priorbimda-data/PriorBIMDA-Datasets/Matterport3D/v1/scans/759xd9YjKW5/undistorted_color_images/99fcb9869e0b4a7a9f825d70d6f67efc_i0_5.jpg,/mnt/priorbimda-data/PriorBIMDA-Datasets/Matterport3D/v1/scans/759xd9YjKW5/undistorted_depth_images/99fcb9869e0b4a7a9f825d70d6f67efc_d0_5.png,1024,1280,406,504,1.4155678118069965,1216325,0.9279823303222656,0.21850299835205078,5.243020057678223,1.6012400388717651,True,204624,1.0,True,,1.0,204624,1.0577588081359863,0.05615233782136082,0.9483492530569135,0.10918477199733544,log-depth Laplacian fallback,,,,0.10521207732126925,0.029669289864114084,0.22381655588135807,0.1715848305687332,0.12235281972848346,0.05461215823215291,0.09911341693655656,0.04304441005812283,10.948846819979291,0.9140788851663824,1.0,1.0,0.13709183918441056,0.0525140050318076,0.300090077456331,0.23036958499804794,0.15574497820751274,0.11076449609839135,0.12428613616879983,0.05397678311518594,10.948846807279782,0.7802149918812817,1.0,1.0,0.13709183918441056,0.0525140050318076,0.300090077456331,0.23036958499804794,0.15574497820751274,0.11076449609839135,0.12428613616879983,0.05397678311518594,10.948846807279782,0.7802149918812817,1.0,1.0,0.12997859338820852,0.05031246267265442,0.2942726816221908,0.21908894904820772,0.15149169479827437,0.1067946551144277,0.11775445645029141,0.05114011065587833,10.744596424177109,0.799907919347214,1.0,1.0,0.09225838556863553,0.01974895065614452,0.17815046354392008,0.1444559451448433,0.10949986361530525,0.0015797076043047333,0.09132671330426435,0.03966268763840232,10.948846814005279,0.9978245945779294,1.0,1.0,0.00792310107499361,0.05748547241091728,0.017414518631994724,ok,
759xd9YjKW5,99fcb9869e0b4a7a9f825d70d6f67efc,99fcb9869e0b4a7a9f825d70d6f67efc_i1_0,1,0,/mnt/priorbimda-data/PriorBIMDA-Datasets/Matterport3D/v1/scans/759xd9YjKW5/undistorted_color_images/99fcb9869e0b4a7a9f825d70d6f67efc_i1_0.jpg,/mnt/priorbimda-data/PriorBIMDA-Datasets/Matterport3D/v1/scans/759xd9YjKW5/undistorted_depth_images/99fcb9869e0b4a7a9f825d70d6f67efc_d1_0.png,1024,1280,406,504,1.4121168655554452,1146399,0.8746330261230468,0.20812499523162842,5.235599994659424,1.6346499919891357,True,204624,1.0,True,,1.0,204624,0.9091775417327881,-0.09521488843862437,0.895015454107516,0.015699405258497195,log-depth Laplacian fallback,,,,0.11546426045010831,0.02337623418030101,0.19418290928061044,0.1865127736448103,0.11351538515353249,0.10147806945131949,0.10902523923201154,0.047349059786644554,5.087183982310846,0.9949371902801729,1.0,1.0,0.03301698486363297,0.0037091768994917266,0.07547500779329556,0.05154945807927365,0.05125594145866005,0.006263181042878292,0.033443871070355236,0.01452448865933908,5.087183993171188,0.9994609206742155,1.0,1.0,0.03301698486363297,0.0037091768994917266,0.07547500779329556,0.05154945807927365,0.05125594145866005,0.006263181042878292,0.033443871070355236,0.01452448865933908,5.087183993171188,0.9994609206742155,1.0,1.0,0.03175109138047966,0.0037290234671695562,0.07545568965958359,0.04944407038291063,0.05207049969934606,0.0010021383984053739,0.03238232915442519,0.014063466862941656,5.206085532883646,0.9994696436406522,1.0,1.0,0.0283310392003454,0.0036055213518003094,0.07438564137266869,0.04413580868660923,0.05173959707629806,-0.009436197404375126,0.029227042413622825,0.012693143242588687,5.087183979534586,0.9990186662758778,1.0,1.0,0.007959919050335884,0.05834813695400953,0.017502205446362495,ok,
759xd9YjKW5,99fcb9869e0b4a7a9f825d70d6f67efc,99fcb9869e0b4a7a9f825d70d6f67efc_i1_1,1,1,/mnt/priorbimda-data/PriorBIMDA-Datasets/Matterport3D/v1/scans/759xd9YjKW5/undistorted_color_images/99fcb9869e0b4a7a9f825d70d6f67efc_i1_1.jpg,/mnt/priorbimda-data/PriorBIMDA-Datasets/Matterport3D/v1/scans/759xd9YjKW5/undistorted_depth_images/99fcb9869e0b4a7a9f825d70d6f67efc_d1_1.png,1024,1280,406,504,1.4121168655554452,1174987,0.8964439392089844,0.20494799315929413,5.234129905700684,1.6346800327301025,True,204624,1.0,True,,1.0,204624,0.9034247398376465,-0.10156247088350695,0.8557700163303799,0.05419114056705163,log-depth Laplacian fallback,,,,0.20935229953386097,0.21694090635894894,0.6050458119032545,0.35160812444513734,0.23862794129482245,0.16398807928015816,0.17442710798874583,0.0757527304938549,17.33528315909775,0.8690070613547214,0.9586344359554616,0.978006565179019,0.1209501313113064,0.14059016386456852,0.5074065866278891,0.24975302691820989,0.18425026678512882,0.06242560848564921,0.10250460824113256,0.04451718572877847,17.335283157649197,0.9306741266073582,0.9632446997285927,0.9825010829907054,0.1209501313113064,0.14059016386456852,0.5074065866278891,0.24975302691820989,0.18425026678512882,0.06242560848564921,0.10250460824113256,0.04451718572877847,17.335283157649197,0.9306741266073582,0.9632446997285927,0.9825010829907054,0.11303913003342676,0.1382617102437263,0.494763626699357,0.2275317149814889,0.18222597995806794,0.06018263291510217,0.0946584028734502,0.041109622033714335,17.200104205232083,0.9299873104979034,0.9629698030701617,0.9813589426946852,0.0909452097610994,0.12360790220627267,0.5144750731242579,0.22979047192076257,0.17354829357882584,0.008234439275974791,0.0781146370400164,0.033924755822354505,17.335283157171848,0.944664068623738,0.9656336623298811,0.9822457610169304,0.007525230757892132,0.060787105932831764,0.017418530769646168,ok,
759xd9YjKW5,99fcb9869e0b4a7a9f825d70d6f67efc,99fcb9869e0b4a7a9f825d70d6f67efc_i1_2,1,2,/mnt/priorbimda-data/PriorBIMDA-Datasets/Matterport3D/v1/scans/759xd9YjKW5/undistorted_color_images/99fcb9869e0b4a7a9f825d70d6f67efc_i1_2.jpg,/mnt/priorbimda-data/PriorBIMDA-Datasets/Matterport3D/v1/scans/759xd9YjKW5/undistorted_depth_images/99fcb9869e0b4a7a9f825d70d6f67efc_d1_2.png,1024,1280,406,504,1.4121168655554452,1175167,0.8965812683105469,0.20208700001239777,5.236149787902832,1.6346299648284912,True,204624,1.0,True,,1.0,204624,0.9851576089859009,-0.01495364148740044,1.0034147603682644,0.018362584800283768,log-depth Laplacian fallback,,,,0.061097540893264045,0.1329428750322262,0.4991329501276786,0.14735878556854057,0.15177196059138998,0.01938258555901729,0.045618711622216486,0.01981195472906436,15.052921111465977,0.963800038632807,0.9780635433091637,0.9839767454327768,0.06555229916677043,0.12849014896982808,0.49604335408774547,0.1706194327471176,0.15059435197159907,0.004428944094403504,0.05101319320647483,0.022154748313836483,15.052921078632714,0.9649156247580131,0.9784634864661789,0.9842422396136039,0.06555229916677043,0.12849014896982808,0.49604335408774547,0.1706194327471176,0.15059435197159907,0.004428944094403504,0.05101319320647483,0.022154748313836483,15.052921078632714,0.9649156247580131,0.9784634864661789,0.9842422396136039,0.06744221563733399,0.12610474202762864,0.49553117303580296,0.18284820628829193,0.1502638328924555,0.0006358965440296557,0.05337773041205903,0.02318165377447662,15.0262487371656,0.9658508109911187,0.9784532751515317,0.98438349613289,0.06106215099042538,0.13421925283247615,0.5010023286698483,0.1464624215769764,0.15224485782740696,0.022791518594989436,0.045375237282481204,0.0197062151668323,15.052921116853568,0.9636068745973977,0.9779758961917753,0.9839282416882026,0.008421308360993862,0.05983411613851786,0.017417986877262592,ok,
759xd9YjKW5,99fcb9869e0b4a7a9f825d70d6f67efc,99fcb9869e0b4a7a9f825d70d6f67efc_i1_3,1,3,/mnt/priorbimda-data/PriorBIMDA-Datasets/Matterport3D/v1/scans/759xd9YjKW5/undistorted_color_images/99fcb9869e0b4a7a9f825d70d6f67efc_i1_3.jpg,/mnt/priorbimda-data/PriorBIMDA-Datasets/Matterport3D/v1/scans/759xd9YjKW5/undistorted_depth_images/99fcb9869e0b4a7a9f825d70d6f67efc_d1_3.png,1024,1280,406,504,1.4121168655554452,1235003,0.9422325134277344,0.20240400731563568,5.239630222320557,1.634559988975525,True,204624,1.0,True,,1.0,204624,1.044925332069397,0.043945430298747826,1.0004884682427422,0.043457081317782253,log-depth Laplacian fallback,,,,0.036053604879980425,0.007448633994076983,0.15081941012642455,0.09436664180521066,0.052038700270398294,0.0020226032233281173,0.035974713352393786,0.015623619496995856,5.199937886199541,0.9947741017633156,0.9997206484518661,1.0,0.05965213900022868,0.014341554367056638,0.20838680724182912,0.16178615194015414,0.06940457839868105,0.04596803352282304,0.05760299982358534,0.02501666496445711,5.1999378811128905,0.9930534581697372,0.9994979769279912,1.0,0.05965213900022868,0.014341554367056638,0.20838680724182912,0.16178615194015414,0.06940457839868105,0.04596803352282304,0.05760299982358534,0.02501666496445711,5.1999378811128905,0.9930534581697372,0.9994979769279912,1.0,0.05944507677222801,0.01464116651901347,0.21005503805453857,0.16007785394325927,0.07004962387042234,0.04671957312449794,0.05729100367555496,0.02488116675899245,5.2194169132694626,0.9931287616305385,0.9994890700670362,1.0,0.036068663022270166,0.007459430503313697,0.15083327224349438,0.09420979402614552,0.05205997058610918,0.002511003631087409,0.035972159426460135,0.015622510341055678,5.1999378825051545,0.9947562880414056,0.999717409593337,1.0,0.008194232359528542,0.05840866360813379,0.01749478653073311,ok,
759xd9YjKW5,99fcb9869e0b4a7a9f825d70d6f67efc,99fcb9869e0b4a7a9f825d70d6f67efc_i1_4,1,4,/mnt/priorbimda-data/PriorBIMDA-Datasets/Matterport3D/v1/scans/759xd9YjKW5/undistorted_color_images/99fcb9869e0b4a7a9f825d70d6f67efc_i1_4.jpg,/mnt/priorbimda-data/PriorBIMDA-Datasets/Matterport3D/v1/scans/759xd9YjKW5/undistorted_depth_images/99fcb9869e0b4a7a9f825d70d6f67efc_d1_4.png,1024,1280,406,504,1.4121168655554452,1272163,0.9705833435058594,0.20558099448680878,5.241099834442139,1.634529948234558,True,204624,1.0,True,,1.0,204624,1.1079806089401245,0.10253908721538221,0.9521709114950699,0.15154981863815908,log-depth Laplacian fallback,,,,0.06580168509162114,0.008723521204427955,0.12286791392965735,0.11206936683736182,0.07165062781573574,0.016072811260469548,0.06560312168495294,0.028491073743402633,6.982461746815666,0.9985937336646326,0.9999331846626572,1.0,0.1313459534113256,0.03634303693932256,0.2439209126645943,0.21499434333385944,0.13763814757162987,0.11861189847181008,0.12140647742745439,0.05272616321405516,6.982461749170403,0.9921212926330981,1.0,1.0,0.1313459534113256,0.03634303693932256,0.2439209126645943,0.21499434333385944,0.13763814757162987,0.11861189847181008,0.12140647742745439,0.05272616321405516,6.982461749170403,0.9921212926330981,1.0,1.0,0.12741353208728912,0.03384300200623757,0.2345685510799034,0.20790253975771492,0.1335944129282156,0.11597503453839259,0.11805881213856813,0.05127229065183277,6.631182797550697,0.9952191660974262,1.0,1.0,0.048938869444894284,0.009519666145812171,0.13218649024719265,0.087300560524684,0.0772035232152523,-0.0329379233301422,0.05147193341478792,0.022353976654933994,6.982461746079012,0.9987108570206805,0.9998404292531696,1.0,0.00823943316936493,0.05934654641896486,0.017442872747778893,ok,
759xd9YjKW5,99fcb9869e0b4a7a9f825d70d6f67efc,99fcb9869e0b4a7a9f825d70d6f67efc_i1_5,1,5,/mnt/priorbimda-data/PriorBIMDA-Datasets/Matterport3D/v1/scans/759xd9YjKW5/undistorted_color_images/99fcb9869e0b4a7a9f825d70d6f67efc_i1_5.jpg,/mnt/priorbimda-data/PriorBIMDA-Datasets/Matterport3D/v1/scans/759xd9YjKW5/undistorted_depth_images/99fcb9869e0b4a7a9f825d70d6f67efc_d1_5.png,1024,1280,406,504,1.4121168655554452,902781,0.6887672424316407,0.20844100415706635,5.2390899658203125,1.6345700025558472,True,204624,1.0,True,,1.0,204624,0.8314614295959473,-0.1845703679602841,0.9252249642897948,0.10685200155873457,log-depth Laplacian fallback,,,,0.08064697707697376,0.015083772075353125,0.1630669027683475,0.1424227092930122,0.08819719972906453,0.07322877508379819,0.07701307219742048,0.03344635228975646,4.915579863836005,0.9917477217619777,0.9979707149352944,1.0,0.10640529222688452,0.02243635188009613,0.19962754795366944,0.18650291022103624,0.12170966611607181,-0.1113415928543391,0.1132317152082108,0.049175909091366515,4.915579850581477,0.9876027519409469,0.9980327454831238,0.9992932948300861,0.10640529222688452,0.02243635188009613,0.19962754795366944,0.18650291022103624,0.12170966611607181,-0.1113415928543391,0.1132317152082108,0.049175909091366515,4.915579850581477,0.9876027519409469,0.9980327454831238,0.9992932948300861,0.12001536820308371,0.02729103597872297,0.22114715449840838,0.2115724429975385,0.13399942382651447,-0.12676524738196873,0.1283606285195883,0.05574631265969039,4.3432909665668555,0.9879317353821138,0.9977879463568684,0.9992257258404862,0.03138974351543239,0.004012313461356972,0.08433582572234863,0.055591044105238664,0.049360399258179484,-0.004489596140480951,0.03164897900897705,0.013744976941470574,4.9155798655115595,0.9942234052333844,0.9990052958580209,1.0,0.007570228539407253,0.05942773073911667,0.017435124143958092,ok,
759xd9YjKW5,99fcb9869e0b4a7a9f825d70d6f67efc,99fcb9869e0b4a7a9f825d70d6f67efc_i2_0,2,0,/mnt/priorbimda-data/PriorBIMDA-Datasets/Matterport3D/v1/scans/759xd9YjKW5/undistorted_color_images/99fcb9869e0b4a7a9f825d70d6f67efc_i2_0.jpg,/mnt/priorbimda-data/PriorBIMDA-Datasets/Matterport3D/v1/scans/759xd9YjKW5/undistorted_depth_images/99fcb9869e0b4a7a9f825d70d6f67efc_d2_0.png,1024,1280,406,504,1.4165615917841592,1218763,0.9298423767089844,0.21712400019168854,5.229939937591553,1.668030023574829,True,204624,1.0,True,,1.0,204624,1.1509929895401,0.14062503896541936,1.0792846518728345,0.06432657666317984,log-depth Laplacian fallback,,,,0.07694058954247901,0.008803981290047948,0.11044699626270531,0.1019689708703924,0.08541744316072063,-0.07944262559651463,0.0804185145340482,0.034925317104993595,3.1384850397077515,0.9971930555817661,1.0,1.0,0.0653435689001993,0.0069604113328342486,0.09805567698887592,0.08783535318462633,0.06876261008805164,0.06118241339125631,0.06296944833552831,0.027347283940611866,3.13848504495854,0.9977624854052839,1.0,1.0,0.0653435689001993,0.0069604113328342486,0.09805567698887592,0.08783535318462633,0.06876261008805164,0.06118241339125631,0.06296944833552831,0.027347283940611866,3.13848504495854,0.9977624854052839,1.0,1.0,0.0676089949470621,0.00724062207503925,0.09924219470470505,0.08998955158190212,0.0706610953273297,0.06260958014828741,0.06511197076737386,0.028277769610116296,3.275714985332439,0.9981013535855617,1.0,1.0,0.023001262078551393,0.0013681749013411176,0.044488853676839815,0.030988024283966714,0.031541948324181945,-0.0031441483993352526,0.023099190475345584,0.010031850959874742,3.138485040474658,0.9990514972968494,1.0,1.0,0.008302507922053337,0.0602527791634202,0.017442500218749046,ok,
759xd9YjKW5,99fcb9869e0b4a7a9f825d70d6f67efc,99fcb9869e0b4a7a9f825d70d6f67efc_i2_1,2,1,/mnt/priorbimda-data/PriorBIMDA-Datasets/Matterport3D/v1/scans/759xd9YjKW5/undistorted_color_images/99fcb9869e0b4a7a9f825d70d6f67efc_i2_1.jpg,/mnt/priorbimda-data/PriorBIMDA-Datasets/Matterport3D/v1/scans/759xd9YjKW5/undistorted_depth_images/99fcb9869e0b4a7a9f825d70d6f67efc_d2_1.png,1024,1280,406,504,1.4165615917841592,1237574,0.9441940307617187,0.203917995095253,5.223840236663818,1.6681499481201172,True,204624,1.0,True,,1.0,204624,1.0881431102752686,0.08447267496323245,1.0128598492638128,0.07169481142636029,log-depth Laplacian fallback,,,,0.03506185843320387,0.027835911305848216,0.2353312835885726,0.061522468797541995,0.08654255052898346,0.0016058588351746557,0.030862880459407844,0.01340357867916053,8.652765031747451,0.9816431179064847,0.9841835720530651,0.9965925269923253,0.094989977168976,0.04799079051146317,0.30347641033303874,0.15154298668499444,0.12205141639834635,0.08607853383099574,0.08614566374477162,0.03741258640424734,8.652765025324939,0.9762648536572358,0.9831953483185651,0.989013990274521,0.094989977168976,0.04799079051146317,0.30347641033303874,0.15154298668499444,0.12205141639834635,0.08607853383099574,0.08614566374477162,0.03741258640424734,8.652765025324939,0.9762648536572358,0.9831953483185651,0.989013990274521,0.09426305579526274,0.045747754516865705,0.29527970872885195,0.14819632452505885,0.12040673297238126,0.08543752478882878,0.08569329928938697,0.03721612701746464,8.48422695538055,0.9785136080751535,0.9833141290945027,0.9903326992971734,0.032650848865221155,0.029265193209009728,0.24137517986159823,0.05881073273499326,0.08771502120684752,0.01438369478568201,0.028024981644588984,0.012171094883684907,8.652765031843899,0.9814710069862489,0.9840389342374678,0.996183662552704,0.007404841482639313,0.057494765147566795,0.01743878796696663,ok,
759xd9YjKW5,99fcb9869e0b4a7a9f825d70d6f67efc,99fcb9869e0b4a7a9f825d70d6f67efc_i2_2,2,2,/mnt/priorbimda-data/PriorBIMDA-Datasets/Matterport3D/v1/scans/759xd9YjKW5/undistorted_color_images/99fcb9869e0b4a7a9f825d70d6f67efc_i2_2.jpg,/mnt/priorbimda-data/PriorBIMDA-Datasets/Matterport3D/v1/scans/759xd9YjKW5/undistorted_depth_images/99fcb9869e0b4a7a9f825d70d6f67efc_d2_2.png,1024,1280,406,504,1.4165615917841592,1241283,0.9470237731933594,0.19202600419521332,5.23222017288208,1.6679600477218628,True,204624,1.0,True,,1.0,204624,1.0644944906234741,0.06250002978466816,1.0223042230570574,0.040440908075210405,log-depth Laplacian fallback,,,,0.046006653725748865,0.022465994706827,0.20805989961128735,0.08722811106188187,0.08711344563854025,-0.012592390513081352,0.042996386938636104,0.018673093589226704,8.619851571915241,0.9842421107837617,0.9885143033458124,0.9925407824001456,0.06076926502110297,0.03334075578707689,0.2729490214578118,0.13494895672984142,0.09960399867392802,0.04990763936670269,0.05487710319254849,0.023832823099359093,8.619851555960233,0.9821168903465205,0.9877256032669424,0.991549066570637,0.06076926502110297,0.03334075578707689,0.2729490214578118,0.13494895672984142,0.09960399867392802,0.04990763936670269,0.05487710319254849,0.023832823099359093,8.619851555960233,0.9821168903465205,0.9877256032669424,0.991549066570637,0.06291438201342396,0.033964619692530194,0.2733025102370679,0.1376990141845335,0.10121532602747178,0.05332839618785976,0.05683020366482783,0.0246810438570727,8.60268817456385,0.9821281689993338,0.9876925729265607,0.9914926733065706,0.041002372261137864,0.02433752669907734,0.22210661661835474,0.08559196453339692,0.08671679340746327,0.009466686422547431,0.037054955921007174,0.016092762883661658,8.619851568936568,0.9836459534207751,0.9882210583726676,0.9919285126759974,0.007817014120519161,0.058631403371691704,0.017452810890972614,ok,
759xd9YjKW5,99fcb9869e0b4a7a9f825d70d6f67efc,99fcb9869e0b4a7a9f825d70d6f67efc_i2_3,2,3,/mnt/priorbimda-data/PriorBIMDA-Datasets/Matterport3D/v1/scans/759xd9YjKW5/undistorted_color_images/99fcb9869e0b4a7a9f825d70d6f67efc_i2_3.jpg,/mnt/priorbimda-data/PriorBIMDA-Datasets/Matterport3D/v1/scans/759xd9YjKW5/undistorted_depth_images/99fcb9869e0b4a7a9f825d70d6f67efc_d2_3.png,1024,1280,406,504,1.4165615917841592,1187652,0.9061065673828125,0.193340003490448,5.246699810028076,1.6676599979400635,True,204624,1.0,True,,1.0,204624,1.0780946016311646,0.0751952252515994,1.026809682466074,0.04873862553240495,log-depth Laplacian fallback,,,,0.03721374439160209,0.009295518468812408,0.11968398265934345,0.055617659947990464,0.06760927706739792,-0.020807310689185014,0.03608135118717427,0.015669931720203138,6.4327833536191035,0.99116744635634,0.9936883868338537,0.9965806482033458,0.059364051217468516,0.017245894086931477,0.17645707794437682,0.108951488250477,0.08423844381104899,0.05438791459003919,0.05533679420561901,0.02403246436971618,6.43278334957261,0.9886001960170151,0.9932193942333276,0.9950254788439711,0.059364051217468516,0.017245894086931477,0.17645707794437682,0.108951488250477,0.08423844381104899,0.05438791459003919,0.05533679420561901,0.02403246436971618,6.43278334957261,0.9886001960170151,0.9932193942333276,0.9950254788439711,0.0644209477911797,0.018556718896410605,0.18338727735679705,0.11708297813747062,0.0877461263108359,0.05915896147722873,0.06007047830754453,0.026088277254255568,6.480432053106441,0.988499998316005,0.9931545604267917,0.9949614870349227,0.031122048237106313,0.009731590865551079,0.12370524627095075,0.04963526439310902,0.06457541902653308,0.005649298694225954,0.029115480662052606,0.012644692589490284,6.432783353040694,0.9900930575623162,0.9935511412433945,0.995585407173145,0.008470652624964714,0.05980972200632095,0.017435956746339798,ok,
759xd9YjKW5,99fcb9869e0b4a7a9f825d70d6f67efc,99fcb9869e0b4a7a9f825d70d6f67efc_i2_4,2,4,/mnt/priorbimda-data/PriorBIMDA-Datasets/Matterport3D/v1/scans/759xd9YjKW5/undistorted_color_images/99fcb9869e0b4a7a9f825d70d6f67efc_i2_4.jpg,/mnt/priorbimda-data/PriorBIMDA-Datasets/Matterport3D/v1/scans/759xd9YjKW5/undistorted_depth_images/99fcb9869e0b4a7a9f825d70d6f67efc_d2_4.png,1024,1280,406,504,1.4165615917841592,1214886,0.9268844604492188,0.20654700696468353,5.252810001373291,1.6675399541854858,True,204624,1.0,True,,1.0,204624,1.0697048902511597,0.06738280692944473,1.0234767039723165,0.044177442210149256,log-depth Laplacian fallback,,,,0.029547817066255536,0.0026196021925826503,0.05635115489855416,0.04179963547626612,0.04465189860810555,-0.026518000082850633,0.029926989637338603,0.012997126459471958,3.5924750812141646,0.9983463469000383,0.9988262273168017,0.9994773172133024,0.046896416783961996,0.005232347890241764,0.08905807027309995,0.07568011590096474,0.05441066208912146,0.040864806838875126,0.04543201174344933,0.01973087200194377,3.592475067412415,0.99831918385758,0.9986377322645911,0.9992410810561649,0.046896416783961996,0.005232347890241764,0.08905807027309995,0.07568011590096474,0.05441066208912146,0.040864806838875126,0.04543201174344933,0.01973087200194377,3.592475067412415,0.99831918385758,0.9986377322645911,0.9992410810561649,0.049571611370045676,0.005748414758976379,0.09308001895462277,0.07926117438510172,0.057286581782958965,0.043556947863549814,0.04793681914805106,0.02081869603599272,3.720947117586663,0.9983200069800788,0.9986393785095885,0.9992361423211725,0.018956939555571165,0.001851408187326749,0.04549545942376358,0.026583728399526566,0.036077155800460295,-0.0033126198142668876,0.018810141469916226,0.008169140644204136,3.5924750807998826,0.9983710405750005,0.9987620237619003,0.9994057055559122,0.008223971351981163,0.05842015240341425,0.017443685792386532,ok,
759xd9YjKW5,99fcb9869e0b4a7a9f825d70d6f67efc,99fcb9869e0b4a7a9f825d70d6f67efc_i2_5,2,5,/mnt/priorbimda-data/PriorBIMDA-Datasets/Matterport3D/v1/scans/759xd9YjKW5/undistorted_color_images/99fcb9869e0b4a7a9f825d70d6f67efc_i2_5.jpg,/mnt/priorbimda-data/PriorBIMDA-Datasets/Matterport3D/v1/scans/759xd9YjKW5/undistorted_depth_images/99fcb9869e0b4a7a9f825d70d6f67efc_d2_5.png,1024,1280,406,504,1.4165615917841592,1183273,0.9027656555175781,0.21843799948692322,5.244430065155029,1.6677299737930298,True,204624,1.0,True,,1.0,204624,1.1968432664871216,0.17968747939537813,1.1019771854258695,0.08258147175929915,log-depth Laplacian fallback,,,,0.0949495959358939,0.013689167993151714,0.14233916878225303,0.1309856724562186,0.10451949131832622,-0.0980623836775065,0.10003971959597714,0.043446698191681475,3.6167567970865484,0.9956417496216005,0.9985100648793642,1.0,0.08726659737493263,0.011879381599756503,0.12871236062992997,0.1176801074107625,0.08927905261824046,0.0816250957785267,0.08336254205324996,0.036203892011154246,3.616756800722011,0.9909961606493176,0.9999915488648858,1.0,0.08726659737493263,0.011879381599756503,0.12871236062992997,0.1176801074107625,0.08927905261824046,0.0816250957785267,0.08336254205324996,0.036203892011154246,3.616756800722011,0.9909961606493176,0.9999915488648858,1.0,0.08852432316595689,0.012169769659903127,0.12923964884652486,0.1180993210091232,0.0911459887593411,0.08164912625917987,0.08449891299820435,0.03669741164194312,4.050939950221971,0.990852491352376,0.9996999847034455,1.0,0.017636696425445148,0.001913485298513487,0.05547062120816752,0.02535149289341825,0.03618020941203124,-0.0009563364137576206,0.017668393970021266,0.007673286005272934,3.616756798240871,0.9936979885453314,0.9994194070176535,1.0,0.00842484924942255,0.059405457228422165,0.017477916553616524,ok,
759xd9YjKW5,9c2919ad974d472fa4f97c01005666f0,9c2919ad974d472fa4f97c01005666f0_i0_1,0,1,/mnt/priorbimda-data/PriorBIMDA-Datasets/Matterport3D/v1/scans/759xd9YjKW5/undistorted_color_images/9c2919ad974d472fa4f97c01005666f0_i0_1.jpg,/mnt/priorbimda-data/PriorBIMDA-Datasets/Matterport3D/v1/scans/759xd9YjKW5/undistorted_depth_images/9c2919ad974d472fa4f97c01005666f0_d0_1.png,1024,1280,406,504,1.4155678118069965,1236729,0.9435493469238281,-7.358270168304443,-11.598199844360352,1.5675100088119507,True,80464,0.39322855579013216,True,,1.0,80464,1.0562105178833008,0.05468751947184644,1.2270201934204543,0.14990110367688636,log-depth Laplacian fallback,,,,0.1803183332280809,0.06295138764830326,0.36794774830481963,0.34461409364262324,0.2077403454804235,-0.199738451596369,0.20025880534358045,0.0869712941132544,5.710168206113262,0.6491009752338629,0.9949309832631078,0.9997841079169325,0.13439295906240542,0.03573809394471525,0.2712752105836119,0.25129976775455704,0.15588577555313657,-0.14505093214455858,0.14571674267513982,0.06328397726472931,5.7101682145078065,0.9685784031909982,0.9988510013107156,0.9999159072035991,0.13439295906240542,0.03573809394471525,0.2712752105836119,0.25129976775455704,0.15588577555313657,-0.14505093214455858,0.14571674267513982,0.06328397726472931,5.7101682145078065,0.9685784031909982,0.9988510013107156,0.9999159072035991,0.1443993633942027,0.04177215011262937,0.29723518221777323,0.27433196541776894,0.16724730224957057,-0.15674950313350408,0.1574056658906335,0.06836041211660901,5.832026557860318,0.8983390864126256,0.9982639689050714,0.9998997355119836,0.042736431570937414,0.006678777339638082,0.12859064058303163,0.08708929932518476,0.05730729336338569,0.0048501316648249665,0.04247151857492222,0.01844514615514018,5.710168207216852,0.9923556413733324,0.9990256555801634,0.9999644222784458,0.009107175283133984,0.06095320452004671,0.017451683059334755,ok,
759xd9YjKW5,9c2919ad974d472fa4f97c01005666f0,9c2919ad974d472fa4f97c01005666f0_i0_2,0,2,/mnt/priorbimda-data/PriorBIMDA-Datasets/Matterport3D/v1/scans/759xd9YjKW5/undistorted_color_images/9c2919ad974d472fa4f97c01005666f0_i0_2.jpg,/mnt/priorbimda-data/PriorBIMDA-Datasets/Matterport3D/v1/scans/759xd9YjKW5/undistorted_depth_images/9c2919ad974d472fa4f97c01005666f0_d0_2.png,1024,1280,406,504,1.4155678118069965,1249954,0.9536392211914062,-7.370419979095459,-11.590200424194336,1.5676900148391724,True,197386,0.9646278051450465,True,,1.0,197386,1.1409211158752441,0.1318359325348499,1.2385673121209266,0.08211938564964621,log-depth Laplacian fallback,,,,0.1947613454444134,0.0522475465785,0.26410764931783715,0.2609800166715681,0.23645379223482774,-0.21959110390561926,0.2202497763269265,0.09565326249920963,8.769346011957001,0.528565051193884,1.0,1.0,0.09191547605184412,0.014228973595232081,0.12829164767328244,0.10991801915650774,0.12406092469998903,-0.08775517123790345,0.09881259850899833,0.04291376627497946,8.76934601804638,0.9459108095177903,1.0,1.0,0.09191547605184412,0.014228973595232081,0.12829164767328244,0.10991801915650774,0.12406092469998903,-0.08775517123790345,0.09881259850899833,0.04291376627497946,8.76934601804638,0.9459108095177903,1.0,1.0,0.09175324845621628,0.014054166730134402,0.12712526568354557,0.10977909869870915,0.12364444104411766,-0.09168745677318679,0.09871350345554308,0.04287072984007995,8.295395151273562,0.9504029748294738,1.0,1.0,0.07529227808646233,0.011776641000696288,0.14387920621426903,0.11375661970212401,0.08787436862602759,-0.005635753286915171,0.07564948582823243,0.03285415425401961,8.769346011141312,0.9972238978394405,1.0,1.0,0.008884338662028313,0.0584023455157876,0.017433333210647106,ok,
759xd9YjKW5,9c2919ad974d472fa4f97c01005666f0,9c2919ad974d472fa4f97c01005666f0_i0_3,0,3,/mnt/priorbimda-data/PriorBIMDA-Datasets/Matterport3D/v1/scans/759xd9YjKW5/undistorted_color_images/9c2919ad974d472fa4f97c01005666f0_i0_3.jpg,/mnt/priorbimda-data/PriorBIMDA-Datasets/Matterport3D/v1/scans/759xd9YjKW5/undistorted_depth_images/9c2919ad974d472fa4f97c01005666f0_d0_3.png,1024,1280,406,504,1.4155678118069965,1241990,0.9475631713867188,-7.369579792022705,-11.575699806213379,1.567710041999817,True,189433,0.925761396512628,True,,1.0,189433,1.128179669380188,0.12060542175735221,1.2675119635013012,0.11645047334110885,log-depth Laplacian fallback,,,,0.20972399707854944,0.060975568849640914,0.28062455027099886,0.273328507794425,0.2621688128906279,-0.2405419802152772,0.24060580929823114,0.10449377529208792,10.426908557474857,0.4502282627074292,0.990557894991103,0.9953075306564465,0.11261271653412672,0.02204699176133114,0.16019863563341993,0.13402147344379062,0.15892394496012266,-0.11993655862148755,0.1241141024695991,0.05390206982892165,10.426908548425356,0.8432306218246524,0.9925691833267578,0.9985796987093294,0.11261271653412672,0.02204699176133114,0.16019863563341993,0.13402147344379062,0.15892394496012266,-0.11993655862148755,0.1241141024695991,0.05390206982892165,10.426908548425356,0.8432306218246524,0.9925691833267578,0.9985796987093294,0.11380045693457258,0.0222488097305905,0.16090147056921447,0.13583961691305177,0.16019757680682264,-0.1240692338040459,0.12550486700298247,0.05450607119139677,10.134144679278482,0.8444391661768613,0.9925691833267578,0.9985796987093294,0.08047427944099649,0.014850451134828878,0.15750255402136099,0.11918485874730374,0.10432734535078497,-0.0034860848568819395,0.08150279091675723,0.03539621235486213,10.426908554462619,0.9903598257634925,0.9983051393328448,0.9985885554634095,0.00878250040113926,0.059426856227219105,0.01744018867611885,ok,
759xd9YjKW5,9c2919ad974d472fa4f97c01005666f0,9c2919ad974d472fa4f97c01005666f0_i0_4,0,4,/mnt/priorbimda-data/PriorBIMDA-Datasets/Matterport3D/v1/scans/759xd9YjKW5/undistorted_color_images/9c2919ad974d472fa4f97c01005666f0_i0_4.jpg,/mnt/priorbimda-data/PriorBIMDA-Datasets/Matterport3D/v1/scans/759xd9YjKW5/undistorted_depth_images/9c2919ad974d472fa4f97c01005666f0_d0_4.png,1024,1280,406,504,1.4155678118069965,1238661,0.9450233459472657,-7.356579780578613,-11.569199562072754,1.5675400495529175,True,59344,0.29001485651731956,True,,1.0,59344,0.9316474199295044,-0.07080084066852665,1.371165483503976,0.38646193673930973,log-depth Laplacian fallback,,,,0.2705324513756048,0.14341536549676803,0.5759371941585908,0.5377616985969887,0.3229858772570353,-0.3169952758628279,0.31726095806346954,0.1377846834103039,6.1918268613926415,0.017259766796565,0.9924442603747111,0.9999959633830402,0.32021104673776496,0.20257748041529244,0.6900584647492424,0.6420373388044083,0.39270816133988135,-0.3877961165059668,0.38787179883268896,0.1684505819189251,6.191826875681279,0.00919622075773759,0.8200855601330792,0.9999709363578897,0.32021104673776496,0.20257748041529244,0.6900584647492424,0.6420373388044083,0.39270816133988135,-0.3877961165059668,0.38787179883268896,0.1684505819189251,6.191826875681279,0.00919622075773759,0.8200855601330792,0.9999709363578897,0.3346937620547806,0.225387574941783,0.7336610814707923,0.6781840049050716,0.41369844327012556,-0.409274827081716,0.4093200573984127,0.17776544226045288,6.033670426329876,0.0077147823335036786,0.7517771206165367,0.9999224969543725,0.04716012215752962,0.007433800519587759,0.13107458128224478,0.09602095561748557,0.06193264053797458,-0.0013341575403042528,0.04709685814863341,0.020453905608931705,6.191826861002834,0.994167088493139,0.9997578029824141,1.0,0.011197018437087536,0.06368236057460308,0.017432651482522488,ok,
759xd9YjKW5,9c2919ad974d472fa4f97c01005666f0,9c2919ad974d472fa4f97c01005666f0_i1_1,1,1,/mnt/priorbimda-data/PriorBIMDA-Datasets/Matterport3D/v1/scans/759xd9YjKW5/undistorted_color_images/9c2919ad974d472fa4f97c01005666f0_i1_1.jpg,/mnt/priorbimda-data/PriorBIMDA-Datasets/Matterport3D/v1/scans/759xd9YjKW5/undistorted_depth_images/9c2919ad974d472fa4f97c01005666f0_d1_1.png,1024,1280,406,504,1.4121168655554452,1230232,0.938592529296875,-7.3571600914001465,-11.587300300598145,1.6007699966430664,True,103695,0.5067587379779498,True,,1.0,103695,0.9421693086624146,-0.059570287368571596,0.9956550054916269,0.05521582593912726,log-depth Laplacian fallback,,,,0.1073568868541181,0.0774560403867803,0.3940644858941017,0.21774354748412508,0.15556507198016337,0.05019715741197296,0.09571693730808685,0.04156933769758165,14.724380125475916,0.9188258799966186,0.9827349638117038,0.9915641927701442,0.11359487633098989,0.0659131840216932,0.3931063559003756,0.2687133184945361,0.1475418332511127,-0.009373129964657298,0.10842922921955786,0.04709021592707684,14.724380120658658,0.9442934340839777,0.9800728643052693,0.9932695621638845,0.11359487633098989,0.0659131840216932,0.3931063559003756,0.2687133184945361,0.1475418332511127,-0.009373129964657298,0.10842922921955786,0.04709021592707684,14.724380120658658,0.9442934340839777,0.9800728643052693,0.9932695621638845,0.11995999741650201,0.07027940505281406,0.4200690531587798,0.30136914147088834,0.1509800313120139,-0.019025691879890564,0.11560174600103447,0.05020520038663058,14.977647646899753,0.9427620156198181,0.9789584403592168,0.9932622464705844,0.10673699833431279,0.07585676294724877,0.3908200406266971,0.21697141048535426,0.154215074843308,0.04584269071731016,0.0955630694984348,0.04150251375690716,14.724380128455028,0.9205401907932813,0.9829845102387192,0.9917844764239591,0.008870624005794525,0.06189268734306097,0.017460260540246964,ok,
759xd9YjKW5,9c2919ad974d472fa4f97c01005666f0,9c2919ad974d472fa4f97c01005666f0_i1_2,1,2,/mnt/priorbimda-data/PriorBIMDA-Datasets/Matterport3D/v1/scans/759xd9YjKW5/undistorted_color_images/9c2919ad974d472fa4f97c01005666f0_i1_2.jpg,/mnt/priorbimda-data/PriorBIMDA-Datasets/Matterport3D/v1/scans/759xd9YjKW5/undistorted_depth_images/9c2919ad974d472fa4f97c01005666f0_d1_2.png,1024,1280,406,504,1.4121168655554452,1242311,0.9478080749511719,-7.3600897789001465,-11.58530044555664,1.6008100509643555,True,204624,1.0,True,,1.0,204624,0.9765965938568115,-0.02368161511735455,1.0095411934628604,0.03317757886326275,log-depth Laplacian fallback,,,,0.03188250541003637,0.02629611288448278,0.27639849949762024,0.0982296542309628,0.07188126631657042,-0.004315941945166473,0.02952443540691862,0.012822299378533757,7.175157902373769,0.9871779288761027,0.992883424520913,0.9964388949304964,0.047458549034736765,0.02751351018393904,0.2904708947375333,0.15176588600428412,0.07702046672133474,-0.027997556996262014,0.046020253385647816,0.01998634210117629,7.175157905031283,0.9885399066739327,0.9933269527517666,0.9966707209386377,0.047458549034736765,0.02751351018393904,0.2904708947375333,0.15176588600428412,0.07702046672133474,-0.027997556996262014,0.046020253385647816,0.01998634210117629,7.175157905031283,0.9885399066739327,0.9933269527517666,0.9966707209386377,0.04998344011552472,0.02847836866718293,0.2934729779662013,0.15647823887577678,0.07873410196564909,-0.03001702604217612,0.04855515057995508,0.02108723396485597,7.2787615429553325,0.9883837460990041,0.9931514733428264,0.9965789564770818,0.030223309083811517,0.026830429926615225,0.2776288793392442,0.0908031345457873,0.07193831603260409,0.005179982620405788,0.027573369588542125,0.011974962259782788,7.175157903251408,0.9864719864832558,0.9927087500633899,0.9963447156146891,0.007999259978532791,0.05829162057489157,0.017723320052027702,ok,
759xd9YjKW5,9c2919ad974d472fa4f97c01005666f0,9c2919ad974d472fa4f97c01005666f0_i1_3,1,3,/mnt/priorbimda-data/PriorBIMDA-Datasets/Matterport3D/v1/scans/759xd9YjKW5/undistorted_color_images/9c2919ad974d472fa4f97c01005666f0_i1_3.jpg,/mnt/priorbimda-data/PriorBIMDA-Datasets/Matterport3D/v1/scans/759xd9YjKW5/undistorted_depth_images/9c2919ad974d472fa4f97c01005666f0_d1_3.png,1024,1280,406,504,1.4121168655554452,1302542,0.9937606811523437,-7.359879970550537,-11.581899642944336,1.6008199453353882,True,204624,1.0,True,,1.0,204624,0.9221432209014893,-0.08105473028576672,0.9877889469977938,0.06876850983327068,log-depth Laplacian fallback,,,,0.04544475335546461,0.016807280243895006,0.21051836783400935,0.10918144076196228,0.07049746823663533,0.018997747093911357,0.04353482872760931,0.0189069358870039,6.7889458925014186,0.9928232640482993,0.9963202722061937,0.9979731939545903,0.0701992212965835,0.028651458762710403,0.32906294713012485,0.22479457219374982,0.09197851800612498,-0.06205698306121896,0.07253247395758515,0.031500453198570554,6.788945888680099,0.9827376007836983,0.996865360195679,0.9987616522154372,0.0701992212965835,0.028651458762710403,0.32906294713012485,0.22479457219374982,0.09197851800612498,-0.06205698306121896,0.07253247395758515,0.031500453198570554,6.788945888680099,0.9827376007836983,0.996865360195679,0.9987616522154372,0.0728739200697387,0.028875783728913078,0.32474637155543373,0.2279952657274713,0.09373964486401604,-0.0688519114776932,0.07537722189365319,0.03273591152961056,6.36123832685095,0.9835391104471103,0.9967977999941653,0.998686414718297,0.04333909733917477,0.016439831406216885,0.2166407224297029,0.11415768170779905,0.06822040463094331,0.006711555239512181,0.04197159701984641,0.018228032982386264,6.7889458933450095,0.9926820018087709,0.9963732455460169,0.9981505394835637,0.008470028638839722,0.058130230754613876,0.01753896288573742,ok,
759xd9YjKW5,9c2919ad974d472fa4f97c01005666f0,9c2919ad974d472fa4f97c01005666f0_i1_4,1,4,/mnt/priorbimda-data/PriorBIMDA-Datasets/Matterport3D/v1/scans/759xd9YjKW5/undistorted_color_images/9c2919ad974d472fa4f97c01005666f0_i1_4.jpg,/mnt/priorbimda-data/PriorBIMDA-Datasets/Matterport3D/v1/scans/759xd9YjKW5/undistorted_depth_images/9c2919ad974d472fa4f97c01005666f0_d1_4.png,1024,1280,406,504,1.4121168655554452,1120290,0.8547134399414062,-7.356760025024414,-11.580300331115723,1.6007800102233887,True,123943,0.6057109625459379,True,,1.0,123943,1.0145704746246338,0.014465345219074428,1.096130303382236,0.07732072618719535,log-depth Laplacian fallback,,,,0.10334937773405645,0.08884844440691433,0.433607762161641,0.21491123787116836,0.14807924691908864,-0.07539326570133148,0.10294175107878442,0.04470703445097421,12.744927953901058,0.9826393166055218,0.9932838818520204,0.9947701041694561,0.0973750090519293,0.08871450705474501,0.4299410615017308,0.20164213829543035,0.14126404489335903,-0.06092792058527119,0.09551683227598579,0.04148243318633906,12.744927960874413,0.9827508948575815,0.9931731962259772,0.9946960162100884,0.0973750090519293,0.08871450705474501,0.4299410615017308,0.20164213829543035,0.14126404489335903,-0.06092792058527119,0.09551683227598579,0.04148243318633906,12.744927960874413,0.9827508948575815,0.9931731962259772,0.9946960162100884,0.10017627604768846,0.08962132201607355,0.4364028553497461,0.21383361237523624,0.1424255439916697,-0.068966399291915,0.09874310201378993,0.042883584330598815,12.461408969306476,0.9824956038168688,0.993243713681279,0.9948093797141812,0.09005867560853593,0.11150923694783549,0.5284498367000433,0.27026073432534575,0.12849918831057838,0.016392758696576935,0.08121763794095979,0.035272371990975014,12.744927955384167,0.9804122146944095,0.9919065599085951,0.9943987717466013,0.00988765712827444,0.059028697200119495,0.017901110462844372,ok,
759xd9YjKW5,9c2919ad974d472fa4f97c01005666f0,9c2919ad974d472fa4f97c01005666f0_i2_1,2,1,/mnt/priorbimda-data/PriorBIMDA-Datasets/Matterport3D/v1/scans/759xd9YjKW5/undistorted_color_images/9c2919ad974d472fa4f97c01005666f0_i2_1.jpg,/mnt/priorbimda-data/PriorBIMDA-Datasets/Matterport3D/v1/scans/759xd9YjKW5/undistorted_depth_images/9c2919ad974d472fa4f97c01005666f0_d2_1.png,1024,1280,406,504,1.4165615917841592,1237838,0.9443954467773438,-7.357339859008789,-11.598400115966797,1.6339999437332153,True,100715,0.4921954413949488,True,,1.0,100715,1.1577568054199219,0.1464843445043303,1.142603640904422,0.013174790692848465,log-depth Laplacian fallback,,,,0.12498627698801572,0.04172109320548188,0.29368618624873805,0.2549600615062202,0.14523405585384902,-0.10315509787618371,0.13054242297252638,0.056693853951248485,10.223481188868053,0.9760679507334562,0.9958621402800689,0.9985951311884108,0.06510043818612855,0.03455653604377613,0.2515337266836035,0.12556492560275612,0.11103774296195384,0.04332924670409516,0.058143396731424705,0.025251356359569332,10.223481179197519,0.9497155524390106,0.9877681893753464,0.9973833409541475,0.06510043818612855,0.03455653604377613,0.2515337266836035,0.12556492560275612,0.11103774296195384,0.04332924670409516,0.058143396731424705,0.025251356359569332,10.223481179197519,0.9497155524390106,0.9877681893753464,0.9973833409541475,0.06644491600415887,0.03365598989147068,0.24431822641415368,0.12414260288965548,0.11121218643784085,0.037295409509262904,0.0596794827998743,0.025918470062825435,10.477214726167187,0.9490353341875108,0.9875734950777081,0.9975424894049141,0.06285216402762486,0.031489933654113414,0.23831585606747957,0.11942577451286607,0.10658915375668092,0.03015445146260457,0.05673491742916312,0.024639661570722168,10.223481185758006,0.9528322769215358,0.9890801542689754,0.997473013431483,0.009189213626086712,0.05907156504690647,0.01748478040099144,ok,
759xd9YjKW5,9c2919ad974d472fa4f97c01005666f0,9c2919ad974d472fa4f97c01005666f0_i2_2,2,2,/mnt/priorbimda-data/PriorBIMDA-Datasets/Matterport3D/v1/scans/759xd9YjKW5/undistorted_color_images/9c2919ad974d472fa4f97c01005666f0_i2_2.jpg,/mnt/priorbimda-data/PriorBIMDA-Datasets/Matterport3D/v1/scans/759xd9YjKW5/undistorted_depth_images/9c2919ad974d472fa4f97c01005666f0_d2_2.png,1024,1280,406,504,1.4165615917841592,1257867,0.9596763610839844,-7.369500160217285,-11.590399742126465,1.6341899633407593,True,204624,1.0,True,,1.0,204624,1.0187278985977173,0.018554690709595995,0.9995446576456734,0.01901013676373294,log-depth Laplacian fallback,,,,0.032074184423131,0.0086955683947983,0.13270186532899056,0.06847393896254513,0.05761404031101315,0.006610325999593907,0.03069804484544955,0.013331991481597307,5.723356734590411,0.9842686070943908,0.996845453454141,1.0,0.037237084006929974,0.01058034736024967,0.14909834590963497,0.08315559004544934,0.06252167063929148,0.025165016780031666,0.035231236487902697,0.015300731597324639,5.723356733586303,0.9824520398420501,0.9962515909869645,0.9997646810036355,0.037237084006929974,0.01058034736024967,0.14909834590963497,0.08315559004544934,0.06252167063929148,0.025165016780031666,0.035231236487902697,0.015300731597324639,5.723356733586303,0.9824520398420501,0.9962515909869645,0.9997646810036355,0.03926932696314639,0.011195635557076606,0.15339343262206595,0.08715442582550073,0.0643361401158535,0.026615894289289357,0.03712206786437682,0.016121909230336882,5.857246021969802,0.9819750418764464,0.9961204165464235,0.9997312911460433,0.03205700008740006,0.008669521914138419,0.1324535991705316,0.06834230716710603,0.05756356533022843,0.006154902452909119,0.030695463736633455,0.013330870520281292,5.7233567330043735,0.9843194868773885,0.9968661233659838,1.0,0.007373192347586155,0.05929468013346195,0.01742441300302744,ok,
759xd9YjKW5,9c2919ad974d472fa4f97c01005666f0,9c2919ad974d472fa4f97c01005666f0_i2_3,2,3,/mnt/priorbimda-data/PriorBIMDA-Datasets/Matterport3D/v1/scans/759xd9YjKW5/undistorted_color_images/9c2919ad974d472fa4f97c01005666f0_i2_3.jpg,/mnt/priorbimda-data/PriorBIMDA-Datasets/Matterport3D/v1/scans/759xd9YjKW5/undistorted_depth_images/9c2919ad974d472fa4f97c01005666f0_d2_3.png,1024,1280,406,504,1.4165615917841592,1255073,0.9575447082519531,-7.368649959564209,-11.575799942016602,1.6341999769210815,True,200100,0.9778911564625851,True,,1.0,200100,1.0469681024551392,0.04589846576541932,1.0646025081838664,0.016703031975425033,log-depth Laplacian fallback,,,,0.06287926604993706,0.012409210777376134,0.16423688411067275,0.1315236192672672,0.07317864088966368,-0.058270024730495994,0.0642987246527375,0.027924581310100473,4.426869887816606,0.9959532234379992,0.9982638460073637,0.9992566169457873,0.025321732906425923,0.006920669677950285,0.12237939644755319,0.05095676085347695,0.04596491237409348,-0.01237155900216416,0.024756464510997295,0.010751595928559813,4.426869884482786,0.9948799790928495,0.9980829800338307,0.9990446770825283,0.025321732906425923,0.006920669677950285,0.12237939644755319,0.05095676085347695,0.04596491237409348,-0.01237155900216416,0.024756464510997295,0.010751595928559813,4.426869884482786,0.9948799790928495,0.9980829800338307,0.9990446770825283,0.027376696450734657,0.007245361080052727,0.12483991176501219,0.05413084908998518,0.04724645289247618,-0.01574082329692727,0.026840779525899243,0.011656802438079822,4.454720858657568,0.994683177791252,0.9980542964433144,0.9989952775655281,0.020167750990158044,0.0070405813801948025,0.12431373164817396,0.042922252975166365,0.044480099411048545,0.00433145992088208,0.019236286249071026,0.008354212970282947,4.426869885789002,0.9942895751880568,0.9979977260286852,0.9989490651141407,0.009090053848922253,0.05943781137466431,0.017480497248470783,ok,
759xd9YjKW5,9c2919ad974d472fa4f97c01005666f0,9c2919ad974d472fa4f97c01005666f0_i2_4,2,4,/mnt/priorbimda-data/PriorBIMDA-Datasets/Matterport3D/v1/scans/759xd9YjKW5/undistorted_color_images/9c2919ad974d472fa4f97c01005666f0_i2_4.jpg,/mnt/priorbimda-data/PriorBIMDA-Datasets/Matterport3D/v1/scans/759xd9YjKW5/undistorted_depth_images/9c2919ad974d472fa4f97c01005666f0_d2_4.png,1024,1280,406,504,1.4165615917841592,1241318,0.9470504760742188,-7.355649948120117,-11.569299697875977,1.6340299844741821,True,74806,0.3655778403315349,True,,1.0,74806,0.9352938532829285,-0.06689451748354289,1.0420631181571292,0.10809703302733345,log-depth Laplacian fallback,,,,0.04491927580918005,0.008142153466375162,0.12883445852049075,0.09042643909659598,0.0589598392711826,-0.0350240347899539,0.045104633533972906,0.019588693452072804,4.74297336479532,0.9918046785755141,0.9982309126267402,0.9995923687564346,0.10292498252881052,0.024410318108646516,0.23323525803337536,0.21548320635970253,0.11241428270070283,-0.10191855236848438,0.10805397059005875,0.04692724317499877,4.7429733693391585,0.9948458009953937,0.9990679261881323,0.9998541872429144,0.10292498252881052,0.024410318108646516,0.23323525803337536,0.21548320635970253,0.11241428270070283,-0.10191855236848438,0.10805397059005875,0.04692724317499877,4.7429733693391585,0.9948458009953937,0.9990679261881323,0.9998541872429144,0.113115229417874,0.02955175273726321,0.26164950795859504,0.24085613064941874,0.12347869535298577,-0.11374905068423839,0.1195571401581086,0.051923006242800294,4.804312307198642,0.9952276531879825,0.9991533192944918,0.9999242740377566,0.023941384717451317,0.006533802747062681,0.11550726499433497,0.04891133013565681,0.04783046359907144,0.006178479702273476,0.022838037394494158,0.00991843361792893,4.74297336769952,0.9894539513645979,0.9979320367544819,0.9994103042089134,0.009167042560875416,0.060345668345689774,0.01749338675290346,ok,
759xd9YjKW5,aaef0e13feb84a9a8cb567429c9fb8d7,aaef0e13feb84a9a8cb567429c9fb8d7_i0_0,0,0,/mnt/priorbimda-data/PriorBIMDA-Datasets/Matterport3D/v1/scans/759xd9YjKW5/undistorted_color_images/aaef0e13feb84a9a8cb567429c9fb8d7_i0_0.jpg,/mnt/priorbimda-data/PriorBIMDA-Datasets/Matterport3D/v1/scans/759xd9YjKW5/undistorted_depth_images/aaef0e13feb84a9a8cb567429c9fb8d7_d0_0.png,1024,1280,406,504,1.4155678118069965,1247693,0.9519142150878906,-4.356090068817139,1.0246700048446655,1.61149001121521,True,204624,1.0,True,,1.0,204624,1.0998951196670532,0.09521482950140486,1.09029437633059,0.008767099694633657,log-depth Laplacian fallback,,,,0.08784846305506566,0.014237665811163695,0.154155621261553,0.14706253225747218,0.10195335658373575,-0.0925779487267132,0.09282437352962092,0.0403131132100407,4.270609240195636,0.9999382861008277,1.0,1.0,0.034727114275277166,0.0032602135925258484,0.08070626638845688,0.06354225834360494,0.0427874219086675,0.0026368807995441855,0.03475411429357138,0.015093520061132976,4.270609246043607,0.999972749706859,1.0,1.0,0.034727114275277166,0.0032602135925258484,0.08070626638845688,0.06354225834360494,0.0427874219086675,0.0026368807995441855,0.03475411429357138,0.015093520061132976,4.270609246043607,0.999972749706859,1.0,1.0,0.028722128407083432,0.002247132996853742,0.06508067162438269,0.050933540204097356,0.03685673950239104,-0.0013767273387789143,0.028871028125094882,0.012538528201602301,3.6831017751099018,0.9999983970415799,1.0,1.0,0.03366190252439877,0.002972205338992497,0.07394487808227257,0.058753863343760704,0.043143830203401734,-0.006130232895923026,0.03398758590149089,0.014760621010230256,4.270609241386647,0.9999927866871098,1.0,1.0,0.008193060755729675,0.058019207790493965,0.017455903813242912,ok,
759xd9YjKW5,aaef0e13feb84a9a8cb567429c9fb8d7,aaef0e13feb84a9a8cb567429c9fb8d7_i0_1,0,1,/mnt/priorbimda-data/PriorBIMDA-Datasets/Matterport3D/v1/scans/759xd9YjKW5/undistorted_color_images/aaef0e13feb84a9a8cb567429c9fb8d7_i0_1.jpg,/mnt/priorbimda-data/PriorBIMDA-Datasets/Matterport3D/v1/scans/759xd9YjKW5/undistorted_depth_images/aaef0e13feb84a9a8cb567429c9fb8d7_d0_1.png,1024,1280,406,504,1.4155678118069965,1247629,0.9518653869628906,-4.370619773864746,1.0250699520111084,1.610859990119934,True,204624,1.0,True,,1.0,204624,1.02534019947052,0.025024459445571273,1.0284372365010417,0.003015944497014065,log-depth Laplacian fallback,,,,0.060949869111094415,0.008973122755735417,0.11992090670641195,0.09905093820878128,0.08314258528872252,-0.04119546568387089,0.06368440103213842,0.027657783951571455,7.22192709432982,0.9970488021679522,1.0,1.0,0.056857091184447046,0.008525607960701105,0.12714571957142565,0.10103301783518359,0.07400759770600962,-0.016171006134187964,0.05813407866348799,0.0252473095740824,7.221927082727031,0.9984610809783998,1.0,1.0,0.056857091184447046,0.008525607960701105,0.12714571957142565,0.10103301783518359,0.07400759770600962,-0.016171006134187964,0.05813407866348799,0.0252473095740824,7.221927082727031,0.9984610809783998,1.0,1.0,0.051264463948083566,0.006865684880456315,0.11094896232551726,0.08870266262040864,0.0683707292635723,-0.018261475987225717,0.05260979423467847,0.022848143330186355,6.588683567148053,0.9984803174661698,1.0,1.0,0.05694989777374018,0.00862707929302798,0.1292415597616746,0.102372710548375,0.07340761695612016,-0.013155042017315226,0.058055306285521587,0.02521309916500519,7.2219270951035845,0.9984522642548386,1.0,1.0,0.00831100344657898,0.05922707263380289,0.017488702200353146,ok,
759xd9YjKW5,aaef0e13feb84a9a8cb567429c9fb8d7,aaef0e13feb84a9a8cb567429c9fb8d7_i0_2,0,2,/mnt/priorbimda-data/PriorBIMDA-Datasets/Matterport3D/v1/scans/759xd9YjKW5/undistorted_color_images/aaef0e13feb84a9a8cb567429c9fb8d7_i0_2.jpg,/mnt/priorbimda-data/PriorBIMDA-Datasets/Matterport3D/v1/scans/759xd9YjKW5/undistorted_depth_images/aaef0e13feb84a9a8cb567429c9fb8d7_d0_2.png,1024,1280,406,504,1.4155678118069965,1249076,0.9529693603515625,-4.377530097961426,1.0378700494766235,1.6103700399398804,True,204624,1.0,True,,1.0,204624,1.3042458295822144,0.2656249653551335,1.294136172214165,0.007781541262726899,log-depth Laplacian fallback,,,,0.23438350416141956,0.11319142074361321,0.5017456072794694,0.4523882302474289,0.2743158959689422,-0.26822020217008663,0.26855768002407754,0.11663311850719614,5.750768582616899,0.10990604254665048,0.9877349336629636,0.9999943958574178,0.0355905403303608,0.008047168104778053,0.14809000260072458,0.07980128928069223,0.05756621564039833,-0.0025952368377546342,0.036246815444740337,0.015741791934216293,5.750768582470349,0.9979176607348151,0.9997774354803071,1.0,0.0355905403303608,0.008047168104778053,0.14809000260072458,0.07980128928069223,0.05756621564039833,-0.0025952368377546342,0.036246815444740337,0.015741791934216293,5.750768582470349,0.9979176607348151,0.9997774354803071,1.0,0.03589110414954046,0.0088530208757173,0.15711099258080052,0.08245905497779384,0.060309966690640045,-0.007790943767100341,0.0368415262661002,0.016000071562261034,5.980462588666526,0.9980105293833201,0.9998518905174705,1.0,0.034615279412147495,0.00830278921341274,0.1518823007905712,0.07869949995981045,0.05843638885223802,-0.010376782467934798,0.03554382466485511,0.015436486917683276,5.750768581418599,0.9980337465454464,0.9998190662537748,1.0,0.008830064907670021,0.058020335622131824,0.01746398489922285,ok,
759xd9YjKW5,aaef0e13feb84a9a8cb567429c9fb8d7,aaef0e13feb84a9a8cb567429c9fb8d7_i0_3,0,3,/mnt/priorbimda-data/PriorBIMDA-Datasets/Matterport3D/v1/scans/759xd9YjKW5/undistorted_color_images/aaef0e13feb84a9a8cb567429c9fb8d7_i0_3.jpg,/mnt/priorbimda-data/PriorBIMDA-Datasets/Matterport3D/v1/scans/759xd9YjKW5/undistorted_depth_images/aaef0e13feb84a9a8cb567429c9fb8d7_d0_3.png,1024,1280,406,504,1.4155678118069965,1248237,0.9523292541503906,-4.369909763336182,1.0502599477767944,1.6105300188064575,True,204624,1.0,True,,1.0,204624,0.9154139161109924,-0.08837894865945396,0.9030597622419391,0.013587597210861113,log-depth Laplacian fallback,,,,0.10554333279114768,0.023262476697853005,0.21502023221521382,0.19925613794055808,0.10480694805501706,0.0998248496528788,0.0998248496528788,0.04335338136106703,3.1929543566847083,0.9978529718314711,1.0,1.0,0.027464401082945726,0.002070909076784953,0.061605926189042745,0.049774156397627674,0.03391908600355656,0.011445900878382553,0.02715707661477451,0.011794168518420411,3.1929543504392726,0.9993174373135871,1.0,1.0,0.027464401082945726,0.002070909076784953,0.061605926189042745,0.049774156397627674,0.03391908600355656,0.011445900878382553,0.02715707661477451,0.011794168518420411,3.1929543504392726,0.9993174373135871,1.0,1.0,0.02235703791171035,0.0014146087961896992,0.05090599534857886,0.04082272140687972,0.028134499879854422,0.005934549541297923,0.022219396805799884,0.009649761423977632,2.750147641911992,0.9993310565221188,1.0,1.0,0.024971777300104945,0.00172969166828296,0.05591904697047598,0.04493297414957136,0.032001289511458045,-0.002141675922961814,0.02501583567265157,0.010864239392831104,3.1929543602080503,0.9993606983289232,1.0,1.0,0.007796259596943855,0.05929386895149946,0.01742506306618452,ok,
759xd9YjKW5,aaef0e13feb84a9a8cb567429c9fb8d7,aaef0e13feb84a9a8cb567429c9fb8d7_i0_4,0,4,/mnt/priorbimda-data/PriorBIMDA-Datasets/Matterport3D/v1/scans/759xd9YjKW5/undistorted_color_images/aaef0e13feb84a9a8cb567429c9fb8d7_i0_4.jpg,/mnt/priorbimda-data/PriorBIMDA-Datasets/Matterport3D/v1/scans/759xd9YjKW5/undistorted_depth_images/aaef0e13feb84a9a8cb567429c9fb8d7_d0_4.png,1024,1280,406,504,1.4155678118069965,1250950,0.9543991088867188,-4.355380058288574,1.0498600006103516,1.6111700534820557,True,204624,1.0,True,,1.0,204624,1.0096286535263062,0.009582593470129613,1.011035315985237,0.0013922776942453235,log-depth Laplacian fallback,,,,0.04290424117686434,0.004696764240142825,0.09392098112800717,0.07593102813924864,0.05423037074068735,-0.012413957435916737,0.04351741251840336,0.018899372123450064,5.27904041607151,0.9993253127623006,1.0,1.0,0.042499534942423464,0.005014179448584698,0.1013724272527035,0.07929051527216917,0.05286627852627167,-0.002831363969249962,0.04270456499571308,0.01854635692971695,5.279040427285024,0.9991070786202486,1.0,1.0,0.042499534942423464,0.005014179448584698,0.1013724272527035,0.07929051527216917,0.05286627852627167,-0.002831363969249962,0.04270456499571308,0.01854635692971695,5.279040427285024,0.9991070786202486,1.0,1.0,0.03519926157324696,0.0034895609691194076,0.08229209797123958,0.06381269114600406,0.045636336441749234,-0.005187296654536814,0.03549545519904537,0.015415480325589502,4.534056855887848,0.999394859906471,1.0,1.0,0.04254596698289004,0.0050894506554640005,0.1027038321817578,0.0799664928680692,0.0528100153531237,-0.0014390791851358637,0.04269179622896105,0.018540811524775856,5.2790404172501555,0.9990751029217795,1.0,1.0,0.007608167827129364,0.05862853117287159,0.017444602213799953,ok,
759xd9YjKW5,aaef0e13feb84a9a8cb567429c9fb8d7,aaef0e13feb84a9a8cb567429c9fb8d7_i0_5,0,5,/mnt/priorbimda-data/PriorBIMDA-Datasets/Matterport3D/v1/scans/759xd9YjKW5/undistorted_color_images/aaef0e13feb84a9a8cb567429c9fb8d7_i0_5.jpg,/mnt/priorbimda-data/PriorBIMDA-Datasets/Matterport3D/v1/scans/759xd9YjKW5/undistorted_depth_images/aaef0e13feb84a9a8cb567429c9fb8d7_d0_5.png,1024,1280,406,504,1.4155678118069965,1251314,0.9546768188476562,-4.348470211029053,1.037060022354126,1.611649990081787,True,204624,1.0,True,,1.0,204624,1.2192577123641968,0.1982422410866426,1.2428041072520375,0.019127962282145694,log-depth Laplacian fallback,,,,0.1945912330689976,0.06418767966817573,0.3318567510166286,0.32802668569272253,0.2255603855857976,-0.21780356248644606,0.21806491556104274,0.0947043895248594,5.864380371212706,0.5437196419124216,1.0,1.0,0.04769869267677177,0.006788886222242006,0.11952965560463734,0.08395157170173163,0.06182023136601791,-0.019561321307126383,0.048372209279820826,0.021007783567695455,5.864380372100149,0.9983465381191292,1.0,1.0,0.04769869267677177,0.006788886222242006,0.11952965560463734,0.08395157170173163,0.06182023136601791,-0.019561321307126383,0.048372209279820826,0.021007783567695455,5.864380372100149,0.9983465381191292,1.0,1.0,0.0434423813248577,0.0053194201409691765,0.10285045086247886,0.07454853163859522,0.056434481709669554,-0.0212788390909872,0.044174979553599905,0.019184949858317417,5.2269127912936355,0.9986134575334409,1.0,1.0,0.04610064888722188,0.007526863735355632,0.13390416544861616,0.088847321766486,0.05864540523407245,-0.0004334048281422491,0.045884906069374246,0.01992756150857826,5.864380372489078,0.9980628363464327,1.0,1.0,0.008303808979690075,0.05754660442471504,0.017452284693717957,ok,
759xd9YjKW5,aaef0e13feb84a9a8cb567429c9fb8d7,aaef0e13feb84a9a8cb567429c9fb8d7_i1_0,1,0,/mnt/priorbimda-data/PriorBIMDA-Datasets/Matterport3D/v1/scans/759xd9YjKW5/undistorted_color_images/aaef0e13feb84a9a8cb567429c9fb8d7_i1_0.jpg,/mnt/priorbimda-data/PriorBIMDA-Datasets/Matterport3D/v1/scans/759xd9YjKW5/undistorted_depth_images/aaef0e13feb84a9a8cb567429c9fb8d7_d1_0.png,1024,1280,406,504,1.4121168655554452,851892,0.6499420166015625,-4.3627800941467285,1.0348600149154663,1.6443400382995605,True,204624,1.0,True,,1.0,204624,1.0500397682189941,0.04882803794649159,1.0464189307003173,0.003454245123745585,log-depth Laplacian fallback,,,,0.046290113006725586,0.008692472399449229,0.15387656548108336,0.13292916483299827,0.05532956494859907,-0.038354941990393104,0.046864183681763136,0.020352856371890136,3.9878053893273466,0.9952881351157189,0.9988496194353275,1.0,0.01918082848902695,0.004983071006057722,0.10448496681768246,0.04798218865858235,0.04123038841553429,0.010473095908342396,0.018317999531742228,0.007955406116141999,3.9878054002050876,0.9944077418264287,0.9982462565677339,1.0,0.01918082848902695,0.004983071006057722,0.10448496681768246,0.04798218865858235,0.04123038841553429,0.010473095908342396,0.018317999531742228,0.007955406116141999,3.9878054002050876,0.9944077418264287,0.9982462565677339,1.0,0.01802816729311633,0.004708272982726825,0.10162822575857496,0.04599211447934331,0.03983805534856066,0.010623486423479097,0.017208412147070994,0.00747351843778982,3.8395470959022466,0.9944863902936053,0.9982486042831721,0.9999976522845619,0.018689998447545497,0.004798667593208787,0.10237743089726122,0.04628260089651286,0.040491024989840134,0.007018826556257177,0.01789233639708763,0.007770542965611867,3.987805384545536,0.9944723040009766,0.9982603428603626,1.0,0.008082783780992031,0.05860288813710213,0.017440197989344597,ok,
759xd9YjKW5,aaef0e13feb84a9a8cb567429c9fb8d7,aaef0e13feb84a9a8cb567429c9fb8d7_i1_1,1,1,/mnt/priorbimda-data/PriorBIMDA-Datasets/Matterport3D/v1/scans/759xd9YjKW5/undistorted_color_images/aaef0e13feb84a9a8cb567429c9fb8d7_i1_1.jpg,/mnt/priorbimda-data/PriorBIMDA-Datasets/Matterport3D/v1/scans/759xd9YjKW5/undistorted_depth_images/aaef0e13feb84a9a8cb567429c9fb8d7_d1_1.png,1024,1280,406,504,1.4121168655554452,1193859,0.9108421325683593,-4.3662800788879395,1.0349500179290771,1.6441899538040161,True,204624,1.0,True,,1.0,204624,1.1453865766525269,0.1357422015554702,1.1111693851340843,0.030329240652244002,log-depth Laplacian fallback,,,,0.10614270190247767,0.032914735086708266,0.3032241504953893,0.25783236546929283,0.12442809825305985,-0.11220808402212948,0.11333003217486111,0.04921860760746016,5.377450618049272,0.9892524996670461,0.9928777183905302,0.9998349888889726,0.036527425892809155,0.008895794544272686,0.17308384709668498,0.09377955352428602,0.058698826145599674,0.023534117536104834,0.03658016880492874,0.015886565459070027,5.377450606624052,0.9892407729891051,0.9943368521743355,1.0,0.036527425892809155,0.008895794544272686,0.17308384709668498,0.09377955352428602,0.058698826145599674,0.023534117536104834,0.03658016880492874,0.015886565459070027,5.377450606624052,0.9892407729891051,0.9943368521743355,1.0,0.037872672248780076,0.009297261550025974,0.1763759247117256,0.0967032324575727,0.06012815901255408,0.025138470346402247,0.03787374714095454,0.01644835939231562,5.4620992437725295,0.9890631975802837,0.9943368521743355,1.0,0.021387255724669332,0.00723272306521325,0.1626341169466212,0.055150797450694095,0.054202138187164454,-0.006795165326470278,0.02225533867664967,0.009665370780156973,5.377450615530009,0.9899971437163015,0.9940286080684569,1.0,0.008721273392438889,0.059882158413529396,0.01747575681656599,ok,
759xd9YjKW5,aaef0e13feb84a9a8cb567429c9fb8d7,aaef0e13feb84a9a8cb567429c9fb8d7_i1_2,1,2,/mnt/priorbimda-data/PriorBIMDA-Datasets/Matterport3D/v1/scans/759xd9YjKW5/undistorted_color_images/aaef0e13feb84a9a8cb567429c9fb8d7_i1_2.jpg,/mnt/priorbimda-data/PriorBIMDA-Datasets/Matterport3D/v1/scans/759xd9YjKW5/undistorted_depth_images/aaef0e13feb84a9a8cb567429c9fb8d7_d1_2.png,1024,1280,406,504,1.4121168655554452,1192741,0.9099891662597657,-4.3679399490356445,1.0380300283432007,1.644070029258728,True,204624,1.0,True,,1.0,204624,1.1063587665557861,0.101074232557331,1.0719615428178269,0.03158404478931841,log-depth Laplacian fallback,,,,0.10059025186730831,0.12354151146263424,0.5394948880549768,0.3106247011407047,0.1512127747611193,-0.05571167573504786,0.09251690547802835,0.040179581531872476,14.057564667377445,0.9748143142559869,0.984762827805869,0.988232147633057,0.07508497846499641,0.1565054925139482,0.6203920965219333,0.27950462249673214,0.14771348623101713,0.04536255678920151,0.059505643133900006,0.025842972455156894,14.057564673892614,0.9719427771829761,0.9803662320654694,0.9872663050905436,0.07508497846499641,0.1565054925139482,0.6203920965219333,0.27950462249673214,0.14771348623101713,0.04536255678920151,0.059505643133900006,0.025842972455156894,14.057564673892614,0.9719427771829761,0.9803662320654694,0.9872663050905436,0.07212019257583849,0.1496860021738855,0.6018286325770731,0.2602193136598346,0.1455623596753095,0.035077066257518295,0.057302317893151225,0.02488608046126155,14.12727856914057,0.9722253196628606,0.9810503705330831,0.987441531732371,0.06410440910470783,0.13598885627608953,0.5500829711313556,0.1971751467900389,0.14124928066204484,0.013778492674879139,0.05068397948247723,0.022011772610137488,14.057564663608494,0.9729706616943662,0.9817730756299985,0.9876033438944415,0.00935806892812252,0.05990250874310732,0.017500268295407295,ok,
759xd9YjKW5,aaef0e13feb84a9a8cb567429c9fb8d7,aaef0e13feb84a9a8cb567429c9fb8d7_i1_3,1,3,/mnt/priorbimda-data/PriorBIMDA-Datasets/Matterport3D/v1/scans/759xd9YjKW5/undistorted_color_images/aaef0e13feb84a9a8cb567429c9fb8d7_i1_3.jpg,/mnt/priorbimda-data/PriorBIMDA-Datasets/Matterport3D/v1/scans/759xd9YjKW5/undistorted_depth_images/aaef0e13feb84a9a8cb567429c9fb8d7_d1_3.png,1024,1280,406,504,1.4121168655554452,1299568,0.99149169921875,-4.366109848022461,1.0410100221633911,1.6441099643707275,True,204624,1.0,True,,1.0,204624,1.060603380203247,0.0588379727828015,1.0317171537062417,0.02761341915512957,log-depth Laplacian fallback,,,,0.04605147584832222,0.007948080712395843,0.13530312879147638,0.10616851995939658,0.0612171496731577,-0.028680670831287714,0.04724330351741577,0.02051750602449416,5.408288578444306,0.9949914125309334,1.0,1.0,0.04850365929472904,0.008723175251933165,0.13707989099055778,0.10509745396047439,0.06192270499986698,0.030157302020834244,0.04719128458992575,0.020494914491330708,5.408288573407246,0.996760461938121,1.0,1.0,0.04850365929472904,0.008723175251933165,0.13707989099055778,0.10509745396047439,0.06192270499986698,0.030157302020834244,0.04719128458992575,0.020494914491330708,5.408288573407246,0.996760461938121,1.0,1.0,0.04941994899626568,0.009182589371320245,0.14015633599839386,0.10639263450203745,0.06355728723895296,0.03189286295855969,0.04796750956394474,0.020832024714262647,5.497612257590838,0.9966750489393399,1.0,1.0,0.04013382179116604,0.006372725687701238,0.11793263484743945,0.08670668494021777,0.05414268196072278,0.002543909433029612,0.04001584673239231,0.017378661424564252,5.408288578373495,0.997166750797188,1.0,1.0,0.008093301206827164,0.05762229394167662,0.017468239180743694,ok,
759xd9YjKW5,aaef0e13feb84a9a8cb567429c9fb8d7,aaef0e13feb84a9a8cb567429c9fb8d7_i1_4,1,4,/mnt/priorbimda-data/PriorBIMDA-Datasets/Matterport3D/v1/scans/759xd9YjKW5/undistorted_color_images/aaef0e13feb84a9a8cb567429c9fb8d7_i1_4.jpg,/mnt/priorbimda-data/PriorBIMDA-Datasets/Matterport3D/v1/scans/759xd9YjKW5/undistorted_depth_images/aaef0e13feb84a9a8cb567429c9fb8d7_d1_4.png,1024,1280,406,504,1.4121168655554452,1182749,0.9023658752441406,-4.36260986328125,1.0409200191497803,1.644260048866272,True,204624,1.0,True,,1.0,204624,1.040851354598999,0.04003898846604804,1.0225582162726403,0.017731445922010883,log-depth Laplacian fallback,,,,0.04209937373065084,0.050380019263210264,0.5459108839263609,0.17794428459973088,0.11595291380848893,-0.027211643141393363,0.04461365622093663,0.019375464714281466,11.27147048890442,0.9812994980338178,0.9847178057220932,0.9875823188182784,0.04243805492321719,0.0501186108042945,0.530434996093029,0.16630553950317808,0.11344225617640206,0.012827345437664629,0.043481607314987625,0.018883822121183187,11.271470487658323,0.9792069154148514,0.9845892915572112,0.9872145315700964,0.04243805492321719,0.0501186108042945,0.530434996093029,0.16630553950317808,0.11344225617640206,0.012827345437664629,0.043481607314987625,0.018883822121183187,11.271470487658323,0.9792069154148514,0.9845892915572112,0.9872145315700964,0.04258398011930143,0.04982351313578039,0.532241811175759,0.1689102036389542,0.11345459981195392,0.009418539761846577,0.043842983040296706,0.01904076560457872,11.306297947270421,0.9795856940060824,0.9846155016829438,0.9873227540247339,0.03343296831720619,0.049006009790960786,0.5333692116329499,0.14715924885078477,0.11282134081077388,-0.004904104474021474,0.03513117877678567,0.01525727708551465,11.271470490423456,0.9802696937389083,0.9846400208328225,0.9873641829331498,0.007902394980192184,0.06047642603516579,0.017449871636927128,ok,
759xd9YjKW5,aaef0e13feb84a9a8cb567429c9fb8d7,aaef0e13feb84a9a8cb567429c9fb8d7_i1_5,1,5,/mnt/priorbimda-data/PriorBIMDA-Datasets/Matterport3D/v1/scans/759xd9YjKW5/undistorted_color_images/aaef0e13feb84a9a8cb567429c9fb8d7_i1_5.jpg,/mnt/priorbimda-data/PriorBIMDA-Datasets/Matterport3D/v1/scans/759xd9YjKW5/undistorted_depth_images/aaef0e13feb84a9a8cb567429c9fb8d7_d1_5.png,1024,1280,406,504,1.4121168655554452,903887,0.6896110534667969,-4.360949993133545,1.0378400087356567,1.64437997341156,True,204624,1.0,True,,1.0,204624,1.0054469108581543,0.005432130087938986,0.9988928957735981,0.0065398476069192905,log-depth Laplacian fallback,,,,0.023231439109088346,0.00617958410266724,0.1481393001508352,0.08928907078300477,0.03882083286370696,-0.0002799307172786668,0.022838772001061537,0.009918752653507515,3.881982358313074,0.9965902817498205,0.9988969860170575,0.999782052402568,0.023903901829463267,0.006197858675480323,0.14580827215481967,0.09002098265119908,0.03916023314203063,0.0051521993100454334,0.023383553075406616,0.01015534806794091,3.881982357002362,0.9963701214864248,0.998881497355311,0.9997776270706404,0.023903901829463267,0.006197858675480323,0.14580827215481967,0.09002098265119908,0.03916023314203063,0.0051521993100454334,0.023383553075406616,0.01015534806794091,3.881982357002362,0.9963701214864248,0.998881497355311,0.9997776270706404,0.025213122026806197,0.00649208807576667,0.14939816292350833,0.09501671699192263,0.0401242224400866,0.007322959480377567,0.024641296693661798,0.010701579180998165,3.9450316739796873,0.9962539565233265,0.9988870290202204,0.9997698827397673,0.023188457293931226,0.006204600961837592,0.14902699543628742,0.08954483423757228,0.03884461679410197,-0.0013876406844301815,0.022821496929842783,0.009911250185402717,3.8819823637048416,0.9966201527403314,0.9989025176819669,0.9997853714015137,0.007954670116305351,0.057606601156294346,0.01751476712524891,ok,
759xd9YjKW5,aaef0e13feb84a9a8cb567429c9fb8d7,aaef0e13feb84a9a8cb567429c9fb8d7_i2_0,2,0,/mnt/priorbimda-data/PriorBIMDA-Datasets/Matterport3D/v1/scans/759xd9YjKW5/undistorted_color_images/aaef0e13feb84a9a8cb567429c9fb8d7_i2_0.jpg,/mnt/priorbimda-data/PriorBIMDA-Datasets/Matterport3D/v1/scans/759xd9YjKW5/undistorted_depth_images/aaef0e13feb84a9a8cb567429c9fb8d7_d2_0.png,1024,1280,406,504,1.4165615917841592,1174560,0.8961181640625,-4.358980178833008,1.0256099700927734,1.6779199838638306,True,204624,1.0,True,,1.0,204624,1.0182305574417114,0.018066373272964897,1.020089872384248,0.001824360322376116,log-depth Laplacian fallback,,,,0.03760202462453172,0.006570568181089016,0.12920123940275482,0.08209704372536063,0.05301009799000256,-0.016074919918476097,0.03807021854589992,0.016533685839335174,5.051403209529263,0.9904917586159924,0.999467885846615,1.0,0.03533489935849313,0.006657597655362149,0.1325655430345969,0.08218781546614846,0.05055327198512888,0.001991453275774095,0.03515180834140012,0.015266236391590781,5.051403193423412,0.9912682195886119,0.9994023293829178,0.9999974458520637,0.03533489935849313,0.006657597655362149,0.1325655430345969,0.08218781546614846,0.05055327198512888,0.001991453275774095,0.03515180834140012,0.015266236391590781,5.051403193423412,0.9912682195886119,0.9994023293829178,0.9999974458520637,0.03602685406924244,0.007113090100433859,0.13747827361066534,0.08387875897403131,0.052011641002508095,0.004689015025678606,0.03575628353941466,0.015528756634535859,5.179984495983305,0.9902703991281842,0.9993563547200653,0.9999770126685738,0.035372931373730314,0.006746438028756491,0.13359606222026527,0.08274634098934797,0.050657949207493766,0.00381580620803077,0.035125350480428606,0.015254745888567895,5.051403211872689,0.991389115924261,0.9993997752349816,0.9999940403214821,0.008399922400712967,0.06043075490742922,0.017453751526772976,ok,
759xd9YjKW5,aaef0e13feb84a9a8cb567429c9fb8d7,aaef0e13feb84a9a8cb567429c9fb8d7_i2_1,2,1,/mnt/priorbimda-data/PriorBIMDA-Datasets/Matterport3D/v1/scans/759xd9YjKW5/undistorted_color_images/aaef0e13feb84a9a8cb567429c9fb8d7_i2_1.jpg,/mnt/priorbimda-data/PriorBIMDA-Datasets/Matterport3D/v1/scans/759xd9YjKW5/undistorted_depth_images/aaef0e13feb84a9a8cb567429c9fb8d7_d2_1.png,1024,1280,406,504,1.4165615917841592,1219974,0.9307662963867187,-4.373509883880615,1.0260100364685059,1.6772899627685547,True,204624,1.0,True,,1.0,204624,1.0828428268432617,0.07958982991828024,1.0468209236624892,0.03383195023011746,log-depth Laplacian fallback,,,,0.04728536603803576,0.010119419116304759,0.17508217212674815,0.10460929127499503,0.06792963029783416,-0.04705636520977945,0.04931620539060268,0.02141775586954614,4.899115395297693,0.9870775934569097,0.996405661104253,1.0,0.04184607188458291,0.009257338932163713,0.16819066221995527,0.10317409529667126,0.05880951885863871,0.03253346482869186,0.0412826290977179,0.017928818015597505,4.899115404463189,0.9920817984645575,0.996405661104253,1.0,0.04184607188458291,0.009257338932163713,0.16819066221995527,0.10317409529667126,0.05880951885863871,0.03253346482869186,0.0412826290977179,0.017928818015597505,4.899115404463189,0.9920817984645575,0.996405661104253,1.0,0.043635226656808065,0.00965990425570433,0.17181951850696256,0.10704208964015292,0.06027491397594875,0.03263411066084766,0.043071110469561684,0.01870554560637602,5.067622791984,0.9913153886886114,0.996405661104253,1.0,0.025977880221741786,0.006224193840335326,0.14686421865214694,0.06304234877583759,0.04900835990314028,-0.0012985282088999453,0.026482608755160123,0.011501250848768787,4.899115394524219,0.9907334090726524,0.996405661104253,1.0,0.007812845520675182,0.05799179244786501,0.01744798757135868,ok,
759xd9YjKW5,aaef0e13feb84a9a8cb567429c9fb8d7,aaef0e13feb84a9a8cb567429c9fb8d7_i2_2,2,2,/mnt/priorbimda-data/PriorBIMDA-Datasets/Matterport3D/v1/scans/759xd9YjKW5/undistorted_color_images/aaef0e13feb84a9a8cb567429c9fb8d7_i2_2.jpg,/mnt/priorbimda-data/PriorBIMDA-Datasets/Matterport3D/v1/scans/759xd9YjKW5/undistorted_depth_images/aaef0e13feb84a9a8cb567429c9fb8d7_d2_2.png,1024,1280,406,504,1.4165615917841592,1263947,0.9643150329589844,-4.380420207977295,1.0388100147247314,1.676800012588501,True,204624,1.0,True,,1.0,204624,1.3017009496688843,0.26367183205049727,1.2825141571459628,0.014849495338333435,log-depth Laplacian fallback,,,,0.21712841053198292,0.11174588628249785,0.5343467934875215,0.5168286219758688,0.2454997794910403,-0.24170646607864332,0.24439772445486072,0.10614058312045745,4.298983584433717,0.16003123548693102,0.9989730582057633,1.0,0.02465142406997699,0.008891547682071914,0.14684741710811397,0.0681525644466478,0.04827632226039473,0.021965365961972107,0.023286704871574988,0.010113287427434593,4.2989835881823515,0.9946928154424196,0.9968092016516515,0.9986692479985316,0.02465142406997699,0.008891547682071914,0.14684741710811397,0.0681525644466478,0.04827632226039473,0.021965365961972107,0.023286704871574988,0.010113287427434593,4.2989835881823515,0.9946928154424196,0.9968092016516515,0.9986692479985316,0.021497991093307463,0.007396001990677389,0.1289296932911495,0.054550875907499234,0.044490316179385654,0.014150701117505217,0.020373116827089068,0.008847932217175074,4.217992284991452,0.994784591442521,0.9969152187552168,0.9988346030331968,0.018752288593910378,0.007245475171252081,0.12834488167345723,0.04910191048615655,0.04357478902242096,0.007115915363508063,0.017694554327144056,0.007684647304015963,4.298983585555879,0.9948652910288168,0.9969349980655835,0.9988227354469769,0.008105925284326077,0.06024813558906317,0.017436559312045574,ok,
759xd9YjKW5,aaef0e13feb84a9a8cb567429c9fb8d7,aaef0e13feb84a9a8cb567429c9fb8d7_i2_3,2,3,/mnt/priorbimda-data/PriorBIMDA-Datasets/Matterport3D/v1/scans/759xd9YjKW5/undistorted_color_images/aaef0e13feb84a9a8cb567429c9fb8d7_i2_3.jpg,/mnt/priorbimda-data/PriorBIMDA-Datasets/Matterport3D/v1/scans/759xd9YjKW5/undistorted_depth_images/aaef0e13feb84a9a8cb567429c9fb8d7_d2_3.png,1024,1280,406,504,1.4165615917841592,1250213,0.9538368225097656,-4.372799873352051,1.051200032234192,1.6769599914550781,True,204624,1.0,True,,1.0,204624,1.1353638172149658,0.12695314337190938,1.0931515022127294,0.03788833242660582,log-depth Laplacian fallback,,,,0.08424811751612114,0.015031501290722194,0.1717217952873861,0.16167578029399224,0.09314589836438647,-0.08604207905898013,0.08823711392581145,0.03832089167704848,3.567799060088485,0.993735467476342,1.0,1.0,0.04523793767300474,0.006630759641864789,0.11666284408805028,0.09041648074444589,0.054282908857514287,0.04091106424450791,0.04384204917201052,0.01904036003073521,3.5677990644302673,0.9947009029661346,1.0,1.0,0.04523793767300474,0.006630759641864789,0.11666284408805028,0.09041648074444589,0.054282908857514287,0.04091106424450791,0.04384204917201052,0.01904036003073521,3.5677990644302673,0.9947009029661346,1.0,1.0,0.047332948498646624,0.0075106290308853425,0.12405390879367774,0.09467152945972235,0.05773629855141578,0.04248717160654208,0.045736177002460236,0.019862969295518906,3.909373887586682,0.9945161344506896,1.0,1.0,0.021622694194365567,0.002801188000868763,0.07539784485616946,0.04257401917663349,0.03580580446959785,0.0030226842897532694,0.02137245394023719,0.009281938810976435,3.567799060204417,0.995886300974314,1.0,1.0,0.007727797143161297,0.05793477222323418,0.017443119548261166,ok,
759xd9YjKW5,aaef0e13feb84a9a8cb567429c9fb8d7,aaef0e13feb84a9a8cb567429c9fb8d7_i2_4,2,4,/mnt/priorbimda-data/PriorBIMDA-Datasets/Matterport3D/v1/scans/759xd9YjKW5/undistorted_color_images/aaef0e13feb84a9a8cb567429c9fb8d7_i2_4.jpg,/mnt/priorbimda-data/PriorBIMDA-Datasets/Matterport3D/v1/scans/759xd9YjKW5/undistorted_depth_images/aaef0e13feb84a9a8cb567429c9fb8d7_d2_4.png,1024,1280,406,504,1.4165615917841592,1256591,0.9587028503417969,-4.358270168304443,1.0507999658584595,1.6776000261306763,True,204624,1.0,True,,1.0,204624,1.129833459854126,0.12207024120258701,1.1421625636365607,0.010853209844888426,log-depth Laplacian fallback,,,,0.13360539112270237,0.040316285325871025,0.29452368426747166,0.28551865633799567,0.1548882556892315,-0.14167435137464843,0.14444075761594338,0.06272982399452935,6.259991943305847,0.9006836751178386,0.999145306627216,1.0,0.04336430054639194,0.009234272410002351,0.14480406033510054,0.08927626993581876,0.06559779763247713,-0.01960411019593335,0.04409017791545403,0.019148120974814303,6.259991947005301,0.9925075064201478,0.9987871948788428,0.9994731778279488,0.04336430054639194,0.009234272410002351,0.14480406033510054,0.08927626993581876,0.06559779763247713,-0.01960411019593335,0.04409017791545403,0.019148120974814303,6.259991947005301,0.9925075064201478,0.9987871948788428,0.9994731778279488,0.04211590339640055,0.008657804458727426,0.1376739960653397,0.08523177369159704,0.06434293972487731,-0.018024930950396287,0.04282740072345093,0.01859970380845407,6.176662332257318,0.9911904509900198,0.998790378094384,0.999500235160048,0.043245926366814263,0.009460327919642646,0.15163878700225905,0.09428442000577764,0.06320860859877254,-0.008750902280208086,0.043502932624864224,0.01889308358558749,6.259991941109087,0.9924995483812951,0.9987649123700552,0.9994397540647673,0.008288515731692314,0.05994108598679304,0.017405358143150806,ok,
759xd9YjKW5,aaef0e13feb84a9a8cb567429c9fb8d7,aaef0e13feb84a9a8cb567429c9fb8d7_i2_5,2,5,/mnt/priorbimda-data/PriorBIMDA-Datasets/Matterport3D/v1/scans/759xd9YjKW5/undistorted_color_images/aaef0e13feb84a9a8cb567429c9fb8d7_i2_5.jpg,/mnt/priorbimda-data/PriorBIMDA-Datasets/Matterport3D/v1/scans/759xd9YjKW5/undistorted_depth_images/aaef0e13feb84a9a8cb567429c9fb8d7_d2_5.png,1024,1280,406,504,1.4165615917841592,1174936,0.896405029296875,-4.351359844207764,1.0379999876022339,1.6780799627304077,True,204624,1.0,True,,1.0,204624,1.0940033197402954,0.08984373849271318,1.09378710654026,0.00019765439883279168,log-depth Laplacian fallback,,,,0.0816875557721518,0.016953253625032156,0.19643475195412527,0.181397726843108,0.09287777306569066,-0.08181870214246047,0.08539543049322797,0.0370867642429616,4.39543025125558,0.9964500194053123,0.9996757270183227,0.9999829777962375,0.03168228338008991,0.006588018343500391,0.13924011718143706,0.08565284705518296,0.04468088983420866,0.00802503637960112,0.0310534313358663,0.013486333873328251,4.395430249114152,0.9928123744612473,0.999263789687268,0.999888504565355,0.03168228338008991,0.006588018343500391,0.13924011718143706,0.08565284705518296,0.04468088983420866,0.00802503637960112,0.0310534313358663,0.013486333873328251,4.395430249114152,0.9928123744612473,0.999263789687268,0.999888504565355,0.03340417842552229,0.006992909428500817,0.14331005091036236,0.0899119586247816,0.045910441622674075,0.010151810207542026,0.032670125568574196,0.014188455257518107,4.47739812781822,0.9926191724485419,0.9992476185936936,0.9998757379125331,0.0316758456612148,0.0065691113299396605,0.1389796984303209,0.08553047233273983,0.04464580780345392,0.00782735224198535,0.031053256056937064,0.013486257750656507,4.395430253459646,0.9928123744612473,0.9992646407974562,0.999888504565355,0.00812150351703167,0.060625359416007996,0.01746858935803175,ok,
759xd9YjKW5,b90801209e564a309883d214b02a6195,b90801209e564a309883d214b02a6195_i0_0,0,0,/mnt/priorbimda-data/PriorBIMDA-Datasets/Matterport3D/v1/scans/759xd9YjKW5/undistorted_color_images/b90801209e564a309883d214b02a6195_i0_0.jpg,/mnt/priorbimda-data/PriorBIMDA-Datasets/Matterport3D/v1/scans/759xd9YjKW5/undistorted_depth_images/b90801209e564a309883d214b02a6195_d0_0.png,1024,1280,406,504,1.4155678118069965,1203329,0.9180671691894531,-10.241499900817871,2.5924599170684814,1.764430046081543,True,204624,1.0,True,,1.0,204624,1.0697048902511597,0.06738280692944473,1.03166367049725,0.03621009366820095,log-depth Laplacian fallback,,,,0.05074056247930584,0.008365413699879866,0.10663024109765651,0.06997262484470784,0.07036231772459553,-0.022107171364778473,0.050335610202719275,0.021860477754273997,6.679916713421844,0.9956603721841658,0.9972177185125597,0.9982365587466104,0.0573511766283171,0.010878936495591327,0.111367077552582,0.07157690949014886,0.0806970376585982,0.04527563537503661,0.05376061338036577,0.023347937734826987,6.679916712250199,0.9937647974909605,0.9969276897673038,0.9979132888844198,0.0573511766283171,0.010878936495591327,0.111367077552582,0.07157690949014886,0.0806970376585982,0.04527563537503661,0.05376061338036577,0.023347937734826987,6.679916712250199,0.9937647974909605,0.9969276897673038,0.9979132888844198,0.0499480808515717,0.009476805286842157,0.1041817392894175,0.06347932816390849,0.07360307554652175,0.03810079157423173,0.04695725887107394,0.020393278413009936,6.297414081449575,0.9938454071995273,0.9969692411634723,0.997947361029278,0.04311719151822561,0.007902781570127117,0.09660887205303069,0.054618353338367884,0.0674115162981576,0.009065528072575619,0.04128293384213275,0.017928950364415264,6.679916713838663,0.994123801553856,0.9970972194636712,0.9980819875528638,0.00887767132371664,0.05903606861829758,0.017430840991437435,ok,
759xd9YjKW5,b90801209e564a309883d214b02a6195,b90801209e564a309883d214b02a6195_i0_1,0,1,/mnt/priorbimda-data/PriorBIMDA-Datasets/Matterport3D/v1/scans/759xd9YjKW5/undistorted_color_images/b90801209e564a309883d214b02a6195_i0_1.jpg,/mnt/priorbimda-data/PriorBIMDA-Datasets/Matterport3D/v1/scans/759xd9YjKW5/undistorted_depth_images/b90801209e564a309883d214b02a6195_d0_1.png,1024,1280,406,504,1.4155678118069965,1162639,0.8870231628417968,-10.249799728393555,2.604449987411499,1.7644399404525757,True,204102,0.9974489795918368,True,,1.0,204102,0.8747745752334595,-0.13378905412101294,0.838231417917368,0.042672007470164836,log-depth Laplacian fallback,,,,0.2057702045036203,0.03973619331258244,0.18204309265921012,0.17218998055611587,0.19693441744841642,0.18478398090599382,0.18478614350249312,0.08025160245531528,6.810319505192432,0.7075790507629626,1.0,1.0,0.06963400397664148,0.006397153780529045,0.07132104106875246,0.05655591285508266,0.08507953785385873,0.050994926877724764,0.06620928979505579,0.028754329208726014,6.810319518320478,1.0,1.0,1.0,0.06963400397664148,0.006397153780529045,0.07132104106875246,0.05655591285508266,0.08507953785385873,0.050994926877724764,0.06620928979505579,0.028754329208726014,6.810319518320478,1.0,1.0,1.0,0.056795971455319574,0.004081666943153087,0.05700208614363434,0.046012938292840214,0.06897446284253259,0.041530738885295966,0.054622386693127946,0.02372220112921108,5.506972173578937,1.0,1.0,1.0,0.05737932125504243,0.00410873353454347,0.05972654601384109,0.04924770435743856,0.06860988766985075,0.008322950876073055,0.05658679263795684,0.024575331791268203,6.810319504093779,1.0,1.0,1.0,0.00818564835935831,0.05679801572114229,0.017454643733799458,ok,
759xd9YjKW5,b90801209e564a309883d214b02a6195,b90801209e564a309883d214b02a6195_i0_2,0,2,/mnt/priorbimda-data/PriorBIMDA-Datasets/Matterport3D/v1/scans/759xd9YjKW5/undistorted_color_images/b90801209e564a309883d214b02a6195_i0_2.jpg,/mnt/priorbimda-data/PriorBIMDA-Datasets/Matterport3D/v1/scans/759xd9YjKW5/undistorted_depth_images/b90801209e564a309883d214b02a6195_d0_2.png,1024,1280,406,504,1.4155678118069965,1176418,0.8975357055664063,-10.243499755859375,2.617579936981201,1.7640199661254883,True,133289,0.6513849792790679,True,,1.0,133289,0.7957138419151306,-0.22851565285309589,0.7571988684724393,0.049613701152571354,log-depth Laplacian fallback,,,,0.3178369566778729,0.19668763416161558,0.5857801051220353,0.43681147185676,0.3109997350872883,0.21663696281890626,0.263978840563514,0.11464455379595244,22.31350747080416,0.43005887363165135,0.8691970031060389,0.9876064460081365,0.19093522507213845,0.1205346964934595,0.6460592823846025,0.4326286318789223,0.22345103444529216,-0.011878690108354845,0.19343089753572656,0.08400597142935937,22.313507459828188,0.6003750367641434,0.9879337106368654,0.9986994418650513,0.19093522507213845,0.1205346964934595,0.6460592823846025,0.4326286318789223,0.22345103444529216,-0.011878690108354845,0.19343089753572656,0.08400597142935937,22.313507459828188,0.6003750367641434,0.9879337106368654,0.9986994418650513,0.16783096047648327,0.11298231652963008,0.6365595097765998,0.40911118218826176,0.2086577000497146,-0.029543489577052884,0.17289157086742635,0.0750858551953083,20.655560513732674,0.677073115168248,0.9875188920944766,0.9986246385213419,0.17857639714012072,0.13125922146588379,0.7020128663746198,0.4494019144646909,0.23145318200104378,-0.06149238892459956,0.19020993359370744,0.08260712456293112,22.31350747030912,0.6638065721537753,0.9908221397496468,0.9992137148530539,0.00908671971410513,0.05965348705649376,0.017477788031101227,ok,
759xd9YjKW5,b90801209e564a309883d214b02a6195,b90801209e564a309883d214b02a6195_i0_3,0,3,/mnt/priorbimda-data/PriorBIMDA-Datasets/Matterport3D/v1/scans/759xd9YjKW5/undistorted_color_images/b90801209e564a309883d214b02a6195_i0_3.jpg,/mnt/priorbimda-data/PriorBIMDA-Datasets/Matterport3D/v1/scans/759xd9YjKW5/undistorted_depth_images/b90801209e564a309883d214b02a6195_d0_3.png,1024,1280,406,504,1.4155678118069965,1159608,0.884710693359375,-10.229000091552734,2.618730068206787,1.7635999917984009,True,113406,0.5542165141918837,True,,1.0,113406,0.930738091468811,-0.07177736086521921,0.9981771354825888,0.06995283290849322,log-depth Laplacian fallback,,,,0.11979889141865299,0.1785092976476023,0.718938593304195,0.3369740412021018,0.18832140645751674,0.06613501418203896,0.09930974003401342,0.04312967209601849,17.632671955571208,0.8814323461031659,0.9278713151340798,0.9888091492987285,0.13189209297674406,0.14343241659594771,0.6696369889921786,0.4397460732332832,0.17641697232618334,-0.005642346643146753,0.12029368171550008,0.052242882176867775,17.632671961190653,0.8924490000068989,0.954895102482908,0.9928329228497906,0.13189209297674406,0.14343241659594771,0.6696369889921786,0.4397460732332832,0.17641697232618334,-0.005642346643146753,0.12029368171550008,0.052242882176867775,17.632671961190653,0.8924490000068989,0.954895102482908,0.9928329228497906,0.1363245839204442,0.15393679529179088,0.7000136738327495,0.45802690399861856,0.1830510934598173,-0.014940618820679322,0.12546842253926133,0.0544902435619068,18.244034840486883,0.8906233830742802,0.9530548254237639,0.9928458582555484,0.1195471779079196,0.17707298282586256,0.7161819675837272,0.3369070136481851,0.18768843206132185,0.06431046182973989,0.09927636583901953,0.04311517786729468,17.632671955458992,0.881709163786383,0.9286698608495285,0.9889678236093576,0.011427341029047966,0.06458756420761347,0.01746185589581728,ok,
759xd9YjKW5,b90801209e564a309883d214b02a6195,b90801209e564a309883d214b02a6195_i0_4,0,4,/mnt/priorbimda-data/PriorBIMDA-Datasets/Matterport3D/v1/scans/759xd9YjKW5/undistorted_color_images/b90801209e564a309883d214b02a6195_i0_4.jpg,/mnt/priorbimda-data/PriorBIMDA-Datasets/Matterport3D/v1/scans/759xd9YjKW5/undistorted_depth_images/b90801209e564a309883d214b02a6195_d0_4.png,1024,1280,406,504,1.4155678118069965,1236351,0.9432609558105469,-10.220800399780273,2.606750011444092,1.7635899782180786,True,183855,0.8985016420361248,True,,1.0,183855,1.1828995943069458,0.16796870760470184,1.197638563045409,0.012383046271879639,log-depth Laplacian fallback,,,,0.17601159880320957,0.07470906342940568,0.4604640665122445,0.3697793060549932,0.20299345848031364,-0.18225983765920242,0.19318926474091208,0.08390103163992454,8.937390985203677,0.6540917587319459,0.9988700619807805,0.9991685209135593,0.06044538498160293,0.029419019954088656,0.29216499636426624,0.1417993097110795,0.09050929295238058,-0.01429112997253957,0.05899270009479457,0.025620204123742718,8.937390958690255,0.9798333968266293,0.9935123601630929,0.9989428568424339,0.06044538498160293,0.029419019954088656,0.29216499636426624,0.1417993097110795,0.09050929295238058,-0.01429112997253957,0.05899270009479457,0.025620204123742718,8.937390958690255,0.9798333968266293,0.9935123601630929,0.9989428568424339,0.058429445180288336,0.028234249125383682,0.28561008274133454,0.1372079885181889,0.08924605756156069,-0.019823268851463776,0.05725645221910358,0.02486616125211388,8.70166466966177,0.9800323694484818,0.9956323083007981,0.9989614599737453,0.06026045369877604,0.03002423493456725,0.2934052837133501,0.1405632019821948,0.0893942767189889,-0.0019081266788412168,0.05806254399200355,0.02521624246099195,8.93739098545468,0.9795381732210351,0.9899648239051855,0.9989250625429187,0.01250170636922121,0.05980492755770683,0.017426942475140095,ok,
759xd9YjKW5,b90801209e564a309883d214b02a6195,b90801209e564a309883d214b02a6195_i0_5,0,5,/mnt/priorbimda-data/PriorBIMDA-Datasets/Matterport3D/v1/scans/759xd9YjKW5/undistorted_color_images/b90801209e564a309883d214b02a6195_i0_5.jpg,/mnt/priorbimda-data/PriorBIMDA-Datasets/Matterport3D/v1/scans/759xd9YjKW5/undistorted_depth_images/b90801209e564a309883d214b02a6195_d0_5.png,1024,1280,406,504,1.4155678118069965,1245267,0.9500633239746094,-10.22700023651123,2.5936100482940674,1.764009952545166,True,204624,1.0,True,,1.0,204624,1.0940033197402954,0.08984373849271318,1.088839123192163,0.0047316343876996625,log-depth Laplacian fallback,,,,0.08317396099488332,0.013112085711751643,0.13855327467252737,0.1216387794219642,0.10508070147497887,-0.08498548878213237,0.08835549704342331,0.03837230481177781,6.180146049193078,1.0,1.0,1.0,0.05425580190000733,0.007229878770722106,0.12138755296859483,0.09449615541458994,0.06199212158654028,0.004858249663523869,0.05387570352236364,0.023397920748418115,6.180146073522262,0.9984766319190985,1.0,1.0,0.05425580190000733,0.007229878770722106,0.12138755296859483,0.09449615541458994,0.06199212158654028,0.004858249663523869,0.05387570352236364,0.023397920748418115,6.180146073522262,0.9984766319190985,1.0,1.0,0.04589709432822647,0.0052200050774210485,0.10256283214588637,0.07932189623023525,0.05335041330414352,0.0016998495920877085,0.04572988136610042,0.019860235135387757,5.332332614426086,0.9998610739704819,1.0,1.0,0.053906572815283015,0.006876871738182737,0.1169918057087803,0.09246455575907125,0.061801590270387445,0.0001266613241099094,0.05378229383277345,0.023357353435672794,6.180146047512002,0.998772953912695,1.0,1.0,0.009330607950687408,0.05718238465487957,0.017435969784855843,ok,
759xd9YjKW5,b90801209e564a309883d214b02a6195,b90801209e564a309883d214b02a6195_i1_0,1,0,/mnt/priorbimda-data/PriorBIMDA-Datasets/Matterport3D/v1/scans/759xd9YjKW5/undistorted_color_images/b90801209e564a309883d214b02a6195_i1_0.jpg,/mnt/priorbimda-data/PriorBIMDA-Datasets/Matterport3D/v1/scans/759xd9YjKW5/undistorted_depth_images/b90801209e564a309883d214b02a6195_d1_0.png,1024,1280,406,504,1.4121168655554452,1136873,0.8673652648925781,-10.235899925231934,2.603060007095337,1.7973500490188599,True,204624,1.0,True,,1.0,204624,0.9757623672485352,-0.0245361983939612,0.977086333318958,0.0013559332813512966,log-depth Laplacian fallback,,,,0.08943088990758191,0.04716893372129713,0.33409328787905207,0.14972041352317828,0.13451116325250304,0.05490130142089911,0.07915332671271255,0.03437585301561632,12.27969875112297,0.978047679907958,0.9824237183924678,0.9857486280349697,0.08328920227495568,0.044737558787966564,0.34496907822707285,0.16555306844030662,0.12649561102743087,0.030365103073754708,0.07511381191242666,0.03262151402828562,12.27969874407485,0.9777011152520994,0.9828388922949177,0.9862526421156981,0.08328920227495568,0.044737558787966564,0.34496907822707285,0.16555306844030662,0.12649561102743087,0.030365103073754708,0.07511381191242666,0.03262151402828562,12.27969874407485,0.9777011152520994,0.9828388922949177,0.9862526421156981,0.07803939815666709,0.04434461741526485,0.3572547273776479,0.1746506054862436,0.12097967502383924,0.01853782668186177,0.07108363198837292,0.030871229126191845,11.955095462097743,0.9764811021107899,0.9830068969884939,0.9862623177786789,0.08338921471952655,0.04479307007416002,0.34398949492546244,0.16415172335291978,0.12682792475086727,0.03172100794431664,0.0751008272191537,0.03261587484764798,12.279698755103174,0.9777591692299844,0.9828239389975837,0.9862350500011875,0.009336289018392563,0.05875897500663996,0.01750423014163971,ok,
759xd9YjKW5,b90801209e564a309883d214b02a6195,b90801209e564a309883d214b02a6195_i1_1,1,1,/mnt/priorbimda-data/PriorBIMDA-Datasets/Matterport3D/v1/scans/759xd9YjKW5/undistorted_color_images/b90801209e564a309883d214b02a6195_i1_1.jpg,/mnt/priorbimda-data/PriorBIMDA-Datasets/Matterport3D/v1/scans/759xd9YjKW5/undistorted_depth_images/b90801209e564a309883d214b02a6195_d1_1.png,1024,1280,406,504,1.4121168655554452,1040946,0.7941787719726563,-10.237799644470215,2.605940103530884,1.7973500490188599,True,204624,1.0,True,,1.0,204624,0.7667266130447388,-0.2656249778618368,0.7089714838644565,0.07831499561641175,log-depth Laplacian fallback,,,,0.40797942417321015,0.10397566785216317,0.2543958101578947,0.25406257107187696,0.34251764668891416,0.3419671229987486,0.3419671229987486,0.14851443451068708,1.9411982929896285,0.0,0.9999923146829903,1.0,0.07953529524634505,0.004175933015389228,0.050789928780504714,0.04932994862111097,0.0787714936934627,0.0763421452433569,0.0763421452433569,0.03315497241584648,1.9411982854449288,0.9999971180061213,1.0,1.0,0.07953529524634505,0.004175933015389228,0.050789928780504714,0.04932994862111097,0.0787714936934627,0.0763421452433569,0.0763421452433569,0.03315497241584648,1.9411982854449288,0.9999971180061213,1.0,1.0,0.07042596959350773,0.003197309251046956,0.0444756380547807,0.04372103960189752,0.06930988455274091,0.06796415835853944,0.06796415835853944,0.02951645894231247,1.3591661978199931,0.9999990393353738,1.0,1.0,0.01613768929118394,0.0002369028724263564,0.01217096859432768,0.010089193907504032,0.019511973981611166,-0.0019728271534530896,0.016168223820502786,0.0070217703874210806,1.9411982940484704,1.0,1.0,1.0,0.007868175394833088,0.05649386253207922,0.017404478043317795,ok,
759xd9YjKW5,b90801209e564a309883d214b02a6195,b90801209e564a309883d214b02a6195_i1_2,1,2,/mnt/priorbimda-data/PriorBIMDA-Datasets/Matterport3D/v1/scans/759xd9YjKW5/undistorted_color_images/b90801209e564a309883d214b02a6195_i1_2.jpg,/mnt/priorbimda-data/PriorBIMDA-Datasets/Matterport3D/v1/scans/759xd9YjKW5/undistorted_depth_images/b90801209e564a309883d214b02a6195_d1_2.png,1024,1280,406,504,1.4121168655554452,1305293,0.9958595275878906,-10.236300468444824,2.609100103378296,1.7972500324249268,True,203922,0.9965693173821253,True,,1.0,203922,1.0385669469833374,0.03784182733408665,0.9910198577358145,0.046862534108474165,log-depth Laplacian fallback,,,,0.05231064338248125,0.0039034366541969494,0.07290588345186354,0.05961144128924639,0.05949685380233308,0.009473775415817924,0.051808427484162645,0.022500114172456613,5.873774929078267,1.0,1.0,1.0,0.06441544107863749,0.005015590431143295,0.06749621424505181,0.060314209728191986,0.07542472720448433,0.04731560284462766,0.06175039913474247,0.026817857599542014,5.873774937227627,1.0,1.0,1.0,0.06441544107863749,0.005015590431143295,0.06749621424505181,0.060314209728191986,0.07542472720448433,0.04731560284462766,0.06175039913474247,0.026817857599542014,5.873774937227627,1.0,1.0,1.0,0.05344821516518965,0.0034279408985983593,0.056496384409647216,0.05081241766914699,0.06257486616579115,0.037591179182172765,0.051671185691146336,0.02244051081906312,5.002516490088219,1.0,1.0,1.0,0.05149081127056874,0.004158999762707013,0.07881098457219067,0.06241182619288165,0.0587394965431645,0.00045305577427876464,0.051456211457376645,0.02234714869558556,5.87377493151536,1.0,1.0,1.0,0.008422882296144962,0.057707253843545914,0.01744882296770811,ok,
759xd9YjKW5,b90801209e564a309883d214b02a6195,b90801209e564a309883d214b02a6195_i1_3,1,3,/mnt/priorbimda-data/PriorBIMDA-Datasets/Matterport3D/v1/scans/759xd9YjKW5/undistorted_color_images/b90801209e564a309883d214b02a6195_i1_3.jpg,/mnt/priorbimda-data/PriorBIMDA-Datasets/Matterport3D/v1/scans/759xd9YjKW5/undistorted_depth_images/b90801209e564a309883d214b02a6195_d1_3.png,1024,1280,406,504,1.4121168655554452,1267973,0.9673866271972656,-10.23289966583252,2.609380006790161,1.7971500158309937,True,198894,0.9719974196575182,True,,1.0,198894,1.0181063413619995,0.017944373735521997,1.0450215052140017,0.026093090621659244,log-depth Laplacian fallback,,,,0.14437550831958773,0.09997939764994505,0.43070735813122973,0.30659784070030377,0.21257430733101002,-0.06037393516902542,0.13921013523836895,0.0604581935590291,20.38205683670444,0.9065082616112489,0.9510076318659783,0.9839791541302536,0.14093517712283174,0.0978311646510581,0.415288906569917,0.2913211777756818,0.20819003771529268,-0.04242956141807331,0.1332164841721286,0.05785518397450732,20.382056844628053,0.9129650237031861,0.9496858371589931,0.983535138366511,0.14093517712283174,0.0978311646510581,0.415288906569917,0.2913211777756818,0.20819003771529268,-0.04242956141807331,0.1332164841721286,0.05785518397450732,20.382056844628053,0.9129650237031861,0.9496858371589931,0.983535138366511,0.1357237360916295,0.09314347171012537,0.4026040454218659,0.28065777940319786,0.20350399695403948,-0.04633435822239625,0.12800806514421165,0.05559319633124307,19.815903720090176,0.9145920299564738,0.9503806469065194,0.9838884581927217,0.14194739048057156,0.09701562821743302,0.3983323881628712,0.27995880613571295,0.2044742122377768,-0.016336443312761045,0.13054979650042703,0.05669705623372791,20.382056836872064,0.9144137927227157,0.9462149430626677,0.9827433233988421,0.013004741631448269,0.0631713792681694,0.017482626251876354,ok,
759xd9YjKW5,b90801209e564a309883d214b02a6195,b90801209e564a309883d214b02a6195_i1_4,1,4,/mnt/priorbimda-data/PriorBIMDA-Datasets/Matterport3D/v1/scans/759xd9YjKW5/undistorted_color_images/b90801209e564a309883d214b02a6195_i1_4.jpg,/mnt/priorbimda-data/PriorBIMDA-Datasets/Matterport3D/v1/scans/759xd9YjKW5/undistorted_depth_images/b90801209e564a309883d214b02a6195_d1_4.png,1024,1280,406,504,1.4121168655554452,1153212,0.8798309326171875,-10.230899810791016,2.606489896774292,1.7971500158309937,True,204624,1.0,True,,1.0,204624,1.1276289224624634,0.12011712950537742,1.08492582158785,0.03860551205023645,log-depth Laplacian fallback,,,,0.07583427078144125,0.034106180335945764,0.33521168320402145,0.21936150237180396,0.09482195962645015,-0.06409504664787663,0.07773363005520262,0.033759286591283265,6.987867358934816,0.9925174209078643,0.997157504431102,0.9984061907090804,0.06197515036995521,0.044174823297298466,0.4029665339000003,0.19767694079939996,0.08956284280622556,0.05602208292205723,0.05742516906021857,0.024939434045214266,6.987867368952286,0.9873622542949605,0.9955888422943917,0.9977410918374072,0.06197515036995521,0.044174823297298466,0.4029665339000003,0.19767694079939996,0.08956284280622556,0.05602208292205723,0.05742516906021857,0.024939434045214266,6.987867368952286,0.9873622542949605,0.9955888422943917,0.9977410918374072,0.05633887041561782,0.03935400523496148,0.3777186507094195,0.17712751707271523,0.0840409769741797,0.051133105136154204,0.05231520812933697,0.022720206210191194,6.669551236709712,0.9879865974339497,0.995867195277191,0.9978052604378033,0.041840421299200355,0.031047884987529247,0.33642827908071643,0.12895192498876337,0.07201641711146128,0.017416523976882214,0.03918331048026794,0.017017095524282235,6.987867361459189,0.9893783623479464,0.9965210212866324,0.9979778219442739,0.01441396214067936,0.058822005055844784,0.01743676420301199,ok,
759xd9YjKW5,b90801209e564a309883d214b02a6195,b90801209e564a309883d214b02a6195_i1_5,1,5,/mnt/priorbimda-data/PriorBIMDA-Datasets/Matterport3D/v1/scans/759xd9YjKW5/undistorted_color_images/b90801209e564a309883d214b02a6195_i1_5.jpg,/mnt/priorbimda-data/PriorBIMDA-Datasets/Matterport3D/v1/scans/759xd9YjKW5/undistorted_depth_images/b90801209e564a309883d214b02a6195_d1_5.png,1024,1280,406,504,1.4121168655554452,1136691,0.8672264099121094,-10.232399940490723,2.60332989692688,1.7972500324249268,True,204624,1.0,True,,1.0,204624,1.0585339069366455,0.05688484408554288,1.051657157198334,0.006517679085033888,log-depth Laplacian fallback,,,,0.05708707814239091,0.04152317617148203,0.5131769256240184,0.2410919816105885,0.09146434932326991,-0.049168039331372336,0.05862426414708821,0.02546019442471905,7.7124776209968795,0.9888483325723526,0.992275825180282,0.9945288561271269,0.02860115593705877,0.03686338591289917,0.48623210998858246,0.1315818767015116,0.07750987153104338,0.007716804775538248,0.02801047431650688,0.0121647944311517,7.712477623186389,0.9875639025909416,0.991736540537402,0.9942051093920863,0.02860115593705877,0.03686338591289917,0.48623210998858246,0.1315818767015116,0.07750987153104338,0.007716804775538248,0.02801047431650688,0.0121647944311517,7.712477623186389,0.9875639025909416,0.991736540537402,0.9942051093920863,0.026443541990656284,0.03507867829587299,0.4778620711490201,0.12258125910715105,0.07576509269135906,0.0029539971381894914,0.026019453458451327,0.011300105059143885,7.570748424982697,0.987838383518476,0.99184035063179,0.9942552549461551,0.027797145097500968,0.03606772035336516,0.4832855148174988,0.12586928684729698,0.07713409818397672,0.0011991661979216682,0.02738950711548752,0.011895111802306083,7.712477619471658,0.9877117000134601,0.9917866860914708,0.994210387871462,0.011393631808459759,0.06110175233334303,0.0174212409183383,ok,
759xd9YjKW5,b90801209e564a309883d214b02a6195,b90801209e564a309883d214b02a6195_i2_0,2,0,/mnt/priorbimda-data/PriorBIMDA-Datasets/Matterport3D/v1/scans/759xd9YjKW5/undistorted_color_images/b90801209e564a309883d214b02a6195_i2_0.jpg,/mnt/priorbimda-data/PriorBIMDA-Datasets/Matterport3D/v1/scans/759xd9YjKW5/undistorted_depth_images/b90801209e564a309883d214b02a6195_d2_0.png,1024,1280,406,504,1.4165615917841592,1221582,0.9319931030273437,-10.239700317382812,2.5936999320983887,1.830899953842163,True,204624,1.0,True,,1.0,204624,1.056726336479187,0.055175767480837565,1.0186769580463566,0.03667108210150784,log-depth Laplacian fallback,,,,0.04585601807956974,0.016104907066540455,0.1726624413076702,0.09592764659243752,0.07964094641366595,-0.014292311370127122,0.04396258103923694,0.019092706355565123,7.834800687550223,0.9902094169691433,0.9925408200186315,0.9943212981199788,0.05673736172468226,0.022677791939413654,0.23254317525352886,0.1241770343465756,0.08837345277461078,0.04088345613675863,0.05223073638490955,0.022683520597709613,7.83480068005568,0.988992961585878,0.9920128161678872,0.9939038067031112,0.05673736172468226,0.022677791939413654,0.23254317525352886,0.1241770343465756,0.08837345277461078,0.04088345613675863,0.05223073638490955,0.022683520597709613,7.83480068005568,0.988992961585878,0.9920128161678872,0.9939038067031112,0.05266065081573109,0.02082083121397944,0.2144094922417172,0.11498494815179498,0.08491080367668573,0.03711094401162377,0.04849475704813288,0.021061005387242947,7.637160739166612,0.9892491867103478,0.992007085893538,0.9939152672518096,0.044168068307556596,0.016759157500096017,0.18308169765059865,0.09477738910092388,0.07846116613876515,0.004212411492137947,0.041449552275115605,0.018001311830443085,7.8348006874941065,0.9898893402162114,0.9923476279120026,0.9941714923762793,0.008059728890657425,0.057429222390055656,0.01743863057345152,ok,
759xd9YjKW5,b90801209e564a309883d214b02a6195,b90801209e564a309883d214b02a6195_i2_1,2,1,/mnt/priorbimda-data/PriorBIMDA-Datasets/Matterport3D/v1/scans/759xd9YjKW5/undistorted_color_images/b90801209e564a309883d214b02a6195_i2_1.jpg,/mnt/priorbimda-data/PriorBIMDA-Datasets/Matterport3D/v1/scans/759xd9YjKW5/undistorted_depth_images/b90801209e564a309883d214b02a6195_d2_1.png,1024,1280,406,504,1.4165615917841592,1017573,0.7763465881347656,-10.247900009155273,2.6056900024414062,1.830899953842163,True,204624,1.0,True,,1.0,204624,0.9737396240234375,-0.026611337542333826,0.9227655895121096,0.05376870505077719,log-depth Laplacian fallback,,,,0.09369558890390063,0.01121101944652564,0.10130138544216451,0.08017226558642905,0.10490257498598686,0.08190069089943035,0.08803538993051922,0.0382332840590256,6.55501874054267,0.9974252461494163,0.9984787332211055,0.999740559153987,0.07230720344332138,0.007553289232199254,0.08440539977009773,0.0629192983300398,0.08575394840690843,0.055289353383985045,0.06884274799174744,0.029898025571872097,6.5550187412055,0.9974635726380319,0.9986330219060451,0.9999017269522678,0.07230720344332138,0.007553289232199254,0.08440539977009773,0.0629192983300398,0.08575394840690843,0.055289353383985045,0.06884274799174744,0.029898025571872097,6.5550187412055,0.9974635726380319,0.9986330219060451,0.9999017269522678,0.062161856823287655,0.005717915127379667,0.0747245300055242,0.054527182832064744,0.07396859112172167,0.04560370716998701,0.05975569703133429,0.02595156948299101,5.823791174901894,0.9974743826732824,0.9987057439613669,0.9999203988313369,0.05079671463046359,0.0046371962190054124,0.07059866724936319,0.04826708509788445,0.06556782381191605,0.001520673327123977,0.050488199485437577,0.021926746437756144,6.5550187429653,0.997537277423831,0.9989671502683346,1.0,0.008603156544268131,0.057571073062717915,0.017421921715140343,ok,
759xd9YjKW5,b90801209e564a309883d214b02a6195,b90801209e564a309883d214b02a6195_i2_2,2,2,/mnt/priorbimda-data/PriorBIMDA-Datasets/Matterport3D/v1/scans/759xd9YjKW5/undistorted_color_images/b90801209e564a309883d214b02a6195_i2_2.jpg,/mnt/priorbimda-data/PriorBIMDA-Datasets/Matterport3D/v1/scans/759xd9YjKW5/undistorted_depth_images/b90801209e564a309883d214b02a6195_d2_2.png,1024,1280,406,504,1.4165615917841592,1213466,0.9258010864257813,-10.241700172424316,2.6188199520111084,1.8304799795150757,True,204624,1.0,True,,1.0,204624,1.0697048902511597,0.06738280692944473,1.023405784077445,0.04424673773181582,log-depth Laplacian fallback,,,,0.03188437942765355,0.001720635809662166,0.04409011013873422,0.035305284980954005,0.040526253975581135,-0.024053465461696826,0.03256402185533257,0.014142375000347826,3.2616070587614683,1.0,1.0,1.0,0.048000495481464976,0.0031578871398246842,0.05773776215170808,0.05016109676030397,0.05423319920865935,0.04332934145002482,0.04654603303981029,0.020214685303676032,3.261607066943058,1.0,1.0,1.0,0.048000495481464976,0.0031578871398246842,0.05773776215170808,0.05016109676030397,0.05423319920865935,0.04332934145002482,0.04654603303981029,0.020214685303676032,3.261607066943058,1.0,1.0,1.0,0.04132349958982701,0.002254158879055318,0.049108444818189406,0.04350486376911714,0.04587052624988019,0.035663392061784496,0.04033456734969019,0.017517080029925525,2.884835602054983,1.0,1.0,1.0,0.02565267286638571,0.0010760609630761778,0.033648708844855275,0.026767185520969045,0.03262896968834185,-0.0009173901776099877,0.025690754616011446,0.011157352965664264,3.261607055095319,1.0,1.0,1.0,0.008902161382138729,0.059069884940981865,0.017496364191174507,ok,
759xd9YjKW5,b90801209e564a309883d214b02a6195,b90801209e564a309883d214b02a6195_i2_3,2,3,/mnt/priorbimda-data/PriorBIMDA-Datasets/Matterport3D/v1/scans/759xd9YjKW5/undistorted_color_images/b90801209e564a309883d214b02a6195_i2_3.jpg,/mnt/priorbimda-data/PriorBIMDA-Datasets/Matterport3D/v1/scans/759xd9YjKW5/undistorted_depth_images/b90801209e564a309883d214b02a6195_d2_3.png,1024,1280,406,504,1.4165615917841592,1131316,0.8631256103515625,-10.22719955444336,2.6199700832366943,1.8300600051879883,True,204624,1.0,True,,1.0,204624,1.1237813234329224,0.11669918043784241,1.1001396062194915,0.021262093941520205,log-depth Laplacian fallback,,,,0.15818396709310686,0.07900836041869011,0.2990560817263484,0.18923996143352756,0.2124976034886879,-0.07676688361905559,0.1474256970442937,0.06402616671707732,19.8146604986949,0.8767205626014305,0.9635177085800961,0.9734221031082385,0.11368879086726312,0.0901564383499368,0.28475928283850716,0.12296530133680543,0.20213031779725085,0.03993229686662627,0.08846058110906689,0.0384179422416228,19.814660491609047,0.9431255281459822,0.9581292936721482,0.9678763493135428,0.11368879086726312,0.0901564383499368,0.28475928283850716,0.12296530133680543,0.20213031779725085,0.03993229686662627,0.08846058110906689,0.0384179422416228,19.814660491609047,0.9431255281459822,0.9581292936721482,0.9678763493135428,0.10702835931277463,0.08843952092072174,0.28163089095245847,0.11547492183234247,0.20018149609770494,0.033469406556544165,0.0823290647111029,0.03575505850428773,19.736370032168583,0.9451223177255514,0.9584536946352743,0.9684968655972337,0.10433938091561797,0.08540270354917619,0.28162595310685623,0.11463340382228952,0.1990242546747056,0.01867021348152883,0.08141327899856357,0.03535733782272607,19.81466050109772,0.9325449299753561,0.9591007287088665,0.9690325249532403,0.011271935887634754,0.05902116186916828,0.017464150674641132,ok,
759xd9YjKW5,b90801209e564a309883d214b02a6195,b90801209e564a309883d214b02a6195_i2_4,2,4,/mnt/priorbimda-data/PriorBIMDA-Datasets/Matterport3D/v1/scans/759xd9YjKW5/undistorted_color_images/b90801209e564a309883d214b02a6195_i2_4.jpg,/mnt/priorbimda-data/PriorBIMDA-Datasets/Matterport3D/v1/scans/759xd9YjKW5/undistorted_depth_images/b90801209e564a309883d214b02a6195_d2_4.png,1024,1280,406,504,1.4165615917841592,1153097,0.8797431945800781,-10.218899726867676,2.607990026473999,1.8300600051879883,True,204624,1.0,True,,1.0,204624,1.166837215423584,0.15429685379211,1.186151860538094,0.016417482885013823,log-depth Laplacian fallback,,,,0.19100596313059862,0.08415355914284886,0.3973013611696921,0.3648003931788215,0.22545365487450664,-0.15398833582231672,0.19653814436859357,0.08535543158278486,16.467222876656088,0.8374291148099423,0.9754201077619663,0.9842216222919667,0.08182361897308892,0.05467067842344279,0.21585528784975394,0.10081424082837398,0.1646725177648953,0.0003085180193614673,0.06679806018489229,0.029010028940140042,16.46722287565863,0.9548511530252876,0.9733274824234215,0.9793000935740879,0.08182361897308892,0.05467067842344279,0.21585528784975394,0.10081424082837398,0.1646725177648953,0.0003085180193614673,0.06679806018489229,0.029010028940140042,16.46722287565863,0.9548511530252876,0.9733274824234215,0.9793000935740879,0.08206962880378404,0.0547092031992847,0.21550685773881306,0.10055161582026585,0.1649505067180686,-0.0013886431108997262,0.06720130247898054,0.02918515484333255,16.49446614378839,0.954450492890017,0.9734220104639939,0.9796235702633863,0.08075942492819772,0.05737698546105477,0.2241997919619672,0.10338808528583199,0.16551949154397397,0.01672600222621242,0.0644059505367984,0.02797114891986532,16.46722287773637,0.9543386202548442,0.9727906672205374,0.9788326567496056,0.014651922509074211,0.061021460220217705,0.0175197571516037,ok,
759xd9YjKW5,b90801209e564a309883d214b02a6195,b90801209e564a309883d214b02a6195_i2_5,2,5,/mnt/priorbimda-data/PriorBIMDA-Datasets/Matterport3D/v1/scans/759xd9YjKW5/undistorted_color_images/b90801209e564a309883d214b02a6195_i2_5.jpg,/mnt/priorbimda-data/PriorBIMDA-Datasets/Matterport3D/v1/scans/759xd9YjKW5/undistorted_depth_images/b90801209e564a309883d214b02a6195_d2_5.png,1024,1280,406,504,1.4165615917841592,1235531,0.9426353454589844,-10.225199699401855,2.5948500633239746,1.8304699659347534,True,204624,1.0,True,,1.0,204624,1.133148431777954,0.12499998121263603,1.1200150808420137,0.011657830958773402,log-depth Laplacian fallback,,,,0.11596677553975004,0.04206981905291977,0.33131870717214384,0.3111638369577115,0.13564625832673063,-0.09556077834392138,0.11880985774242457,0.05159846561324533,9.627068629830196,0.9882949112567795,0.9907408231764319,0.9938431330334893,0.04658478891148988,0.019051012289625864,0.14969291706088828,0.08312363608328664,0.10067130530977564,0.02943920280608944,0.040339761046050894,0.01751933562359566,9.627068635319889,0.9825751033361364,0.9896125633432103,0.9918715111154637,0.04658478891148988,0.019051012289625864,0.14969291706088828,0.08312363608328664,0.10067130530977564,0.02943920280608944,0.040339761046050894,0.01751933562359566,9.627068635319889,0.9825751033361364,0.9896125633432103,0.9918715111154637,0.04803677287316992,0.01914228059612859,0.14919694092421742,0.08593837090616559,0.10096262832117646,0.028947947374215192,0.041833616353036555,0.01816810874018141,9.672367166490162,0.9827321208452074,0.9896174195548311,0.9918974109107744,0.04398415243450889,0.017613294231892555,0.13766516194357883,0.0718349815802904,0.09789903197026244,0.017781322115648847,0.03826289789333365,0.016617365416702362,9.627068632005281,0.9833941843628367,0.9897064501012115,0.992011531883862,0.011335581541061401,0.0612650103867054,0.017487572506070137,ok,
759xd9YjKW5,bbbe225834074bb0a3fb31a3e1e80685,bbbe225834074bb0a3fb31a3e1e80685_i0_0,0,0,/mnt/priorbimda-data/PriorBIMDA-Datasets/Matterport3D/v1/scans/759xd9YjKW5/undistorted_color_images/bbbe225834074bb0a3fb31a3e1e80685_i0_0.jpg,/mnt/priorbimda-data/PriorBIMDA-Datasets/Matterport3D/v1/scans/759xd9YjKW5/undistorted_depth_images/bbbe225834074bb0a3fb31a3e1e80685_d0_0.png,1024,1280,406,504,1.4155678118069965,1209760,0.9229736328125,-11.794699668884277,-7.980010032653809,1.565940022468567,True,150398,0.7349968723121433,True,,1.0,150398,1.1364730596542358,0.12792965936978767,1.2566789341544182,0.10054281530096748,log-depth Laplacian fallback,,,,0.19545162558414134,0.06342160145013516,0.3151931122855737,0.2832274902887882,0.23362155279992605,-0.2195333550865482,0.22043565172441118,0.09573398715865875,7.990078808805443,0.4646582793281312,0.999971068641714,1.0,0.09765352593102877,0.019889286810936133,0.1784348656383869,0.14738047146048083,0.12155399209078371,-0.09160369569545251,0.10417553016177598,0.04524285789860509,7.990078803204162,0.9786610567385267,1.0,1.0,0.09765352593102877,0.019889286810936133,0.1784348656383869,0.14738047146048083,0.12155399209078371,-0.09160369569545251,0.10417553016177598,0.04524285789860509,7.990078803204162,0.9786610567385267,1.0,1.0,0.09989149751459232,0.02176388646734208,0.18708741895835956,0.1520219271260328,0.1276213317432775,-0.09550025582557926,0.10713520991558342,0.046528230483884436,8.465757764770148,0.9271640655997884,1.0,1.0,0.06469659169733244,0.008327237201308341,0.10309520361299461,0.0817157517418496,0.08039927775777546,0.008939123360320236,0.06353078946581585,0.027591071295961084,7.990078809073728,0.9937566128818939,1.0,1.0,0.009497839026153088,0.05791291128844023,0.017623490653932095,ok,
759xd9YjKW5,bbbe225834074bb0a3fb31a3e1e80685,bbbe225834074bb0a3fb31a3e1e80685_i0_1,0,1,/mnt/priorbimda-data/PriorBIMDA-Datasets/Matterport3D/v1/scans/759xd9YjKW5/undistorted_color_images/bbbe225834074bb0a3fb31a3e1e80685_i0_1.jpg,/mnt/priorbimda-data/PriorBIMDA-Datasets/Matterport3D/v1/scans/759xd9YjKW5/undistorted_depth_images/bbbe225834074bb0a3fb31a3e1e80685_d0_1.png,1024,1280,406,504,1.4155678118069965,1226918,0.9360641479492188,-11.793299674987793,-7.965529918670654,1.5661900043487549,True,134780,0.6586715145828447,True,,1.0,134780,0.9842560887336731,-0.0158691630116402,1.079120614221278,0.09201562637795305,log-depth Laplacian fallback,,,,0.09989394588483078,0.026188489916190185,0.21641998070314183,0.16467350532880365,0.13786008537527508,-0.08304638932372199,0.10787624559883582,0.04685005819201433,11.003953998436621,0.8870071186501461,1.0,1.0,0.10607014029148773,0.02984736731209125,0.23172042171098886,0.17646626275232613,0.14796278888832842,-0.09891555244737399,0.11568499540626619,0.050241355143944455,11.00395400737519,0.860288136615487,1.0,1.0,0.10607014029148773,0.02984736731209125,0.23172042171098886,0.17646626275232613,0.14796278888832842,-0.09891555244737399,0.11568499540626619,0.050241355143944455,11.00395400737519,0.860288136615487,1.0,1.0,0.10942299454202865,0.03321686526001521,0.24490089869370216,0.18377774068423272,0.1565943725815924,-0.11001375419990127,0.12040503989187164,0.05229124441838078,11.143954150599457,0.8417661163989769,1.0,1.0,0.09087995394211645,0.01815828666048306,0.1726997594186602,0.14246185411691176,0.11025565318362515,-0.00689990578304641,0.09180850590194631,0.0398719275049974,11.003953998055842,0.9604309334446148,0.9999176799101488,1.0,0.009108309634029865,0.057678746059536934,0.01746487431228161,ok,
759xd9YjKW5,bbbe225834074bb0a3fb31a3e1e80685,bbbe225834074bb0a3fb31a3e1e80685_i0_4,0,4,/mnt/priorbimda-data/PriorBIMDA-Datasets/Matterport3D/v1/scans/759xd9YjKW5/undistorted_color_images/bbbe225834074bb0a3fb31a3e1e80685_i0_4.jpg,/mnt/priorbimda-data/PriorBIMDA-Datasets/Matterport3D/v1/scans/759xd9YjKW5/undistorted_depth_images/bbbe225834074bb0a3fb31a3e1e80685_d0_4.png,1024,1280,406,504,1.4155678118069965,1249335,0.9531669616699219,-11.769700050354004,-7.982460021972656,1.5667200088500977,True,57777,0.2823569082805536,True,,1.0,57777,0.8688150644302368,-0.14062499059938757,0.9395999178829249,0.07832387700622415,log-depth Laplacian fallback,,,,0.09368367489401193,0.026069842550669485,0.23821134439692335,0.2141002576336958,0.10587285564301521,0.06165650737027253,0.0887988671603639,0.038564858007005945,8.606704747408422,0.9863319285860077,1.0,1.0,0.08909155867376635,0.03425230472111435,0.3214890340585637,0.2578844843947886,0.11680564191585814,-0.07896848326149485,0.09506323381197408,0.04128543787641898,8.606704732215857,0.9403346580380763,1.0,1.0,0.08909155867376635,0.03425230472111435,0.3214890340585637,0.2578844843947886,0.11680564191585814,-0.07896848326149485,0.09506323381197408,0.04128543787641898,8.606704732215857,0.9403346580380763,1.0,1.0,0.0933274282397035,0.03714780365183149,0.3349576377148344,0.2701869262501087,0.12208152995642196,-0.08478028381421583,0.0999144347949949,0.04339228769394857,8.784192298032737,0.915712759187888,1.0,1.0,0.0695063870626301,0.01715739313002015,0.20751528713786893,0.16931258181792214,0.08606946120949543,-0.0006445920056022936,0.0695377126070258,0.030199844869405468,8.606704743419025,0.9994917296001473,1.0,1.0,0.010021338239312172,0.05904773063957691,0.017445453442633152,ok,
759xd9YjKW5,bbbe225834074bb0a3fb31a3e1e80685,bbbe225834074bb0a3fb31a3e1e80685_i0_5,0,5,/mnt/priorbimda-data/PriorBIMDA-Datasets/Matterport3D/v1/scans/759xd9YjKW5/undistorted_color_images/bbbe225834074bb0a3fb31a3e1e80685_i0_5.jpg,/mnt/priorbimda-data/PriorBIMDA-Datasets/Matterport3D/v1/scans/759xd9YjKW5/undistorted_depth_images/bbbe225834074bb0a3fb31a3e1e80685_d0_5.png,1024,1280,406,504,1.4155678118069965,1240463,0.9463981628417969,-11.782899856567383,-7.988470077514648,1.5662000179290771,True,118001,0.576672335600907,True,,1.0,118001,1.0603444576263428,0.058593815360754274,1.089663963557363,0.02727554303472409,log-depth Laplacian fallback,,,,0.08873197626880498,0.01640756744932545,0.17940455854818593,0.16585085730278315,0.09809395166320126,-0.0925538710461263,0.09332233250619269,0.040529374045779935,3.2499297027466456,0.9996106292569791,0.9998718220535396,1.0,0.03634563373448329,0.004078622593602365,0.09114043829808405,0.0694095574425716,0.04700520925746656,-0.03396005577967992,0.03729442127241884,0.016196761364386743,3.249929705054016,0.9991882063390847,1.0,1.0,0.03634563373448329,0.004078622593602365,0.09114043829808405,0.0694095574425716,0.04700520925746656,-0.03396005577967992,0.03729442127241884,0.016196761364386743,3.249929705054016,0.9991882063390847,1.0,1.0,0.043432058869301474,0.0062426105799183425,0.11302983167871554,0.08342718843655281,0.058720458696564067,-0.04283299478731619,0.04499818238959382,0.019542462307476676,4.0167484699500795,0.9992083601042514,1.0,1.0,0.024361831574600916,0.0021005800880734746,0.06494845207763374,0.046587987284218764,0.03317961400988381,-0.006684495361942241,0.02453833733427212,0.01065686449935494,3.249929703241365,0.9991333880978313,1.0,1.0,0.00918653141707182,0.058764176443219185,0.01746662985533476,ok,
759xd9YjKW5,bbbe225834074bb0a3fb31a3e1e80685,bbbe225834074bb0a3fb31a3e1e80685_i1_0,1,0,/mnt/priorbimda-data/PriorBIMDA-Datasets/Matterport3D/v1/scans/759xd9YjKW5/undistorted_color_images/bbbe225834074bb0a3fb31a3e1e80685_i1_0.jpg,/mnt/priorbimda-data/PriorBIMDA-Datasets/Matterport3D/v1/scans/759xd9YjKW5/undistorted_depth_images/bbbe225834074bb0a3fb31a3e1e80685_d1_0.png,1024,1280,406,504,1.4121168655554452,1305865,0.9962959289550781,-11.785799980163574,-7.975910186767578,1.599560022354126,True,204624,1.0,True,,1.0,204624,1.084959864616394,0.08154299517126988,0.9434896167577922,0.13971291443154515,log-depth Laplacian fallback,,,,0.07644011750267728,0.013179279235691028,0.1377571077933383,0.08571278088656221,0.10806350041436025,0.024507889018473422,0.07856754093297459,0.034121449483898704,10.524772442985467,0.913152584685247,1.0,1.0,0.1530528406567043,0.02457884821812505,0.16357044270745624,0.15146032058569117,0.14941175839243173,0.10605088414198412,0.14586833132942992,0.06334981138080666,10.524772452942559,0.945601574435336,1.0,1.0,0.1530528406567043,0.02457884821812505,0.16357044270745624,0.15146032058569117,0.14941175839243173,0.10605088414198412,0.14586833132942992,0.06334981138080666,10.524772452942559,0.945601574435336,1.0,1.0,0.14447109925426185,0.022166859977396473,0.15632424471909187,0.14346772027982513,0.14217201247855796,0.09887568149407595,0.1383419535965869,0.06008114706271344,10.215909524504067,0.9480558863282192,1.0,1.0,0.04093361255790314,0.013617096766159301,0.14705307439936147,0.05628317854013218,0.11049984695380984,-0.03366203617435747,0.04624504511188439,0.02008396790745834,10.524772442866233,0.913152584685247,1.0,1.0,0.00889393500983715,0.057967222295701504,0.017450240440666676,ok,
759xd9YjKW5,bbbe225834074bb0a3fb31a3e1e80685,bbbe225834074bb0a3fb31a3e1e80685_i1_1,1,1,/mnt/priorbimda-data/PriorBIMDA-Datasets/Matterport3D/v1/scans/759xd9YjKW5/undistorted_color_images/bbbe225834074bb0a3fb31a3e1e80685_i1_1.jpg,/mnt/priorbimda-data/PriorBIMDA-Datasets/Matterport3D/v1/scans/759xd9YjKW5/undistorted_depth_images/bbbe225834074bb0a3fb31a3e1e80685_d1_1.png,1024,1280,406,504,1.4121168655554452,1044282,0.7967239379882812,-11.785400390625,-7.972430229187012,1.59961998462677,True,204624,1.0,True,,1.0,204624,1.0564683675765991,0.05493161685583909,1.1603872855461657,0.09382219939144215,log-depth Laplacian fallback,,,,0.12552061689817642,0.026861759005473246,0.21697738525407703,0.1893439401668803,0.14426177142203161,-0.11783486366645646,0.1348215009572055,0.05855223390762833,8.322501786440249,0.9980177768074141,0.9996523927444886,1.0,0.09387205819400611,0.013704023003739605,0.14980894475206472,0.13132685653899998,0.1043226822625352,-0.06290324682833587,0.09715867934019727,0.04219547830645514,8.322501771044168,0.9989150440206764,0.9997471947232645,1.0,0.09387205819400611,0.013704023003739605,0.14980894475206472,0.13132685653899998,0.1043226822625352,-0.06290324682833587,0.09715867934019727,0.04219547830645514,8.322501771044168,0.9989150440206764,0.9997471947232645,1.0,0.09607711264416732,0.014298417843185767,0.15397754334951574,0.13520940964558906,0.10624872774982261,-0.0660822036662123,0.09955140156578464,0.04323462436575504,8.319816408475107,0.9988978072972626,0.9997433643402835,1.0,0.0602119424071037,0.008762646403545292,0.09856425967004172,0.06880080231585481,0.08878279561639194,0.030918945730363624,0.056575751222913716,0.024570536565642585,8.322501782748294,0.9684692448974511,0.9999990424042547,1.0,0.007964332588016987,0.05851901043206453,0.01747626718133688,ok,
759xd9YjKW5,bbbe225834074bb0a3fb31a3e1e80685,bbbe225834074bb0a3fb31a3e1e80685_i1_2,1,2,/mnt/priorbimda-data/PriorBIMDA-Datasets/Matterport3D/v1/scans/759xd9YjKW5/undistorted_color_images/bbbe225834074bb0a3fb31a3e1e80685_i1_2.jpg,/mnt/priorbimda-data/PriorBIMDA-Datasets/Matterport3D/v1/scans/759xd9YjKW5/undistorted_depth_images/bbbe225834074bb0a3fb31a3e1e80685_d1_2.png,1024,1280,406,504,1.4121168655554452,1162118,0.8866256713867188,-11.78219985961914,-7.970980167388916,1.5997400283813477,True,180716,0.8831613105012119,True,,1.0,180716,0.9380379915237427,-0.06396482810556697,0.9767039312954349,0.04039311664855473,log-depth Laplacian fallback,,,,0.05452507615952523,0.04365061035692938,0.38436788268800354,0.19711416603432744,0.09505438281800463,0.04208626304539123,0.04946056339452504,0.0214804497540682,8.52295849795475,0.9571971176765183,0.9926909315577248,0.9960632224954781,0.058208262256441594,0.03723511532215737,0.38106236282019545,0.25091824220171505,0.08799291862922033,-0.0218785649137608,0.056232494027013996,0.024421461859589745,8.522958480599883,0.9781037725945214,0.9939128384553032,0.996976210677401,0.058208262256441594,0.03723511532215737,0.38106236282019545,0.25091824220171505,0.08799291862922033,-0.0218785649137608,0.056232494027013996,0.024421461859589745,8.522958480599883,0.9781037725945214,0.9939128384553032,0.996976210677401,0.06195131697438673,0.03936748324483154,0.39768092939003347,0.2711045756047249,0.09049631243292189,-0.028452146016705322,0.06042114578168405,0.02624057020325736,8.590726366845294,0.9783808528910145,0.99407461204456,0.9969546982320212,0.04326005530402448,0.036801179035570335,0.35336748993659656,0.15560670613802693,0.08721737885959582,0.018514562370590675,0.03931655844202911,0.017074964378799958,8.522958497707107,0.9649338535329459,0.9932184167184399,0.9963575127482751,0.008326050825417042,0.05794639606028795,0.01744783017784357,ok,
759xd9YjKW5,bbbe225834074bb0a3fb31a3e1e80685,bbbe225834074bb0a3fb31a3e1e80685_i1_3,1,3,/mnt/priorbimda-data/PriorBIMDA-Datasets/Matterport3D/v1/scans/759xd9YjKW5/undistorted_color_images/bbbe225834074bb0a3fb31a3e1e80685_i1_3.jpg,/mnt/priorbimda-data/PriorBIMDA-Datasets/Matterport3D/v1/scans/759xd9YjKW5/undistorted_depth_images/bbbe225834074bb0a3fb31a3e1e80685_d1_3.png,1024,1280,406,504,1.4121168655554452,1077206,0.8218429565429688,-11.779399871826172,-7.973020076751709,1.599810004234314,True,92021,0.44970775666588475,True,,1.0,92021,0.9325577616691589,-0.06982418657379348,1.00000687121044,0.06983105776062679,log-depth Laplacian fallback,,,,0.05750335804020289,0.054144541993656405,0.4253180051115725,0.23742775806438862,0.10240087963299478,0.0074038539080796,0.05306099501913963,0.02304409734110827,10.213286981632749,0.9732196070203842,0.9897921103298719,0.9960833860932821,0.09105775957503323,0.06849046942565731,0.5514280200988226,0.4107633062539624,0.11969720554972954,-0.06242033249172405,0.0914617381477395,0.03972132818284339,10.213286987075621,0.9700790749401693,0.9921621305488458,0.9962801915325388,0.09105775957503323,0.06849046942565731,0.5514280200988226,0.4107633062539624,0.11969720554972954,-0.06242033249172405,0.0914617381477395,0.03972132818284339,10.213286987075621,0.9700790749401693,0.9921621305488458,0.9962801915325388,0.09339254302982905,0.06977091912961977,0.5532666952468213,0.4205512072213636,0.12105925862866308,-0.06745402455434209,0.09407609910239502,0.0408567307191536,10.052511462885159,0.970949846176126,0.9920590861914991,0.9962560550164036,0.05750375507209782,0.05414518077384862,0.4253151343473699,0.23742638044737033,0.1024013796826475,0.007410768131945363,0.053060994463831807,0.023044097099941145,10.213286971687555,0.9732196070203842,0.9897911820023283,0.9960833860932821,0.010443808510899544,0.06188633572310209,0.017466195859014988,ok,
759xd9YjKW5,bbbe225834074bb0a3fb31a3e1e80685,bbbe225834074bb0a3fb31a3e1e80685_i1_4,1,4,/mnt/priorbimda-data/PriorBIMDA-Datasets/Matterport3D/v1/scans/759xd9YjKW5/undistorted_color_images/bbbe225834074bb0a3fb31a3e1e80685_i1_4.jpg,/mnt/priorbimda-data/PriorBIMDA-Datasets/Matterport3D/v1/scans/759xd9YjKW5/undistorted_depth_images/bbbe225834074bb0a3fb31a3e1e80685_d1_4.png,1024,1280,406,504,1.4121168655554452,1297942,0.9902511596679687,-11.77970027923584,-7.976500034332275,1.59975004196167,True,190981,0.9333264915161467,True,,1.0,190981,1.1325953006744385,0.12451172554048594,1.0539632098336091,0.07195418131172461,log-depth Laplacian fallback,,,,0.05258889415160373,0.007893123025154842,0.1473199094482322,0.12747147309749832,0.05935530098712807,-0.05067425246062073,0.05409011973676884,0.023491040527164865,3.0905855316263944,0.9980407445016803,1.0,1.0,0.07809110619716168,0.017771266333839537,0.22197826039228402,0.19486550802193106,0.08004463958876584,0.07383747311597852,0.07481449461163807,0.03249152217621496,3.0905855282495747,0.9943965138657967,0.9999953772972906,1.0,0.07809110619716168,0.017771266333839537,0.22197826039228402,0.19486550802193106,0.08004463958876584,0.07383747311597852,0.07481449461163807,0.03249152217621496,3.0905855282495747,0.9943965138657967,0.9999953772972906,1.0,0.07749454240721809,0.01696151734014165,0.21219888968556694,0.1878528071026137,0.08002050672708932,0.07312639173236556,0.07422258443719916,0.03223445885367377,3.249326590333399,0.9940505816130459,0.9999953772972906,1.0,0.016654727878165965,0.002420262208275842,0.07843824794761907,0.038629022841676026,0.03096318119393738,0.0018832675900553146,0.01649530259393465,0.007163818893870215,3.090585531631255,0.9968457758513092,1.0,1.0,0.008620861917734146,0.05831083655357361,0.01747041754424572,ok,
759xd9YjKW5,bbbe225834074bb0a3fb31a3e1e80685,bbbe225834074bb0a3fb31a3e1e80685_i1_5,1,5,/mnt/priorbimda-data/PriorBIMDA-Datasets/Matterport3D/v1/scans/759xd9YjKW5/undistorted_color_images/bbbe225834074bb0a3fb31a3e1e80685_i1_5.jpg,/mnt/priorbimda-data/PriorBIMDA-Datasets/Matterport3D/v1/scans/759xd9YjKW5/undistorted_depth_images/bbbe225834074bb0a3fb31a3e1e80685_d1_5.png,1024,1280,406,504,1.4121168655554452,1300661,0.9923255920410157,-11.782899856567383,-7.977950096130371,1.59961998462677,True,204624,1.0,True,,1.0,204624,0.8620538711547852,-0.14843751473201489,0.8863900134754283,0.027839285293407012,log-depth Laplacian fallback,,,,0.12083654752906818,0.07900857605920877,0.3949672415758145,0.24196886464243766,0.15362544312062515,0.08095712558593224,0.1075117933581296,0.04669177859495839,13.056309046155437,0.9774814498166702,0.9851498584181427,0.9904102606290186,0.09710394387761744,0.08839397267609433,0.5910899299522593,0.39834215733882566,0.14697048527079506,-0.06748038931364435,0.0992159884987035,0.04308895632156343,13.056309049196093,0.9540987236489754,0.9885558189259154,0.9930796725664873,0.09710394387761744,0.08839397267609433,0.5910899299522593,0.39834215733882566,0.14697048527079506,-0.06748038931364435,0.0992159884987035,0.04308895632156343,13.056309049196093,0.9540987236489754,0.9885558189259154,0.9930796725664873,0.09330343022913104,0.07477286163910878,0.5271578765720121,0.36079845442748143,0.13555917656520605,-0.06518512670747498,0.09409551390978511,0.0408651624628703,11.885785462966735,0.9632971235394926,0.988841827347787,0.9932749578867975,0.09432104683641135,0.07724231360576693,0.5283297221254581,0.3580116668555278,0.1364482912839933,-0.03964108475936739,0.09379931110667544,0.040736523219955564,13.056309047132014,0.9665085675667987,0.9878823152227982,0.9926744939688359,0.007797387428581715,0.05882008094340563,0.017490235157310963,ok,
759xd9YjKW5,bbbe225834074bb0a3fb31a3e1e80685,bbbe225834074bb0a3fb31a3e1e80685_i2_0,2,0,/mnt/priorbimda-data/PriorBIMDA-Datasets/Matterport3D/v1/scans/759xd9YjKW5/undistorted_color_images/bbbe225834074bb0a3fb31a3e1e80685_i2_0.jpg,/mnt/priorbimda-data/PriorBIMDA-Datasets/Matterport3D/v1/scans/759xd9YjKW5/undistorted_depth_images/bbbe225834074bb0a3fb31a3e1e80685_d2_0.png,1024,1280,406,504,1.4165615917841592,1216572,0.9281707763671875,-11.796899795532227,-7.980949878692627,1.632390022277832,True,204624,1.0,True,,1.0,204624,1.1933420896530151,0.17675784941563585,1.2913027899360392,0.07889377401630229,log-depth Laplacian fallback,,,,0.21660934899127846,0.0617549830968457,0.293316511446055,0.2855517777335088,0.2469552158167146,-0.242900213226973,0.24454866076326193,0.10620613392631491,4.4568655278919245,0.16504325268048253,0.9999416392946738,1.0,0.07103957768657847,0.00764393695455535,0.10024895398329628,0.08996644989808626,0.07975698921104005,-0.06614236384079374,0.07344141993145645,0.03189520341937104,4.4568655281060705,0.9949119328736812,1.0,1.0,0.07103957768657847,0.00764393695455535,0.10024895398329628,0.08996644989808626,0.07975698921104005,-0.06614236384079374,0.07344141993145645,0.03189520341937104,4.4568655281060705,0.9949119328736812,1.0,1.0,0.06868556340948899,0.007425313345826931,0.09990135046092062,0.0876898055809952,0.07764220954099015,-0.06513882136212364,0.07097420221374746,0.03082370437891609,4.225217928060476,0.9949102889101508,1.0,1.0,0.02492264896619914,0.004293788967933082,0.0840808502490605,0.03970632227059693,0.04635691639285604,0.012751418113441897,0.023848457049352952,0.01035725329844069,4.4568655280930685,0.9942584573703817,0.9990991079853885,1.0,0.008957795798778534,0.05832826066762209,0.017453291453421116,ok,
759xd9YjKW5,bbbe225834074bb0a3fb31a3e1e80685,bbbe225834074bb0a3fb31a3e1e80685_i2_1,2,1,/mnt/priorbimda-data/PriorBIMDA-Datasets/Matterport3D/v1/scans/759xd9YjKW5/undistorted_color_images/bbbe225834074bb0a3fb31a3e1e80685_i2_1.jpg,/mnt/priorbimda-data/PriorBIMDA-Datasets/Matterport3D/v1/scans/759xd9YjKW5/undistorted_depth_images/bbbe225834074bb0a3fb31a3e1e80685_d2_1.png,1024,1280,406,504,1.4165615917841592,1179739,0.9000694274902343,-11.795499801635742,-7.966469764709473,1.6326500177383423,True,204624,1.0,True,,1.0,204624,1.0209687948226929,0.02075197536844018,1.033451755410092,0.012152442898008424,log-depth Laplacian fallback,,,,0.04375408520743216,0.00533327250039082,0.09266731133350303,0.06718090540041435,0.05918487179351045,-0.026492984834111822,0.044270701132696336,0.019226521211918052,5.292419865991161,0.9940630936164694,0.9987760004543378,0.999975418291673,0.038733563963999275,0.00532790841443518,0.10017141414794312,0.06651874310044882,0.05323466894829272,-0.005741009313302816,0.03840381026672695,0.016678562882898963,5.292419853052941,0.9933307282373474,0.9986098620118518,0.9998974349411184,0.038733563963999275,0.00532790841443518,0.10017141414794312,0.06651874310044882,0.05323466894829272,-0.005741009313302816,0.03840381026672695,0.016678562882898963,5.292419853052941,0.9933307282373474,0.9986098620118518,0.9998974349411184,0.04042851353186868,0.005432326093608571,0.10032358177113619,0.06884020068676702,0.054032252704321715,-0.009592109464981381,0.04018635883662816,0.017452713890531588,5.317401403237766,0.9933154706252824,0.9985725656268039,0.9998965872960036,0.038134062263744856,0.006053007975357547,0.11121427883825695,0.07085447382754817,0.05331114125501953,0.006411472303522016,0.037339076775206835,0.01621615500283419,5.292419866954828,0.9929798031598515,0.9985166210492321,0.9998389474282023,0.008285689167678356,0.05794947687536478,0.01742415316402912,ok,
759xd9YjKW5,bbbe225834074bb0a3fb31a3e1e80685,bbbe225834074bb0a3fb31a3e1e80685_i2_2,2,2,/mnt/priorbimda-data/PriorBIMDA-Datasets/Matterport3D/v1/scans/759xd9YjKW5/undistorted_color_images/bbbe225834074bb0a3fb31a3e1e80685_i2_2.jpg,/mnt/priorbimda-data/PriorBIMDA-Datasets/Matterport3D/v1/scans/759xd9YjKW5/undistorted_depth_images/bbbe225834074bb0a3fb31a3e1e80685_d2_2.png,1024,1280,406,504,1.4165615917841592,1239610,0.9457473754882812,-11.782299995422363,-7.960460186004639,1.6331599950790405,True,204624,1.0,True,,1.0,204624,1.0812578201293945,0.07812501172741114,1.0646047817497166,0.015521378388157925,log-depth Laplacian fallback,,,,0.06655900338138701,0.019017865737143633,0.19462475922967085,0.1286116313066325,0.08840759750519947,-0.04890601261085923,0.06675185890466152,0.02898996397907896,7.364852494889377,0.9855381934640733,0.9958962899621655,0.9975500358983874,0.043708179690353226,0.022083991174496026,0.2247831163223823,0.10532432479211234,0.07923291690816654,0.029218999110863574,0.04019773669534024,0.01745765523178613,7.364852485105033,0.9799291712716096,0.9940126330055421,0.9971208686603045,0.043708179690353226,0.022083991174496026,0.2247831163223823,0.10532432479211234,0.07923291690816654,0.029218999110863574,0.04019773669534024,0.01745765523178613,7.364852485105033,0.9799291712716096,0.9940126330055421,0.9971208686603045,0.04540916910241351,0.02312010839988246,0.23035598971163426,0.10973400156037566,0.08109452187899552,0.03138354576421467,0.04168633198777229,0.01810414395307653,7.477562794151798,0.9796282701817507,0.9938399980639072,0.9970902138575842,0.040059822214076925,0.01925749218203307,0.20589239588711777,0.09061549905501218,0.0749114775281879,0.013697599604547897,0.03719142283396421,0.016152029710921265,7.364852497185324,0.9807439436596994,0.9945394115891288,0.9971966989617702,0.00849945843219757,0.05774861387908459,0.017407353967428207,ok,
759xd9YjKW5,bbbe225834074bb0a3fb31a3e1e80685,bbbe225834074bb0a3fb31a3e1e80685_i2_3,2,3,/mnt/priorbimda-data/PriorBIMDA-Datasets/Matterport3D/v1/scans/759xd9YjKW5/undistorted_color_images/bbbe225834074bb0a3fb31a3e1e80685_i2_3.jpg,/mnt/priorbimda-data/PriorBIMDA-Datasets/Matterport3D/v1/scans/759xd9YjKW5/undistorted_depth_images/bbbe225834074bb0a3fb31a3e1e80685_d2_3.png,1024,1280,406,504,1.4165615917841592,1257716,0.9595611572265625,-11.770400047302246,-7.9689202308654785,1.633430004119873,True,182352,0.891156462585034,True,,1.0,182352,1.1123170852661133,0.10644530380185499,1.0760163167466286,0.03317967791457263,log-depth Laplacian fallback,,,,0.0734038980916692,0.015949923188977092,0.19876511371781144,0.17093463034191533,0.08452184632010461,-0.06654611488175582,0.07552412111542059,0.03279970905102004,5.211100746966553,0.9889299333076783,0.9992947533465425,1.0,0.045221110713651376,0.014130326915746673,0.19373695342724437,0.11953549017245109,0.06563156527483198,0.039899188844190865,0.042961946944459796,0.01865813648979917,5.211100737848125,0.9840560190058805,0.9960730403366101,1.0,0.045221110713651376,0.014130326915746673,0.19373695342724437,0.11953549017245109,0.06563156527483198,0.039899188844190865,0.042961946944459796,0.01865813648979917,5.211100737848125,0.9840560190058805,0.9960730403366101,1.0,0.04438036754018655,0.014372858957170054,0.19137120449088468,0.11512771222259427,0.06687971045980966,0.03938421441126567,0.04201644644781933,0.018247510841471415,5.405348579319772,0.9839311895531264,0.9958504145609979,1.0,0.026418106070225236,0.008671377386710078,0.14627369777527452,0.0635013533812562,0.05254244767560609,0.006719501819312551,0.02526669550403989,0.01097318643333423,5.2111007503636495,0.9857455896243668,0.9970001176736243,1.0,0.008130776695907116,0.05860871262848377,0.017493092454969883,ok,
759xd9YjKW5,bbbe225834074bb0a3fb31a3e1e80685,bbbe225834074bb0a3fb31a3e1e80685_i2_4,2,4,/mnt/priorbimda-data/PriorBIMDA-Datasets/Matterport3D/v1/scans/759xd9YjKW5/undistorted_color_images/bbbe225834074bb0a3fb31a3e1e80685_i2_4.jpg,/mnt/priorbimda-data/PriorBIMDA-Datasets/Matterport3D/v1/scans/759xd9YjKW5/undistorted_depth_images/bbbe225834074bb0a3fb31a3e1e80685_d2_4.png,1024,1280,406,504,1.4165615917841592,1244696,0.949627685546875,-11.77180004119873,-7.983399868011475,1.633180022239685,True,204623,0.9999951129877238,True,,1.0,204623,1.087080955505371,0.08349608145176436,1.0567513867381615,0.028296608720854398,log-depth Laplacian fallback,,,,0.05733018703069398,0.008962608370132531,0.13652779134441714,0.1125506528406521,0.06995525036156547,-0.05040860175694603,0.05913758239289484,0.025683125706333146,4.850474123277973,0.9965413241466189,0.9999043943260041,1.0,0.04324483281733095,0.009083258037211465,0.14925511566453328,0.10096792597587632,0.05871534075812851,0.03308747973362813,0.04173346734086483,0.018124614576827177,4.850474126536389,0.9871438487791396,1.0,1.0,0.04324483281733095,0.009083258037211465,0.14925511566453328,0.10096792597587632,0.05871534075812851,0.03308747973362813,0.04173346734086483,0.018124614576827177,4.850474126536389,0.9871438487791396,1.0,1.0,0.042986241376430694,0.009121259136311368,0.14890382856621573,0.09979344149696333,0.05884879356543613,0.033213350277367555,0.04142461584251583,0.01799048207536663,4.858038562486104,0.9861058443186127,1.0,1.0,0.0333349298701336,0.005700610387753025,0.11570327900369497,0.07396099566744829,0.04874076547503186,0.004790855527507525,0.03286746499593937,0.014274158681884768,4.850474123636377,0.9930585460224826,0.9999967863638993,1.0,0.009188910946249962,0.05833064764738083,0.01746423728764057,ok,
759xd9YjKW5,bbbe225834074bb0a3fb31a3e1e80685,bbbe225834074bb0a3fb31a3e1e80685_i2_5,2,5,/mnt/priorbimda-data/PriorBIMDA-Datasets/Matterport3D/v1/scans/759xd9YjKW5/undistorted_color_images/bbbe225834074bb0a3fb31a3e1e80685_i2_5.jpg,/mnt/priorbimda-data/PriorBIMDA-Datasets/Matterport3D/v1/scans/759xd9YjKW5/undistorted_depth_images/bbbe225834074bb0a3fb31a3e1e80685_d2_5.png,1024,1280,406,504,1.4165615917841592,1255985,0.9582405090332031,-11.785099983215332,-7.989419937133789,1.6326600313186646,True,204624,1.0,True,,1.0,204624,1.1521174907684326,0.141601545587489,1.1377818546791447,0.012520920104674316,log-depth Laplacian fallback,,,,0.11865265662304113,0.03315762331603657,0.257675182750532,0.23442622223897433,0.1367234125001234,-0.11563624834547535,0.12557563922924875,0.05453680717873621,7.294895197507943,0.986423404738114,0.9969147720713225,0.9992101816502585,0.04597335897274182,0.02281842646332507,0.2517342694764582,0.12370598677289091,0.07743220427822899,0.0259652972619539,0.04295333937026067,0.018654398267821892,7.294895199715862,0.9828532984072262,0.9955270166443071,0.997878955560775,0.04597335897274182,0.02281842646332507,0.2517342694764582,0.12370598677289091,0.07743220427822899,0.0259652972619539,0.04295333937026067,0.018654398267821892,7.294895199715862,0.9828532984072262,0.9955270166443071,0.997878955560775,0.04156740914444032,0.019983329361565612,0.23292602041630053,0.10964221943269357,0.07291052776920945,0.018749102264961473,0.03894120176884758,0.01691194904689166,7.045861355322483,0.9832705008419687,0.9956400753193708,0.9979896256722811,0.042890719738761345,0.020168714705303393,0.23305351326233775,0.11090683768535761,0.07417749636913944,0.013444380442988901,0.04042198775990026,0.017555046231685467,7.294895202878429,0.9833501196272249,0.995648833385749,0.9979744981030825,0.009005844593048096,0.059389437548816204,0.017441611737012863,ok,
759xd9YjKW5,c742bd01328e48a0acc256a1ce2a48fc,c742bd01328e48a0acc256a1ce2a48fc_i0_0,0,0,/mnt/priorbimda-data/PriorBIMDA-Datasets/Matterport3D/v1/scans/759xd9YjKW5/undistorted_color_images/c742bd01328e48a0acc256a1ce2a48fc_i0_0.jpg,/mnt/priorbimda-data/PriorBIMDA-Datasets/Matterport3D/v1/scans/759xd9YjKW5/undistorted_depth_images/c742bd01328e48a0acc256a1ce2a48fc_d0_0.png,1024,1280,406,504,1.4155678118069965,1111235,0.8478050231933594,-10.260700225830078,3.5917398929595947,2.522200107574463,True,123840,0.6052076002814919,True,,1.0,123840,0.8058801293373108,-0.21582027044241917,0.7719568974556785,0.04300629238492046,log-depth Laplacian fallback,,,,0.28662200396199017,0.06313152687234704,0.22017804994854595,0.1901513366960823,0.2644910464610308,0.2412897883155563,0.25103810847902397,0.10902446525987002,10.83270590050573,0.34499633290888065,0.9924030470602527,0.9992656818764708,0.07714542574664197,0.010438816527159585,0.12802740143331734,0.05618592579250516,0.11128094199483897,0.02546951788700753,0.0775083667106364,0.03366145596376311,10.832705899202711,0.9924030470602527,0.9924030470602527,0.9924030470602527,0.07714542574664197,0.010438816527159585,0.12802740143331734,0.05618592579250516,0.11128094199483897,0.02546951788700753,0.0775083667106364,0.03366145596376311,10.832705899202711,0.9924030470602527,0.9924030470602527,0.9924030470602527,0.06666592536935394,0.009170340964846455,0.12489104215535018,0.04906417195167587,0.10380995883144954,0.013074430292467786,0.06791052028184548,0.029493164221584326,10.298333275396873,0.9924030470602527,0.9924030470602527,0.9924030470602527,0.06653259408418294,0.009287626576840508,0.12648718489020705,0.04728979651066851,0.10973736426762755,-0.017536744508798347,0.06992821100885624,0.0303694361705125,10.832705898545898,0.9924030470602527,0.9924030470602527,0.9924030470602527,0.00925605371594429,0.057260449044406414,0.01756014209240675,ok,
759xd9YjKW5,c742bd01328e48a0acc256a1ce2a48fc,c742bd01328e48a0acc256a1ce2a48fc_i0_4,0,4,/mnt/priorbimda-data/PriorBIMDA-Datasets/Matterport3D/v1/scans/759xd9YjKW5/undistorted_color_images/c742bd01328e48a0acc256a1ce2a48fc_i0_4.jpg,/mnt/priorbimda-data/PriorBIMDA-Datasets/Matterport3D/v1/scans/759xd9YjKW5/undistorted_depth_images/c742bd01328e48a0acc256a1ce2a48fc_d0_4.png,1024,1280,406,504,1.4155678118069965,1157191,0.8828666687011719,-10.237600326538086,3.6018199920654297,2.521899938583374,True,88652,0.4332434123074517,True,,1.0,88652,0.9971506595611572,-0.0028534075368460803,0.8711683107781935,0.13506667470963934,log-depth Laplacian fallback,,,,0.15351659791773495,0.050305385233911155,0.3480721241002419,0.2546222037663828,0.16417387702786324,0.07589052242650479,0.14246482787663167,0.061871688612117726,14.558052927569722,0.947502184168387,0.9960179434509947,1.0,0.15267566940109537,0.050077941352964145,0.35026040140432485,0.2571659448950158,0.16287452430885696,0.07303711510865446,0.1420607432182055,0.061696196874741475,14.558052921129802,0.9598337698789569,0.9966064374852552,1.0,0.15267566940109537,0.050077941352964145,0.35026040140432485,0.2571659448950158,0.16287452430885696,0.07303711510865446,0.1420607432182055,0.061696196874741475,14.558052921129802,0.9598337698789569,0.9966064374852552,1.0,0.15626777280623344,0.0608198377982939,0.40380795172450346,0.28781073325726914,0.1681981207219541,0.06698378508350986,0.14656866942493194,0.06365396435114982,15.428473790457437,0.9140064172638743,0.9852824641740214,1.0,0.12101592238329602,0.07672796061837807,0.5511679541511529,0.3794935274273993,0.15824460854910224,-0.062029554480387265,0.12867391360196906,0.05588237064223093,14.55805292812994,0.7948419923763665,0.9998297601692374,0.9999939508689577,0.009684428572654724,0.05857133865356445,0.017417595721781254,ok,
759xd9YjKW5,c742bd01328e48a0acc256a1ce2a48fc,c742bd01328e48a0acc256a1ce2a48fc_i0_5,0,5,/mnt/priorbimda-data/PriorBIMDA-Datasets/Matterport3D/v1/scans/759xd9YjKW5/undistorted_color_images/c742bd01328e48a0acc256a1ce2a48fc_i0_5.jpg,/mnt/priorbimda-data/PriorBIMDA-Datasets/Matterport3D/v1/scans/759xd9YjKW5/undistorted_depth_images/c742bd01328e48a0acc256a1ce2a48fc_d0_5.png,1024,1280,406,504,1.4155678118069965,1145999,0.8743278503417968,-10.246199607849121,3.5901100635528564,2.5217299461364746,True,151004,0.7379584017515052,True,,1.0,151004,1.266589879989624,0.2363281551658765,1.1168140929364632,0.12584808318615884,log-depth Laplacian fallback,,,,0.12343019990942611,0.014251124226507934,0.09915736584847586,0.08013282225517222,0.16088397564999404,-0.10639131212942589,0.13394475033740016,0.05817146595144164,12.068364563737271,0.8078113506207248,1.0,1.0,0.16001816978542321,0.02405625980679355,0.11886161174131259,0.09374926173599156,0.17733619344023926,0.12993684312080298,0.14316787693837496,0.062177018940140064,12.06836455518054,0.7584500510035349,0.9981230350113743,1.0,0.16001816978542321,0.02405625980679355,0.11886161174131259,0.09374926173599156,0.17733619344023926,0.12993684312080298,0.14316787693837496,0.062177018940140064,12.06836455518054,0.7584500510035349,0.9981230350113743,1.0,0.1558218157287351,0.022905029407633223,0.11636077303658207,0.09190355114359135,0.17328735391358524,0.1229588925774126,0.13997378995924087,0.06078984459038303,12.210494569225462,0.7532711634128826,0.9998804536478653,1.0,0.10159414653483115,0.009752222005375377,0.0792399702082369,0.06354373248048505,0.12075289066107496,0.004088798884549925,0.10024056483940595,0.043533924172619136,12.068364564715148,0.9572233483624332,1.0,1.0,0.009918108582496643,0.0581603329628706,0.017429105006158352,ok,
759xd9YjKW5,c742bd01328e48a0acc256a1ce2a48fc,c742bd01328e48a0acc256a1ce2a48fc_i1_0,1,0,/mnt/priorbimda-data/PriorBIMDA-Datasets/Matterport3D/v1/scans/759xd9YjKW5/undistorted_color_images/c742bd01328e48a0acc256a1ce2a48fc_i1_0.jpg,/mnt/priorbimda-data/PriorBIMDA-Datasets/Matterport3D/v1/scans/759xd9YjKW5/undistorted_depth_images/c742bd01328e48a0acc256a1ce2a48fc_d1_0.png,1024,1280,406,504,1.4121168655554452,1245906,0.9505508422851563,-10.253199577331543,3.5994300842285156,2.5555500984191895,True,200102,0.9779009304871373,True,,1.0,200102,0.9321025013923645,-0.07031249030918064,0.8347656819611298,0.11029172360920726,log-depth Laplacian fallback,,,,0.18993995994692042,0.04548874554677165,0.2920186532687247,0.20950096308307348,0.18380139803359818,0.15234180715145934,0.17348855783061737,0.07534512333919036,10.283446753366675,0.8826645027795035,0.9955702918197681,0.9995489226314024,0.12280282282951775,0.03154971905135919,0.31941791433867606,0.16858227655603214,0.13154366776324042,0.08202931683135914,0.11727627113270384,0.0509324374111229,10.28344675135058,0.9631280369466075,0.9969716816517458,0.9996115276754426,0.12280282282951775,0.03154971905135919,0.31941791433867606,0.16858227655603214,0.13154366776324042,0.08202931683135914,0.11727627113270384,0.0509324374111229,10.28344675135058,0.9631280369466075,0.9969716816517458,0.9996115276754426,0.10103739473632731,0.02776375047055117,0.31364322079743134,0.15104337213119207,0.11433658682493686,0.06328810474356886,0.09764503487065274,0.04240669982957512,9.522326860984862,0.9615372267249697,0.9969708790229761,0.9996051066452847,0.056077033342171206,0.03619974540848371,0.41699862957334843,0.15238771545523846,0.10664751271529098,-0.028262417872669775,0.059743440280665895,0.02594624644380966,10.28344674919297,0.9180451815787066,0.9972116676539,0.9993627127568211,0.00830602552741766,0.05705729406327009,0.017462989315390587,ok,
759xd9YjKW5,c742bd01328e48a0acc256a1ce2a48fc,c742bd01328e48a0acc256a1ce2a48fc_i1_1,1,1,/mnt/priorbimda-data/PriorBIMDA-Datasets/Matterport3D/v1/scans/759xd9YjKW5/undistorted_color_images/c742bd01328e48a0acc256a1ce2a48fc_i1_1.jpg,/mnt/priorbimda-data/PriorBIMDA-Datasets/Matterport3D/v1/scans/759xd9YjKW5/undistorted_depth_images/c742bd01328e48a0acc256a1ce2a48fc_d1_1.png,1024,1280,406,504,1.4121168655554452,584083,0.4456199645996094,-10.254599571228027,3.6026298999786377,2.5557000637054443,True,178692,0.8732699976542341,True,,1.0,178692,0.6545363664627075,-0.423828131443616,0.5092895599579208,0.2509104126644256,log-depth Laplacian fallback,,,,1.0014235608306994,0.6140194467520197,0.611806038915762,0.6113909920878625,0.6942036914504297,0.6930523269204457,0.6930523269204457,0.300988801251758,3.9965452250149633,0.0,0.0,0.42009611647659667,0.31000450519524336,0.059681482932548345,0.18997022370125632,0.18852517017797396,0.2721744013853713,0.2692241954337402,0.2692241954337402,0.11692258247171601,3.996545211229891,0.008435444962445407,1.0,1.0,0.31000450519524336,0.059681482932548345,0.18997022370125632,0.18852517017797396,0.2721744013853713,0.2692241954337402,0.2692241954337402,0.11692258247171601,3.996545211229891,0.008435444962445407,1.0,1.0,0.2588005346306127,0.04189333568585922,0.15924112141306995,0.1574570877399495,0.23261387405145287,0.22941479872925394,0.22941479872925394,0.09963358115506013,3.844560475842574,0.5251188615316659,1.0,1.0,0.03238855936871284,0.001198873796787344,0.026292365388649267,0.019056031181637487,0.04396171305923775,0.018313788142381333,0.03151015421815855,0.013684686100866742,3.996545231795492,1.0,1.0,1.0,0.008581302128732204,0.05906065087765455,0.017481046728789806,ok,
759xd9YjKW5,c742bd01328e48a0acc256a1ce2a48fc,c742bd01328e48a0acc256a1ce2a48fc_i1_2,1,2,/mnt/priorbimda-data/PriorBIMDA-Datasets/Matterport3D/v1/scans/759xd9YjKW5/undistorted_color_images/c742bd01328e48a0acc256a1ce2a48fc_i1_2.jpg,/mnt/priorbimda-data/PriorBIMDA-Datasets/Matterport3D/v1/scans/759xd9YjKW5/undistorted_depth_images/c742bd01328e48a0acc256a1ce2a48fc_d1_2.png,1024,1280,406,504,1.4121168655554452,1302144,0.99345703125,-10.2524995803833,3.605449914932251,2.5557401180267334,True,137627,0.6725848385331143,True,,1.0,137627,0.9828153252601624,-0.017334044988881196,0.9554676783593716,0.02822029782450509,log-depth Laplacian fallback,,,,0.1085609964523141,0.025244798374640554,0.179202602544872,0.10861886754631264,0.14241459130494785,0.082330448247952,0.09884852566084336,0.04292936923877623,11.620504768660709,0.8279990538680821,0.9953876069006193,0.9996966541334906,0.10173780014808714,0.02233722962496248,0.17380161417858955,0.10566611670587125,0.13314708228103808,0.06499640335005329,0.09384255860263209,0.040755305368805686,11.620504753026308,0.8616297429470167,0.9955819018480291,0.9997588592352306,0.10173780014808714,0.02233722962496248,0.17380161417858955,0.10566611670587125,0.13314708228103808,0.06499640335005329,0.09384255860263209,0.040755305368805686,11.620504753026308,0.8616297429470167,0.9955819018480291,0.9997588592352306,0.09132615443953909,0.019018718661673754,0.16766839347556878,0.09839230838845942,0.12136375612254313,0.05155627735344632,0.08543798756761123,0.03710524654553218,10.986861046553125,0.9083542219600904,0.9966309409711983,0.9999047724368426,0.09668583966074028,0.019459193619989976,0.1717949097061703,0.10946303339224467,0.12188558887820532,0.036776129061670784,0.09157809089155884,0.039771859537438434,11.620504768479819,0.9146737995183328,0.9968782254497198,0.9999270433991939,0.009457187727093697,0.05915683973580599,0.0174356484785676,ok,
759xd9YjKW5,c742bd01328e48a0acc256a1ce2a48fc,c742bd01328e48a0acc256a1ce2a48fc_i1_3,1,3,/mnt/priorbimda-data/PriorBIMDA-Datasets/Matterport3D/v1/scans/759xd9YjKW5/undistorted_color_images/c742bd01328e48a0acc256a1ce2a48fc_i1_3.jpg,/mnt/priorbimda-data/PriorBIMDA-Datasets/Matterport3D/v1/scans/759xd9YjKW5/undistorted_depth_images/c742bd01328e48a0acc256a1ce2a48fc_d1_3.png,1024,1280,406,504,1.4121168655554452,1286687,0.9816642761230469,-10.24899959564209,3.60506010055542,2.5556299686431885,True,161711,0.7902836421925092,True,,1.0,161711,1.0029187202453613,0.00291446905144763,1.024246632888556,0.021042880995808737,log-depth Laplacian fallback,,,,0.11128188368284106,0.10327928640329372,0.4849082523717219,0.248660193764134,0.17374736162173324,0.016684730969566467,0.09770007940333297,0.042430605366377036,17.29443998023253,0.8967829783000839,0.9517784822571457,0.9837489614801425,0.11047163161145032,0.10406653669470535,0.48595953809742687,0.246219994915345,0.17405141218757605,0.019599199961595294,0.09656671394518912,0.041938391001925424,17.29443998669945,0.8971676872463933,0.9509562154587713,0.9835352342877483,0.11047163161145032,0.10406653669470535,0.48595953809742687,0.246219994915345,0.17405141218757605,0.019599199961595294,0.09656671394518912,0.041938391001925424,17.29443998669945,0.8971676872463933,0.9509562154587713,0.9835352342877483,0.11366300344939702,0.10870621745946288,0.5012513799335081,0.25726324575173404,0.17757992825886645,0.015579866960316078,0.10033091236869841,0.04357316160604443,17.689516292404097,0.8716385570072598,0.9528424550803731,0.9829663313610847,0.10882477647841975,0.11105759440984732,0.4965361030139651,0.23732503214458547,0.17765567665106943,0.04064202299647244,0.09262563699739977,0.04022680303074443,17.294439977375255,0.8941529680489505,0.9459549991567491,0.9818774884645606,0.010433326475322247,0.06225105933845043,0.017424501478672028,ok,
759xd9YjKW5,c742bd01328e48a0acc256a1ce2a48fc,c742bd01328e48a0acc256a1ce2a48fc_i1_4,1,4,/mnt/priorbimda-data/PriorBIMDA-Datasets/Matterport3D/v1/scans/759xd9YjKW5/undistorted_color_images/c742bd01328e48a0acc256a1ce2a48fc_i1_4.jpg,/mnt/priorbimda-data/PriorBIMDA-Datasets/Matterport3D/v1/scans/759xd9YjKW5/undistorted_depth_images/c742bd01328e48a0acc256a1ce2a48fc_d1_4.png,1024,1280,406,504,1.4121168655554452,1225740,0.9351654052734375,-10.247599601745605,3.6018500328063965,2.5554699897766113,True,204624,1.0,True,,1.0,204624,1.045690894126892,0.04467780966337881,1.4011147414929737,0.29259035404736744,log-depth Laplacian fallback,,,,0.2797783863643852,0.1955720772060806,0.7235567490724556,0.6781201800116631,0.3395897391634906,-0.324666360752433,0.3301476733340023,0.14338131274215454,9.956377423992446,0.07288739863266272,0.9626723448692218,0.9975223130517076,0.2485255208462388,0.15611351021284423,0.6417773808015944,0.5973488923217354,0.2971641528783302,-0.2799885508912955,0.2870882843492411,0.12468085771194715,9.956377416353819,0.13010834271542088,0.9711790428639027,0.9981676375087702,0.2485255208462388,0.15611351021284423,0.6417773808015944,0.5973488923217354,0.2971641528783302,-0.2799885508912955,0.2870882843492411,0.12468085771194715,9.956377416353819,0.13010834271542088,0.9711790428639027,0.9981676375087702,0.2438526906290654,0.1496043280895617,0.6263930968768443,0.5822659120130195,0.2915317305077035,-0.27357802705479045,0.28092277511401953,0.1220032110729668,10.072642655045696,0.14053714490838187,0.9720193515753749,0.9982035341915904,0.052772833747226106,0.050915799266186376,0.4633133808039433,0.17493818431880165,0.10035810817072971,0.012601774923757443,0.04959093985126024,0.021537071529798404,9.95637742574017,0.9547489679703689,0.9864612397408912,0.9985249726695711,0.008920634165406227,0.0585945313796401,0.017451783642172813,ok,
759xd9YjKW5,c742bd01328e48a0acc256a1ce2a48fc,c742bd01328e48a0acc256a1ce2a48fc_i1_5,1,5,/mnt/priorbimda-data/PriorBIMDA-Datasets/Matterport3D/v1/scans/759xd9YjKW5/undistorted_color_images/c742bd01328e48a0acc256a1ce2a48fc_i1_5.jpg,/mnt/priorbimda-data/PriorBIMDA-Datasets/Matterport3D/v1/scans/759xd9YjKW5/undistorted_depth_images/c742bd01328e48a0acc256a1ce2a48fc_d1_5.png,1024,1280,406,504,1.4121168655554452,1104340,0.8425445556640625,-10.249699592590332,3.5990400314331055,2.5554299354553223,True,204624,1.0,True,,1.0,204624,0.9375801086425781,-0.06445307556939771,1.026134079974086,0.09025149601574713,log-depth Laplacian fallback,,,,0.13734623555245568,0.056709078896035374,0.42769492225482797,0.2737419470385545,0.1669294052185463,0.03677680545207629,0.13165478034904252,0.05717694462177389,16.28278013957007,0.8168335838600431,0.9932448340185088,0.9986145571110346,0.1388146596280004,0.07224449614176345,0.5500684461397488,0.41152315609687234,0.16516315832541445,-0.02767626992021712,0.1420156310914239,0.0616766049270133,16.28278015307251,0.9274616513030407,0.974436314903019,0.9987259358530888,0.1388146596280004,0.07224449614176345,0.5500684461397488,0.41152315609687234,0.16516315832541445,-0.02767626992021712,0.1420156310914239,0.0616766049270133,16.28278015307251,0.9274616513030407,0.974436314903019,0.9987259358530888,0.12433493208014003,0.07067565802221654,0.5586697621585573,0.4093181149787649,0.15528734708683217,-0.042677648091661954,0.1290670908775385,0.0560531253634205,14.930766396481642,0.9291531593530977,0.9841371316804607,0.9987105420432113,0.13857359247146706,0.057563623395231245,0.40924614331955356,0.22588346027608155,0.17443783504327878,0.06257527787056179,0.1293305707258743,0.056167553207645424,16.28278013547076,0.7009535106941702,0.9949010268576707,0.998574714308999,0.010110319592058659,0.06142083276063204,0.017479795031249523,ok,
759xd9YjKW5,c742bd01328e48a0acc256a1ce2a48fc,c742bd01328e48a0acc256a1ce2a48fc_i2_0,2,0,/mnt/priorbimda-data/PriorBIMDA-Datasets/Matterport3D/v1/scans/759xd9YjKW5/undistorted_color_images/c742bd01328e48a0acc256a1ce2a48fc_i2_0.jpg,/mnt/priorbimda-data/PriorBIMDA-Datasets/Matterport3D/v1/scans/759xd9YjKW5/undistorted_depth_images/c742bd01328e48a0acc256a1ce2a48fc_d2_0.png,1024,1280,406,504,1.4165615917841592,1195869,0.9123756408691406,-10.25879955291748,3.5893399715423584,2.588629961013794,True,204624,1.0,True,,1.0,204624,1.074416160583496,0.07177740760994888,1.0203130681057084,0.05166789789159651,log-depth Laplacian fallback,,,,0.04759630769999019,0.015072260854057577,0.20494630534955446,0.11519669123607172,0.07568399303247238,-0.03336940658379014,0.0491567707788312,0.0213485142974294,6.793047552891876,0.9948238477625894,0.9989087433489788,0.9995267040118943,0.0670664481907584,0.01526572361214215,0.21428810620877645,0.12182377415084346,0.07803668387740585,0.038408000940766615,0.06491755179625892,0.028193334523783777,6.793047544597523,0.9939006697221853,0.9987113973186026,0.9992574437501097,0.0670664481907584,0.01526572361214215,0.21428810620877645,0.12182377415084346,0.07803668387740585,0.038408000940766615,0.06491755179625892,0.028193334523783777,6.793047544597523,0.9939006697221853,0.9987113973186026,0.9992574437501097,0.058180823717140846,0.013748215249010444,0.20457554814029996,0.11085015961305361,0.07088371046694328,0.030461084684852546,0.05659000724310951,0.024576727876547515,6.400486488841052,0.9940344636410844,0.9986327933912493,0.9992440643582199,0.045450925832593275,0.013261835329033642,0.19510726126054015,0.10511584348895239,0.0692125386053769,-0.013259939569503831,0.04608625389607299,0.02001500575865676,6.793047550852191,0.9946524243039998,0.9988711138092885,0.9994037808489057,0.008835992775857449,0.056723217479884624,0.017462151125073433,ok,
759xd9YjKW5,c742bd01328e48a0acc256a1ce2a48fc,c742bd01328e48a0acc256a1ce2a48fc_i2_1,2,1,/mnt/priorbimda-data/PriorBIMDA-Datasets/Matterport3D/v1/scans/759xd9YjKW5/undistorted_color_images/c742bd01328e48a0acc256a1ce2a48fc_i2_1.jpg,/mnt/priorbimda-data/PriorBIMDA-Datasets/Matterport3D/v1/scans/759xd9YjKW5/undistorted_depth_images/c742bd01328e48a0acc256a1ce2a48fc_d2_1.png,1024,1280,406,504,1.4165615917841592,975782,0.7444625854492187,-10.264599800109863,3.6026699542999268,2.589279890060425,True,204624,1.0,True,,1.0,204624,0.7712323069572449,-0.25976564476183145,0.65589805166855,0.16198426639529756,log-depth Laplacian fallback,,,,0.5138582820590508,0.23910998040057385,0.4321366026758025,0.41604696232600613,0.43060813931443914,0.4035473677137841,0.4035473677137841,0.17525839498467896,15.024277571690215,0.15857947779319562,0.5523180382503469,0.9914796542670391,0.19818551907596313,0.04185434763569983,0.1764161034988686,0.1547691753775998,0.20795690774862516,0.1437817230214336,0.17604838457181232,0.07645684196751963,15.024277555129878,0.6339643485942557,1.0,1.0,0.19818551907596313,0.04185434763569983,0.1764161034988686,0.1547691753775998,0.20795690774862516,0.1437817230214336,0.17604838457181232,0.07645684196751963,15.024277555129878,0.6339643485942557,1.0,1.0,0.16132787567293574,0.02800919438889856,0.14478139805195556,0.1267607701586919,0.17397942421409973,0.11464066501691651,0.14656194017340693,0.06365104187434523,13.086771173344786,0.7544297804222665,1.0,1.0,0.12532678277022513,0.020136879229166377,0.14247318387687902,0.11497612002966628,0.15134141927303552,-0.01820256952629019,0.12798776786814878,0.05558438133625132,15.024277570058835,0.8573451857074633,1.0,1.0,0.007703638635575771,0.05736618395894766,0.017455733381211758,ok,
759xd9YjKW5,c742bd01328e48a0acc256a1ce2a48fc,c742bd01328e48a0acc256a1ce2a48fc_i2_2,2,2,/mnt/priorbimda-data/PriorBIMDA-Datasets/Matterport3D/v1/scans/759xd9YjKW5/undistorted_color_images/c742bd01328e48a0acc256a1ce2a48fc_i2_2.jpg,/mnt/priorbimda-data/PriorBIMDA-Datasets/Matterport3D/v1/scans/759xd9YjKW5/undistorted_depth_images/c742bd01328e48a0acc256a1ce2a48fc_d2_2.png,1024,1280,406,504,1.4165615917841592,1223720,0.933624267578125,-10.255999565124512,3.614370107650757,2.589449882507324,True,204624,1.0,True,,1.0,204624,1.1656982898712158,0.15332029790235377,1.1242521377789263,0.036202249719870364,log-depth Laplacian fallback,,,,0.11218286813148856,0.01793824822157471,0.15575377040393026,0.14285970249836463,0.12646932556485782,-0.11980678394700749,0.11980678394700749,0.05203142516276046,4.050709603396753,1.0,1.0,1.0,0.04578768709992792,0.0035528268573882917,0.0670709884813752,0.055454931942125564,0.05257357170410371,0.03351351392899188,0.04456902849696484,0.019356083140020623,4.050709599388485,1.0,1.0,1.0,0.04578768709992792,0.0035528268573882917,0.0670709884813752,0.055454931942125564,0.05257357170410371,0.03351351392899188,0.04456902849696484,0.019356083140020623,4.050709599388485,1.0,1.0,1.0,0.0384931609028304,0.0026028437461478936,0.0575415202948122,0.046537053437224474,0.04510603238372933,0.028348378886887682,0.03759445085250918,0.016327062555427745,3.508452040270039,1.0,1.0,1.0,0.03314969672413749,0.0020843371714311435,0.052715112304475086,0.04210383919481788,0.04059623627712347,-0.0026887863143359235,0.033300190174866955,0.014462088839273619,4.050709602062182,1.0,1.0,1.0,0.009049840271472931,0.059244969859719276,0.01744035631418228,ok,
759xd9YjKW5,c742bd01328e48a0acc256a1ce2a48fc,c742bd01328e48a0acc256a1ce2a48fc_i2_3,2,3,/mnt/priorbimda-data/PriorBIMDA-Datasets/Matterport3D/v1/scans/759xd9YjKW5/undistorted_color_images/c742bd01328e48a0acc256a1ce2a48fc_i2_3.jpg,/mnt/priorbimda-data/PriorBIMDA-Datasets/Matterport3D/v1/scans/759xd9YjKW5/undistorted_depth_images/c742bd01328e48a0acc256a1ce2a48fc_d2_3.png,1024,1280,406,504,1.4165615917841592,1180254,0.9004623413085937,-10.241499900817871,3.6127400398254395,2.588979959487915,True,204624,1.0,True,,1.0,204624,1.0681390762329102,0.06591795325182313,1.0569499976792367,0.010530553367982372,log-depth Laplacian fallback,,,,0.11328578100902094,0.0785497535112936,0.2800981867544794,0.14793245407187408,0.18634243469894893,-0.029489053524899733,0.09910435895470039,0.04304047622658549,18.39942898345969,0.9348479225658206,0.9728329664631512,0.9810727182453947,0.10077423481004652,0.08899294678103566,0.2846259653930172,0.119423207288334,0.18756589085644623,0.03642889980325738,0.07984298456680305,0.03467536761604905,18.399428978067917,0.9247373870370276,0.9723279904156223,0.979102803294884,0.10077423481004652,0.08899294678103566,0.2846259653930172,0.119423207288334,0.18756589085644623,0.03642889980325738,0.07984298456680305,0.03467536761604905,18.399428978067917,0.9247373870370276,0.9723279904156223,0.979102803294884,0.10197565192849671,0.08803801814698616,0.28477583986698635,0.1258404673406968,0.18607275805972245,0.03420722581623362,0.08140253651808954,0.03535267242273423,18.290144065564164,0.9277816470014082,0.9726465659086942,0.9792315891325087,0.09832766927272313,0.08625266804192185,0.28054053459685174,0.11547682524699268,0.18580802411109865,0.025898323125831315,0.07844248636104373,0.03406713897337241,18.399428981177827,0.9268987861934804,0.9726313149542387,0.9792892038493409,0.010950453579425812,0.06008536368608475,0.017467301338911057,ok,
759xd9YjKW5,c742bd01328e48a0acc256a1ce2a48fc,c742bd01328e48a0acc256a1ce2a48fc_i2_4,2,4,/mnt/priorbimda-data/PriorBIMDA-Datasets/Matterport3D/v1/scans/759xd9YjKW5/undistorted_color_images/c742bd01328e48a0acc256a1ce2a48fc_i2_4.jpg,/mnt/priorbimda-data/PriorBIMDA-Datasets/Matterport3D/v1/scans/759xd9YjKW5/undistorted_depth_images/c742bd01328e48a0acc256a1ce2a48fc_d2_4.png,1024,1280,406,504,1.4165615917841592,1169128,0.891973876953125,-10.235699653625488,3.5994200706481934,2.588330030441284,True,204624,1.0,True,,1.0,204624,1.0791480541229248,0.07617189106403263,1.3092015224102804,0.19324553543557257,log-depth Laplacian fallback,,,,0.25966580838783065,0.19110116807304747,0.7225858933007924,0.6767371095511853,0.29940610675621104,-0.24574421145235242,0.282534037407235,0.12270297339580917,17.103742076099355,0.10511509432671187,0.9794898420019023,0.9857252584832457,0.20625245597607447,0.13303280898487088,0.5585905928128785,0.5155251781089923,0.24084968577431087,-0.16957232038677858,0.21135574958810763,0.09179063576464068,17.10374207482912,0.7463477052983079,0.9786353590026071,0.9834167003099746,0.20625245597607447,0.13303280898487088,0.5585905928128785,0.5155251781089923,0.24084968577431087,-0.16957232038677858,0.21135574958810763,0.09179063576464068,17.10374207482912,0.7463477052983079,0.9786353590026071,0.9834167003099746,0.20329168090858274,0.1266169280928266,0.542049947711788,0.501491903542429,0.23783852565784594,-0.1677885929283344,0.20860096047461946,0.09059424605384558,16.85649796672711,0.7277184363046647,0.9788081373468089,0.9840607700782121,0.07793097449924999,0.08745569751879653,0.3071379547473494,0.12543006767518405,0.17266794389189238,0.023673181862210617,0.05674154400689168,0.024642539456863587,17.103742078379337,0.9663176316023566,0.9752259803888026,0.979092109674903,0.011379478499293327,0.06177312880754471,0.01748878788203001,ok,
759xd9YjKW5,c742bd01328e48a0acc256a1ce2a48fc,c742bd01328e48a0acc256a1ce2a48fc_i2_5,2,5,/mnt/priorbimda-data/PriorBIMDA-Datasets/Matterport3D/v1/scans/759xd9YjKW5/undistorted_color_images/c742bd01328e48a0acc256a1ce2a48fc_i2_5.jpg,/mnt/priorbimda-data/PriorBIMDA-Datasets/Matterport3D/v1/scans/759xd9YjKW5/undistorted_depth_images/c742bd01328e48a0acc256a1ce2a48fc_d2_5.png,1024,1280,406,504,1.4165615917841592,1227429,0.9364540100097656,-10.24429988861084,3.5877199172973633,2.5881600379943848,True,204624,1.0,True,,1.0,204624,1.1058186292648315,0.10058590164615833,1.1551653634871402,0.04365760392982512,log-depth Laplacian fallback,,,,0.14493718507220976,0.08125384465060448,0.5462203850449521,0.5196836744298414,0.16510996508365022,-0.13317289492160916,0.15286742059793318,0.06638947722846586,9.760266711582343,0.9714411179791255,0.9929633404457611,0.9963028411419317,0.06841402523326509,0.02731597437674474,0.24067953086222596,0.19650273184063208,0.102898944289643,-0.03258699321709408,0.06561056925354954,0.028494308181347718,9.760266701782342,0.9778789648932851,0.9902764233206157,0.9949202764477619,0.06841402523326509,0.02731597437674474,0.24067953086222596,0.19650273184063208,0.102898944289643,-0.03258699321709408,0.06561056925354954,0.028494308181347718,9.760266701782342,0.9778789648932851,0.9902764233206157,0.9949202764477619,0.06842508242972653,0.02687115888052792,0.24384014257228548,0.20102335835652038,0.10150463069951329,-0.034402541084209856,0.06581874261952204,0.028584716725468817,9.54968859198761,0.978575542862357,0.9904613627346266,0.9950261888875038,0.04656112611956953,0.02418032567495653,0.19531551568532982,0.10806559954973019,0.09822849950286294,0.01107056840816968,0.041375687374504734,0.017969232711701456,9.760266712392639,0.9692430274989429,0.9893338026069125,0.9943923436712022,0.010628977790474892,0.05828520003706217,0.017411443404853344,ok,
759xd9YjKW5,ca660fbd1a384380a372ad79f760e1d9,ca660fbd1a384380a372ad79f760e1d9_i0_0,0,0,/mnt/priorbimda-data/PriorBIMDA-Datasets/Matterport3D/v1/scans/759xd9YjKW5/undistorted_color_images/ca660fbd1a384380a372ad79f760e1d9_i0_0.jpg,/mnt/priorbimda-data/PriorBIMDA-Datasets/Matterport3D/v1/scans/759xd9YjKW5/undistorted_depth_images/ca660fbd1a384380a372ad79f760e1d9_d0_0.png,1024,1280,406,504,1.4155678118069965,927519,0.7076408386230468,-10.326499938964844,0.5419920086860657,1.5846400260925293,True,204624,1.0,True,,1.0,204624,1.0536350011825562,0.052246091455656306,1.003111795498234,0.04913912757229698,log-depth Laplacian fallback,,,,0.08515619538260531,0.046432463700678744,0.49317193543626936,0.20355874395150036,0.1347976618633699,-0.04050333791190536,0.0913714892134408,0.03968213356867983,12.856861693984817,0.960059039221838,0.9866310016290771,0.992702036292518,0.09643002313201049,0.04826234511254925,0.48467920402379167,0.23857534930473495,0.12910376254313918,0.011742753312495306,0.09796390065306966,0.04254518147934651,12.856861688389257,0.9598078314298683,0.9865684692173422,0.9948087316809683,0.09643002313201049,0.04826234511254925,0.48467920402379167,0.23857534930473495,0.12910376254313918,0.011742753312495306,0.09796390065306966,0.04254518147934651,12.856861688389257,0.9598078314298683,0.9865684692173422,0.9948087316809683,0.08738676263729844,0.04487016433609698,0.47858498228925656,0.22048896437663992,0.12340080815888645,0.006585549250164555,0.08955921139723659,0.03889507131342666,12.322495686889061,0.9599555372989664,0.9865867976828507,0.9948518574821648,0.08538838503257576,0.046238972883423726,0.49202136416935444,0.20477489471762259,0.1338968811704743,-0.03739633035574805,0.09133875460292333,0.03966791710796484,12.856861694482005,0.9600579610768081,0.9866277671939874,0.9927473183837744,0.008115983568131924,0.05702666658908129,0.017422249540686607,ok,
759xd9YjKW5,ca660fbd1a384380a372ad79f760e1d9,ca660fbd1a384380a372ad79f760e1d9_i0_1,0,1,/mnt/priorbimda-data/PriorBIMDA-Datasets/Matterport3D/v1/scans/759xd9YjKW5/undistorted_color_images/ca660fbd1a384380a372ad79f760e1d9_i0_1.jpg,/mnt/priorbimda-data/PriorBIMDA-Datasets/Matterport3D/v1/scans/759xd9YjKW5/undistorted_depth_images/ca660fbd1a384380a372ad79f760e1d9_d0_1.png,1024,1280,406,504,1.4155678118069965,621809,0.47440261840820314,-10.333600044250488,0.5546960234642029,1.5849699974060059,True,204624,1.0,True,,1.0,204624,1.0108001232147217,0.010742218430115573,0.9892411154683971,0.021559398265242554,log-depth Laplacian fallback,,,,0.049122329157057484,0.00588334576003075,0.09220241999466051,0.07323838776176914,0.0613257922516903,0.007154629825700119,0.04829353158402132,0.02097361427856086,6.0907011643608655,0.9949936395259638,0.9977919264597328,0.9998134475377487,0.0511463432113458,0.006825744840957101,0.10228197606311351,0.07948724827871072,0.06348197560336748,0.017896848339094478,0.04977965765080279,0.021619030628776646,6.090701146858212,0.9949679081518601,0.9977645868747477,0.9996751414019418,0.0511463432113458,0.006825744840957101,0.10228197606311351,0.07948724827871072,0.06348197560336748,0.017896848339094478,0.04977965765080279,0.021619030628776646,6.090701146858212,0.9949679081518601,0.9977645868747477,0.9996751414019418,0.045038337207934924,0.005779928767321691,0.09284098697439272,0.07013238130686826,0.05843508132322697,0.017188981216897492,0.04379929088234962,0.01902179034147984,5.584977756425978,0.9949309193015862,0.9977549376094589,0.999659059293127,0.048205634249541364,0.0053086296950921015,0.0845278781960421,0.06845416903693062,0.06101703277531792,-0.003662542217267507,0.04790226290915897,0.020803688452126552,6.090701169168419,0.9950225873218304,0.9978112249903105,0.9999421044082668,0.009484676644206047,0.060089970007538795,0.01742953062057495,ok,
759xd9YjKW5,ca660fbd1a384380a372ad79f760e1d9,ca660fbd1a384380a372ad79f760e1d9_i0_2,0,2,/mnt/priorbimda-data/PriorBIMDA-Datasets/Matterport3D/v1/scans/759xd9YjKW5/undistorted_color_images/ca660fbd1a384380a372ad79f760e1d9_i0_2.jpg,/mnt/priorbimda-data/PriorBIMDA-Datasets/Matterport3D/v1/scans/759xd9YjKW5/undistorted_depth_images/ca660fbd1a384380a372ad79f760e1d9_d0_2.png,1024,1280,406,504,1.4155678118069965,1100629,0.8397132873535156,-10.32610034942627,0.5671870112419128,1.5850800275802612,True,196015,0.9579277113144108,True,,1.0,196015,0.9348372220993042,-0.0673828588610109,0.9915185047542491,0.05886519105765591,log-depth Laplacian fallback,,,,0.10237093130014306,0.037082696304067124,0.294670973080564,0.18244141052730203,0.13128434390501598,0.0014379507707996235,0.09980298764851422,0.04334388681320813,13.127646876783084,0.98064379550239,0.9944613489195724,0.9963066573750101,0.10330704909661018,0.03670958290824615,0.3023359667105002,0.1734159834998415,0.14690895857297337,-0.06594490797896317,0.10752992255942527,0.04669965200704241,13.127646864781854,0.898156417830168,0.9884057207287833,0.9966982516361099,0.10330704909661018,0.03670958290824615,0.3023359667105002,0.1734159834998415,0.14690895857297337,-0.06594490797896317,0.10752992255942527,0.04669965200704241,13.127646864781854,0.898156417830168,0.9884057207287833,0.9966982516361099,0.09758973502297434,0.03513324727331762,0.30227097915235124,0.1652972216278086,0.14195127559606974,-0.06651668703589377,0.10163362642621221,0.044138923132720456,12.540213311232112,0.9174671937592049,0.9856818237571425,0.9966891659223953,0.1013670649568839,0.03617633917386562,0.2928319588529362,0.17933148138879199,0.1314672344998171,-0.007079724353819852,0.099666603299051,0.0432846558428183,13.127646876003265,0.9823173839686216,0.9942233032202495,0.9963611716572978,0.009356504306197166,0.05909555498510599,0.017398257739841938,ok,
759xd9YjKW5,ca660fbd1a384380a372ad79f760e1d9,ca660fbd1a384380a372ad79f760e1d9_i0_3,0,3,/mnt/priorbimda-data/PriorBIMDA-Datasets/Matterport3D/v1/scans/759xd9YjKW5/undistorted_color_images/ca660fbd1a384380a372ad79f760e1d9_i0_3.jpg,/mnt/priorbimda-data/PriorBIMDA-Datasets/Matterport3D/v1/scans/759xd9YjKW5/undistorted_depth_images/ca660fbd1a384380a372ad79f760e1d9_d0_3.png,1024,1280,406,504,1.4155678118069965,1217708,0.9290374755859375,-10.311599731445312,0.5669749975204468,1.5848599672317505,True,190598,0.9314547658143717,True,,1.0,190598,0.9969680905342102,-0.0030365150147216016,1.0206714220409465,0.023497182657742758,log-depth Laplacian fallback,,,,0.09249301469169997,0.02590001678118214,0.2946264283926533,0.1975165703256469,0.10869290740049996,-0.020643674520211895,0.0938435181127867,0.040755722078771185,10.671451082902086,0.9922772947209019,0.9997873053309989,0.9999384088796329,0.09250254851297401,0.025921514587629937,0.29587220791574337,0.19744252473602564,0.1093102840878823,-0.023680189538772524,0.09413390917268942,0.0408818373136809,10.671451087261444,0.991982478558078,0.9997873053309989,0.9999384088796329,0.09250254851297401,0.025921514587629937,0.29587220791574337,0.19744252473602564,0.1093102840878823,-0.023680189538772524,0.09413390917268942,0.0408818373136809,10.671451087261444,0.991982478558078,0.9997873053309989,0.9999384088796329,0.08533974785516459,0.023800210023383245,0.2977259142734988,0.18779919861133076,0.10252120694061694,-0.027819541700329662,0.08728602607539179,0.03790783947180601,9.867457105123092,0.9901914087778022,0.9997207869210024,0.9999375876646946,0.0936930703212739,0.026798495674318416,0.2909993840244766,0.20193089595596042,0.10671466788102198,-0.00018306014356592128,0.09314182324866352,0.04045097987130256,10.67145108686755,0.9858594999786484,0.9998086569193928,0.9999416937393858,0.009138009510934353,0.05850594770163298,0.017445432022213936,ok,
759xd9YjKW5,ca660fbd1a384380a372ad79f760e1d9,ca660fbd1a384380a372ad79f760e1d9_i0_4,0,4,/mnt/priorbimda-data/PriorBIMDA-Datasets/Matterport3D/v1/scans/759xd9YjKW5/undistorted_color_images/ca660fbd1a384380a372ad79f760e1d9_i0_4.jpg,/mnt/priorbimda-data/PriorBIMDA-Datasets/Matterport3D/v1/scans/759xd9YjKW5/undistorted_depth_images/ca660fbd1a384380a372ad79f760e1d9_d0_4.png,1024,1280,406,504,1.4155678118069965,1240450,0.9463882446289062,-10.304499626159668,0.5542709827423096,1.5845400094985962,True,204624,1.0,True,,1.0,204624,1.2815200090408325,0.24804688046586382,1.2706189056374402,0.008542771427160756,log-depth Laplacian fallback,,,,0.21221379567228613,0.08771631011486283,0.424592250662909,0.406731159610257,0.24230759709639155,-0.23926467644080673,0.23926467644080673,0.10391132869260938,3.8280363351244255,0.31009391752992865,1.0,1.0,0.030577688626202342,0.002828462937361887,0.07300961366259545,0.056304265119763344,0.039274843397965005,0.00878220393441803,0.030234649741275304,0.013130741544913447,3.82803633471388,1.0,1.0,1.0,0.030577688626202342,0.002828462937361887,0.07300961366259545,0.056304265119763344,0.039274843397965005,0.00878220393441803,0.030234649741275304,0.013130741544913447,3.82803633471388,1.0,1.0,1.0,0.029550080513411743,0.002592487470366235,0.07077246703344366,0.05540195837568269,0.03724171992561465,0.007775567975153081,0.02926702916976514,0.012710509270130507,3.642095887921811,1.0,1.0,1.0,0.029620506023079893,0.0025893815449231114,0.06971420691191871,0.054213129096857854,0.03828111216991292,0.0002394403964931472,0.029533570343165873,0.012826266630938466,3.8280363337643264,1.0,1.0,1.0,0.007818666286766529,0.058630622923374176,0.017441737465560436,ok,
759xd9YjKW5,ca660fbd1a384380a372ad79f760e1d9,ca660fbd1a384380a372ad79f760e1d9_i0_5,0,5,/mnt/priorbimda-data/PriorBIMDA-Datasets/Matterport3D/v1/scans/759xd9YjKW5/undistorted_color_images/ca660fbd1a384380a372ad79f760e1d9_i0_5.jpg,/mnt/priorbimda-data/PriorBIMDA-Datasets/Matterport3D/v1/scans/759xd9YjKW5/undistorted_depth_images/ca660fbd1a384380a372ad79f760e1d9_d0_5.png,1024,1280,406,504,1.4155678118069965,1228784,0.93748779296875,-10.31190013885498,0.5417799949645996,1.5844299793243408,True,204624,1.0,True,,1.0,204624,1.1226844787597656,0.11572267346475998,1.0727604276736138,0.045487508115758885,log-depth Laplacian fallback,,,,0.08481498658319608,0.02624193046582127,0.3259672839396667,0.17153048889022723,0.10940108374500801,-0.08537764160911718,0.08949500557183944,0.03886718707775063,6.840508342109816,0.9871539668485266,0.9926341814346541,0.9994938085131316,0.056012694815269284,0.019571480211569,0.28181973101187363,0.13126311931454931,0.07483365803801635,0.030345031658460656,0.05444553400910354,0.023645394984429493,6.840508335641285,0.9873297503873748,0.9968611244938085,0.9987866052943398,0.056012694815269284,0.019571480211569,0.28181973101187363,0.13126311931454931,0.07483365803801635,0.030345031658460656,0.05444553400910354,0.023645394984429493,6.840508335641285,0.9873297503873748,0.9968611244938085,0.9987866052943398,0.04776213674496622,0.01724385425767961,0.2731172388427168,0.11433023775702202,0.0683263172343893,0.025184570229703992,0.046608227223152054,0.020241695894307857,6.3515533920132565,0.9866852107449315,0.9967984609174598,0.9989534368937095,0.04301100340646976,0.016091375629617283,0.2765104198538506,0.09384394282832052,0.07006103786717381,-0.015142443563869993,0.04361432470916245,0.018941460553125896,6.840508336330404,0.9865842979726298,0.9968953046263623,0.9990893436112449,0.00821718666702509,0.05747202783823013,0.017439188435673714,ok,
759xd9YjKW5,ca660fbd1a384380a372ad79f760e1d9,ca660fbd1a384380a372ad79f760e1d9_i1_0,1,0,/mnt/priorbimda-data/PriorBIMDA-Datasets/Matterport3D/v1/scans/759xd9YjKW5/undistorted_color_images/ca660fbd1a384380a372ad79f760e1d9_i1_0.jpg,/mnt/priorbimda-data/PriorBIMDA-Datasets/Matterport3D/v1/scans/759xd9YjKW5/undistorted_depth_images/ca660fbd1a384380a372ad79f760e1d9_d1_0.png,1024,1280,406,504,1.4121168655554452,1130284,0.8623382568359375,-10.320300102233887,0.550898015499115,1.6179699897766113,True,204624,1.0,True,,1.0,204624,1.012776255607605,0.012695327827665326,0.9846360808460752,0.028178494975244314,log-depth Laplacian fallback,,,,0.03833726415460426,0.05757667093871579,0.4252460991314147,0.13866147967212622,0.09269924288228971,0.020549658405528342,0.03308398919999017,0.014368193948902517,9.039281592231674,0.9812330352371617,0.9902697021279607,0.9939395762480934,0.04712630060497696,0.061058838428144045,0.43430473563899047,0.1590367960759476,0.09631246173089983,0.0332449863222628,0.04133389661290788,0.01795108321454541,9.039281591530713,0.9808552540777362,0.9900184378439401,0.9938121746392942,0.04712630060497696,0.061058838428144045,0.43430473563899047,0.1590367960759476,0.09631246173089983,0.0332449863222628,0.04133389661290788,0.01795108321454541,9.039281591530713,0.9808552540777362,0.9900184378439401,0.9938121746392942,0.042817362409610545,0.0580202535105896,0.42587949593068736,0.14838450053287378,0.09372037619095716,0.02723754382946647,0.03739489890669595,0.016240398246507987,8.967510869529194,0.981096786294418,0.9902466990597053,0.9939705419168987,0.033273886186109713,0.054969004668219086,0.4229659298043245,0.13161166081753928,0.09053469155103835,0.005066478571912554,0.0285651603693705,0.01240569152309907,9.03928159154366,0.981618778997137,0.990576704615831,0.9941032519260646,0.007602261379361153,0.0578844053670764,0.017459244467318058,ok,
759xd9YjKW5,ca660fbd1a384380a372ad79f760e1d9,ca660fbd1a384380a372ad79f760e1d9_i1_1,1,1,/mnt/priorbimda-data/PriorBIMDA-Datasets/Matterport3D/v1/scans/759xd9YjKW5/undistorted_color_images/ca660fbd1a384380a372ad79f760e1d9_i1_1.jpg,/mnt/priorbimda-data/PriorBIMDA-Datasets/Matterport3D/v1/scans/759xd9YjKW5/undistorted_depth_images/ca660fbd1a384380a372ad79f760e1d9_d1_1.png,1024,1280,406,504,1.4121168655554452,201085,0.15341567993164062,-10.321999549865723,0.5539529919624329,1.6180499792099,True,204624,1.0,True,,1.0,204624,1.004067063331604,0.004058815185790102,0.9956533324230364,0.00841495698643421,log-depth Laplacian fallback,,,,0.04999156199216348,0.011695950996284022,0.1609427408149984,0.07382775863647982,0.0867023413154821,0.0057881149623884975,0.05133186879971878,0.02229314736549956,8.650892274654984,0.9634184548822637,1.0,1.0,0.05105215370733779,0.011695114815726165,0.15997463424964786,0.07438000149725327,0.08706753551945426,0.00984693013950682,0.05218753462530963,0.022664758311906865,8.650892270892697,0.9634085088395454,1.0,1.0,0.05105215370733779,0.011695114815726165,0.15997463424964786,0.07438000149725327,0.08706753551945426,0.00984693013950682,0.05218753462530963,0.022664758311906865,8.650892270892697,0.9634085088395454,1.0,1.0,0.060574717165895284,0.013476535080568227,0.17021062238630094,0.08905854973844132,0.09418880654803562,-0.0004252378015470109,0.06195131609048983,0.026905114724743866,9.418784662447386,0.9634134818609046,0.9999950269786408,1.0,0.049445546059178766,0.011750050980462362,0.16222311867494013,0.07423586564040668,0.08652077347141772,0.0014319720023350702,0.05100218557607326,0.02214996776069424,8.65089226512324,0.9634184548822637,1.0,1.0,0.008864606730639935,0.05988594051450491,0.01750305015593767,ok,
759xd9YjKW5,ca660fbd1a384380a372ad79f760e1d9,ca660fbd1a384380a372ad79f760e1d9_i1_2,1,2,/mnt/priorbimda-data/PriorBIMDA-Datasets/Matterport3D/v1/scans/759xd9YjKW5/undistorted_color_images/ca660fbd1a384380a372ad79f760e1d9_i1_2.jpg,/mnt/priorbimda-data/PriorBIMDA-Datasets/Matterport3D/v1/scans/759xd9YjKW5/undistorted_depth_images/ca660fbd1a384380a372ad79f760e1d9_d1_2.png,1024,1280,406,504,1.4121168655554452,1208987,0.9223838806152344,-10.320300102233887,0.556958019733429,1.6180700063705444,True,196246,0.9590566111502072,True,,1.0,196246,0.9760006666183472,-0.02429200955867621,0.9480684282249286,0.029036588101544896,log-depth Laplacian fallback,,,,0.21155351368310482,0.2054651448570401,0.4340419080567114,0.2592916630598262,0.3061365640508861,0.1104518379282835,0.14769084831620546,0.0641413204513382,28.551705263809808,0.9020791786843034,0.9165119227915602,0.9173903441476211,0.19435523682051842,0.1911744075583496,0.42915074076814735,0.24218549026393166,0.298233974288609,0.08615982829388867,0.1354158356286143,0.05881035017582497,28.55170527452718,0.9012396328496501,0.9169254921682367,0.9173895170088677,0.19435523682051842,0.1911744075583496,0.42915074076814735,0.24218549026393166,0.298233974288609,0.08615982829388867,0.1354158356286143,0.05881035017582497,28.55170527452718,0.9012396328496501,0.9169254921682367,0.9173895170088677,0.18993002294315703,0.18859050419115064,0.4253305661303769,0.2339428847473558,0.296777268081482,0.08309746156898223,0.1315445525268348,0.05712907328683685,28.490622796053326,0.9006895855786704,0.9167311145611987,0.9173828998988409,0.181824430808037,0.17829556368198682,0.4327474360661639,0.23633894750889667,0.2911752965741393,0.057123252634801586,0.12831236574363653,0.05572535240241318,28.55170526316399,0.9001163784225967,0.916338223653356,0.9173804184825809,0.009829726070165634,0.058625186793506145,0.01701507903635502,ok,
759xd9YjKW5,ca660fbd1a384380a372ad79f760e1d9,ca660fbd1a384380a372ad79f760e1d9_i1_3,1,3,/mnt/priorbimda-data/PriorBIMDA-Datasets/Matterport3D/v1/scans/759xd9YjKW5/undistorted_color_images/ca660fbd1a384380a372ad79f760e1d9_i1_3.jpg,/mnt/priorbimda-data/PriorBIMDA-Datasets/Matterport3D/v1/scans/759xd9YjKW5/undistorted_depth_images/ca660fbd1a384380a372ad79f760e1d9_d1_3.png,1024,1280,406,504,1.4121168655554452,1275552,0.9731689453125,-10.316800117492676,0.5569069981575012,1.6180200576782227,True,190430,0.9306337477519744,True,,1.0,190430,1.0467125177383423,0.04565431704894236,1.0699699485591707,0.021976245571749604,log-depth Laplacian fallback,,,,0.0845401658927194,0.056003091584335744,0.4537098111577254,0.3228836429532078,0.11736529215308074,-0.04305698407313407,0.08332622632287089,0.036188120289844326,10.918199450781193,0.9662216828478964,0.9880851584255287,0.9930884824766062,0.0641404857922347,0.049989523124915496,0.39558317969959983,0.2210219320628402,0.10921288411848755,0.002597333114683552,0.05956861076417652,0.025870318949524507,10.918199447788798,0.968775871152254,0.9881580680364266,0.9917643498657835,0.0641404857922347,0.049989523124915496,0.39558317969959983,0.2210219320628402,0.10921288411848755,0.002597333114683552,0.05956861076417652,0.025870318949524507,10.918199447788798,0.968775871152254,0.9881580680364266,0.9917643498657835,0.06240822576616122,0.04925040860950057,0.40160541123542226,0.22085628652785488,0.10787075193494332,-0.0019727975966660942,0.05837389660668353,0.025351461183473614,10.785271064119188,0.9663486866862346,0.9878648616442136,0.9919877825443416,0.060315017970606684,0.05273219422093491,0.3937377381605222,0.1948141726245787,0.11191320795593619,0.02457352618265449,0.054389425844934926,0.023621027518341334,10.918199451346826,0.9688378051228017,0.9880906462457039,0.9912618223326058,0.01116981916129589,0.05779880005866289,0.017097393050789833,ok,
759xd9YjKW5,ca660fbd1a384380a372ad79f760e1d9,ca660fbd1a384380a372ad79f760e1d9_i1_4,1,4,/mnt/priorbimda-data/PriorBIMDA-Datasets/Matterport3D/v1/scans/759xd9YjKW5/undistorted_color_images/ca660fbd1a384380a372ad79f760e1d9_i1_4.jpg,/mnt/priorbimda-data/PriorBIMDA-Datasets/Matterport3D/v1/scans/759xd9YjKW5/undistorted_depth_images/ca660fbd1a384380a372ad79f760e1d9_d1_4.png,1024,1280,406,504,1.4121168655554452,1136348,0.8669647216796875,-10.3149995803833,0.5538510084152222,1.6179399490356445,True,204624,1.0,True,,1.0,204624,1.0644944906234741,0.06250002978466816,1.0355831797113808,0.027535303092221824,log-depth Laplacian fallback,,,,0.04560342186945117,0.03659936442623732,0.3888990594977927,0.18004624746673012,0.07283501014539537,-0.024491125123595713,0.04433284117562997,0.019253508289669367,6.859390273967669,0.9874158268417773,0.9966841143734138,0.9976327674268798,0.04453884717220965,0.04557273659052792,0.4397092293358453,0.16613783285362674,0.07842066266071285,0.038008904754069345,0.0408378904793778,0.01773567048776312,6.85939027286056,0.9845003467247709,0.9960320254006695,0.9974558849929775,0.04453884717220965,0.04557273659052792,0.4397092293358453,0.16613783285362674,0.07842066266071285,0.038008904754069345,0.0408378904793778,0.01773567048776312,6.85939027286056,0.9845003467247709,0.9960320254006695,0.9974558849929775,0.04001019081719312,0.04173809369356154,0.41467764584468264,0.1438814560359278,0.07552029562473003,0.033167801383419106,0.03657731742887714,0.015885327122184986,6.784697489672388,0.9851753160123483,0.9962590685247829,0.9975377261191114,0.035904127343592954,0.03779027579013847,0.398050583211096,0.13909036273327907,0.06938889673526313,0.010473561717279967,0.033270159492754615,0.014449046679744417,6.859390275448203,0.9862216504099096,0.996332989541936,0.9975623664581624,0.008996869437396526,0.058417352847754955,0.01706476602703333,ok,
759xd9YjKW5,ca660fbd1a384380a372ad79f760e1d9,ca660fbd1a384380a372ad79f760e1d9_i1_5,1,5,/mnt/priorbimda-data/PriorBIMDA-Datasets/Matterport3D/v1/scans/759xd9YjKW5/undistorted_color_images/ca660fbd1a384380a372ad79f760e1d9_i1_5.jpg,/mnt/priorbimda-data/PriorBIMDA-Datasets/Matterport3D/v1/scans/759xd9YjKW5/undistorted_depth_images/ca660fbd1a384380a372ad79f760e1d9_d1_5.png,1024,1280,406,504,1.4121168655554452,1210010,0.9231643676757812,-10.316800117492676,0.5508469939231873,1.6179200410842896,True,204624,1.0,True,,1.0,204624,1.0670965909957886,0.06494149399165502,1.0380641453085289,0.027583914135611308,log-depth Laplacian fallback,,,,0.07705793926129047,0.15867034810197364,0.9515351387449997,0.3587070266212972,0.2076425595937684,-0.05832616139862298,0.08487752389683577,0.03686184026600719,19.928244140202985,0.9451830976603499,0.9631143544268229,0.9668424227898943,0.071115778459739,0.16340839954511974,0.9346938261092056,0.32845320592469335,0.1993922115680346,0.006615332574869915,0.07473383624937534,0.032456492694564965,19.92824412960553,0.9459756530937761,0.9621234535251775,0.965944909546202,0.071115778459739,0.16340839954511974,0.9346938261092056,0.32845320592469335,0.1993922115680346,0.006615332574869915,0.07473383624937534,0.032456492694564965,19.92824412960553,0.9459756530937761,0.9621234535251775,0.965944909546202,0.06489849421412493,0.1587092157028272,0.9271510047175665,0.309714805578697,0.1973307993078633,-0.000396804851209805,0.06900755820265358,0.029969601737029918,19.7330400347717,0.9466781266270526,0.9624168395302518,0.966098627284072,0.05920589250402036,0.1573382453645489,0.931069858549995,0.28708994817759775,0.2003825686141689,-0.020968603833375208,0.06457684974575657,0.028045369503277504,19.928244141843273,0.9441847588036463,0.9626813001545442,0.9662308575962182,0.007843160070478916,0.05811876617372036,0.017046386376023293,ok,
759xd9YjKW5,ca660fbd1a384380a372ad79f760e1d9,ca660fbd1a384380a372ad79f760e1d9_i2_0,2,0,/mnt/priorbimda-data/PriorBIMDA-Datasets/Matterport3D/v1/scans/759xd9YjKW5/undistorted_color_images/ca660fbd1a384380a372ad79f760e1d9_i2_0.jpg,/mnt/priorbimda-data/PriorBIMDA-Datasets/Matterport3D/v1/scans/759xd9YjKW5/undistorted_depth_images/ca660fbd1a384380a372ad79f760e1d9_d2_0.png,1024,1280,406,504,1.4165615917841592,1197551,0.9136589050292969,-10.325499534606934,0.5408300161361694,1.651129961013794,True,204624,1.0,True,,1.0,204624,1.0775684118270874,0.07470703223511889,1.035051288873746,0.04025605227818113,log-depth Laplacian fallback,,,,0.03763680779927915,0.0061909541759815195,0.12051294831974194,0.08021299506388757,0.05421047793743919,-0.035693880835141197,0.03872554970210739,0.016818292544295357,4.080101456008565,0.9925264143238993,0.9995866564346738,0.9999582481247146,0.044136109825847994,0.009661285146899994,0.16678326921005746,0.11659502431080701,0.056451295676886865,0.039013151514205695,0.04295105799964634,0.01865340748115294,4.080101460170979,0.9915185240545079,0.9993829072832806,0.9998588786615351,0.044136109825847994,0.009661285146899994,0.16678326921005746,0.11659502431080701,0.056451295676886865,0.039013151514205695,0.04295105799964634,0.01865340748115294,4.080101460170979,0.9915185240545079,0.9993829072832806,0.9998588786615351,0.042320208251182975,0.008630783791716988,0.1558145237838172,0.11023527399268516,0.054252492154144696,0.035790729697270894,0.04130963483479252,0.017940546458188728,4.077200721907646,0.9917030673432697,0.9994171438210148,0.999882259711695,0.025298767912733566,0.004445527964825401,0.11024484650155154,0.06109462249365735,0.04081993938573148,-0.0012428458499801225,0.025382395859339137,0.01102343445919493,4.080101451738645,0.9922374913469238,0.9995089979466427,0.9999123210619005,0.00918667484074831,0.05769718065857887,0.017000898718833923,ok,
759xd9YjKW5,ca660fbd1a384380a372ad79f760e1d9,ca660fbd1a384380a372ad79f760e1d9_i2_1,2,1,/mnt/priorbimda-data/PriorBIMDA-Datasets/Matterport3D/v1/scans/759xd9YjKW5/undistorted_color_images/ca660fbd1a384380a372ad79f760e1d9_i2_1.jpg,/mnt/priorbimda-data/PriorBIMDA-Datasets/Matterport3D/v1/scans/759xd9YjKW5/undistorted_depth_images/ca660fbd1a384380a372ad79f760e1d9_d2_1.png,1024,1280,406,504,1.4165615917841592,754424,0.575579833984375,-10.332599639892578,0.5535330176353455,1.6514500379562378,True,204624,1.0,True,,1.0,204624,1.245736002922058,0.219726522251962,1.217905906632085,0.02259360830298357,log-depth Laplacian fallback,,,,0.18083277850790672,0.06145614849763529,0.3425153317349271,0.31835397140430294,0.20758536062396302,-0.1985505221182716,0.200274569445299,0.08697814037564298,6.057534244180973,0.7740872506707104,0.9830559473187491,0.9994472604264976,0.039245504638754154,0.007912992891452225,0.12185838845428806,0.06987141349487297,0.06417004820814937,0.02117600007105991,0.03844100290546199,0.01669471544066901,6.057534240948774,0.9809351240151427,0.9986360455128681,0.9991079286979205,0.039245504638754154,0.007912992891452225,0.12185838845428806,0.06987141349487297,0.06417004820814937,0.02117600007105991,0.03844100290546199,0.01669471544066901,6.057534240948774,0.9809351240151427,0.9986360455128681,0.9991079286979205,0.03977844665156471,0.008054454511760354,0.12286007813278245,0.07012115639608645,0.06517994778342354,0.016692516353712557,0.03905478732672618,0.016961278627902233,6.300623374580374,0.980798596014973,0.9986347199983033,0.9991066031833558,0.032833033441940836,0.006775096638712231,0.11429102005483176,0.055263210299555374,0.060591928430196194,-0.001417630827941751,0.032822861836246706,0.014254787775754786,6.057534245652836,0.9810318865783697,0.9986771364643755,0.9991450431057336,0.011359453201293945,0.06106127891689539,0.01719295233488083,ok,
759xd9YjKW5,ca660fbd1a384380a372ad79f760e1d9,ca660fbd1a384380a372ad79f760e1d9_i2_2,2,2,/mnt/priorbimda-data/PriorBIMDA-Datasets/Matterport3D/v1/scans/759xd9YjKW5/undistorted_color_images/ca660fbd1a384380a372ad79f760e1d9_i2_2.jpg,/mnt/priorbimda-data/PriorBIMDA-Datasets/Matterport3D/v1/scans/759xd9YjKW5/undistorted_depth_images/ca660fbd1a384380a372ad79f760e1d9_d2_2.png,1024,1280,406,504,1.4165615917841592,1214873,0.9268745422363281,-10.32509994506836,0.5660250186920166,1.6515599489212036,True,204624,1.0,True,,1.0,204624,0.9914309978485107,-0.00860592714196173,0.9986186409262963,0.007223613112286703,log-depth Laplacian fallback,,,,0.06273354463343764,0.016013105233821292,0.13937503009406402,0.09579335505853298,0.10029741639643736,-0.010022370120987036,0.06179133226419244,0.026835634631789153,9.97954098792038,0.9820088190288203,0.9951237701389364,0.9961938408376843,0.062404719540682,0.015728313981847385,0.1365940382789108,0.09358234099919358,0.1015191475368182,-0.018628297328097808,0.06200051372010693,0.02692648098380929,9.979540999093219,0.9763012265479601,0.9951550491285921,0.9962218273021131,0.062404719540682,0.015728313981847385,0.1365940382789108,0.09358234099919358,0.1015191475368182,-0.018628297328097808,0.06200051372010693,0.02692648098380929,9.979540999093219,0.9763012265479601,0.9951550491285921,0.9962218273021131,0.05674226207865191,0.014808071410273922,0.12970756261116567,0.08301569162489957,0.09790206675472912,-0.020034600491590466,0.05625535789110842,0.02443139150960095,9.583021161403016,0.9828121951841879,0.9951311783206969,0.996194663968991,0.06263820311096423,0.015948126919249652,0.13879252123571723,0.09534439561582857,0.10044496086316852,-0.0114046627039005,0.0617826389108606,0.02683185915640789,9.979540987146512,0.9809996600467703,0.9951287089267767,0.9961954871002977,0.00804761704057455,0.05789837706834078,0.01707959920167923,ok,
759xd9YjKW5,ca660fbd1a384380a372ad79f760e1d9,ca660fbd1a384380a372ad79f760e1d9_i2_3,2,3,/mnt/priorbimda-data/PriorBIMDA-Datasets/Matterport3D/v1/scans/759xd9YjKW5/undistorted_color_images/ca660fbd1a384380a372ad79f760e1d9_i2_3.jpg,/mnt/priorbimda-data/PriorBIMDA-Datasets/Matterport3D/v1/scans/759xd9YjKW5/undistorted_depth_images/ca660fbd1a384380a372ad79f760e1d9_d2_3.png,1024,1280,406,504,1.4165615917841592,1262433,0.9631599426269531,-10.310600280761719,0.5658130049705505,1.6513400077819824,True,204624,1.0,True,,1.0,204624,1.1386950016021729,0.12988287125964615,1.1228814463165429,0.013984769805814173,log-depth Laplacian fallback,,,,0.11205015869693816,0.04037200318282841,0.3091017959505539,0.26604514882872143,0.12995866339876622,-0.10096127805006608,0.1160781768092979,0.05041211165766812,8.182954556204662,0.9848554339121364,0.992126314822252,0.9979198896099832,0.04172792481797672,0.027481975909033587,0.23567647687780974,0.09733850609356832,0.0867901670319924,0.02892159323088889,0.03726110415078881,0.016182291922309952,8.182954563254121,0.9821440028896583,0.9887811868035769,0.9943276197627914,0.04172792481797672,0.027481975909033587,0.23567647687780974,0.09733850609356832,0.0867901670319924,0.02892159323088889,0.03726110415078881,0.016182291922309952,8.182954563254121,0.9821440028896583,0.9887811868035769,0.9943276197627914,0.04301893534891828,0.027515327312438272,0.23527937220239906,0.099368881842737,0.08669593638083935,0.02883630985374775,0.03857784707620599,0.01675414610890375,8.175972491984789,0.9820180556116641,0.9886417734644135,0.9942602894569454,0.0384854394343863,0.025006957091377208,0.22299611424540206,0.08561887579129376,0.08318162248578931,0.014936793328900197,0.03457259933578455,0.01501468911658329,8.182954554693612,0.9826834374576711,0.9891764553049548,0.9946476367458709,0.009562553837895393,0.05877293460071087,0.017417030408978462,ok,
759xd9YjKW5,ca660fbd1a384380a372ad79f760e1d9,ca660fbd1a384380a372ad79f760e1d9_i2_4,2,4,/mnt/priorbimda-data/PriorBIMDA-Datasets/Matterport3D/v1/scans/759xd9YjKW5/undistorted_color_images/ca660fbd1a384380a372ad79f760e1d9_i2_4.jpg,/mnt/priorbimda-data/PriorBIMDA-Datasets/Matterport3D/v1/scans/759xd9YjKW5/undistorted_depth_images/ca660fbd1a384380a372ad79f760e1d9_d2_4.png,1024,1280,406,504,1.4165615917841592,1268330,0.9676589965820312,-10.303500175476074,0.5531089901924133,1.6510200500488281,True,204624,1.0,True,,1.0,204624,1.1342555284500122,0.125976513651898,1.1073427462237788,0.024013290661922107,log-depth Laplacian fallback,,,,0.09979988504472712,0.025359326494138437,0.26389936598027364,0.2565242729213855,0.10611547182905047,-0.10460606373243986,0.10517664623618334,0.04567763708546487,1.7834371082455767,0.999420497819968,1.0,1.0,0.023311528214467248,0.0026182534701619533,0.09198255869639732,0.06798642160123035,0.027834527355873703,0.02137044985490547,0.02292094815011454,0.009954441301585288,1.7834370920328315,0.9987306142723108,1.0,1.0,0.023311528214467248,0.0026182534701619533,0.09198255869639732,0.06798642160123035,0.027834527355873703,0.02137044985490547,0.02292094815011454,0.009954441301585288,1.7834370920328315,0.9987306142723108,1.0,1.0,0.024671141668322884,0.002652190208729879,0.08993334016759393,0.06937948431266816,0.02886808988635008,0.021143640288400174,0.024268837561260602,0.010539822235061846,1.965484899563283,0.9987724015043403,1.0,1.0,0.010477843749866796,0.0009528347467110784,0.05176652696381106,0.025964148696983838,0.018029129874171292,-0.002642864367813179,0.01045578372991563,0.00454088917787616,1.7834371083755074,0.9988772638035842,1.0,1.0,0.007896835915744305,0.05937797483056784,0.017421827651560307,ok,
759xd9YjKW5,ca660fbd1a384380a372ad79f760e1d9,ca660fbd1a384380a372ad79f760e1d9_i2_5,2,5,/mnt/priorbimda-data/PriorBIMDA-Datasets/Matterport3D/v1/scans/759xd9YjKW5/undistorted_color_images/ca660fbd1a384380a372ad79f760e1d9_i2_5.jpg,/mnt/priorbimda-data/PriorBIMDA-Datasets/Matterport3D/v1/scans/759xd9YjKW5/undistorted_depth_images/ca660fbd1a384380a372ad79f760e1d9_d2_5.png,1024,1280,406,504,1.4165615917841592,1258432,0.960107421875,-10.310999870300293,0.5406180024147034,1.6509100198745728,True,204624,1.0,True,,1.0,204624,1.0590507984161377,0.0573730337560212,1.0161724561523124,0.04132995869659292,log-depth Laplacian fallback,,,,0.03414052245811324,0.006494370525987668,0.13101833620830028,0.07986911512950727,0.04767262738202018,-0.014453915621308681,0.034144267315314884,0.014828666883670814,4.542866633214131,0.9957137135737172,0.9990861643696283,0.9997465099425317,0.04718997829929068,0.01412717909189521,0.20786743691420487,0.13405763061462997,0.06249651529523644,0.042919118107573394,0.04513557639124467,0.019602131764240277,4.542866633433,0.9926622972079541,0.9989256471545542,0.9995478500228856,0.04718997829929068,0.01412717909189521,0.20786743691420487,0.13405763061462997,0.06249651529523644,0.042919118107573394,0.04513557639124467,0.019602131764240277,4.542866633433,0.9926622972079541,0.9989256471545542,0.9995478500228856,0.0461601694986983,0.012378217358682895,0.19276396337208787,0.12804815670729142,0.05918818203276589,0.040144301342597874,0.044343783368575196,0.0192582604236854,4.349340136225869,0.9929086355083151,0.9989725308955907,0.9995971176829579,0.03200269482707503,0.006909809519374953,0.14104054280185907,0.08127847184927106,0.04545645171645833,0.0015891130758499395,0.031482524611744285,0.013672686715263855,4.5428666305350305,0.9947482263642374,0.9990432538269847,0.9996797602095306,0.007272173650562763,0.05778867285698652,0.017432420514523983,ok,
759xd9YjKW5,d16ee55e1e434c8abc07c79b08204bf1,d16ee55e1e434c8abc07c79b08204bf1_i0_0,0,0,/mnt/priorbimda-data/PriorBIMDA-Datasets/Matterport3D/v1/scans/759xd9YjKW5/undistorted_color_images/d16ee55e1e434c8abc07c79b08204bf1_i0_0.jpg,/mnt/priorbimda-data/PriorBIMDA-Datasets/Matterport3D/v1/scans/759xd9YjKW5/undistorted_depth_images/d16ee55e1e434c8abc07c79b08204bf1_d0_0.png,1024,1280,406,504,1.4155678118069965,1228432,0.93721923828125,-5.947710037231445,4.8571600914001465,1.5742599964141846,True,204624,1.0,True,,1.0,204624,1.0277210474014282,0.02734377554176249,1.0093537228150962,0.018033527899046727,log-depth Laplacian fallback,,,,0.04627060392002914,0.008471320944281437,0.10112522214231343,0.06550826777460715,0.0698048754946593,-0.0070626021642699035,0.04527184826716417,0.01966131388799069,6.944667229964397,0.9916267241491592,0.9976181017752712,0.9983466728317074,0.049300073126223434,0.009777378506664002,0.11251481280070194,0.07235976787524462,0.07234753835788278,0.02028117355065961,0.047019987053556096,0.020420520916521762,6.944667238862741,0.9906384724592,0.9975749573439963,0.9982441030516952,0.049300073126223434,0.009777378506664002,0.11251481280070194,0.07235976787524462,0.07234753835788278,0.02028117355065961,0.047019987053556096,0.020420520916521762,6.944667238862741,0.9906384724592,0.9975749573439963,0.9982441030516952,0.044406162109007954,0.008756042537723984,0.10352517058549134,0.06323609138667341,0.06833339169328166,0.017208808145015544,0.04231133460327209,0.018375579140163186,6.613100137254464,0.9909453677533636,0.9975733292522501,0.9982384047305833,0.046051175000323935,0.008638795379720891,0.10274345427372995,0.06552124119688439,0.06948303646749762,0.0022476792456100876,0.04462367182816062,0.019379814437231756,6.944667230870359,0.9913125024421376,0.9976075191789208,0.9983124829050367,0.009218110702931881,0.05852930620312691,0.017417059279978275,ok,
759xd9YjKW5,d16ee55e1e434c8abc07c79b08204bf1,d16ee55e1e434c8abc07c79b08204bf1_i0_1,0,1,/mnt/priorbimda-data/PriorBIMDA-Datasets/Matterport3D/v1/scans/759xd9YjKW5/undistorted_color_images/d16ee55e1e434c8abc07c79b08204bf1_i0_1.jpg,/mnt/priorbimda-data/PriorBIMDA-Datasets/Matterport3D/v1/scans/759xd9YjKW5/undistorted_depth_images/d16ee55e1e434c8abc07c79b08204bf1_d0_1.png,1024,1280,406,504,1.4155678118069965,1231006,0.9391830444335938,-5.939819812774658,4.844930171966553,1.573889970779419,True,204624,1.0,True,,1.0,204624,1.024964690208435,0.024658163419869112,1.0336357958498823,0.008424322234353642,log-depth Laplacian fallback,,,,0.04821775670628331,0.007174842897936847,0.11583609800775921,0.08784343245417568,0.0648675699059756,-0.023141498754383608,0.0483529294518453,0.020999410444793642,6.059927937614021,0.9915678721305988,0.9985962700425506,0.9996620650102437,0.04147379724253743,0.006049380008089766,0.0997340140411779,0.07042559812052333,0.06061825565197014,0.0015166646403482226,0.040526623149635274,0.0176004888040592,6.059927925855494,0.991334729481416,0.9984727937962934,0.999535339389085,0.04147379724253743,0.006049380008089766,0.0997340140411779,0.07042559812052333,0.06061825565197014,0.0015166646403482226,0.040526623149635274,0.0176004888040592,6.059927925855494,0.991334729481416,0.9984727937962934,0.999535339389085,0.04068909814036586,0.00614794519985246,0.1016530319277339,0.07077580028010551,0.06085542311360993,-0.0010161746555822403,0.03973379368386747,0.017256167341985932,6.084693838974844,0.9912388729218217,0.9984687320776665,0.9995190925145775,0.04131862070930101,0.006181332765229807,0.09918355652408127,0.06847470885322088,0.061409258383989924,0.00994104385306933,0.04002337246756167,0.017381929809820566,6.059927938831442,0.9913111715133801,0.9984492358282575,0.9994914728279147,0.0075853969901800156,0.05924902483820915,0.01746977772563696,ok,
759xd9YjKW5,d16ee55e1e434c8abc07c79b08204bf1,d16ee55e1e434c8abc07c79b08204bf1_i0_2,0,2,/mnt/priorbimda-data/PriorBIMDA-Datasets/Matterport3D/v1/scans/759xd9YjKW5/undistorted_color_images/d16ee55e1e434c8abc07c79b08204bf1_i0_2.jpg,/mnt/priorbimda-data/PriorBIMDA-Datasets/Matterport3D/v1/scans/759xd9YjKW5/undistorted_depth_images/d16ee55e1e434c8abc07c79b08204bf1_d0_2.png,1024,1280,406,504,1.4155678118069965,976016,0.74464111328125,-5.946469783782959,4.831999778747559,1.5734699964523315,True,204624,1.0,True,,1.0,204624,0.936664879322052,-0.06542971352137342,0.8217789969894977,0.13085406666404276,log-depth Laplacian fallback,,,,0.19756662506665107,0.03656676704439452,0.17892542488340726,0.16743106800625626,0.190982932293841,0.17008567024733293,0.17826473319103717,0.07741938994282281,8.686394651447392,0.7022077506926115,0.9966219816068589,0.9993832068326749,0.13016937657735014,0.017643736156527697,0.12599809600355466,0.10866206439875757,0.1360081412353053,0.10465595674951843,0.12154667204449003,0.05278704896262626,8.686394648601734,0.9897737332174882,0.998587113326011,0.9995829986393666,0.13016937657735014,0.017643736156527697,0.12599809600355466,0.10866206439875757,0.1360081412353053,0.10465595674951843,0.12154667204449003,0.05278704896262626,8.686394648601734,0.9897737332174882,0.998587113326011,0.9995829986393666,0.13524159885326933,0.018695137358680516,0.12807466440818013,0.11171323908317196,0.140702314683773,0.1094645879362924,0.1257968328037787,0.05463287032758709,8.840048272101907,0.9900606137604302,0.998493877149555,0.9995594334519107,0.05794034066571571,0.010369792887267495,0.12596688440652118,0.07312767503488173,0.09072863479553424,-0.02619809084970366,0.06060652357388291,0.02632107875547669,8.686394653532673,0.9421976688906739,0.9990994000098359,0.9999610662120293,0.008532538078725338,0.05718655791133642,0.01743131224066019,ok,
759xd9YjKW5,d16ee55e1e434c8abc07c79b08204bf1,d16ee55e1e434c8abc07c79b08204bf1_i0_3,0,3,/mnt/priorbimda-data/PriorBIMDA-Datasets/Matterport3D/v1/scans/759xd9YjKW5/undistorted_color_images/d16ee55e1e434c8abc07c79b08204bf1_i0_3.jpg,/mnt/priorbimda-data/PriorBIMDA-Datasets/Matterport3D/v1/scans/759xd9YjKW5/undistorted_depth_images/d16ee55e1e434c8abc07c79b08204bf1_d0_3.png,1024,1280,406,504,1.4155678118069965,941188,0.7180694580078125,-5.960999965667725,4.83128023147583,1.5734200477600098,True,204624,1.0,True,,1.0,204624,0.8462061882019043,-0.16699222779227316,0.7999860046660496,0.0561688178423993,log-depth Laplacian fallback,,,,0.24751454413851195,0.07829845623232154,0.3168698138139317,0.2758066542682356,0.22763049894604406,0.21864765634067224,0.2186591861325427,0.09496247795481931,6.331545172512208,0.4998087523427838,0.9945908787617351,0.9956172411887955,0.05795799241835157,0.010453812307424351,0.10264615962855715,0.0653091472709368,0.08171370587731536,0.051655428474149015,0.05400297053390548,0.02345319210925905,6.331545180567283,0.9937483265829994,0.9954695554979451,0.996280233067145,0.05795799241835157,0.010453812307424351,0.10264615962855715,0.0653091472709368,0.08171370587731536,0.051655428474149015,0.05400297053390548,0.02345319210925905,6.331545180567283,0.9937483265829994,0.9954695554979451,0.996280233067145,0.058349451633945414,0.01008356578734594,0.09680555558533993,0.060976364412977234,0.08217001484698652,0.053113442332372515,0.05432634199890218,0.0235936305521121,6.269667920679471,0.9938290755938239,0.9954429933233317,0.9962611083014233,0.031209260754409336,0.00611632637979093,0.06966670488330293,0.029541642789528418,0.06347611449666478,-0.004513389093424551,0.02956408841425068,0.012839520460808936,6.331545175140942,0.9945207546207558,0.9956172411887955,0.996512917716758,0.00768505223095417,0.05827904585748911,0.01746329478919506,ok,
759xd9YjKW5,d16ee55e1e434c8abc07c79b08204bf1,d16ee55e1e434c8abc07c79b08204bf1_i0_4,0,4,/mnt/priorbimda-data/PriorBIMDA-Datasets/Matterport3D/v1/scans/759xd9YjKW5/undistorted_color_images/d16ee55e1e434c8abc07c79b08204bf1_i0_4.jpg,/mnt/priorbimda-data/PriorBIMDA-Datasets/Matterport3D/v1/scans/759xd9YjKW5/undistorted_depth_images/d16ee55e1e434c8abc07c79b08204bf1_d0_4.png,1024,1280,406,504,1.4155678118069965,1226162,0.9354873657226562,-5.968890190124512,4.843500137329102,1.5737899541854858,True,204624,1.0,True,,1.0,204624,0.8412625193595886,-0.17285151628003884,0.8777503361687271,0.04245843533552085,log-depth Laplacian fallback,,,,0.1236859521778247,0.03309555789357515,0.2400203253441087,0.20987507246842302,0.12950583688970335,0.11440668100396746,0.1148312347608178,0.049870571606760034,6.068668000606787,0.9748826011571065,0.9997031387369695,0.9999934755766366,0.062121518046010064,0.009016352351555894,0.1147316647980887,0.0932950459378742,0.08425361654017888,-0.058444835287478486,0.06521822648847732,0.0283239158834622,6.068667999090916,0.9974962525343307,0.9999478046130935,1.0,0.062121518046010064,0.009016352351555894,0.1147316647980887,0.0932950459378742,0.08425361654017888,-0.058444835287478486,0.06521822648847732,0.0283239158834622,6.068667999090916,0.9974962525343307,0.9999478046130935,1.0,0.06226348258505136,0.008479899804922295,0.11148107505014283,0.09418928423141953,0.08122517045700485,-0.059504385935789404,0.06509348457462903,0.02826974115861585,5.528794054922034,0.9974236683244139,0.999938833530969,1.0,0.047385242020167834,0.0051909134388858575,0.08618069114341811,0.07103279914642396,0.06275697632636924,-0.015986398883982452,0.04828382419145015,0.020969398411533547,6.068667999117001,0.9994943571893437,0.9999005025437095,1.0,0.009056265465915203,0.05758596211671829,0.0174359530210495,ok,
759xd9YjKW5,d16ee55e1e434c8abc07c79b08204bf1,d16ee55e1e434c8abc07c79b08204bf1_i0_5,0,5,/mnt/priorbimda-data/PriorBIMDA-Datasets/Matterport3D/v1/scans/759xd9YjKW5/undistorted_color_images/d16ee55e1e434c8abc07c79b08204bf1_i0_5.jpg,/mnt/priorbimda-data/PriorBIMDA-Datasets/Matterport3D/v1/scans/759xd9YjKW5/undistorted_depth_images/d16ee55e1e434c8abc07c79b08204bf1_d0_5.png,1024,1280,406,504,1.4155678118069965,1226612,0.9358306884765625,-5.962240219116211,4.85644006729126,1.5742100477218628,True,204624,1.0,True,,1.0,204624,0.9685236215591431,-0.03198240659343988,0.9759022158266383,0.007589520302957155,log-depth Laplacian fallback,,,,0.0620569230830074,0.008545902018904499,0.10326445051298162,0.07952593237910259,0.07809764867880402,0.03906075123614293,0.059344709536003494,0.0257730798816376,6.762766033233782,0.9926284758342492,1.0,1.0,0.056584652319385836,0.006359716761055002,0.09153384334194332,0.07544602077322557,0.06799708368020106,0.007078344605922739,0.05573397306561083,0.02420495695693921,6.762766021867139,0.9935668328697257,1.0,1.0,0.056584652319385836,0.006359716761055002,0.09153384334194332,0.07544602077322557,0.06799708368020106,0.007078344605922739,0.05573397306561083,0.02420495695693921,6.762766021867139,0.9935668328697257,1.0,1.0,0.051647788248017856,0.005467126413558782,0.08603019010068973,0.0704283984020549,0.062348180635578766,0.0031756099316961237,0.05102828938600044,0.022161304501302263,6.226725568168611,0.9937486344500135,1.0,1.0,0.05673846238638832,0.006603157030377926,0.09233191382315613,0.07469070897204153,0.06920004498709638,0.014667848461462275,0.05545810210611731,0.024085147721513846,6.7627660374492775,0.9932888313500928,1.0,1.0,0.008539029397070408,0.05803897883743048,0.017487432807683945,ok,
759xd9YjKW5,d16ee55e1e434c8abc07c79b08204bf1,d16ee55e1e434c8abc07c79b08204bf1_i1_0,1,0,/mnt/priorbimda-data/PriorBIMDA-Datasets/Matterport3D/v1/scans/759xd9YjKW5/undistorted_color_images/d16ee55e1e434c8abc07c79b08204bf1_i1_0.jpg,/mnt/priorbimda-data/PriorBIMDA-Datasets/Matterport3D/v1/scans/759xd9YjKW5/undistorted_depth_images/d16ee55e1e434c8abc07c79b08204bf1_d1_0.png,1024,1280,406,504,1.4121168655554452,1233331,0.9409568786621094,-5.95281982421875,4.846290111541748,1.6071699857711792,True,204624,1.0,True,,1.0,204624,1.0096286535263062,0.009582593470129613,0.9634768133725883,0.046789449887320714,log-depth Laplacian fallback,,,,0.09948772012290931,0.1585769040591036,0.42543193369901694,0.15133812863497012,0.16781100995168038,0.05200751197632007,0.07685225681657441,0.033376511057249814,15.95485937231535,0.9778218499332296,0.9877672741543024,0.9891132226466375,0.10575536606363427,0.1629259792826038,0.42850519358242717,0.15836517563309715,0.17102366755065235,0.061590105476898874,0.08213716352321604,0.03567171687731776,15.954859375695083,0.9772623894153313,0.9877875444629219,0.9890516009084341,0.10575536606363427,0.1629259792826038,0.42850519358242717,0.15836517563309715,0.17102366755065235,0.061590105476898874,0.08213716352321604,0.03567171687731776,15.954859375695083,0.9772623894153313,0.9877875444629219,0.9890516009084341,0.09961904225213984,0.1601098419629046,0.42627979636999375,0.1501914853832519,0.16829915121535302,0.05606725844796064,0.07661207678607942,0.03327220219534252,15.868543357831507,0.9775964441013807,0.9877372740975456,0.9891318713305673,0.08530776631646933,0.14607220187570139,0.4257618270537004,0.15003909705602445,0.16023362281646714,0.014800679702114461,0.06605264394295933,0.028686298779547467,15.954859373007736,0.9794815828029945,0.9875264628879028,0.9899816026678969,0.007860583253204823,0.05890090484172106,0.01742644887417555,ok,
759xd9YjKW5,d16ee55e1e434c8abc07c79b08204bf1,d16ee55e1e434c8abc07c79b08204bf1_i1_1,1,1,/mnt/priorbimda-data/PriorBIMDA-Datasets/Matterport3D/v1/scans/759xd9YjKW5/undistorted_color_images/d16ee55e1e434c8abc07c79b08204bf1_i1_1.jpg,/mnt/priorbimda-data/PriorBIMDA-Datasets/Matterport3D/v1/scans/759xd9YjKW5/undistorted_depth_images/d16ee55e1e434c8abc07c79b08204bf1_d1_1.png,1024,1280,406,504,1.4121168655554452,1085994,0.8285476684570312,-5.950930118560791,4.843349933624268,1.6070799827575684,True,204624,1.0,True,,1.0,204624,1.0155616998672485,0.015441858309046385,0.9979215738025802,0.017522447431701914,log-depth Laplacian fallback,,,,0.03776058587392221,0.017204792578562902,0.21649909562872907,0.11136790625081491,0.07510423785401282,0.004656818407003078,0.03656756671815654,0.01588109244232439,7.495972642663746,0.9674454923323702,0.9967007184201754,0.9992080987556101,0.04310324677160264,0.018855374923198786,0.22592560602652662,0.12696398133153822,0.0776074568803799,0.020098676611290604,0.04129457041621863,0.017934004064329025,7.495972626627438,0.9685854617981314,0.9954226266443461,0.9990856303073498,0.04310324677160264,0.018855374923198786,0.22592560602652662,0.12696398133153822,0.0776074568803799,0.020098676611290604,0.04129457041621863,0.017934004064329025,7.495972626627438,0.9685854617981314,0.9954226266443461,0.9990856303073498,0.044781475475866424,0.019157454293988106,0.22828594739506933,0.13191406639717299,0.07791558250031143,0.021719917274517952,0.04283781771357784,0.018604227849784237,7.482702178993184,0.969583625692223,0.9954474886601583,0.9990755013379448,0.03760664633304681,0.01711618707624925,0.21654815459943466,0.11154476510346192,0.07500398392708063,0.0025762415541762712,0.03649200460928005,0.015848276235398355,7.4959726416178345,0.9674160262395557,0.9968121370836303,0.99922835669442,0.00838087685406208,0.05950821563601494,0.017433345317840576,ok,
759xd9YjKW5,d16ee55e1e434c8abc07c79b08204bf1,d16ee55e1e434c8abc07c79b08204bf1_i1_2,1,2,/mnt/priorbimda-data/PriorBIMDA-Datasets/Matterport3D/v1/scans/759xd9YjKW5/undistorted_color_images/d16ee55e1e434c8abc07c79b08204bf1_i1_2.jpg,/mnt/priorbimda-data/PriorBIMDA-Datasets/Matterport3D/v1/scans/759xd9YjKW5/undistorted_depth_images/d16ee55e1e434c8abc07c79b08204bf1_d1_2.png,1024,1280,406,504,1.4121168655554452,579159,0.4418632507324219,-5.9525299072265625,4.840240001678467,1.6069799661636353,True,204624,1.0,True,,1.0,204624,1.2252256870269775,0.20312506133537114,0.8371682405802798,0.38085528574917127,log-depth Laplacian fallback,,,,0.17879877099237462,0.031151908120924023,0.16263865245665943,0.14333311956689543,0.17791125743290617,0.12916815401132617,0.1638270244947683,0.07114917272470674,12.234379228495468,0.9656916321770015,0.9934094091605241,0.9974929164529948,0.40536648164445677,0.14345607756202453,0.34468635600251063,0.3191923029435925,0.35409996410924,0.3322932155175683,0.3332372376748846,0.14472309348688478,12.234379225428626,0.20403378001550523,0.9775312133628243,0.9945558991572263,0.40536648164445677,0.14345607756202453,0.34468635600251063,0.3191923029435925,0.35409996410924,0.3322932155175683,0.3332372376748846,0.14472309348688478,12.234379225428626,0.20403378001550523,0.9775312133628243,0.9945558991572263,0.41056799981859493,0.14559399094951003,0.3449244374900469,0.3220855984189894,0.35765205626406155,0.3361044257621926,0.3369022650274903,0.14631479464214592,12.226531942042348,0.20423579707817716,0.9768992625513891,0.9940758928031853,0.06639309000032743,0.021225954361358778,0.17773812411021764,0.0919152018027501,0.1316293317023411,-0.04856209897650322,0.0720588795110206,0.03129477374376754,12.234379227161977,0.8413596266310288,0.9952310160076939,0.9984960952001091,0.00839174259454012,0.05948119796812534,0.017621726728975773,ok,
759xd9YjKW5,d16ee55e1e434c8abc07c79b08204bf1,d16ee55e1e434c8abc07c79b08204bf1_i1_3,1,3,/mnt/priorbimda-data/PriorBIMDA-Datasets/Matterport3D/v1/scans/759xd9YjKW5/undistorted_color_images/d16ee55e1e434c8abc07c79b08204bf1_i1_3.jpg,/mnt/priorbimda-data/PriorBIMDA-Datasets/Matterport3D/v1/scans/759xd9YjKW5/undistorted_depth_images/d16ee55e1e434c8abc07c79b08204bf1_d1_3.png,1024,1280,406,504,1.4121168655554452,454743,0.3469413757324219,-5.956019878387451,4.840060234069824,1.606969952583313,True,204624,1.0,True,,1.0,204624,0.9982620477676392,-0.0017394642234412937,0.9547102149741682,0.04460796014276717,log-depth Laplacian fallback,,,,0.1430715758668139,0.06871761584389686,0.2161635027653578,0.11998636045039182,0.20780491457989173,0.11386416693479799,0.11477033367187958,0.04984412259989231,17.383277599981124,0.7675940036460155,0.98221193069492,0.9840481326815366,0.1412241256580846,0.06807282666011158,0.21481213333676602,0.11757821573325809,0.20685691422285493,0.11212470291247248,0.11317014098134086,0.04914916774440939,17.383277584676414,0.767761131012462,0.9822295230492828,0.9840591279030133,0.1412241256580846,0.06807282666011158,0.21481213333676602,0.11757821573325809,0.20685691422285493,0.11212470291247248,0.11317014098134086,0.04914916774440939,17.383277584676414,0.767761131012462,0.9822295230492828,0.9840591279030133,0.13830992606872008,0.06725498481465672,0.2114180834114001,0.11138325625289627,0.20697379706075802,0.1063685926369856,0.11028494526076747,0.047896143163753506,17.754964142508104,0.7675830084245387,0.9822383192264642,0.9840767202573761,0.11477378795763823,0.0553096767311413,0.19113659791211188,0.09113541054349152,0.18648415585511163,0.06751671172607063,0.09226154309314374,0.040068679057231396,17.38327760311393,0.7899274975095824,0.9827397013258038,0.9844769463191297,0.007782157510519028,0.05678410176187754,0.017462211661040783,ok,
759xd9YjKW5,d16ee55e1e434c8abc07c79b08204bf1,d16ee55e1e434c8abc07c79b08204bf1_i1_4,1,4,/mnt/priorbimda-data/PriorBIMDA-Datasets/Matterport3D/v1/scans/759xd9YjKW5/undistorted_color_images/d16ee55e1e434c8abc07c79b08204bf1_i1_4.jpg,/mnt/priorbimda-data/PriorBIMDA-Datasets/Matterport3D/v1/scans/759xd9YjKW5/undistorted_depth_images/d16ee55e1e434c8abc07c79b08204bf1_d1_4.png,1024,1280,406,504,1.4121168655554452,1305865,0.9962959289550781,-5.957920074462891,4.8429999351501465,1.6070599555969238,True,204624,1.0,True,,1.0,204624,0.9642767310142517,-0.03637696019948936,1.0190810522772398,0.05527825227513225,log-depth Laplacian fallback,,,,0.026403896620369686,0.0018153416546877958,0.05321451393180066,0.04193194922722137,0.03508274852796491,-0.02476851053686261,0.026982946365648495,0.011718544712092539,2.4845927836604336,1.0,1.0,1.0,0.05922563775076359,0.006418367234539707,0.10135937898382029,0.09583575134358627,0.06600067209811751,-0.06114547071974962,0.06134108499490375,0.026640094727245045,2.484592779236608,1.0,1.0,1.0,0.05922563775076359,0.006418367234539707,0.10135937898382029,0.09583575134358627,0.06600067209811751,-0.06114547071974962,0.06134108499490375,0.026640094727245045,2.484592779236608,1.0,1.0,1.0,0.060942237334591864,0.006482077128142395,0.10222016478893857,0.09898008197696744,0.06591720680711591,-0.0628182408332635,0.06305416696334563,0.027384076773187348,1.9973651941149744,1.0,1.0,1.0,0.02032522674994514,0.0009956137563720954,0.039493606261703534,0.03241805329558903,0.025529297388068403,-0.0058672731959432305,0.020483434210710617,0.008895842448139903,2.4845927842859927,1.0,1.0,1.0,0.008623703382909298,0.05644818861037493,0.01748107373714447,ok,
759xd9YjKW5,d16ee55e1e434c8abc07c79b08204bf1,d16ee55e1e434c8abc07c79b08204bf1_i1_5,1,5,/mnt/priorbimda-data/PriorBIMDA-Datasets/Matterport3D/v1/scans/759xd9YjKW5/undistorted_color_images/d16ee55e1e434c8abc07c79b08204bf1_i1_5.jpg,/mnt/priorbimda-data/PriorBIMDA-Datasets/Matterport3D/v1/scans/759xd9YjKW5/undistorted_depth_images/d16ee55e1e434c8abc07c79b08204bf1_d1_5.png,1024,1280,406,504,1.4121168655554452,1299285,0.9912757873535156,-5.956319808959961,4.8461198806762695,1.607159972190857,True,204624,1.0,True,,1.0,204624,0.9357506632804871,-0.06640622337552872,1.0335457264038466,0.09940156675886416,log-depth Laplacian fallback,,,,0.038028858481674394,0.0030288138871400736,0.059467568158170614,0.04590076167258386,0.05060282472055084,-0.03241457153908017,0.0385448085343877,0.016739797652501946,3.8857964712998605,0.9927006007150087,1.0,1.0,0.09754220795687173,0.012741175782327228,0.12983177193463766,0.1256127155481249,0.10618611449908809,-0.09882079484588757,0.10256691790815362,0.04454424647333493,3.885796467187192,0.9926844379793501,1.0,1.0,0.09754220795687173,0.012741175782327228,0.12983177193463766,0.1256127155481249,0.10618611449908809,-0.09882079484588757,0.10256691790815362,0.04454424647333493,3.885796467187192,0.9926844379793501,1.0,1.0,0.09744691211605498,0.012879750660161022,0.1319724435422247,0.12690586593861908,0.10557352379126796,-0.09852072535201843,0.10239264624047513,0.04446856124971009,3.79398945941811,0.9926444159672435,1.0,1.0,0.022635569202670396,0.0020643605821262464,0.04905210272113338,0.028029627149334088,0.03886230465509985,0.0005807777326394886,0.022236877280479853,0.009657353097672192,3.8857964696199234,0.9926690448977707,1.0,1.0,0.007873233407735825,0.0575585700571537,0.01744138542562723,ok,
759xd9YjKW5,d16ee55e1e434c8abc07c79b08204bf1,d16ee55e1e434c8abc07c79b08204bf1_i2_0,2,0,/mnt/priorbimda-data/PriorBIMDA-Datasets/Matterport3D/v1/scans/759xd9YjKW5/undistorted_color_images/d16ee55e1e434c8abc07c79b08204bf1_i2_0.jpg,/mnt/priorbimda-data/PriorBIMDA-Datasets/Matterport3D/v1/scans/759xd9YjKW5/undistorted_depth_images/d16ee55e1e434c8abc07c79b08204bf1_d2_0.png,1024,1280,406,504,1.4165615917841592,1211525,0.9243202209472656,-5.947850227355957,4.855070114135742,1.6407300233840942,True,204624,1.0,True,,1.0,204624,1.0770423412322998,0.07421871145189213,1.0120783905928423,0.06221268252645045,log-depth Laplacian fallback,,,,0.04135854365804412,0.024986311863415697,0.17301747296852438,0.06429212501160672,0.0877085228149644,-0.0026428955116840395,0.036852385905482156,0.016004787843720072,8.766869496974076,0.9835248963083717,0.9947454654258063,0.997198572047626,0.08062373865154454,0.03777403344568007,0.2221053278461411,0.12592382269498378,0.11317639990775491,0.0715758158686103,0.07226070432388644,0.031382425146306375,8.76686949761593,0.9773318751160727,0.9899325230597801,0.997083840614102,0.08062373865154454,0.03777403344568007,0.2221053278461411,0.12592382269498378,0.11317639990775491,0.0715758158686103,0.07226070432388644,0.031382425146306375,8.76686949761593,0.9773318751160727,0.9899325230597801,0.997083840614102,0.0798503523904518,0.03782639980825621,0.22190253406467683,0.12419322080897138,0.11326070785982374,0.07072094536443568,0.07147515178094566,0.03104126401166211,8.84677106727016,0.9774119394977404,0.9898351251521842,0.9970755865541363,0.03937647630398394,0.025603010381594103,0.17373167829862002,0.057246871025169045,0.08816727623997991,0.009363147077664238,0.03439036237069785,0.014935544608247298,8.7668694962221,0.9826557437939787,0.9940702833206083,0.9971746352737253,0.008332548663020134,0.05834399163722992,0.017490562982857227,ok,
759xd9YjKW5,d16ee55e1e434c8abc07c79b08204bf1,d16ee55e1e434c8abc07c79b08204bf1_i2_1,2,1,/mnt/priorbimda-data/PriorBIMDA-Datasets/Matterport3D/v1/scans/759xd9YjKW5/undistorted_color_images/d16ee55e1e434c8abc07c79b08204bf1_i2_1.jpg,/mnt/priorbimda-data/PriorBIMDA-Datasets/Matterport3D/v1/scans/759xd9YjKW5/undistorted_depth_images/d16ee55e1e434c8abc07c79b08204bf1_d2_1.png,1024,1280,406,504,1.4165615917841592,1220128,0.9308837890625,-5.93996000289917,4.842850208282471,1.6403599977493286,True,204624,1.0,True,,1.0,204624,1.0508091449737549,0.04956048165943557,1.0240077820002358,0.025836355461391153,log-depth Laplacian fallback,,,,0.036973966639639935,0.010810739677620477,0.14911328960867878,0.07353767679707761,0.06284527640352407,-0.012919755293706479,0.0357092462205982,0.015508328586530356,6.150291610473508,0.9814494872669097,0.997914972855307,0.9996123357549372,0.04157625266483304,0.015035206963078305,0.1773610102074278,0.08743233473007116,0.07159016356235416,0.03664072641615234,0.038722972923077054,0.016817173463381404,6.150291608193304,0.9783162094468777,0.9950292100500931,0.9994041608749246,0.04157625266483304,0.015035206963078305,0.1773610102074278,0.08743233473007116,0.07159016356235416,0.03664072641615234,0.038722972923077054,0.016817173463381404,6.150291608193304,0.9783162094468777,0.9950292100500931,0.9994041608749246,0.043640156973128785,0.01607258648369489,0.18386590233374067,0.09210996604840742,0.07395667429520761,0.03884455516016057,0.040583427557889386,0.01762515864511172,6.2934014707602,0.9779498544415012,0.9940981601930289,0.9993738361876787,0.028066988240467154,0.011495955785444403,0.15360407554995442,0.056343190890887025,0.062444723077332634,0.010804385758327251,0.026063104232377433,0.011319062349390818,6.150291609826329,0.9799291549739044,0.9970585053371449,0.9994803823861103,0.007819079793989658,0.05833018850535154,0.017514063976705074,ok,
759xd9YjKW5,d16ee55e1e434c8abc07c79b08204bf1,d16ee55e1e434c8abc07c79b08204bf1_i2_2,2,2,/mnt/priorbimda-data/PriorBIMDA-Datasets/Matterport3D/v1/scans/759xd9YjKW5/undistorted_color_images/d16ee55e1e434c8abc07c79b08204bf1_i2_2.jpg,/mnt/priorbimda-data/PriorBIMDA-Datasets/Matterport3D/v1/scans/759xd9YjKW5/undistorted_depth_images/d16ee55e1e434c8abc07c79b08204bf1_d2_2.png,1024,1280,406,504,1.4165615917841592,954320,0.72808837890625,-5.946609973907471,4.829909801483154,1.6399400234222412,True,204624,1.0,True,,1.0,204624,1.0467125177383423,0.04565431704894236,0.9275348395947776,0.12087923934953693,log-depth Laplacian fallback,,,,0.07189495612378727,0.00658506317111527,0.07798389499783692,0.0649629465890871,0.08003176997050108,0.06827990251107047,0.06848985033404448,0.029744764066455102,4.174852234139446,0.9973048872495599,0.9983663760583452,0.9989605163886327,0.12175818811576525,0.015818193937593476,0.12631237586649557,0.1165612526370375,0.12134226589619429,0.11393421953082093,0.1139435794225151,0.04948506779150329,4.1748522281937355,0.9970963618073602,0.9981714728812139,0.9987132198843155,0.12175818811576525,0.015818193937593476,0.12631237586649557,0.1165612526370375,0.12134226589619429,0.11393421953082093,0.1139435794225151,0.04948506779150329,4.1748522281937355,0.9970963618073602,0.9981714728812139,0.9987132198843155,0.12646886074191332,0.017132425312673713,0.13010643850383843,0.11922229485331302,0.12682238246115135,0.11790212568764755,0.11791644888388955,0.05121046307590013,4.672264388341816,0.9970513035459804,0.9981358454187275,0.9986754966887417,0.027414563848287863,0.0024766196318706255,0.054584654339036205,0.032217445382604015,0.042322248637277786,-0.006945042380628668,0.027274883720387687,0.011845331494317213,4.174852232171617,0.9976569704082489,0.9985120295079218,0.9996500125743986,0.0084972083568573,0.05862547643482685,0.017440250143408775,ok,
759xd9YjKW5,d16ee55e1e434c8abc07c79b08204bf1,d16ee55e1e434c8abc07c79b08204bf1_i2_3,2,3,/mnt/priorbimda-data/PriorBIMDA-Datasets/Matterport3D/v1/scans/759xd9YjKW5/undistorted_color_images/d16ee55e1e434c8abc07c79b08204bf1_i2_3.jpg,/mnt/priorbimda-data/PriorBIMDA-Datasets/Matterport3D/v1/scans/759xd9YjKW5/undistorted_depth_images/d16ee55e1e434c8abc07c79b08204bf1_d2_3.png,1024,1280,406,504,1.4165615917841592,942683,0.7192100524902344,-5.961140155792236,4.82919979095459,1.6398899555206299,True,204624,1.0,True,,1.0,204624,1.0112937688827515,0.01123047041462102,0.9167764473601113,0.0981220938185126,log-depth Laplacian fallback,,,,0.1002080521016025,0.022284681078490198,0.14909210259517708,0.10929388945305551,0.11616505768927893,0.09210444669794718,0.09210645773110034,0.040001326340271974,7.078906360744227,0.9946524971809187,0.9958512034268148,0.9968918501765704,0.11263207756926435,0.025448629431532047,0.16245987259939873,0.12480528733444277,0.12525652328376063,0.10333491708301586,0.10333546871723748,0.04487802384878235,7.078906367922595,0.9944700392390655,0.9958034673373765,0.9968451748891197,0.11263207756926435,0.025448629431532047,0.16245987259939873,0.12480528733444277,0.12525652328376063,0.10333491708301586,0.10333546871723748,0.04487802384878235,7.078906367922595,0.9944700392390655,0.9958034673373765,0.9968451748891197,0.1138079412532257,0.025425405040399803,0.15960397640883164,0.12239996854683077,0.12746698964373657,0.10420729626873751,0.10421421355034395,0.045259657880801475,7.340758035241326,0.9944350327734774,0.9957971025254513,0.9968345668692444,0.03503860185469649,0.010810075512607749,0.09626424688843797,0.039987095229663636,0.07098073487850266,0.0052127920343208,0.032182430855693535,0.013976652134860644,7.078906358399725,0.9952348774720664,0.9962108153005835,0.9971305306237622,0.007912468165159225,0.0590081000700593,0.017459898255765438,ok,
759xd9YjKW5,d16ee55e1e434c8abc07c79b08204bf1,d16ee55e1e434c8abc07c79b08204bf1_i2_4,2,4,/mnt/priorbimda-data/PriorBIMDA-Datasets/Matterport3D/v1/scans/759xd9YjKW5/undistorted_color_images/d16ee55e1e434c8abc07c79b08204bf1_i2_4.jpg,/mnt/priorbimda-data/PriorBIMDA-Datasets/Matterport3D/v1/scans/759xd9YjKW5/undistorted_depth_images/d16ee55e1e434c8abc07c79b08204bf1_d2_4.png,1024,1280,406,504,1.4165615917841592,1240656,0.94654541015625,-5.969029903411865,4.8414201736450195,1.6402499675750732,True,204624,1.0,True,,1.0,204624,1.0079046487808228,0.007873570711368957,1.00936445897484,0.0014473135420840985,log-depth Laplacian fallback,,,,0.02660289619423694,0.0025952520262002374,0.06334165206696901,0.047122654946431634,0.03926761099283807,-0.009080559362610882,0.02662292658805347,0.011562190109306992,3.820325528992205,0.9972756348254472,0.9991818844224346,1.0,0.025717216157346286,0.002510570438289663,0.06202698133384571,0.045523737864886754,0.038222317259497755,-0.0012069886165472594,0.02553227853335158,0.011088527677451438,3.8203255295396303,0.9972296913890716,0.9991262686836642,0.9999991939748004,0.025717216157346286,0.002510570438289663,0.06202698133384571,0.045523737864886754,0.038222317259497755,-0.0012069886165472594,0.02553227853335158,0.011088527677451438,3.8203255295396303,0.9972296913890716,0.9991262686836642,0.9999991939748004,0.01955600593858766,0.0019945300253711275,0.05344227937356923,0.033638803885921505,0.03462676157985993,-0.004385205714615793,0.019479358163907706,0.008459777761602174,3.4347963379929305,0.9972127648598805,0.9991045060032757,0.9999967758992017,0.025722067903122793,0.002520133968819366,0.06216815573386193,0.04554298722867439,0.03820401139806334,0.00024035141383211254,0.02549991252238929,0.011074471297489294,3.820325533382231,0.9972192130614772,0.9991157903560697,0.9999991939748004,0.008249706588685513,0.056931737810373306,0.017426002770662308,ok,
759xd9YjKW5,d16ee55e1e434c8abc07c79b08204bf1,d16ee55e1e434c8abc07c79b08204bf1_i2_5,2,5,/mnt/priorbimda-data/PriorBIMDA-Datasets/Matterport3D/v1/scans/759xd9YjKW5/undistorted_color_images/d16ee55e1e434c8abc07c79b08204bf1_i2_5.jpg,/mnt/priorbimda-data/PriorBIMDA-Datasets/Matterport3D/v1/scans/759xd9YjKW5/undistorted_depth_images/d16ee55e1e434c8abc07c79b08204bf1_d2_5.png,1024,1280,406,504,1.4165615917841592,1224971,0.9345787048339844,-5.9623799324035645,4.8543500900268555,1.6406699419021606,True,204624,1.0,True,,1.0,204624,0.941249668598175,-0.060546851955027924,1.0143605515191008,0.07480526741298466,log-depth Laplacian fallback,,,,0.037772898890136984,0.0043569151046713595,0.07712587145626361,0.05294915288744534,0.0552487462483452,-0.008170483539007399,0.03756305206602538,0.016313426235719356,5.464125877716258,0.9895997537900897,0.9993705973447534,1.0,0.07249991172401687,0.010869250216792857,0.1326195818880768,0.11104214430756298,0.08779373173448322,-0.06871733546300306,0.07545676743621031,0.03277045771980313,5.464125857565424,0.9846624940508796,0.9996424405149184,1.0,0.07249991172401687,0.010869250216792857,0.1326195818880768,0.11104214430756298,0.08779373173448322,-0.06871733546300306,0.07545676743621031,0.03277045771980313,5.464125857565424,0.9846624940508796,0.9996424405149184,1.0,0.0707465883722384,0.010701260106710063,0.13210860272682448,0.10924918616682316,0.08656820308681717,-0.06708409283486473,0.07358045443477483,0.03195558533695635,5.471542994625624,0.984712291148117,0.9996081539889515,1.0,0.03603219261190402,0.004267484977989516,0.07380184849495437,0.04741695897590487,0.054979359949608446,0.0060879275282555625,0.03530105187520073,0.015331052034780116,5.464125876001868,0.9889327992254511,0.9992807993005549,1.0,0.007924250327050686,0.05864851735532284,0.01749473623931408,ok,
759xd9YjKW5,d3bbb56e888d4b659563d6e135406870,d3bbb56e888d4b659563d6e135406870_i0_0,0,0,/mnt/priorbimda-data/PriorBIMDA-Datasets/Matterport3D/v1/scans/759xd9YjKW5/undistorted_color_images/d3bbb56e888d4b659563d6e135406870_i0_0.jpg,/mnt/priorbimda-data/PriorBIMDA-Datasets/Matterport3D/v1/scans/759xd9YjKW5/undistorted_depth_images/d3bbb56e888d4b659563d6e135406870_d0_0.png,1024,1280,406,504,1.4155678118069965,1245664,0.9503662109375,-5.139780044555664,6.0148701667785645,1.563889980316162,True,204624,1.0,True,,1.0,204624,1.071796178817749,0.0693359128714262,1.08682080530434,0.01392082915206884,log-depth Laplacian fallback,,,,0.08893596358728097,0.017383688735478197,0.1731966125074359,0.1547717388266088,0.11401370689260032,-0.09306167597402581,0.0950197615760637,0.0412665581242471,6.586842812984991,0.9558765445577619,1.0,1.0,0.04998456583693944,0.0072737417411484545,0.11761865188710799,0.08945410689465126,0.07001115369896302,-0.023725762935782137,0.0515485589459512,0.02238725470029111,6.586842806212161,0.9971750006422277,1.0,1.0,0.04998456583693944,0.0072737417411484545,0.11761865188710799,0.08945410689465126,0.07001115369896302,-0.023725762935782137,0.0515485589459512,0.02238725470029111,6.586842806212161,0.9971750006422277,1.0,1.0,0.04559240806780395,0.006175113271884449,0.10650581202891662,0.0802308963257395,0.06546780103548572,-0.02578797191075369,0.04711780783355611,0.020463003941491226,6.017485751667489,0.9989836745703496,1.0,1.0,0.04951064625566271,0.007365325093714382,0.12396318261853806,0.09194486742521447,0.06659418825079978,-0.009804901240915652,0.05038469721803682,0.02188179597415953,6.58684281005616,0.9990262221594266,1.0,1.0,0.008067434653639793,0.05831102095544338,0.017449429258704185,ok,
759xd9YjKW5,d3bbb56e888d4b659563d6e135406870,d3bbb56e888d4b659563d6e135406870_i0_1,0,1,/mnt/priorbimda-data/PriorBIMDA-Datasets/Matterport3D/v1/scans/759xd9YjKW5/undistorted_color_images/d3bbb56e888d4b659563d6e135406870_i0_1.jpg,/mnt/priorbimda-data/PriorBIMDA-Datasets/Matterport3D/v1/scans/759xd9YjKW5/undistorted_depth_images/d3bbb56e888d4b659563d6e135406870_d0_1.png,1024,1280,406,504,1.4155678118069965,1238053,0.9445594787597656,-5.149829864501953,6.004350185394287,1.5636999607086182,True,204624,1.0,True,,1.0,204624,1.0629363059997559,0.06103517846746481,1.0420665504606503,0.019829369171300903,log-depth Laplacian fallback,,,,0.05753530522251192,0.007750112716823803,0.10979208028033674,0.09088535839760627,0.07536008510006105,-0.046664035827516,0.059856492263088173,0.025995344295943867,5.917440482655272,0.9991470478242854,1.0,1.0,0.052014556656004435,0.007014330771625007,0.114454686849672,0.09371733329383682,0.06089449820490413,0.014371142584265561,0.05121683986308593,0.022243190933060725,5.917440470718553,0.9970219368637692,1.0,1.0,0.052014556656004435,0.007014330771625007,0.114454686849672,0.09371733329383682,0.06089449820490413,0.014371142584265561,0.05121683986308593,0.022243190933060725,5.917440470718553,0.9970219368637692,1.0,1.0,0.04846923789185656,0.006393587311391525,0.10887442788198363,0.08698708347850052,0.0582040541163126,0.01188185948825634,0.047740325735033166,0.0207333600309887,5.697835844139402,0.9974791063064343,1.0,1.0,0.049361597072243586,0.005789418782927517,0.09969019988763425,0.08376182759354463,0.0594256020200426,-0.005458203898059043,0.049563107781634676,0.02152498421554007,5.917440481873649,0.99827471037185,1.0,1.0,0.007801559753715992,0.056814076378941536,0.017517993226647377,ok,
759xd9YjKW5,d3bbb56e888d4b659563d6e135406870,d3bbb56e888d4b659563d6e135406870_i0_2,0,2,/mnt/priorbimda-data/PriorBIMDA-Datasets/Matterport3D/v1/scans/759xd9YjKW5/undistorted_color_images/d3bbb56e888d4b659563d6e135406870_i0_2.jpg,/mnt/priorbimda-data/PriorBIMDA-Datasets/Matterport3D/v1/scans/759xd9YjKW5/undistorted_depth_images/d3bbb56e888d4b659563d6e135406870_d0_2.png,1024,1280,406,504,1.4155678118069965,1089157,0.8309608459472656,-5.163969993591309,6.0077900886535645,1.56358003616333,True,204624,1.0,True,,1.0,204624,1.084959864616394,0.08154299517126988,1.0449118831289474,0.037610435674469596,log-depth Laplacian fallback,,,,0.11596341520591226,0.02677153330960132,0.16789667415867005,0.13434968958079016,0.14129739578591394,-0.008852414695896317,0.1124813667063712,0.04885003687751318,14.101981708232742,0.9517351492943625,0.996082291166471,0.9970013505858201,0.12507953958616358,0.03168141789857149,0.16034864141368357,0.11652688789958295,0.15865216457488765,0.07269058068670699,0.11208810007430561,0.04867924334929039,14.10198170603216,0.7868075952319087,0.9956011851367618,0.996676328573383,0.12507953958616358,0.03168141789857149,0.16034864141368357,0.11652688789958295,0.15865216457488765,0.07269058068670699,0.11208810007430561,0.04867924334929039,14.10198170603216,0.7868075952319087,0.9956011851367618,0.996676328573383,0.1237777788278849,0.03169743314551679,0.15948566019736837,0.11369969205737736,0.15826970796206763,0.07242586942285135,0.11068925096777078,0.04807173090130702,14.072595317404058,0.8015400901798363,0.9955773134635318,0.9966533750414311,0.11504715135441754,0.026910165753362553,0.15064526426963384,0.11171879018740251,0.14531759672320102,0.03508012400325228,0.1065360370365005,0.04626801300879264,14.101981710853028,0.9349056196673207,0.9958288841737234,0.9968021139284786,0.007677196525037289,0.059055798687040806,0.01739091146737337,ok,
759xd9YjKW5,d3bbb56e888d4b659563d6e135406870,d3bbb56e888d4b659563d6e135406870_i0_3,0,3,/mnt/priorbimda-data/PriorBIMDA-Datasets/Matterport3D/v1/scans/759xd9YjKW5/undistorted_color_images/d3bbb56e888d4b659563d6e135406870_i0_3.jpg,/mnt/priorbimda-data/PriorBIMDA-Datasets/Matterport3D/v1/scans/759xd9YjKW5/undistorted_depth_images/d3bbb56e888d4b659563d6e135406870_d0_3.png,1024,1280,406,504,1.4155678118069965,832964,0.6355010986328125,-5.1680498123168945,6.021759986877441,1.5636600255966187,True,204624,1.0,True,,1.0,204624,0.788750946521759,-0.23730466509984743,0.6471015452903893,0.1979473837978295,log-depth Laplacian fallback,,,,0.5479348418420816,0.21184223611416397,0.39250617199928167,0.38276837671510944,0.4378516310607785,0.4361332730775872,0.4361332730775872,0.18941027387200007,3.875330872602779,0.0,0.6466593994458344,0.9964860426140866,0.22093507152162853,0.0355969014043661,0.15985579753400253,0.15345926043267735,0.20257007241702069,0.19882860787016152,0.19882860787016152,0.0863501672425166,3.8753308651656453,0.8303143953400147,0.9965304623008917,0.9993577153394384,0.22093507152162853,0.0355969014043661,0.15985579753400253,0.15345926043267735,0.20257007241702069,0.19882860787016152,0.19882860787016152,0.0863501672425166,3.8753308651656453,0.8303143953400147,0.9965304623008917,0.9993577153394384,0.19255067728287287,0.028212147069513895,0.1418242691986798,0.13328246774232055,0.18141710371349595,0.174868744432057,0.174868744432057,0.07594453076419233,4.8302046960240546,0.8460341623407495,0.9964920452744657,0.9992436647922359,0.02551519701674118,0.0014033544064405137,0.03425638733341342,0.019032282225729,0.03876332579736619,0.0008811874097608063,0.025231804473487416,0.010958033451297373,3.8753308705472285,0.9964608314404945,0.9990779913657734,1.0,0.008855720981955528,0.057769996114075184,0.017481844872236252,ok,
759xd9YjKW5,d3bbb56e888d4b659563d6e135406870,d3bbb56e888d4b659563d6e135406870_i0_4,0,4,/mnt/priorbimda-data/PriorBIMDA-Datasets/Matterport3D/v1/scans/759xd9YjKW5/undistorted_color_images/d3bbb56e888d4b659563d6e135406870_i0_4.jpg,/mnt/priorbimda-data/PriorBIMDA-Datasets/Matterport3D/v1/scans/759xd9YjKW5/undistorted_depth_images/d3bbb56e888d4b659563d6e135406870_d0_4.png,1024,1280,406,504,1.4155678118069965,1199994,0.9155227661132812,-5.1579999923706055,6.032279968261719,1.5638500452041626,True,204624,1.0,True,,1.0,204624,1.0897382497787476,0.08593752958568703,1.0237506235080667,0.0624645643574418,log-depth Laplacian fallback,,,,0.053746357333264994,0.02001750867832737,0.24654760807773704,0.09249010628287722,0.10088786689398012,-0.030464729935195372,0.0572730572641636,0.024873372731555207,9.617828193720795,0.956039780198901,0.986521599274663,0.9999958333124999,0.08661229120766366,0.019714533410342683,0.21778471486381476,0.11327339408021159,0.11102924586362165,0.05547279969880459,0.0849154333020923,0.03687830411152232,9.617828201117366,0.955638111523891,0.9985908262874648,0.9997183319249929,0.08661229120766366,0.019714533410342683,0.21778471486381476,0.11327339408021159,0.11102924586362165,0.05547279969880459,0.0849154333020923,0.03687830411152232,9.617828201117366,0.955638111523891,0.9985908262874648,0.9997183319249929,0.07564648765456083,0.01703419862238058,0.2059007260165926,0.10054055799896269,0.1014859198701702,0.04685247762712059,0.07457612188409471,0.032387998216006686,9.002353732271784,0.9557572787863939,0.998638326524966,0.9997233319499931,0.051215277324923834,0.018249003387651893,0.23467271147289723,0.08403646787121098,0.0964320805188246,-0.006991726279234515,0.0535236483853313,0.023245025145079274,9.617828193945519,0.9559814465738995,0.9889699448497242,0.9999458330624986,0.008324517868459225,0.0588421830907464,0.017411216162145138,ok,
759xd9YjKW5,d3bbb56e888d4b659563d6e135406870,d3bbb56e888d4b659563d6e135406870_i0_5,0,5,/mnt/priorbimda-data/PriorBIMDA-Datasets/Matterport3D/v1/scans/759xd9YjKW5/undistorted_color_images/d3bbb56e888d4b659563d6e135406870_i0_5.jpg,/mnt/priorbimda-data/PriorBIMDA-Datasets/Matterport3D/v1/scans/759xd9YjKW5/undistorted_depth_images/d3bbb56e888d4b659563d6e135406870_d0_5.png,1024,1280,406,504,1.4155678118069965,1215052,0.9270111083984375,-5.143869876861572,6.028830051422119,1.5639599561691284,True,204624,1.0,True,,1.0,204624,0.901221752166748,-0.10400393382369545,0.8894253225194961,0.013175796023808223,log-depth Laplacian fallback,,,,0.12274719383491119,0.03233270871543659,0.2386067936798466,0.19236199201056556,0.13103658481799488,0.10152710123668408,0.11483385157679801,0.04987170807550043,8.284222519488273,0.9813193180209572,0.9978889792371026,0.9993959106276933,0.05736507503056781,0.012629662797442086,0.1710410099492829,0.0945569571146907,0.08287924337833111,-0.0024768327363248843,0.058132584669549243,0.02524666074075882,8.284222523907063,0.9705041430325616,0.9992938573822355,0.999495494843019,0.05736507503056781,0.012629662797442086,0.1710410099492829,0.0945569571146907,0.08287924337833111,-0.0024768327363248843,0.058132584669549243,0.02524666074075882,8.284222523907063,0.9705041430325616,0.9992938573822355,0.999495494843019,0.05159099524778341,0.011141599792205463,0.16049582846436644,0.08613923681389307,0.07699909864831633,-0.0046565735823823895,0.05226902310839141,0.022700148310447935,7.685816492165948,0.9725871814539625,0.9993037335027637,0.9995012559133272,0.05548373008466731,0.012703923217363597,0.17266441265538968,0.09144491504049251,0.08430799807912202,-0.015652612040703732,0.05699233467364585,0.02475145645954777,8.284222520196122,0.9691609906407298,0.9990115649371385,0.9995078399936793,0.008364157751202583,0.057832484133541584,0.01740871462970972,ok,
759xd9YjKW5,d3bbb56e888d4b659563d6e135406870,d3bbb56e888d4b659563d6e135406870_i1_0,1,0,/mnt/priorbimda-data/PriorBIMDA-Datasets/Matterport3D/v1/scans/759xd9YjKW5/undistorted_color_images/d3bbb56e888d4b659563d6e135406870_i1_0.jpg,/mnt/priorbimda-data/PriorBIMDA-Datasets/Matterport3D/v1/scans/759xd9YjKW5/undistorted_depth_images/d3bbb56e888d4b659563d6e135406870_d1_0.png,1024,1280,406,504,1.4121168655554452,1157594,0.8831741333007812,-5.15084981918335,6.017210006713867,1.5970499515533447,True,204624,1.0,True,,1.0,204624,1.002673864364624,0.0026702959488616364,1.0022710339538552,0.00040183689489640614,log-depth Laplacian fallback,,,,0.05806966061551123,0.04985451908980375,0.35680162086071276,0.17402773753301098,0.1148747226897221,0.008919007267307173,0.05179966877597221,0.022496310313820912,11.452795825651602,0.9604403616466568,0.9729395625754799,0.9983491621414762,0.05817012460038036,0.05014456384868073,0.3564333547081373,0.17283253369668813,0.11511283669456703,0.01158930324560181,0.051744970724738784,0.022472555251999364,11.45279582554039,0.9606476882222955,0.9727408746071593,0.998324974040985,0.05817012460038036,0.05014456384868073,0.3564333547081373,0.17283253369668813,0.11511283669456703,0.01158930324560181,0.051744970724738784,0.022472555251999364,11.45279582554039,0.9606476882222955,0.9727408746071593,0.998324974040985,0.05914317982564731,0.04917599887543859,0.35379077271854237,0.1767894138131691,0.11426051351564602,0.014134710314225987,0.05274452290260559,0.022906655247221304,11.33828686936084,0.9611115814352873,0.9728713175776654,0.9983871720136767,0.05814500879403642,0.05009738397938879,0.35646787545606234,0.17297140057155813,0.11507307728865687,0.011187488481572324,0.05174322337270005,0.022471796386650998,11.452795823795988,0.9606165892359497,0.9727754290364324,0.9983275656231805,0.008248315192759037,0.058754777535796165,0.017450709827244282,ok,
759xd9YjKW5,d3bbb56e888d4b659563d6e135406870,d3bbb56e888d4b659563d6e135406870_i1_1,1,1,/mnt/priorbimda-data/PriorBIMDA-Datasets/Matterport3D/v1/scans/759xd9YjKW5/undistorted_color_images/d3bbb56e888d4b659563d6e135406870_i1_1.jpg,/mnt/priorbimda-data/PriorBIMDA-Datasets/Matterport3D/v1/scans/759xd9YjKW5/undistorted_depth_images/d3bbb56e888d4b659563d6e135406870_d1_1.png,1024,1280,406,504,1.4121168655554452,1248399,0.9524528503417968,-5.1532697677612305,6.014679908752441,1.597000002861023,True,204624,1.0,True,,1.0,204624,1.0876119136810303,0.08398438781790249,0.9676206142238187,0.11689958380183364,log-depth Laplacian fallback,,,,0.0456706439959808,0.006323224266385695,0.11694812710368323,0.09528137390725618,0.05395041257579214,0.022597412920319575,0.04522222662748694,0.019639763483695873,4.898983513349238,0.9980919561774722,1.0,1.0,0.11670160816442242,0.03119907260832713,0.251207337758289,0.23121784442778348,0.11730168017099536,0.10658180060818419,0.10952522438200459,0.0475662005783201,4.8989835170734715,0.990257922346942,0.9999142902229176,1.0,0.11670160816442242,0.03119907260832713,0.251207337758289,0.23121784442778348,0.11730168017099536,0.10658180060818419,0.10952522438200459,0.0475662005783201,4.8989835170734715,0.990257922346942,0.9999142902229176,1.0,0.11767895609101466,0.031649801401458684,0.25246456041597876,0.23247685932038284,0.11835498913309203,0.10779556613655135,0.1103664701305491,0.04793154896483751,4.886736512228499,0.9902050546339752,0.9999174943267337,1.0,0.028569425414878193,0.005360477580169938,0.11167047532030205,0.06389241217701758,0.050064564877716086,-0.010317786216672455,0.02928266114815537,0.012717298152086614,4.898983510874564,0.998719159499487,1.0,1.0,0.007810577750205994,0.05957723408937454,0.017447110265493393,ok,
759xd9YjKW5,d3bbb56e888d4b659563d6e135406870,d3bbb56e888d4b659563d6e135406870_i1_2,1,2,/mnt/priorbimda-data/PriorBIMDA-Datasets/Matterport3D/v1/scans/759xd9YjKW5/undistorted_color_images/d3bbb56e888d4b659563d6e135406870_i1_2.jpg,/mnt/priorbimda-data/PriorBIMDA-Datasets/Matterport3D/v1/scans/759xd9YjKW5/undistorted_depth_images/d3bbb56e888d4b659563d6e135406870_d1_2.png,1024,1280,406,504,1.4121168655554452,840442,0.6412063598632812,-5.156670093536377,6.015500068664551,1.5969699621200562,True,204624,1.0,True,,1.0,204624,1.0411056280136108,0.04028325231779871,0.929047193869009,0.11387899305627125,log-depth Laplacian fallback,,,,0.1626875699987406,0.15245611759154257,0.3430531042204341,0.20015019215811752,0.24885462024154226,0.11447853603463935,0.1145219996515221,0.0497362725051822,22.0959921259327,0.9497942749172459,0.9540932033382434,0.9582981336011289,0.21043994978492725,0.18606097682974854,0.40982993442284094,0.2980983613479967,0.2697674886251316,0.15476178821477604,0.15476575774534765,0.0672139145763799,22.09599213153266,0.9492183874675468,0.9539349532745864,0.9557946889850817,0.21043994978492725,0.18606097682974854,0.40982993442284094,0.2980983613479967,0.2697674886251316,0.15476178821477604,0.15476575774534765,0.0672139145763799,22.09599213153266,0.9492183874675468,0.9539349532745864,0.9557946889850817,0.2111008279297586,0.18803841252350756,0.4054034477206482,0.291360912709528,0.2714630927269392,0.15460318296406939,0.1546062822465478,0.06714465524725241,22.31368784630933,0.9492826393730918,0.9539718386277697,0.9560207605045916,0.10426713352774,0.11621889414893077,0.28393089536734295,0.10512071665426326,0.2247102298709276,0.04088276669424154,0.06544518996293326,0.028422484868011976,22.095992124380686,0.9505938541862496,0.9544216019665842,0.9607373263116312,0.008932891301810741,0.05805625393986702,0.017478945665061474,ok,
759xd9YjKW5,d3bbb56e888d4b659563d6e135406870,d3bbb56e888d4b659563d6e135406870_i1_4,1,4,/mnt/priorbimda-data/PriorBIMDA-Datasets/Matterport3D/v1/scans/759xd9YjKW5/undistorted_color_images/d3bbb56e888d4b659563d6e135406870_i1_4.jpg,/mnt/priorbimda-data/PriorBIMDA-Datasets/Matterport3D/v1/scans/759xd9YjKW5/undistorted_depth_images/d3bbb56e888d4b659563d6e135406870_d1_4.png,1024,1280,406,504,1.4121168655554452,1217839,0.9291374206542968,-5.155240058898926,6.021389961242676,1.597040057182312,True,204624,1.0,True,,1.0,204624,0.9266569018363953,-0.07617189860770857,0.8649130868684122,0.06895435609953432,log-depth Laplacian fallback,,,,0.1425152701681285,0.040116448541342636,0.24746455884335136,0.16115181491750477,0.160314753795612,0.1202221937860326,0.12860169082273665,0.05585100468774265,10.605396930724146,0.9136733180658527,0.993765185710098,0.99654223587847,0.10106870110069618,0.029043572153375764,0.2834173472385658,0.19750073094715648,0.11483846451725807,0.044050295132699556,0.09634593110626818,0.04184250623328317,10.605396942785124,0.9836226299207038,0.9946010925910568,0.9972155596922089,0.10106870110069618,0.029043572153375764,0.2834173472385658,0.19750073094715648,0.11483846451725807,0.044050295132699556,0.09634593110626818,0.04184250623328317,10.605396942785124,0.9836226299207038,0.9946010925910568,0.9972155596922089,0.08047904711847265,0.023417113597472044,0.23921343435419487,0.1507996241835044,0.10073460500450339,0.040352028353997975,0.0761917781413977,0.03308966881320583,9.229937406684545,0.9826200343395145,0.994527191196866,0.9972007794133707,0.07621239500194939,0.04023489682119683,0.41111143410041223,0.24689214882415766,0.10893876975235553,-0.02490403883238361,0.0774380695338623,0.033630926287796736,10.605396930333093,0.9853872309886611,0.9951955882509921,0.997291103339604,0.008695395663380623,0.05814078077673912,0.017436969093978405,ok,
759xd9YjKW5,d3bbb56e888d4b659563d6e135406870,d3bbb56e888d4b659563d6e135406870_i1_5,1,5,/mnt/priorbimda-data/PriorBIMDA-Datasets/Matterport3D/v1/scans/759xd9YjKW5/undistorted_color_images/d3bbb56e888d4b659563d6e135406870_i1_5.jpg,/mnt/priorbimda-data/PriorBIMDA-Datasets/Matterport3D/v1/scans/759xd9YjKW5/undistorted_depth_images/d3bbb56e888d4b659563d6e135406870_d1_5.png,1024,1280,406,504,1.4121168655554452,1175221,0.8966224670410157,-5.1518402099609375,6.020569801330566,1.597059965133667,True,204624,1.0,True,,1.0,204624,1.1353638172149658,0.12695314337190938,0.9050352468852686,0.22673453257797765,log-depth Laplacian fallback,,,,0.12360121315056366,0.06992945117794197,0.34995850447234045,0.21832774031205787,0.1541845249593404,0.061954742819418526,0.11316339395574519,0.04914623754842391,14.118950945136529,0.9561690950042587,0.9889118727456367,0.9912901488315815,0.2315238498686512,0.14518024307121485,0.4747915213289375,0.36612256084984046,0.23584034238728968,0.18890788632283848,0.1993576646844171,0.08657993369756112,14.118950946296103,0.4410336438848523,0.9866816539187098,0.9909251111067621,0.2315238498686512,0.14518024307121485,0.4747915213289375,0.36612256084984046,0.23584034238728968,0.18890788632283848,0.1993576646844171,0.08657993369756112,14.118950946296103,0.4410336438848523,0.9866816539187098,0.9909251111067621,0.22089204847495586,0.135513974996731,0.46354053537815976,0.3556331102001944,0.2262961967662913,0.18125028957630013,0.19128616322811529,0.0830745251544152,13.549280866302608,0.663731332234533,0.9872585666866062,0.9910042451589957,0.07790609356804513,0.0655139930567979,0.42041242171571486,0.20805697663459147,0.14616884719046663,-0.03782663484286867,0.07720114171156382,0.03352802984196313,14.118950947380707,0.9340073058599191,0.989895517523938,0.9914348024754494,0.00831233337521553,0.05690573249012232,0.017452901229262352,ok,
759xd9YjKW5,d3bbb56e888d4b659563d6e135406870,d3bbb56e888d4b659563d6e135406870_i2_0,2,0,/mnt/priorbimda-data/PriorBIMDA-Datasets/Matterport3D/v1/scans/759xd9YjKW5/undistorted_color_images/d3bbb56e888d4b659563d6e135406870_i2_0.jpg,/mnt/priorbimda-data/PriorBIMDA-Datasets/Matterport3D/v1/scans/759xd9YjKW5/undistorted_depth_images/d3bbb56e888d4b659563d6e135406870_d2_0.png,1024,1280,406,504,1.4165615917841592,1237766,0.9443405151367188,-5.1404500007629395,6.014319896697998,1.6303800344467163,True,204624,1.0,True,,1.0,204624,1.032751441001892,0.03222654259939605,1.0145032397729596,0.01782746885308447,log-depth Laplacian fallback,,,,0.055937734978470786,0.023809570347959077,0.20238767552508635,0.09597754131064286,0.09729980065230998,0.010141834580736867,0.05142961137525116,0.02233559642670028,9.67698010658089,0.9650491288337214,0.9865467301573965,0.9977709841763306,0.059759166136909445,0.02902683609234858,0.22381856391015081,0.10421070264953788,0.1056384105305551,0.04236837708326333,0.05348259881507877,0.0232271975432341,9.67698010887307,0.9619128332818966,0.9810578089881287,0.9972321101080495,0.059759166136909445,0.02902683609234858,0.22381856391015081,0.10421070264953788,0.1056384105305551,0.04236837708326333,0.05348259881507877,0.0232271975432341,9.67698010887307,0.9619128332818966,0.9810578089881287,0.9972321101080495,0.061139902573596396,0.03059917376337623,0.230699262173138,0.10860755407791893,0.10810104652155282,0.04625051247395524,0.054496670185544833,0.02366760314368358,9.770735056765913,0.9614393996926721,0.9801957720603086,0.9970689128639824,0.05303939552789521,0.02557506851378035,0.20912542646760066,0.08912916373548206,0.09983311385646548,0.024540909097701815,0.04775410790685839,0.020739345552161052,9.676980108968054,0.9636684155163415,0.9839759696097646,0.9975657757605234,0.008516525849699974,0.05984834488481283,0.01745777204632759,ok,
759xd9YjKW5,d3bbb56e888d4b659563d6e135406870,d3bbb56e888d4b659563d6e135406870_i2_1,2,1,/mnt/priorbimda-data/PriorBIMDA-Datasets/Matterport3D/v1/scans/759xd9YjKW5/undistorted_color_images/d3bbb56e888d4b659563d6e135406870_i2_1.jpg,/mnt/priorbimda-data/PriorBIMDA-Datasets/Matterport3D/v1/scans/759xd9YjKW5/undistorted_depth_images/d3bbb56e888d4b659563d6e135406870_d2_1.png,1024,1280,406,504,1.4165615917841592,1241483,0.9471763610839844,-5.1504998207092285,6.003789901733398,1.6301900148391724,True,204624,1.0,True,,1.0,204624,1.0702272653579712,0.0678710234514669,1.0108887071323263,0.057041171438644074,log-depth Laplacian fallback,,,,0.041242637283502984,0.01159711682858403,0.12620736294884663,0.05852823121943368,0.08457785775141209,-0.02430490298692255,0.04126214625477625,0.01791992242993424,8.101040496513013,0.9783090062449505,0.9906998323778899,1.0,0.07133578098188599,0.018326575184698834,0.17283741191241733,0.1257907617537798,0.09198202296301076,0.043566120311067845,0.06796889786750157,0.02951851728490165,8.101040494534885,0.985003419297727,0.9891718211203858,0.9993105020366772,0.07133578098188599,0.018326575184698834,0.17283741191241733,0.1257907617537798,0.09198202296301076,0.043566120311067845,0.06796889786750157,0.02951851728490165,8.101040494534885,0.985003419297727,0.9891718211203858,0.9993105020366772,0.07097420710996982,0.01891575349000021,0.17591153467833584,0.125655944469984,0.09268302084099395,0.0445887352517388,0.0673771790816897,0.02926153708138505,8.125261251715212,0.9848842070330404,0.9891001326639188,0.9992557288339833,0.03943761867933247,0.011484178367988412,0.12602175828366446,0.05704738914026963,0.08212346202507563,-0.013475062285118295,0.03902451510438367,0.016948131568783928,8.10104049576116,0.9852829237291207,0.9904710737078156,1.0,0.00839223526418209,0.058774433098733425,0.017422578297555447,ok,
759xd9YjKW5,d3bbb56e888d4b659563d6e135406870,d3bbb56e888d4b659563d6e135406870_i2_2,2,2,/mnt/priorbimda-data/PriorBIMDA-Datasets/Matterport3D/v1/scans/759xd9YjKW5/undistorted_color_images/d3bbb56e888d4b659563d6e135406870_i2_2.jpg,/mnt/priorbimda-data/PriorBIMDA-Datasets/Matterport3D/v1/scans/759xd9YjKW5/undistorted_depth_images/d3bbb56e888d4b659563d6e135406870_d2_2.png,1024,1280,406,504,1.4165615917841592,1062126,0.8103378295898438,-5.164639949798584,6.007239818572998,1.630079984664917,True,204624,1.0,True,,1.0,204624,1.048758864402771,0.04760743111423353,0.9991925380527021,0.0484152192345229,log-depth Laplacian fallback,,,,0.06476730582449906,0.027307399306519226,0.1841270155512245,0.09265924092902571,0.10380142505050684,0.0007152462277575534,0.05991037858009791,0.0260187468260713,10.379896081054794,0.9883196532238171,0.9917166136597729,0.995690718427004,0.07994428864451128,0.038545042793527114,0.2431812782891634,0.14350547552314383,0.1144958750860196,0.04832267716063521,0.07173219761827776,0.03115289760041163,10.379896089914595,0.9874760621621164,0.9910613241743447,0.9950015346578466,0.07994428864451128,0.038545042793527114,0.2431812782891634,0.14350547552314383,0.1144958750860196,0.04832267716063521,0.07173219761827776,0.03115289760041163,10.379896089914595,0.9874760621621164,0.9910613241743447,0.9950015346578466,0.07926477805054662,0.03849362985509932,0.23874438648175014,0.14114842883209833,0.11453217562481469,0.048172704361429175,0.07094949331852375,0.030812973442066544,10.390866088955116,0.9874035660552515,0.9909850620359543,0.9945100675437754,0.06471189101367379,0.027191874934961738,0.18338391753243224,0.09217028256694222,0.10379900209612665,-9.254406642504095e-05,0.059907259364548514,0.02601739216797032,10.379896084136622,0.988334717349919,0.9917288532622307,0.995701075013699,0.007705121301114559,0.05785004608333111,0.01745204534381628,ok,
759xd9YjKW5,d3bbb56e888d4b659563d6e135406870,d3bbb56e888d4b659563d6e135406870_i2_3,2,3,/mnt/priorbimda-data/PriorBIMDA-Datasets/Matterport3D/v1/scans/759xd9YjKW5/undistorted_color_images/d3bbb56e888d4b659563d6e135406870_i2_3.jpg,/mnt/priorbimda-data/PriorBIMDA-Datasets/Matterport3D/v1/scans/759xd9YjKW5/undistorted_depth_images/d3bbb56e888d4b659563d6e135406870_d2_3.png,1024,1280,406,504,1.4165615917841592,747372,0.5701995849609375,-5.168729782104492,6.021200180053711,1.6301499605178833,True,204624,1.0,True,,1.0,204624,1.2133187055587769,0.19335933704971622,1.0705498951774954,0.1251868998612996,log-depth Laplacian fallback,,,,0.08045634441986727,0.008433419291042177,0.09102037772912012,0.06824134820830421,0.10226709143167274,-0.08516745653420653,0.08542040775656591,0.03709761173060232,5.661326997611209,0.9727725951734879,1.0,1.0,0.1196907672440361,0.011201055720664993,0.08639264800080616,0.0814294463177535,0.12210874393014236,0.10819188048321911,0.11196848120407243,0.04862729353401666,5.661327001421055,0.9981374737078724,1.0,1.0,0.1196907672440361,0.011201055720664993,0.08639264800080616,0.0814294463177535,0.12210874393014236,0.10819188048321911,0.11196848120407243,0.04862729353401666,5.661327001421055,0.9981374737078724,1.0,1.0,0.1118878899032546,0.00990554959791845,0.08118515728990316,0.07599591311668735,0.11540263422829762,0.09984862111800592,0.10505931992360769,0.045626682915331174,5.786208471584091,0.9984291624518982,1.0,1.0,0.04259440268808621,0.003102204839853455,0.056747872759931796,0.03655446497654823,0.05910917514444623,-0.01699506558487248,0.043801367264569416,0.019022692102820232,5.661326992872522,0.9992694401181741,1.0,1.0,0.008669810369610786,0.056807863526046276,0.017439316026866436,ok,
759xd9YjKW5,d3bbb56e888d4b659563d6e135406870,d3bbb56e888d4b659563d6e135406870_i2_4,2,4,/mnt/priorbimda-data/PriorBIMDA-Datasets/Matterport3D/v1/scans/759xd9YjKW5/undistorted_color_images/d3bbb56e888d4b659563d6e135406870_i2_4.jpg,/mnt/priorbimda-data/PriorBIMDA-Datasets/Matterport3D/v1/scans/759xd9YjKW5/undistorted_depth_images/d3bbb56e888d4b659563d6e135406870_d2_4.png,1024,1280,406,504,1.4165615917841592,1175795,0.8970603942871094,-5.158679962158203,6.031720161437988,1.6303399801254272,True,204624,1.0,True,,1.0,204624,1.1232328414916992,0.11621099308176965,1.0339371369670196,0.08283701481368252,log-depth Laplacian fallback,,,,0.03649067422560224,0.006549364386686293,0.12150459902787049,0.06967798786351016,0.05184249387900974,-0.02865154596596902,0.03661068162943168,0.01589981701037893,4.320570662950818,0.9950807751351214,0.9989275341364778,0.9996640570847809,0.09300480185854293,0.020787484956001127,0.21686937236526665,0.15805494106006646,0.09763907961093832,0.08755944708274933,0.08794027160131401,0.03819197469352392,4.32057067276346,0.9882309416182242,0.9972546234675262,0.9992668790052688,0.09300480185854293,0.020787484956001127,0.21686937236526665,0.15805494106006646,0.09763907961093832,0.08755944708274933,0.08794027160131401,0.03819197469352392,4.32057067276346,0.9882309416182242,0.9972546234675262,0.9992668790052688,0.08275723669702872,0.020123150574808693,0.22283903634715937,0.15055834966884607,0.09012419537719568,0.07784135961906911,0.07842978675487308,0.034061623604490145,4.542128713545771,0.9885498747655841,0.9971840329309106,0.9992388128883011,0.021245854647468507,0.0055182320918417856,0.11075593334054297,0.03684620142608584,0.043463019719768944,0.004722393227991674,0.0204789542780008,0.008893896838084742,4.320570662957895,0.9939759907126667,0.9986825934793054,0.999578157757092,0.00770425982773304,0.05778629146516323,0.017449083738029003,ok,
759xd9YjKW5,d3bbb56e888d4b659563d6e135406870,d3bbb56e888d4b659563d6e135406870_i2_5,2,5,/mnt/priorbimda-data/PriorBIMDA-Datasets/Matterport3D/v1/scans/759xd9YjKW5/undistorted_color_images/d3bbb56e888d4b659563d6e135406870_i2_5.jpg,/mnt/priorbimda-data/PriorBIMDA-Datasets/Matterport3D/v1/scans/759xd9YjKW5/undistorted_depth_images/d3bbb56e888d4b659563d6e135406870_d2_5.png,1024,1280,406,504,1.4165615917841592,1199850,0.9154129028320312,-5.144539833068848,6.028279781341553,1.6304600238800049,True,204624,1.0,True,,1.0,204624,1.0807299613952637,0.07763670300602937,1.0590209070692747,0.020291894306589224,log-depth Laplacian fallback,,,,0.06172163187706732,0.017774208997471244,0.20768572134997831,0.10932573983404703,0.0873613552227805,-0.055972410767306,0.0628081938508127,0.027277252007717728,6.707529813021189,0.9849381172646581,0.9957919739967496,0.997739717464683,0.03742700082113625,0.01577121174847358,0.18886003381731706,0.07898127959669443,0.07048714189861185,0.02166429214256748,0.03541363432259193,0.01537994597044127,6.707529812827172,0.9867291744801433,0.9964078843188732,0.9974830187106721,0.03742700082113625,0.01577121174847358,0.18886003381731706,0.07898127959669443,0.07048714189861185,0.02166429214256748,0.03541363432259193,0.01537994597044127,6.707529812827172,0.9867291744801433,0.9964078843188732,0.9974830187106721,0.03409266849878614,0.015099523848189753,0.18672392326712647,0.07234993482493468,0.0692368848188787,0.018385382978253352,0.032230296858930106,0.01399744007593706,6.675120906894216,0.9865641538525649,0.9965270658832354,0.9975246905863233,0.03189768223494013,0.014246633803505913,0.18358615948978935,0.06546602893482721,0.06708933608119969,0.0013723694152549535,0.030572736795578804,0.01327757088700039,6.707529812087483,0.9857323832145685,0.9962111930657999,0.9975321915239405,0.008195002563297749,0.05728762783110142,0.017445760779082775,ok,
759xd9YjKW5,d7457234e5d54417bcc64a74d6ecfd9a,d7457234e5d54417bcc64a74d6ecfd9a_i0_0,0,0,/mnt/priorbimda-data/PriorBIMDA-Datasets/Matterport3D/v1/scans/759xd9YjKW5/undistorted_color_images/d7457234e5d54417bcc64a74d6ecfd9a_i0_0.jpg,/mnt/priorbimda-data/PriorBIMDA-Datasets/Matterport3D/v1/scans/759xd9YjKW5/undistorted_depth_images/d7457234e5d54417bcc64a74d6ecfd9a_d0_0.png,1024,1280,406,504,1.4155678118069965,1082238,0.8256820678710938,-7.012819766998291,-7.640439987182617,1.5516899824142456,True,97219,0.47511044647744155,True,,1.0,97219,0.998437225818634,-0.0015639965866652286,1.1871954210328153,0.1731577330634535,log-depth Laplacian fallback,,,,0.16980896161424336,0.10727970915301789,0.5946854139791199,0.438229149010093,0.21179277964980234,-0.14759608653231704,0.1825541258511563,0.07928224950582893,15.189330713410158,0.6184443717555658,0.9937222681147769,0.9966208911533323,0.17069556609235284,0.10810428313184584,0.5975108649268456,0.4404592152763568,0.2128856667834336,-0.14916008295001537,0.18370700395985187,0.07978293810674249,15.189330721322666,0.6112537168349291,0.9934580009203151,0.9966255112091795,0.17069556609235284,0.10810428313184584,0.5975108649268456,0.4404592152763568,0.2128856667834336,-0.14916008295001537,0.18370700395985187,0.07978293810674249,15.189330721322666,0.6112537168349291,0.9934580009203151,0.9966255112091795,0.17633243875044352,0.11673822292576097,0.6264812190790515,0.4607248035069585,0.22222369834821173,-0.15820115061636114,0.191378486272885,0.08311462054331115,15.606334627713334,0.5665500564570825,0.9899273542418581,0.9966393713767212,0.1147211450161629,0.06892795478976756,0.36688937657965703,0.245324358170453,0.15377731928448235,0.023997649330718226,0.10484455957571498,0.045533413681309774,15.18933071366922,0.8950147749385995,0.9858580090516135,0.9956155670009739,0.008676903322339058,0.06207362748682499,0.017437617294490337,ok,
759xd9YjKW5,d7457234e5d54417bcc64a74d6ecfd9a,d7457234e5d54417bcc64a74d6ecfd9a_i0_1,0,1,/mnt/priorbimda-data/PriorBIMDA-Datasets/Matterport3D/v1/scans/759xd9YjKW5/undistorted_color_images/d7457234e5d54417bcc64a74d6ecfd9a_i0_1.jpg,/mnt/priorbimda-data/PriorBIMDA-Datasets/Matterport3D/v1/scans/759xd9YjKW5/undistorted_depth_images/d7457234e5d54417bcc64a74d6ecfd9a_d0_1.png,1024,1280,406,504,1.4155678118069965,1242109,0.9476539611816406,-7.013319969177246,-7.625889778137207,1.5515600442886353,True,62651,0.30617620611462976,True,,1.0,62651,0.8137885928153992,-0.20605466069711062,1.3944621421159136,0.5385634404153758,log-depth Laplacian fallback,,,,0.2808801569597791,0.2716405186386732,1.0459259654992386,0.8823655497361852,0.36266358251692277,-0.32693863915396754,0.3371458148926336,0.14642056700464592,15.695859426027187,0.13536412665877148,0.8625112610890027,0.9664900584409258,0.40718535703050474,0.5479992227034296,1.4957141901959508,1.2809072303947835,0.5556238457874764,-0.5329932998767626,0.5344855967023739,0.2321241453046079,15.695859420288144,0.05981278615644843,0.1590158351642247,0.8805628169508473,0.40718535703050474,0.5479992227034296,1.4957141901959508,1.2809072303947835,0.5556238457874764,-0.5329932998767626,0.5344855967023739,0.2321241453046079,15.695859420288144,0.05981278615644843,0.1590158351642247,0.8805628169508473,0.41081726778146826,0.5614907933344319,1.5168798222499824,1.2974541231527665,0.561696027769685,-0.5394225953873665,0.5406676114784437,0.2348089602088995,15.660680444284719,0.053152340092536166,0.1568533840427853,0.8716199624992653,0.10134658916095918,0.06713866764538252,0.41147226297373546,0.256492921460419,0.157057398785708,0.005570116529864093,0.09759448008221283,0.04238474416392188,15.695859426987951,0.8619436780507991,0.986478642373576,0.9980138619074493,0.009532075375318527,0.06251988653093576,0.017498732544481754,ok,
759xd9YjKW5,d7457234e5d54417bcc64a74d6ecfd9a,d7457234e5d54417bcc64a74d6ecfd9a_i1_0,1,0,/mnt/priorbimda-data/PriorBIMDA-Datasets/Matterport3D/v1/scans/759xd9YjKW5/undistorted_color_images/d7457234e5d54417bcc64a74d6ecfd9a_i1_0.jpg,/mnt/priorbimda-data/PriorBIMDA-Datasets/Matterport3D/v1/scans/759xd9YjKW5/undistorted_depth_images/d7457234e5d54417bcc64a74d6ecfd9a_d1_0.png,1024,1280,406,504,1.4121168655554452,1068971,0.8155601501464844,-7.003550052642822,-7.634300231933594,1.584920048713684,True,181325,0.8861375009774024,True,,1.0,181325,1.0375531911849976,0.03686524042057178,1.0164282020472128,0.02057052134516987,log-depth Laplacian fallback,,,,0.05155474780605135,0.051605727492969586,0.2562914842139144,0.10804447383852629,0.12553116471483788,-0.0027523170277051205,0.04083199967939416,0.01773311214583623,12.550098830544233,0.9833774723542547,0.9895843760027166,0.9905610161547881,0.05582997231449437,0.0571654075647091,0.26432187538548263,0.11512777000791038,0.13005456400464827,0.03411292342237532,0.043273270520064924,0.018793342600770868,12.550098833881073,0.9835982454154509,0.9895553761514578,0.990506758368562,0.05582997231449437,0.0571654075647091,0.26432187538548263,0.11512777000791038,0.13005456400464827,0.03411292342237532,0.043273270520064924,0.018793342600770868,12.550098833881073,0.9835982454154509,0.9895553761514578,0.990506758368562,0.05908250927446857,0.0582859494331511,0.27119178666772487,0.12399402678138473,0.13130982160793034,0.03292099267521334,0.04651082574370521,0.02019939496925488,12.711600014154408,0.9838947922815493,0.9895497632770206,0.9905123712429991,0.04736327913284162,0.05296930332709432,0.2507955821484692,0.08806544395845149,0.12622953505778328,0.013542431708643006,0.035846486286085465,0.015567931189667516,12.550098830017586,0.9831997313304103,0.9895740857329152,0.9905441775314765,0.008291060104966164,0.0575324846431613,0.017491198144853115,ok,
759xd9YjKW5,d7457234e5d54417bcc64a74d6ecfd9a,d7457234e5d54417bcc64a74d6ecfd9a_i1_1,1,1,/mnt/priorbimda-data/PriorBIMDA-Datasets/Matterport3D/v1/scans/759xd9YjKW5/undistorted_color_images/d7457234e5d54417bcc64a74d6ecfd9a_i1_1.jpg,/mnt/priorbimda-data/PriorBIMDA-Datasets/Matterport3D/v1/scans/759xd9YjKW5/undistorted_depth_images/d7457234e5d54417bcc64a74d6ecfd9a_d1_1.png,1024,1280,406,504,1.4121168655554452,1203650,0.9183120727539062,-7.0036702156066895,-7.630799770355225,1.584879994392395,True,163193,0.7975261943858003,True,,1.0,163193,0.9465498328208923,-0.0549316601456491,1.0045613161642897,0.05948260503318626,log-depth Laplacian fallback,,,,0.0745597399771519,0.05325323212604498,0.40065858653320263,0.2639276850354769,0.11477372385002202,0.025213496188659278,0.06840677098362997,0.029708683163009987,11.197002856276129,0.943076475719686,0.9916587047729821,0.997201013583683,0.08886855935648746,0.05920358118625177,0.4954116356195162,0.39419239846659665,0.11584669434733112,-0.02971816395402401,0.08711022080670448,0.03783148821372562,11.197002867913229,0.974447721513729,0.9934823245960205,0.9978955676484028,0.08886855935648746,0.05920358118625177,0.4954116356195162,0.39419239846659665,0.11584669434733112,-0.02971816395402401,0.08711022080670448,0.03783148821372562,11.197002867913229,0.974447721513729,0.9934823245960205,0.9978955676484028,0.08972378715055801,0.06175814927604373,0.508911478341524,0.39844956208873894,0.11846922241326745,-0.031199920085434082,0.08825655070249865,0.03832933296190971,11.428701433612988,0.9721139866240186,0.9935147260416234,0.9978141486312466,0.07470930986671198,0.0540826787503081,0.40068167407411404,0.2600488110611308,0.11585857153271797,0.029764430001811396,0.06821682669453889,0.0296261914063887,11.197002859814404,0.9415062518173888,0.9914584804552818,0.9971320566609895,0.008358084596693516,0.058629319071769714,0.017410872504115105,ok,
759xd9YjKW5,d7457234e5d54417bcc64a74d6ecfd9a,d7457234e5d54417bcc64a74d6ecfd9a_i1_2,1,2,/mnt/priorbimda-data/PriorBIMDA-Datasets/Matterport3D/v1/scans/759xd9YjKW5/undistorted_color_images/d7457234e5d54417bcc64a74d6ecfd9a_i1_2.jpg,/mnt/priorbimda-data/PriorBIMDA-Datasets/Matterport3D/v1/scans/759xd9YjKW5/undistorted_depth_images/d7457234e5d54417bcc64a74d6ecfd9a_d1_2.png,1024,1280,406,504,1.4121168655554452,1164115,0.8881492614746094,-7.000699996948242,-7.628950119018555,1.584879994392395,True,148188,0.7241965751817968,True,,1.0,148188,0.9707725048065186,-0.029663127732545088,1.0025825751490907,0.03224237376499946,log-depth Laplacian fallback,,,,0.05615609817632203,0.048824794503711036,0.4008001291022536,0.20181985260638735,0.10507471586003854,0.019495435116303618,0.05070154256179009,0.022019400158568278,10.325029744603079,0.9559897432813769,0.990743182589349,0.9965759396623186,0.06632621027912153,0.04776304825363888,0.41861589103537644,0.2658394681053248,0.1037497270360423,-0.010167692572091208,0.06265667374543636,0.027211447662055376,10.325029727711552,0.9678657177340727,0.9916649128307771,0.9970930707017778,0.06632621027912153,0.04776304825363888,0.41861589103537644,0.2658394681053248,0.1037497270360423,-0.010167692572091208,0.06265667374543636,0.027211447662055376,10.325029727711552,0.9678657177340727,0.9916649128307771,0.9970930707017778,0.0712255003463678,0.05073214199978549,0.43906731088765727,0.28938347316693824,0.10707515505839661,-0.015251601646765499,0.06784698846235453,0.02946557270295417,10.598338302766173,0.9681663753151536,0.9917516740184604,0.9970501196187662,0.05619481378116111,0.049299720972355375,0.4015778284220953,0.20013651137293148,0.10558368416729375,0.022074656093211135,0.050595415527562373,0.021973309773222448,10.325029743640108,0.9544340550546982,0.9905662241273414,0.9965424378175696,0.009098391979932785,0.05776598863303661,0.01745416782796383,ok,
759xd9YjKW5,d7457234e5d54417bcc64a74d6ecfd9a,d7457234e5d54417bcc64a74d6ecfd9a_i1_3,1,3,/mnt/priorbimda-data/PriorBIMDA-Datasets/Matterport3D/v1/scans/759xd9YjKW5/undistorted_color_images/d7457234e5d54417bcc64a74d6ecfd9a_i1_3.jpg,/mnt/priorbimda-data/PriorBIMDA-Datasets/Matterport3D/v1/scans/759xd9YjKW5/undistorted_depth_images/d7457234e5d54417bcc64a74d6ecfd9a_d1_3.png,1024,1280,406,504,1.4121168655554452,847026,0.6462295532226563,-6.997610092163086,-7.6305999755859375,1.5849000215530396,True,48203,0.2355686527484557,True,,1.0,48203,0.9640414118766785,-0.03662102691597898,1.2416422520215777,0.2530559270846628,log-depth Laplacian fallback,,,,0.19554591675703625,0.09592287034803917,0.4869134180222346,0.4016613654296082,0.24257148274126206,-0.2218567873336148,0.22206194486631284,0.09644027729614384,9.80840973517196,0.5779161442505897,0.9611806485279082,0.9968938379695547,0.22430163858652544,0.1194577496755897,0.5369984331147987,0.4559953766454523,0.27646206013738467,-0.25847781439350154,0.2585072130690021,0.11226825616805582,9.808409739486548,0.15138850519346514,0.9605974314838033,0.9961677681676832,0.22430163858652544,0.1194577496755897,0.5369984331147987,0.4559953766454523,0.27646206013738467,-0.25847781439350154,0.2585072130690021,0.11226825616805582,9.808409739486548,0.15138850519346514,0.9605974314838033,0.9961677681676832,0.24263083918916697,0.1356317245367233,0.5668274890789001,0.4881652150269058,0.3005234495970865,-0.28276413175126464,0.28277742502433495,0.12280867529487921,10.17781388741513,0.12496192560795064,0.9604014516673632,0.9952646081702332,0.05216802258213955,0.019091629920329558,0.23768687425928595,0.10707175744466152,0.09823383912721487,-0.005421899492306155,0.053163457861311374,0.0230885963880636,9.80840973632671,0.9564204640707605,0.9967250119831033,0.9973495500728431,0.009319089353084564,0.0600405503064394,0.017445593141019344,ok,
759xd9YjKW5,d7457234e5d54417bcc64a74d6ecfd9a,d7457234e5d54417bcc64a74d6ecfd9a_i1_5,1,5,/mnt/priorbimda-data/PriorBIMDA-Datasets/Matterport3D/v1/scans/759xd9YjKW5/undistorted_color_images/d7457234e5d54417bcc64a74d6ecfd9a_i1_5.jpg,/mnt/priorbimda-data/PriorBIMDA-Datasets/Matterport3D/v1/scans/759xd9YjKW5/undistorted_depth_images/d7457234e5d54417bcc64a74d6ecfd9a_d1_5.png,1024,1280,406,504,1.4121168655554452,1140994,0.8705093383789062,-7.000460147857666,-7.635950088500977,1.584939956665039,True,75917,0.37100731097036516,True,,1.0,75917,0.9584091305732727,-0.04248052477435366,0.9779536255880508,0.02018749710365396,log-depth Laplacian fallback,,,,0.05096898204240695,0.03489963051894167,0.3094313809268644,0.14536139851246904,0.09170762465354465,0.030328725624049393,0.046500220945242685,0.020194789363800907,8.654742527433477,0.9832181413749765,0.992095488670405,0.9965407355341045,0.04760182678188978,0.03262809338528745,0.31941091138436456,0.16508727343891463,0.08739635588967222,-0.012151799236104254,0.045116943376123264,0.019594039548591798,8.654742513858896,0.9859946678071927,0.9929079381661955,0.9966152319819386,0.04760182678188978,0.03262809338528745,0.31941091138436456,0.16508727343891463,0.08739635588967222,-0.012151799236104254,0.045116943376123264,0.019594039548591798,8.654742513858896,0.9859946678071927,0.9929079381661955,0.9966152319819386,0.060046719692299626,0.037918823669845544,0.3623346269185299,0.22182418288249398,0.09506706579511578,-0.02583780391108704,0.058382457315828466,0.025355179052216435,9.148855058391234,0.9859534756536844,0.9931270453657074,0.9966204905547268,0.04538193778355849,0.03210005689039503,0.30198149865964063,0.13903088196277955,0.08691967012855756,0.008035684883273091,0.04196849426226527,0.018226685471890096,8.654742528645205,0.9846791481813226,0.9925494787877938,0.9965836805452088,0.008906874805688858,0.06258117221295834,0.017465547658503056,ok,
759xd9YjKW5,d7457234e5d54417bcc64a74d6ecfd9a,d7457234e5d54417bcc64a74d6ecfd9a_i2_0,2,0,/mnt/priorbimda-data/PriorBIMDA-Datasets/Matterport3D/v1/scans/759xd9YjKW5/undistorted_color_images/d7457234e5d54417bcc64a74d6ecfd9a_i2_0.jpg,/mnt/priorbimda-data/PriorBIMDA-Datasets/Matterport3D/v1/scans/759xd9YjKW5/undistorted_depth_images/d7457234e5d54417bcc64a74d6ecfd9a_d2_0.png,1024,1280,406,504,1.4165615917841592,1200975,0.9162712097167969,-7.013030052185059,-7.6398701667785645,1.6181800365447998,True,185582,0.9069415122370788,True,,1.0,185582,1.023964285850525,0.023681648909999103,0.970242219174958,0.05389117707753525,log-depth Laplacian fallback,,,,0.05084200562678107,0.012737219879815864,0.1573378377205836,0.09457514430266659,0.07364029549018797,0.025265714113946718,0.048261634919979625,0.020959761733376457,6.917034632119831,0.9922696142717375,0.9968209163388081,0.9975669768313246,0.06279212979537185,0.01734828141253478,0.1938788786774262,0.12052266624091519,0.08473712977152237,0.048947363040229744,0.05888001170747945,0.02557126417895719,6.917034634381827,0.9913495285080872,0.9966826953100606,0.9974912050625533,0.06279212979537185,0.01734828141253478,0.1938788786774262,0.12052266624091519,0.08473712977152237,0.048947363040229744,0.05888001170747945,0.02557126417895719,6.917034634381827,0.9913495285080872,0.9966826953100606,0.9974912050625533,0.06754973877190819,0.017466721318449892,0.1885748134848992,0.12398173425747454,0.08747069768129712,0.049796559856090584,0.06352020156161631,0.02758647302759224,7.191262461732059,0.9913120589521014,0.9967251608068445,0.997476217240159,0.04474807720587341,0.010170266169498622,0.128295603134347,0.07841189113003037,0.06934679712941015,-0.004943831407850546,0.04358788058421806,0.018929976015583796,6.917034627004782,0.9936584858136098,0.9969249984387685,0.9976977039488749,0.00863555260002613,0.0589389493688941,0.017430060543119907,ok,
759xd9YjKW5,d7457234e5d54417bcc64a74d6ecfd9a,d7457234e5d54417bcc64a74d6ecfd9a_i2_1,2,1,/mnt/priorbimda-data/PriorBIMDA-Datasets/Matterport3D/v1/scans/759xd9YjKW5/undistorted_color_images/d7457234e5d54417bcc64a74d6ecfd9a_i2_1.jpg,/mnt/priorbimda-data/PriorBIMDA-Datasets/Matterport3D/v1/scans/759xd9YjKW5/undistorted_depth_images/d7457234e5d54417bcc64a74d6ecfd9a_d2_1.png,1024,1280,406,504,1.4165615917841592,1251776,0.955029296875,-7.0135297775268555,-7.625329971313477,1.6180599927902222,True,188216,0.9198139025725233,True,,1.0,188216,1.1532431840896606,0.1425781332624427,1.1045131477433867,0.043173485658619476,log-depth Laplacian fallback,,,,0.0960679731154184,0.023446672536443315,0.2250633738574679,0.19951506555796558,0.10696582686881924,-0.09111216267832539,0.10003902572117691,0.043446396845684604,5.603804002468841,0.9929036824479779,0.9979501124801882,0.9991156564752799,0.05555002562273643,0.0198787678873479,0.22328177230364163,0.1295722955052657,0.07608553115061054,0.05146597062106869,0.0523159131999192,0.02272051241845439,5.6038039923803735,0.9845914924075873,0.9967022853929137,0.9985556521294545,0.05555002562273643,0.0198787678873479,0.22328177230364163,0.1295722955052657,0.07608553115061054,0.05146597062106869,0.0523159131999192,0.02272051241845439,5.6038039923803735,0.9845914924075873,0.9967022853929137,0.9985556521294545,0.05526179191448965,0.02117825969136015,0.23143023079485028,0.13059256356435217,0.07818737230376584,0.050793392630074596,0.05183842646083397,0.0225131425624877,5.9441538110102545,0.9840802188250933,0.9965760647272356,0.9984637826576,0.02578849693485183,0.01172889729320334,0.16843151719834834,0.061065432315739826,0.05664827931498761,0.008292503536971292,0.024158427675549606,0.010491871830949993,5.603804006599598,0.9875417007515722,0.9971041144741551,0.9987953116212486,0.008323108777403831,0.059271045960485935,0.017454435117542744,ok,
759xd9YjKW5,d7457234e5d54417bcc64a74d6ecfd9a,d7457234e5d54417bcc64a74d6ecfd9a_i2_2,2,2,/mnt/priorbimda-data/PriorBIMDA-Datasets/Matterport3D/v1/scans/759xd9YjKW5/undistorted_color_images/d7457234e5d54417bcc64a74d6ecfd9a_i2_2.jpg,/mnt/priorbimda-data/PriorBIMDA-Datasets/Matterport3D/v1/scans/759xd9YjKW5/undistorted_depth_images/d7457234e5d54417bcc64a74d6ecfd9a_d2_2.png,1024,1280,406,504,1.4165615917841592,1264063,0.9644035339355469,-7.001190185546875,-7.61761999130249,1.6180299520492554,True,68399,0.3342667526780827,True,,1.0,68399,1.1431516408920288,0.1337890452097696,1.1640503172935273,0.01811653108057848,log-depth Laplacian fallback,,,,0.14461217264719547,0.04972281959469899,0.35307109483738874,0.34050802392380397,0.1586442470171635,-0.15362343803322043,0.15619913888114198,0.06783642409411962,3.959591391161563,0.9809890804493131,0.9998860816272607,1.0,0.02905476723665505,0.005260319526490809,0.11228479748302837,0.06497431673697938,0.04428588419257858,-0.019834392819133392,0.029072882272494355,0.01262619234396716,3.9595913933318823,0.9947470972570196,0.9990356493307692,1.0,0.02905476723665505,0.005260319526490809,0.11228479748302837,0.06497431673697938,0.04428588419257858,-0.019834392819133392,0.029072882272494355,0.01262619234396716,3.9595913933318823,0.9947470972570196,0.9990356493307692,1.0,0.031758097594081734,0.005425411624246728,0.11235181561324081,0.0688519482227602,0.04569247026179644,-0.02535290494766605,0.03186372382422043,0.013838239429748113,3.801357717105511,0.9946640317768972,0.9989913477413704,1.0,0.020703392107063536,0.004927560646503023,0.1128850245259115,0.05150609859110684,0.03963316010934343,-0.00171784167495449,0.020286986487169215,0.008810526285823416,3.959591393354421,0.9942051938866971,0.9985665271430301,1.0,0.009354280307888985,0.06224844418466091,0.017417012713849545,ok,
759xd9YjKW5,d7457234e5d54417bcc64a74d6ecfd9a,d7457234e5d54417bcc64a74d6ecfd9a_i2_5,2,5,/mnt/priorbimda-data/PriorBIMDA-Datasets/Matterport3D/v1/scans/759xd9YjKW5/undistorted_color_images/d7457234e5d54417bcc64a74d6ecfd9a_i2_5.jpg,/mnt/priorbimda-data/PriorBIMDA-Datasets/Matterport3D/v1/scans/759xd9YjKW5/undistorted_depth_images/d7457234e5d54417bcc64a74d6ecfd9a_d2_5.png,1024,1280,406,504,1.4165615917841592,1234157,0.9415870666503906,-7.000189781188965,-7.64670991897583,1.618280053138733,True,59437,0.2904693486590038,True,,1.0,59437,0.9016619920730591,-0.10351556077527493,1.131931559598729,0.22744107901006633,log-depth Laplacian fallback,,,,0.1084389148997164,0.030975459871015187,0.2761526957871879,0.2249340505556092,0.12284364295312489,-0.10641844299436415,0.11393912369402841,0.04948313269320861,6.136510086889857,0.9927626711998554,0.9982384737112053,0.9987043787783888,0.19323450842069867,0.08119545043245999,0.4489619662697069,0.38983868784355946,0.21871890993517698,-0.20993400382556648,0.21441662763116576,0.09311995820851962,6.136510083915043,0.4246129139161387,0.997873042084597,0.998901274311129,0.19323450842069867,0.08119545043245999,0.4489619662697069,0.38983868784355946,0.21871890993517698,-0.20993400382556648,0.21441662763116576,0.09311995820851962,6.136510083915043,0.4246129139161387,0.997873042084597,0.998901274311129,0.2114732402716515,0.10069358905808935,0.5043919859924815,0.43387726363508733,0.24445450490710552,-0.2340967318713223,0.23802259315453647,0.10337189877531788,7.040401335537852,0.3389763214890812,0.9978876269388741,0.9989928347852015,0.03464635541772426,0.011087125687223677,0.13775377496467264,0.05386367908362482,0.0638135783726294,0.017507060889581073,0.03252676946319547,0.01412619649200497,6.1365100861387125,0.9867836912159474,0.9979159863777461,0.9984450924801301,0.00937309954315424,0.06011973414570093,0.017545973882079124,ok,
759xd9YjKW5,db3dafef140f44508a4130b29e3dc1bc,db3dafef140f44508a4130b29e3dc1bc_i0_0,0,0,/mnt/priorbimda-data/PriorBIMDA-Datasets/Matterport3D/v1/scans/759xd9YjKW5/undistorted_color_images/db3dafef140f44508a4130b29e3dc1bc_i0_0.jpg,/mnt/priorbimda-data/PriorBIMDA-Datasets/Matterport3D/v1/scans/759xd9YjKW5/undistorted_depth_images/db3dafef140f44508a4130b29e3dc1bc_d0_0.png,1024,1280,406,504,1.4155678118069965,730193,0.5570930480957031,-12.487299919128418,-5.130199909210205,1.5523699522018433,True,203371,0.9938765736179529,True,,1.0,203371,0.9495587944984436,-0.05175782911084344,0.783013632301934,0.19284734368475126,log-depth Laplacian fallback,,,,0.27308735780585963,0.07890054381006788,0.27031566903969434,0.22322701582089988,0.2599032274836691,0.2279493621538661,0.23578624162479658,0.10240066364635596,12.485501972317117,0.44180922030202974,0.9999986304990598,1.0,0.21678240955073066,0.05274550407787208,0.22318469848485534,0.1794944844010781,0.2159449752434074,0.17619153315785285,0.1921306511193459,0.0834412815856108,12.48550198284437,0.5819434040041469,1.0,1.0,0.21678240955073066,0.05274550407787208,0.22318469848485534,0.1794944844010781,0.2159449752434074,0.17619153315785285,0.1921306511193459,0.0834412815856108,12.48550198284437,0.5819434040041469,1.0,1.0,0.19678705614817513,0.052665123312591475,0.2311217053116951,0.16942545809478576,0.20511182637617015,0.15926016338667884,0.17441648381745686,0.07574811647488933,12.925579939568099,0.6969321809439423,1.0,1.0,0.0984131261056915,0.014565050853199306,0.12507738555694992,0.0925571143070378,0.12596107160488132,-0.01665579846611217,0.10117378898447427,0.04393921826920118,12.48550196720432,0.9252526386859364,1.0,1.0,0.008688682690262794,0.057962941005825996,0.01744396984577179,ok,
759xd9YjKW5,db3dafef140f44508a4130b29e3dc1bc,db3dafef140f44508a4130b29e3dc1bc_i0_1,0,1,/mnt/priorbimda-data/PriorBIMDA-Datasets/Matterport3D/v1/scans/759xd9YjKW5/undistorted_color_images/db3dafef140f44508a4130b29e3dc1bc_i0_1.jpg,/mnt/priorbimda-data/PriorBIMDA-Datasets/Matterport3D/v1/scans/759xd9YjKW5/undistorted_depth_images/db3dafef140f44508a4130b29e3dc1bc_d0_1.png,1024,1280,406,504,1.4155678118069965,1038052,0.7919708251953125,-12.48390007019043,-5.116049766540527,1.552489995956421,True,180244,0.8808546407068575,True,,1.0,180244,1.1079806089401245,0.10253908721538221,1.0055122712171825,0.09704195296462008,log-depth Laplacian fallback,,,,0.14042784069934833,0.046534577999790765,0.23836835255972308,0.16684324537104966,0.18634934647005666,-0.0024919532564233685,0.13580652817393693,0.05898002579237931,18.633268392524435,0.7447757915788419,0.9999007756836844,1.0,0.182217732188471,0.0642934332681934,0.25663136893728766,0.1826279776252551,0.2114930214100405,0.10004713388099286,0.1615313444179823,0.0701521715351433,18.633268394821815,0.8236215526775152,0.895973419443342,0.999968209685064,0.182217732188471,0.0642934332681934,0.25663136893728766,0.1826279776252551,0.2114930214100405,0.10004713388099286,0.1615313444179823,0.0701521715351433,18.633268394821815,0.8236215526775152,0.895973419443342,0.999968209685064,0.17918014952266262,0.07036860655005414,0.2704437839721746,0.18391966753233838,0.21635747873015915,0.0889287200530421,0.15819458642074355,0.06870303594949602,19.723651120469285,0.8043132713968086,0.8836859810491189,0.9999633929706797,0.14109194576445316,0.046834259068548253,0.23792920870469397,0.16618021813545736,0.18635691564979656,0.003005147510555388,0.13569696402379153,0.05893244268655673,18.633268392567416,0.7498092581103837,0.9998911422549159,1.0,0.0082941809669137,0.05794989876449108,0.01745718065649271,ok,
759xd9YjKW5,db3dafef140f44508a4130b29e3dc1bc,db3dafef140f44508a4130b29e3dc1bc_i0_2,0,2,/mnt/priorbimda-data/PriorBIMDA-Datasets/Matterport3D/v1/scans/759xd9YjKW5/undistorted_color_images/db3dafef140f44508a4130b29e3dc1bc_i0_2.jpg,/mnt/priorbimda-data/PriorBIMDA-Datasets/Matterport3D/v1/scans/759xd9YjKW5/undistorted_depth_images/db3dafef140f44508a4130b29e3dc1bc_d0_2.png,1024,1280,406,504,1.4155678118069965,1238800,0.94512939453125,-12.470000267028809,-5.111909866333008,1.5527900457382202,True,86744,0.4239189928845101,True,,1.0,86744,0.983415424823761,-0.01672363892926089,1.0677041232505031,0.08223430293014566,log-depth Laplacian fallback,,,,0.08294754478063915,0.0362246031177725,0.3341476686780434,0.23825443475365563,0.11658006904636399,-0.06371147831647317,0.08701225141255682,0.03778894064645187,9.763073301775709,0.9250637713916694,0.9962600904100742,0.999382466903455,0.09161736375340017,0.042001271893745085,0.3632015906780472,0.26498427344602193,0.12649730483242766,-0.08043511733946211,0.09713816682382079,0.042186569833782876,9.763073301197267,0.9110663545366484,0.9964748143364547,0.9998167581530514,0.09161736375340017,0.042001271893745085,0.3632015906780472,0.26498427344602193,0.12649730483242766,-0.08043511733946211,0.09713816682382079,0.042186569833782876,9.763073301197267,0.9110663545366484,0.9964748143364547,0.9998167581530514,0.09938426399129997,0.04773891805881394,0.3865926892773801,0.2845710536977111,0.1371388228910386,-0.09408908283304196,0.10635600267365561,0.04618982507845613,9.977124453256367,0.8900863739102357,0.996716984178237,0.9997820471423958,0.07134930386396907,0.025074174173287098,0.2525222535977471,0.1733158692911936,0.097647309010386,0.0017991466452357354,0.07054876334882981,0.03063893862749522,9.763073301127442,0.9780198579270262,0.9954754601226994,0.9981231837261866,0.009651022963225842,0.060032390989363194,0.017466969788074493,ok,
759xd9YjKW5,db3dafef140f44508a4130b29e3dc1bc,db3dafef140f44508a4130b29e3dc1bc_i0_4,0,4,/mnt/priorbimda-data/PriorBIMDA-Datasets/Matterport3D/v1/scans/759xd9YjKW5/undistorted_color_images/db3dafef140f44508a4130b29e3dc1bc_i0_4.jpg,/mnt/priorbimda-data/PriorBIMDA-Datasets/Matterport3D/v1/scans/759xd9YjKW5/undistorted_depth_images/db3dafef140f44508a4130b29e3dc1bc_d0_4.png,1024,1280,406,504,1.4155678118069965,1254077,0.9567848205566406,-12.462800025939941,-5.1360602378845215,1.552839994430542,True,44854,0.21920204863554618,True,,1.0,44854,0.8241857290267944,-0.1933593751669099,1.1171706589357806,0.3041586668745567,log-depth Laplacian fallback,,,,0.12042385550617932,0.060481329913563205,0.4664104023486199,0.40616529456063094,0.1412646175867564,-0.09915550958822579,0.1268860629682312,0.05510591697753135,10.061747909897063,0.9272524733329771,0.9974100473894346,0.9999146782853047,0.254473940234101,0.24165984408325955,0.954351020358074,0.8677303274108833,0.309336119614102,-0.29251488470974163,0.2968910674384431,0.128938152314882,10.061747920295248,0.11858601983769737,0.9877966026009567,1.0,0.254473940234101,0.24165984408325955,0.954351020358074,0.8677303274108833,0.309336119614102,-0.29251488470974163,0.2968910674384431,0.128938152314882,10.061747920295248,0.11858601983769737,0.9877966026009567,1.0,0.26313002121775175,0.253240726777121,0.9734107736727275,0.8907690534101734,0.31980406311527965,-0.30450134627937697,0.30843120382387146,0.1339499698674845,9.774235979905914,0.11720173482170552,0.9532452951453539,1.0,0.06985977768529333,0.030245500820920465,0.27773863393117515,0.18871212070149698,0.1012889700008778,0.011643811233191545,0.06657791392804392,0.02891442063557912,10.061747911672466,0.9586253475663775,0.992785132013425,0.9996060847938364,0.009381970390677452,0.06159163359552622,0.01753875892609358,ok,
759xd9YjKW5,db3dafef140f44508a4130b29e3dc1bc,db3dafef140f44508a4130b29e3dc1bc_i0_5,0,5,/mnt/priorbimda-data/PriorBIMDA-Datasets/Matterport3D/v1/scans/759xd9YjKW5/undistorted_color_images/db3dafef140f44508a4130b29e3dc1bc_i0_5.jpg,/mnt/priorbimda-data/PriorBIMDA-Datasets/Matterport3D/v1/scans/759xd9YjKW5/undistorted_depth_images/db3dafef140f44508a4130b29e3dc1bc_d0_5.png,1024,1280,406,504,1.4155678118069965,1137231,0.8676383972167969,-12.476799964904785,-5.140210151672363,1.552549958229065,True,127521,0.6231966924700915,True,,1.0,127521,1.1342555284500122,0.125976513651898,1.1134368017076788,0.01852506398407032,log-depth Laplacian fallback,,,,0.09951898462519355,0.03699151746716284,0.31775913601626204,0.23445620521943278,0.12712708852771043,-0.08989720989723708,0.10433580432800571,0.0453124640845903,8.988764258909244,0.9866078219816379,0.9901585517805969,1.0,0.06888202884714695,0.018572287782711885,0.1748394764957173,0.10351049801074715,0.09685816658115004,0.036079303612784226,0.0642957572669632,0.027923292590832996,8.988764255601737,0.9860670347537132,0.9879206599186973,1.0,0.06888202884714695,0.018572287782711885,0.1748394764957173,0.10351049801074715,0.09685816658115004,0.036079303612784226,0.0642957572669632,0.027923292590832996,8.988764255601737,0.9860670347537132,0.9879206599186973,1.0,0.06621682455262039,0.019614955400042308,0.1866479376451462,0.1073161667722268,0.09492590918891808,0.026611180868301262,0.06216371390164516,0.026997357922096947,9.111955491625977,0.9862701597124947,0.9879874889094652,1.0,0.06612213371372577,0.01776215721209773,0.1813824640420954,0.11119100308193132,0.09158569836212449,0.017554254504931203,0.06278081613464465,0.027265362016658808,8.98876426059453,0.9864618533965395,0.988055197229059,1.0,0.009201266802847385,0.05879395082592964,0.017429057508707047,ok,
759xd9YjKW5,db3dafef140f44508a4130b29e3dc1bc,db3dafef140f44508a4130b29e3dc1bc_i1_0,1,0,/mnt/priorbimda-data/PriorBIMDA-Datasets/Matterport3D/v1/scans/759xd9YjKW5/undistorted_color_images/db3dafef140f44508a4130b29e3dc1bc_i1_0.jpg,/mnt/priorbimda-data/PriorBIMDA-Datasets/Matterport3D/v1/scans/759xd9YjKW5/undistorted_depth_images/db3dafef140f44508a4130b29e3dc1bc_d1_0.png,1024,1280,406,504,1.4121168655554452,245670,0.18743133544921875,-12.477399826049805,-5.127180099487305,1.5858399868011475,True,204624,1.0,True,,1.0,204624,0.9523447751998901,-0.04882815093103525,0.6794173978667308,0.33769146495933267,log-depth Laplacian fallback,,,,0.38390158538454505,0.20638494355955034,0.5036015919149722,0.4609919449620405,0.3386608958532466,0.3185692158937981,0.3185692158937981,0.13835285256692229,11.491238864863172,0.26245369805023,0.9999674359913705,1.0,0.3179514443149891,0.14797198960030514,0.42690848665608105,0.3837829777416294,0.2931980546189976,0.2697410650219932,0.2697410650219932,0.11714705608175793,11.491238868444754,0.26300321569585217,0.9999715064924493,1.0,0.3179514443149891,0.14797198960030514,0.42690848665608105,0.3837829777416294,0.2931980546189976,0.2697410650219932,0.2697410650219932,0.11714705608175793,11.491238868444754,0.26300321569585217,0.9999715064924493,1.0,0.3118312509281915,0.14938725410419698,0.4299732177793903,0.3791713546014567,0.2931747537932994,0.2635604129827254,0.2635604129827254,0.11446283300653987,12.840305670090926,0.2629869336915374,0.9999755769935279,1.0,0.07043925776440714,0.01358334263856701,0.11551270290707207,0.07132030616493876,0.13349950994418144,-0.06795043843710082,0.07856409177759058,0.03411995153474822,11.491238867738488,0.7387308177636667,1.0,1.0,0.007600190117955208,0.05803774297237396,0.017421563155949116,ok,
759xd9YjKW5,db3dafef140f44508a4130b29e3dc1bc,db3dafef140f44508a4130b29e3dc1bc_i1_1,1,1,/mnt/priorbimda-data/PriorBIMDA-Datasets/Matterport3D/v1/scans/759xd9YjKW5/undistorted_color_images/db3dafef140f44508a4130b29e3dc1bc_i1_1.jpg,/mnt/priorbimda-data/PriorBIMDA-Datasets/Matterport3D/v1/scans/759xd9YjKW5/undistorted_depth_images/db3dafef140f44508a4130b29e3dc1bc_d1_1.png,1024,1280,406,504,1.4121168655554452,953052,0.7271209716796875,-12.47659969329834,-5.123770236968994,1.5858700275421143,True,204624,1.0,True,,1.0,204624,0.9330132007598877,-0.06933592951046137,0.9733820702648822,0.042357328058919286,log-depth Laplacian fallback,,,,0.043799957590020644,0.002958603544431443,0.054634061716878776,0.04485608714426974,0.052570883459833656,0.02783444809561419,0.04268146403229002,0.018536324308775665,4.459754799268645,1.0,1.0,1.0,0.04781099257249313,0.003830129379863089,0.06609873978579336,0.05179922441793339,0.06092055684050271,-0.04150148146028396,0.04944344882726641,0.021473016991947615,4.459754794109906,0.9999947536965454,1.0,1.0,0.04781099257249313,0.003830129379863089,0.06609873978579336,0.05179922441793339,0.06092055684050271,-0.04150148146028396,0.04944344882726641,0.021473016991947615,4.459754794109906,0.9999947536965454,1.0,1.0,0.07047104942114182,0.0064588947886731595,0.08396435107226335,0.07448084920029734,0.07973598992889747,-0.03180680277424631,0.07207241709404966,0.031300653041375366,7.3117408236489325,0.9998992709736719,1.0,1.0,0.03658353079000633,0.0021233739299299967,0.04795656700102271,0.038537996010306864,0.044605759020908485,0.0008558317584532857,0.03652003579665561,0.015860450025396745,4.459754802489237,1.0,1.0,1.0,0.008401066064834595,0.05914668086916208,0.017480308189988136,ok,
759xd9YjKW5,db3dafef140f44508a4130b29e3dc1bc,db3dafef140f44508a4130b29e3dc1bc_i1_2,1,2,/mnt/priorbimda-data/PriorBIMDA-Datasets/Matterport3D/v1/scans/759xd9YjKW5/undistorted_color_images/db3dafef140f44508a4130b29e3dc1bc_i1_2.jpg,/mnt/priorbimda-data/PriorBIMDA-Datasets/Matterport3D/v1/scans/759xd9YjKW5/undistorted_depth_images/db3dafef140f44508a4130b29e3dc1bc_d1_2.png,1024,1280,406,504,1.4121168655554452,1234203,0.9416221618652344,-12.473199844360352,-5.122769832611084,1.5859400033950806,True,191866,0.9376514973805614,True,,1.0,191866,1.010430097579956,0.010376079397468535,1.0122844197792025,0.0018334991940862425,log-depth Laplacian fallback,,,,0.04853708698602122,0.06010324424467273,0.4533203934257089,0.16882822774460843,0.09998611310499621,-0.005635389417424212,0.043958663139620074,0.01909100483338086,9.98271766602616,0.9801831627374104,0.9862316004741521,0.9943826096679396,0.047287837005689934,0.06062433778219575,0.448707292610012,0.15241616860058896,0.09993967849117688,0.004740690044941336,0.042214324479003904,0.018333448178504765,9.982717663450968,0.9794336912161128,0.9860760344935152,0.9938835021467295,0.047287837005689934,0.06062433778219575,0.448707292610012,0.15241616860058896,0.09993967849117688,0.004740690044941336,0.042214324479003904,0.018333448178504765,9.982717663450968,0.9794336912161128,0.9860760344935152,0.9938835021467295,0.052078657208905955,0.06081144613093874,0.4607690885675066,0.1795484499827511,0.10092124804246519,-0.001746424999399596,0.047367059846428965,0.020571252715285204,10.090613611753378,0.9802755300384135,0.9861951396974403,0.9941265739914746,0.047327027597366185,0.06079121640023797,0.44828268748826045,0.15021114455899948,0.10004341496753745,0.006574167742557668,0.042166792662899674,0.018312805373055865,9.982717664473743,0.9792756945170284,0.9860403839562859,0.9937676379007343,0.009688671678304672,0.06000666134059429,0.01744951494038105,ok,
759xd9YjKW5,db3dafef140f44508a4130b29e3dc1bc,db3dafef140f44508a4130b29e3dc1bc_i1_3,1,3,/mnt/priorbimda-data/PriorBIMDA-Datasets/Matterport3D/v1/scans/759xd9YjKW5/undistorted_color_images/db3dafef140f44508a4130b29e3dc1bc_i1_3.jpg,/mnt/priorbimda-data/PriorBIMDA-Datasets/Matterport3D/v1/scans/759xd9YjKW5/undistorted_depth_images/db3dafef140f44508a4130b29e3dc1bc_d1_3.png,1024,1280,406,504,1.4121168655554452,1067954,0.8147842407226562,-12.47070026397705,-5.125179767608643,1.5859800577163696,True,106944,0.5226366408632418,True,,1.0,106944,0.9607519507408142,-0.04003901910384126,1.0159021300063016,0.05581603488626581,log-depth Laplacian fallback,,,,0.038260525980959796,0.016594292532467227,0.2585840518031799,0.15809036978504099,0.06243173467202371,-0.008478720868149362,0.03761486806920794,0.01633592963997584,6.185331669844371,0.9834131432627248,0.9981328783824023,0.9999775271219546,0.06320352715489495,0.026528800289494277,0.3512657158754104,0.28558426461545205,0.07861172868031495,-0.048517739996303835,0.06455528470765938,0.02803600392622983,6.185331674015963,0.983959046925242,0.9987611825977524,1.0,0.06320352715489495,0.026528800289494277,0.3512657158754104,0.28558426461545205,0.07861172868031495,-0.048517739996303835,0.06455528470765938,0.02803600392622983,6.185331674015963,0.983959046925242,0.9987611825977524,1.0,0.06579621851639743,0.028817781306939676,0.3660760597369235,0.29811130375070816,0.08247150633460343,-0.05357637150486795,0.06759509960467461,0.02935617876201086,6.269865846627748,0.9845527054536056,0.9987508825286482,1.0,0.0346321625482781,0.016403464487083096,0.24925287255485515,0.13454752613653068,0.06228240805580468,0.00729832601366296,0.03342155417109731,0.014514796553138172,6.185331673102142,0.9845002687381667,0.9979718227564108,0.9997827621788954,0.00967293418943882,0.058559137396514416,0.01744048483669758,ok,
759xd9YjKW5,db3dafef140f44508a4130b29e3dc1bc,db3dafef140f44508a4130b29e3dc1bc_i1_4,1,4,/mnt/priorbimda-data/PriorBIMDA-Datasets/Matterport3D/v1/scans/759xd9YjKW5/undistorted_color_images/db3dafef140f44508a4130b29e3dc1bc_i1_4.jpg,/mnt/priorbimda-data/PriorBIMDA-Datasets/Matterport3D/v1/scans/759xd9YjKW5/undistorted_depth_images/db3dafef140f44508a4130b29e3dc1bc_d1_4.png,1024,1280,406,504,1.4121168655554452,1210857,0.9238105773925781,-12.471500396728516,-5.128590106964111,1.5859500169754028,True,128409,0.6275363593713348,True,,1.0,128409,0.992278516292572,-0.007751448711943176,1.0149252100274746,0.022566373788847346,log-depth Laplacian fallback,,,,0.051629975232217906,0.044883133713462794,0.3747338440418868,0.1959953966547284,0.09681334147913136,-0.0008122005942873813,0.04751628806040198,0.020636061705157947,9.680993450338418,0.9763448532733427,0.9896230521027669,0.9953256247434669,0.054984331584709535,0.0450920556613602,0.3819198810298649,0.21542980845881127,0.09718795975508072,-0.008563649229491174,0.05128316848965339,0.022271997089571192,9.680993457920227,0.9768246787192872,0.9900533258675467,0.9953594850589293,0.054984331584709535,0.0450920556613602,0.3819198810298649,0.21542980845881127,0.09718795975508072,-0.008563649229491174,0.05128316848965339,0.022271997089571192,9.680993457920227,0.9768246787192872,0.9900533258675467,0.9953594850589293,0.05864561304179758,0.04725105054741747,0.40169337186998655,0.23646995916956703,0.09992050791207584,-0.01496274063652978,0.05548156497205013,0.024095337514718092,9.879384745039111,0.9772590817908308,0.9903415514796545,0.9953850867608645,0.049314423745624975,0.046006815719300195,0.3704275695864738,0.17925411686812495,0.09781738384313511,0.014002755464346763,0.04446026764158759,0.019308848900683184,9.68099345176978,0.9749491475872047,0.9886072426388913,0.9951934869270277,0.009595070965588093,0.05929016601294279,0.01744040008634329,ok,
759xd9YjKW5,db3dafef140f44508a4130b29e3dc1bc,db3dafef140f44508a4130b29e3dc1bc_i1_5,1,5,/mnt/priorbimda-data/PriorBIMDA-Datasets/Matterport3D/v1/scans/759xd9YjKW5/undistorted_color_images/db3dafef140f44508a4130b29e3dc1bc_i1_5.jpg,/mnt/priorbimda-data/PriorBIMDA-Datasets/Matterport3D/v1/scans/759xd9YjKW5/undistorted_depth_images/db3dafef140f44508a4130b29e3dc1bc_d1_5.png,1024,1280,406,504,1.4121168655554452,993562,0.7580276489257812,-12.474900245666504,-5.129580020904541,1.5858800411224365,True,196537,0.9604787317225741,True,,1.0,196537,0.972551703453064,-0.027832039398335083,1.002936002920387,0.030763740679840647,log-depth Laplacian fallback,,,,0.0756672116120498,0.04376176009752341,0.38369307186558377,0.21447373075078213,0.10334340328479644,0.028749055359574366,0.07093944822709454,0.030808610914288572,9.926404595026439,0.9850588086098301,0.9925902963277581,0.9965558264104304,0.07629198699308672,0.04282391453397791,0.40328581045612066,0.24923473931261916,0.09926828165341242,0.0009170160523412521,0.07367067903490651,0.031994769382925455,9.926404597829452,0.9881728568524158,0.9928862013643839,0.9967883232249221,0.07629198699308672,0.04282391453397791,0.40328581045612066,0.24923473931261916,0.09926828165341242,0.0009170160523412521,0.07367067903490651,0.031994769382925455,9.926404597829452,0.9881728568524158,0.9928862013643839,0.9967883232249221,0.0864033017163023,0.04900828303713357,0.434727726131245,0.2875573082089318,0.10974704411556749,-0.0075391664698272005,0.08394222262434835,0.03645564408444878,10.94877831588737,0.9883016862561169,0.9929576614242493,0.9969050748720261,0.07584083993108165,0.04416607067602962,0.3832221485845699,0.21148355604048352,0.10419703124996477,0.03168075925486503,0.07089101054725462,0.030787574697217927,9.926404592973942,0.984754851735473,0.9925460112202359,0.996547774572699,0.009307676926255226,0.0587761364877224,0.01743177231401205,ok,
759xd9YjKW5,db3dafef140f44508a4130b29e3dc1bc,db3dafef140f44508a4130b29e3dc1bc_i2_0,2,0,/mnt/priorbimda-data/PriorBIMDA-Datasets/Matterport3D/v1/scans/759xd9YjKW5/undistorted_color_images/db3dafef140f44508a4130b29e3dc1bc_i2_0.jpg,/mnt/priorbimda-data/PriorBIMDA-Datasets/Matterport3D/v1/scans/759xd9YjKW5/undistorted_depth_images/db3dafef140f44508a4130b29e3dc1bc_d2_0.png,1024,1280,406,504,1.4165615917841592,539950,0.41194915771484375,-12.48859977722168,-5.1304497718811035,1.6188600063323975,True,204624,1.0,True,,1.0,204624,1.0428862571716309,0.04199211654514703,1.1465989885710095,0.09480804283515754,log-depth Laplacian fallback,,,,0.13562348604316463,0.02808752343668651,0.18732102305582585,0.15859449828396308,0.1719103197108556,-0.1411363515581839,0.14856636793444344,0.06452155379033701,9.815135399949055,0.9222539123992962,0.9686526530234281,1.0,0.10456579480217429,0.019289408780471518,0.15671501272858795,0.12360141131224174,0.13951081539924232,-0.0991442348223115,0.11246801000912267,0.048844236137601665,9.81513541162822,0.9297268265580146,0.986650615797759,1.0,0.10456579480217429,0.019289408780471518,0.15671501272858795,0.12360141131224174,0.13951081539924232,-0.0991442348223115,0.11246801000912267,0.048844236137601665,9.81513541162822,0.9297268265580146,0.986650615797759,1.0,0.10882541494474249,0.020891907260649923,0.16258754102290243,0.12820820479815134,0.1468950243084398,-0.10123950435944234,0.11746914232250895,0.051016200304573385,10.643641728107713,0.9292304843041023,0.973956847856283,1.0,0.05004046365003811,0.011343052579803595,0.12099173395373491,0.06301746796387105,0.09824709283266997,-0.004336238710557457,0.05109123075547692,0.02218863959074934,9.815135395865068,0.9275155106954348,0.9983072506713585,0.999992591906658,0.007896065711975098,0.06084150727838278,0.017466213554143906,ok,
759xd9YjKW5,db3dafef140f44508a4130b29e3dc1bc,db3dafef140f44508a4130b29e3dc1bc_i2_1,2,1,/mnt/priorbimda-data/PriorBIMDA-Datasets/Matterport3D/v1/scans/759xd9YjKW5/undistorted_color_images/db3dafef140f44508a4130b29e3dc1bc_i2_1.jpg,/mnt/priorbimda-data/PriorBIMDA-Datasets/Matterport3D/v1/scans/759xd9YjKW5/undistorted_depth_images/db3dafef140f44508a4130b29e3dc1bc_d2_1.png,1024,1280,406,504,1.4165615917841592,898382,0.6854110717773437,-12.485300064086914,-5.116300106048584,1.618980050086975,True,204624,1.0,True,,1.0,204624,1.0728434324264526,0.07031253727624621,1.2237123726343673,0.13157662952168314,log-depth Laplacian fallback,,,,0.1724914446572809,0.04661460815770691,0.2670989216863905,0.25139287494196944,0.19793815260574052,-0.1838310683819776,0.19050638187509356,0.08273587041570676,7.338699172546925,0.8337744968176121,1.0,1.0,0.1224775413027465,0.023043431700555488,0.1861687028772884,0.17592849488319307,0.13517435955964882,-0.11351853112301025,0.13010352392803307,0.05650324251811245,7.33869918584716,0.9852957873154181,1.0,1.0,0.1224775413027465,0.023043431700555488,0.1861687028772884,0.17592849488319307,0.13517435955964882,-0.11351853112301025,0.13010352392803307,0.05650324251811245,7.33869918584716,0.9852957873154181,1.0,1.0,0.1295330739371349,0.025035451496909573,0.1926884309221941,0.1845217707540799,0.14184958956022148,-0.11781839482286209,0.13763930574311992,0.05977599097723152,7.899450550365813,0.9918074939168416,1.0,1.0,0.04387520928278465,0.007644806160300207,0.09181955948476421,0.05324158854645658,0.07557608135134458,0.018058059582524162,0.04132307254029303,0.01794638237953705,7.338699173926577,0.9410161824257387,0.9993388113297016,1.0,0.00847945548593998,0.06053394638001919,0.017512837424874306,ok,
759xd9YjKW5,db3dafef140f44508a4130b29e3dc1bc,db3dafef140f44508a4130b29e3dc1bc_i2_2,2,2,/mnt/priorbimda-data/PriorBIMDA-Datasets/Matterport3D/v1/scans/759xd9YjKW5/undistorted_color_images/db3dafef140f44508a4130b29e3dc1bc_i2_2.jpg,/mnt/priorbimda-data/PriorBIMDA-Datasets/Matterport3D/v1/scans/759xd9YjKW5/undistorted_depth_images/db3dafef140f44508a4130b29e3dc1bc_d2_2.png,1024,1280,406,504,1.4165615917841592,1220092,0.9308563232421875,-12.47130012512207,-5.112150192260742,1.6192699670791626,True,204624,1.0,True,,1.0,204624,1.074416160583496,0.07177740760994888,1.0713908179969942,0.0028197732799574993,log-depth Laplacian fallback,,,,0.07031609836247461,0.016979936526989987,0.18954251120878896,0.1404996692777391,0.08717238132652776,-0.059034949190242776,0.07111561466636135,0.030885119026758705,6.413968225866899,0.9887811738786911,0.9946282739334411,0.9988041885366021,0.029493128077453953,0.012993161649878689,0.16018296653778502,0.060629808233567575,0.06539318847363079,0.012742458498215845,0.027148854055623298,0.01179059750635392,6.413968233604721,0.9871493297226767,0.9925579382538366,0.9979870370431082,0.029493128077453953,0.012993161649878689,0.16018296653778502,0.060629808233567575,0.06539318847363079,0.012742458498215845,0.027148854055623298,0.01179059750635392,6.413968233604721,0.9871493297226767,0.9925579382538366,0.9979870370431082,0.03461499615957484,0.013693537341058156,0.1649203391978971,0.07083544663170561,0.06772048220754885,0.011767508537540123,0.03225324693239646,0.014007407166202761,6.669025006132351,0.9870976942722353,0.9925104008550175,0.9979263858790977,0.029301078812399215,0.01275096375427245,0.15855302621208917,0.05958693467923862,0.06490269203871431,0.00992273106030617,0.02703964350533628,0.011743167966998645,6.413968227374552,0.9872058828350649,0.992609573704278,0.9980124449631668,0.00879700854420662,0.05711950175464153,0.017458796501159668,ok,
759xd9YjKW5,db3dafef140f44508a4130b29e3dc1bc,db3dafef140f44508a4130b29e3dc1bc_i2_3,2,3,/mnt/priorbimda-data/PriorBIMDA-Datasets/Matterport3D/v1/scans/759xd9YjKW5/undistorted_color_images/db3dafef140f44508a4130b29e3dc1bc_i2_3.jpg,/mnt/priorbimda-data/PriorBIMDA-Datasets/Matterport3D/v1/scans/759xd9YjKW5/undistorted_depth_images/db3dafef140f44508a4130b29e3dc1bc_d2_3.png,1024,1280,406,504,1.4165615917841592,1216040,0.927764892578125,-12.460800170898438,-5.122159957885742,1.6194499731063843,True,193372,0.9450113378684807,True,,1.0,193372,1.0966774225234985,0.09228508383326206,1.067032588779925,0.027403569543388226,log-depth Laplacian fallback,,,,0.07247788156763686,0.01488915443389516,0.17617479323912072,0.13140557501839437,0.09407172048951394,-0.06188431934724523,0.07479637891869512,0.03248365463073401,7.085068535155751,0.9847850399657906,0.9979128976020526,0.9996176112627874,0.05244751308949393,0.015346301390306124,0.18462384371720816,0.1153059088988432,0.07709751030127684,0.030400764488265224,0.04992343456430637,0.021681472148936325,7.085068534025991,0.9824117627709614,0.9959581921647315,0.9988503667642512,0.05244751308949393,0.015346301390306124,0.18462384371720816,0.1153059088988432,0.07709751030127684,0.030400764488265224,0.04992343456430637,0.021681472148936325,7.085068534025991,0.9824117627709614,0.9959581921647315,0.9988503667642512,0.05466665754480169,0.01634902270971058,0.19088761520067837,0.12121399856312472,0.07901250301950496,0.03436676931700739,0.05186176755494323,0.022523279470860944,7.114703648163344,0.9818591493700866,0.9957838557942172,0.9987574421894017,0.04519409658645921,0.011482413976771364,0.15396924352735936,0.08695449802422499,0.07091405163283004,0.0029971826307943076,0.043975674511307884,0.01909839277823451,7.0850685354916285,0.9855374823196605,0.9965938620440117,0.9991908160915759,0.008844464085996151,0.058619131334125996,0.01745723932981491,ok,
759xd9YjKW5,db3dafef140f44508a4130b29e3dc1bc,db3dafef140f44508a4130b29e3dc1bc_i2_4,2,4,/mnt/priorbimda-data/PriorBIMDA-Datasets/Matterport3D/v1/scans/759xd9YjKW5/undistorted_color_images/db3dafef140f44508a4130b29e3dc1bc_i2_4.jpg,/mnt/priorbimda-data/PriorBIMDA-Datasets/Matterport3D/v1/scans/759xd9YjKW5/undistorted_depth_images/db3dafef140f44508a4130b29e3dc1bc_d2_4.png,1024,1280,406,504,1.4165615917841592,1244213,0.9492591857910156,-12.464099884033203,-5.13631010055542,1.6193300485610962,True,199880,0.9768160137618266,True,,1.0,199880,1.149869441986084,0.1396484072225341,1.1211785867058532,0.025267965646316573,log-depth Laplacian fallback,,,,0.10094749829292267,0.025466946431978013,0.21435911700696475,0.15988004321233346,0.12430321568386311,-0.08022901384882611,0.1048563905176362,0.04553855179410184,9.494521981750246,0.9861454590170654,0.9958222587290119,0.9981385823809911,0.07647049522621371,0.04495265233064701,0.3455515743701891,0.1927825672719702,0.1120056207841968,0.059419393303364494,0.06953926893432193,0.030200520773762212,9.494521992556223,0.9737930724080202,0.9907909658555247,0.9973139647311192,0.07647049522621371,0.04495265233064701,0.3455515743701891,0.1927825672719702,0.1120056207841968,0.059419393303364494,0.06953926893432193,0.030200520773762212,9.494521992556223,0.9737930724080202,0.9907909658555247,0.9973139647311192,0.08036069598522104,0.04709376839563862,0.3532605203177504,0.20044766673265005,0.11493156970858925,0.06335990319345003,0.07303787491273975,0.03171994604454283,9.588945918606981,0.9714566557333832,0.9906639779523281,0.9972761898485227,0.06799794820413463,0.03505934535487377,0.29934818010075387,0.16296657873202214,0.10090053144077596,0.03415146370012776,0.0628626848089429,0.027300917130147272,9.49452198489733,0.9799937792001852,0.9916035276918019,0.9974602419360672,0.007934872061014175,0.05937659926712513,0.017458006739616394,ok,
759xd9YjKW5,db3dafef140f44508a4130b29e3dc1bc,db3dafef140f44508a4130b29e3dc1bc_i2_5,2,5,/mnt/priorbimda-data/PriorBIMDA-Datasets/Matterport3D/v1/scans/759xd9YjKW5/undistorted_color_images/db3dafef140f44508a4130b29e3dc1bc_i2_5.jpg,/mnt/priorbimda-data/PriorBIMDA-Datasets/Matterport3D/v1/scans/759xd9YjKW5/undistorted_depth_images/db3dafef140f44508a4130b29e3dc1bc_d2_5.png,1024,1280,406,504,1.4165615917841592,1119258,0.8539260864257813,-12.478099822998047,-5.1404500007629395,1.6190299987792969,True,204624,1.0,True,,1.0,204624,1.2168786525726318,0.1962890987403415,1.2333477751358892,0.013443141742810999,log-depth Laplacian fallback,,,,0.2082821885872712,0.0785375890001345,0.4029928460201434,0.3828207369649761,0.24268667518795864,-0.23116065105451528,0.23455724125100863,0.10186691556576287,7.39024743688489,0.5665217492302936,0.9987268350996821,0.99999374585663,0.05109038158663295,0.01073136580939051,0.12750141063654233,0.07320158455831624,0.08171658879475667,-0.03487155237053917,0.05230913362169789,0.022717568085043258,7.3902474380226915,0.9933572062920256,0.9970221343068354,0.9987938437786462,0.05109038158663295,0.01073136580939051,0.12750141063654233,0.07320158455831624,0.08171658879475667,-0.03487155237053917,0.05230913362169789,0.022717568085043258,7.3902474380226915,0.9933572062920256,0.9970221343068354,0.9987938437786462,0.05441579432418268,0.011657624041771368,0.13215365264896523,0.07796760673934953,0.08694700349177448,-0.03948042968208208,0.056021091604654225,0.024329650954097906,7.746661918734299,0.9893340052070211,0.9969855028956683,0.998776868246642,0.050148751654983253,0.01058045177498924,0.13114610476510605,0.07908789277751552,0.07694642649845705,-0.02142841185510204,0.050691345945853956,0.022014971824533134,7.3902474358106405,0.9931776230324019,0.9969354697487085,0.9987598927146377,0.0076218824833631516,0.05771852936595678,0.01744307018816471,ok,
759xd9YjKW5,f155853c7e6c4761bc42e1a304c78b2a,f155853c7e6c4761bc42e1a304c78b2a_i0_0,0,0,/mnt/priorbimda-data/PriorBIMDA-Datasets/Matterport3D/v1/scans/759xd9YjKW5/undistorted_color_images/f155853c7e6c4761bc42e1a304c78b2a_i0_0.jpg,/mnt/priorbimda-data/PriorBIMDA-Datasets/Matterport3D/v1/scans/759xd9YjKW5/undistorted_depth_images/f155853c7e6c4761bc42e1a304c78b2a_d0_0.png,1024,1280,406,504,1.4155678118069965,1240583,0.9464897155761719,-6.216239929199219,-9.853460311889648,1.560289978981018,True,67344,0.32911095472671825,True,,1.0,67344,1.1956751346588135,0.17871099209181626,1.1663629340891093,0.024820688368808796,log-depth Laplacian fallback,,,,0.14988629203360954,0.05641336050558926,0.412037646031274,0.31456316003133655,0.1733971095471855,-0.1618942830605084,0.1634273129358124,0.07097558020029925,6.210312964450856,0.892559385385742,0.9954755143347926,0.996230804387937,0.04353226619839892,0.01314018382170466,0.24207829449374096,0.09278963650290324,0.06433972657231257,0.01681670903155103,0.043031299068452086,0.018688255734557284,6.210312965340873,0.9946694417060366,0.9952723840323461,0.9990762407674456,0.04353226619839892,0.01314018382170466,0.24207829449374096,0.09278963650290324,0.06433972657231257,0.01681670903155103,0.043031299068452086,0.018688255734557284,6.210312965340873,0.9946694417060366,0.9952723840323461,0.9990762407674456,0.04264615045216581,0.013196900708351155,0.24453269508360106,0.09025538805915519,0.0656957106532738,0.00858964898666471,0.04258525883503124,0.018494542922475786,6.513174593487084,0.9947597218404572,0.9953054330101251,0.9990859136389907,0.03689417583536606,0.01248524621404749,0.24399456170263528,0.08177671761930842,0.06261679580276999,-0.008004024284255389,0.037369610726356896,0.016229415729329368,6.210312964628146,0.9948032497624101,0.9953344516247603,0.9990955865105358,0.010433989576995373,0.06004644185304642,0.01741096656769514,ok,
759xd9YjKW5,f155853c7e6c4761bc42e1a304c78b2a,f155853c7e6c4761bc42e1a304c78b2a_i0_5,0,5,/mnt/priorbimda-data/PriorBIMDA-Datasets/Matterport3D/v1/scans/759xd9YjKW5/undistorted_color_images/f155853c7e6c4761bc42e1a304c78b2a_i0_5.jpg,/mnt/priorbimda-data/PriorBIMDA-Datasets/Matterport3D/v1/scans/759xd9YjKW5/undistorted_depth_images/f155853c7e6c4761bc42e1a304c78b2a_d0_5.png,1024,1280,406,504,1.4155678118069965,1210238,0.9233383178710938,-6.219099998474121,-9.867730140686035,1.5605299472808838,True,79197,0.38703671123621863,True,,1.0,79197,1.0775684118270874,0.07470703223511889,1.0371825113167075,0.0381991191327084,log-depth Laplacian fallback,,,,0.06023530635336175,0.011001734075889618,0.14574475878714607,0.11364943184902819,0.07833280591065307,-0.04367007706852126,0.062440658895686674,0.027117633604799924,6.503039943492165,0.9989142631449351,0.9993389729953943,0.9997372417656692,0.06160466013116544,0.00921605893995957,0.121974443534204,0.10363706853472052,0.07205723715217431,0.031036955153491946,0.059634458802548564,0.025898916389233643,6.5030399359106035,0.998663072883185,0.9991836316493119,0.9996017312297251,0.06160466013116544,0.00921605893995957,0.121974443534204,0.10363706853472052,0.07205723715217431,0.031036955153491946,0.059634458802548564,0.025898916389233643,6.5030399359106035,0.998663072883185,0.9991836316493119,0.9996017312297251,0.06377447016317853,0.00973345703414988,0.12613644368732393,0.10773109288836105,0.0745426160740202,0.02065692636414129,0.062359253038811686,0.027082279490364524,7.162327138818235,0.9987010819359498,0.9991985047569156,0.999625693458642,0.05330150317274875,0.00764658036753705,0.11610446580149066,0.09378417358790722,0.06542360919092734,-0.007162107896426002,0.0534873728197236,0.023229270867107934,6.503039943016761,0.9988101513917097,0.9992489080660167,0.9996719653489644,0.010084862820804119,0.06279694847762585,0.017465468496084213,ok,
759xd9YjKW5,f155853c7e6c4761bc42e1a304c78b2a,f155853c7e6c4761bc42e1a304c78b2a_i1_0,1,0,/mnt/priorbimda-data/PriorBIMDA-Datasets/Matterport3D/v1/scans/759xd9YjKW5/undistorted_color_images/f155853c7e6c4761bc42e1a304c78b2a_i1_0.jpg,/mnt/priorbimda-data/PriorBIMDA-Datasets/Matterport3D/v1/scans/759xd9YjKW5/undistorted_depth_images/f155853c7e6c4761bc42e1a304c78b2a_d1_0.png,1024,1280,406,504,1.4121168655554452,1196934,0.9131881713867187,-6.208469867706299,-9.860099792480469,1.5937999486923218,True,193020,0.9432911095472671,True,,1.0,193020,1.0146942138671875,0.014587299977769844,0.8195113056163309,0.213634385122152,log-depth Laplacian fallback,,,,0.2074133274798814,0.17473416288468188,0.6258758227104884,0.3892254394380386,0.21226724974248415,0.17082427403464107,0.18099811866801838,0.07860648417239038,12.60017964704313,0.9119191200183134,0.9894538880172173,0.9941258248157375,0.22338761210218835,0.189736662900118,0.6462857834940837,0.4157663230233152,0.22417382623282484,0.18541157381353762,0.19383096200126942,0.08417971721915028,12.600179627232242,0.7463059784415849,0.9886092299157682,0.9940188849176312,0.22338761210218835,0.189736662900118,0.6462857834940837,0.4157663230233152,0.22417382623282484,0.18541157381353762,0.19383096200126942,0.08417971721915028,12.600179627232242,0.7463059784415849,0.9886092299157682,0.9940188849176312,0.2225488981353919,0.19094298700607407,0.6486074247055651,0.41400062344109695,0.22402316883725368,0.18420074990212917,0.1930203917001631,0.0838276910101851,12.750083886538915,0.764708831063367,0.9887144988779666,0.9940180494496773,0.06164830597154097,0.1026546149783186,0.6702408276579488,0.2631261015509555,0.12912389610765954,-0.028222824860936496,0.059589149722564426,0.02587923890581643,12.600179642723575,0.937305649267211,0.9899443077061894,0.9948409853843236,0.00904631707817316,0.058432319201529026,0.017427698709070683,ok,
759xd9YjKW5,f155853c7e6c4761bc42e1a304c78b2a,f155853c7e6c4761bc42e1a304c78b2a_i1_1,1,1,/mnt/priorbimda-data/PriorBIMDA-Datasets/Matterport3D/v1/scans/759xd9YjKW5/undistorted_color_images/f155853c7e6c4761bc42e1a304c78b2a_i1_1.jpg,/mnt/priorbimda-data/PriorBIMDA-Datasets/Matterport3D/v1/scans/759xd9YjKW5/undistorted_depth_images/f155853c7e6c4761bc42e1a304c78b2a_d1_1.png,1024,1280,406,504,1.4121168655554452,986482,0.7526260375976562,-6.205160140991211,-9.858980178833008,1.5938299894332886,True,94258,0.4606400031276879,True,,1.0,94258,0.9330132007598877,-0.06933592951046137,0.9931779357427009,0.062490488594086714,log-depth Laplacian fallback,,,,0.04226585614138116,0.026009998868047047,0.3530189756003683,0.14678657798072522,0.08278526127418774,0.00640243660227704,0.04203267401000174,0.018254558382181988,8.25373145297892,0.9764466052092182,0.9873783809537325,0.9999776985287111,0.07109589551636379,0.032987998407806376,0.39465440696105103,0.26207002942620317,0.10379322151273823,-0.06293349308552007,0.07440066733694828,0.03231179927435614,8.253731447077222,0.9778566664166198,0.9896105554891017,0.9977739076840733,0.07109589551636379,0.032987998407806376,0.39465440696105103,0.26207002942620317,0.10379322151273823,-0.06293349308552007,0.07440066733694828,0.03231179927435614,8.253731447077222,0.9778566664166198,0.9896105554891017,0.9977739076840733,0.07658998039473011,0.03622045023438444,0.4129569731078082,0.28746169010688977,0.10878435561720323,-0.06840949251777789,0.08038304226862686,0.034909911695860475,8.458237027011142,0.9778151045837633,0.9892831293424512,0.9969477395431442,0.04127719798283879,0.025094562361116263,0.3461845212025074,0.14201228645064656,0.08253850336740011,-0.00044298959573105544,0.041329186813872036,0.017949037774813253,8.253731458163873,0.9766523869670202,0.9875740256791304,0.9999817533416727,0.008798089809715748,0.05922870337963104,0.017439779825508595,ok,
759xd9YjKW5,f155853c7e6c4761bc42e1a304c78b2a,f155853c7e6c4761bc42e1a304c78b2a_i1_4,1,4,/mnt/priorbimda-data/PriorBIMDA-Datasets/Matterport3D/v1/scans/759xd9YjKW5/undistorted_color_images/f155853c7e6c4761bc42e1a304c78b2a_i1_4.jpg,/mnt/priorbimda-data/PriorBIMDA-Datasets/Matterport3D/v1/scans/759xd9YjKW5/undistorted_depth_images/f155853c7e6c4761bc42e1a304c78b2a_d1_4.png,1024,1280,406,504,1.4121168655554452,1273089,0.9712898254394531,-6.2065300941467285,-9.865839958190918,1.5939500331878662,True,77410,0.3783036202986942,True,,1.0,77410,0.9777894616127014,-0.02246090654682538,1.0144800844297615,0.03683715571599728,log-depth Laplacian fallback,,,,0.04043340875409732,0.014438088085866949,0.23163194532654596,0.15039663037102646,0.060156954084140755,-0.00517664586877416,0.03981973089165068,0.017293489397116345,5.993380900819439,0.9867794003404318,0.9994760774776941,0.9999599399570651,0.05005067332422663,0.016446904766056904,0.2540662363679641,0.19168202356843467,0.06599921043878981,-0.027637552497715205,0.05044473090621947,0.021907868273665528,5.993380907701177,0.9886150928960976,0.9994328754706073,0.9999332332617751,0.05005067332422663,0.016446904766056904,0.2540662363679641,0.19168202356843467,0.06599921043878981,-0.027637552497715205,0.05044473090621947,0.021907868273665528,5.993380907701177,0.9886150928960976,0.9994328754706073,0.9999332332617751,0.05975541786712854,0.02069152138913723,0.29141150864455556,0.2338819560906064,0.07440501625839248,-0.0399508025826738,0.06088057351699714,0.026440097133537094,6.276973647715812,0.989081674572634,0.9993998848470138,0.9999033846023334,0.038326425762806565,0.015302936346106119,0.23760763730396087,0.14367687782876035,0.0606357543143396,0.009199632453286121,0.03715252714672596,0.01613513752858386,5.993380902289958,0.9848957928314517,0.9993503989116236,0.9999520850466856,0.009082249365746975,0.06250899750739336,0.01814293395727873,ok,
759xd9YjKW5,f155853c7e6c4761bc42e1a304c78b2a,f155853c7e6c4761bc42e1a304c78b2a_i1_5,1,5,/mnt/priorbimda-data/PriorBIMDA-Datasets/Matterport3D/v1/scans/759xd9YjKW5/undistorted_color_images/f155853c7e6c4761bc42e1a304c78b2a_i1_5.jpg,/mnt/priorbimda-data/PriorBIMDA-Datasets/Matterport3D/v1/scans/759xd9YjKW5/undistorted_depth_images/f155853c7e6c4761bc42e1a304c78b2a_d1_5.png,1024,1280,406,504,1.4121168655554452,1193274,0.9103958129882812,-6.209159851074219,-9.863530158996582,1.5938600301742554,True,199041,0.9727158104621159,True,,1.0,199041,0.9051909446716309,-0.09960936894973522,0.8942354221120316,0.012176833829861428,log-depth Laplacian fallback,,,,0.2642918327616586,0.19889162565989596,0.5362865558704111,0.3683111534559903,0.2906986367822402,0.20623406104607842,0.21399180402608908,0.09293545966105254,20.487364274472995,0.5061762847426492,0.9908487070027504,0.9945863230071216,0.21922923961501153,0.13028817032544432,0.49305391456171205,0.40020584660046016,0.23095894537729558,0.10662469216957697,0.19243504547269139,0.08357347837359125,20.487364269113673,0.5073780204714089,0.9924049296305794,0.9954629029041109,0.21922923961501153,0.13028817032544432,0.49305391456171205,0.40020584660046016,0.23095894537729558,0.10662469216957697,0.19243504547269139,0.08357347837359125,20.487364269113673,0.5073780204714089,0.9924049296305794,0.9954629029041109,0.21911338895029936,0.12757092880130363,0.4867470091141519,0.4001026309562893,0.22913948210570206,0.10265342745352292,0.1930494632488879,0.08384031662337667,20.48589175303669,0.5074836123136849,0.9925071693508783,0.995552572166996,0.21655486164442622,0.12655018395976383,0.5024057365463059,0.41342315224870946,0.22559612040718213,0.09444786944772021,0.19241382413225838,0.0835642620625426,20.487364276440786,0.5074861264051677,0.9925230919302691,0.9955198889777201,0.00833111722022295,0.05787728913128376,0.017446680925786495,ok,
759xd9YjKW5,f155853c7e6c4761bc42e1a304c78b2a,f155853c7e6c4761bc42e1a304c78b2a_i2_0,2,0,/mnt/priorbimda-data/PriorBIMDA-Datasets/Matterport3D/v1/scans/759xd9YjKW5/undistorted_color_images/f155853c7e6c4761bc42e1a304c78b2a_i2_0.jpg,/mnt/priorbimda-data/PriorBIMDA-Datasets/Matterport3D/v1/scans/759xd9YjKW5/undistorted_depth_images/f155853c7e6c4761bc42e1a304c78b2a_d2_0.png,1024,1280,406,504,1.4165615917841592,1243326,0.9485824584960938,-6.217299938201904,-9.852149963378906,1.62677001953125,True,102084,0.4988857612010321,True,,1.0,102084,1.2752777338027954,0.2431639853223504,1.1027294757621622,0.14537553736100478,log-depth Laplacian fallback,,,,0.09711588780147636,0.018459900755672422,0.19765273272932762,0.17601467418743486,0.10582937403134045,-0.09805865497720127,0.10208467537489006,0.0443348112021995,3.980397708681329,0.9972911368378045,0.9999734582884939,1.0,0.15716473685078966,0.05019705939865751,0.3179453125023667,0.2885660319986401,0.1504656555770747,0.14510533044213125,0.14513336186341563,0.06303061819734923,3.9803977006308897,0.9835940051120945,0.9965905965129017,0.9997426258278199,0.15716473685078966,0.05019705939865751,0.3179453125023667,0.2885660319986401,0.1504656555770747,0.14510533044213125,0.14513336186341563,0.06303061819734923,3.9803977006308897,0.9835940051120945,0.9965905965129017,0.9997426258278199,0.14698795328975373,0.04350409177081987,0.2940047179084443,0.2674921642978775,0.1416953469520013,0.13631345914137385,0.13634140681042262,0.059212320632693036,3.868090232609663,0.9841755098823639,0.997336981612224,0.9997008025248406,0.023629433976740354,0.0035221112399362814,0.08492951045139187,0.04583202448218882,0.03980489445989164,-0.0002702396828245387,0.023215552446663377,0.01008238632192144,3.9803977106275936,0.992843389424817,0.9993324357409079,1.0,0.008975663222372532,0.061521755531430244,0.01745065115392208,ok,
759xd9YjKW5,f155853c7e6c4761bc42e1a304c78b2a,f155853c7e6c4761bc42e1a304c78b2a_i2_4,2,4,/mnt/priorbimda-data/PriorBIMDA-Datasets/Matterport3D/v1/scans/759xd9YjKW5/undistorted_color_images/f155853c7e6c4761bc42e1a304c78b2a_i2_4.jpg,/mnt/priorbimda-data/PriorBIMDA-Datasets/Matterport3D/v1/scans/759xd9YjKW5/undistorted_depth_images/f155853c7e6c4761bc42e1a304c78b2a_d2_4.png,1024,1280,406,504,1.4165615917841592,1253771,0.9565513610839844,-6.209229946136475,-9.876020431518555,1.627369999885559,True,41928,0.2049026507154586,True,,1.0,41928,1.014756202697754,0.014648389256009623,1.1042836065529973,0.08454841560196633,log-depth Laplacian fallback,,,,0.10003028302805295,0.027109962699098312,0.2601282111071122,0.24100146249876442,0.11329765739247681,-0.09895547271567048,0.10496155215896204,0.045584222914637554,5.517403003443968,0.9968144102870461,0.998360944702023,0.9988626312141532,0.08743171118758718,0.021629315254385165,0.22908988844056277,0.2094181176589289,0.10075642865977663,-0.08430708353588065,0.09098993139000648,0.03951642511143531,5.51740299592725,0.9964690521634334,0.9983027203532383,0.9988235491170238,0.08743171118758718,0.021629315254385165,0.22908988844056277,0.2094181176589289,0.10075642865977663,-0.08430708353588065,0.09098993139000648,0.03951642511143531,5.51740299592725,0.9964690521634334,0.9983027203532383,0.9988235491170238,0.10293957552490299,0.028737510937440203,0.2686879603257294,0.24702752594385047,0.11719897563998788,-0.10210556180033512,0.10830394812162679,0.04703580703755856,5.753306997284622,0.9972084216336157,0.9983713134216695,0.9988881542163601,0.03298197082955055,0.007568042992876156,0.12417102781643287,0.07111820998229969,0.05517455771926897,0.00024130015818100352,0.0319240484053096,0.013864438062438254,5.517403006624226,0.991917981832408,0.9979932539514792,0.9986552568212217,0.00916112307459116,0.06073132995516062,0.017444862984120846,ok,
759xd9YjKW5,f155853c7e6c4761bc42e1a304c78b2a,f155853c7e6c4761bc42e1a304c78b2a_i2_5,2,5,/mnt/priorbimda-data/PriorBIMDA-Datasets/Matterport3D/v1/scans/759xd9YjKW5/undistorted_color_images/f155853c7e6c4761bc42e1a304c78b2a_i2_5.jpg,/mnt/priorbimda-data/PriorBIMDA-Datasets/Matterport3D/v1/scans/759xd9YjKW5/undistorted_depth_images/f155853c7e6c4761bc42e1a304c78b2a_d2_5.png,1024,1280,406,504,1.4165615917841592,1245212,0.9500213623046875,-6.220149993896484,-9.866410255432129,1.6270099878311157,True,124249,0.6072063883024474,True,,1.0,124249,1.0060914754867554,0.006072997450985537,0.9922656651686367,0.013837397372637797,log-depth Laplacian fallback,,,,0.038501636607295706,0.012867291290521752,0.15268634362160585,0.07533752674609616,0.06655687569843965,0.006829264895382708,0.03687230305421981,0.016013437751512098,6.620558015549929,0.991283411981253,0.9972358120544935,0.9982075341387652,0.04005335715002252,0.013483258898840604,0.15842047797563777,0.08029944579615066,0.0674510727685781,0.012902262254120424,0.03818583733149964,0.016583898439925502,6.620558017537433,0.9909581661596579,0.9971828090317151,0.9981882603123002,0.04005335715002252,0.013483258898840604,0.15842047797563777,0.08029944579615066,0.0674510727685781,0.012902262254120424,0.03818583733149964,0.016583898439925502,6.620558017537433,0.9909581661596579,0.9971828090317151,0.9981882603123002,0.04445667976241564,0.013662041419206876,0.15706789511509217,0.0850372588823317,0.06982740672611375,0.007357706948424059,0.04278229778339582,0.01858011585047052,6.94386843089299,0.9912239843496529,0.9971522921398124,0.9981721987902462,0.03758843164361042,0.012307475300320982,0.14689074646070713,0.07089173760027297,0.06621218440494958,-0.0009351587195142955,0.036253716953060275,0.015744789221196452,6.620558014128693,0.9917668637950807,0.9972928304577855,0.9982388541067706,0.009352355264127254,0.05844686459749937,0.017455375753343105,ok,
759xd9YjKW5,f346ec806ac7467c97fab5a2e36793dd,f346ec806ac7467c97fab5a2e36793dd_i0_0,0,0,/mnt/priorbimda-data/PriorBIMDA-Datasets/Matterport3D/v1/scans/759xd9YjKW5/undistorted_color_images/f346ec806ac7467c97fab5a2e36793dd_i0_0.jpg,/mnt/priorbimda-data/PriorBIMDA-Datasets/Matterport3D/v1/scans/759xd9YjKW5/undistorted_depth_images/f346ec806ac7467c97fab5a2e36793dd_d0_0.png,1024,1280,406,504,1.4155678118069965,1241266,0.9470108032226563,-3.0108699798583984,8.578189849853516,1.573099970817566,True,204624,1.0,True,,1.0,204624,0.8420844674110413,-0.171874952180973,0.829806280814654,0.014688049860598268,log-depth Laplacian fallback,,,,0.20963681182604196,0.0902798087742349,0.4214605848208705,0.3696783791736876,0.19740274438934408,0.18861340927496079,0.18861340927496079,0.08191376286107512,5.824796420580594,0.6932792809921483,0.9992217622975252,1.0,0.05068406366845821,0.007396371564100114,0.12226157380654801,0.09008998119342806,0.06060529079667009,0.016738457077117738,0.049684753550719,0.021577814301800263,5.824796414662431,0.9990453295264673,1.0,1.0,0.05068406366845821,0.007396371564100114,0.12226157380654801,0.09008998119342806,0.06060529079667009,0.016738457077117738,0.049684753550719,0.021577814301800263,5.824796414662431,0.9990453295264673,1.0,1.0,0.04303476234229663,0.005104773884933089,0.1002604219555836,0.07503565989531874,0.05145362764052724,0.012892247292381136,0.04241048582521958,0.01841863996872894,4.981230527813504,0.9990952785301458,1.0,1.0,0.0487207403915963,0.00617977532009221,0.10871540184490235,0.08336702428314603,0.05828404107726306,0.002050392095576337,0.04844846193875104,0.021040899676699303,5.824796422666192,0.9991017235628785,1.0,1.0,0.008649497292935848,0.05633753165602684,0.017442730255424976,ok,
759xd9YjKW5,f346ec806ac7467c97fab5a2e36793dd,f346ec806ac7467c97fab5a2e36793dd_i0_1,0,1,/mnt/priorbimda-data/PriorBIMDA-Datasets/Matterport3D/v1/scans/759xd9YjKW5/undistorted_color_images/f346ec806ac7467c97fab5a2e36793dd_i0_1.jpg,/mnt/priorbimda-data/PriorBIMDA-Datasets/Matterport3D/v1/scans/759xd9YjKW5/undistorted_depth_images/f346ec806ac7467c97fab5a2e36793dd_d0_1.png,1024,1280,406,504,1.4155678118069965,1248221,0.9523170471191407,-3.0140199661254883,8.592399597167969,1.5727299451828003,True,204624,1.0,True,,1.0,204624,1.2145042419433594,0.19433596220274257,1.1925927990858876,0.018206202510172326,log-depth Laplacian fallback,,,,0.17068946624782622,0.05673623065216114,0.3410170702015635,0.32991474511021573,0.19397939173496037,-0.18825015829665484,0.18825015829665484,0.08175600496565089,4.679617846736639,0.7597388603460445,1.0,1.0,0.03862942386649374,0.0039524147937275485,0.08652967317676696,0.07190065493669315,0.04719024611391135,0.0060858037811482345,0.03853496329195977,0.016735521918042486,4.679617848317196,1.0,1.0,1.0,0.03862942386649374,0.0039524147937275485,0.08652967317676696,0.07190065493669315,0.04719024611391135,0.0060858037811482345,0.03853496329195977,0.016735521918042486,4.679617848317196,1.0,1.0,1.0,0.03255635863532159,0.0029670301740901215,0.07379475171442651,0.058888745447108946,0.041524703553598045,0.0028514848346131013,0.03254096353566797,0.014132360899355547,4.1426682699103115,1.0,1.0,1.0,0.03462650453817284,0.0034367021835716087,0.07477162043728615,0.057256099917653874,0.04834033078980779,-0.012120448081419101,0.03519036694646442,0.015282982181000078,4.679617846762343,1.0,1.0,1.0,0.007753145880997181,0.057307424023747444,0.017451103776693344,ok,
759xd9YjKW5,f346ec806ac7467c97fab5a2e36793dd,f346ec806ac7467c97fab5a2e36793dd_i0_2,0,2,/mnt/priorbimda-data/PriorBIMDA-Datasets/Matterport3D/v1/scans/759xd9YjKW5/undistorted_color_images/f346ec806ac7467c97fab5a2e36793dd_i0_2.jpg,/mnt/priorbimda-data/PriorBIMDA-Datasets/Matterport3D/v1/scans/759xd9YjKW5/undistorted_depth_images/f346ec806ac7467c97fab5a2e36793dd_d0_2.png,1024,1280,406,504,1.4155678118069965,1251914,0.9551345825195312,-3.0032899379730225,8.602219581604004,1.57260000705719,True,204624,1.0,True,,1.0,204624,0.8511790037155151,-0.16113282738658455,0.8392174084113556,0.014152650673143835,log-depth Laplacian fallback,,,,0.1972945889976513,0.08297207072819432,0.42258804339815187,0.3926441557231139,0.18337137905733686,0.17927835852596485,0.17927835852596485,0.0778596018324994,3.852704013579459,0.883395345047663,0.9983505256750863,0.9990574432429065,0.03039791444926418,0.004205454550165164,0.08988711726888549,0.05832668729003082,0.04258630212961061,0.018145531139801288,0.029605955006241046,0.012857702890686443,3.852704022798766,0.9981771910850107,0.99884097469954,1.0,0.03039791444926418,0.004205454550165164,0.08988711726888549,0.05832668729003082,0.04258630212961061,0.018145531139801288,0.029605955006241046,0.012857702890686443,3.852704022798766,0.9981771910850107,0.99884097469954,1.0,0.02545796902661227,0.003126443225168137,0.07770356991651953,0.04917777191196539,0.03613218816894271,0.014622394964057223,0.024888129242217814,0.01080877719479016,3.3041195308145213,0.9982131360460862,0.998887303760482,1.0,0.027166843305705814,0.003327548323817366,0.07888009787788172,0.050151171438090565,0.038733397329557676,0.003992899520796864,0.0267752830292857,0.011628357671016571,3.852704014203798,0.9982147335999119,0.9988817123220924,1.0,0.00789202842861414,0.05680881254374981,0.017442901618778706,ok,
759xd9YjKW5,f346ec806ac7467c97fab5a2e36793dd,f346ec806ac7467c97fab5a2e36793dd_i0_3,0,3,/mnt/priorbimda-data/PriorBIMDA-Datasets/Matterport3D/v1/scans/759xd9YjKW5/undistorted_color_images/f346ec806ac7467c97fab5a2e36793dd_i0_3.jpg,/mnt/priorbimda-data/PriorBIMDA-Datasets/Matterport3D/v1/scans/759xd9YjKW5/undistorted_depth_images/f346ec806ac7467c97fab5a2e36793dd_d0_3.png,1024,1280,406,504,1.4155678118069965,1227303,0.9363578796386719,-2.989419937133789,8.59784984588623,1.5728299617767334,True,204624,1.0,True,,1.0,204624,0.9922178983688354,-0.007812540204281062,0.9736208805034444,0.01892075063829092,log-depth Laplacian fallback,,,,0.05397714787043093,0.027397473168363388,0.17780598123232874,0.08737020427784752,0.1034051868426577,0.03709879179737752,0.04729885225095128,0.020541630532945342,9.652104595962365,0.9837204015634281,0.9915440604316945,0.9931435024602726,0.050595252972099575,0.025966330640581656,0.17085099409323623,0.08025849382562157,0.10086623230137662,0.029286251465306508,0.04432474384532742,0.019249991663800824,9.65210458593674,0.9844708274973661,0.9915636155048916,0.9931663167123359,0.050595252972099575,0.025966330640581656,0.17085099409323623,0.08025849382562157,0.10086623230137662,0.029286251465306508,0.04432474384532742,0.019249991663800824,9.65210458593674,0.9844708274973661,0.9915636155048916,0.9931663167123359,0.04512991403081069,0.02549125182737977,0.1672648658556233,0.06972793735264476,0.09955440443499461,0.026888302195723576,0.038917786618803366,0.01690177997643452,9.585457030021011,0.9843233496536715,0.9915587267365924,0.9931565391757373,0.04685477359711111,0.02350193565407767,0.1587510353575929,0.07041542508931858,0.09707603282535347,0.010365512317167291,0.04149656475060113,0.018021729089127046,9.65210459097484,0.9862030810647412,0.9916320582610814,0.9932168339847617,0.008597128093242645,0.061677937395870686,0.017463471740484238,ok,
759xd9YjKW5,f346ec806ac7467c97fab5a2e36793dd,f346ec806ac7467c97fab5a2e36793dd_i0_4,0,4,/mnt/priorbimda-data/PriorBIMDA-Datasets/Matterport3D/v1/scans/759xd9YjKW5/undistorted_color_images/f346ec806ac7467c97fab5a2e36793dd_i0_4.jpg,/mnt/priorbimda-data/PriorBIMDA-Datasets/Matterport3D/v1/scans/759xd9YjKW5/undistorted_depth_images/f346ec806ac7467c97fab5a2e36793dd_d0_4.png,1024,1280,406,504,1.4155678118069965,1225333,0.9348548889160156,-2.986269950866699,8.583649635314941,1.573199987411499,True,204624,1.0,True,,1.0,204624,1.0580171346664429,0.05639652864186711,1.0316657382608379,0.025221811082541665,log-depth Laplacian fallback,,,,0.06242880854671326,0.0196416725090859,0.1489911433989864,0.09373291855674996,0.09866490487566024,-0.024115382346825892,0.059964766417932296,0.02604236716392543,9.567241916241839,0.9931749165328935,0.9937894433594786,0.9943672454753116,0.06315512298778023,0.025289792080443945,0.18536848100419812,0.11043006226595532,0.10097170009462321,0.03228114636974053,0.057384820574332564,0.024921910920440837,9.56724192704142,0.9921074516070325,0.9936515216679874,0.9942268754697703,0.06315512298778023,0.025289792080443945,0.18536848100419812,0.11043006226595532,0.10097170009462321,0.03228114636974053,0.057384820574332564,0.024921910920440837,9.56724192704142,0.9921074516070325,0.9936515216679874,0.9942268754697703,0.05657473247027017,0.02369775853932375,0.1762971141612737,0.0985988770104054,0.09736963786640727,0.02922205554194205,0.05102753802391642,0.022160978188895265,9.28812028784024,0.9922804657999091,0.9936580505054544,0.994235036516604,0.05649460664859285,0.021299621166691762,0.1618392280224905,0.09234182035661409,0.09593250359582892,0.00705928143688027,0.05221400143316457,0.022676252700511868,9.56724191800262,0.9924224680148171,0.9937053845770905,0.9942897155303905,0.008274175226688385,0.058130430057644844,0.0174691341817379,ok,
759xd9YjKW5,f346ec806ac7467c97fab5a2e36793dd,f346ec806ac7467c97fab5a2e36793dd_i0_5,0,5,/mnt/priorbimda-data/PriorBIMDA-Datasets/Matterport3D/v1/scans/759xd9YjKW5/undistorted_color_images/f346ec806ac7467c97fab5a2e36793dd_i0_5.jpg,/mnt/priorbimda-data/PriorBIMDA-Datasets/Matterport3D/v1/scans/759xd9YjKW5/undistorted_depth_images/f346ec806ac7467c97fab5a2e36793dd_d0_5.png,1024,1280,406,504,1.4155678118069965,1225237,0.9347816467285156,-2.996999979019165,8.573820114135742,1.573330044746399,True,204624,1.0,True,,1.0,204624,0.9262045621871948,-0.07666015924345473,0.8991548497699886,0.02963985341462598,log-depth Laplacian fallback,,,,0.11440495826620253,0.023156141925907793,0.18311304659835811,0.1620328061943103,0.11826280188628871,0.10590952992701236,0.10707966924607569,0.046504109477596,5.262377581127038,1.0,1.0,1.0,0.050407699816229994,0.005481728940174524,0.08864526706783712,0.07138103086225259,0.06020620786115281,0.02924937059911754,0.049095422120159576,0.02132187091349616,5.262377584871516,1.0,1.0,1.0,0.050407699816229994,0.005481728940174524,0.08864526706783712,0.07138103086225259,0.06020620786115281,0.02924937059911754,0.049095422120159576,0.02132187091349616,5.262377584871516,1.0,1.0,1.0,0.043497997079416796,0.0038488153245344967,0.07409746102753166,0.06142508503685595,0.05106320056978148,0.02519854753085472,0.04263155442609127,0.018514648842209595,4.441265196726027,1.0,1.0,1.0,0.04350761069011259,0.0037364838997351814,0.07178057262807318,0.05991809009253588,0.0526252245996166,-0.0003904915041662939,0.043559078441399404,0.01891746740389067,5.262377581041925,1.0,1.0,1.0,0.007990313693881035,0.05789195466786623,0.017397986724972725,ok,
759xd9YjKW5,f346ec806ac7467c97fab5a2e36793dd,f346ec806ac7467c97fab5a2e36793dd_i1_0,1,0,/mnt/priorbimda-data/PriorBIMDA-Datasets/Matterport3D/v1/scans/759xd9YjKW5/undistorted_color_images/f346ec806ac7467c97fab5a2e36793dd_i1_0.jpg,/mnt/priorbimda-data/PriorBIMDA-Datasets/Matterport3D/v1/scans/759xd9YjKW5/undistorted_depth_images/f346ec806ac7467c97fab5a2e36793dd_d1_0.png,1024,1280,406,504,1.4121168655554452,1238824,0.945147705078125,-3.0030300617218018,8.58644962310791,1.6062400341033936,True,204624,1.0,True,,1.0,204624,0.9302837252616882,-0.0722656584360119,0.9621399187550708,0.03367026523472402,log-depth Laplacian fallback,,,,0.13748658815711984,0.12626087468670577,0.7528115081815829,0.29340771413613936,0.2799006728463561,0.06104017845766454,0.14539712496998553,0.06314516905906224,27.31638396158967,0.7493703706095458,0.9695259375020181,0.972418196612271,0.11431976737678799,0.11395508626812173,0.755884815761601,0.2805822359638613,0.27339439393276926,-0.011225479993453037,0.13073513810942783,0.05677754907178407,27.316383954100292,0.9685104583056189,0.9703388051894377,0.9707214261267137,0.11431976737678799,0.11395508626812173,0.755884815761601,0.2805822359638613,0.27339439393276926,-0.011225479993453037,0.13073513810942783,0.05677754907178407,27.316383954100292,0.9685104583056189,0.9703388051894377,0.9707214261267137,0.10445858096441324,0.11137266722487092,0.7572421251994546,0.26918490269451273,0.27208257701829536,-0.021235093776491555,0.12275999808841974,0.05331398976825446,27.125264885198856,0.9685863367193402,0.9703388051894377,0.97047603210787,0.11197537761816169,0.1167351980394373,0.7504158058575617,0.25532418854794586,0.2740843865904102,0.022444770494561266,0.1245929910884193,0.05411004851352153,27.316383957267824,0.9683126900996429,0.9703339618864343,0.9710572284682892,0.008357767015695572,0.058674764819443226,0.01744631491601467,ok,
759xd9YjKW5,f346ec806ac7467c97fab5a2e36793dd,f346ec806ac7467c97fab5a2e36793dd_i1_1,1,1,/mnt/priorbimda-data/PriorBIMDA-Datasets/Matterport3D/v1/scans/759xd9YjKW5/undistorted_color_images/f346ec806ac7467c97fab5a2e36793dd_i1_1.jpg,/mnt/priorbimda-data/PriorBIMDA-Datasets/Matterport3D/v1/scans/759xd9YjKW5/undistorted_depth_images/f346ec806ac7467c97fab5a2e36793dd_d1_1.png,1024,1280,406,504,1.4121168655554452,1284345,0.9798774719238281,-3.0037899017333984,8.58987045288086,1.6061500310897827,True,204624,1.0,True,,1.0,204624,0.9659261107444763,-0.03466793760767199,1.0228104343804123,0.05722210377036083,log-depth Laplacian fallback,,,,0.03707630176322512,0.009833541977342876,0.14849530181918263,0.09563382178014432,0.07006353363108415,-0.02639092303224278,0.03770727030878277,0.016376059422738693,6.490314265411419,0.978895078814493,0.9971471839731536,0.9990119477243264,0.06617615012421402,0.01745303616368573,0.21334409104669871,0.18171905320732365,0.08911005773727189,-0.061058860690015274,0.06859047337152155,0.02978846409638371,6.4903142614030935,0.9782371559043714,0.9971261615843096,0.9993763357976244,0.06617615012421402,0.01745303616368573,0.21334409104669871,0.18171905320732365,0.08911005773727189,-0.061058860690015274,0.06859047337152155,0.02978846409638371,6.4903142614030935,0.9782371559043714,0.9971261615843096,0.9993763357976244,0.06686413992101008,0.018120735313796946,0.2182825365243996,0.18446973177091044,0.09025641111324123,-0.06151801564133114,0.06933978057134896,0.03011388407851918,6.604357272736956,0.9779475141025192,0.997144848152171,0.999357649229763,0.025999901164662744,0.008191846642797138,0.12808626731576983,0.05978976782469188,0.06501644750137099,-0.003836732686250135,0.025951418381665755,0.011270557800720052,6.49031426665365,0.979121653449813,0.9970537511338464,0.9988001666218967,0.00796152837574482,0.05758901871740818,0.01752612181007862,ok,
759xd9YjKW5,f346ec806ac7467c97fab5a2e36793dd,f346ec806ac7467c97fab5a2e36793dd_i1_2,1,2,/mnt/priorbimda-data/PriorBIMDA-Datasets/Matterport3D/v1/scans/759xd9YjKW5/undistorted_color_images/f346ec806ac7467c97fab5a2e36793dd_i1_2.jpg,/mnt/priorbimda-data/PriorBIMDA-Datasets/Matterport3D/v1/scans/759xd9YjKW5/undistorted_depth_images/f346ec806ac7467c97fab5a2e36793dd_d1_2.png,1024,1280,406,504,1.4121168655554452,1228861,0.9375465393066407,-3.0012099742889404,8.592229843139648,1.606119990348816,True,204624,1.0,True,,1.0,204624,0.9298295974731445,-0.07275393814673262,0.9630932518236052,0.03514890098233698,log-depth Laplacian fallback,,,,0.08689738357669032,0.032108564801306874,0.25541471159369866,0.19241893403633983,0.11094750205346815,0.07752029197152252,0.08035143452101959,0.03489618462548927,7.9372240390165505,0.9865965312594346,0.9915254857953829,1.0,0.06317746185397813,0.018030897939265593,0.2087411933100379,0.16382448806339323,0.07951522283456491,0.0047663537930587915,0.06138750459143314,0.026660254501869964,7.937224032336436,0.9859137852043478,0.9922302034160088,1.0,0.06317746185397813,0.018030897939265593,0.2087411933100379,0.16382448806339323,0.07951522283456491,0.0047663537930587915,0.06138750459143314,0.026660254501869964,7.937224032336436,0.9859137852043478,0.9922302034160088,1.0,0.054249231868761114,0.01578645740048673,0.19560988832187987,0.1435366105898523,0.07304557149910677,0.0012519951468167978,0.05274874819800634,0.022908490269698274,7.303484116353966,0.9859536595269929,0.9922538025049212,1.0,0.05931330566776252,0.020696612824839814,0.2041061392757162,0.12362037665630579,0.08884358453388867,0.03991528486235681,0.055384572437934675,0.024053214192365942,7.937224040675135,0.9862864880568266,0.9918200675259448,1.0,0.007925597950816154,0.057054707780480385,0.017462975345551968,ok,
759xd9YjKW5,f346ec806ac7467c97fab5a2e36793dd,f346ec806ac7467c97fab5a2e36793dd_i1_3,1,3,/mnt/priorbimda-data/PriorBIMDA-Datasets/Matterport3D/v1/scans/759xd9YjKW5/undistorted_color_images/f346ec806ac7467c97fab5a2e36793dd_i1_3.jpg,/mnt/priorbimda-data/PriorBIMDA-Datasets/Matterport3D/v1/scans/759xd9YjKW5/undistorted_depth_images/f346ec806ac7467c97fab5a2e36793dd_d1_3.png,1024,1280,406,504,1.4121168655554452,1233513,0.9410957336425781,-2.9978699684143066,8.591179847717285,1.6061700582504272,True,204624,1.0,True,,1.0,204624,0.9074035882949829,-0.09716795728027881,0.9408296454055414,0.036174765793774696,log-depth Laplacian fallback,,,,0.10982308811529448,0.05274361811994335,0.25679362398179795,0.17750065279107002,0.1554307292777306,0.09166859786911041,0.0953263497069882,0.041399707657724674,12.55212323414589,0.9232500995125305,0.9741437666242675,0.9845352258144017,0.07596321356036799,0.03310087629052926,0.2069445067829816,0.13085102430500956,0.12564164417561352,-0.0054993594480039825,0.06897697978786162,0.029956321700220438,12.552123245416738,0.9624981658077377,0.9771530579734465,0.9898185102224297,0.07596321356036799,0.03310087629052926,0.2069445067829816,0.13085102430500956,0.12564164417561352,-0.0054993594480039825,0.06897697978786162,0.029956321700220438,12.552123245416738,0.9624981658077377,0.9771530579734465,0.9898185102224297,0.07786045851885931,0.03386733785727824,0.20765364521289903,0.132528080835819,0.126981972392517,-0.00532070258452021,0.07052847773959905,0.03063012869934421,12.68704513931476,0.9615707333445209,0.9769617344932725,0.989396139319164,0.06550718681710119,0.035157732621468415,0.19979163631409017,0.09218444849736131,0.1292151679216636,0.030675394985017597,0.056031803938103954,0.02433430326140344,12.552123232161513,0.9567519758608138,0.9760886184418,0.9884379005328683,0.008955225348472595,0.06038687191903591,0.01747039146721363,ok,
759xd9YjKW5,f346ec806ac7467c97fab5a2e36793dd,f346ec806ac7467c97fab5a2e36793dd_i1_4,1,4,/mnt/priorbimda-data/PriorBIMDA-Datasets/Matterport3D/v1/scans/759xd9YjKW5/undistorted_color_images/f346ec806ac7467c97fab5a2e36793dd_i1_4.jpg,/mnt/priorbimda-data/PriorBIMDA-Datasets/Matterport3D/v1/scans/759xd9YjKW5/undistorted_depth_images/f346ec806ac7467c97fab5a2e36793dd_d1_4.png,1024,1280,406,504,1.4121168655554452,1284625,0.9800910949707031,-2.997109889984131,8.587770462036133,1.6062599420547485,True,204624,1.0,True,,1.0,204624,0.9806582927703857,-0.019531205508612464,0.9436293470322159,0.03849062528733152,log-depth Laplacian fallback,,,,0.08282400344541001,0.03471006396355963,0.22926121753263526,0.14121820993554304,0.12142730981537671,0.07131044506189436,0.07407058621824907,0.032168446865924606,9.82823076350674,0.9747833025201907,0.98469825824657,0.9903715091952905,0.06584351773977627,0.029061981259831005,0.20679813349052262,0.1082217698158939,0.11108781057084681,0.05177923955210556,0.058536021896814304,0.02542187130235438,9.828230771013677,0.9768765203853265,0.985460348350686,0.9911304855502578,0.06584351773977627,0.029061981259831005,0.20679813349052262,0.1082217698158939,0.11108781057084681,0.05177923955210556,0.058536021896814304,0.02542187130235438,9.828230771013677,0.9768765203853265,0.985460348350686,0.9911304855502578,0.06634543287507075,0.02917785474554061,0.20653521923872084,0.11009539165893069,0.11139161253891175,0.05095949599913075,0.05900250495457161,0.025624462320239762,9.905160832381076,0.976314488664007,0.9852431643475722,0.9911024618079206,0.05196905665126762,0.023314600289235477,0.18888139201690798,0.09216503596549439,0.09917660323010138,0.013288590336218497,0.04683588298610762,0.020340565535932945,9.828230764047575,0.9788023742337258,0.9863726768512212,0.9920762868541403,0.007891329936683178,0.06012452580034733,0.017440748400986195,ok,
759xd9YjKW5,f346ec806ac7467c97fab5a2e36793dd,f346ec806ac7467c97fab5a2e36793dd_i1_5,1,5,/mnt/priorbimda-data/PriorBIMDA-Datasets/Matterport3D/v1/scans/759xd9YjKW5/undistorted_color_images/f346ec806ac7467c97fab5a2e36793dd_i1_5.jpg,/mnt/priorbimda-data/PriorBIMDA-Datasets/Matterport3D/v1/scans/759xd9YjKW5/undistorted_depth_images/f346ec806ac7467c97fab5a2e36793dd_d1_5.png,1024,1280,406,504,1.4121168655554452,1229844,0.9382965087890625,-2.999690055847168,8.585399627685547,1.6062899827957153,True,204624,1.0,True,,1.0,204624,0.667445957660675,-0.40429685429146167,0.6003379036671649,0.10596575521819596,log-depth Laplacian fallback,,,,0.6602269111017939,0.6223412810746597,1.1223368353069274,0.9396770106751657,0.5540775455313449,0.4164489011105215,0.5372854410830674,0.2333401022693309,36.54753606276061,0.0,0.10204627578782349,0.9443344033877468,0.14842364566565466,0.19107476146212513,0.9693727605716438,0.3511376392514257,0.36567733255080825,0.012152046764153485,0.18199498531893257,0.07903941785807574,36.54753607302635,0.9394053229515288,0.9394053229515288,0.939706174116392,0.14842364566565466,0.19107476146212513,0.9693727605716438,0.3511376392514257,0.36567733255080825,0.012152046764153485,0.18199498531893257,0.07903941785807574,36.54753607302635,0.9394053229515288,0.9394053229515288,0.939706174116392,0.1314195934221142,0.18869886740329728,0.972581383001856,0.3322306585816471,0.365908721294778,-0.004607293111638613,0.16768039687185232,0.07282267108479275,36.587971407248446,0.9394053229515288,0.9394053229515288,0.9394053229515288,0.0804660725726402,0.18887908818875887,0.9906235058232704,0.27867496799432,0.37732379360894164,-0.09381367693483268,0.12522858581780852,0.05438608379722207,36.54753606515903,0.9394053229515288,0.9394053229515288,0.9394053229515288,0.008211661130189896,0.05779306963086128,0.01742860022932291,ok,
759xd9YjKW5,f346ec806ac7467c97fab5a2e36793dd,f346ec806ac7467c97fab5a2e36793dd_i2_0,2,0,/mnt/priorbimda-data/PriorBIMDA-Datasets/Matterport3D/v1/scans/759xd9YjKW5/undistorted_color_images/f346ec806ac7467c97fab5a2e36793dd_i2_0.jpg,/mnt/priorbimda-data/PriorBIMDA-Datasets/Matterport3D/v1/scans/759xd9YjKW5/undistorted_depth_images/f346ec806ac7467c97fab5a2e36793dd_d2_0.png,1024,1280,406,504,1.4165615917841592,1171572,0.8938385009765625,-3.0114901065826416,8.579790115356445,1.6395800113677979,True,204624,1.0,True,,1.0,204624,1.0541496276855469,0.05273440179454801,1.0120488910542131,0.04075752077783594,log-depth Laplacian fallback,,,,0.07359197428087216,0.08631260433745447,0.5772609840252271,0.19663800420893035,0.2561007973463879,-0.07010283368160498,0.09628304554532371,0.04181519538117357,24.631932752276036,0.8950930886023224,0.9334168109172974,0.953893572055324,0.09442778818544419,0.08763225599456578,0.5786253349230855,0.2500762257785784,0.24693090838156,-0.017368431791881415,0.11293057030075085,0.04904512351980333,24.631932748209824,0.9067910465596651,0.9371954946004172,0.9606400630947137,0.09442778818544419,0.08763225599456578,0.5786253349230855,0.2500762257785784,0.24693090838156,-0.017368431791881415,0.11293057030075085,0.04904512351980333,24.631932748209824,0.9067910465596651,0.9371954946004172,0.9606400630947137,0.09188603702662002,0.08573887052171839,0.5739289123516377,0.24275488372126933,0.24479625624229506,-0.019309398800026835,0.11038691847973289,0.04794042957005201,24.403351037967084,0.90739792347376,0.9377144554496011,0.9614842280286657,0.07328296774461636,0.08561838572708584,0.575669736328833,0.2000808686264534,0.2530846563468723,-0.05812600261523573,0.09509679209047638,0.04130001205159472,24.631932749621598,0.8969196942228049,0.9343412099299061,0.9554154588877167,0.007765396498143673,0.05842384975403547,0.017434600740671158,ok,
759xd9YjKW5,f346ec806ac7467c97fab5a2e36793dd,f346ec806ac7467c97fab5a2e36793dd_i2_1,2,1,/mnt/priorbimda-data/PriorBIMDA-Datasets/Matterport3D/v1/scans/759xd9YjKW5/undistorted_color_images/f346ec806ac7467c97fab5a2e36793dd_i2_1.jpg,/mnt/priorbimda-data/PriorBIMDA-Datasets/Matterport3D/v1/scans/759xd9YjKW5/undistorted_depth_images/f346ec806ac7467c97fab5a2e36793dd_d2_1.png,1024,1280,406,504,1.4165615917841592,1191964,0.9093963623046875,-3.014630079269409,8.593990325927734,1.6392099857330322,True,204624,1.0,True,,1.0,204624,1.1465057134628296,0.13671880669880804,1.0851784899744819,0.054974326347236244,log-depth Laplacian fallback,,,,0.08403792532461668,0.020660361911188984,0.19162145980375067,0.15948185434445755,0.10354238633330076,-0.05340622911451726,0.08468878031798524,0.03677986997121768,8.870625941477973,0.9854232174797225,0.9953832498296928,0.997800269135645,0.09320598736485865,0.029985530997511067,0.21800031383311258,0.16210435983148294,0.12169546431171192,0.08331257757851504,0.08490060635609621,0.03687186485069275,8.870625936915086,0.9188884899208365,0.9937741408297566,0.9965166733223486,0.09320598736485865,0.029985530997511067,0.21800031383311258,0.16210435983148294,0.12169546431171192,0.08331257757851504,0.08490060635609621,0.03687186485069275,8.870625936915086,0.9188884899208365,0.9937741408297566,0.9965166733223486,0.09297240792287907,0.03040910150368122,0.21585470218273772,0.15927176411266955,0.12338957639570626,0.08287337679923805,0.08440025531450294,0.03665456515431422,9.141657935518776,0.9142784513626251,0.9936080284303889,0.9964445234923203,0.05275223759955965,0.01663115661877924,0.14920235492715261,0.0808943902239447,0.09312280698558134,0.028338255350081876,0.048179833986963065,0.020924236039552797,8.870625944423196,0.969416022631556,0.9947615867593317,0.9970250779385955,0.007170739583671093,0.059417812153697014,0.017447657883167267,ok,
759xd9YjKW5,f346ec806ac7467c97fab5a2e36793dd,f346ec806ac7467c97fab5a2e36793dd_i2_2,2,2,/mnt/priorbimda-data/PriorBIMDA-Datasets/Matterport3D/v1/scans/759xd9YjKW5/undistorted_color_images/f346ec806ac7467c97fab5a2e36793dd_i2_2.jpg,/mnt/priorbimda-data/PriorBIMDA-Datasets/Matterport3D/v1/scans/759xd9YjKW5/undistorted_depth_images/f346ec806ac7467c97fab5a2e36793dd_d2_2.png,1024,1280,406,504,1.4165615917841592,1211318,0.9241622924804688,-3.0039000511169434,8.60381031036377,1.6390700340270996,True,204624,1.0,True,,1.0,204624,1.0738916397094727,0.07128909687126007,1.0493235947862811,0.02314333572650276,log-depth Laplacian fallback,,,,0.06531367278601426,0.01689159934150126,0.1786427330013876,0.12930464862668245,0.09096096937611416,-0.05312065614117075,0.06625426457017132,0.028773861505383514,7.383829521985103,0.9771092314322085,0.9946157821480404,0.9994336747245562,0.045701470873116684,0.015569254791217405,0.17602500899362436,0.10279990621224627,0.07604068702172395,0.018168440717637884,0.043233340957909094,0.01877600141226177,7.38382952445779,0.9840950105587467,0.991985589250717,0.9993890951839236,0.045701470873116684,0.015569254791217405,0.17602500899362436,0.10279990621224627,0.07604068702172395,0.018168440717637884,0.043233340957909094,0.01877600141226177,7.38382952445779,0.9840950105587467,0.991985589250717,0.9993890951839236,0.044674461068546716,0.015338273266002166,0.17461711130425342,0.10099238440425869,0.07521498996732551,0.01798469402386768,0.04220074842389458,0.018327552172684784,7.303318079238186,0.9840240135125541,0.9919682527626932,0.9993833163545823,0.042693218378156504,0.013528976305076927,0.15898658644333868,0.08846676547592475,0.07400570088817489,-0.004974929300109998,0.04123908169361262,0.01790990561829337,7.38382952295685,0.9847802146092108,0.9938108737755074,0.9994039550308011,0.008698479272425175,0.06018343009054661,0.017458146438002586,ok,
759xd9YjKW5,f346ec806ac7467c97fab5a2e36793dd,f346ec806ac7467c97fab5a2e36793dd_i2_3,2,3,/mnt/priorbimda-data/PriorBIMDA-Datasets/Matterport3D/v1/scans/759xd9YjKW5/undistorted_color_images/f346ec806ac7467c97fab5a2e36793dd_i2_3.jpg,/mnt/priorbimda-data/PriorBIMDA-Datasets/Matterport3D/v1/scans/759xd9YjKW5/undistorted_depth_images/f346ec806ac7467c97fab5a2e36793dd_d2_3.png,1024,1280,406,504,1.4165615917841592,1238932,0.9452301025390625,-2.99003005027771,8.59943962097168,1.6393100023269653,True,204624,1.0,True,,1.0,204624,0.9380379915237427,-0.06396482810556697,0.9568759358758938,0.01988329358939369,log-depth Laplacian fallback,,,,0.07436264010540397,0.028429464160844777,0.21752640332059026,0.13360255708134322,0.1107130979472715,0.05590714978109141,0.0680044241604111,0.029533946157874722,9.556035088066988,0.9638196446616925,0.9857482089412494,0.9962177100922407,0.05995546163865277,0.019376799390340396,0.17569514014737622,0.10313717336675801,0.09589946204647377,-0.008057678466924666,0.057616138326725796,0.025022370943871487,9.556035076603015,0.9688384834680193,0.9914490867941098,0.9974147087975773,0.05995546163865277,0.019376799390340396,0.17569514014737622,0.10313717336675801,0.09589946204647377,-0.008057678466924666,0.057616138326725796,0.025022370943871487,9.556035076603015,0.9688384834680193,0.9914490867941098,0.9974147087975773,0.05866095516537625,0.01961948755862995,0.17580510932641755,0.09940117162302649,0.09601750449488612,-0.006098131789554878,0.05601750640372858,0.02432809392111938,9.582366074254676,0.9687077256863169,0.9909962774389555,0.9973186583283021,0.059100568880874685,0.02037176075524696,0.17976845261497434,0.10280036604983343,0.09628928003365618,0.011825598977281788,0.055584430732555944,0.024140011546882573,9.556035086911502,0.968247652009957,0.9898711147988751,0.9972185721250238,0.008605309762060642,0.059510668739676476,0.01744439173489809,ok,
759xd9YjKW5,f346ec806ac7467c97fab5a2e36793dd,f346ec806ac7467c97fab5a2e36793dd_i2_4,2,4,/mnt/priorbimda-data/PriorBIMDA-Datasets/Matterport3D/v1/scans/759xd9YjKW5/undistorted_color_images/f346ec806ac7467c97fab5a2e36793dd_i2_4.jpg,/mnt/priorbimda-data/PriorBIMDA-Datasets/Matterport3D/v1/scans/759xd9YjKW5/undistorted_depth_images/f346ec806ac7467c97fab5a2e36793dd_d2_4.png,1024,1280,406,504,1.4165615917841592,1243796,0.9489410400390625,-2.98688006401062,8.585240364074707,1.639680027961731,True,204624,1.0,True,,1.0,204624,1.0961421728134155,0.09179689983321805,1.0430367829169556,0.04966045797722006,log-depth Laplacian fallback,,,,0.05919762451596368,0.01578234277152866,0.1697033400829829,0.10431223470476611,0.08676558723023059,-0.03505794569305056,0.05901297066263946,0.02562900751950281,7.936754734266311,0.9802732924048638,0.9947000955140554,0.9987369311366172,0.07033453199957364,0.02748742044040608,0.2475405479432905,0.1503447731442791,0.09756288461860378,0.05673895401436722,0.06528145516692871,0.02835137574961167,7.936754722465926,0.9748865569595014,0.9905957247008352,0.9974256228513357,0.07033453199957364,0.02748742044040608,0.2475405479432905,0.1503447731442791,0.09756288461860378,0.05673895401436722,0.06528145516692871,0.02835137574961167,7.936754722465926,0.9748865569595014,0.9905957247008352,0.9974256228513357,0.06824329007773161,0.026508419233265655,0.23987000337417133,0.1450284926344538,0.09633957749558347,0.05600732025221164,0.06324983204345082,0.027469053037778194,7.838682459567894,0.9758529533782068,0.99040759095543,0.9973805993908968,0.04644148112323947,0.016715760926602218,0.18429931254088439,0.09178646942759378,0.07968257750163216,0.007078530273931122,0.04411718097805907,0.019159848255898167,7.936754731289519,0.9777929821289022,0.9926933355630666,0.9981741378811316,0.00861404836177826,0.05780733283609152,0.0174550823867321,ok,
759xd9YjKW5,f346ec806ac7467c97fab5a2e36793dd,f346ec806ac7467c97fab5a2e36793dd_i2_5,2,5,/mnt/priorbimda-data/PriorBIMDA-Datasets/Matterport3D/v1/scans/759xd9YjKW5/undistorted_color_images/f346ec806ac7467c97fab5a2e36793dd_i2_5.jpg,/mnt/priorbimda-data/PriorBIMDA-Datasets/Matterport3D/v1/scans/759xd9YjKW5/undistorted_depth_images/f346ec806ac7467c97fab5a2e36793dd_d2_5.png,1024,1280,406,504,1.4165615917841592,1148163,0.8759788513183594,-2.997610092163086,8.575409889221191,1.6398099660873413,True,204624,1.0,True,,1.0,204624,1.1863702535629272,0.17089843867065385,1.1456314980964348,0.03494242697763783,log-depth Laplacian fallback,,,,0.17044149527833788,0.13886351701520636,0.6794223273060076,0.3654827318195698,0.3255247801385472,-0.21029361772335642,0.21049900259304508,0.09141855527229782,24.848134100787593,0.8983855079810097,0.9059036042791834,0.9263214369388318,0.08402335367173924,0.09393329520453558,0.5918248883449778,0.2106069562122349,0.25158489026997827,-0.039395179112154836,0.10598337780092815,0.046027996152410676,24.848134110004768,0.898409894762329,0.9223551011485303,0.9505976067857961,0.08402335367173924,0.09393329520453558,0.5918248883449778,0.2106069562122349,0.25158489026997827,-0.039395179112154836,0.10598337780092815,0.046027996152410676,24.848134110004768,0.898409894762329,0.9223551011485303,0.9505976067857961,0.08320100492148359,0.09474075679973151,0.595241878105377,0.2097792796256486,0.25388096889540707,-0.04231796066208311,0.10557494661841979,0.04585061674361007,25.03292563258898,0.8996196533070653,0.922585033658113,0.9505514460925845,0.07125120045388099,0.09701516803877482,0.6027773726187378,0.19589957030169136,0.25936277591861406,-0.0743375592037164,0.09585583908386051,0.041629661972326704,24.848134099735372,0.8991737235915109,0.9197335221566972,0.9448257782213849,0.008655957877635956,0.057459321804344654,0.017522668465971947,ok,
759xd9YjKW5,f5f240dba39b4c19a1354c89c56d7a59,f5f240dba39b4c19a1354c89c56d7a59_i0_0,0,0,/mnt/priorbimda-data/PriorBIMDA-Datasets/Matterport3D/v1/scans/759xd9YjKW5/undistorted_color_images/f5f240dba39b4c19a1354c89c56d7a59_i0_0.jpg,/mnt/priorbimda-data/PriorBIMDA-Datasets/Matterport3D/v1/scans/759xd9YjKW5/undistorted_depth_images/f5f240dba39b4c19a1354c89c56d7a59_d0_0.png,1024,1280,406,504,1.4155678118069965,1204491,0.9189537048339844,-5.004129886627197,8.049409866333008,1.5716400146484375,True,204624,1.0,True,,1.0,204624,0.9114000201225281,-0.09277337807365414,0.874644358328764,0.041164544797362354,log-depth Laplacian fallback,,,,0.14826059993554344,0.029573271453206127,0.1847497292944772,0.1670319212332457,0.1510972619130315,0.12666353759113486,0.1363262528132763,0.05920573933535361,8.238161689669854,0.9047572792158679,0.9964640665642167,1.0,0.07256373138342878,0.012346173913612602,0.1552327031857245,0.1026613668639485,0.0890801532869396,0.03389015961955056,0.07061124624939169,0.03066607460642249,8.238161682430153,0.9949804523238447,0.9972511210129424,1.0,0.07256373138342878,0.012346173913612602,0.1552327031857245,0.1026613668639485,0.0890801532869396,0.03389015961955056,0.07061124624939169,0.03066607460642249,8.238161682430153,0.9949804523238447,0.9972511210129424,1.0,0.062465625164141544,0.008847147534369926,0.1256481683723747,0.08516533401111587,0.07723840621556195,0.0334137205762166,0.06058144598275256,0.026310187696029372,6.963687724169342,0.9941427540762031,0.9972411582984015,1.0,0.05758276993495465,0.0125475766751648,0.17572525584434479,0.09543178097020662,0.0827021632251831,-0.007274407328765697,0.058232184419852534,0.025289916362714472,8.23816168822877,0.9893946903712855,0.9990120308080342,1.0,0.0078183114528656,0.058610184118151665,0.0174177847802639,ok,
759xd9YjKW5,f5f240dba39b4c19a1354c89c56d7a59,f5f240dba39b4c19a1354c89c56d7a59_i0_1,0,1,/mnt/priorbimda-data/PriorBIMDA-Datasets/Matterport3D/v1/scans/759xd9YjKW5/undistorted_color_images/f5f240dba39b4c19a1354c89c56d7a59_i0_1.jpg,/mnt/priorbimda-data/PriorBIMDA-Datasets/Matterport3D/v1/scans/759xd9YjKW5/undistorted_depth_images/f5f240dba39b4c19a1354c89c56d7a59_d0_1.png,1024,1280,406,504,1.4155678118069965,993871,0.7582633972167969,-5.014689922332764,8.059419631958008,1.5713800191879272,True,204624,1.0,True,,1.0,204624,0.8098247051239014,-0.21093746816369974,0.7726226807643106,0.04702700460463044,log-depth Laplacian fallback,,,,0.2881588255227579,0.07613439669561288,0.266319890419349,0.24767635024893825,0.2575157245698132,0.25165103635885017,0.25175813673562725,0.10933716955852728,5.464525871686013,0.23650453630300108,0.9945153847933987,1.0,0.05452694964921056,0.004590637531379792,0.0660594451320041,0.050512416229856826,0.06814469126573135,0.040713568235028016,0.05297778162978873,0.02300795822529269,5.464525879958442,0.9929014932521424,1.0,1.0,0.05452694964921056,0.004590637531379792,0.0660594451320041,0.050512416229856826,0.06814469126573135,0.040713568235028016,0.05297778162978873,0.02300795822529269,5.464525879958442,0.9929014932521424,1.0,1.0,0.05167746502964822,0.004177452563451437,0.06298684345578806,0.047308225333248945,0.06592143782570202,0.03489893812098847,0.05065226868086186,0.021998000783979222,5.592584449997438,0.9853995136189707,1.0,1.0,0.034930984419996924,0.0026582729534764225,0.05047571588414926,0.030652708637683213,0.05500875745001365,-0.006313405740966097,0.03534538334394497,0.01535030494703042,5.464525875265272,0.9806846160115347,1.0,1.0,0.007768073119223118,0.05908704362809658,0.01742813177406788,ok,
759xd9YjKW5,f5f240dba39b4c19a1354c89c56d7a59,f5f240dba39b4c19a1354c89c56d7a59_i0_2,0,2,/mnt/priorbimda-data/PriorBIMDA-Datasets/Matterport3D/v1/scans/759xd9YjKW5/undistorted_color_images/f5f240dba39b4c19a1354c89c56d7a59_i0_2.jpg,/mnt/priorbimda-data/PriorBIMDA-Datasets/Matterport3D/v1/scans/759xd9YjKW5/undistorted_depth_images/f5f240dba39b4c19a1354c89c56d7a59_d0_2.png,1024,1280,406,504,1.4155678118069965,1191506,0.9090469360351563,-5.011300086975098,8.073570251464844,1.571179986000061,True,204624,1.0,True,,1.0,204624,1.187529444694519,0.17187505215148166,1.1745589115472195,0.010982369461384561,log-depth Laplacian fallback,,,,0.1437371717363368,0.03664740801929349,0.24053438674090008,0.20824635627919053,0.172952335510647,-0.14796572140366832,0.15705598904236545,0.06820854939095694,8.95469466150545,0.8269299525138774,0.9993352949964163,1.0,0.06777405756456578,0.008727037934225834,0.09331156887964659,0.0717081680794324,0.09268393477252161,0.02390933089170358,0.06483557824391661,0.028157733862339517,8.954694668847212,0.9682846750247166,0.998015956277182,0.9996391121823978,0.06777405756456578,0.008727037934225834,0.09331156887964659,0.0717081680794324,0.09268393477252161,0.02390933089170358,0.06483557824391661,0.028157733862339517,8.954694668847212,0.9682846750247166,0.998015956277182,0.9996391121823978,0.06531156436528955,0.008160506738308402,0.09370077952101935,0.07225335190636592,0.08761349194636253,0.015889578941992995,0.06297013923391492,0.027347583993968715,8.61605782947254,0.9876072801983372,0.9980780625527693,0.9996307194424535,0.06629277166759108,0.008469617397908217,0.09471008929124944,0.07266249215613099,0.09047519682317416,0.012926932665923478,0.0640889701863293,0.027833486102784834,8.954694663718458,0.9866614184066216,0.9980822589227415,0.9996760402381524,0.008216478861868382,0.05837997701019049,0.017430711537599564,ok,
759xd9YjKW5,f5f240dba39b4c19a1354c89c56d7a59,f5f240dba39b4c19a1354c89c56d7a59_i0_3,0,3,/mnt/priorbimda-data/PriorBIMDA-Datasets/Matterport3D/v1/scans/759xd9YjKW5/undistorted_color_images/f5f240dba39b4c19a1354c89c56d7a59_i0_3.jpg,/mnt/priorbimda-data/PriorBIMDA-Datasets/Matterport3D/v1/scans/759xd9YjKW5/undistorted_depth_images/f5f240dba39b4c19a1354c89c56d7a59_d0_3.png,1024,1280,406,504,1.4155678118069965,1248115,0.9522361755371094,-4.997350215911865,8.077699661254883,1.571239948272705,True,204624,1.0,True,,1.0,204624,1.1172159910202026,0.11083986846675803,1.1106752103441828,0.005871740473138501,log-depth Laplacian fallback,,,,0.09543037997460103,0.02180269948551494,0.22505435037762012,0.19283766196274682,0.11137793760810001,-0.09900958270037191,0.10130236468818646,0.043995057987830204,5.1011248948952765,0.9994776122392568,1.0,1.0,0.04246537669330345,0.006547909701969932,0.12647756158720105,0.08950300564126404,0.05236509516105468,0.011830285781396253,0.04178864357055664,0.01814857730891456,5.101124904917351,0.9999423130080161,1.0,1.0,0.04246537669330345,0.006547909701969932,0.12647756158720105,0.08950300564126404,0.05236509516105468,0.011830285781396253,0.04178864357055664,0.01814857730891456,5.101124904917351,0.9999423130080161,1.0,1.0,0.03831702420944418,0.005494923880928572,0.11767894145739731,0.08306770464163318,0.04761436322205988,0.0085977879902861,0.037890211626927024,0.016455509827720836,4.683167332816905,1.0,1.0,1.0,0.04195678111014157,0.0061720120397357895,0.12302316085928153,0.088195896884884,0.0513580747034574,0.005958550160501082,0.0415276381204786,0.01803522408219899,5.101124892835602,0.999973560128674,1.0,1.0,0.008969116024672985,0.05696781538426876,0.017441142350435257,ok,
759xd9YjKW5,f5f240dba39b4c19a1354c89c56d7a59,f5f240dba39b4c19a1354c89c56d7a59_i0_4,0,4,/mnt/priorbimda-data/PriorBIMDA-Datasets/Matterport3D/v1/scans/759xd9YjKW5/undistorted_color_images/f5f240dba39b4c19a1354c89c56d7a59_i0_4.jpg,/mnt/priorbimda-data/PriorBIMDA-Datasets/Matterport3D/v1/scans/759xd9YjKW5/undistorted_depth_images/f5f240dba39b4c19a1354c89c56d7a59_d0_4.png,1024,1280,406,504,1.4155678118069965,1253467,0.9563194274902344,-4.986790180206299,8.067689895629883,1.5714900493621826,True,204624,1.0,True,,1.0,204624,1.0322473049163818,0.03173827489800159,1.0346021249800055,0.0022786576017284343,log-depth Laplacian fallback,,,,0.04056928709402912,0.0040514469078538305,0.08084438323448642,0.06691756048391254,0.05394423378964688,-0.03892757850195829,0.041962242697262515,0.018223970451706137,3.734466482813782,1.0,1.0,1.0,0.03076167862448321,0.0025114789871551178,0.07163969192591589,0.0590360826591333,0.038030383665324324,-0.007189303575095091,0.031075641421924188,0.013495979591145789,3.73446648912116,1.0,1.0,1.0,0.03076167862448321,0.0025114789871551178,0.07163969192591589,0.0590360826591333,0.038030383665324324,-0.007189303575095091,0.031075641421924188,0.013495979591145789,3.73446648912116,1.0,1.0,1.0,0.025097731841810342,0.0017010875121099337,0.05623880142586383,0.045750825419806754,0.03278081166019812,-0.010578441419719432,0.025453784047606204,0.011054437955432391,3.1027055777674835,1.0,1.0,1.0,0.03078441186220726,0.0025527112517408743,0.07332911054822326,0.06011773714149184,0.03766613932404064,-0.0049106071223351975,0.03102827028910532,0.013475406569561055,3.734466480326356,1.0,1.0,1.0,0.00899390410631895,0.05731556564569473,0.01745386514812708,ok,
759xd9YjKW5,f5f240dba39b4c19a1354c89c56d7a59,f5f240dba39b4c19a1354c89c56d7a59_i0_5,0,5,/mnt/priorbimda-data/PriorBIMDA-Datasets/Matterport3D/v1/scans/759xd9YjKW5/undistorted_color_images/f5f240dba39b4c19a1354c89c56d7a59_i0_5.jpg,/mnt/priorbimda-data/PriorBIMDA-Datasets/Matterport3D/v1/scans/759xd9YjKW5/undistorted_depth_images/f5f240dba39b4c19a1354c89c56d7a59_d0_5.png,1024,1280,406,504,1.4155678118069965,1223330,0.9333267211914062,-4.990180015563965,8.053549766540527,1.5716899633407593,True,204624,1.0,True,,1.0,204624,0.842907190322876,-0.17089842155728904,0.8038409503640498,0.04745543074570477,log-depth Laplacian fallback,,,,0.24385780604107374,0.09161735498840666,0.36027667391333235,0.3330215387093416,0.22650395801515205,0.21538635922216517,0.21577514786315116,0.09370995604882482,7.009107830209343,0.5333973662053575,0.9982392322594884,0.998411712293494,0.06806955795282675,0.011712163915213254,0.13421633637452227,0.0960568961090701,0.08301768393308806,0.044487937598593735,0.06537841093300968,0.028393483103809323,7.009107827561036,0.9966648410486132,0.9983643007201655,0.9988310594851757,0.06806955795282675,0.011712163915213254,0.13421633637452227,0.0960568961090701,0.08301768393308806,0.044487937598593735,0.06537841093300968,0.028393483103809323,7.009107827561036,0.9966648410486132,0.9983643007201655,0.9988310594851757,0.05753673533885412,0.008961608760678677,0.11518391613472817,0.08023410900583991,0.07200686776502416,0.03803043437300666,0.05543270397247677,0.02407411745222312,6.11447059583257,0.9972157962283276,0.9983577611928098,0.998786917675525,0.05125069940540704,0.008374532382741285,0.12157165061723815,0.07535422018058756,0.07015386932349124,-0.002967511910809893,0.05128596615222842,0.022273212098989754,7.009107827760026,0.9931465753312679,0.99840272044338,0.999046046446993,0.008551737293601036,0.056500207632780075,0.01745187398046255,ok,
759xd9YjKW5,f5f240dba39b4c19a1354c89c56d7a59,f5f240dba39b4c19a1354c89c56d7a59_i1_0,1,0,/mnt/priorbimda-data/PriorBIMDA-Datasets/Matterport3D/v1/scans/759xd9YjKW5/undistorted_color_images/f5f240dba39b4c19a1354c89c56d7a59_i1_0.jpg,/mnt/priorbimda-data/PriorBIMDA-Datasets/Matterport3D/v1/scans/759xd9YjKW5/undistorted_depth_images/f5f240dba39b4c19a1354c89c56d7a59_d1_0.png,1024,1280,406,504,1.4121168655554452,1278647,0.9755302429199219,-5.001850128173828,8.060689926147461,1.6047300100326538,True,204624,1.0,True,,1.0,204624,1.1248793601989746,0.11767579452756992,0.9533268459330341,0.16547326335242113,log-depth Laplacian fallback,,,,0.15580669400735575,0.042085940830283775,0.22920905196410307,0.17246193454212652,0.18996418336206702,0.11902521890366047,0.1371327426753082,0.05955599343214497,14.805197812036397,0.612315205056595,0.99418682404135,0.9988738095815343,0.28303633753687285,0.12631436253619854,0.4942057823466117,0.4395564400577322,0.27918946617718865,0.23670101350650966,0.23918040250606704,0.10387472898778366,14.805197813367672,0.6086386625863119,0.9662612120467964,0.9988886690384445,0.28303633753687285,0.12631436253619854,0.4942057823466117,0.4395564400577322,0.27918946617718865,0.23670101350650966,0.23918040250606704,0.10387472898778366,14.805197813367672,0.6086386625863119,0.9662612120467964,0.9988886690384445,0.2775139551312864,0.1267234556871588,0.5196262553425156,0.45669136659995957,0.27021768703032095,0.2344139331175761,0.23679408939842628,0.10283836637304182,13.441616846334012,0.6080317710830276,0.9749047235085211,0.9988628605080214,0.13383933978883944,0.03128229311335641,0.20608793208988127,0.1517368364337388,0.1642947866669871,0.07122772428503933,0.12198538481944214,0.052977579499928415,14.805197809933246,0.6823822368487941,0.9950823018393662,0.9987721396132005,0.008427435532212257,0.057778915390372276,0.017441514879465103,ok,
759xd9YjKW5,f5f240dba39b4c19a1354c89c56d7a59,f5f240dba39b4c19a1354c89c56d7a59_i1_1,1,1,/mnt/priorbimda-data/PriorBIMDA-Datasets/Matterport3D/v1/scans/759xd9YjKW5/undistorted_color_images/f5f240dba39b4c19a1354c89c56d7a59_i1_1.jpg,/mnt/priorbimda-data/PriorBIMDA-Datasets/Matterport3D/v1/scans/759xd9YjKW5/undistorted_depth_images/f5f240dba39b4c19a1354c89c56d7a59_d1_1.png,1024,1280,406,504,1.4121168655554452,313542,0.23921356201171876,-5.004389762878418,8.06309986114502,1.6046700477600098,True,204624,1.0,True,,1.0,204624,0.9212431907653809,-0.08203122680535738,0.6808709039344545,0.3023513323758107,log-depth Laplacian fallback,,,,0.4294790771159568,0.10135287070507233,0.22975195045942742,0.22349518274725752,0.3622619615538629,0.3546616111619303,0.3546616111619303,0.15402758067054304,7.381646399602339,0.11534020960509278,0.9903553590906481,1.0,0.3168978658948806,0.056809948598684455,0.17202394960893783,0.1649585754393485,0.2824468033926533,0.27263038416452984,0.27263038416452984,0.11840187144181902,7.3816464132529775,0.24362605328791678,1.0,1.0,0.3168978658948806,0.056809948598684455,0.17202394960893783,0.1649585754393485,0.2824468033926533,0.27263038416452984,0.27263038416452984,0.11840187144181902,7.3816464132529775,0.24362605328791678,1.0,1.0,0.30867345161030424,0.055427364733347737,0.16997761486196775,0.1607501708525383,0.2786813544419267,0.265556904698997,0.265556904698997,0.11532989834208215,8.4515251169683,0.24695575074471682,1.0,1.0,0.04834273773371182,0.002795442860913606,0.037854585881661705,0.024905232488818183,0.07957516117232284,-0.02972096747485532,0.05103164413716858,0.02216276145122274,7.381646407109832,1.0,1.0,1.0,0.007878351025283337,0.06010419502854347,0.017504485324025154,ok,
759xd9YjKW5,f5f240dba39b4c19a1354c89c56d7a59,f5f240dba39b4c19a1354c89c56d7a59_i1_2,1,2,/mnt/priorbimda-data/PriorBIMDA-Datasets/Matterport3D/v1/scans/759xd9YjKW5/undistorted_color_images/f5f240dba39b4c19a1354c89c56d7a59_i1_2.jpg,/mnt/priorbimda-data/PriorBIMDA-Datasets/Matterport3D/v1/scans/759xd9YjKW5/undistorted_depth_images/f5f240dba39b4c19a1354c89c56d7a59_d1_2.png,1024,1280,406,504,1.4121168655554452,1198859,0.9146568298339843,-5.003570079803467,8.066499710083008,1.6046199798583984,True,204624,1.0,True,,1.0,204624,0.8850861191749573,-0.1220703289062876,1.026741410412265,0.1484604369233073,log-depth Laplacian fallback,,,,0.0570761271905921,0.007916060701768295,0.0949773643179632,0.06302823109060261,0.08666903236654727,-0.01218586648450746,0.05602782371021594,0.024332574670394957,8.580807554872314,0.9859541447326166,0.994841762042075,0.9992301012879746,0.13356840835414877,0.02961974606680033,0.2113662268320966,0.18131724391527243,0.15933534397190485,-0.13425619534752248,0.14415384659827843,0.06260522012276018,8.580807566571528,0.9204602042442022,0.9952871855656086,0.9999916587355143,0.13356840835414877,0.02961974606680033,0.2113662268320966,0.18131724391527243,0.15933534397190485,-0.13425619534752248,0.14415384659827843,0.06260522012276018,8.580807566571528,0.9204602042442022,0.9952871855656086,0.9999916587355143,0.14199183713999322,0.033560263841349566,0.22594038313024245,0.19415808661582468,0.17020107645723237,-0.14798447780246712,0.15440703231353342,0.06705812210082465,8.407734984365153,0.9147589499682615,0.995485707660367,0.999762273962159,0.05075881266607731,0.007415587105053984,0.08465634710058724,0.04893664550233121,0.08697577604990134,0.01420421724331754,0.048320788540045276,0.020985451824155555,8.58080755639423,0.985508721209083,0.9944580638757352,0.9982391590670796,0.00777851976454258,0.05964562948793173,0.01749106775969267,ok,
759xd9YjKW5,f5f240dba39b4c19a1354c89c56d7a59,f5f240dba39b4c19a1354c89c56d7a59_i1_3,1,3,/mnt/priorbimda-data/PriorBIMDA-Datasets/Matterport3D/v1/scans/759xd9YjKW5/undistorted_color_images/f5f240dba39b4c19a1354c89c56d7a59_i1_3.jpg,/mnt/priorbimda-data/PriorBIMDA-Datasets/Matterport3D/v1/scans/759xd9YjKW5/undistorted_depth_images/f5f240dba39b4c19a1354c89c56d7a59_d1_3.png,1024,1280,406,504,1.4121168655554452,1218329,0.9295112609863281,-5.000219821929932,8.067500114440918,1.604640007019043,True,204624,1.0,True,,1.0,204624,1.0069515705108643,0.006927519740666652,1.003280270007311,0.003652618082463331,log-depth Laplacian fallback,,,,0.05954809579515595,0.04958506345757029,0.250978919508638,0.09747249231403322,0.1383438546237942,0.02205531595713719,0.0498411373433512,0.021645730919999523,13.657446741686513,0.9239581426691805,0.9904656295631147,0.9917616670045611,0.06010047801682348,0.050646296364710706,0.2524336764699677,0.09664914502384186,0.13961586558585395,0.028982835734812952,0.049981269969379544,0.02170658974621825,13.657446743830299,0.9242593749307453,0.9904295145235811,0.9917468926702064,0.06010047801682348,0.050646296364710706,0.2524336764699677,0.09664914502384186,0.13961586558585395,0.028982835734812952,0.049981269969379544,0.02170658974621825,13.657446743830299,0.9242593749307453,0.9904295145235811,0.9917468926702064,0.059666652638007654,0.05129773396049089,0.2535264983814608,0.09539179606907304,0.14028222985823155,0.02939833974240596,0.0493623078840325,0.021437777928044695,13.716720320247033,0.9244432333138257,0.9903958618731066,0.9917206271869092,0.05933204102106271,0.05004615871922495,0.25139938883691704,0.0952840020859404,0.13890358416248327,0.02533022961030259,0.049430628307305165,0.021467449110873314,13.657446745667148,0.9240837245111952,0.9904475720433479,0.9917526382446777,0.008320481516420841,0.057756648398935795,0.017446434125304222,ok,
759xd9YjKW5,f5f240dba39b4c19a1354c89c56d7a59,f5f240dba39b4c19a1354c89c56d7a59_i1_4,1,4,/mnt/priorbimda-data/PriorBIMDA-Datasets/Matterport3D/v1/scans/759xd9YjKW5/undistorted_color_images/f5f240dba39b4c19a1354c89c56d7a59_i1_4.jpg,/mnt/priorbimda-data/PriorBIMDA-Datasets/Matterport3D/v1/scans/759xd9YjKW5/undistorted_depth_images/f5f240dba39b4c19a1354c89c56d7a59_d1_4.png,1024,1280,406,504,1.4121168655554452,1247237,0.9515663146972656,-4.997680187225342,8.06509017944336,1.604699969291687,True,204624,1.0,True,,1.0,204624,0.9605173468589783,-0.040283236698214986,0.974640545384814,0.014596689337726003,log-depth Laplacian fallback,,,,0.04169483298521384,0.014656259581393922,0.22413389165554806,0.14315113615798125,0.06387492060749102,0.022862141046506166,0.04068350494929037,0.017668621703960444,5.964333985771537,0.9857428860753811,0.998287414501013,0.9997145690835022,0.033673341034842715,0.011489898253754693,0.1950542550576681,0.10758074835656109,0.06213551773718085,-0.01742109579052127,0.0339874679612887,0.014760569789451247,5.964333982872688,0.988743919559795,0.9987011289754875,0.9996841017384828,0.033673341034842715,0.011489898253754693,0.1950542550576681,0.10758074835656109,0.06213551773718085,-0.01742109579052127,0.0339874679612887,0.014760569789451247,5.964333982872688,0.988743919559795,0.9987011289754875,0.9996841017384828,0.03477051815039874,0.011892817722642376,0.20040171045902178,0.11343671750907912,0.06226715758919226,-0.016928471883688807,0.0350475009293278,0.015220936258106145,5.992183036190117,0.988412787625768,0.9986401942854486,0.9996889123719068,0.029260595394083985,0.0112379042112617,0.19230342690122076,0.09351712671463845,0.05971017706215764,-0.0028244033938937857,0.029124847570567314,0.012648760586170716,5.964333986509121,0.9875829533601072,0.9985030912328611,0.9996969300942804,0.008313358761370182,0.057600442320108414,0.01746570598334074,ok,
759xd9YjKW5,f5f240dba39b4c19a1354c89c56d7a59,f5f240dba39b4c19a1354c89c56d7a59_i1_5,1,5,/mnt/priorbimda-data/PriorBIMDA-Datasets/Matterport3D/v1/scans/759xd9YjKW5/undistorted_color_images/f5f240dba39b4c19a1354c89c56d7a59_i1_5.jpg,/mnt/priorbimda-data/PriorBIMDA-Datasets/Matterport3D/v1/scans/759xd9YjKW5/undistorted_depth_images/f5f240dba39b4c19a1354c89c56d7a59_d1_5.png,1024,1280,406,504,1.4121168655554452,1265896,0.965802001953125,-4.998489856719971,8.061690330505371,1.604740023612976,True,204624,1.0,True,,1.0,204624,1.0982850790023804,0.09374994418075512,1.0380701207508178,0.056386608008863554,log-depth Laplacian fallback,,,,0.08281786267911301,0.08845334580209073,0.5083966863508025,0.1795574878348188,0.20484010147653192,-0.05057941803647377,0.08701728690990244,0.03779112753516279,19.849732906013504,0.9586372024242118,0.9620529648565127,0.9645018232145453,0.10540354368697512,0.09562376445810289,0.49418183899085194,0.17614681672969731,0.2031375984900065,0.04317052628196898,0.1016692098242846,0.044154376806150725,19.849732890098277,0.9591648919026523,0.9616722068795541,0.9630443575143613,0.10540354368697512,0.09562376445810289,0.49418183899085194,0.17614681672969731,0.2031375984900065,0.04317052628196898,0.1016692098242846,0.044154376806150725,19.849732890098277,0.9591648919026523,0.9616722068795541,0.9630443575143613,0.09589452359845145,0.09422668182864173,0.49369678518093146,0.1682129560177501,0.19942222957759306,0.03534848855022596,0.09296447479850399,0.0403739584180242,19.62643880252166,0.9591285540044364,0.961688795920044,0.9630664762350145,0.07721422479617919,0.08802626630161195,0.49712665483165147,0.1572872529076208,0.19893681263716337,-0.01321611856354058,0.07846649351679659,0.034077565148642054,19.849732903076625,0.9592328279732301,0.9618807548171414,0.9638730195845472,0.008178443647921085,0.058963277377188206,0.017469462007284164,ok,
759xd9YjKW5,f5f240dba39b4c19a1354c89c56d7a59,f5f240dba39b4c19a1354c89c56d7a59_i2_0,2,0,/mnt/priorbimda-data/PriorBIMDA-Datasets/Matterport3D/v1/scans/759xd9YjKW5/undistorted_color_images/f5f240dba39b4c19a1354c89c56d7a59_i2_0.jpg,/mnt/priorbimda-data/PriorBIMDA-Datasets/Matterport3D/v1/scans/759xd9YjKW5/undistorted_depth_images/f5f240dba39b4c19a1354c89c56d7a59_d2_0.png,1024,1280,406,504,1.4165615917841592,1223065,0.9331245422363281,-5.004720211029053,8.050490379333496,1.6381299495697021,True,204624,1.0,True,,1.0,204624,1.1068991422653198,0.10156254051106514,1.0465300464575809,0.05608256664083004,log-depth Laplacian fallback,,,,0.06632578649348222,0.011171282119713404,0.1405934647063096,0.09207860978913172,0.08986068922944374,-0.04558026708891845,0.06810551125163247,0.0295778477237838,7.744277061736312,0.9826722210185068,0.9971857587290945,1.0,0.0764304975267345,0.027600982855820064,0.27204322760945066,0.1749665899035657,0.09555834686241847,0.055982273532641645,0.07194228010970526,0.031244135267183067,7.744277051600604,0.9831775089631377,0.9945701986403012,0.9998340235392231,0.0764304975267345,0.027600982855820064,0.27204322760945066,0.1749665899035657,0.09555834686241847,0.055982273532641645,0.07194228010970526,0.031244135267183067,7.744277051600604,0.9831775089631377,0.9945701986403012,0.9998340235392231,0.07459507402385192,0.029698468790379785,0.28682064826139214,0.17583098386817891,0.09683523381621115,0.05381198062312287,0.06998913316805236,0.030395894328076996,8.05067279775854,0.9826885733791745,0.9942791266204167,0.9997939602555874,0.05621198934069612,0.013454321839865392,0.17869692839299833,0.10435139654781296,0.07744283562705181,-0.00010032964129275248,0.05530277555354454,0.024017690256838423,7.744277063691383,0.9865060319770412,0.9957753676215083,1.0,0.008122152648866177,0.05761951953172684,0.017498847097158432,ok,
759xd9YjKW5,f5f240dba39b4c19a1354c89c56d7a59,f5f240dba39b4c19a1354c89c56d7a59_i2_1,2,1,/mnt/priorbimda-data/PriorBIMDA-Datasets/Matterport3D/v1/scans/759xd9YjKW5/undistorted_color_images/f5f240dba39b4c19a1354c89c56d7a59_i2_1.jpg,/mnt/priorbimda-data/PriorBIMDA-Datasets/Matterport3D/v1/scans/759xd9YjKW5/undistorted_depth_images/f5f240dba39b4c19a1354c89c56d7a59_d2_1.png,1024,1280,406,504,1.4165615917841592,914823,0.6979545593261719,-5.015270233154297,8.060500144958496,1.637869954109192,True,204624,1.0,True,,1.0,204624,1.3377854824066162,0.2910156218019197,1.11548993600825,0.18172190890801704,log-depth Laplacian fallback,,,,0.11344343566306281,0.011964120846161165,0.09903187050870367,0.08906080929659381,0.13356323455319583,-0.10875804474528453,0.12114675728759107,0.05261336819047338,7.752951262257938,0.9858070905519428,0.9993157146245777,1.0,0.20392995083094206,0.04769209736598847,0.21767633769558956,0.17699924882353296,0.19806223697125433,0.18225757707899534,0.182581151289529,0.07929398650458526,7.752951251846856,0.771406053411425,0.9978793712007678,0.9995944570698375,0.20392995083094206,0.04769209736598847,0.21767633769558956,0.17699924882353296,0.19806223697125433,0.18225757707899534,0.182581151289529,0.07929398650458526,7.752951251846856,0.771406053411425,0.9978793712007678,0.9995944570698375,0.19997540587957158,0.04539785199704829,0.21118290645655635,0.1724322407166015,0.19507186225613637,0.17893813399897265,0.17931034055508524,0.07787349145126637,7.767995652060282,0.7637892794562445,0.9980750374662639,0.9996469262360042,0.059106003718880876,0.006723718527478719,0.08465853323742181,0.05347867500761906,0.07753136325183634,0.0005356893788679195,0.05825183299462521,0.025298449630315502,7.752951260376635,0.984259250150029,0.9992785489652096,1.0,0.0076271044090390205,0.059122138656675816,0.01747454795986414,ok,
759xd9YjKW5,f5f240dba39b4c19a1354c89c56d7a59,f5f240dba39b4c19a1354c89c56d7a59_i2_2,2,2,/mnt/priorbimda-data/PriorBIMDA-Datasets/Matterport3D/v1/scans/759xd9YjKW5/undistorted_color_images/f5f240dba39b4c19a1354c89c56d7a59_i2_2.jpg,/mnt/priorbimda-data/PriorBIMDA-Datasets/Matterport3D/v1/scans/759xd9YjKW5/undistorted_depth_images/f5f240dba39b4c19a1354c89c56d7a59_d2_2.png,1024,1280,406,504,1.4165615917841592,1150570,0.8778152465820312,-5.011879920959473,8.074649810791016,1.6376700401306152,True,204624,1.0,True,,1.0,204624,1.0655345916748047,0.06347663723349765,1.0378921425544978,0.026284766795740114,log-depth Laplacian fallback,,,,0.05440733172314811,0.009304700508894178,0.12408096673632704,0.08570721975020999,0.07430111649676992,-0.03354857499855466,0.05517993930350602,0.02396434315126902,6.629592014772047,0.9938543504523845,0.9977028777040945,0.9990769792363785,0.05489835382521874,0.007664895509021869,0.09356591762821696,0.06587893612724198,0.07273814635367644,0.029928062269748073,0.05245314799140255,0.02278011273112077,6.629592011388735,0.9917510451341509,0.9971057823513563,0.9990057102131987,0.05489835382521874,0.007664895509021869,0.09356591762821696,0.06587893612724198,0.07273814635367644,0.029928062269748073,0.05245314799140255,0.02278011273112077,6.629592011388735,0.9917510451341509,0.9971057823513563,0.9990057102131987,0.049015346649290546,0.007018391440893054,0.09048141219414034,0.060324999659258104,0.06804536834639566,0.022352652373866928,0.046963015736901696,0.02039577858807199,6.426920790899578,0.9920474199744475,0.9970814465873437,0.9990065793476277,0.04879171171749703,0.007045044418268747,0.09764490819046907,0.06655727011461168,0.06639595133680454,0.003643257516567946,0.047687362338217194,0.020710358320008664,6.629592015039303,0.9930816899449838,0.9975081915919936,0.9990378681870725,0.00787445716559887,0.05834203213453293,0.01751367188990116,ok,
759xd9YjKW5,f5f240dba39b4c19a1354c89c56d7a59,f5f240dba39b4c19a1354c89c56d7a59_i2_3,2,3,/mnt/priorbimda-data/PriorBIMDA-Datasets/Matterport3D/v1/scans/759xd9YjKW5/undistorted_color_images/f5f240dba39b4c19a1354c89c56d7a59_i2_3.jpg,/mnt/priorbimda-data/PriorBIMDA-Datasets/Matterport3D/v1/scans/759xd9YjKW5/undistorted_depth_images/f5f240dba39b4c19a1354c89c56d7a59_d2_3.png,1024,1280,406,504,1.4165615917841592,1167173,0.8904823303222656,-4.99793004989624,8.078780174255371,1.6377300024032593,True,204624,1.0,True,,1.0,204624,1.148747205734253,0.13867196224454276,1.0802848772584805,0.06144718065165265,log-depth Laplacian fallback,,,,0.12032398569509373,0.05250514964432715,0.2816530048709564,0.2082093347441811,0.15806114517278116,-0.047969417183300965,0.11938313507197078,0.05184743679406749,15.060631005514157,0.973291020268632,0.9916293471490516,0.9934636938997047,0.1337707202903208,0.08324676108540045,0.38281161788272333,0.24121346595545065,0.17581015982802964,0.09070254503428929,0.11618673743098279,0.05045925893661783,15.060631003732894,0.8630143089327803,0.988928804898674,0.9926643265394247,0.1337707202903208,0.08324676108540045,0.38281161788272333,0.24121346595545065,0.17581015982802964,0.09070254503428929,0.11618673743098279,0.05045925893661783,15.060631003732894,0.8630143089327803,0.988928804898674,0.9926643265394247,0.1337737829304794,0.08264058396563877,0.3754077707611003,0.23691767346287604,0.17667903198591015,0.09060869007042988,0.1160112116922116,0.0503830290768375,15.16757911705063,0.8669426040526983,0.9884661485486728,0.9926429072639618,0.11726702665534437,0.05887946839910595,0.3035513555806846,0.207160826625495,0.1534214281471615,0.029255324304131566,0.10730444012425505,0.04660172622968187,15.060631000915842,0.8930955393930463,0.990741732373864,0.9929470609755366,0.008672047406435013,0.05981064960360527,0.017473507672548294,ok,
759xd9YjKW5,f5f240dba39b4c19a1354c89c56d7a59,f5f240dba39b4c19a1354c89c56d7a59_i2_4,2,4,/mnt/priorbimda-data/PriorBIMDA-Datasets/Matterport3D/v1/scans/759xd9YjKW5/undistorted_color_images/f5f240dba39b4c19a1354c89c56d7a59_i2_4.jpg,/mnt/priorbimda-data/PriorBIMDA-Datasets/Matterport3D/v1/scans/759xd9YjKW5/undistorted_depth_images/f5f240dba39b4c19a1354c89c56d7a59_d2_4.png,1024,1280,406,504,1.4165615917841592,1228115,0.9369773864746094,-4.987380027770996,8.068770408630371,1.6379799842834473,True,204624,1.0,True,,1.0,204624,1.185212254524231,0.16992187628939412,1.1308472380393504,0.046954756324472144,log-depth Laplacian fallback,,,,0.1143975360400889,0.03640807121536019,0.308006175342718,0.27020086636637836,0.13660179472711126,-0.11779741733960253,0.12255824175584808,0.053226368106329566,6.916515590083893,0.9847750414252737,0.9927197371581652,0.9988022294329114,0.06350013785072617,0.018729446204142082,0.22401934392045483,0.1519858194657062,0.08660703223791476,0.05212445897208736,0.06126776567301873,0.026608252550333483,6.91651560391964,0.9787055772464305,0.9962316232600367,0.9989585665837483,0.06350013785072617,0.018729446204142082,0.22401934392045483,0.1519858194657062,0.08660703223791476,0.05212445897208736,0.06126776567301873,0.026608252550333483,6.91651560391964,0.9787055772464305,0.9962316232600367,0.9989585665837483,0.06439228652711228,0.019403849192569923,0.2267406625300945,0.15337925410349607,0.0882376548288246,0.05234941561095918,0.06200243973648302,0.026927317442093486,7.103113693924558,0.978278907105605,0.9961216987008545,0.9989430957198634,0.03333902390036848,0.010553508681627343,0.16714918457635444,0.07581661331671698,0.06935808829664558,0.005169682829794603,0.033202666698397464,0.014419734931586875,6.9165155906746945,0.9826180772973215,0.9956217455205743,0.9989479812558271,0.00807645171880722,0.0582898473367095,0.017487993463873863,ok,
759xd9YjKW5,f5f240dba39b4c19a1354c89c56d7a59,f5f240dba39b4c19a1354c89c56d7a59_i2_5,2,5,/mnt/priorbimda-data/PriorBIMDA-Datasets/Matterport3D/v1/scans/759xd9YjKW5/undistorted_color_images/f5f240dba39b4c19a1354c89c56d7a59_i2_5.jpg,/mnt/priorbimda-data/PriorBIMDA-Datasets/Matterport3D/v1/scans/759xd9YjKW5/undistorted_depth_images/f5f240dba39b4c19a1354c89c56d7a59_d2_5.png,1024,1280,406,504,1.4165615917841592,1222611,0.9327781677246094,-4.990769863128662,8.054619789123535,1.6381800174713135,True,204624,1.0,True,,1.0,204624,1.0618988275527954,0.060058652323837745,1.0000555848168975,0.06000306905171895,log-depth Laplacian fallback,,,,0.039503583438357436,0.03025784788051492,0.3050172234349469,0.09107119160235436,0.12081771966057889,-0.004166690930450214,0.04150308526221784,0.0180245609113414,12.074584908257648,0.9681223218178145,0.9808041969195435,0.9886856898882801,0.08395615945777,0.03919666432855721,0.32690956932639903,0.1657301579209708,0.13305439266298474,0.055891961314101894,0.08251371857616005,0.0358352526589442,12.074584906893765,0.9639411063698919,0.9817374455161945,0.9900679774678945,0.08395615945777,0.03919666432855721,0.32690956932639903,0.1657301579209708,0.13305439266298474,0.055891961314101894,0.08251371857616005,0.0358352526589442,12.074584906893765,0.9639411063698919,0.9817374455161945,0.9900679774678945,0.0794150645543509,0.03946912248641176,0.33011162221895485,0.1599218723719668,0.13254578441196244,0.05124838071426566,0.0781656376378272,0.03394690510055752,12.223742650902016,0.9613613815023748,0.9814601700786268,0.9900164484042757,0.0395057144517438,0.030259873365905382,0.3050192580341155,0.09107643392693048,0.12081581664595213,-0.004111140949898667,0.041503021792271104,0.018024533346693752,12.07458490877363,0.9681182322095908,0.980805832762833,0.9886897794965038,0.008369917050004005,0.05778079479932785,0.01747304666787386,ok,
759xd9YjKW5,fc30206582bb494190095c4439e2da29,fc30206582bb494190095c4439e2da29_i0_0,0,0,/mnt/priorbimda-data/PriorBIMDA-Datasets/Matterport3D/v1/scans/759xd9YjKW5/undistorted_color_images/fc30206582bb494190095c4439e2da29_i0_0.jpg,/mnt/priorbimda-data/PriorBIMDA-Datasets/Matterport3D/v1/scans/759xd9YjKW5/undistorted_depth_images/fc30206582bb494190095c4439e2da29_d0_0.png,1024,1280,406,504,1.4155678118069965,1239653,0.9457801818847656,-12.115400314331055,-10.280400276184082,1.5695699453353882,True,204624,1.0,True,,1.0,204624,0.9978204369544983,-0.002181941750022524,1.05738877812863,0.057984393810659896,log-depth Laplacian fallback,,,,0.10965725651141853,0.021153295944115746,0.14942984765753947,0.12384072359043445,0.15837057373044097,-0.09845044011218138,0.12033528283369571,0.05226094931294117,12.405139848235015,0.7961727999690236,0.9988496780954025,0.9996555487705027,0.11004356284169518,0.021421774347956276,0.15012381681752124,0.12366191848040156,0.1597361128867329,-0.10063238186542744,0.12096127030090434,0.052532812215690464,12.405139854211182,0.7858231295370559,0.9988569381915746,0.9996870091872484,0.11004356284169518,0.021421774347956276,0.15012381681752124,0.12366191848040156,0.1597361128867329,-0.10063238186542744,0.12096127030090434,0.052532812215690464,12.405139854211182,0.7858231295370559,0.9988569381915746,0.9996870091872484,0.10623976117824982,0.02056186788349948,0.14651102026635926,0.11717050273337266,0.15621741624600252,-0.10147533093917122,0.11677177761991656,0.05071333866236341,11.877137007445224,0.8089667027789228,0.9988835585442055,0.9996523220610929,0.10823012107680809,0.01854693738037999,0.1559856401537389,0.14238161435724167,0.1311777419816246,-0.04264798388440275,0.11289814850480534,0.04903104291273077,12.405139846851142,0.9396024532671643,0.9987036694946085,0.9994022520818325,0.010125994682312012,0.058722116984426975,0.01753419917076826,ok,
759xd9YjKW5,fc30206582bb494190095c4439e2da29,fc30206582bb494190095c4439e2da29_i0_1,0,1,/mnt/priorbimda-data/PriorBIMDA-Datasets/Matterport3D/v1/scans/759xd9YjKW5/undistorted_color_images/fc30206582bb494190095c4439e2da29_i0_1.jpg,/mnt/priorbimda-data/PriorBIMDA-Datasets/Matterport3D/v1/scans/759xd9YjKW5/undistorted_depth_images/fc30206582bb494190095c4439e2da29_d0_1.png,1024,1280,406,504,1.4155678118069965,1200582,0.9159713745117187,-12.111200332641602,-10.266400337219238,1.5696099996566772,True,204624,1.0,True,,1.0,204624,1.0595680475234985,0.057861322736013326,1.0495059244161828,0.009541817484178969,log-depth Laplacian fallback,,,,0.08883884954550679,0.024098690072738755,0.20449770159818378,0.11977724759041065,0.12341624008517894,-0.04531004618269345,0.0905811696878792,0.039338902159788025,11.479794437046648,0.9378151596475709,0.9953872371899629,0.9968473623625875,0.08332375023207109,0.023865699447152975,0.1942043713547196,0.11006631001592468,0.11548204428806057,0.012551276691025652,0.08023930388993111,0.03484748691115525,11.47979442602301,0.9523972539984774,0.9950407385751244,0.9965233528405391,0.08332375023207109,0.023865699447152975,0.1942043713547196,0.11006631001592468,0.11548204428806057,0.012551276691025652,0.08023930388993111,0.03484748691115525,11.47979442602301,0.9523972539984774,0.9950407385751244,0.9965233528405391,0.08117024328013728,0.02245785621229414,0.18545031347202987,0.10552219252149588,0.11270375655672278,0.01065976403167859,0.07788643668920052,0.03382564966922678,11.219851234658133,0.9571574453056934,0.9951065399947692,0.9965383455690656,0.08213952026865085,0.023413883184814303,0.1944131066257163,0.11000928099189809,0.11483738514844555,0.003009482505336169,0.07984382887504628,0.03467573429446012,11.479794441880262,0.9541663959646238,0.995096544842418,0.9965608346618556,0.008488716557621956,0.05686192400753498,0.017467333935201168,ok,
759xd9YjKW5,fc30206582bb494190095c4439e2da29,fc30206582bb494190095c4439e2da29_i0_2,0,2,/mnt/priorbimda-data/PriorBIMDA-Datasets/Matterport3D/v1/scans/759xd9YjKW5/undistorted_color_images/fc30206582bb494190095c4439e2da29_i0_2.jpg,/mnt/priorbimda-data/PriorBIMDA-Datasets/Matterport3D/v1/scans/759xd9YjKW5/undistorted_depth_images/fc30206582bb494190095c4439e2da29_d0_2.png,1024,1280,406,504,1.4155678118069965,1203087,0.9178825378417969,-12.097100257873535,-10.262999534606934,1.5698800086975098,True,204624,1.0,True,,1.0,204624,1.1276289224624634,0.12011712950537742,1.0202174425980735,0.10010134591089662,log-depth Laplacian fallback,,,,0.11050316825274088,0.07005688191674769,0.5405779987779323,0.31880586128583044,0.15305811878426678,-0.06046408994161315,0.1158293689758728,0.050304055788557255,14.060896683110661,0.8788441733640211,0.9971573128127891,0.9978871020965233,0.13774056924109943,0.047093964293766985,0.34455922863384025,0.22337322555321243,0.15273953859541478,0.059653039647784664,0.1285476168739583,0.055827520670173415,14.060896668107633,0.9170359250827247,0.9952605256311472,0.9976909400567041,0.13774056924109943,0.047093964293766985,0.34455922863384025,0.22337322555321243,0.15273953859541478,0.059653039647784664,0.1285476168739583,0.055827520670173415,14.060896668107633,0.9170359250827247,0.9952605256311472,0.9976909400567041,0.13526670094912724,0.046748848318143736,0.328402012475423,0.20917063227667798,0.1548637646715696,0.060416180190684544,0.12511818802401362,0.05433813864456265,14.259267435397241,0.8935912365439905,0.9950801562979236,0.9976460555221692,0.11133264425542093,0.06313752605405164,0.5039500146138628,0.3011189855280766,0.14631113745805438,-0.040448329808797874,0.11444364576533307,0.0497022438447746,14.060896685470809,0.9225633723911904,0.996623685568874,0.9978613350489199,0.009310063906013966,0.05801795609295368,0.017452506348490715,ok,
759xd9YjKW5,fc30206582bb494190095c4439e2da29,fc30206582bb494190095c4439e2da29_i0_3,0,3,/mnt/priorbimda-data/PriorBIMDA-Datasets/Matterport3D/v1/scans/759xd9YjKW5/undistorted_color_images/fc30206582bb494190095c4439e2da29_i0_3.jpg,/mnt/priorbimda-data/PriorBIMDA-Datasets/Matterport3D/v1/scans/759xd9YjKW5/undistorted_depth_images/fc30206582bb494190095c4439e2da29_d0_3.png,1024,1280,406,504,1.4155678118069965,1209312,0.9226318359375,-12.0871000289917,-10.273599624633789,1.5701199769973755,True,204624,1.0,True,,1.0,204624,1.1817450523376465,0.1669922039573726,1.2731723964876882,0.074519531812173,log-depth Laplacian fallback,,,,0.1969535945738208,0.04247969671118941,0.20642101973222252,0.19352082884211858,0.23141504568465418,-0.21459690594807174,0.2202946512068505,0.09567275141193672,8.660884092715387,0.3534960374163161,0.9981328226297267,0.9989183932682385,0.0827854704715705,0.014564438621283322,0.13525448409488858,0.09428513284148352,0.09882964624737525,-0.04760470200585614,0.08300993702445772,0.03605075759285843,8.660884091312486,0.988023768886772,0.9977689793866265,0.9982295718557328,0.0827854704715705,0.014564438621283322,0.13525448409488858,0.09428513284148352,0.09882964624737525,-0.04760470200585614,0.08300993702445772,0.03605075759285843,8.660884091312486,0.988023768886772,0.9977689793866265,0.9982295718557328,0.08312060219491113,0.013544749603093348,0.1279199067655237,0.09209168924658057,0.0979073783907962,-0.052277851611313014,0.0837821551162139,0.03638612764893401,8.278212955864378,0.9938717221031462,0.9977863446323199,0.9982436294355799,0.052144725182065234,0.01855673182426794,0.1676307061231375,0.07295306401549492,0.09069453477152495,0.02691481573137901,0.04766771430001588,0.020701825285437625,8.660884095500448,0.9575262628668202,0.9976077306766161,0.9981088420523405,0.00870445929467678,0.0590206915512681,0.017493813298642635,ok,
759xd9YjKW5,fc30206582bb494190095c4439e2da29,fc30206582bb494190095c4439e2da29_i0_4,0,4,/mnt/priorbimda-data/PriorBIMDA-Datasets/Matterport3D/v1/scans/759xd9YjKW5/undistorted_color_images/fc30206582bb494190095c4439e2da29_i0_4.jpg,/mnt/priorbimda-data/PriorBIMDA-Datasets/Matterport3D/v1/scans/759xd9YjKW5/undistorted_depth_images/fc30206582bb494190095c4439e2da29_d0_4.png,1024,1280,406,504,1.4155678118069965,1250184,0.953814697265625,-12.09119987487793,-10.287500381469727,1.570080041885376,True,204624,1.0,True,,1.0,204624,1.0686607360839844,0.0664062159879306,1.1309738872771522,0.05667289270723763,log-depth Laplacian fallback,,,,0.12689449981512926,0.027109761894494537,0.18857894478822798,0.16398556735280406,0.1682779429105871,-0.1363103856735274,0.1398713695280953,0.06074536396230239,9.867595871210488,0.7643874821626256,1.0,1.0,0.08613542629669131,0.015181787002624694,0.14491525522455687,0.11428086119387167,0.12092782041100959,-0.06990416959800975,0.09222235686781469,0.04005166069580436,9.867595868381557,0.9221954528293436,1.0,1.0,0.08613542629669131,0.015181787002624694,0.14491525522455687,0.11428086119387167,0.12092782041100959,-0.06990416959800975,0.09222235686781469,0.04005166069580436,9.867595868381557,0.9221954528293436,1.0,1.0,0.08494152729097518,0.014623243591166502,0.14097289871998875,0.11066882235805327,0.11927769108122124,-0.0751775482209391,0.09111483896340276,0.039570671781309234,9.260401629063193,0.9320524018864423,1.0,1.0,0.0811571346828956,0.01404658235384205,0.15579154291088684,0.12197038934109522,0.09955907991850114,-0.01323123470247361,0.08261288599034769,0.03587832051971043,9.867595868531785,0.9819994496810069,1.0,1.0,0.008037549443542957,0.058028495870530605,0.01742930058389902,ok,
759xd9YjKW5,fc30206582bb494190095c4439e2da29,fc30206582bb494190095c4439e2da29_i0_5,0,5,/mnt/priorbimda-data/PriorBIMDA-Datasets/Matterport3D/v1/scans/759xd9YjKW5/undistorted_color_images/fc30206582bb494190095c4439e2da29_i0_5.jpg,/mnt/priorbimda-data/PriorBIMDA-Datasets/Matterport3D/v1/scans/759xd9YjKW5/undistorted_depth_images/fc30206582bb494190095c4439e2da29_d0_5.png,1024,1280,406,504,1.4155678118069965,1251670,0.9549484252929688,-12.105400085449219,-10.290900230407715,1.5698100328445435,True,204624,1.0,True,,1.0,204624,1.172548532485962,0.1591796127937803,1.158953603122316,0.011662081055996948,log-depth Laplacian fallback,,,,0.14182503942514585,0.028533926361452806,0.2055993948739467,0.19949493237308888,0.16078349254810928,-0.15400793372058358,0.15400793372058358,0.0668847957841711,4.618319853674326,0.9046873377168103,1.0,1.0,0.0385069256708639,0.0032900322691259295,0.07551997548829473,0.05852199018230609,0.04647186348689327,0.005171678995058268,0.038413666405026685,0.016682843349375424,4.618319859339018,1.0,1.0,1.0,0.0385069256708639,0.0032900322691259295,0.07551997548829473,0.05852199018230609,0.04647186348689327,0.005171678995058268,0.038413666405026685,0.016682843349375424,4.618319859339018,1.0,1.0,1.0,0.03160641038113795,0.0022489390878264247,0.060906235747222495,0.04668862332613295,0.039667345744307705,0.0013612094175342606,0.031641318131876886,0.013741649864819442,3.9643983494599313,1.0,1.0,1.0,0.03697158583955327,0.0028290454191820607,0.06634641707495464,0.05255580814601494,0.046637042861003696,-0.006490449980862503,0.03731645366040131,0.016206329908910695,4.618319852354336,1.0,1.0,1.0,0.009055709466338158,0.05737774074077606,0.01750753168016672,ok,
759xd9YjKW5,fc30206582bb494190095c4439e2da29,fc30206582bb494190095c4439e2da29_i1_0,1,0,/mnt/priorbimda-data/PriorBIMDA-Datasets/Matterport3D/v1/scans/759xd9YjKW5/undistorted_color_images/fc30206582bb494190095c4439e2da29_i1_0.jpg,/mnt/priorbimda-data/PriorBIMDA-Datasets/Matterport3D/v1/scans/759xd9YjKW5/undistorted_depth_images/fc30206582bb494190095c4439e2da29_d1_0.png,1024,1280,406,504,1.4121168655554452,1172314,0.8944046020507812,-12.105299949645996,-10.277700424194336,1.6030199527740479,True,204624,1.0,True,,1.0,204624,0.924397349357605,-0.07861326800531607,1.04067989943599,0.11848751701519271,log-depth Laplacian fallback,,,,0.05972970112992776,0.009599196933465552,0.12433349035808859,0.10057851532978068,0.08385405605872097,-0.056324441211321505,0.06294912875391333,0.02733845925844188,6.212133320954652,0.9977130700477859,1.0,1.0,0.12505837218804988,0.03142249451238488,0.23747589910703015,0.22958152430408554,0.1485504809565359,-0.13493770913373873,0.135415855067186,0.05881035861788938,6.2121333261261,0.8879711408376937,1.0,1.0,0.12505837218804988,0.03142249451238488,0.23747589910703015,0.22958152430408554,0.1485504809565359,-0.13493770913373873,0.135415855067186,0.05881035861788938,6.2121333261261,0.8879711408376937,1.0,1.0,0.12503149931480548,0.031567466261764106,0.23881422153527498,0.23028773634670843,0.14832326642223623,-0.13488920819430203,0.13536020963672526,0.05878619211449718,6.168219252649754,0.9124995521677639,1.0,1.0,0.05109805455238609,0.006493061471411046,0.10749747855018646,0.09200531166121198,0.06426249176515661,-0.016450161241261915,0.05217688603699682,0.022660133688762532,6.212133323588046,0.9990301233287328,1.0,1.0,0.00873431097716093,0.05846319533884525,0.01742412243038416,ok,
759xd9YjKW5,fc30206582bb494190095c4439e2da29,fc30206582bb494190095c4439e2da29_i1_1,1,1,/mnt/priorbimda-data/PriorBIMDA-Datasets/Matterport3D/v1/scans/759xd9YjKW5/undistorted_color_images/fc30206582bb494190095c4439e2da29_i1_1.jpg,/mnt/priorbimda-data/PriorBIMDA-Datasets/Matterport3D/v1/scans/759xd9YjKW5/undistorted_depth_images/fc30206582bb494190095c4439e2da29_d1_1.png,1024,1280,406,504,1.4121168655554452,1303922,0.9948135375976562,-12.104299545288086,-10.274299621582031,1.6030299663543701,True,204624,1.0,True,,1.0,204624,1.1945079565048218,0.1777343487115823,1.2950304422220467,0.0807998536709936,log-depth Laplacian fallback,,,,0.24923723942130843,0.0816388949537711,0.32765221107704057,0.295059374720785,0.29015880717798914,-0.242734575648444,0.2807886592698115,0.12194496530189154,15.897188168894305,0.18334608972009062,0.990370589651835,0.9983396246094475,0.1347109092291506,0.046423923532358614,0.23985618038876277,0.16816472254543358,0.17174716492892245,-0.06500022682848185,0.13191541301875656,0.05729013595203437,15.897188170669803,0.9182282375786281,0.9882646354613236,0.9906259730259939,0.1347109092291506,0.046423923532358614,0.23985618038876277,0.16816472254543358,0.17174716492892245,-0.06500022682848185,0.13191541301875656,0.05729013595203437,15.897188170669803,0.9182282375786281,0.9882646354613236,0.9906259730259939,0.13447960421124044,0.04332078376993735,0.2307935887927298,0.16462722323728537,0.16783754373936338,-0.06681288034794469,0.13207467555003072,0.05735930279054067,15.396584071823835,0.9229386420353365,0.9883137181518526,0.9908046646962011,0.10295395093840257,0.050262133026498367,0.24342800566657383,0.12776515715970754,0.15975508807472305,0.01579965180017474,0.09098896530650855,0.039516005546703106,15.897188169219035,0.9218358153325122,0.935770697940521,0.9902379130039987,0.00821300595998764,0.05893043801188469,0.017541106790304184,ok,
759xd9YjKW5,fc30206582bb494190095c4439e2da29,fc30206582bb494190095c4439e2da29_i1_2,1,2,/mnt/priorbimda-data/PriorBIMDA-Datasets/Matterport3D/v1/scans/759xd9YjKW5/undistorted_color_images/fc30206582bb494190095c4439e2da29_i1_2.jpg,/mnt/priorbimda-data/PriorBIMDA-Datasets/Matterport3D/v1/scans/759xd9YjKW5/undistorted_depth_images/fc30206582bb494190095c4439e2da29_d1_2.png,1024,1280,406,504,1.4121168655554452,1120794,0.8550979614257812,-12.100899696350098,-10.273500442504883,1.6030999422073364,True,204624,1.0,True,,1.0,204624,0.9931873679161072,-0.006835943999177186,0.996840183670693,0.003671124908935955,log-depth Laplacian fallback,,,,0.1813227963925617,0.29484282530910544,0.7164872189250876,0.4160966488113859,0.26261223487286217,0.09829001854071182,0.13326828215264205,0.05787767955161812,24.352465616480366,0.8590838280718848,0.8796915401046044,0.9716433171483787,0.18009524979141672,0.28855851046714687,0.712649699867399,0.4225784943224647,0.2601309398660832,0.09145407467149737,0.13327567297672757,0.05788088934573516,24.35246560444999,0.8625064017116437,0.8799690219612167,0.9746679586079154,0.18009524979141672,0.28855851046714687,0.712649699867399,0.4225784943224647,0.2601309398660832,0.09145407467149737,0.13327567297672757,0.05788088934573516,24.35246560444999,0.8625064017116437,0.8799690219612167,0.9746679586079154,0.178863546708244,0.29083135391963355,0.7124067741495084,0.4108388005836166,0.26090890657368565,0.0959036066721417,0.1315693214255787,0.057139830282884094,24.264368064458502,0.8624091492281365,0.8798851528469995,0.9734857609873001,0.1806713606448537,0.29186274380995725,0.7144535628903117,0.4185899544087928,0.26144418300297123,0.09512519472311418,0.13318962593033296,0.05784351958830186,24.35246561541166,0.8611270224501558,0.8798084215297369,0.9730155586129119,0.008619208820164204,0.05784296244382858,0.017460664734244347,ok,
759xd9YjKW5,fc30206582bb494190095c4439e2da29,fc30206582bb494190095c4439e2da29_i1_3,1,3,/mnt/priorbimda-data/PriorBIMDA-Datasets/Matterport3D/v1/scans/759xd9YjKW5/undistorted_color_images/fc30206582bb494190095c4439e2da29_i1_3.jpg,/mnt/priorbimda-data/PriorBIMDA-Datasets/Matterport3D/v1/scans/759xd9YjKW5/undistorted_depth_images/fc30206582bb494190095c4439e2da29_d1_3.png,1024,1280,406,504,1.4121168655554452,1199070,0.9148178100585938,-12.09850025177002,-10.276100158691406,1.6031500101089478,True,180982,0.8844612557666744,True,,1.0,180982,0.8570175766944885,-0.1542968510328452,0.8340093511305475,0.027213813266655784,log-depth Laplacian fallback,,,,0.24123081724140458,0.17373148751750836,0.46707601232282564,0.2787264607514121,0.24727981115105693,0.17363929188410102,0.20308759573646118,0.0881998221713435,17.60588007368287,0.6271485401185919,0.9881699984154386,0.9888580316411886,0.10041379943827476,0.12222920254555157,0.5321289331301866,0.20194161353447937,0.1771181281600297,0.019342440794284054,0.0881718945156982,0.03829256724712331,17.605880070883227,0.916876412553062,0.9882500604635259,0.9896127832403446,0.10041379943827476,0.12222920254555157,0.5321289331301866,0.20194161353447937,0.1771181281600297,0.019342440794284054,0.0881718945156982,0.03829256724712331,17.605880070883227,0.916876412553062,0.9882500604635259,0.9896127832403446,0.10731906292511428,0.12560722915478253,0.5366109240765125,0.2103523085328544,0.18306925142986852,0.02201326654834133,0.09430444785602499,0.04095590132280458,18.17409335151663,0.9167438097859174,0.9881658285171008,0.9896828375324209,0.08626566493512375,0.12075202428320617,0.5529702708476895,0.19839112112677157,0.17623467266525913,-0.007871374558789768,0.07651144610938203,0.03322849884774262,17.605880072290127,0.9169631464384899,0.9877038037812638,0.9898020966248843,0.008794290944933891,0.05706887412816286,0.01748241763561964,ok,
759xd9YjKW5,fc30206582bb494190095c4439e2da29,fc30206582bb494190095c4439e2da29_i1_4,1,4,/mnt/priorbimda-data/PriorBIMDA-Datasets/Matterport3D/v1/scans/759xd9YjKW5/undistorted_color_images/fc30206582bb494190095c4439e2da29_i1_4.jpg,/mnt/priorbimda-data/PriorBIMDA-Datasets/Matterport3D/v1/scans/759xd9YjKW5/undistorted_depth_images/fc30206582bb494190095c4439e2da29_d1_4.png,1024,1280,406,504,1.4121168655554452,1218508,0.9296478271484375,-12.099499702453613,-10.279399871826172,1.6031399965286255,True,180192,0.8806005160684963,True,,1.0,180192,0.9598141312599182,-0.04101562653664262,0.9903417354758599,0.03131041846904818,log-depth Laplacian fallback,,,,0.050363514177052066,0.04858916800084686,0.3685441486525597,0.1589931767746541,0.10338933137813536,0.017516932723240633,0.045364342922688615,0.019701483806490498,10.189460687782915,0.970339956733973,0.9854083846802811,0.9918334553404655,0.05790296976888109,0.046554544607392404,0.37810862834668413,0.18496263189201245,0.10456911358504872,-0.023498693779010336,0.05499977442601634,0.023886098539142482,10.18946068574933,0.9726304628283113,0.9864186365620907,0.9925466225909062,0.05790296976888109,0.046554544607392404,0.37810862834668413,0.18496263189201245,0.10456911358504872,-0.023498693779010336,0.05499977442601634,0.023886098539142482,10.18946068574933,0.9726304628283113,0.9864186365620907,0.9925466225909062,0.0588656879002229,0.04814181549394772,0.3864553769180184,0.18575939053967916,0.1058065007568628,-0.025635621787956645,0.0558769442622202,0.024267048558697806,10.265393561844988,0.9720346522140191,0.9862758389768471,0.9922897510726233,0.04875474684877549,0.04709641701344849,0.3659456436688289,0.15430620494414002,0.1021936091677952,0.007811712024226214,0.04423471017633725,0.01921089053817289,10.189460687391966,0.9709710564066876,0.9856463806556871,0.9919828183319273,0.009015854448080063,0.059356541372835636,0.017466876655817032,ok,
759xd9YjKW5,fc30206582bb494190095c4439e2da29,fc30206582bb494190095c4439e2da29_i1_5,1,5,/mnt/priorbimda-data/PriorBIMDA-Datasets/Matterport3D/v1/scans/759xd9YjKW5/undistorted_color_images/fc30206582bb494190095c4439e2da29_i1_5.jpg,/mnt/priorbimda-data/PriorBIMDA-Datasets/Matterport3D/v1/scans/759xd9YjKW5/undistorted_depth_images/fc30206582bb494190095c4439e2da29_d1_5.png,1024,1280,406,504,1.4121168655554452,1247126,0.9514816284179688,-12.102899551391602,-10.280200004577637,1.6030800342559814,True,204624,1.0,True,,1.0,204624,0.9930055141448975,-0.007019061936372868,1.013920864953429,0.020843921607654053,log-depth Laplacian fallback,,,,0.022397457872745132,0.004651754081278878,0.09907703172230613,0.0606371686241425,0.04146703316149308,-0.013474279306037366,0.022099585519720213,0.009597728043563498,3.9216815735080535,0.9946789658783475,0.9983794740868204,0.9995277141203054,0.027057872127633633,0.005254338062175473,0.10811143610021322,0.07430579679612812,0.04424856688814229,-0.02049334121659537,0.026932719394461534,0.011696731415663342,3.921681574828069,0.99483131616212,0.9983915017408025,0.9995517694282695,0.027057872127633633,0.005254338062175473,0.10811143610021322,0.07430579679612812,0.04424856688814229,-0.02049334121659537,0.026932719394461534,0.011696731415663342,3.921681574828069,0.99483131616212,0.9983915017408025,0.9995517694282695,0.02761774437463329,0.0053772544448640065,0.10919007164288073,0.07472815495160598,0.045111309400525434,-0.020322930941258425,0.02753939298529997,0.011960206408480905,4.027416931218788,0.994863389906072,0.9983947091151977,0.9995597878642575,0.01850636077864448,0.0043186015100550885,0.09384620065047718,0.05089058929296877,0.03921838303895519,0.00035061811287865545,0.017934682237846222,0.0077889335305848795,3.9216815718886835,0.9945033621302097,0.9983498058736647,0.999505262499539,0.0075819166377186775,0.05943960975855589,0.017541740089654922,ok,
759xd9YjKW5,fc30206582bb494190095c4439e2da29,fc30206582bb494190095c4439e2da29_i2_0,2,0,/mnt/priorbimda-data/PriorBIMDA-Datasets/Matterport3D/v1/scans/759xd9YjKW5/undistorted_color_images/fc30206582bb494190095c4439e2da29_i2_0.jpg,/mnt/priorbimda-data/PriorBIMDA-Datasets/Matterport3D/v1/scans/759xd9YjKW5/undistorted_depth_images/fc30206582bb494190095c4439e2da29_d2_0.png,1024,1280,406,504,1.4165615917841592,1211119,0.9240104675292968,-12.116700172424316,-10.280099868774414,1.6360599994659424,True,204624,1.0,True,,1.0,204624,1.026467204093933,0.026123007715545443,1.059497078553995,0.031671333625081094,log-depth Laplacian fallback,,,,0.05970279941171851,0.008260700786567956,0.11933197189184201,0.10751136303012765,0.07618077139707387,-0.05542886856550309,0.061803244238420645,0.02684080793646501,5.226041006537751,0.9768660222488459,0.9998191754897743,1.0,0.037338320582558114,0.004806713255852332,0.08698944140757098,0.06359066799372463,0.059916474805602506,-0.029305860817999446,0.03817546445395123,0.01657939355644476,5.226041020549346,0.9780583080605622,1.0,1.0,0.037338320582558114,0.004806713255852332,0.08698944140757098,0.06359066799372463,0.059916474805602506,-0.029305860817999446,0.03817546445395123,0.01657939355644476,5.226041020549346,0.9780583080605622,1.0,1.0,0.04034586715762874,0.005288587611076443,0.09111328510185125,0.06821298752236354,0.06341107762853158,-0.033154134740416265,0.04143523112690957,0.017995092234802685,5.405338209239068,0.9764845568437123,0.9999983486346098,1.0,0.022991058139625944,0.0039034497469329025,0.07845847441855461,0.03850851227340564,0.05231391879656435,0.002365510051953493,0.022933579141572513,0.009959926871476453,5.226041008304121,0.9796196740369856,1.0,1.0,0.008017473854124546,0.05822025518864393,0.01743762381374836,ok,
759xd9YjKW5,fc30206582bb494190095c4439e2da29,fc30206582bb494190095c4439e2da29_i2_1,2,1,/mnt/priorbimda-data/PriorBIMDA-Datasets/Matterport3D/v1/scans/759xd9YjKW5/undistorted_color_images/fc30206582bb494190095c4439e2da29_i2_1.jpg,/mnt/priorbimda-data/PriorBIMDA-Datasets/Matterport3D/v1/scans/759xd9YjKW5/undistorted_depth_images/fc30206582bb494190095c4439e2da29_d2_1.png,1024,1280,406,504,1.4165615917841592,1225263,0.9348014831542969,-12.112600326538086,-10.266200065612793,1.6360900402069092,True,204624,1.0,True,,1.0,204624,1.1577568054199219,0.1464843445043303,1.2501446061763903,0.07677488506000496,log-depth Laplacian fallback,,,,0.19314320945165422,0.06138611696491122,0.32416296707308867,0.3055077035867579,0.2181610552210793,-0.21367070070647248,0.21516073946059422,0.09344312186995933,4.40349596886368,0.49835586319018854,1.0,1.0,0.06992642937098902,0.010079757141765911,0.13219573707525897,0.11446734790643072,0.08033109066236196,-0.06718635625434378,0.07248884332914374,0.031481504657396485,4.4034959523871695,0.9959567864205481,0.9999942869408446,1.0,0.06992642937098902,0.010079757141765911,0.13219573707525897,0.11446734790643072,0.08033109066236196,-0.06718635625434378,0.07248884332914374,0.031481504657396485,4.4034959523871695,0.9959567864205481,0.9999942869408446,1.0,0.07257597048574647,0.010257425909953582,0.13169896101079961,0.11483369805409395,0.08276596509335883,-0.07083162511270669,0.07540627669427627,0.03274852986919397,4.281455198560501,0.9987472077423377,0.9999771477633781,1.0,0.030100747739237776,0.0032233974110088964,0.06997115061628931,0.04048597740573204,0.04506681131851438,0.009588524641795045,0.029309151989468655,0.012728802978289953,4.403495972079758,0.9899441997350773,0.9995078607613223,1.0,0.00898424070328474,0.0585543904453516,0.017488671466708183,ok,
759xd9YjKW5,fc30206582bb494190095c4439e2da29,fc30206582bb494190095c4439e2da29_i2_2,2,2,/mnt/priorbimda-data/PriorBIMDA-Datasets/Matterport3D/v1/scans/759xd9YjKW5/undistorted_color_images/fc30206582bb494190095c4439e2da29_i2_2.jpg,/mnt/priorbimda-data/PriorBIMDA-Datasets/Matterport3D/v1/scans/759xd9YjKW5/undistorted_depth_images/fc30206582bb494190095c4439e2da29_d2_2.png,1024,1280,406,504,1.4165615917841592,1244971,0.9498374938964844,-12.098400115966797,-10.262800216674805,1.6363699436187744,True,204624,1.0,True,,1.0,204624,0.9820957779884338,-0.018066441790652994,1.1915887272237846,0.19335392340130456,log-depth Laplacian fallback,,,,0.159181238891405,0.05785741266415629,0.3556233948739573,0.33625787568496174,0.18087559984777882,-0.1643242432097827,0.17204681994797888,0.07471898453240959,7.5587867504156945,0.9058765224250204,0.9963605577961254,0.9979212367195702,0.1738349126555013,0.06773222773604273,0.38902303657137494,0.3699630843606231,0.19743324862238587,-0.18239068496214506,0.18970906472708152,0.08238959997799833,7.558786741685722,0.8075569631742426,0.9965244170346137,0.9979943307916409,0.1738349126555013,0.06773222773604273,0.38902303657137494,0.3699630843606231,0.19743324862238587,-0.18239068496214506,0.18970906472708152,0.08238959997799833,7.558786741685722,0.8075569631742426,0.9965244170346137,0.9979943307916409,0.16980044599806157,0.06429729626220285,0.37506448980458235,0.3570098172854584,0.19410336030247255,-0.17748768676644652,0.1849867884833284,0.08033874146331352,7.857630385177987,0.7928168607943478,0.9964352583313185,0.9979509562873352,0.04355700993866022,0.0201103321142278,0.20209433468385063,0.10452929482681068,0.076378785695538,0.010963265387629971,0.040731041831075135,0.01768926670940646,7.558786752095416,0.9902712593305386,0.9944769797850713,0.9968111707019681,0.008159186691045761,0.05778085719794035,0.017528620548546314,ok,
759xd9YjKW5,fc30206582bb494190095c4439e2da29,fc30206582bb494190095c4439e2da29_i2_3,2,3,/mnt/priorbimda-data/PriorBIMDA-Datasets/Matterport3D/v1/scans/759xd9YjKW5/undistorted_color_images/fc30206582bb494190095c4439e2da29_i2_3.jpg,/mnt/priorbimda-data/PriorBIMDA-Datasets/Matterport3D/v1/scans/759xd9YjKW5/undistorted_depth_images/fc30206582bb494190095c4439e2da29_d2_3.png,1024,1280,406,504,1.4165615917841592,1214707,0.9267478942871094,-12.088399887084961,-10.27340030670166,1.6366000175476074,True,198639,0.9707512315270936,True,,1.0,198639,1.0244643688201904,0.024169908999956507,1.0150154575604045,0.00926606749861659,log-depth Laplacian fallback,,,,0.029912590126254576,0.028170861975299923,0.1644057626328333,0.04212773543980386,0.08134164392958076,-0.011358079291553877,0.025147799417692147,0.010921550519113518,8.054475198281686,0.9938553083171497,0.9960476065421537,0.9971787435159261,0.027178555142228382,0.029793291039697162,0.1689559852666258,0.04001520094018664,0.08155734208333333,0.012811829643982043,0.021777710242711565,0.009457939386897563,8.054475196356021,0.9935976330094418,0.9958187447672566,0.997126055913072,0.027178555142228382,0.029793291039697162,0.1689559852666258,0.04001520094018664,0.08155734208333333,0.012811829643982043,0.021777710242711565,0.009457939386897563,8.054475196356021,0.9935976330094418,0.9958187447672566,0.997126055913072,0.03135929052377069,0.029506848380220798,0.16881413121288077,0.044162138556998194,0.08321826525424358,0.012675469761048249,0.02595693890165453,0.011272955332088417,8.224726219311131,0.9935679962328364,0.9957372436315918,0.9971491067393207,0.025004351363068073,0.028932966442220088,0.1657793365495502,0.036068863987272305,0.0806227615943545,0.0035457872017337177,0.01984251487336433,0.008617494716585333,8.054475203400992,0.993700538483766,0.9959109480722512,0.9971433440327585,0.009834845550358295,0.058133662678301334,0.017443494871258736,ok,
759xd9YjKW5,fc30206582bb494190095c4439e2da29,fc30206582bb494190095c4439e2da29_i2_4,2,4,/mnt/priorbimda-data/PriorBIMDA-Datasets/Matterport3D/v1/scans/759xd9YjKW5/undistorted_color_images/fc30206582bb494190095c4439e2da29_i2_4.jpg,/mnt/priorbimda-data/PriorBIMDA-Datasets/Matterport3D/v1/scans/759xd9YjKW5/undistorted_depth_images/fc30206582bb494190095c4439e2da29_d2_4.png,1024,1280,406,504,1.4165615917841592,1246871,0.9512870788574219,-12.092599868774414,-10.287300109863281,1.6365699768066406,True,199330,0.9741281570099304,True,,1.0,199330,1.044925332069397,0.043945430298747826,0.9975691583142441,0.04637923127684119,log-depth Laplacian fallback,,,,0.04520563991206437,0.02134290632604906,0.1975538145125162,0.08545042725446415,0.12208193590528534,-0.003749810868031564,0.04734293545350415,0.02056077562455867,12.202433360947394,0.9550113844976745,0.9674248579043061,0.9987296199847459,0.07280160196632528,0.02966248723646957,0.24377806357719428,0.1482560611525918,0.12847422235647918,0.04019561940803704,0.07248922226933835,0.031481669229031985,12.202433359992709,0.9508882635011962,0.9664327745211814,0.998521098012545,0.07280160196632528,0.02966248723646957,0.24377806357719428,0.1482560611525918,0.12847422235647918,0.04019561940803704,0.07248922226933835,0.031481669229031985,12.202433359992709,0.9508882635011962,0.9664327745211814,0.998521098012545,0.07550630691812397,0.030577714010617405,0.24730345739003956,0.15350708757483036,0.12991040421060907,0.04256120280726645,0.07494082072557627,0.03254638491041864,12.274060916323728,0.9502145771294704,0.9660550289484638,0.998517087974618,0.04500649779161804,0.021138225022674217,0.1961228475376289,0.0845313423877783,0.12218091190099202,-0.006183626426632139,0.04725353686533064,0.02052195031102499,12.20243336272476,0.9552295305609001,0.9674649582835755,0.9986069128241815,0.008115461096167564,0.059094843454658985,0.017514280043542385,ok,
759xd9YjKW5,fc30206582bb494190095c4439e2da29,fc30206582bb494190095c4439e2da29_i2_5,2,5,/mnt/priorbimda-data/PriorBIMDA-Datasets/Matterport3D/v1/scans/759xd9YjKW5/undistorted_color_images/fc30206582bb494190095c4439e2da29_i2_5.jpg,/mnt/priorbimda-data/PriorBIMDA-Datasets/Matterport3D/v1/scans/759xd9YjKW5/undistorted_depth_images/fc30206582bb494190095c4439e2da29_d2_5.png,1024,1280,406,504,1.4165615917841592,1252184,0.955340576171875,-12.10669994354248,-10.29069995880127,1.6362899541854858,True,204624,1.0,True,,1.0,204624,1.044925332069397,0.043945430298747826,1.0243439551261257,0.01989306640322685,log-depth Laplacian fallback,,,,0.033487384051033096,0.009423926005400063,0.13182251684317883,0.06982366934847178,0.058507082061961854,-0.01280228303762393,0.03234938978402283,0.014049161476138545,5.7089230161473585,0.9905636871258537,0.9956771528784907,0.9988100790299189,0.03526533086941392,0.012841718837983126,0.16188621833747996,0.08500826385851318,0.06503134486173769,0.03114314726936205,0.03283317516306079,0.01425926679668021,5.708923009364448,0.9871600339886151,0.9953561137979722,0.9983748394804597,0.03526533086941392,0.012841718837983126,0.16188621833747996,0.08500826385851318,0.06503134486173769,0.03114314726936205,0.03283317516306079,0.01425926679668021,5.708923009364448,0.9871600339886151,0.9953561137979722,0.9983748394804597,0.03796863383393126,0.013435514056783528,0.16526723502479598,0.09045560065132272,0.06672056346121515,0.03204959548399815,0.03541876934778875,0.01538217608354869,5.851886036052072,0.9867016349034966,0.995314586354721,0.9982278962197249,0.026934904121073924,0.010116117359606028,0.13872013319601412,0.06058017061808663,0.05818715312497328,0.01125009289827055,0.02509590800701798,0.01089901436579955,5.708923014518037,0.988847485673032,0.9954591338014221,0.9986000459996295,0.007576139643788338,0.05954129435122013,0.017457006499171257,ok,
759xd9YjKW5,fffe7407b0324ceca095d418d02e2ea3,fffe7407b0324ceca095d418d02e2ea3_i0_0,0,0,/mnt/priorbimda-data/PriorBIMDA-Datasets/Matterport3D/v1/scans/759xd9YjKW5/undistorted_color_images/fffe7407b0324ceca095d418d02e2ea3_i0_0.jpg,/mnt/priorbimda-data/PriorBIMDA-Datasets/Matterport3D/v1/scans/759xd9YjKW5/undistorted_depth_images/fffe7407b0324ceca095d418d02e2ea3_d0_0.png,1024,1280,406,504,1.4155678118069965,1214575,0.9266471862792969,-3.2681000232696533,5.966989994049072,1.581220030784607,True,204624,1.0,True,,1.0,204624,1.1134039163589478,0.10742191423813428,1.0068243639602503,0.10062073084761032,log-depth Laplacian fallback,,,,0.07567483255063842,0.011004972473200161,0.11936580961331075,0.09935904341982855,0.0929475964697658,-0.0049493823929783924,0.0754949196766304,0.032787027027289806,9.281572767281682,0.9883942943004754,1.0,1.0,0.12206304357514666,0.03154102674626696,0.21341563747238032,0.17068780652870597,0.13825837813017383,0.10247253201944108,0.11204526693721199,0.04866064115420804,9.281572767969202,0.8898981125084906,0.9995191733734022,1.0,0.12206304357514666,0.03154102674626696,0.21341563747238032,0.17068780652870597,0.13825837813017383,0.10247253201944108,0.11204526693721199,0.04866064115420804,9.281572767969202,0.8898981125084906,0.9995191733734022,1.0,0.11892493631120697,0.030711119702643185,0.20933370200956816,0.1651201408410395,0.13695095226294288,0.09959415068267338,0.10908174760668897,0.04737360106194826,9.400302375734414,0.8849869295844225,0.9993849700512525,1.0,0.07602701252479857,0.011204168375891213,0.12067262398247047,0.1000855244926821,0.09283419900270992,0.0018518111499271845,0.07533141511614268,0.032716017898904014,9.28157276539906,0.9861507111541074,1.0,1.0,0.009023349732160568,0.05871760845184326,0.017459033988416195,ok,
759xd9YjKW5,fffe7407b0324ceca095d418d02e2ea3,fffe7407b0324ceca095d418d02e2ea3_i0_1,0,1,/mnt/priorbimda-data/PriorBIMDA-Datasets/Matterport3D/v1/scans/759xd9YjKW5/undistorted_color_images/fffe7407b0324ceca095d418d02e2ea3_i0_1.jpg,/mnt/priorbimda-data/PriorBIMDA-Datasets/Matterport3D/v1/scans/759xd9YjKW5/undistorted_depth_images/fffe7407b0324ceca095d418d02e2ea3_d0_1.png,1024,1280,406,504,1.4155678118069965,1241622,0.9472824096679687,-3.263969898223877,5.95304012298584,1.5809400081634521,True,204624,1.0,True,,1.0,204624,1.0817859172821045,0.07861330251327818,1.1012599809767756,0.017841659029930193,log-depth Laplacian fallback,,,,0.09786422522781878,0.020492399351486324,0.1827643483963844,0.16262113702417588,0.12697160446474992,-0.1048751467376987,0.10544405150570979,0.04579376971845206,7.1575079022653325,0.9482902203730282,1.0,1.0,0.061790970274051275,0.008943459581933867,0.13178698565039795,0.11339429931046117,0.07624091023056671,-0.026261844308199504,0.0636051448702735,0.02762336343781668,7.157507894733489,0.9997857641053396,1.0,1.0,0.061790970274051275,0.008943459581933867,0.13178698565039795,0.11339429931046117,0.07624091023056671,-0.026261844308199504,0.0636051448702735,0.02762336343781668,7.157507894733489,0.9997857641053396,1.0,1.0,0.05443630304667305,0.007138847109971392,0.11503908718188269,0.09646895576550808,0.0696322011319196,-0.028592899506996675,0.056178650705557595,0.024398078002193867,6.3490861801198575,0.999765629152834,1.0,1.0,0.06198169558297207,0.009568378676517424,0.14609930397315188,0.12300051463842544,0.07206866154856094,-0.008420216209592211,0.06269452442665517,0.02722788600404497,7.15750790176633,0.9997664345509342,1.0,1.0,0.008701086975634098,0.05747631844133139,0.017446967773139477,ok,
759xd9YjKW5,fffe7407b0324ceca095d418d02e2ea3,fffe7407b0324ceca095d418d02e2ea3_i0_2,0,2,/mnt/priorbimda-data/PriorBIMDA-Datasets/Matterport3D/v1/scans/759xd9YjKW5/undistorted_color_images/fffe7407b0324ceca095d418d02e2ea3_i0_2.jpg,/mnt/priorbimda-data/PriorBIMDA-Datasets/Matterport3D/v1/scans/759xd9YjKW5/undistorted_depth_images/fffe7407b0324ceca095d418d02e2ea3_d0_2.png,1024,1280,406,504,1.4155678118069965,1226275,0.9355735778808594,-3.273979902267456,5.942490100860596,1.580680012702942,True,204624,1.0,True,,1.0,204624,1.0902704000473022,0.08642573891381691,1.0522941098241168,0.03545309159513276,log-depth Laplacian fallback,,,,0.06497690686634587,0.010792039352269722,0.13377675116456017,0.10572715450219283,0.08538108785560106,-0.05067583760981287,0.06759426687277567,0.02935581711114223,6.871600720319641,0.9922138182707794,0.9994006238404926,0.9997251839921714,0.06326498089071815,0.01281555663758304,0.15477798668261505,0.11414485714894469,0.07745931260399559,0.035749901430797475,0.06088782873531925,0.02644324803481941,6.871600728194105,0.9948787996167254,0.9992750402642148,0.9995319157611465,0.06326498089071815,0.01281555663758304,0.15477798668261505,0.11414485714894469,0.07745931260399559,0.035749901430797475,0.06088782873531925,0.02644324803481941,6.871600728194105,0.9948787996167254,0.9992750402642148,0.9995319157611465,0.05938356991826869,0.012068414370433185,0.1497061000033882,0.10687632529952495,0.07512459164377815,0.03409374583143545,0.05708933006543345,0.02479358102297117,6.694266774506301,0.9950296630038123,0.9992831950418952,0.999562903916332,0.05474200169060574,0.008724599003884514,0.12350738416492026,0.09215696510628277,0.06871664834198116,0.00029683373597002915,0.05441676786225916,0.023632902005589367,6.8716007226036435,0.9955972355303664,0.9993777904629875,0.9995963385048215,0.00837759766727686,0.05780994053930044,0.017486702650785446,ok,
759xd9YjKW5,fffe7407b0324ceca095d418d02e2ea3,fffe7407b0324ceca095d418d02e2ea3_i0_3,0,3,/mnt/priorbimda-data/PriorBIMDA-Datasets/Matterport3D/v1/scans/759xd9YjKW5/undistorted_color_images/fffe7407b0324ceca095d418d02e2ea3_i0_3.jpg,/mnt/priorbimda-data/PriorBIMDA-Datasets/Matterport3D/v1/scans/759xd9YjKW5/undistorted_depth_images/fffe7407b0324ceca095d418d02e2ea3_d0_3.png,1024,1280,406,504,1.4155678118069965,1238545,0.9449348449707031,-3.288130044937134,5.945889949798584,1.5807100534439087,True,204624,1.0,True,,1.0,204624,1.03932785987854,0.03857421564046501,1.0184049678070481,0.020336569340391575,log-depth Laplacian fallback,,,,0.0303556101951294,0.003082165352227838,0.08112649090091471,0.055667418763582,0.039710556610623636,-0.014719481344902129,0.03057885160796177,0.013280226516276186,3.688177294087992,0.9983892389860684,1.0,1.0,0.032948351894425916,0.0046598602764933075,0.10229857985169835,0.06907607124197591,0.04392395157510597,0.023854734304296778,0.0320544558343604,0.013921073289274215,3.68817729135092,0.9962270244520789,1.0,1.0,0.032948351894425916,0.0046598602764933075,0.10229857985169835,0.06907607124197591,0.04392395157510597,0.023854734304296778,0.0320544558343604,0.013921073289274215,3.68817729135092,0.9962270244520789,1.0,1.0,0.028354117947886448,0.003981894954385973,0.09500528209302372,0.060056927004616574,0.04036138005699215,0.02008395820846156,0.027617217722275825,0.011994005262305086,3.5009650423643666,0.9964603627643727,1.0,1.0,0.02765345455539556,0.003093785077777954,0.08291618221620163,0.0544121793603398,0.03704919175527512,0.0035181579099113724,0.0273582882617555,0.011881553626398917,3.688177293244014,0.9975140184652153,1.0,1.0,0.0075288331136107445,0.05753601621836424,0.017485009506344795,ok,
759xd9YjKW5,fffe7407b0324ceca095d418d02e2ea3,fffe7407b0324ceca095d418d02e2ea3_i0_4,0,4,/mnt/priorbimda-data/PriorBIMDA-Datasets/Matterport3D/v1/scans/759xd9YjKW5/undistorted_color_images/fffe7407b0324ceca095d418d02e2ea3_i0_4.jpg,/mnt/priorbimda-data/PriorBIMDA-Datasets/Matterport3D/v1/scans/759xd9YjKW5/undistorted_depth_images/fffe7407b0324ceca095d418d02e2ea3_d0_4.png,1024,1280,406,504,1.4155678118069965,1233123,0.9407981872558594,-3.292259931564331,5.959839820861816,1.580989956855774,True,204624,1.0,True,,1.0,204624,0.9371224045753479,-0.0649413707235327,0.9373741107244695,0.00026855867544164913,log-depth Laplacian fallback,,,,0.07780105264981003,0.017695466310660043,0.18680878063303386,0.14358850544509183,0.0900309962001097,0.05447643643748133,0.0741235856664288,0.03219146423381301,7.16791332945455,0.9900642514980258,0.9984340572676043,1.0,0.05411966116722155,0.008541220225574795,0.12035837836801304,0.08860782439807646,0.0724390293999115,-0.010464934318549862,0.05452973387129713,0.02368196251995717,7.167913315679591,0.9925027754733308,0.9996180429689495,1.0,0.05411966116722155,0.008541220225574795,0.12035837836801304,0.08860782439807646,0.0724390293999115,-0.010464934318549862,0.05452973387129713,0.02368196251995717,7.167913315679591,0.9925027754733308,0.9996180429689495,1.0,0.04977286260231061,0.007583825014065503,0.11275737786814435,0.07993495375009074,0.06841258750950258,-0.012963094275935411,0.050166611037346584,0.021787082349306385,6.717321130137043,0.992797150000446,0.9996285853073862,1.0,0.05413380032254318,0.008545894427374056,0.12043909169125079,0.08868296399242118,0.07240071912091933,-0.010196371052437456,0.054529336594016924,0.023681789984626597,7.167913327173586,0.9925084521171043,0.9996180429689495,1.0,0.00900235679000616,0.05674036592245102,0.017450793646275997,ok,
759xd9YjKW5,fffe7407b0324ceca095d418d02e2ea3,fffe7407b0324ceca095d418d02e2ea3_i0_5,0,5,/mnt/priorbimda-data/PriorBIMDA-Datasets/Matterport3D/v1/scans/759xd9YjKW5/undistorted_color_images/fffe7407b0324ceca095d418d02e2ea3_i0_5.jpg,/mnt/priorbimda-data/PriorBIMDA-Datasets/Matterport3D/v1/scans/759xd9YjKW5/undistorted_depth_images/fffe7407b0324ceca095d418d02e2ea3_d0_5.png,1024,1280,406,504,1.4155678118069965,1186257,0.9050422668457031,-3.2822399139404297,5.9703898429870605,1.5812400579452515,True,204624,1.0,True,,1.0,204624,0.9352938532829285,-0.06689451748354289,0.9348303486998353,0.0004956939139042355,log-depth Laplacian fallback,,,,0.0924521416750577,0.01294796464804215,0.12652087707187692,0.11126235593518179,0.10254774163287858,0.03523537527911098,0.09096338854720266,0.03950489770127158,9.630424519689583,0.9955009749152165,0.9998398323466163,1.0,0.06478127619131922,0.010822466878179662,0.1166856604202753,0.07885186457330748,0.10137459701915308,-0.03165914216539659,0.06837486146785439,0.02969482503638844,9.630424517199067,0.9347392681349825,1.0,1.0,0.06478127619131922,0.010822466878179662,0.1166856604202753,0.07885186457330748,0.10137459701915308,-0.03165914216539659,0.06837486146785439,0.02969482503638844,9.630424517199067,0.9347392681349825,1.0,1.0,0.06549812865748748,0.010596456366328812,0.11518375972221964,0.07924904780640367,0.10007671384087508,-0.030982623934997865,0.0688719343038442,0.02991070102616281,9.516000035356713,0.9394060477619942,1.0,1.0,0.06474748750856965,0.010847143915870083,0.11682553964131132,0.07881692230604924,0.10153048720750478,-0.03215481594837296,0.0683731746530551,0.029694092462029104,9.630424520196165,0.9340522332007314,1.0,1.0,0.009681059047579765,0.05842104274779558,0.017574327997863293,ok,
759xd9YjKW5,fffe7407b0324ceca095d418d02e2ea3,fffe7407b0324ceca095d418d02e2ea3_i1_0,1,0,/mnt/priorbimda-data/PriorBIMDA-Datasets/Matterport3D/v1/scans/759xd9YjKW5/undistorted_color_images/fffe7407b0324ceca095d418d02e2ea3_i1_0.jpg,/mnt/priorbimda-data/PriorBIMDA-Datasets/Matterport3D/v1/scans/759xd9YjKW5/undistorted_depth_images/fffe7407b0324ceca095d418d02e2ea3_d1_0.png,1024,1280,406,504,1.4121168655554452,1227373,0.9364112854003906,-3.275820016860962,5.958280086517334,1.6142699718475342,True,204624,1.0,True,,1.0,204624,1.0681390762329102,0.06591795325182313,0.9756044742895101,0.0906159797101017,log-depth Laplacian fallback,,,,0.07242193251859974,0.011701244397666061,0.12362887014483005,0.09300449292704843,0.10216903010229907,-0.004084463558308948,0.07400088963299421,0.03213817802354094,10.208735411149286,0.9369010072732576,0.9993066492419175,1.0,0.11027857725437723,0.020305364766361047,0.1702013183018204,0.14784481571525673,0.11935329201088297,0.06183348968686478,0.10596627481757198,0.04602056842111501,10.20873540992198,0.9830361267520142,0.9978401023975597,0.9999731133078534,0.11027857725437723,0.020305364766361047,0.1702013183018204,0.14784481571525673,0.11935329201088297,0.06183348968686478,0.10596627481757198,0.04602056842111501,10.20873540992198,0.9830361267520142,0.9978401023975597,0.9999731133078534,0.10937078382757909,0.01999160627649605,0.16873379756805526,0.14628402226870252,0.11832397922917853,0.06263648181775737,0.10490926022686929,0.0455615128170816,10.038543323670433,0.9835151987211711,0.997801809229957,0.9999894082727907,0.06654972570136226,0.011919940191641623,0.125615952326943,0.08613871420621402,0.10606724086701123,-0.028782489779070664,0.06983113890449723,0.030327278291242637,10.208735410058521,0.8902656323709256,0.9991811780119002,1.0,0.009715024381875992,0.05851962883025408,0.017462805844843388,ok,
759xd9YjKW5,fffe7407b0324ceca095d418d02e2ea3,fffe7407b0324ceca095d418d02e2ea3_i1_1,1,1,/mnt/priorbimda-data/PriorBIMDA-Datasets/Matterport3D/v1/scans/759xd9YjKW5/undistorted_color_images/fffe7407b0324ceca095d418d02e2ea3_i1_1.jpg,/mnt/priorbimda-data/PriorBIMDA-Datasets/Matterport3D/v1/scans/759xd9YjKW5/undistorted_depth_images/fffe7407b0324ceca095d418d02e2ea3_d1_1.png,1024,1280,406,504,1.4121168655554452,1144193,0.8729499816894531,-3.27482008934021,5.954919815063477,1.6141999959945679,True,204624,1.0,True,,1.0,204624,1.0330036878585815,0.03247076017815846,1.0694446838753386,0.03466876654287855,log-depth Laplacian fallback,,,,0.07402474228060402,0.035387122838552026,0.39549323802015773,0.2813446875007012,0.1026835939196279,-0.07571350510026902,0.07851174271983469,0.034097216627832015,6.936415216581676,0.9420578521280938,0.9968466858301004,0.9990499854482592,0.04692155915212484,0.023165554506536977,0.3242893646054263,0.18091337883050687,0.08173934557373469,-0.043242745034450705,0.04945603388411507,0.021478482612691426,6.9364152245291,0.9529677248506152,0.9972635735404779,0.9992064275869543,0.04692155915212484,0.023165554506536977,0.3242893646054263,0.18091337883050687,0.08173934557373469,-0.043242745034450705,0.04945603388411507,0.021478482612691426,6.9364152245291,0.9529677248506152,0.9972635735404779,0.9992064275869543,0.04561355847711067,0.024077320731503614,0.33295418860612386,0.17705755360474001,0.08310248590659955,-0.041339924288625776,0.048228229438257275,0.0209452539169991,7.2090455843109105,0.9505232071862002,0.997284549022761,0.9991557368381033,0.03469750006765802,0.017646645374808135,0.28222221898215616,0.13282874833338393,0.06989205355679749,-0.00857400414317716,0.03589887260614759,0.015590682279397706,6.936415214892365,0.97675566971656,0.9975196492200179,0.9991469970538187,0.008312446065247059,0.058851078152656555,0.01747001800686121,ok,
759xd9YjKW5,fffe7407b0324ceca095d418d02e2ea3,fffe7407b0324ceca095d418d02e2ea3_i1_2,1,2,/mnt/priorbimda-data/PriorBIMDA-Datasets/Matterport3D/v1/scans/759xd9YjKW5/undistorted_color_images/fffe7407b0324ceca095d418d02e2ea3_i1_2.jpg,/mnt/priorbimda-data/PriorBIMDA-Datasets/Matterport3D/v1/scans/759xd9YjKW5/undistorted_depth_images/fffe7407b0324ceca095d418d02e2ea3_d1_2.png,1024,1280,406,504,1.4121168655554452,1203726,0.9183700561523438,-3.2772300243377686,5.952380180358887,1.6141400337219238,True,204624,1.0,True,,1.0,204624,1.2579610347747803,0.22949218385163067,0.9119882792547385,0.3216203245363858,log-depth Laplacian fallback,,,,0.10498055006720271,0.03935692799953809,0.3010582912855304,0.2059506729739091,0.11780996882375785,0.06332715044149351,0.09969678478859108,0.04329776349718118,9.934213995689467,0.9731857582207246,0.993811714626086,0.9976738892405747,0.34762957971926844,0.2604231706598377,0.7335803517020627,0.6479473682318835,0.30921193916170986,0.29281933436047347,0.2932832845929929,0.1273713121331978,9.9342139824116,0.19175709422243933,0.9882190797573535,0.9937244854726075,0.34762957971926844,0.2604231706598377,0.7335803517020627,0.6479473682318835,0.30921193916170986,0.29281933436047347,0.2932832845929929,0.1273713121331978,9.9342139824116,0.19175709422243933,0.9882190797573535,0.9937244854726075,0.33957642993714704,0.247044366510613,0.7034893514970636,0.6241892112672185,0.3042527496032923,0.2861023890264056,0.28704523090145867,0.12466215983714823,10.351405042093045,0.19974562317338,0.989351397244888,0.9940426641943433,0.05441939104653508,0.03301192277917254,0.32691139887355625,0.15310438544709534,0.10343287258676225,-0.028801013157975137,0.05615186850620286,0.024386446640800894,9.934213996398274,0.9625654010962628,0.9950345842824696,0.9984024603605804,0.008136951364576817,0.059178498573601246,0.017469100654125214,ok,
759xd9YjKW5,fffe7407b0324ceca095d418d02e2ea3,fffe7407b0324ceca095d418d02e2ea3_i1_3,1,3,/mnt/priorbimda-data/PriorBIMDA-Datasets/Matterport3D/v1/scans/759xd9YjKW5/undistorted_color_images/fffe7407b0324ceca095d418d02e2ea3_i1_3.jpg,/mnt/priorbimda-data/PriorBIMDA-Datasets/Matterport3D/v1/scans/759xd9YjKW5/undistorted_depth_images/fffe7407b0324ceca095d418d02e2ea3_d1_3.png,1024,1280,406,504,1.4121168655554452,1272907,0.9711509704589844,-3.280639886856079,5.953199863433838,1.6141400337219238,True,204624,1.0,True,,1.0,204624,1.0209687948226929,0.02075197536844018,0.9943425884933943,0.02642545064240154,log-depth Laplacian fallback,,,,0.03041635312610368,0.005673522055498881,0.11765791923964307,0.0734061749983748,0.05041885860331939,-0.0025400330608996934,0.03088454312535604,0.013412986655445148,5.035483626138656,0.9984900703664918,0.9999222252686174,1.0,0.04215528374212333,0.006854826274277636,0.13076556114118731,0.10529286711107602,0.053547029734146254,0.018211942405584373,0.0418835693464825,0.018189803049589535,5.035483638306474,0.9980116379279869,0.9999222252686174,1.0,0.04215528374212333,0.006854826274277636,0.13076556114118731,0.10529286711107602,0.053547029734146254,0.018211942405584373,0.0418835693464825,0.018189803049589535,5.035483638306474,0.9980116379279869,0.9999222252686174,1.0,0.043983693976843534,0.007115693348803952,0.13262357848287193,0.10849848662845951,0.054306627757935294,0.021157542976800132,0.04352683910737551,0.01890346603902383,5.00156794777778,0.9978937974258921,0.9999222252686174,1.0,0.02937023758669729,0.005767863483073271,0.11911328190482022,0.07124464260204295,0.0510203060851289,-0.008213531368953638,0.030007214276208494,0.01303196757744583,5.035483626695111,0.9985859139748623,0.9999222252686174,1.0,0.007961289025843143,0.05897057894617319,0.017468983307480812,ok,
759xd9YjKW5,fffe7407b0324ceca095d418d02e2ea3,fffe7407b0324ceca095d418d02e2ea3_i1_4,1,4,/mnt/priorbimda-data/PriorBIMDA-Datasets/Matterport3D/v1/scans/759xd9YjKW5/undistorted_color_images/fffe7407b0324ceca095d418d02e2ea3_i1_4.jpg,/mnt/priorbimda-data/PriorBIMDA-Datasets/Matterport3D/v1/scans/759xd9YjKW5/undistorted_depth_images/fffe7407b0324ceca095d418d02e2ea3_d1_4.png,1024,1280,406,504,1.4121168655554452,1272141,0.9705665588378907,-3.281630039215088,5.956560134887695,1.6142100095748901,True,204624,1.0,True,,1.0,204624,0.9507185816764832,-0.050537178550471226,0.9507660267119434,4.990314963457254e-05,log-depth Laplacian fallback,,,,0.07230709397949142,0.03290283121478879,0.2654216195725816,0.16661203402938152,0.10365843199138329,0.04802030098771303,0.06723243795608899,0.02919867680923217,9.186468971243348,0.9739344931104336,0.9849277713712552,0.9954525481059097,0.03918067486042566,0.0223961428773158,0.20736305029213153,0.07238366983524558,0.0918991615024361,-0.002516877686281395,0.03679505138407435,0.01597988777745008,9.186468968849312,0.9684736204555942,0.9865101431366492,0.9995016275711576,0.03918067486042566,0.0223961428773158,0.20736305029213153,0.07238366983524558,0.0918991615024361,-0.002516877686281395,0.03679505138407435,0.01597988777745008,9.186468968849312,0.9684736204555942,0.9865101431366492,0.9995016275711576,0.03829105489847114,0.022567396567185278,0.20900263378378126,0.07125259420823626,0.09136467793200508,-0.0014727895883774973,0.03580185963133927,0.015548550079765435,9.135280654937418,0.9695175298964501,0.9862672455333175,0.9995432896196255,0.039182546262660475,0.022399801674005775,0.20738502360519662,0.07240019305549403,0.09189780831563274,-0.0024669741339719596,0.03679496748799116,0.01597985134184413,9.18646896899951,0.9684806951430698,0.9865085709838768,0.9995016275711576,0.009247240610420704,0.05736070033162832,0.017469395883381367,ok,
759xd9YjKW5,fffe7407b0324ceca095d418d02e2ea3,fffe7407b0324ceca095d418d02e2ea3_i1_5,1,5,/mnt/priorbimda-data/PriorBIMDA-Datasets/Matterport3D/v1/scans/759xd9YjKW5/undistorted_color_images/fffe7407b0324ceca095d418d02e2ea3_i1_5.jpg,/mnt/priorbimda-data/PriorBIMDA-Datasets/Matterport3D/v1/scans/759xd9YjKW5/undistorted_depth_images/fffe7407b0324ceca095d418d02e2ea3_d1_5.png,1024,1280,406,504,1.4121168655554452,1198821,0.9146278381347657,-3.2792201042175293,5.959099769592285,1.6142699718475342,True,204624,1.0,True,,1.0,204624,1.08443021774292,0.08105470411812589,0.8695987763852552,0.22077805439492576,log-depth Laplacian fallback,,,,0.14288317484395577,0.023991788300654928,0.14687448622839225,0.13101791607648267,0.15152885186861229,0.07872294869264568,0.13329079880632352,0.05788745841006283,12.947467048714556,0.974326442396321,1.0,1.0,0.19205621252546187,0.04828968356355818,0.2061454266230352,0.17181390844864078,0.20565161959974892,0.1597776528594573,0.1690057966132091,0.07339828487877997,12.94746704599884,0.5009396732289474,0.9995353768410797,1.0,0.19205621252546187,0.04828968356355818,0.2061454266230352,0.17181390844864078,0.20565161959974892,0.1597776528594573,0.1690057966132091,0.07339828487877997,12.94746704599884,0.5009396732289474,0.9995353768410797,1.0,0.1894010110447004,0.04762057210674765,0.2043190524818543,0.16870157647883896,0.20444130590242074,0.15747811148144905,0.1666108075442472,0.0723581543419112,13.037212878266383,0.5004608694709218,0.9999783120248978,1.0,0.11189241572334101,0.01907125990836248,0.14738795495067353,0.11977849534774146,0.14312489354241012,-0.061000367656599684,0.11956573131915829,0.05192673733663729,12.94746704853343,0.7881385127554489,1.0,1.0,0.008164476603269577,0.05728416331112385,0.017453615553677082,ok,
759xd9YjKW5,fffe7407b0324ceca095d418d02e2ea3,fffe7407b0324ceca095d418d02e2ea3_i2_0,2,0,/mnt/priorbimda-data/PriorBIMDA-Datasets/Matterport3D/v1/scans/759xd9YjKW5/undistorted_color_images/fffe7407b0324ceca095d418d02e2ea3_i2_0.jpg,/mnt/priorbimda-data/PriorBIMDA-Datasets/Matterport3D/v1/scans/759xd9YjKW5/undistorted_depth_images/fffe7407b0324ceca095d418d02e2ea3_d2_0.png,1024,1280,406,504,1.4165615917841592,1134027,0.8651939392089844,-3.268320083618164,5.965590000152588,1.6476999521255493,True,204624,1.0,True,,1.0,204624,1.1375834941864014,0.12890627063176208,1.111526060345234,0.02317237037992953,log-depth Laplacian fallback,,,,0.10201799622879322,0.013980650286805939,0.13367104978243471,0.12723252351556874,0.11652043119621777,-0.10476065099906295,0.10818766803753935,0.04698530723868414,5.101192888339989,0.9953960531803916,1.0,1.0,0.042634917314566,0.004971501355512269,0.08769994995111409,0.06045578256572633,0.05643782273779374,0.0241456197748355,0.04136621946680233,0.017965120851631128,5.101192881152114,0.9945839032051265,1.0,1.0,0.042634917314566,0.004971501355512269,0.08769994995111409,0.06045578256572633,0.05643782273779374,0.0241456197748355,0.04136621946680233,0.017965120851631128,5.101192881152114,0.9945839032051265,1.0,1.0,0.0423237779251215,0.004913196732257309,0.08654974177726632,0.05943041364767449,0.05631946892608925,0.026918562985760393,0.04098265150006373,0.017798539400241706,4.946992568114878,0.9941235967044877,1.0,1.0,0.03667143669903894,0.003451305014665749,0.06907388605489401,0.04745772698282542,0.05102121147954463,0.0009732061085749671,0.036301797575589864,0.015765670370247526,5.101192890599854,0.9949560283838039,1.0,1.0,0.009416013956069946,0.05952207278460264,0.01745043508708477,ok,
759xd9YjKW5,fffe7407b0324ceca095d418d02e2ea3,fffe7407b0324ceca095d418d02e2ea3_i2_1,2,1,/mnt/priorbimda-data/PriorBIMDA-Datasets/Matterport3D/v1/scans/759xd9YjKW5/undistorted_color_images/fffe7407b0324ceca095d418d02e2ea3_i2_1.jpg,/mnt/priorbimda-data/PriorBIMDA-Datasets/Matterport3D/v1/scans/759xd9YjKW5/undistorted_depth_images/fffe7407b0324ceca095d418d02e2ea3_d2_1.png,1024,1280,406,504,1.4165615917841592,1209685,0.9229164123535156,-3.2641899585723877,5.9516401290893555,1.647420048713684,True,204624,1.0,True,,1.0,204624,1.129281997680664,0.1215820304893399,1.0769696259249641,0.04743083519657036,log-depth Laplacian fallback,,,,0.06971862546536244,0.012161578487070947,0.16758152753521563,0.15608325723690453,0.07743433369011185,-0.06956005102025647,0.07231265225795343,0.03140498584741789,3.402168920102158,0.9978358002289852,0.9996263490082129,1.0,0.054607211490406794,0.010622437297447725,0.164339306508801,0.13285891637005598,0.06215916398978967,0.05202197934025311,0.052616697508968586,0.02285114138411763,3.4021689161942614,0.9948928853379185,0.9993659506400426,0.9998726941311168,0.054607211490406794,0.010622437297447725,0.164339306508801,0.13285891637005598,0.06215916398978967,0.05202197934025311,0.052616697508968586,0.02285114138411763,3.4021689161942614,0.9948928853379185,0.9993659506400426,0.9998726941311168,0.055415253884641226,0.011476358306414764,0.1711302490499948,0.1357883817410858,0.06437335872267476,0.05263678467166581,0.05327237251747059,0.023135897422231932,3.7058038435228244,0.9948027792359168,0.9993510707332901,0.9998652541777405,0.02104793166490283,0.0030365919209634287,0.0832576294171073,0.04684329207969363,0.03433007315653088,0.004591142069814142,0.020667965961329728,0.008975983569169732,3.4021689220665468,0.9959286921801956,0.9994428301582643,1.0,0.007775668054819107,0.05795923061668873,0.017488496378064156,ok,
759xd9YjKW5,fffe7407b0324ceca095d418d02e2ea3,fffe7407b0324ceca095d418d02e2ea3_i2_2,2,2,/mnt/priorbimda-data/PriorBIMDA-Datasets/Matterport3D/v1/scans/759xd9YjKW5/undistorted_color_images/fffe7407b0324ceca095d418d02e2ea3_i2_2.jpg,/mnt/priorbimda-data/PriorBIMDA-Datasets/Matterport3D/v1/scans/759xd9YjKW5/undistorted_depth_images/fffe7407b0324ceca095d418d02e2ea3_d2_2.png,1024,1280,406,504,1.4165615917841592,1228999,0.9376518249511718,-3.274209976196289,5.941090106964111,1.6471699476242065,True,204624,1.0,True,,1.0,204624,1.1532431840896606,0.1425781332624427,1.0857704167396303,0.06028833673324353,log-depth Laplacian fallback,,,,0.09545382457478413,0.02159649468350131,0.1930854467981903,0.16234370111038568,0.11619315599121859,-0.08404081046234822,0.09857712136256278,0.04281149984966817,8.023709663261327,0.9855964081337739,0.992712768684108,0.9994312444517855,0.07464765975985942,0.024380654067368873,0.20887407614490783,0.13777750232468572,0.09932074209712098,0.058537322650682455,0.06920341781000694,0.03005466248373122,8.02370965801525,0.9800479902750124,0.9876509256720306,0.9978234319149161,0.07464765975985942,0.024380654067368873,0.20887407614490783,0.13777750232468572,0.09932074209712098,0.058537322650682455,0.06920341781000694,0.03005466248373122,8.02370965801525,0.9800479902750124,0.9876509256720306,0.9978234319149161,0.07485900618781398,0.0247186415655629,0.2080914847781658,0.13702932724764627,0.10084096477132984,0.05961390778589756,0.06922841675768494,0.03006551938876118,8.133315544417963,0.9802896503577302,0.9878047093610328,0.996963382394941,0.04419836489527764,0.013893696897403367,0.1485382430441377,0.0668696740038791,0.0802562015140853,-0.0017510583090290979,0.04211726599829031,0.01829129621590894,8.02370966340872,0.9831106453300613,0.9890374198839869,0.9992009757534384,0.007624076679348946,0.05779463890939951,0.017494944855570793,ok,
759xd9YjKW5,fffe7407b0324ceca095d418d02e2ea3,fffe7407b0324ceca095d418d02e2ea3_i2_3,2,3,/mnt/priorbimda-data/PriorBIMDA-Datasets/Matterport3D/v1/scans/759xd9YjKW5/undistorted_color_images/fffe7407b0324ceca095d418d02e2ea3_i2_3.jpg,/mnt/priorbimda-data/PriorBIMDA-Datasets/Matterport3D/v1/scans/759xd9YjKW5/undistorted_depth_images/fffe7407b0324ceca095d418d02e2ea3_d2_3.png,1024,1280,406,504,1.4165615917841592,1221911,0.9322441101074219,-3.2883501052856445,5.9444899559021,1.647189974784851,True,204624,1.0,True,,1.0,204624,1.048758864402771,0.04760743111423353,1.000477989226528,0.04712955608816617,log-depth Laplacian fallback,,,,0.06874961888522402,0.024009933354835963,0.1832710099936484,0.09966630253393856,0.10895728140130075,-0.0010649594019230004,0.06445680296836087,0.027993233850284262,10.895207676696435,0.9663829853401762,0.9763820769270429,0.9993919360739039,0.07742110448425366,0.033528073878060935,0.2345857091866592,0.1399428485800439,0.11847681926275988,0.04654247173377834,0.06969149475534016,0.030266631607833657,10.89520767472154,0.9638803480777242,0.974339374962661,0.9961257407454389,0.07742110448425366,0.033528073878060935,0.2345857091866592,0.1399428485800439,0.11847681926275988,0.04654247173377834,0.06969149475534016,0.030266631607833657,10.89520767472154,0.9638803480777242,0.974339374962661,0.9961257407454389,0.07864054909274684,0.03487181098049929,0.23837480048907836,0.14247101333307333,0.12062559201634673,0.0515583501801314,0.07052074809625963,0.03062677175789481,10.90516848838067,0.9637436769126393,0.9741143176548864,0.9955888767676205,0.06878190448613726,0.0240610556474434,0.18359817589642324,0.09997117753292714,0.10895365829390125,-0.0005870443568344698,0.0644562244229023,0.027992982591184074,10.895207677941391,0.9663518865121928,0.9763526148794798,0.9993894809032736,0.007654528133571148,0.05926407594233751,0.01751670055091381,ok,
759xd9YjKW5,fffe7407b0324ceca095d418d02e2ea3,fffe7407b0324ceca095d418d02e2ea3_i2_4,2,4,/mnt/priorbimda-data/PriorBIMDA-Datasets/Matterport3D/v1/scans/759xd9YjKW5/undistorted_color_images/fffe7407b0324ceca095d418d02e2ea3_i2_4.jpg,/mnt/priorbimda-data/PriorBIMDA-Datasets/Matterport3D/v1/scans/759xd9YjKW5/undistorted_depth_images/fffe7407b0324ceca095d418d02e2ea3_d2_4.png,1024,1280,406,504,1.4165615917841592,1231089,0.9392463684082031,-3.292479991912842,5.958439826965332,1.6474699974060059,True,204624,1.0,True,,1.0,204624,1.037806510925293,0.03710936170836192,1.0475910714271552,0.009383949023151816,log-depth Laplacian fallback,,,,0.07444500168039035,0.020636766025347662,0.17447985997304727,0.1061608888193391,0.11193469037251437,-0.05166063604793304,0.07473143613953712,0.03245545034010623,9.93003202004589,0.978612431757574,0.9881495164037694,0.9979782127855906,0.05691590954231416,0.019775123661459986,0.172283349078263,0.08391624884040298,0.10036081491127377,-0.01455127439450846,0.054851354381536335,0.023821640532820987,9.930032015633522,0.9768400172530175,0.9868587892508178,0.9970619508418969,0.05691590954231416,0.019775123661459986,0.172283349078263,0.08391624884040298,0.10036081491127377,-0.01455127439450846,0.054851354381536335,0.023821640532820987,9.930032015633522,0.9768400172530175,0.9868587892508178,0.9970619508418969,0.057317569129821735,0.020292805085273632,0.17610729080692286,0.08727156165705516,0.1002256890419304,-0.010793128160279325,0.055036855919149454,0.023902202826990945,9.964284785395042,0.976569525030278,0.9866297237648943,0.9967337861031981,0.05675081667793773,0.02032957707134886,0.17638610869729843,0.0875861208163941,0.09943467531945847,-0.005167307376474411,0.05415399896368804,0.023518782922924145,9.930032019265173,0.9762974082296243,0.9865517440250055,0.9966907347884678,0.007640352472662926,0.059020236134529114,0.017453042790293694,ok,
759xd9YjKW5,fffe7407b0324ceca095d418d02e2ea3,fffe7407b0324ceca095d418d02e2ea3_i2_5,2,5,/mnt/priorbimda-data/PriorBIMDA-Datasets/Matterport3D/v1/scans/759xd9YjKW5/undistorted_color_images/fffe7407b0324ceca095d418d02e2ea3_i2_5.jpg,/mnt/priorbimda-data/PriorBIMDA-Datasets/Matterport3D/v1/scans/759xd9YjKW5/undistorted_depth_images/fffe7407b0324ceca095d418d02e2ea3_d2_5.png,1024,1280,406,504,1.4165615917841592,1182947,0.9025169372558594,-3.2824699878692627,5.968979835510254,1.6477299928665161,True,204624,1.0,True,,1.0,204624,1.0063985586166382,0.006378174745841486,0.9556883515294209,0.05170158594759709,log-depth Laplacian fallback,,,,0.06313738896405797,0.008316695962520576,0.09309226378852266,0.06741069853971171,0.08282723067001148,0.05299219447821174,0.059581955076654515,0.02587611431079851,6.365671578746955,0.9893689235443346,0.9995063176963972,1.0,0.06766050886470899,0.009249300170811705,0.09846404476312687,0.07236791877345779,0.08704606937819225,0.059370369204330704,0.06368834347334647,0.027659496132033355,6.3656715708042295,0.9891888647589453,0.9986601259397082,1.0,0.06766050886470899,0.009249300170811705,0.09846404476312687,0.07236791877345779,0.08704606937819225,0.059370369204330704,0.06368834347334647,0.027659496132033355,6.3656715708042295,0.9891888647589453,0.9986601259397082,1.0,0.07066056253270799,0.009391719631592913,0.09893930341170715,0.07519975081962949,0.08816386057775832,0.06251526654850406,0.06659351661374266,0.028921196795880996,6.216677376496144,0.9891440613992005,0.9994741945328066,1.0,0.04863496666166921,0.004545805656940476,0.06705055128180021,0.04992541368900548,0.06411698520874935,0.007668789359377342,0.047515367475526406,0.02063566190022637,6.365671576527086,0.9908820936187336,1.0,1.0,0.008321521803736687,0.05840878840535879,0.017470342107117176,ok,
