scene_id,panorama_id,frame_id,camera_index,yaw_index,rgb_path,depth_path,height,width,process_height,process_width,focal_scale,gt_valid_pixels,gt_valid_fraction,camera_x,camera_y,camera_z,camera_in_bim_aabb,bim_hit_pixels,bim_hit_fraction,three_rule_pass,filter_reasons,deterministic_scale,deterministic_scale_support,learned_scale,learned_log_scale,oracle_frame_scale,scale_abs_log_error,confidence_source,round_1_log_scale,round_2_log_scale,round_3_log_scale,raw_abs_rel,raw_sq_rel,raw_rmse_m,raw_mae_m,raw_rmse_log,raw_mean_log_error,raw_mean_abs_log_error,raw_log10_error,raw_silog_x100,raw_delta1,raw_delta2,raw_delta3,scale_abs_rel,scale_sq_rel,scale_rmse_m,scale_mae_m,scale_rmse_log,scale_mean_log_error,scale_mean_abs_log_error,scale_log10_error,scale_silog_x100,scale_delta1,scale_delta2,scale_delta3,scale_low_abs_rel,scale_low_sq_rel,scale_low_rmse_m,scale_low_mae_m,scale_low_rmse_log,scale_low_mean_log_error,scale_low_mean_abs_log_error,scale_low_log10_error,scale_low_silog_x100,scale_low_delta1,scale_low_delta2,scale_low_delta3,final_abs_rel,final_sq_rel,final_rmse_m,final_mae_m,final_rmse_log,final_mean_log_error,final_mean_abs_log_error,final_log10_error,final_silog_x100,final_delta1,final_delta2,final_delta3,oracle_frame_scale_abs_rel,oracle_frame_scale_sq_rel,oracle_frame_scale_rmse_m,oracle_frame_scale_mae_m,oracle_frame_scale_rmse_log,oracle_frame_scale_mean_log_error,oracle_frame_scale_mean_abs_log_error,oracle_frame_scale_log10_error,oracle_frame_scale_silog_x100,oracle_frame_scale_delta1,oracle_frame_scale_delta2,oracle_frame_scale_delta3,bim_render_seconds,da3_inference_seconds,model_inference_seconds,status,error
759xd9YjKW5,013de08029c64d4caa3807ff21822447,013de08029c64d4caa3807ff21822447_i0_0,0,0,/mnt/priorbimda-data/PriorBIMDA-Datasets/Matterport3D/v1/scans/759xd9YjKW5/undistorted_color_images/013de08029c64d4caa3807ff21822447_i0_0.jpg,/mnt/priorbimda-data/PriorBIMDA-Datasets/Matterport3D/v1/scans/759xd9YjKW5/undistorted_depth_images/013de08029c64d4caa3807ff21822447_d0_0.png,1024,1280,406,504,1.4155678118069965,1168765,0.8916969299316406,-6.383389949798584,-13.631799697875977,1.5737500190734863,True,95002,0.4642759402611619,True,,1.0,95002,1.067617654800415,0.0654296753170956,1.131124803538722,0.057782863685429633,log-depth Laplacian fallback,,,,0.1173022966142459,0.02565414024234413,0.21495193078864747,0.2011133421842945,0.13049614789781075,-0.12385157287441427,0.1251017134046673,0.05433098380828912,4.111000501947117,0.9957117127908519,0.9993129499942247,0.9998631033612403,0.06028035946851673,0.008452922154759844,0.1219464053330325,0.10310154731847694,0.0714363395273642,-0.058421897545035184,0.06229285420468971,0.027053442843100527,4.111000477142113,0.9987499625673253,0.9991144498680231,0.9997373295743798,0.05237054019520577,0.009618769128347297,0.13510549615578604,0.09799712334415692,0.07387312332823846,-0.0460894601200117,0.054517232051620124,0.023676533048657692,5.7732140235011045,0.9987593742112401,0.9991324175518603,0.9997612864861627,0.05679424675057381,0.010345984348365702,0.14024530248473718,0.10442040299783602,0.07687539064547241,-0.043160858161822906,0.059018893729872866,0.025631579874918223,6.361576856117508,0.998773063875116,0.9991606524836045,0.9997441744063178,0.026806916551764707,0.0036483107540051176,0.08104580377415324,0.049421722547831295,0.04111497075685006,-0.0006389891568327272,0.026512519992116117,0.011514241133925672,4.111000502546899,0.9986464344842633,0.9989766976252711,0.9996021441436046,0.020724237896502018,0.2512792656198144,0.06796653009951115,ok,
759xd9YjKW5,013de08029c64d4caa3807ff21822447,013de08029c64d4caa3807ff21822447_i1_0,1,0,/mnt/priorbimda-data/PriorBIMDA-Datasets/Matterport3D/v1/scans/759xd9YjKW5/undistorted_color_images/013de08029c64d4caa3807ff21822447_i1_0.jpg,/mnt/priorbimda-data/PriorBIMDA-Datasets/Matterport3D/v1/scans/759xd9YjKW5/undistorted_depth_images/013de08029c64d4caa3807ff21822447_d1_0.png,1024,1280,406,504,1.4121168655554452,1207296,0.92109375,-6.374410152435303,-13.636699676513672,1.60725998878479,True,204624,1.0,True,,1.0,204624,0.936664879322052,-0.06542971352137342,0.8877964238874142,0.05358310112997522,log-depth Laplacian fallback,,,,0.1211284164061082,0.06608007336479885,0.29368720926611963,0.15331684967540077,0.1536051252856797,0.09352207726192155,0.10657923961154465,0.0462867756487383,12.185300808205161,0.9855014843087362,0.9919439805979644,0.993028221745123,0.09413804361548699,0.05307208415854208,0.2994498953705676,0.17651479418061286,0.12504933635915566,0.028092363780963026,0.08657588645823805,0.03759942975469526,12.185300825610867,0.9870702793681085,0.9922893805661578,0.9932932768765903,0.08710255913056998,0.052045783180936785,0.28712437716265116,0.15733759134793196,0.12075339780362233,0.029715113720890973,0.0794262710241159,0.034494391223925676,11.704014310344284,0.9863065892705682,0.9922736429177269,0.9932833373091603,0.08977337808868623,0.053474597259902064,0.29093314193504655,0.16050622822526064,0.12287956421795956,0.03187551190427978,0.08183580948109896,0.03554084047972712,11.86732448500325,0.9857358924406276,0.9922612184584394,0.9932601449851569,0.07763058940861314,0.05590278071028382,0.3558711043655717,0.203595123457218,0.12449070050901229,-0.025490762020597427,0.07461446035476031,0.03240464840226137,12.185300802538219,0.9885347089694656,0.9925171623197625,0.9935401094677693,0.00834646075963974,0.06491569895297289,0.018048319965600967,ok,
759xd9YjKW5,013de08029c64d4caa3807ff21822447,013de08029c64d4caa3807ff21822447_i1_1,1,1,/mnt/priorbimda-data/PriorBIMDA-Datasets/Matterport3D/v1/scans/759xd9YjKW5/undistorted_color_images/013de08029c64d4caa3807ff21822447_i1_1.jpg,/mnt/priorbimda-data/PriorBIMDA-Datasets/Matterport3D/v1/scans/759xd9YjKW5/undistorted_depth_images/013de08029c64d4caa3807ff21822447_d1_1.png,1024,1280,406,504,1.4121168655554452,1117456,0.85255126953125,-6.371419906616211,-13.634900093078613,1.607300043106079,True,101967,0.49831398076471967,True,,1.0,101967,0.9343808889389038,-0.06787111987963833,1.0155583274122963,0.08330965740516931,log-depth Laplacian fallback,,,,0.04123422198116558,0.015742969800796328,0.24415901632990922,0.14220683226791442,0.06674221471037813,-0.01914945138939238,0.041789106900698834,0.018148778530638593,6.393607538730785,0.9913150942855915,0.9978719520052691,0.9994568018785527,0.08752804785818188,0.035683792016016506,0.3790831346798837,0.3090990692481849,0.10798333924442424,-0.08702057132492189,0.09231010316135765,0.04008976842689757,6.393607526788451,0.985272798213084,0.9978003608195759,0.999788806002205,0.07745236304489866,0.030821074702333903,0.33831973604949284,0.2614807791543762,0.10326216144350638,-0.07242295997605085,0.08162288083319856,0.03544836674290484,7.360698916741611,0.9700569865838118,0.9977905170315431,0.9996465185206398,0.07913649409450553,0.03166751552008877,0.34436772323902165,0.26902949914456326,0.10453169380349736,-0.07320326484575035,0.08341281014467213,0.03622572316587468,7.462008459758712,0.9629193453701981,0.9977609856674446,0.9996447287409974,0.03751368338332182,0.015564564426680258,0.24337010083398758,0.1315735127870792,0.0640436754526873,-0.0037108798202673842,0.037471563672115904,0.01627369333108629,6.393607539135221,0.9906841969616701,0.9978647928866998,0.9994004238198193,0.009729905985295773,0.061618635430932045,0.01805256772786379,ok,
759xd9YjKW5,013de08029c64d4caa3807ff21822447,013de08029c64d4caa3807ff21822447_i1_5,1,5,/mnt/priorbimda-data/PriorBIMDA-Datasets/Matterport3D/v1/scans/759xd9YjKW5/undistorted_color_images/013de08029c64d4caa3807ff21822447_i1_5.jpg,/mnt/priorbimda-data/PriorBIMDA-Datasets/Matterport3D/v1/scans/759xd9YjKW5/undistorted_depth_images/013de08029c64d4caa3807ff21822447_d1_5.png,1024,1280,406,504,1.4121168655554452,1305329,0.9958869934082031,-6.374330043792725,-13.640199661254883,1.607300043106079,True,62251,0.3042214012041598,True,,1.0,62251,0.9798206090927124,-0.020385776019783638,0.9346360902921006,0.047212257678596145,log-depth Laplacian fallback,,,,0.06253096807034583,0.00624276047175215,0.09257109058815434,0.08369175878383728,0.06775316631404829,0.055337392090562224,0.06027219317582383,0.026175880908467147,3.909302472557566,0.9995342170441321,1.0,1.0,0.04786684764829851,0.0038844907045453105,0.07784177923952383,0.06794452743584103,0.052439298808135394,0.034951616117529276,0.04672846301157317,0.02029391363374643,3.9093024828756575,0.9996330427041765,1.0,1.0,0.05044208402133601,0.004458782114227087,0.08768392767370173,0.07419390887011447,0.05506053669187707,0.03198869993868122,0.04940433345123776,0.02145602939998079,4.481501731596851,0.999704289110255,1.0,1.0,0.052475286705251714,0.004706593579373323,0.0888325195551951,0.07602977091085492,0.0572313017011687,0.0341466050433651,0.05129772027088053,0.02227831684785997,4.59285451372306,0.9997058212910308,1.0,1.0,0.029650939070323283,0.003858615425989283,0.10126020595660759,0.062062538041262404,0.040970565522115594,-0.012260614064953398,0.03022443332749122,0.01312630461278217,3.9093024722477465,0.9996973942967635,1.0,1.0,0.00919534545391798,0.06613910663872957,0.018101606518030167,ok,
759xd9YjKW5,013de08029c64d4caa3807ff21822447,013de08029c64d4caa3807ff21822447_i2_0,2,0,/mnt/priorbimda-data/PriorBIMDA-Datasets/Matterport3D/v1/scans/759xd9YjKW5/undistorted_color_images/013de08029c64d4caa3807ff21822447_i2_0.jpg,/mnt/priorbimda-data/PriorBIMDA-Datasets/Matterport3D/v1/scans/759xd9YjKW5/undistorted_depth_images/013de08029c64d4caa3807ff21822447_d2_0.png,1024,1280,406,504,1.4165615917841592,1225524,0.9350006103515625,-6.384799957275391,-13.630999565124512,1.6402299404144287,True,145023,0.7087291813277035,True,,1.0,145023,1.0697048902511597,0.06738280692944473,1.0430331694102908,0.02524982948906785,log-depth Laplacian fallback,,,,0.05467651816238175,0.011873345502218625,0.1344195615905133,0.08897510925194153,0.07414260296285029,-0.043908001697447054,0.05464039211710095,0.0237300207854869,5.974289046442131,0.9888570113681984,0.9979747438646652,0.9986936200351849,0.03453498868865523,0.011411419999368637,0.1299782514751175,0.05848623925836766,0.06418940281425752,0.023474805203004143,0.03214234535648403,0.013959243223749621,5.974289040824876,0.9861520459819636,0.9973007464562097,0.9985557198390239,0.050058313681090594,0.013628035994145873,0.1373278123145926,0.07326176856506808,0.07691127466888609,0.02685622401439907,0.04714770615739174,0.020475988618551204,7.2070017364235825,0.9859717149562146,0.9970543212536025,0.9985589837489922,0.04936197272593647,0.013350329346663636,0.13589344558779515,0.07245397457865599,0.07550364728534634,0.026035823400542685,0.046573674760810056,0.020226689950576554,7.087267917361204,0.9859145965317693,0.9974206951475451,0.9985557198390239,0.02791776556479051,0.009725417484755017,0.11568450796572909,0.04259222997839845,0.05976925489710498,-0.0017750686863027554,0.02628720517839494,0.011416388153635514,5.97428904733778,0.9872731990560772,0.9976532487327869,0.9986030465335645,0.008252709172666073,0.06654440518468618,0.01807101722806692,ok,
759xd9YjKW5,013de08029c64d4caa3807ff21822447,013de08029c64d4caa3807ff21822447_i2_5,2,5,/mnt/priorbimda-data/PriorBIMDA-Datasets/Matterport3D/v1/scans/759xd9YjKW5/undistorted_color_images/013de08029c64d4caa3807ff21822447_i2_5.jpg,/mnt/priorbimda-data/PriorBIMDA-Datasets/Matterport3D/v1/scans/759xd9YjKW5/undistorted_depth_images/013de08029c64d4caa3807ff21822447_d2_5.png,1024,1280,406,504,1.4165615917841592,1233108,0.9407867431640625,-6.384479999542236,-13.645600318908691,1.6404099464416504,True,65859,0.3218537414965986,True,,1.0,65859,1.0398354530334473,0.03906248239838571,0.9950205191207635,0.04405440220264217,log-depth Laplacian fallback,,,,0.02662038747220526,0.0033424882497853823,0.071380250693918,0.042574334427730634,0.045690809827010785,0.006436215517706971,0.02583409035505321,0.011219602886189627,4.523522114964945,0.9897348812918252,1.0,1.0,0.048969052166520324,0.007399404990473867,0.11553069432864342,0.0843471527813449,0.06415883997224361,0.04549869791514928,0.04679776762796914,0.020324012246217635,4.523522117343912,0.9883546291160222,0.9997015670971237,1.0,0.05927050281186086,0.008867233609751519,0.1163529322575869,0.0918161056275819,0.07486367088866067,0.04864472359652208,0.05641893836846305,0.024502433608263135,5.690571223650281,0.9809294887390236,0.9982904984802629,1.0,0.05875070273765567,0.008686569700090022,0.11535441443714878,0.09126902310641362,0.07421238211652682,0.0487217711632658,0.055940294503549357,0.024294561218934294,5.597916285658219,0.9807251270772714,0.998736525916627,1.0,0.026107799165449676,0.0032317660001656805,0.06956458437558827,0.041261891194822556,0.0452582720603174,0.0014442853390165106,0.025452800184668268,0.011054010669187497,4.523522111966746,0.989933566240751,1.0,1.0,0.009262840263545513,0.06250310689210892,0.01807209011167288,ok,
759xd9YjKW5,03bb2fc19b214b91a81c958303f98892,03bb2fc19b214b91a81c958303f98892_i0_0,0,0,/mnt/priorbimda-data/PriorBIMDA-Datasets/Matterport3D/v1/scans/759xd9YjKW5/undistorted_color_images/03bb2fc19b214b91a81c958303f98892_i0_0.jpg,/mnt/priorbimda-data/PriorBIMDA-Datasets/Matterport3D/v1/scans/759xd9YjKW5/undistorted_depth_images/03bb2fc19b214b91a81c958303f98892_d0_0.png,1024,1280,406,504,1.4155678118069965,1239409,0.9455940246582031,-8.204360008239746,-3.7431600093841553,1.5707900524139404,True,120351,0.5881568144499179,True,,1.0,120351,0.9470121264457703,-0.05444338076107396,0.9606255250291951,0.014272762621232837,log-depth Laplacian fallback,,,,0.051645223385824654,0.008634187902017493,0.13814716109604186,0.10427046650682498,0.061791688303062316,0.04498453075466829,0.04998960613197482,0.021710210095633644,4.236277535909458,0.9958657715088401,1.0,1.0,0.03232909418086632,0.003953724804132225,0.09988488282160524,0.06570956830020863,0.04340592787560998,-0.009458849855335124,0.0326475663520949,0.014178657914285098,4.236277533586394,0.9962917810020744,0.9996232075126129,1.0,0.029722781762792576,0.0033680227831076512,0.09175282852233267,0.057641795369995516,0.04115228238458147,-0.0012583325522638185,0.029890895146079018,0.012981450821090814,4.113303957463207,0.9964128064262887,0.9994941137267843,1.0,0.02891006366160604,0.0032854187376027254,0.0911938937511997,0.05627504171812801,0.04059442287078138,-0.0011735808716760762,0.029101663376393187,0.012638691818573519,4.0577455269514555,0.9964216816240644,0.9994941137267843,1.0,0.030538142268774715,0.00400554868141933,0.09948176237297128,0.06295774691286725,0.04263541410867537,0.004813917090505601,0.030412827267722195,0.0132081230614485,4.236277538669973,0.9961578461992773,0.99973455090289,1.0,0.008584165945649147,0.06192421168088913,0.0180119127035141,ok,
759xd9YjKW5,03bb2fc19b214b91a81c958303f98892,03bb2fc19b214b91a81c958303f98892_i0_1,0,1,/mnt/priorbimda-data/PriorBIMDA-Datasets/Matterport3D/v1/scans/759xd9YjKW5/undistorted_color_images/03bb2fc19b214b91a81c958303f98892_i0_1.jpg,/mnt/priorbimda-data/PriorBIMDA-Datasets/Matterport3D/v1/scans/759xd9YjKW5/undistorted_depth_images/03bb2fc19b214b91a81c958303f98892_d0_1.png,1024,1280,406,504,1.4155678118069965,1208895,0.9223136901855469,-8.191080093383789,-3.7490999698638916,1.5705499649047852,True,94966,0.4641000078192196,True,,1.0,94966,0.9207934737205505,-0.0825195092184449,1.1852663016512497,0.25248698569003625,log-depth Laplacian fallback,,,,0.1793057133256794,0.09800857302818573,0.47347690436961626,0.3621659425072455,0.24814823156485538,-0.20213754270508089,0.20539040363398842,0.08919991893412277,14.393734281942502,0.5514258889316277,0.9505126582540254,0.998489529694473,0.24383361598197145,0.1457338254595753,0.573846428273666,0.46538912311146835,0.31897898982398,-0.28465705197654595,0.28741242091356123,0.12482162843321437,14.393734299739158,0.46700085615376025,0.8232170701342962,0.9986053379325748,0.24719642499524971,0.13952726975630853,0.5514276137017536,0.45660734834385014,0.3179780397541585,-0.2876428937668895,0.2905021273055772,0.12616347086996818,13.554187335029397,0.4385112023790321,0.8290008644257773,0.9985226177625022,0.2472066144955465,0.14053976904872997,0.554466304849657,0.45793052422903646,0.3187015379316004,-0.28783634228352006,0.29069314912241373,0.12624643059094337,13.682437772857437,0.4413410593972181,0.8270966461107044,0.9985284081744072,0.11970414088737913,0.03803649988858534,0.2728812817489007,0.21129715808308752,0.1474885564217006,-0.03217010450570121,0.12345837264347675,0.05361728998381731,14.39373427969595,0.8655193379077587,0.9975630637896592,0.9984465152060352,0.008871692232787609,0.06456321384757757,0.018047932535409927,ok,
759xd9YjKW5,03bb2fc19b214b91a81c958303f98892,03bb2fc19b214b91a81c958303f98892_i0_5,0,5,/mnt/priorbimda-data/PriorBIMDA-Datasets/Matterport3D/v1/scans/759xd9YjKW5/undistorted_color_images/03bb2fc19b214b91a81c958303f98892_i0_5.jpg,/mnt/priorbimda-data/PriorBIMDA-Datasets/Matterport3D/v1/scans/759xd9YjKW5/undistorted_depth_images/03bb2fc19b214b91a81c958303f98892_d0_5.png,1024,1280,406,504,1.4155678118069965,1258031,0.9598014831542969,-8.216139793395996,-3.751689910888672,1.5712699890136719,True,47231,0.23081847681601375,True,,1.0,47231,1.0031023025512695,0.003097500340087641,1.0446486018798915,0.04058306238290489,log-depth Laplacian fallback,,,,0.09791074838392705,0.04972405749015966,0.3628997319431621,0.2724790034154845,0.1386307333038572,-0.040110060262852354,0.09766283679820834,0.042414431108479714,13.270140648115051,0.876105596761924,0.9910749417144729,1.0,0.09641782092121294,0.049122714377536326,0.35899244569201894,0.2668494460368258,0.13776644313191772,-0.03701255977170181,0.09586894663640606,0.04163535451006845,13.27014064445668,0.882660284206033,0.9912903577097861,1.0,0.10134405304665078,0.04886395404777409,0.36141899800561555,0.2793678159400117,0.13797450621241453,-0.031555895712017445,0.1014433046233235,0.04405626742394006,13.431749629282066,0.868922148977251,0.9936964987349278,1.0,0.10042023723611211,0.048709154828324754,0.3607408104859811,0.2772347926376183,0.1378534332708489,-0.03281895415280838,0.10058519643521292,0.04368359577296761,13.388982527763732,0.8687393235937747,0.9922951024259339,1.0,0.08690103237227878,0.04628388567067542,0.32817787236738266,0.22295736567060775,0.13274943344007223,0.0035705459464951926,0.0827222469673397,0.03592581538855368,13.270140647447612,0.9097383132848078,0.9927132161290143,0.999639913483849,0.010867838747799397,0.06383145228028297,0.01802189741283655,ok,
759xd9YjKW5,03bb2fc19b214b91a81c958303f98892,03bb2fc19b214b91a81c958303f98892_i1_0,1,0,/mnt/priorbimda-data/PriorBIMDA-Datasets/Matterport3D/v1/scans/759xd9YjKW5/undistorted_color_images/03bb2fc19b214b91a81c958303f98892_i1_0.jpg,/mnt/priorbimda-data/PriorBIMDA-Datasets/Matterport3D/v1/scans/759xd9YjKW5/undistorted_depth_images/03bb2fc19b214b91a81c958303f98892_d1_0.png,1024,1280,406,504,1.4121168655554452,1191344,0.90892333984375,-8.202329635620117,-3.7535300254821777,1.604200005531311,True,204624,1.0,True,,1.0,204624,0.9937633872032166,-0.006256141704870685,0.9920654038467496,0.0017101008686394312,log-depth Laplacian fallback,,,,0.05481478627220109,0.043313452514320616,0.4170636256718858,0.12799285475362426,0.1297743684991699,-0.00983163722115676,0.057513584341613126,0.024977832314039838,12.940141277787468,0.9737128822573496,0.9805077290858056,0.9862843981251427,0.053717875364615135,0.04319420137213655,0.4181288237468276,0.12602391304236438,0.1303976313853002,-0.016087778917539257,0.05675577167158099,0.024648718453128524,12.94014128222602,0.9738354329228166,0.9787701956781585,0.9863364401885601,0.05945378299175257,0.04351860841504278,0.4158746465800633,0.1373001889763616,0.1311710610804823,-0.021124373460543844,0.062125776521271575,0.02698088192714284,12.945890510458943,0.9740033105467438,0.9808292147356263,0.9865563598759048,0.05808894782594413,0.043225712716132215,0.41527363173004406,0.13584972301056003,0.13036215822538683,-0.018187693940040498,0.060585036465328264,0.02631174702279936,12.908718017806494,0.973905941524866,0.9809425321317772,0.9865840596838529,0.05357609132427137,0.043188105854270596,0.41849019424347,0.12578186566082988,0.13061963565924758,-0.017797853775909537,0.056705713727075516,0.024626978564054373,12.940141274625223,0.973862293342645,0.9782430599390268,0.9863448340697565,0.011154737323522568,0.06436236202716827,0.01802847906947136,ok,
759xd9YjKW5,03bb2fc19b214b91a81c958303f98892,03bb2fc19b214b91a81c958303f98892_i1_1,1,1,/mnt/priorbimda-data/PriorBIMDA-Datasets/Matterport3D/v1/scans/759xd9YjKW5/undistorted_color_images/03bb2fc19b214b91a81c958303f98892_i1_1.jpg,/mnt/priorbimda-data/PriorBIMDA-Datasets/Matterport3D/v1/scans/759xd9YjKW5/undistorted_depth_images/03bb2fc19b214b91a81c958303f98892_d1_1.png,1024,1280,406,504,1.4121168655554452,968302,0.7387557983398437,-8.199130058288574,-3.754960060119629,1.604140043258667,True,163024,0.7967002893111268,True,,1.0,163024,0.93620765209198,-0.06591797658411418,1.0416800689287318,0.10675283719318333,log-depth Laplacian fallback,,,,0.05636841718778454,0.03751146851799983,0.2520005636119465,0.09664390296570206,0.11404968761799716,-0.035275490483192846,0.05161005553054434,0.022413962327635817,10.845723128004378,0.9859000601052151,0.9877651806977575,0.9935175182949121,0.11511418476695692,0.0474741353596903,0.311678456489774,0.1865947263006006,0.14833438172152066,-0.10119346703565404,0.1160181624938779,0.05038604777164598,10.845723134032974,0.9857823282405695,0.987830243044009,0.9935030599957452,0.1434596559566683,0.05041655764284844,0.2820067648470704,0.17094547647063785,0.18161848759930133,-0.13268085376293465,0.14871281504656558,0.06458515496302229,12.40204260700483,0.9823288602109672,0.9877806717325793,0.9935877443194375,0.14749902704288756,0.05222461139839,0.28777671765320567,0.17776820816997574,0.18613705991923338,-0.13629897421044823,0.1533829502669515,0.06661336891897793,12.676590513444792,0.9418249678302844,0.9877538206055548,0.9935722532846157,0.04124246898441831,0.03727408724089309,0.23483855489764388,0.056571114454598045,0.10859962204498298,0.00555939765867072,0.03462496355976266,0.015037430610106102,10.845723122957695,0.9859888753715267,0.9877228385359114,0.9933089056926455,0.010713542811572552,0.058642370626330376,0.018056388944387436,ok,
759xd9YjKW5,03bb2fc19b214b91a81c958303f98892,03bb2fc19b214b91a81c958303f98892_i1_3,1,3,/mnt/priorbimda-data/PriorBIMDA-Datasets/Matterport3D/v1/scans/759xd9YjKW5/undistorted_color_images/03bb2fc19b214b91a81c958303f98892_i1_3.jpg,/mnt/priorbimda-data/PriorBIMDA-Datasets/Matterport3D/v1/scans/759xd9YjKW5/undistorted_depth_images/03bb2fc19b214b91a81c958303f98892_d1_3.png,1024,1280,406,504,1.4121168655554452,1154410,0.8807449340820312,-8.201600074768066,-3.760499954223633,1.6043100357055664,True,85966,0.4201168973336461,True,,1.0,85966,0.9560721516609192,-0.044921896329977486,0.9743388534314155,0.018925759287841303,log-depth Laplacian fallback,,,,0.08107612905602105,0.05989531100145317,0.4725404674320656,0.3157532081009119,0.11074545402454627,0.022802570663356458,0.07626248321410901,0.033120375636126916,10.837249816372015,0.9677298360201315,0.992066943287047,0.9975390026073925,0.07819314413978969,0.05866905009382059,0.4953743607008598,0.3206980717822295,0.11060679429675513,-0.022119325727470603,0.0768634721955162,0.03338138183443673,10.837249823625346,0.9806697793678156,0.9937760414410824,0.9977685570984313,0.09666658347786784,0.07102746708028701,0.535671562820535,0.4022213204993084,0.1205913395392538,0.013788746983519175,0.09304722197806088,0.04040989506149883,11.980042415824782,0.9709184778371636,0.9925520395699968,0.9973259067402396,0.09270828682154901,0.0670417893268825,0.5145855572752227,0.37938040489972463,0.11827525268479643,0.010408166290222601,0.08936915445586675,0.03881253063254234,11.781640578513468,0.9701414575410816,0.9928829445344375,0.9974697031383997,0.07615435645568375,0.05697186781235073,0.4746915974469313,0.30289776325070933,0.10841954338579674,-0.003193590932363397,0.07337479519781422,0.03186626866519196,10.837249819461293,0.9786141838688162,0.9929609064370545,0.997683665248915,0.009911226108670235,0.06774868536740541,0.018087415024638176,ok,
759xd9YjKW5,03bb2fc19b214b91a81c958303f98892,03bb2fc19b214b91a81c958303f98892_i1_4,1,4,/mnt/priorbimda-data/PriorBIMDA-Datasets/Matterport3D/v1/scans/759xd9YjKW5/undistorted_color_images/03bb2fc19b214b91a81c958303f98892_i1_4.jpg,/mnt/priorbimda-data/PriorBIMDA-Datasets/Matterport3D/v1/scans/759xd9YjKW5/undistorted_depth_images/03bb2fc19b214b91a81c958303f98892_d1_4.png,1024,1280,406,504,1.4121168655554452,1140267,0.8699546813964844,-8.20479965209961,-3.7590699195861816,1.6043699979782104,True,158657,0.7753587067010712,True,,1.0,158657,0.9894360899925232,-0.010620104208825702,1.0377744973338514,0.04769861808102348,log-depth Laplacian fallback,,,,0.0679901924792533,0.07889614918358825,0.5324608819203546,0.29066179750573007,0.11028919539905327,-0.024303559996572893,0.06425321704535077,0.02790481760732783,10.75780813793569,0.9788952938215347,0.9890218694393506,0.9931805445566696,0.07303721178762668,0.08020354059122353,0.5428003497090262,0.31877346852710065,0.11310484460205993,-0.03492366409882707,0.07004797110896488,0.030421447321141864,10.757808121717185,0.9793329106253185,0.9891911280428181,0.993402422415101,0.0711295338393185,0.07731101066399551,0.5325334003253186,0.30623235997892095,0.11196396731365521,-0.03849019741548324,0.06858444777300225,0.029785847212196643,10.514007171164751,0.9795793441360664,0.9896261138838535,0.9934234701170866,0.07264883950034802,0.07654447115255218,0.5328942197860851,0.3154296064445371,0.11255162743234647,-0.041449522862668564,0.07039902620494161,0.030573908612168542,10.464132019487732,0.9801678028040801,0.9896953959028895,0.993494506111288,0.06062036511311686,0.08249525542827171,0.5336818140064528,0.2377728364017548,0.10833393614501469,0.01277490216443426,0.05455426469953308,0.023692616123296602,10.757808138910665,0.9760836716312934,0.988170314496517,0.9925070180931308,0.009668147191405296,0.0597724849358201,0.01805793307721615,ok,
759xd9YjKW5,03bb2fc19b214b91a81c958303f98892,03bb2fc19b214b91a81c958303f98892_i1_5,1,5,/mnt/priorbimda-data/PriorBIMDA-Datasets/Matterport3D/v1/scans/759xd9YjKW5/undistorted_color_images/03bb2fc19b214b91a81c958303f98892_i1_5.jpg,/mnt/priorbimda-data/PriorBIMDA-Datasets/Matterport3D/v1/scans/759xd9YjKW5/undistorted_depth_images/03bb2fc19b214b91a81c958303f98892_d1_5.png,1024,1280,406,504,1.4121168655554452,1224927,0.9345451354980469,-8.205160140991211,-3.7555899620056152,1.6043100357055664,True,178766,0.8736316365626711,True,,1.0,178766,1.0067057609558105,0.006683377351161246,1.028828497512663,0.021737396526012205,log-depth Laplacian fallback,,,,0.03894544830737218,0.016571777662161974,0.2085524972646219,0.1434385399088458,0.06563017787042849,-0.01765417678134373,0.03750963050784663,0.016290225547787654,6.321115636877041,0.9905218841612602,0.9966177576296383,0.9981574412189461,0.03465899857453667,0.015807462297622112,0.19774299127067974,0.12375339788887255,0.06415612760971308,-0.010970799287330678,0.03297756450513692,0.014321974291189513,6.321115623741504,0.9903406488713205,0.9965451002386264,0.9981541757182265,0.03097804401710692,0.01528620829836272,0.19218622687813566,0.10708857615834129,0.06338494748747797,-0.0028962572851239073,0.02917985969591707,0.012672652048647882,6.331874336820579,0.9903953460083744,0.9965246908591288,0.998158257594126,0.03178357042009825,0.01561821892042731,0.19434106121611502,0.10977293402868564,0.06411817559156872,-0.00392180468453624,0.029957468379416943,0.013010363208971924,6.39981241069423,0.9903471798727598,0.9964585644695562,0.9981549920934064,0.026907729684124297,0.015780443841224567,0.18730619300747736,0.08458963578862277,0.06412152519357832,0.01076660118977657,0.024579206228862005,0.01067461363475681,6.3211156388496805,0.9892662991345607,0.9962324285447215,0.9981394809649882,0.008618222549557686,0.1098228795453906,0.0181350065395236,ok,
759xd9YjKW5,03bb2fc19b214b91a81c958303f98892,03bb2fc19b214b91a81c958303f98892_i2_0,2,0,/mnt/priorbimda-data/PriorBIMDA-Datasets/Matterport3D/v1/scans/759xd9YjKW5/undistorted_color_images/03bb2fc19b214b91a81c958303f98892_i2_0.jpg,/mnt/priorbimda-data/PriorBIMDA-Datasets/Matterport3D/v1/scans/759xd9YjKW5/undistorted_depth_images/03bb2fc19b214b91a81c958303f98892_d2_0.png,1024,1280,406,504,1.4165615917841592,1224545,0.9342536926269531,-8.202569961547852,-3.7419300079345703,1.6372599601745605,True,204624,1.0,True,,1.0,204624,0.9768350124359131,-0.02343751281091352,0.9825937295994099,0.005877972105358498,log-depth Laplacian fallback,,,,0.03279700853660715,0.008444674303429217,0.13547957720429507,0.060852952503351085,0.054220332778944884,0.019554880919428204,0.03162745782335276,0.013735630409309934,5.0571247946699005,0.9928675548877338,0.9980417216190504,0.9992291014213442,0.02810757075269173,0.006986902164548303,0.12146496665195679,0.0494790464115313,0.05072007462235894,-0.0038826319837043954,0.02762100062746835,0.01199564815715576,5.057124814137747,0.9937168499320156,0.9981225679742272,0.9992250182720929,0.042963797790591444,0.009472779594634344,0.1368070888554827,0.07175205413279906,0.06444896453289173,-0.0008074850493585518,0.04237289525037106,0.018402314589500653,6.444390581937906,0.992189752112009,0.9981021522279704,0.9992536003168524,0.042066952280547645,0.009401842050625178,0.13672177929324422,0.07043649847112655,0.06386137783178548,0.00034387176697221934,0.0414221457961923,0.017989409347878276,6.386045200890722,0.9921971017806613,0.9980931692996174,0.9992552335765529,0.027846272820316535,0.007166618936649391,0.12370394571523025,0.04989683225788829,0.05061059610207553,0.001995325539248183,0.027195669148890423,0.011810929043029618,5.057124789640697,0.9934342960038218,0.9981054187473715,0.9992184852332907,0.008363107219338417,0.06415005680173635,0.018037051893770695,ok,
759xd9YjKW5,03bb2fc19b214b91a81c958303f98892,03bb2fc19b214b91a81c958303f98892_i2_1,2,1,/mnt/priorbimda-data/PriorBIMDA-Datasets/Matterport3D/v1/scans/759xd9YjKW5/undistorted_color_images/03bb2fc19b214b91a81c958303f98892_i2_1.jpg,/mnt/priorbimda-data/PriorBIMDA-Datasets/Matterport3D/v1/scans/759xd9YjKW5/undistorted_depth_images/03bb2fc19b214b91a81c958303f98892_d2_1.png,1024,1280,406,504,1.4165615917841592,1170496,0.893017578125,-8.189290046691895,-3.7478699684143066,1.6370099782943726,True,105798,0.5170361247947455,True,,1.0,105798,0.8937719464302063,-0.11230462982901501,1.012206271616942,0.12443700563309201,log-depth Laplacian fallback,,,,0.03207048591125415,0.0074626719441553135,0.09742846453205643,0.05009608219746223,0.056263249533062755,-0.0011587866335258884,0.030689747700047936,0.013328388077133836,5.625131519847023,0.9960914005686479,0.9977513806112964,0.9981964910602001,0.11153131528314078,0.028475420266742203,0.24025530039264636,0.2038221505477041,0.12664184670755735,-0.11346341642169787,0.11747090242884999,0.05101696470904479,5.625131528610543,0.9961315544863032,0.9978598816228333,0.9985783804472634,0.11449168738638306,0.02782963745287454,0.23316713881335796,0.201770952615582,0.12888795988834634,-0.11589541138770883,0.12066855731633443,0.05240568858171031,5.639467903493825,0.9962665399967193,0.997929937394062,0.998586069495325,0.11440477193154322,0.027939635661756414,0.23346676088864096,0.2016761010975392,0.12902935056133638,-0.11559865398560985,0.12056636186047934,0.052361305659156865,5.7319494964588475,0.9962058819508994,0.9979478785062059,0.9985749630925693,0.030958289383786714,0.007510361308804812,0.09411981725367059,0.04182782876838187,0.057311701062784305,0.010973632973249731,0.029197559182654726,0.012680338838070557,5.625131516754394,0.9960495379736454,0.997732585160479,0.9981614631745858,0.00899352878332138,0.06151972711086273,0.018097389489412308,ok,
759xd9YjKW5,03bb2fc19b214b91a81c958303f98892,03bb2fc19b214b91a81c958303f98892_i2_3,2,3,/mnt/priorbimda-data/PriorBIMDA-Datasets/Matterport3D/v1/scans/759xd9YjKW5/undistorted_color_images/03bb2fc19b214b91a81c958303f98892_i2_3.jpg,/mnt/priorbimda-data/PriorBIMDA-Datasets/Matterport3D/v1/scans/759xd9YjKW5/undistorted_depth_images/03bb2fc19b214b91a81c958303f98892_d2_3.png,1024,1280,406,504,1.4165615917841592,1258695,0.9603080749511719,-8.199569702148438,-3.7708699703216553,1.637719988822937,True,129290,0.6318418171866448,True,,1.0,129290,1.0791480541229248,0.07617189106403263,1.1497782345584322,0.0633971932007894,log-depth Laplacian fallback,,,,0.13176716429981725,0.04211513926782057,0.33817097941665947,0.2871010223432052,0.14831947088238642,-0.13525550263084515,0.14129467041424237,0.0613634956832441,6.086554403690578,0.9853205105287619,0.9979550248471631,0.999302452142894,0.06756703488747695,0.015939466047860076,0.21177179988675426,0.14677444017209185,0.08482622017187294,-0.059083611597186295,0.06949797122140815,0.030182585404928578,6.086554418782352,0.986858611498417,0.9975768553938802,0.9994001724007802,0.0819139374994855,0.020639995203569454,0.2369060739458841,0.17764235019600494,0.0985090010885812,-0.07381839401465747,0.08504633678680344,0.03693515477259428,6.522934922691529,0.9873337067359448,0.9974513285585468,0.9994128839790418,0.08076804988002105,0.02012272675093448,0.2341934020218159,0.17515947720334887,0.09723423482887053,-0.07280018020638139,0.08382208591182712,0.036403469373126836,6.445642081805608,0.9874695617286158,0.9975061472397999,0.9994128839790418,0.031261064692846154,0.010215452531369408,0.16547349127072053,0.06825028221841489,0.06101820655294018,0.004313592337601601,0.030296755884890125,0.013157713900377652,6.086554404654785,0.9846038953042635,0.9965496009756136,0.9994605523975229,0.009225115180015564,0.06521621253341436,0.01821637712419033,ok,
759xd9YjKW5,03bb2fc19b214b91a81c958303f98892,03bb2fc19b214b91a81c958303f98892_i2_4,2,4,/mnt/priorbimda-data/PriorBIMDA-Datasets/Matterport3D/v1/scans/759xd9YjKW5/undistorted_color_images/03bb2fc19b214b91a81c958303f98892_i2_4.jpg,/mnt/priorbimda-data/PriorBIMDA-Datasets/Matterport3D/v1/scans/759xd9YjKW5/undistorted_depth_images/03bb2fc19b214b91a81c958303f98892_d2_4.png,1024,1280,406,504,1.4165615917841592,1247857,0.9520393371582031,-8.212849617004395,-3.764930009841919,1.6379599571228027,True,204624,1.0,True,,1.0,204624,1.1068991422653198,0.10156254051106514,1.1339218127278254,0.024119714205663834,log-depth Laplacian fallback,,,,0.13039072175184485,0.037840178494796574,0.29446675779760634,0.2792850038705573,0.1509032454286191,-0.13649449629404103,0.1406866705031432,0.06109944467685608,6.435092821650724,0.8911149274315887,0.9999767601576142,1.0,0.049131683674639645,0.009651288842965884,0.14331710591871696,0.09140382302535953,0.07322078592255084,-0.03493195583052492,0.05056426862409367,0.021959782844917612,6.435092814381371,0.9912866618530809,0.9991914137597497,1.0,0.06906345474819023,0.016016768733898644,0.17702937073211558,0.1255065030873382,0.1023386441795704,-0.0626626359002509,0.0730366236191358,0.031719402614635385,8.091101380248125,0.9897464212646161,0.999211448106634,1.0,0.06866943659873084,0.016067735003633028,0.17646122681505605,0.12419883896386581,0.10284955075990679,-0.06065154141464361,0.07265565817268596,0.03155395142344642,8.306275107135818,0.9895228379533872,0.9992026329940049,1.0,0.0467415766805419,0.009215187586652912,0.14749857961245913,0.09783636743132475,0.06525293549701006,-0.010812198409359298,0.0470336088989607,0.02042643680881431,6.43509281715004,0.989793702323263,0.9991232969803431,1.0,0.010159919038414955,0.05942652281373739,0.018106501549482346,ok,
759xd9YjKW5,03bb2fc19b214b91a81c958303f98892,03bb2fc19b214b91a81c958303f98892_i2_5,2,5,/mnt/priorbimda-data/PriorBIMDA-Datasets/Matterport3D/v1/scans/759xd9YjKW5/undistorted_color_images/03bb2fc19b214b91a81c958303f98892_i2_5.jpg,/mnt/priorbimda-data/PriorBIMDA-Datasets/Matterport3D/v1/scans/759xd9YjKW5/undistorted_depth_images/03bb2fc19b214b91a81c958303f98892_d2_5.png,1024,1280,406,504,1.4165615917841592,1245695,0.9503898620605469,-8.214349746704102,-3.750459909439087,1.6377300024032593,True,204624,1.0,True,,1.0,204624,1.0207195281982422,0.02050779840677705,1.0156893066317125,0.0049402965763504034,log-depth Laplacian fallback,,,,0.035290848520895104,0.013703365128116932,0.16210369658806847,0.07768679633021575,0.06606685484264474,-0.004341884880030124,0.03342820226991317,0.014517683785769049,6.592402706515779,0.9873548501037573,0.995295798730829,0.9978959536644203,0.033990435040226516,0.015411101815490784,0.17712764654500224,0.08217833503997696,0.0678771987079954,0.016165913631363278,0.03143120478559129,0.013650398797953383,6.592402703800788,0.9866845415611366,0.9950060006662947,0.9977988191330944,0.037269296090257344,0.01649739368253138,0.18706055698629967,0.09073060759550111,0.07036657123317404,0.01667232543099215,0.03460524756768148,0.015028868063539985,6.836291327786177,0.9864276568501921,0.9948213647803034,0.9978461822516748,0.03670266587404107,0.016354749740941806,0.18704899911931183,0.0902068177793755,0.07008875857835185,0.01834120084230283,0.03402302309657628,0.014776011188509975,6.7646392592042925,0.9864597674390602,0.9948783610755442,0.9978863204877598,0.03350286996431218,0.01480465569846059,0.17207334004752636,0.0792063233779073,0.06687294411302964,0.011225564933605341,0.031110088701057876,0.013510939854390138,6.592402707864407,0.9868467000349203,0.9950549693143185,0.9978269158983539,0.008176159113645554,0.059268929064273834,0.01806920301169157,ok,
759xd9YjKW5,095e289950a64f99bc690533335dbea5,095e289950a64f99bc690533335dbea5_i0_0,0,0,/mnt/priorbimda-data/PriorBIMDA-Datasets/Matterport3D/v1/scans/759xd9YjKW5/undistorted_color_images/095e289950a64f99bc690533335dbea5_i0_0.jpg,/mnt/priorbimda-data/PriorBIMDA-Datasets/Matterport3D/v1/scans/759xd9YjKW5/undistorted_depth_images/095e289950a64f99bc690533335dbea5_d0_0.png,1024,1280,406,504,1.4155678118069965,1197905,0.9139289855957031,-1.7330600023269653,3.4803500175476074,1.57014000415802,True,204624,1.0,True,,1.0,204624,0.9907655119895935,-0.00927739021902582,1.1644929608454702,0.16156315575595598,log-depth Laplacian fallback,,,,0.14816910146813625,0.05246138681662469,0.2994146094347828,0.2414237992927052,0.1954560321305958,-0.1476721378092795,0.16086449184063586,0.0698625611405588,12.804686724427764,0.7722807735170986,0.9843017601562728,0.989816387776994,0.15568805442280995,0.05567615838364017,0.3093774124517134,0.2546408139932028,0.2025565465517176,-0.15694952789846667,0.1697929478154809,0.07374014030235011,12.804686737053183,0.7396162466973591,0.9842700381081972,0.9897454305641933,0.17927802719813488,0.07160323143633603,0.35517979910285,0.2989553594696112,0.23172340815036974,-0.18609836930339627,0.1990199661029884,0.08643327306710008,13.806931167873469,0.5815194026237472,0.9842750468526302,0.9897604567974922,0.18096680236193455,0.07254762627050884,0.35748261015902477,0.301800703711001,0.2336364511716493,-0.1882445104259104,0.20112268925880797,0.0873464741306427,13.838350917140302,0.5753068899453629,0.9842650293637643,0.9897278999586778,0.08298100358889733,0.03335396966533101,0.22969448170230441,0.1354820440459392,0.12812995666212648,0.004613631047293848,0.07993323116039153,0.034714561213655105,12.804686721196212,0.975192523614143,0.9839511480459636,0.9907989364765988,0.008600798435509205,0.05912606790661812,0.01799712050706148,ok,
759xd9YjKW5,095e289950a64f99bc690533335dbea5,095e289950a64f99bc690533335dbea5_i0_1,0,1,/mnt/priorbimda-data/PriorBIMDA-Datasets/Matterport3D/v1/scans/759xd9YjKW5/undistorted_color_images/095e289950a64f99bc690533335dbea5_i0_1.jpg,/mnt/priorbimda-data/PriorBIMDA-Datasets/Matterport3D/v1/scans/759xd9YjKW5/undistorted_depth_images/095e289950a64f99bc690533335dbea5_d0_1.png,1024,1280,406,504,1.4155678118069965,1235407,0.9425407409667969,-1.7387900352478027,3.4669899940490723,1.5693999528884888,True,204624,1.0,True,,1.0,204624,0.9922482371330261,-0.007781963956442633,1.0316664752907139,0.03895739592314386,log-depth Laplacian fallback,,,,0.04946591367479497,0.006183718076214915,0.11338263662844461,0.09252454690703178,0.06145613175848728,-0.030195588459502428,0.05074617168222242,0.022038782339304255,5.3526466054662265,0.999957099158415,1.0,1.0,0.05248230436581813,0.006590690347197148,0.11228776738295054,0.09476332663758322,0.06563061078079195,-0.03797755243481103,0.05415871749957416,0.023520832157022126,5.352646618749443,0.9999676220063509,1.0,1.0,0.038772518498896236,0.003957890546334953,0.09532145924087668,0.0799497511070705,0.045345056327691,-0.03903384082454796,0.03976136548645184,0.01726814162370444,2.307668528721841,1.0,1.0,1.0,0.03590232256296062,0.0037308679352517976,0.09356551637451889,0.07542673304365105,0.043531718114644756,-0.03585556832169396,0.03681456962706945,0.015988364442679318,2.468579960911186,1.0,1.0,1.0,0.04487009644662991,0.007061928395002141,0.14141310405603127,0.10084172502988388,0.053535434406355366,0.0009798841916141237,0.04471292867141521,0.019418578191729315,5.352646601493697,0.9996778389631918,1.0,1.0,0.008398671634495258,0.0630713514983654,0.018030226230621338,ok,
759xd9YjKW5,095e289950a64f99bc690533335dbea5,095e289950a64f99bc690533335dbea5_i0_2,0,2,/mnt/priorbimda-data/PriorBIMDA-Datasets/Matterport3D/v1/scans/759xd9YjKW5/undistorted_color_images/095e289950a64f99bc690533335dbea5_i0_2.jpg,/mnt/priorbimda-data/PriorBIMDA-Datasets/Matterport3D/v1/scans/759xd9YjKW5/undistorted_depth_images/095e289950a64f99bc690533335dbea5_d0_2.png,1024,1280,406,504,1.4155678118069965,1259969,0.9612800598144531,-1.7532299757003784,3.465290069580078,1.5687700510025024,True,204624,1.0,True,,1.0,204624,1.1691184043884277,0.15624996426275067,1.314276949859994,0.11703670212990835,log-depth Laplacian fallback,,,,0.24423084678982568,0.12287991110787494,0.5392796964977177,0.5129565236871343,0.2859598940174914,-0.2813275768342022,0.2813275768342022,0.12217901422630713,5.1262613073184,0.10107074062933294,1.0,1.0,0.11677735991616146,0.027831167205790465,0.241011189986753,0.22978634453199298,0.1351749409925895,-0.12507761265002793,0.12542837705003568,0.054472852026910996,5.126261294666545,0.9677944457363633,1.0,1.0,0.1270349652055376,0.03402516832521036,0.2715196186015165,0.25206936475940006,0.149807680574187,-0.13742703865819053,0.13759872005685814,0.059758364837643727,5.963346547583706,0.9249537091785591,1.0,1.0,0.1203311029270149,0.031186970015271872,0.2578024984425602,0.23632623015819584,0.14486307620742783,-0.13000570183414398,0.13020175200268308,0.056545902428900896,6.39048381493193,0.9218076000282547,1.0,1.0,0.04228861546709891,0.005088971754685814,0.10958120015336291,0.08793214219386761,0.051889420308533836,-0.008040922727559324,0.04273779021088388,0.018560786457325666,5.126261309809619,0.9999246013195563,1.0,1.0,0.00755749735981226,0.06377075798809528,0.018046497367322445,ok,
759xd9YjKW5,095e289950a64f99bc690533335dbea5,095e289950a64f99bc690533335dbea5_i0_3,0,3,/mnt/priorbimda-data/PriorBIMDA-Datasets/Matterport3D/v1/scans/759xd9YjKW5/undistorted_color_images/095e289950a64f99bc690533335dbea5_i0_3.jpg,/mnt/priorbimda-data/PriorBIMDA-Datasets/Matterport3D/v1/scans/759xd9YjKW5/undistorted_depth_images/095e289950a64f99bc690533335dbea5_d0_3.png,1024,1280,406,504,1.4155678118069965,906686,0.6917465209960938,-1.761929988861084,3.47694993019104,1.5688799619674683,True,204624,1.0,True,,1.0,204624,0.7949371933937073,-0.22949216946912313,0.7686567058330483,0.033618656022749854,log-depth Laplacian fallback,,,,0.2710864006288983,0.143619419419419,0.5217057255727697,0.48155622970912926,0.2528272569562916,0.23510278103160703,0.23581739145492833,0.10241419184569439,9.299625912501503,0.4105467603999621,0.9984757677961279,0.9999768387291742,0.07838941711012914,0.019456631736021822,0.24680053784920988,0.16639715474431124,0.09316535413495258,0.005610611567838893,0.07869255015406858,0.03417574029880688,9.299625932759854,0.9783728876369548,0.9998522090337779,1.0,0.05790770859526372,0.008170415244571329,0.14344595507535957,0.11229212188005962,0.06490344019107937,0.03160855317418889,0.0569574975490377,0.024736326888565047,5.668647029822452,0.9969824172866902,0.9999150753403052,1.0,0.05569592527568174,0.007516880917910475,0.13587678071034776,0.10663998231528399,0.06292655788716935,0.030466506486838935,0.054791655022549485,0.023795713430639836,5.505945577296125,0.99702322524005,0.9999106636696717,1.0,0.07282198178365633,0.02251205533153958,0.2804346343385918,0.16800776328051165,0.09712236074716947,-0.028008012158300913,0.07565101190944716,0.03285481702267008,9.299625912929935,0.9570226076061613,0.9997496376915492,1.0,0.008364878594875336,0.06399184931069613,0.018025276251137257,ok,
759xd9YjKW5,095e289950a64f99bc690533335dbea5,095e289950a64f99bc690533335dbea5_i0_4,0,4,/mnt/priorbimda-data/PriorBIMDA-Datasets/Matterport3D/v1/scans/759xd9YjKW5/undistorted_color_images/095e289950a64f99bc690533335dbea5_i0_4.jpg,/mnt/priorbimda-data/PriorBIMDA-Datasets/Matterport3D/v1/scans/759xd9YjKW5/undistorted_depth_images/095e289950a64f99bc690533335dbea5_d0_4.png,1024,1280,406,504,1.4155678118069965,898950,0.6858444213867188,-1.7562099695205688,3.490299940109253,1.5696300268173218,True,204624,1.0,True,,1.0,204624,0.9879274368286133,-0.012146028436901135,1.0728197109648265,0.08243645463601938,log-depth Laplacian fallback,,,,0.10679390468957527,0.03136064718213668,0.20631428938958815,0.1411193155408257,0.1845350635708597,-0.08220230374316786,0.11700794451692494,0.05081590464254233,16.521492349790076,0.9096979809778074,0.9755236664998054,0.9766360754213249,0.11164870349172931,0.0333419700278804,0.21591693771837528,0.15073800590798284,0.19025661303726155,-0.09434833240299945,0.12318841927198902,0.05350005072420902,16.52149235910104,0.8856554869570054,0.9755993103064686,0.9764681016741754,0.11253156983995294,0.0339010829809029,0.2164897528520564,0.1501728763646428,0.1975527210491129,-0.09616738564146544,0.1250568854027154,0.054311515254406625,17.256567310098,0.8718115579286946,0.975587073808332,0.9763012403359475,0.11274594487702755,0.03383145532808397,0.21671638237223012,0.15094793552093627,0.19625107201639974,-0.09717745786892022,0.12517436056342188,0.05436253406846214,17.050227256467977,0.8717181155792869,0.9755981978975471,0.9763034651537905,0.09511598350958894,0.026878343203522725,0.17508067927113172,0.10684780354799249,0.16564378587311904,-0.011911878644122052,0.09839947952330115,0.04273435097912169,16.52149234952685,0.9716869681294844,0.9751777073252127,0.9770521163579732,0.007850747555494308,0.06429785490036011,0.018015392124652863,ok,
759xd9YjKW5,095e289950a64f99bc690533335dbea5,095e289950a64f99bc690533335dbea5_i0_5,0,5,/mnt/priorbimda-data/PriorBIMDA-Datasets/Matterport3D/v1/scans/759xd9YjKW5/undistorted_color_images/095e289950a64f99bc690533335dbea5_i0_5.jpg,/mnt/priorbimda-data/PriorBIMDA-Datasets/Matterport3D/v1/scans/759xd9YjKW5/undistorted_depth_images/095e289950a64f99bc690533335dbea5_d0_5.png,1024,1280,406,504,1.4155678118069965,1224229,0.9340126037597656,-1.7417700290679932,3.492000102996826,1.5702500343322754,True,204624,1.0,True,,1.0,204624,0.9850373864173889,-0.015075682776655233,1.0727199378328642,0.08527310381309554,log-depth Laplacian fallback,,,,0.09465557597270642,0.02507287612660412,0.18614035790959593,0.14437489395336336,0.1369586834872393,-0.07204324256409564,0.09950261102868789,0.04321343490472481,11.64794066923792,0.942401299103354,0.994371967989649,0.9967636773838882,0.10217396920319032,0.027245786819064838,0.19426880935431595,0.15558550932582285,0.1454550080257368,-0.08711892535429129,0.10850317649342611,0.047122330820069634,11.647940678454962,0.9311378835168911,0.9932316584560569,0.9966133787061081,0.1015615996112972,0.027099017851072243,0.19357881024770013,0.15470042889594487,0.1445960814986805,-0.08591818758722267,0.10772043264534202,0.04678238948610296,11.630172753016128,0.9328205752355155,0.9933819571338369,0.9966852606824377,0.10249429954504219,0.027412722855652095,0.19488366106851965,0.15624137846530387,0.14544526549723835,-0.08748560037410344,0.10878846683434247,0.04724623084086987,11.6192060756081,0.9317235582558492,0.9934677254010483,0.9966885280449981,0.08027146087410685,0.02524092504491067,0.20441885072067875,0.13964071932308914,0.11649403100903673,-0.0018458273223084846,0.07920946272594544,0.03440023257639941,11.647940668732232,0.9563088278418499,0.9944593699381407,0.9970683589426488,0.00816313549876213,0.058307304978370667,0.01799038704484701,ok,
759xd9YjKW5,095e289950a64f99bc690533335dbea5,095e289950a64f99bc690533335dbea5_i1_0,1,0,/mnt/priorbimda-data/PriorBIMDA-Datasets/Matterport3D/v1/scans/759xd9YjKW5/undistorted_color_images/095e289950a64f99bc690533335dbea5_i1_0.jpg,/mnt/priorbimda-data/PriorBIMDA-Datasets/Matterport3D/v1/scans/759xd9YjKW5/undistorted_depth_images/095e289950a64f99bc690533335dbea5_d1_0.png,1024,1280,406,504,1.4121168655554452,1170663,0.8931449890136719,-1.7453199625015259,3.477760076522827,1.6028599739074707,True,204624,1.0,True,,1.0,204624,0.9474746584892273,-0.05395508804103473,1.054997828753755,0.10749379691363388,log-depth Laplacian fallback,,,,0.09846463814978659,0.05183947047288168,0.30088147082130146,0.20417221905035865,0.15111621937008898,-0.04297031284461582,0.09649908053481365,0.04190901818500707,14.487810038354553,0.9669119123095203,0.981360989456402,0.9906352212378797,0.1231903469484451,0.06144000472648153,0.3473999092437351,0.2601592147557832,0.17431063442532999,-0.09692540094843242,0.1271369265737057,0.0552148656570993,14.487810022479813,0.8302227028615409,0.9823723821458439,0.9907266224353208,0.13252825152350142,0.06622053449599972,0.3611500266273757,0.27996141101974403,0.18230200881438613,-0.1094506262053999,0.13776531759859184,0.059830717230717395,14.578951553869143,0.827134709134909,0.9822878146827909,0.9907197887009327,0.1333779500419916,0.06689523543957561,0.36351676386482434,0.28171960486122516,0.18372549454677245,-0.1101812385261449,0.13886967117844265,0.06031033189651668,14.702092376019433,0.8245532659697966,0.982268167696425,0.9907172260505371,0.09194880319603019,0.05477120800035061,0.30298929920811285,0.18582073464625834,0.14526305251788743,0.010568370426504346,0.08498009910664815,0.03690638811360877,14.487810039251173,0.9684734206172058,0.9803256786966018,0.9889447261936185,0.00877415295690298,0.05895400792360306,0.018028871156275272,ok,
759xd9YjKW5,095e289950a64f99bc690533335dbea5,095e289950a64f99bc690533335dbea5_i1_1,1,1,/mnt/priorbimda-data/PriorBIMDA-Datasets/Matterport3D/v1/scans/759xd9YjKW5/undistorted_color_images/095e289950a64f99bc690533335dbea5_i1_1.jpg,/mnt/priorbimda-data/PriorBIMDA-Datasets/Matterport3D/v1/scans/759xd9YjKW5/undistorted_depth_images/095e289950a64f99bc690533335dbea5_d1_1.png,1024,1280,406,504,1.4121168655554452,841746,0.6422012329101563,-1.746690034866333,3.4745500087738037,1.602679967880249,True,204624,1.0,True,,1.0,204624,0.9586431980133057,-0.0422363296235946,0.9905956057465617,0.032787434834374726,log-depth Laplacian fallback,,,,0.038774878945242494,0.01660509947260994,0.2225870119876731,0.12275032847743376,0.06540969821008533,0.0274360745631336,0.036597578202921824,0.015894126264551674,5.937752464106779,0.9862880251287205,0.9970858192376323,0.9988832735765896,0.043148258749793715,0.014215812083378505,0.2121969393058052,0.14075799715998963,0.06119426438101898,-0.014800255114643689,0.0426071689009838,0.018504058343217094,5.937752471832681,0.9918799732936063,0.997677446640673,0.9992064114352786,0.04914069556967996,0.01580028431586674,0.22459235468122868,0.16283657062823903,0.066283426953704,-0.025970242511685105,0.049164926552332885,0.021352056304856856,6.09839256903922,0.9924276444438108,0.9977796152283468,0.9993287761391203,0.04977400121041935,0.016218446273079532,0.2288835010769223,0.16618996421864574,0.06718028625616215,-0.02673512256432501,0.04985528621644923,0.021651875697511164,6.163135632882347,0.9924347724848114,0.9977724871873463,0.9994178766516265,0.03726069210956102,0.014952535735837989,0.21077714222362579,0.11682521212708341,0.06204214780684172,0.017987152928754416,0.035440353126147454,0.01539154979938851,5.937752465372395,0.988686610925386,0.997208183941474,0.9989521779729277,0.009185374714434147,0.06469491124153137,0.018066322430968285,ok,
759xd9YjKW5,095e289950a64f99bc690533335dbea5,095e289950a64f99bc690533335dbea5_i1_2,1,2,/mnt/priorbimda-data/PriorBIMDA-Datasets/Matterport3D/v1/scans/759xd9YjKW5/undistorted_color_images/095e289950a64f99bc690533335dbea5_i1_2.jpg,/mnt/priorbimda-data/PriorBIMDA-Datasets/Matterport3D/v1/scans/759xd9YjKW5/undistorted_depth_images/095e289950a64f99bc690533335dbea5_d1_2.png,1024,1280,406,504,1.4121168655554452,1140518,0.8701461791992188,-1.7501699924468994,3.474139928817749,1.6025300025939941,True,204624,1.0,True,,1.0,204624,0.9685236215591431,-0.03198240659343988,1.0000530495619122,0.032035454748273844,log-depth Laplacian fallback,,,,0.017671051995890634,0.005715857826769947,0.15383031290249594,0.06969547612930324,0.0353036619385316,0.0037582324426192353,0.017259638756103948,0.007495765871419446,3.5103051650495694,0.9929242677450071,1.0,1.0,0.034722332596457114,0.00885108422162937,0.20016007911085357,0.15081818103844635,0.045042516052489455,-0.028224174158726453,0.035084345095929545,0.015236937476351601,3.510305179605682,0.994110570810807,0.9999780801355174,1.0,0.04089621568520728,0.011815310647737684,0.21653704281310557,0.1605023902754017,0.05674679402587088,-0.03509967627108018,0.04185631630042901,0.01817796720207347,4.458936373037841,0.9941693160476205,0.9999991232054207,1.0,0.040344182503346745,0.012053013360672632,0.21670119713905442,0.15603871492323343,0.057977513369492105,-0.034259994070847684,0.04136670638411378,0.017965332317132654,4.677226595724347,0.9941018028650139,0.9999973696162621,1.0,0.017671893384866844,0.005717885857652795,0.15384985026100792,0.0696909322029553,0.03530934839070262,0.0038112791261439975,0.017259542732749204,0.00749572416900635,3.510305165079858,0.9929242677450071,1.0,1.0,0.008783960714936256,0.06487726047635078,0.018019510433077812,ok,
759xd9YjKW5,095e289950a64f99bc690533335dbea5,095e289950a64f99bc690533335dbea5_i1_3,1,3,/mnt/priorbimda-data/PriorBIMDA-Datasets/Matterport3D/v1/scans/759xd9YjKW5/undistorted_color_images/095e289950a64f99bc690533335dbea5_i1_3.jpg,/mnt/priorbimda-data/PriorBIMDA-Datasets/Matterport3D/v1/scans/759xd9YjKW5/undistorted_depth_images/095e289950a64f99bc690533335dbea5_d1_3.png,1024,1280,406,504,1.4121168655554452,664999,0.5073539733886718,-1.7522599697113037,3.4769399166107178,1.602560043334961,True,204624,1.0,True,,1.0,204624,0.9738584756851196,-0.026489288068320217,1.0438559973115842,0.06941083440545832,log-depth Laplacian fallback,,,,0.19189733622817112,0.2972840485333794,0.6466788033928681,0.3663731310514719,0.2638412634831876,0.04416257738300129,0.14805097084806737,0.06429771967973485,26.011897100229973,0.79767187619831,0.9452059326405002,0.9705112338514795,0.19842703250012797,0.2851368466976173,0.6612256220919787,0.4257010734323147,0.26071866874880767,0.017673289278312146,0.1597487771802436,0.06937801242017193,26.011897101179603,0.7986027046657213,0.9513427839741112,0.971418002132334,0.18426588126325086,0.277198751854554,0.6578957753962534,0.38666615192921994,0.25545713236781253,0.03109736409196374,0.1447793216680354,0.06287686049412362,25.355729219274675,0.7996718792058334,0.9523698531877491,0.9718390553970758,0.1845808224557967,0.278515443972938,0.6606709590071079,0.38383155263625285,0.2571415332674746,0.03483839098866741,0.14427004369524418,0.06265568388078557,25.47705921892644,0.7913921675070188,0.9513262425958535,0.9716315362880245,0.18732227137428434,0.32923439915452807,0.6588391739470574,0.302772480030911,0.2743091836702933,0.0870841500191425,0.13539077055821516,0.05879946455406209,26.011897097541,0.7804553089553519,0.9327788462839793,0.9687232612379868,0.007614392787218094,0.06203662231564522,0.01814178191125393,ok,
759xd9YjKW5,095e289950a64f99bc690533335dbea5,095e289950a64f99bc690533335dbea5_i1_4,1,4,/mnt/priorbimda-data/PriorBIMDA-Datasets/Matterport3D/v1/scans/759xd9YjKW5/undistorted_color_images/095e289950a64f99bc690533335dbea5_i1_4.jpg,/mnt/priorbimda-data/PriorBIMDA-Datasets/Matterport3D/v1/scans/759xd9YjKW5/undistorted_depth_images/095e289950a64f99bc690533335dbea5_d1_4.png,1024,1280,406,504,1.4121168655554452,747224,0.570086669921875,-1.7508800029754639,3.4801599979400635,1.6027400493621826,True,204624,1.0,True,,1.0,204624,0.9849171042442322,-0.015197799479225164,1.0109593398820698,0.026097520985827738,log-depth Laplacian fallback,,,,0.11786912551820726,0.09078741256806276,0.30649503429900193,0.1502563658066215,0.17344698020847857,0.052236233480947,0.09785231749607057,0.04249672152998845,16.53941681413355,0.9831295568664818,0.9858007772769611,0.9866706636831793,0.11731177142493343,0.08825383269085318,0.31166176690702696,0.16810363367261,0.16949063820314578,0.0370384339768815,0.0990818984669306,0.04303072176068622,16.539416811680468,0.9839633095296725,0.9858395875935463,0.9867349014485616,0.11594353235372942,0.08790795019854998,0.3095618618857859,0.16365838028483284,0.1691212212078679,0.03879005435876925,0.09760470558574068,0.04238918504367867,16.461263361505495,0.9839579563825573,0.9858395875935463,0.986732224875004,0.11553175190692437,0.08754852339769059,0.309866919403462,0.16469100244857704,0.16862009182211454,0.03744929246531442,0.09737869205215079,0.042291028613205134,16.440889835999048,0.984012826140488,0.9858489556009978,0.9867402545956768,0.11862897152760443,0.09324671899681237,0.3052538708213728,0.1383904686910905,0.17703498389545347,0.06313600140943741,0.09732397828917708,0.04226726672786148,16.53941681223706,0.9813429440167875,0.98576865839427,0.9866198087855851,0.007661766372621059,0.058719546534121037,0.01806084904819727,ok,
759xd9YjKW5,095e289950a64f99bc690533335dbea5,095e289950a64f99bc690533335dbea5_i1_5,1,5,/mnt/priorbimda-data/PriorBIMDA-Datasets/Matterport3D/v1/scans/759xd9YjKW5/undistorted_color_images/095e289950a64f99bc690533335dbea5_i1_5.jpg,/mnt/priorbimda-data/PriorBIMDA-Datasets/Matterport3D/v1/scans/759xd9YjKW5/undistorted_depth_images/095e289950a64f99bc690533335dbea5_d1_5.png,1024,1280,406,504,1.4121168655554452,1217466,0.9288528442382813,-1.7474100589752197,3.480570077896118,1.6028900146484375,True,204624,1.0,True,,1.0,204624,0.9855184555053711,-0.0145874255171504,1.0164652663819647,0.030918609203543026,log-depth Laplacian fallback,,,,0.04545865840963851,0.026741766540471085,0.20402821435549717,0.10653109856976369,0.09455596834254604,-0.010442137265221215,0.04178448665969874,0.018146771985467183,9.397761924272634,0.9848833560855087,0.9936277481260257,0.9956762652920081,0.05477913536391351,0.028047662864724633,0.22039814923614015,0.13967168877032327,0.09725364728300051,-0.025029562821698843,0.051832755118629927,0.022510679529863516,9.397761911647319,0.9860497130926038,0.9936121419407195,0.9957082990407946,0.054549889060872235,0.028208134148821493,0.21955110244522277,0.13799529758890539,0.09751658590432932,-0.023994160165588297,0.05147845671703772,0.022356809689104876,9.451859501909947,0.9856841998051691,0.9936104991843715,0.9956976211245324,0.05582919957789681,0.028515545946844193,0.2221307492233698,0.14244079731767964,0.09803228714433543,-0.025635346402420073,0.052819446281354765,0.022939194057177613,9.46211305025329,0.9857006273686493,0.9936129633188935,0.9956976211245324,0.04167839278509751,0.026825377858936475,0.19727451945122132,0.09210253179413004,0.0941619575178629,0.005889085628920379,0.037304943300142446,0.016201331022965535,9.3977619218892,0.9835822930578759,0.9936236412351557,0.9956228757106975,0.008331389166414738,0.06004997156560421,0.01806048024445772,ok,
759xd9YjKW5,095e289950a64f99bc690533335dbea5,095e289950a64f99bc690533335dbea5_i2_0,2,0,/mnt/priorbimda-data/PriorBIMDA-Datasets/Matterport3D/v1/scans/759xd9YjKW5/undistorted_color_images/095e289950a64f99bc690533335dbea5_i2_0.jpg,/mnt/priorbimda-data/PriorBIMDA-Datasets/Matterport3D/v1/scans/759xd9YjKW5/undistorted_depth_images/095e289950a64f99bc690533335dbea5_d2_0.png,1024,1280,406,504,1.4165615917841592,1229155,0.9377708435058594,-1.735640048980713,3.477760076522827,1.6365400552749634,True,204624,1.0,True,,1.0,204624,0.963570773601532,-0.037109339127370876,1.1095515974380838,0.14106530656326174,log-depth Laplacian fallback,,,,0.11978451114389997,0.0346411728362726,0.21660847556523072,0.17288854527451433,0.1470574110228151,-0.088326670700707,0.12064256753388955,0.05239440136260868,11.757670423881617,0.9657130304965607,0.9839678478304201,0.994436828552949,0.14864957332622522,0.04292577948553701,0.25047161700834036,0.21984457699291443,0.17192578031477776,-0.1254360097055714,0.15449083260292748,0.06709451610409035,11.757670435077275,0.963609959687753,0.9850734854432517,0.9956148736326988,0.16239724374333966,0.04843140229650587,0.27426131218695043,0.2447514033316693,0.1860818247747271,-0.1456581216263885,0.1718129621431538,0.07461742137822401,11.580223277538504,0.9072444077435311,0.9864459730465238,0.9970849892812542,0.16365940527041875,0.04891459479623234,0.2762868686482945,0.24707995301170566,0.18749467180167784,-0.1477251751371981,0.17348413549647457,0.07534320274387502,11.546222146097412,0.904288718672584,0.986639602003002,0.9972818725059085,0.06134648908962348,0.03153210157021275,0.19487005910365301,0.0858071696629232,0.11861093938059414,0.015629253037751433,0.05355481406991741,0.02325856022991975,11.75767042837522,0.9640802014392001,0.9787561373463883,0.9893837636425024,0.008517742156982422,0.05897801276296377,0.018181657418608665,ok,
759xd9YjKW5,095e289950a64f99bc690533335dbea5,095e289950a64f99bc690533335dbea5_i2_1,2,1,/mnt/priorbimda-data/PriorBIMDA-Datasets/Matterport3D/v1/scans/759xd9YjKW5/undistorted_color_images/095e289950a64f99bc690533335dbea5_i2_1.jpg,/mnt/priorbimda-data/PriorBIMDA-Datasets/Matterport3D/v1/scans/759xd9YjKW5/undistorted_depth_images/095e289950a64f99bc690533335dbea5_d2_1.png,1024,1280,406,504,1.4165615917841592,1171042,0.8934341430664062,-1.7413699626922607,3.464400053024292,1.6357899904251099,True,204624,1.0,True,,1.0,204624,1.0823142528533936,0.0791015752735476,1.0319596259570796,0.04764203111408009,log-depth Laplacian fallback,,,,0.0581387559717639,0.022017379074736023,0.17905562980060277,0.10627123965142156,0.10139776747854562,-0.018023033485062075,0.05443112122702796,0.023639135592705196,9.978315245385632,0.9760990639106027,0.9847409401199957,0.9946705583574287,0.07434300991382105,0.0326836495429983,0.22672869955736272,0.14194910005460684,0.11699258854828141,0.06107854166212095,0.06619799134926989,0.028749422356067107,9.978315250409771,0.9727644268950217,0.9823601544607281,0.9911830660215432,0.06635168973465914,0.030461063124636933,0.21167945752415088,0.1228373493686476,0.11343791049979576,0.05298413909347579,0.05862095966150051,0.025458759304862782,10.03037414211598,0.9732725213954752,0.9824224921053216,0.9902428777106201,0.06867984801465234,0.03037422577639982,0.21058270642817942,0.12525292305827848,0.11424237349069746,0.05523357018555817,0.060874300975477816,0.026437373003367775,10.000286308573887,0.973363893011523,0.9824634812414926,0.9908636923355439,0.04975291307525017,0.02281824350107205,0.17837432441452922,0.08764020338523988,0.10068375257380252,0.013436536749646984,0.04439944495971434,0.019282433945571085,9.978315244828693,0.9751614374206903,0.9840432708647512,0.9934673564227414,0.007985461503267288,0.05907079856842756,0.018058549612760544,ok,
759xd9YjKW5,095e289950a64f99bc690533335dbea5,095e289950a64f99bc690533335dbea5_i2_2,2,2,/mnt/priorbimda-data/PriorBIMDA-Datasets/Matterport3D/v1/scans/759xd9YjKW5/undistorted_color_images/095e289950a64f99bc690533335dbea5_i2_2.jpg,/mnt/priorbimda-data/PriorBIMDA-Datasets/Matterport3D/v1/scans/759xd9YjKW5/undistorted_depth_images/095e289950a64f99bc690533335dbea5_d2_2.png,1024,1280,406,504,1.4165615917841592,1260982,0.9620529174804687,-1.755810022354126,3.4626998901367188,1.6351699829101562,True,204624,1.0,True,,1.0,204624,1.1956751346588135,0.17871099209181626,1.1413493478822612,0.04649979113997296,log-depth Laplacian fallback,,,,0.12694874633278053,0.03642520025831127,0.28266125243961904,0.2753073452005087,0.1422797858080983,-0.1301116522846593,0.13523027979654928,0.05872976430187419,5.757165439132563,0.9795698907676715,0.9976637255726093,0.9986677050108567,0.056346949662846826,0.016092621464975622,0.19372717170357465,0.14098485484421602,0.07534182915698269,0.04859933976508427,0.05322331648437541,0.023114592657754632,5.75716544413817,0.9919594411339734,0.9964821068024762,0.99796031981424,0.041199719582858146,0.010165859644714694,0.13991800821570102,0.09603283916407136,0.06274090050339547,0.03341208745814599,0.03907063060164827,0.016968159274776174,5.31041712831127,0.9927350271455104,0.9963893219728751,0.9978691210501022,0.041966034894240445,0.010104136284693397,0.1388966498357836,0.09726727260897414,0.0626089796456002,0.03521097536581288,0.03981492869881243,0.017291403831265664,5.176940743384358,0.9926826869852227,0.9963948732019965,0.9979761804688727,0.03269815848615493,0.00773232086086352,0.11649504037624495,0.06993415821093049,0.057609924278928755,0.002099520430227677,0.03147416859329609,0.013669057742561126,5.757165439160978,0.9933472484143311,0.9968199387461518,0.9981712665208544,0.007657189853489399,0.06566963344812393,0.018030431121587753,ok,
759xd9YjKW5,095e289950a64f99bc690533335dbea5,095e289950a64f99bc690533335dbea5_i2_3,2,3,/mnt/priorbimda-data/PriorBIMDA-Datasets/Matterport3D/v1/scans/759xd9YjKW5/undistorted_color_images/095e289950a64f99bc690533335dbea5_i2_3.jpg,/mnt/priorbimda-data/PriorBIMDA-Datasets/Matterport3D/v1/scans/759xd9YjKW5/undistorted_depth_images/095e289950a64f99bc690533335dbea5_d2_3.png,1024,1280,406,504,1.4165615917841592,924524,0.7053558349609375,-1.7645200490951538,3.4743599891662598,1.6352800130844116,True,204624,1.0,True,,1.0,204624,1.0892062187194824,0.08544919123881323,1.2266934420844966,0.11887309982196839,log-depth Laplacian fallback,,,,0.1866384197310335,0.058299163393651286,0.3287904301785269,0.28704645141544194,0.21621694270519012,-0.20065301456673307,0.20707677000796762,0.08993229854480907,8.054895441942051,0.7334065962592642,0.9982066447166326,0.999914550622807,0.11843725159616107,0.027261695775192652,0.22138383330929112,0.18193269710399818,0.14057046265433115,-0.11520382335466976,0.12581796707543025,0.05464204882514441,8.05489544023928,0.9058347863332915,0.9976809688012426,0.9989335052416162,0.09527429400862664,0.01906129985786944,0.17317065594110126,0.13348425571401568,0.12038467603177935,-0.08817279741483776,0.09973486939558254,0.04331430343184301,8.196357739458698,0.9346907165200687,0.996775638058071,0.9988091169077277,0.09296663919502142,0.01846714862918526,0.16918132616562445,0.12873858568509572,0.11893689119339317,-0.08559509375039064,0.09724386025421525,0.042232471907376626,8.258004609232719,0.9326085639745426,0.9967020866954238,0.9987950556178098,0.04971039707516875,0.011306932554449874,0.13080448868738878,0.0705595803540812,0.08063248323254907,0.0036692355147338192,0.04814171432027345,0.020907680878657527,8.054895444997857,0.984647234685092,0.9948178738464334,0.9984554213844097,0.007971233688294888,0.06425079703330994,0.018079381436109543,ok,
759xd9YjKW5,095e289950a64f99bc690533335dbea5,095e289950a64f99bc690533335dbea5_i2_4,2,4,/mnt/priorbimda-data/PriorBIMDA-Datasets/Matterport3D/v1/scans/759xd9YjKW5/undistorted_color_images/095e289950a64f99bc690533335dbea5_i2_4.jpg,/mnt/priorbimda-data/PriorBIMDA-Datasets/Matterport3D/v1/scans/759xd9YjKW5/undistorted_depth_images/095e289950a64f99bc690533335dbea5_d2_4.png,1024,1280,406,504,1.4165615917841592,934722,0.7131362915039062,-1.7587900161743164,3.4877099990844727,1.6360299587249756,True,204624,1.0,True,,1.0,204624,0.9852177500724792,-0.014892596178119078,1.1429178846164887,0.14847713642970917,log-depth Laplacian fallback,,,,0.12322556761331731,0.03386149499695549,0.2548490057453623,0.2139586498023494,0.14482156695422538,-0.11839930321446607,0.13039533579857973,0.05662997480324474,8.339599063148126,0.9960276959352621,0.9967765817002274,0.9972954525516677,0.13266305803135434,0.039108486608902863,0.2772876445935992,0.23358718941402268,0.1572311091336771,-0.13329189929957405,0.14173787095836823,0.06155597523393449,8.33959906741235,0.9948380374057741,0.9968161656620899,0.9973189889614238,0.13251507745383426,0.038580552166548716,0.27448287609839384,0.23174507710474157,0.15702507782946454,-0.13438171511501032,0.14156345958097205,0.06148022933515017,8.123071900517438,0.995351559073179,0.9968161656620899,0.9973189889614238,0.13367281055146457,0.039110909657594777,0.2765656972072416,0.2337368607764903,0.1583437412626732,-0.1360320428970119,0.14292920208958995,0.06207336377034365,8.10433445899533,0.9953676066252853,0.9968183053357041,0.997321128635038,0.04033051621164772,0.012967459322284502,0.11163675261229919,0.036797494183585806,0.08476722437946228,0.015185225584480745,0.0367648266500404,0.015966761342242158,8.339599062872589,0.9952745308230683,0.9965176811929108,0.9969509650997836,0.008534599095582962,0.06400179956108332,0.01800444070249796,ok,
759xd9YjKW5,095e289950a64f99bc690533335dbea5,095e289950a64f99bc690533335dbea5_i2_5,2,5,/mnt/priorbimda-data/PriorBIMDA-Datasets/Matterport3D/v1/scans/759xd9YjKW5/undistorted_color_images/095e289950a64f99bc690533335dbea5_i2_5.jpg,/mnt/priorbimda-data/PriorBIMDA-Datasets/Matterport3D/v1/scans/759xd9YjKW5/undistorted_depth_images/095e289950a64f99bc690533335dbea5_d2_5.png,1024,1280,406,504,1.4165615917841592,1216025,0.9277534484863281,-1.7443499565124512,3.489409923553467,1.6366499662399292,True,204624,1.0,True,,1.0,204624,0.9850974678993225,-0.015014690523439088,1.0938272553580328,0.10469748018890157,log-depth Laplacian fallback,,,,0.09911752922119531,0.02132651801974337,0.18897830413271877,0.169991513446538,0.12280984759941006,-0.09716242904493683,0.10440246849814516,0.04534141596582254,7.5111390943570875,0.9614341810406858,0.996321621677186,0.9992738636130014,0.11219954460219973,0.025711829009353662,0.21184101282589243,0.19726319788376784,0.1350015823121452,-0.1121771197028744,0.11907110247398262,0.05171192275858733,7.511139089345844,0.9229563536933862,0.9963956333134598,0.9993528093583602,0.11114045518534608,0.02533023886907525,0.20997632674669875,0.1951480497891092,0.13366135121887088,-0.11090358006589406,0.11783299314855358,0.05117421871056046,7.460397267050984,0.936215949507617,0.9963882321498324,0.9993445858432187,0.11247666447372796,0.025822849388923364,0.21244338113520989,0.19793847799359968,0.13489114321228385,-0.11244110321183512,0.11933534171789972,0.05182668040412277,7.451589646258247,0.9328352624329269,0.9963898768528607,0.999351987006846,0.04585657955493506,0.011586698792686355,0.1407465421107886,0.0804319330357875,0.07548288656322853,-0.007479646452605524,0.04520113002889941,0.019630601347342402,7.511139096609283,0.9898891881334676,0.9956563393022347,0.9985452601714603,0.008139257319271564,0.06364092230796814,0.017979053780436516,ok,
759xd9YjKW5,112b976211e448f08cc955a8f4315e0c,112b976211e448f08cc955a8f4315e0c_i0_0,0,0,/mnt/priorbimda-data/PriorBIMDA-Datasets/Matterport3D/v1/scans/759xd9YjKW5/undistorted_color_images/112b976211e448f08cc955a8f4315e0c_i0_0.jpg,/mnt/priorbimda-data/PriorBIMDA-Datasets/Matterport3D/v1/scans/759xd9YjKW5/undistorted_depth_images/112b976211e448f08cc955a8f4315e0c_d0_0.png,1024,1280,406,504,1.4155678118069965,1226485,0.9357337951660156,-6.876299858093262,0.9852349758148193,1.5886000394821167,True,204624,1.0,True,,1.0,204624,1.0134563446044922,0.013366612084324348,1.086928959065251,0.06998963887324683,log-depth Laplacian fallback,,,,0.0867817921268024,0.01757395790666917,0.162444980657853,0.12939284512686977,0.10796910952911587,-0.06611272405101533,0.08956785713942243,0.03889882611154993,8.536062517967238,0.991668059535991,0.9938841486035296,0.9984427041504788,0.08019638026601393,0.01645706406640495,0.16096307771722315,0.12359552554404984,0.10034235717821129,-0.05274611193481417,0.08186722787085031,0.035554485313026366,8.536062511392348,0.9915539121962356,0.9938441970346151,0.9982706678027045,0.07139050367486723,0.014569909268308968,0.1524848074805904,0.10971455047710232,0.09383750567810617,-0.04077966892469464,0.07240654536091022,0.0314457631039208,8.451328933535189,0.9913272481930069,0.9940537389368806,0.9984916244389455,0.0683374283625014,0.013914673276696495,0.14942329827826822,0.10587311674686552,0.09085774049588315,-0.038101901261618144,0.069147669849544,0.03003045145212484,8.248256863281565,0.9912897426385158,0.9940790144192551,0.9985552208139521,0.059564629849800155,0.020249212293589457,0.20737873794060288,0.11733282554724882,0.08708487638563538,0.017243531136203662,0.056520394928256376,0.024546495632334294,8.536062516790848,0.9902338797457776,0.9935783968006131,0.9980154669645369,0.008612226694822311,0.05729163624346256,0.018064687959849834,ok,
759xd9YjKW5,112b976211e448f08cc955a8f4315e0c,112b976211e448f08cc955a8f4315e0c_i0_1,0,1,/mnt/priorbimda-data/PriorBIMDA-Datasets/Matterport3D/v1/scans/759xd9YjKW5/undistorted_color_images/112b976211e448f08cc955a8f4315e0c_i0_1.jpg,/mnt/priorbimda-data/PriorBIMDA-Datasets/Matterport3D/v1/scans/759xd9YjKW5/undistorted_depth_images/112b976211e448f08cc955a8f4315e0c_d0_1.png,1024,1280,406,504,1.4155678118069965,1236398,0.9432968139648438,-6.890500068664551,0.9820590019226074,1.58843994140625,True,204624,1.0,True,,1.0,204624,1.149869441986084,0.1396484072225341,1.1629381819994469,0.011301310988502594,log-depth Laplacian fallback,,,,0.13144204659774733,0.03443962168988409,0.256125200379127,0.22114848192643569,0.15630254345257544,-0.13537636576644702,0.14234016318776418,0.061817547425654304,7.812633795086897,0.9197273046381504,1.0,1.0,0.060345023539751935,0.014052410032119805,0.1725348434059642,0.11559456455605137,0.07824305097891555,0.004272041517261144,0.05886474830146609,0.025564635365950533,7.812633799023205,0.9929699012777439,0.998431734765019,1.0,0.04362266797887599,0.006409264938049503,0.10572301817616578,0.07389793013025509,0.063920225565744,-0.018143169961812537,0.04444939599817623,0.019304127405940417,6.129127686802076,0.9932715840692075,1.0,1.0,0.04340369479971213,0.0063377744851964846,0.1035607661194971,0.07238883174891403,0.06501783938589654,-0.019039055617025145,0.04440981432939267,0.019286937305603196,6.216778747568601,0.9934624611168895,1.0,1.0,0.06018597424470118,0.01523861314097112,0.1802458940833017,0.11713591560625536,0.0796633884296468,0.015573399842134916,0.05802610383784511,0.025200416703121224,7.812633789862273,0.9928647571413088,0.9978599124230224,1.0,0.007689839228987694,0.05822937935590744,0.018056602217257023,ok,
759xd9YjKW5,112b976211e448f08cc955a8f4315e0c,112b976211e448f08cc955a8f4315e0c_i0_2,0,2,/mnt/priorbimda-data/PriorBIMDA-Datasets/Matterport3D/v1/scans/759xd9YjKW5/undistorted_color_images/112b976211e448f08cc955a8f4315e0c_i0_2.jpg,/mnt/priorbimda-data/PriorBIMDA-Datasets/Matterport3D/v1/scans/759xd9YjKW5/undistorted_depth_images/112b976211e448f08cc955a8f4315e0c_d0_2.png,1024,1280,406,504,1.4155678118069965,1237639,0.9442436218261718,-6.900350093841553,0.9927679896354675,1.5883699655532837,True,204624,1.0,True,,1.0,204624,1.0950721502304077,0.09082025171914941,1.1341555984679996,0.03506815622660793,log-depth Laplacian fallback,,,,0.12000443442539552,0.027915360532778506,0.2468058079780193,0.2192150062450775,0.1346114229243424,-0.1281766004181812,0.12858249767851393,0.05584266921111632,4.11217009248654,0.9803973533477855,1.0,1.0,0.04378855804641835,0.004591802641793716,0.0953724496154389,0.07538061576624898,0.05555619733999315,-0.0373563486398647,0.04504691383964239,0.019563626107327925,4.112170083030541,0.9992946246845809,1.0,1.0,0.028353953004238576,0.002156164070190978,0.0628900438751941,0.046311580824906065,0.038361640174312456,-0.01754801461372945,0.028795353023567265,0.012505662922591384,3.411279261479131,0.9993107844856214,1.0,1.0,0.027844037904018334,0.0020643321357593273,0.06213888126917183,0.04584886607700866,0.03719110600072753,-0.015737471968639935,0.02823070258651397,0.012260438353574864,3.369733433958276,0.9992946246845809,1.0,1.0,0.02971239450768343,0.002516263768496732,0.06758181392888311,0.04864166673982121,0.041185312652136825,-0.0022881637410973998,0.029753973884675558,0.01292198667280807,4.112170090047576,0.9991637302961526,0.9999789922586473,1.0,0.008093110285699368,0.05877205543220043,0.018053710460662842,ok,
759xd9YjKW5,112b976211e448f08cc955a8f4315e0c,112b976211e448f08cc955a8f4315e0c_i0_3,0,3,/mnt/priorbimda-data/PriorBIMDA-Datasets/Matterport3D/v1/scans/759xd9YjKW5/undistorted_color_images/112b976211e448f08cc955a8f4315e0c_i0_3.jpg,/mnt/priorbimda-data/PriorBIMDA-Datasets/Matterport3D/v1/scans/759xd9YjKW5/undistorted_depth_images/112b976211e448f08cc955a8f4315e0c_d0_3.png,1024,1280,406,504,1.4155678118069965,1196620,0.9129486083984375,-6.895999908447266,1.0066499710083008,1.5884499549865723,True,192924,0.9428219563687544,True,,1.0,192924,1.041614055633545,0.0407714866529574,1.0747174721734067,0.031286323801460826,log-depth Laplacian fallback,,,,0.08127973209573343,0.029299152735883422,0.35556947884550644,0.16711276520285007,0.10586778945770223,-0.056582709713393506,0.08416448586252562,0.03655217178231914,8.947840972072656,0.9727340341963197,0.9967683976533904,0.9988409018736106,0.06776096997218066,0.02673042957196553,0.33329958075799504,0.15383687880268704,0.09086462765776819,-0.01581122309571584,0.06763425295163689,0.029373182844544647,8.947840959473046,0.9737627651217596,0.9967550266584212,0.9987598402166101,0.044901784092798894,0.024907294192176875,0.36183341159575527,0.11980077478569491,0.07936219020178237,-0.005588632442289215,0.045036401877807,0.01955906082030882,7.916517176794903,0.9724465578044826,0.9965427621132857,0.9988584513045077,0.04210621447513905,0.024549758228857126,0.3652268892215898,0.11474132732572287,0.07831643054546802,-0.006907092337969572,0.042456690343185235,0.01843870633592044,7.801125155269513,0.9723462753422139,0.9964466580869449,0.9988826862328893,0.06456584656262433,0.028841286875200614,0.3295772378106002,0.15610135899369568,0.09080675068934634,0.01547514674965566,0.06239343587361141,0.02709712490689383,8.947840970778214,0.981514599455132,0.9966865003092042,0.9987005064264345,0.009364726021885872,0.05897641181945801,0.01803508121520281,ok,
759xd9YjKW5,112b976211e448f08cc955a8f4315e0c,112b976211e448f08cc955a8f4315e0c_i0_4,0,4,/mnt/priorbimda-data/PriorBIMDA-Datasets/Matterport3D/v1/scans/759xd9YjKW5/undistorted_color_images/112b976211e448f08cc955a8f4315e0c_i0_4.jpg,/mnt/priorbimda-data/PriorBIMDA-Datasets/Matterport3D/v1/scans/759xd9YjKW5/undistorted_depth_images/112b976211e448f08cc955a8f4315e0c_d0_4.png,1024,1280,406,504,1.4155678118069965,1223386,0.9333694458007813,-6.881800174713135,1.0098299980163574,1.5886199474334717,True,204624,1.0,True,,1.0,204624,1.0023525953292847,0.002349832309556002,1.048918605816846,0.04540990192720389,log-depth Laplacian fallback,,,,0.09144302574616228,0.02403653773385762,0.22357450002532664,0.1526480817688471,0.12189953965861552,-0.04277078497007368,0.09497317524372421,0.04124632593717996,11.41497162590696,0.9640947337962017,0.9902867941925116,1.0,0.09109338052341241,0.023983322700216858,0.2236966269232381,0.1527887453902996,0.12109504999011698,-0.0404209525420429,0.09440907211596566,0.04100133906157005,11.414971628393495,0.9649816165952528,0.9904257527877547,1.0,0.061917758032829055,0.01699511999871836,0.19322727695256492,0.10454434179574959,0.1001843364849951,-0.030517572651975702,0.06452077785168185,0.028021017789090975,9.542315775727664,0.9681506899702955,0.9904633533488204,1.0,0.06012736570026034,0.016522447667509363,0.19095159098615966,0.10077859367507333,0.09933944311209428,-0.03107711047913633,0.06282967536365051,0.02728658131020609,9.435326259376815,0.9682365173379457,0.9908728725030367,1.0,0.09005686958699673,0.026455101816995216,0.23965822150193408,0.16392971520246793,0.11425868601848932,0.004988948387405058,0.08929921052660227,0.038782154370020146,11.41497162706046,0.9728662907700432,0.9915578566372347,1.0,0.008626560680568218,0.05774350557476282,0.018067498691380024,ok,
759xd9YjKW5,112b976211e448f08cc955a8f4315e0c,112b976211e448f08cc955a8f4315e0c_i0_5,0,5,/mnt/priorbimda-data/PriorBIMDA-Datasets/Matterport3D/v1/scans/759xd9YjKW5/undistorted_color_images/112b976211e448f08cc955a8f4315e0c_i0_5.jpg,/mnt/priorbimda-data/PriorBIMDA-Datasets/Matterport3D/v1/scans/759xd9YjKW5/undistorted_depth_images/112b976211e448f08cc955a8f4315e0c_d0_5.png,1024,1280,406,504,1.4155678118069965,1247737,0.9519477844238281,-6.871950149536133,0.999118983745575,1.5886900424957275,True,204624,1.0,True,,1.0,204624,0.9509507417678833,-0.05029301402650128,1.1253445969935267,0.16838231121872294,log-depth Laplacian fallback,,,,0.10613668148581995,0.023526738642012886,0.22009824204299933,0.18577703187810524,0.12498460854301001,-0.11082250503478493,0.1134730968757538,0.04928073981761301,5.778862128883609,0.9910726379036607,1.0,1.0,0.1479512926398901,0.04236998783345034,0.2949592142215135,0.2615559887108425,0.17116581202825254,-0.16111551898485835,0.16166670112154294,0.0702109562045883,5.778862128075763,0.8791163522441027,1.0,1.0,0.146632372067996,0.040570479092679045,0.2815240992730363,0.25075814635411153,0.17240489052948788,-0.15997329705884117,0.16052818156249943,0.06971650344255681,6.428056087658584,0.8202401627907163,1.0,1.0,0.14633270604540224,0.040499312138599815,0.2816972277724065,0.25074296610121477,0.1719281026828529,-0.15961420260209674,0.16015443916076982,0.06955418917983246,6.3895060997094495,0.824180095645156,1.0,1.0,0.0457653657198976,0.008666122926817784,0.153738259426598,0.09723514590058877,0.05824372494964479,0.007266825121237843,0.04505718825346902,0.019568088228557608,5.778862127328547,0.9980340408275141,1.0,1.0,0.009710348211228848,0.0581385288387537,0.018032822757959366,ok,
759xd9YjKW5,112b976211e448f08cc955a8f4315e0c,112b976211e448f08cc955a8f4315e0c_i1_0,1,0,/mnt/priorbimda-data/PriorBIMDA-Datasets/Matterport3D/v1/scans/759xd9YjKW5/undistorted_color_images/112b976211e448f08cc955a8f4315e0c_i1_0.jpg,/mnt/priorbimda-data/PriorBIMDA-Datasets/Matterport3D/v1/scans/759xd9YjKW5/undistorted_depth_images/112b976211e448f08cc955a8f4315e0c_d1_0.png,1024,1280,406,504,1.4121168655554452,1101225,0.8401679992675781,-6.8841400146484375,0.9932699799537659,1.6217999458312988,True,204624,1.0,True,,1.0,204624,0.9678145051002502,-0.032714837030903735,1.2472353569438621,0.25364422444748386,log-depth Laplacian fallback,,,,0.14603653182238424,0.04885729760855457,0.2758160294298476,0.218595856575179,0.20626868288354078,-0.1545412544515803,0.16350098643286742,0.07100757619353279,13.661540985936627,0.5050094213262503,0.9841031578469431,0.9979277622647507,0.17154414435533677,0.06040459105626584,0.31753567114378956,0.2811193595483773,0.23179433557320375,-0.1872560915034087,0.19419978621216497,0.08433989553873443,13.661540981415685,0.44817907330472884,0.9782569411337374,0.998282821403437,0.18189505544347384,0.06773197429671107,0.32689769458262624,0.28554941323350763,0.253736186387914,-0.20302488830495244,0.20924714476431536,0.0908748803251531,15.219378111947885,0.4444604871847261,0.9777556811732389,0.9985325433040477,0.18330479647915313,0.06827131642412684,0.32817297075092905,0.2881710712019167,0.25518524549021404,-0.2050399175835865,0.21103971064724455,0.09165338179655728,15.191491603268211,0.4413757406524552,0.9777847397216736,0.9986015573565802,0.12627093372389353,0.09579628152020268,0.5828934183383278,0.39534091696912077,0.15189189622120894,0.06638808577678802,0.1157641280565046,0.050275722017281345,13.661540983567097,0.930055165838044,0.9953769665599673,0.9973311539422007,0.008100544102489948,0.059310562908649445,0.01804323587566614,ok,
759xd9YjKW5,112b976211e448f08cc955a8f4315e0c,112b976211e448f08cc955a8f4315e0c_i1_1,1,1,/mnt/priorbimda-data/PriorBIMDA-Datasets/Matterport3D/v1/scans/759xd9YjKW5/undistorted_color_images/112b976211e448f08cc955a8f4315e0c_i1_1.jpg,/mnt/priorbimda-data/PriorBIMDA-Datasets/Matterport3D/v1/scans/759xd9YjKW5/undistorted_depth_images/112b976211e448f08cc955a8f4315e0c_d1_1.png,1024,1280,406,504,1.4121168655554452,1121969,0.8559944152832031,-6.88755989074707,0.9925060272216797,1.6217600107192993,True,204624,1.0,True,,1.0,204624,1.0141370296478271,0.014038033758462964,0.9862627064497478,0.02787055706427157,log-depth Laplacian fallback,,,,0.09215036484337003,0.22930120917044064,1.0930148077861366,0.38439076361070523,0.23058508424050528,-0.00822137252757372,0.09717618198893088,0.04220307961021883,23.043847358452055,0.9202696331182055,0.9377906163182762,0.9434324834286866,0.09846592254476429,0.23397700447539357,1.0944961528991017,0.40384849479493196,0.23051187306582155,0.005816661366138795,0.10216016174808651,0.04436759451753761,23.04384735127038,0.9191457161472376,0.9376203798857188,0.9433148331192751,0.09703127643500144,0.20767993709529547,1.0168927732097874,0.39040686975102545,0.2082232213851596,0.01758374780818517,0.09793114486183822,0.042530955819964286,20.747944895104993,0.9184754658996818,0.9380793943504678,0.9445991823303496,0.0951252215408152,0.20461330770442404,1.0169613994147404,0.3858751496113109,0.2087259651787323,0.015759172195799934,0.0966395065604667,0.0419700044330638,20.813019250338595,0.9185369649250559,0.938107024347375,0.9442319707585504,0.08976067312604245,0.22602711763232974,1.0937603634475461,0.3779993491212405,0.23149139431627766,-0.02205392360048375,0.09604196477868056,0.04171049533452746,23.043847355925262,0.9211404236658945,0.9383351946444153,0.9435198298705223,0.0083380825817585,0.05754735507071018,0.018056033179163933,ok,
759xd9YjKW5,112b976211e448f08cc955a8f4315e0c,112b976211e448f08cc955a8f4315e0c_i1_2,1,2,/mnt/priorbimda-data/PriorBIMDA-Datasets/Matterport3D/v1/scans/759xd9YjKW5/undistorted_color_images/112b976211e448f08cc955a8f4315e0c_i1_2.jpg,/mnt/priorbimda-data/PriorBIMDA-Datasets/Matterport3D/v1/scans/759xd9YjKW5/undistorted_depth_images/112b976211e448f08cc955a8f4315e0c_d1_2.png,1024,1280,406,504,1.4121168655554452,1167842,0.8909927368164062,-6.88992977142334,0.9950820207595825,1.6217399835586548,True,204624,1.0,True,,1.0,204624,0.9721956253051758,-0.028198234169863244,0.9984448126171936,0.026641836227898723,log-depth Laplacian fallback,,,,0.012819273827643602,0.0033376185492993604,0.12624376144204297,0.058526523291627476,0.025339473518866593,0.0008657462708753248,0.01270775508264776,0.0055189079097719244,2.5324679694081165,0.9990118526307497,0.999642931149933,0.9997927801877309,0.029512959747374844,0.0066557801782945285,0.18340356907662475,0.13434402037434404,0.03726129768684864,-0.02733248797160379,0.029932509688549772,0.012999523787252802,2.532467979244922,0.999136013262068,0.9996643381553326,0.9999426292255288,0.02636156106980795,0.0059775433524562275,0.1735653966674123,0.12021009018560239,0.0352152939587099,-0.02401065440904319,0.026711230055403535,0.011600539817910044,2.576053965754298,0.9991437197840118,0.9996660507157646,0.9999648925111445,0.024281738709814666,0.005639791503362708,0.16945522634014368,0.11094106706644065,0.034038632007320185,-0.02205394944905927,0.024597801690199542,0.010682689541004145,2.592781870169761,0.9991565639872517,0.9996651944355487,0.9999691739122244,0.012717435594201701,0.0033426294915454595,0.1268308623573882,0.05812537259848988,0.025334096103400396,-0.0006906687043518274,0.012625768432789819,0.005483301560148885,2.5324679704137547,0.9990161340318297,0.9996437874301489,0.9998021992701067,0.008937347680330276,0.05923001654446125,0.01811203360557556,ok,
759xd9YjKW5,112b976211e448f08cc955a8f4315e0c,112b976211e448f08cc955a8f4315e0c_i1_3,1,3,/mnt/priorbimda-data/PriorBIMDA-Datasets/Matterport3D/v1/scans/759xd9YjKW5/undistorted_color_images/112b976211e448f08cc955a8f4315e0c_i1_3.jpg,/mnt/priorbimda-data/PriorBIMDA-Datasets/Matterport3D/v1/scans/759xd9YjKW5/undistorted_depth_images/112b976211e448f08cc955a8f4315e0c_d1_3.png,1024,1280,406,504,1.4121168655554452,1263757,0.9641700744628906,-6.888879776000977,0.9984220266342163,1.6217600107192993,True,193577,0.9460131753850965,True,,1.0,193577,0.9885910153388977,-0.011474566417926768,1.0345628811680998,0.04545356689020245,log-depth Laplacian fallback,,,,0.06390678973415426,0.05635707486010481,0.4386376181608133,0.23896127254105956,0.10964139378130494,-0.02097455456763022,0.060561964801876804,0.026301727126674068,10.761646384729742,0.965255187508358,0.9894093563873435,0.9919913401073149,0.06966708374628343,0.05813465241793511,0.45389888880963913,0.26388136376436255,0.11240217405639732,-0.032449121139057416,0.06708585455749605,0.029135016448084635,10.7616463749314,0.9649378796714875,0.9894837377755376,0.9921757109950726,0.0658086842102956,0.05734687983764055,0.4478568327056204,0.24983380297191368,0.11122158572505876,-0.025878471807961975,0.06299892681184123,0.02736008628020948,10.816906132569107,0.9659752626493859,0.9895446672105476,0.9922675007932696,0.06598830639311476,0.05717116062245081,0.4460792527394533,0.24915808117266475,0.11112781758502985,-0.023399096416163254,0.0630999141506733,0.02740394452420633,10.863643094339377,0.9658264998729977,0.9896016401887389,0.9922817440378174,0.05765866920220832,0.05622818226105361,0.4134828679556638,0.19402650641714642,0.10839934279672299,0.01300439267939276,0.05229205659447203,0.022710151626351767,10.761646384174503,0.9661058257244075,0.9890825530541077,0.9916740322704444,0.011017453856766224,0.058343823067843914,0.018012003041803837,ok,
759xd9YjKW5,112b976211e448f08cc955a8f4315e0c,112b976211e448f08cc955a8f4315e0c_i1_4,1,4,/mnt/priorbimda-data/PriorBIMDA-Datasets/Matterport3D/v1/scans/759xd9YjKW5/undistorted_color_images/112b976211e448f08cc955a8f4315e0c_i1_4.jpg,/mnt/priorbimda-data/PriorBIMDA-Datasets/Matterport3D/v1/scans/759xd9YjKW5/undistorted_depth_images/112b976211e448f08cc955a8f4315e0c_d1_4.png,1024,1280,406,504,1.4121168655554452,1301611,0.9930503845214844,-6.885469913482666,0.9991859793663025,1.6217999458312988,True,204624,1.0,True,,1.0,204624,0.9007818102836609,-0.10449221464732464,1.0684307452661121,0.17068319341142352,log-depth Laplacian fallback,,,,0.14880344449608005,0.0614520323735553,0.33092903546286867,0.24137244987122328,0.18071482087541785,-0.04558090106862642,0.14931170163664043,0.06484524810437767,17.487203304647217,0.9610075514112896,0.9803820035325455,0.9945905497110888,0.17321505735433657,0.06801716635664576,0.34921534111210983,0.2859592272284492,0.23043907658813526,-0.15007311565069972,0.19012418738638726,0.08256988545824788,17.487203314905493,0.4975272950213236,0.9876015184260121,0.996999871697458,0.1746003750354732,0.0689856428483497,0.3635944553275927,0.30038295262814463,0.22812509096527517,-0.1566449491277211,0.19149788142985255,0.08316647320114821,16.584154196307015,0.4990200605249956,0.9897319552462295,0.9969614577627264,0.17352605757195882,0.06812714069688466,0.36129811566260234,0.29814730729403943,0.2281558891842355,-0.1582986812981445,0.19079552052097987,0.08286144173412019,16.430653446749346,0.49898932937721024,0.9899501463955053,0.9966349393175074,0.15445542511899016,0.0827960459169236,0.421403476541877,0.3041421005292899,0.17608238023803655,0.02061011148009955,0.14495829406142693,0.06295458721698664,17.48720330272121,0.909401503214094,0.9758122818568682,0.9905255871377854,0.008813704364001751,0.05733262561261654,0.0180943226441741,ok,
759xd9YjKW5,112b976211e448f08cc955a8f4315e0c,112b976211e448f08cc955a8f4315e0c_i1_5,1,5,/mnt/priorbimda-data/PriorBIMDA-Datasets/Matterport3D/v1/scans/759xd9YjKW5/undistorted_color_images/112b976211e448f08cc955a8f4315e0c_i1_5.jpg,/mnt/priorbimda-data/PriorBIMDA-Datasets/Matterport3D/v1/scans/759xd9YjKW5/undistorted_depth_images/112b976211e448f08cc955a8f4315e0c_d1_5.png,1024,1280,406,504,1.4121168655554452,976596,0.7450836181640625,-6.8831000328063965,0.9966099858283997,1.6218199729919434,True,204624,1.0,True,,1.0,204624,0.974334180355072,-0.026000933204717004,1.0436244312551581,0.06870061776609235,log-depth Laplacian fallback,,,,0.047109710874596256,0.016868237436315825,0.26732553255234054,0.18618681231992903,0.0642149479194007,-0.03740986752549601,0.04750593836209157,0.02063156688829237,5.21925411147626,0.9932674309540486,0.997964357830669,0.9992402180635596,0.0687927582796803,0.02596984932061484,0.3407971665843873,0.27882711190344955,0.08212789401996314,-0.06341080068088692,0.0706877025893245,0.03069927917296183,5.219254097247161,0.993835731459068,0.9980155560743644,0.9992484097825508,0.06109333056119272,0.02237562826278888,0.3126700719371009,0.24451509997041687,0.0757997405268745,-0.05439271348427557,0.062414077077037194,0.0271060892676415,5.279236103603446,0.9935654047323561,0.9979940528120124,0.999246361852803,0.061761183273988066,0.02265309009676899,0.31495587912005485,0.2474448700723196,0.076304549347612,-0.055177717687428,0.06312898364591177,0.027416569245580124,5.270487379691416,0.993588955924456,0.9979950767768863,0.999246361852803,0.027354827830155123,0.013505727231214813,0.23607886916591683,0.10954701792539104,0.05245991998112439,0.0052897881688872645,0.026270609244752375,0.011409180631232505,5.219254109117771,0.9917734662030153,0.9978896083948736,0.9992064272227206,0.008389557711780071,0.05887601524591446,0.01799134537577629,ok,
759xd9YjKW5,112b976211e448f08cc955a8f4315e0c,112b976211e448f08cc955a8f4315e0c_i2_0,2,0,/mnt/priorbimda-data/PriorBIMDA-Datasets/Matterport3D/v1/scans/759xd9YjKW5/undistorted_color_images/112b976211e448f08cc955a8f4315e0c_i2_0.jpg,/mnt/priorbimda-data/PriorBIMDA-Datasets/Matterport3D/v1/scans/759xd9YjKW5/undistorted_depth_images/112b976211e448f08cc955a8f4315e0c_d2_0.png,1024,1280,406,504,1.4165615917841592,1238493,0.9448951721191406,-6.877019882202148,0.985040009021759,1.6550999879837036,True,204624,1.0,True,,1.0,204624,0.9930055141448975,-0.007019061936372868,1.0199497744941879,0.02677244732821725,log-depth Laplacian fallback,,,,0.030110321430566016,0.004315865658664179,0.09212294372514357,0.06011799788284705,0.043857868028665446,-0.01940822135840981,0.030218065922511268,0.013123539283935328,3.9329804623501503,0.9958594840665228,0.9990690298612911,0.9997206282150969,0.034101493048112975,0.004928083999840988,0.09966938487921365,0.07011256317411438,0.04738390899660053,-0.02642728330017377,0.034434012109838444,0.01495450144909259,3.9329804591053805,0.9962833863413035,0.9990972900129431,0.9997278951112359,0.025028970607909203,0.0036546232567934607,0.08425332525972314,0.0480293603458215,0.03964135164227517,-0.01244362726069398,0.024920446510385264,0.010822812406025468,3.7637652698108393,0.9967008291528495,0.9990278507831696,0.9997190133492883,0.024134165496303515,0.0035918638828913688,0.08354664275055387,0.04639436159412946,0.0391302795342881,-0.010899691548821014,0.023989302279128263,0.010418421604534496,3.7581584593682127,0.9966015149056151,0.9990213913199348,0.9997182059163838,0.024636644042851066,0.0036688684365478786,0.0833677779145615,0.045510297626396724,0.03933131936665732,0.00034518298551732435,0.024220952604564003,0.010519026062602336,3.9329804624845295,0.9954493081511159,0.9989705230469611,0.9996851011673058,0.007809984497725964,0.05892456974834204,0.018023350276052952,ok,
759xd9YjKW5,112b976211e448f08cc955a8f4315e0c,112b976211e448f08cc955a8f4315e0c_i2_1,2,1,/mnt/priorbimda-data/PriorBIMDA-Datasets/Matterport3D/v1/scans/759xd9YjKW5/undistorted_color_images/112b976211e448f08cc955a8f4315e0c_i2_1.jpg,/mnt/priorbimda-data/PriorBIMDA-Datasets/Matterport3D/v1/scans/759xd9YjKW5/undistorted_depth_images/112b976211e448f08cc955a8f4315e0c_d2_1.png,1024,1280,406,504,1.4165615917841592,1257700,0.9595489501953125,-6.8912200927734375,0.9818639755249023,1.6549400091171265,True,204624,1.0,True,,1.0,204624,1.0114789009094238,0.011413518198441741,1.007765665191105,0.0036778505845927673,log-depth Laplacian fallback,,,,0.029469234903491046,0.007076392340254173,0.13599216310424142,0.07050321466253398,0.04641254123514096,-0.004694273559051623,0.02897434453381094,0.012583397947797741,4.617453605242232,0.9927120935040152,0.9986228830404708,0.9996016538125149,0.029346006333131155,0.0077193718175817844,0.14558842960984097,0.0747601134191117,0.04666086199457267,0.006719244758437349,0.02851802334953576,0.012385220175491476,4.617453618557277,0.9922135644430309,0.9985592748668204,0.9995698497256897,0.03219529405600946,0.007939591168774133,0.14411349132357854,0.07911396223903318,0.0488312732729585,0.013535989025692138,0.03120547394479763,0.013552365139401314,4.691769656062298,0.9918502027510535,0.9985521189472847,0.9996016538125149,0.033236892015666306,0.008219193248045324,0.14664159858483464,0.0818448431688812,0.04990465210345313,0.015879997875377073,0.03215492864905282,0.013964708078276426,4.731067500094147,0.9918287349924465,0.9985648405820148,0.9996016538125149,0.02908815200458816,0.007441288108674021,0.14190196667851498,0.07263936841631008,0.046274590960725594,0.0030413796872774705,0.028367533502633796,0.012319863265399482,4.617453603643769,0.9923725848771567,0.9985791524210861,0.9995793909517373,0.007618576288223267,0.05967120174318552,0.01807601097971201,ok,
759xd9YjKW5,112b976211e448f08cc955a8f4315e0c,112b976211e448f08cc955a8f4315e0c_i2_2,2,2,/mnt/priorbimda-data/PriorBIMDA-Datasets/Matterport3D/v1/scans/759xd9YjKW5/undistorted_color_images/112b976211e448f08cc955a8f4315e0c_i2_2.jpg,/mnt/priorbimda-data/PriorBIMDA-Datasets/Matterport3D/v1/scans/759xd9YjKW5/undistorted_depth_images/112b976211e448f08cc955a8f4315e0c_d2_2.png,1024,1280,406,504,1.4165615917841592,1249286,0.9531295776367188,-6.9010701179504395,0.9925730228424072,1.654860019683838,True,204624,1.0,True,,1.0,204624,1.1398074626922607,0.13085935576727095,1.1761666566374407,0.03140119849632231,log-depth Laplacian fallback,,,,0.14981199269939452,0.059553621128906734,0.4167465462238463,0.39824245618206616,0.16270859432033197,-0.16213621274434195,0.16232826576026574,0.070498270076608,1.3635805169473785,0.9998807318740465,0.9999255574784317,1.0,0.031337274317048414,0.0029610848958974106,0.09106502660287649,0.08096678479621262,0.034120037630238735,-0.03127685704239004,0.031840153188457274,0.013828002832701214,1.3635805126167058,0.9996510006515722,0.9998991423901332,1.0,0.024356905741013346,0.002287971143864135,0.07259044007690595,0.05550579103989155,0.03324308765452555,-0.022559653691672652,0.024809159260741547,0.010774480967599013,2.4416488324865013,0.9996165809910621,0.9998999428473544,1.0,0.022940115700638468,0.002131135693846708,0.07132049941282055,0.05299590364761087,0.03170889618305873,-0.018017732602295028,0.023323303930221573,0.010129182196647655,2.6092439690841314,0.9995981704749753,0.9999007433045756,1.0,0.00835497739462691,0.0006774134603708706,0.04594906103452446,0.023972123564121244,0.013636372013164436,0.0001243389748095921,0.008306555957500168,0.0036074914159629056,1.363580512843879,0.9994909092073392,0.999892738732364,1.0,0.007742078043520451,0.05907441955059767,0.018039007671177387,ok,
759xd9YjKW5,112b976211e448f08cc955a8f4315e0c,112b976211e448f08cc955a8f4315e0c_i2_3,2,3,/mnt/priorbimda-data/PriorBIMDA-Datasets/Matterport3D/v1/scans/759xd9YjKW5/undistorted_color_images/112b976211e448f08cc955a8f4315e0c_i2_3.jpg,/mnt/priorbimda-data/PriorBIMDA-Datasets/Matterport3D/v1/scans/759xd9YjKW5/undistorted_depth_images/112b976211e448f08cc955a8f4315e0c_d2_3.png,1024,1280,406,504,1.4165615917841592,1262407,0.9631401062011719,-6.896719932556152,1.0064599514007568,1.6549500226974487,True,204624,1.0,True,,1.0,204624,1.129833459854126,0.12207024120258701,1.1555553080814143,0.022510773448183072,log-depth Laplacian fallback,,,,0.1299586533362643,0.04238030332571314,0.30991331893918705,0.2973820555476945,0.1474063466920737,-0.13412188364078176,0.13909898578986735,0.06040992196687822,6.115514184230483,0.9952828208335347,0.9982953199720851,0.9993045032228116,0.04379541235318127,0.012610172716609065,0.1748738030796795,0.10511399936833232,0.0623313199803011,-0.012051642395757284,0.04306766100788068,0.018704047524202412,6.115514177934239,0.9935916071441302,0.9964551844215059,0.9987706025077491,0.04144726979063298,0.01167905170714242,0.157920010377461,0.0871017916632295,0.06684683065336194,-0.028173836849378808,0.0417322218940252,0.018124073686137217,6.061958170083191,0.9940447098281299,0.996856798164142,0.9988949681045811,0.04019946289930378,0.011248503309320744,0.15534435330961693,0.08531871325524701,0.06544474224457658,-0.024608217980524528,0.04040141140491907,0.01754611003425945,6.0641981294166625,0.9940328277647383,0.9969106635181839,0.9989409120830287,0.040232929878689344,0.014458620461940753,0.19582003326883418,0.10747226627371341,0.06204309688281754,0.010459182404003878,0.03857390027775834,0.016752432036116757,6.115514184637673,0.9931488022484033,0.9962096217780795,0.998678714550854,0.007836507633328438,0.059625343419611454,0.01802771631628275,ok,
759xd9YjKW5,112b976211e448f08cc955a8f4315e0c,112b976211e448f08cc955a8f4315e0c_i2_4,2,4,/mnt/priorbimda-data/PriorBIMDA-Datasets/Matterport3D/v1/scans/759xd9YjKW5/undistorted_color_images/112b976211e448f08cc955a8f4315e0c_i2_4.jpg,/mnt/priorbimda-data/PriorBIMDA-Datasets/Matterport3D/v1/scans/759xd9YjKW5/undistorted_depth_images/112b976211e448f08cc955a8f4315e0c_d2_4.png,1024,1280,406,504,1.4165615917841592,1246603,0.9510826110839844,-6.8825201988220215,1.0096299648284912,1.6551100015640259,True,204624,1.0,True,,1.0,204624,1.0479909181594849,0.04687491998294734,1.1037769187675863,0.05186294112009598,log-depth Laplacian fallback,,,,0.09262425497702653,0.019514430111758668,0.19893432433181113,0.17751673521414746,0.10364031735611247,-0.09067822072953724,0.09666108188237031,0.0419793744763118,5.0187405461938654,0.9910524842311466,0.9982239734703029,1.0,0.05213695609582803,0.009720829252313113,0.1412275327263919,0.09791225378545025,0.06661459921459098,-0.04380330072996936,0.052796714230259244,0.02292932165282449,5.018740552848344,0.9927715559805327,0.9977771592078633,0.9998828817193606,0.04515627003801203,0.00878883915056427,0.13203719911454523,0.07923099854982352,0.0649843075004772,-0.035052971312264425,0.04569005336509289,0.019842938054324945,5.471973522869189,0.9920824833567704,0.9978381248881961,1.0,0.04405907004549765,0.008501513042248754,0.12954286308463664,0.07712683011744846,0.064034953885312,-0.032793033379331975,0.04453113193855448,0.01933962487381987,5.50008389106571,0.9921105596569236,0.9978806404284283,1.0,0.026795390311427688,0.008310821430455835,0.14235714420680398,0.06152753965147249,0.0508304403279119,0.008059652164366889,0.025585985038935073,0.011111852116468665,5.018740550097035,0.9915610663539234,0.9971538653444602,0.999522702897394,0.007730515673756599,0.05968603026121855,0.018082216382026672,ok,
759xd9YjKW5,112b976211e448f08cc955a8f4315e0c,112b976211e448f08cc955a8f4315e0c_i2_5,2,5,/mnt/priorbimda-data/PriorBIMDA-Datasets/Matterport3D/v1/scans/759xd9YjKW5/undistorted_color_images/112b976211e448f08cc955a8f4315e0c_i2_5.jpg,/mnt/priorbimda-data/PriorBIMDA-Datasets/Matterport3D/v1/scans/759xd9YjKW5/undistorted_depth_images/112b976211e448f08cc955a8f4315e0c_d2_5.png,1024,1280,406,504,1.4165615917841592,1253161,0.9560859680175782,-6.8726701736450195,0.9989240169525146,1.6551899909973145,True,204624,1.0,True,,1.0,204624,0.8722155690193176,-0.13671867344693628,1.1356892625648223,0.26395841985334256,log-depth Laplacian fallback,,,,0.12229866240609212,0.035703855961004234,0.29884087305302104,0.29057412677560357,0.13525093325686754,-0.12884252945893618,0.13083357201343226,0.056820298373125314,4.113900277688809,0.9847737042566758,1.0,1.0,0.2330600948119087,0.13163229448296712,0.5890476268200039,0.5692073273274878,0.2687288038297918,-0.2655612028488918,0.26603932440692024,0.11553941055919448,4.113900277401574,0.02027512825566707,0.9959494430484191,1.0,0.24048679347789187,0.13888358227221384,0.5851496331276203,0.5703056252693689,0.28994407580864484,-0.27767327006008097,0.2783120704908343,0.12086939646123825,8.345730759298748,0.35376380209725644,0.9984487228696073,1.0,0.24093943745415713,0.13954991222088017,0.5858610156325569,0.5710767446636228,0.2910307937513254,-0.27837910749962774,0.2790225572041076,0.12117795692027837,8.487635371077856,0.3586689978382666,0.9990567852015823,1.0,0.026276371986561783,0.003857048566614954,0.09648167705174075,0.06143992031975876,0.04117021344322906,-0.001602786567440488,0.026208403084034937,0.011382164838892534,4.113900278543794,0.9946870354248177,1.0,1.0,0.0086853988468647,0.059510307386517525,0.018007383681833744,ok,
759xd9YjKW5,146714339e954166a2f701202e030c29,146714339e954166a2f701202e030c29_i0_0,0,0,/mnt/priorbimda-data/PriorBIMDA-Datasets/Matterport3D/v1/scans/759xd9YjKW5/undistorted_color_images/146714339e954166a2f701202e030c29_i0_0.jpg,/mnt/priorbimda-data/PriorBIMDA-Datasets/Matterport3D/v1/scans/759xd9YjKW5/undistorted_depth_images/146714339e954166a2f701202e030c29_d0_0.png,1024,1280,406,504,1.4155678118069965,1243696,0.94886474609375,-7.065859794616699,-4.934760093688965,1.567520022392273,True,76719,0.3749266948158574,True,,1.0,76719,1.022465467453003,0.02221683570241074,1.3664758341841625,0.2900182060662901,log-depth Laplacian fallback,,,,0.21511219006234125,0.1201571723771032,0.5319875302763846,0.474337021678376,0.2770044040114402,-0.22457735821553967,0.24719563625701435,0.10735570077698475,16.21618019715567,0.3212143482008465,0.9959604276286166,0.9997378780666658,0.2028642902062112,0.10753104376443202,0.4995509355325061,0.44096062945602194,0.259318782816755,-0.20236052260702506,0.23030470022615104,0.10002006046459995,16.21618019503208,0.3399745596994764,0.9956637313298426,0.9996421955204488,0.19733581253109655,0.10356117006847679,0.4863779411280991,0.4230068596984897,0.2569698412591023,-0.2014198316984035,0.2247399379458545,0.09760331491316392,15.957302627736006,0.33221221263073936,0.9958856505126654,0.9997105401963181,0.19739079587492292,0.10361156336405511,0.4876025669897211,0.42429744727066365,0.2573791296834236,-0.20315299071921178,0.22511361087472442,0.0977655990042086,15.802809483897606,0.338160611596403,0.9962321982220735,0.9997555672768909,0.13674563111102048,0.13928982887050526,0.6523781512355749,0.40029219726502396,0.18433751044555893,0.08765767356355049,0.1179311193625956,0.05121683438384898,16.216180198398316,0.7218532503119733,0.9844407314970861,0.9949063115102083,0.00987321138381958,0.05920809414237738,0.01800832524895668,ok,
759xd9YjKW5,146714339e954166a2f701202e030c29,146714339e954166a2f701202e030c29_i0_4,0,4,/mnt/priorbimda-data/PriorBIMDA-Datasets/Matterport3D/v1/scans/759xd9YjKW5/undistorted_color_images/146714339e954166a2f701202e030c29_i0_4.jpg,/mnt/priorbimda-data/PriorBIMDA-Datasets/Matterport3D/v1/scans/759xd9YjKW5/undistorted_depth_images/146714339e954166a2f701202e030c29_d0_4.png,1024,1280,406,504,1.4155678118069965,1242337,0.9478279113769531,-7.06790018081665,-4.959869861602783,1.5682200193405151,True,53634,0.26211001642036125,True,,1.0,53634,0.9946736693382263,-0.00534056613198107,1.3018484406955613,0.26912569814704257,log-depth Laplacian fallback,,,,0.21653900872993945,0.1343566758783032,0.5855624682310887,0.5050208992773381,0.29361030565483387,-0.2291744159759072,0.251693618826873,0.10930914978677136,18.353773085888044,0.4310360232368512,0.8976662531986087,0.9990960584768868,0.21941740185157635,0.13776787903492363,0.5948195239137776,0.5137983519449444,0.2977975411196277,-0.23451498220747882,0.2557361127170112,0.11106478257638602,18.353773077250967,0.43086779191153446,0.8817800645074565,0.9991805766068305,0.20973278747449306,0.126183772588279,0.5701645413155777,0.4943980082590311,0.28182270036878543,-0.2226463915807802,0.24226845661186566,0.10521585384575054,17.277910394261248,0.4316332846884541,0.9129358620084567,0.9993673214272778,0.21279351590249926,0.13029157512323358,0.5838889728923413,0.5057668539733726,0.2855080099337839,-0.22737959523127416,0.24631590250225052,0.10697363726174673,17.266540883689345,0.4325589594449815,0.913107313072057,0.999426081650953,0.16162302820333654,0.11917134973161644,0.5939491919717664,0.45242632864159943,0.18677258568156654,0.034610693646826514,0.15131740223232845,0.0657163128054351,18.35377308551668,0.8269277981739255,0.9880378673419531,0.9941344417818998,0.00899825245141983,0.062057362869381905,0.018038250505924225,ok,
759xd9YjKW5,146714339e954166a2f701202e030c29,146714339e954166a2f701202e030c29_i0_5,0,5,/mnt/priorbimda-data/PriorBIMDA-Datasets/Matterport3D/v1/scans/759xd9YjKW5/undistorted_color_images/146714339e954166a2f701202e030c29_i0_5.jpg,/mnt/priorbimda-data/PriorBIMDA-Datasets/Matterport3D/v1/scans/759xd9YjKW5/undistorted_depth_images/146714339e954166a2f701202e030c29_d0_5.png,1024,1280,406,504,1.4155678118069965,1238675,0.9450340270996094,-7.074130058288574,-4.946720123291016,1.5679099559783936,True,68848,0.33646102119008525,True,,1.0,68848,0.9732642769813538,-0.027099623211697812,1.200675442337549,0.2099838902691557,log-depth Laplacian fallback,,,,0.1950921901665114,0.10432261194823714,0.593841035109947,0.5300732886542691,0.2431266470006333,-0.20824625039386002,0.2196117184645056,0.09537615749042526,12.547535885052616,0.6756776394130826,0.9863999838537146,0.9997319716632692,0.2155855007607531,0.12700391230078245,0.6645163204134251,0.5954839936517179,0.26670535413268004,-0.23534587363751755,0.24567076416710495,0.10669345724272877,12.54753588750871,0.586290189113367,0.9796847437786345,0.9999015076593941,0.21415110734150708,0.12849635692134018,0.678593364652765,0.6071326587897274,0.25663786400823607,-0.23287474427986282,0.24236783763588038,0.1052590144760862,10.785335747809787,0.5621361535511736,0.9707832966678104,1.0,0.2151945120688157,0.130198155536316,0.6843444381346614,0.6118001607926407,0.258244111359829,-0.23477291828114974,0.24387279982652263,0.10591261125095511,10.75718266730669,0.5430690051869942,0.956966920297899,1.0,0.08334679779992953,0.033104237608985995,0.263189320284458,0.15372608919664524,0.12801286644306634,-0.025361945729586038,0.08419130934853533,0.03656382107427858,12.547535887089495,0.9397993824045855,0.9892118594465861,0.997127575837084,0.009413382038474083,0.06043288763612509,0.018074712716042995,ok,
759xd9YjKW5,146714339e954166a2f701202e030c29,146714339e954166a2f701202e030c29_i1_0,1,0,/mnt/priorbimda-data/PriorBIMDA-Datasets/Matterport3D/v1/scans/759xd9YjKW5/undistorted_color_images/146714339e954166a2f701202e030c29_i1_0.jpg,/mnt/priorbimda-data/PriorBIMDA-Datasets/Matterport3D/v1/scans/759xd9YjKW5/undistorted_depth_images/146714339e954166a2f701202e030c29_d1_0.png,1024,1280,406,504,1.4121168655554452,1150906,0.8780715942382813,-7.060890197753906,-4.9438300132751465,1.6009999513626099,True,195647,0.9561292907967784,True,,1.0,195647,0.9693515300750732,-0.031127956743456236,0.9932041634556714,0.024308923347550745,log-depth Laplacian fallback,,,,0.04476589548996237,0.04315091878949906,0.38680188976713176,0.16124181259763382,0.09069673329235009,0.022666448339991076,0.04044468441860598,0.01756490326531901,8.781873119986534,0.9773482803982254,0.9881632383530888,0.99579722409997,0.04872930194928234,0.039806115596373245,0.38326747587680116,0.1903908489046291,0.08822543087302723,-0.008461508520038045,0.04581286783534136,0.01989627570105171,8.781873106744726,0.9781589460824777,0.9885551035445119,0.9965713967952204,0.04398378935015342,0.03788887342611449,0.3703785214122842,0.16757681786372752,0.08679475732581413,-0.006558861767763055,0.04109932225760509,0.0178492088664414,8.654658417036655,0.9782301942991,0.9885829077266084,0.9965479370165765,0.04451940609743629,0.036789797233714006,0.36792438987048914,0.17031869353883333,0.08587930516623807,-0.007764772621158173,0.04182420109868139,0.01816401974716926,8.55275590787996,0.9782962292315793,0.9888218499165006,0.996732139722966,0.04378369257745124,0.041768723889780014,0.3822071143375556,0.16099338639822908,0.08923715890570612,0.01584742797871589,0.039763614733841296,0.01726911845943411,8.78187312366881,0.9776402243102391,0.9882787994849275,0.9959814268063595,0.008362570777535439,0.05751135852187872,0.018025734461843967,ok,
759xd9YjKW5,146714339e954166a2f701202e030c29,146714339e954166a2f701202e030c29_i1_1,1,1,/mnt/priorbimda-data/PriorBIMDA-Datasets/Matterport3D/v1/scans/759xd9YjKW5/undistorted_color_images/146714339e954166a2f701202e030c29_i1_1.jpg,/mnt/priorbimda-data/PriorBIMDA-Datasets/Matterport3D/v1/scans/759xd9YjKW5/undistorted_depth_images/146714339e954166a2f701202e030c29_d1_1.png,1024,1280,406,504,1.4121168655554452,1070023,0.8163627624511719,-7.057409763336182,-4.944119930267334,1.6009800434112549,True,180499,0.882100828837282,True,,1.0,180499,1.029353141784668,0.028930587271046217,1.0448177747961294,0.014911904754562461,log-depth Laplacian fallback,,,,0.06232651784647349,0.029584948476052694,0.35004498332802997,0.20325362866700747,0.1026985809159218,-0.04294670421823962,0.06628611458076596,0.028787693789233324,9.328761503509012,0.9682455423855375,0.982469535701569,1.0,0.049181767385277034,0.024408588829885877,0.3145256530463795,0.15165352792629075,0.09433467367194687,-0.014016116941898329,0.05153147007486518,0.022379833097876507,9.328761505507437,0.972002470974923,0.9832330706910039,1.0,0.03664425897908675,0.021400126294060746,0.3031210911079535,0.1251847789104998,0.08612768581887575,-0.023294275107138364,0.03944275945307645,0.017129772781508436,8.291776053263815,0.9717052811014343,0.9829910198192001,0.9999990654406494,0.03850243098354822,0.02154377028215242,0.30307455770154784,0.12907114737958908,0.08665670459378937,-0.023831230607258048,0.041317454559490756,0.0179439425214752,8.331540613115298,0.9717940642397407,0.9828611160694677,1.0,0.04579432591536097,0.02350214538954595,0.30347736218411064,0.1349069414965104,0.0932919160725491,0.0008958169932193974,0.0474445320908791,0.020604898483550536,9.3287615021514,0.9727230162342305,0.983324657507362,0.9999934580845459,0.008558802306652069,0.060711937956511974,0.01833768468350172,ok,
759xd9YjKW5,146714339e954166a2f701202e030c29,146714339e954166a2f701202e030c29_i1_4,1,4,/mnt/priorbimda-data/PriorBIMDA-Datasets/Matterport3D/v1/scans/759xd9YjKW5/undistorted_color_images/146714339e954166a2f701202e030c29_i1_4.jpg,/mnt/priorbimda-data/PriorBIMDA-Datasets/Matterport3D/v1/scans/759xd9YjKW5/undistorted_depth_images/146714339e954166a2f701202e030c29_d1_4.png,1024,1280,406,504,1.4121168655554452,1234653,0.9419654846191406,-7.061379909515381,-4.9498701095581055,1.6011699438095093,True,160500,0.7843654703260614,True,,1.0,160500,0.9887116551399231,-0.011352541800273397,1.007207751846877,0.018534441951218863,log-depth Laplacian fallback,,,,0.0740999590423152,0.0626395450326715,0.3882976597836511,0.22007741149405557,0.12785583625867228,0.0169093140807924,0.06610072529775549,0.02870718024661789,12.673275015843984,0.9346634236502078,0.9849957842405923,0.9949921151934997,0.0764823844733571,0.06207211928797783,0.39718259433541564,0.2396815723812695,0.1268545138790683,0.005556772415698995,0.06933537959462241,0.03011197275861184,12.673275019431582,0.9380732886082163,0.9856413097445194,0.9951330454791751,0.08722827412825603,0.0679323129694735,0.4317819502373961,0.2819169833683312,0.1344909699300342,0.0004559936989026593,0.08122882515432223,0.035277230536006184,13.449019690099323,0.9374520614294056,0.9895015036613526,0.995307183475843,0.0886224695257957,0.06865965461679144,0.4350326552118404,0.28448304496194193,0.13614908057491515,-0.0003693988615233587,0.08269325875087637,0.035913225966103406,13.614857944861502,0.9378116766411291,0.9899542624526891,0.9953290519684478,0.07406484131468752,0.06357922586203837,0.38609381863718806,0.21456943371742634,0.12900223459238613,0.024091213698206108,0.06553427027357155,0.028461171955368424,12.673275011762506,0.93342582895761,0.9848103070255367,0.9949135506089565,0.009637712500989437,0.06043014395982027,0.018035314977169037,ok,
759xd9YjKW5,146714339e954166a2f701202e030c29,146714339e954166a2f701202e030c29_i1_5,1,5,/mnt/priorbimda-data/PriorBIMDA-Datasets/Matterport3D/v1/scans/759xd9YjKW5/undistorted_color_images/146714339e954166a2f701202e030c29_i1_5.jpg,/mnt/priorbimda-data/PriorBIMDA-Datasets/Matterport3D/v1/scans/759xd9YjKW5/undistorted_depth_images/146714339e954166a2f701202e030c29_d1_5.png,1024,1280,406,504,1.4121168655554452,1208689,0.9221565246582031,-7.062880039215088,-4.946710109710693,1.6010899543762207,True,158651,0.7753293846274142,True,,1.0,158651,0.986963152885437,-0.013122572681762241,0.9936347991316419,0.006737027546176695,log-depth Laplacian fallback,,,,0.06505950861309463,0.06394971410831742,0.35775863614230374,0.18797238345254821,0.12543461922390414,0.029903836534669177,0.05504059681933279,0.023903827479297902,12.181791436547257,0.9578733652742765,0.9881640355790448,0.9933084523810509,0.06437336333732209,0.06132869025522949,0.35316703180351233,0.19200051222735184,0.12296834984018169,0.016781263815893167,0.0551983873475793,0.023972355035011966,12.181791431131428,0.9612125203422882,0.9887919886753334,0.9935268708493252,0.05907551207380577,0.05509284844551594,0.35094737688418365,0.20129707845302688,0.11579121918940823,0.000556505605388083,0.052005947934722255,0.0225858962141977,11.578988186746177,0.9676897862063774,0.9893703012106505,0.9939471609322167,0.06050326083912067,0.0559123552078557,0.35491978515124434,0.20789550348165525,0.11666338649875677,-0.00030379134292300404,0.05343780330667153,0.02320774310111879,11.66629909619082,0.9679512264941602,0.9890964507826248,0.9938867649163681,0.0641129792549056,0.06246494276816493,0.35409137055923884,0.1866576424076327,0.12406738202320593,0.023518312399576684,0.054505960297900835,0.02367163778821605,12.181791438030794,0.9595553529485252,0.9884858718826762,0.9934441365810395,0.00918805506080389,0.05872132256627083,0.01807711273431778,ok,
759xd9YjKW5,146714339e954166a2f701202e030c29,146714339e954166a2f701202e030c29_i2_0,2,0,/mnt/priorbimda-data/PriorBIMDA-Datasets/Matterport3D/v1/scans/759xd9YjKW5/undistorted_color_images/146714339e954166a2f701202e030c29_i2_0.jpg,/mnt/priorbimda-data/PriorBIMDA-Datasets/Matterport3D/v1/scans/759xd9YjKW5/undistorted_depth_images/146714339e954166a2f701202e030c29_d2_0.png,1024,1280,406,504,1.4165615917841592,1257660,0.9595184326171875,-7.065390110015869,-4.9329400062561035,1.6339999437332153,True,138179,0.6752824693095629,True,,1.0,138179,1.0207195281982422,0.02050779840677705,1.0344098849842096,0.013323306272308849,log-depth Laplacian fallback,,,,0.0443381048199509,0.007957931947190263,0.13158173130202921,0.09278383408379047,0.05968836671103313,-0.03630830302521301,0.04517776854098449,0.019620455582051905,4.737518603720807,0.9959138399885502,0.9988542213316794,0.9999825071959035,0.03444913308323008,0.006493529253017606,0.12262420918987564,0.0740112848827869,0.04994060680244786,-0.015800504660103677,0.03449602212762821,0.014981432057641417,4.737518612399051,0.9954558465722055,0.9987309765755451,0.9999125359795176,0.040525865427149026,0.007781235023995585,0.13147970962253097,0.08534301862056884,0.057707646421091684,-0.024179235136368677,0.041021906575911725,0.017815587663069187,5.239787251102787,0.9955719351812096,0.9987707329484916,0.9999109457245996,0.03999025064110992,0.00749032326627514,0.12881291013855956,0.0841475795683791,0.05697086519775847,-0.023621972014074937,0.04049122860275109,0.01758511714765791,5.184285794154705,0.9956379307603008,0.9989170364009351,0.999930028783614,0.0331838313311136,0.00658704356562124,0.12754422875705015,0.07606361939364023,0.047439907060685405,-0.002477202529899375,0.03278429888655661,0.014238040099498457,4.73751860107412,0.9949231111747213,0.9986204538587535,0.9998688039692762,0.008870790712535381,0.058844102546572685,0.018029190599918365,ok,
759xd9YjKW5,146714339e954166a2f701202e030c29,146714339e954166a2f701202e030c29_i2_1,2,1,/mnt/priorbimda-data/PriorBIMDA-Datasets/Matterport3D/v1/scans/759xd9YjKW5/undistorted_color_images/146714339e954166a2f701202e030c29_i2_1.jpg,/mnt/priorbimda-data/PriorBIMDA-Datasets/Matterport3D/v1/scans/759xd9YjKW5/undistorted_depth_images/146714339e954166a2f701202e030c29_d2_1.png,1024,1280,406,504,1.4165615917841592,1196175,0.9126091003417969,-7.05088996887207,-4.934120178222656,1.633929967880249,True,41881,0.20467296113847838,True,,1.0,41881,0.9584091305732727,-0.04248052477435366,1.1567705718812982,0.18811265762805957,log-depth Laplacian fallback,,,,0.14042689279886744,0.052956089179346216,0.37485224040633597,0.3251988493721271,0.16456467767104507,-0.15098849603351247,0.15278361415420746,0.06635308055240782,6.545232770889779,0.9722966957175998,0.985821472610613,0.99674044349698,0.17570040532177034,0.07825409634474884,0.45049747557238645,0.4053538335604182,0.20424071377592956,-0.1934690206949562,0.194776651657646,0.08459042501850754,6.545232765177868,0.9606805024348444,0.9814901665726169,0.9947808640040128,0.18630475095217422,0.08527388391254186,0.46361535302726337,0.42231355656042174,0.21858754638611022,-0.20709376991849707,0.20807908508799505,0.09036759845319349,6.994773689008446,0.7980563044704997,0.9794386272911573,0.9944924446673773,0.18574427776778654,0.08500719421378822,0.4631431265036093,0.42099201911823264,0.21842035657898182,-0.2064911904429291,0.20746436290540102,0.09010062800138938,7.119578946504876,0.7960683010429076,0.9793098835872678,0.9943653729596422,0.024919478008861264,0.009879408373779493,0.1765233686523789,0.05986026520479619,0.06567113285714463,-0.005356350134301971,0.025925955756108173,0.011259499522945627,6.5452327720101025,0.9743607749702176,0.9945509645327816,0.9999966560076912,0.009271901100873947,0.06047400925308466,0.018063435330986977,ok,
759xd9YjKW5,146714339e954166a2f701202e030c29,146714339e954166a2f701202e030c29_i2_4,2,4,/mnt/priorbimda-data/PriorBIMDA-Datasets/Matterport3D/v1/scans/759xd9YjKW5/undistorted_color_images/146714339e954166a2f701202e030c29_i2_4.jpg,/mnt/priorbimda-data/PriorBIMDA-Datasets/Matterport3D/v1/scans/759xd9YjKW5/undistorted_depth_images/146714339e954166a2f701202e030c29_d2_4.png,1024,1280,406,504,1.4165615917841592,1229118,0.9377426147460938,-7.067430019378662,-4.958049774169922,1.6346999406814575,True,150013,0.7331153725858159,True,,1.0,150013,1.0562105178833008,0.05468751947184644,1.085124013410312,0.027006759063069485,log-depth Laplacian fallback,,,,0.08821006876044658,0.03380764728592598,0.2636988322201467,0.15892362884010847,0.12406401538606104,-0.07156680625959087,0.08995703486144964,0.03906784384870605,10.13413644841778,0.9857930646203212,0.9936312054660333,0.9964616904154036,0.0554979500270552,0.02940916861442242,0.24421962083072235,0.09892243237114291,0.10273744442872053,-0.016879286813655234,0.0534322990533226,0.023205352634262346,10.134136452804848,0.9844961997139412,0.9928094780159431,0.9956659978944251,0.06388471837920846,0.03131043678073922,0.24937511146136246,0.11202991724634227,0.10738742352362826,-0.03165411140866824,0.0625120961173454,0.027148658395968774,10.261615838634151,0.9848200091447689,0.993050301110227,0.9956716930351683,0.0625976671005128,0.030503150032118863,0.24653294696431496,0.10947428778441155,0.10604809409790057,-0.030063816225517973,0.06116789844393287,0.026564880763818542,10.169741990707266,0.9848850964675483,0.9930771496308736,0.9957164405695792,0.05136669417478304,0.031569443705820134,0.25515005104656346,0.10097138673303403,0.10184614813741616,0.010127474459443262,0.04788161853162059,0.020794722712879302,10.134136446437774,0.9824695432008969,0.9923660706295083,0.9951745886074405,0.008637133054435253,0.05932683125138283,0.01802002266049385,ok,
759xd9YjKW5,146714339e954166a2f701202e030c29,146714339e954166a2f701202e030c29_i2_5,2,5,/mnt/priorbimda-data/PriorBIMDA-Datasets/Matterport3D/v1/scans/759xd9YjKW5/undistorted_color_images/146714339e954166a2f701202e030c29_i2_5.jpg,/mnt/priorbimda-data/PriorBIMDA-Datasets/Matterport3D/v1/scans/759xd9YjKW5/undistorted_depth_images/146714339e954166a2f701202e030c29_d2_5.png,1024,1280,406,504,1.4165615917841592,1227633,0.9366096496582031,-7.073659896850586,-4.944910049438477,1.6343799829483032,True,204624,1.0,True,,1.0,204624,1.0998951196670532,0.09521482950140486,1.047858449819307,0.048466319691228596,log-depth Laplacian fallback,,,,0.0675453190779135,0.014189883373934445,0.15814151496065115,0.11934165516726938,0.08686084624001983,-0.037417021586007106,0.06726181029533386,0.029211433054086817,7.838860315865212,0.9906543730903291,0.9968679564658167,0.9986926060149898,0.06566612910155895,0.019121804768992435,0.1802755921129316,0.11261422546168999,0.09739281132112938,0.05779780788377986,0.06034765066107296,0.026208651677929087,7.838860313121278,0.9325849011878957,0.9954628133978152,0.9979765939820777,0.044580503861063214,0.013651638281195687,0.15663671787381472,0.08241956094805458,0.07679855756605583,0.02987373923852994,0.04142651790500636,0.017991308130610506,7.075011058744082,0.9877316755088859,0.9960012479299595,0.9981044823656582,0.04432175257442875,0.013693427406238958,0.15751417937663403,0.0824495783254638,0.07636812366675017,0.031860249209077166,0.041194465119671175,0.017890528886429165,6.940471765460576,0.9878180205321949,0.9959890292945855,0.9980784159435271,0.0452954322728991,0.012029829695986921,0.13495669698651663,0.07144627718735644,0.07894206895390213,0.009331513795609727,0.04250942994497523,0.018461610853955597,7.838860313211981,0.9818748762863169,0.9962529518186625,0.9983121991670149,0.009758932515978813,0.0607239892706275,0.01813218742609024,ok,
759xd9YjKW5,14af8cbc71694b0ab5ca408ceb1c2cdb,14af8cbc71694b0ab5ca408ceb1c2cdb_i0_0,0,0,/mnt/priorbimda-data/PriorBIMDA-Datasets/Matterport3D/v1/scans/759xd9YjKW5/undistorted_color_images/14af8cbc71694b0ab5ca408ceb1c2cdb_i0_0.jpg,/mnt/priorbimda-data/PriorBIMDA-Datasets/Matterport3D/v1/scans/759xd9YjKW5/undistorted_depth_images/14af8cbc71694b0ab5ca408ceb1c2cdb_d0_0.png,1024,1280,406,504,1.4155678118069965,1245698,0.9503921508789063,-1.7834800481796265,5.119219779968262,1.5794899463653564,True,204624,1.0,True,,1.0,204624,1.016740083694458,0.016601512813902156,1.0793514755530063,0.05975886235947307,log-depth Laplacian fallback,,,,0.08483275838607575,0.014068120022602083,0.15025563331249475,0.14014091061211073,0.10204602869957345,-0.08538742076748158,0.08961486900509111,0.03891924310539385,5.58782636454572,0.999834630865587,1.0,1.0,0.07172035711485694,0.01060238717874682,0.12883018795963774,0.11572671183994147,0.08862212742811519,-0.06878590796041596,0.07520336259238886,0.03266040539444391,5.587826353732077,0.9994388688108996,1.0,1.0,0.06006580875188977,0.00730807368896656,0.11229068048573636,0.1022827338038854,0.06974550464139492,-0.05776100805921893,0.06219480196008549,0.02701085929433069,3.909093712954049,0.9994107721133052,1.0,1.0,0.05779039836228201,0.006858335768170634,0.10913245374596377,0.09859945017130224,0.0672478346092853,-0.055103557335613555,0.05974295172855479,0.02594603426832368,3.854697431185149,0.9991876040581265,1.0,1.0,0.045965122807286485,0.005696571283043729,0.10430053660752305,0.08239053016583982,0.056602727343108485,-0.009027092293654806,0.04621218185525023,0.020069695576444748,5.587826363981006,0.9961041921878336,1.0,1.0,0.00846664234995842,0.057269430719316006,0.01804750505834818,ok,
759xd9YjKW5,14af8cbc71694b0ab5ca408ceb1c2cdb,14af8cbc71694b0ab5ca408ceb1c2cdb_i0_1,0,1,/mnt/priorbimda-data/PriorBIMDA-Datasets/Matterport3D/v1/scans/759xd9YjKW5/undistorted_color_images/14af8cbc71694b0ab5ca408ceb1c2cdb_i0_1.jpg,/mnt/priorbimda-data/PriorBIMDA-Datasets/Matterport3D/v1/scans/759xd9YjKW5/undistorted_depth_images/14af8cbc71694b0ab5ca408ceb1c2cdb_d0_1.png,1024,1280,406,504,1.4155678118069965,1211658,0.9244216918945313,-1.78233003616333,5.104720115661621,1.579069972038269,True,204624,1.0,True,,1.0,204624,1.0431410074234009,0.04223636095878455,1.120005058715901,0.07109684104864417,log-depth Laplacian fallback,,,,0.11346556932823822,0.03640699620629292,0.27935334281034363,0.20107298163601853,0.15367938213074234,-0.11041570070620436,0.1228335691715904,0.05334594128370314,10.689118546280902,0.9034900937393224,0.9920728456379605,0.997502595616915,0.09159061181216321,0.027863386675518704,0.251601463376959,0.1720434294877096,0.12678386290737023,-0.06817933979157591,0.09665310689625221,0.04197591098384751,10.689118541441895,0.9474084271304279,0.9924318578344714,0.9975661449022744,0.07563169645861069,0.024466536208431203,0.24105213301125625,0.14053439008868654,0.118513816433184,-0.06842335301708195,0.08050945733000102,0.03496481305944477,9.67665719526026,0.9261334468967316,0.9924450628807799,0.9976379473415766,0.07220772221968322,0.02412366774868179,0.24075594434084618,0.13443162269777006,0.11727640105999901,-0.06701119252087202,0.07696768094311189,0.03342663911848358,9.62458015838424,0.9253394934874363,0.9924153515265859,0.9975653195868801,0.07502689002087093,0.027305531467692247,0.26114945261192385,0.16548386567541679,0.1069309922202313,0.0029174592313038787,0.07437472835394912,0.03230053411717344,10.689118545903046,0.971174209224055,0.9928923838244785,0.9973309300149052,0.009099418297410011,0.058291954919695854,0.01804989669471979,ok,
759xd9YjKW5,14af8cbc71694b0ab5ca408ceb1c2cdb,14af8cbc71694b0ab5ca408ceb1c2cdb_i0_2,0,2,/mnt/priorbimda-data/PriorBIMDA-Datasets/Matterport3D/v1/scans/759xd9YjKW5/undistorted_color_images/14af8cbc71694b0ab5ca408ceb1c2cdb_i0_2.jpg,/mnt/priorbimda-data/PriorBIMDA-Datasets/Matterport3D/v1/scans/759xd9YjKW5/undistorted_depth_images/14af8cbc71694b0ab5ca408ceb1c2cdb_d0_2.png,1024,1280,406,504,1.4155678118069965,1230277,0.9386268615722656,-1.794319987297058,5.096479892730713,1.5787400007247925,True,204624,1.0,True,,1.0,204624,1.0262166261672974,0.025878861077679106,1.0278110279578678,0.0015524641137100899,log-depth Laplacian fallback,,,,0.052978007451494245,0.009846502744417628,0.13420104737569494,0.095817665500622,0.0693105897977994,-0.01654493954580416,0.05286643223440001,0.022959599797312127,6.730693005586051,0.9952205885341269,0.9988311575360671,0.9993082858575751,0.05073005807826029,0.00938836483270854,0.12239204740634092,0.08310275378490982,0.06795104796693704,0.009333921696908307,0.04928918299582167,0.021406020192604958,6.730692999655358,0.9947946681926103,0.9987612545792532,0.9992855267553568,0.05315148244019181,0.010347426010062655,0.12427175713081622,0.08218902550972747,0.07666913315910957,0.02076949629667562,0.050684444403647035,0.022011974522836045,7.380233060650357,0.9941858622082669,0.9988514781630479,0.999314788458209,0.05374878166843051,0.010910812555179075,0.12653290608861856,0.08248324289992787,0.07954340955682625,0.024364980668654845,0.05098640099410134,0.02214311260384469,7.5719889863503305,0.9939005606054572,0.9988474140376516,0.999314788458209,0.05079125090324349,0.009438941074869289,0.12232452085592106,0.08271034659689856,0.0681816449129949,0.010886407494367013,0.049271575032478816,0.021398373151287606,6.730693006599181,0.9947694706151542,0.9987563776287779,0.999283088280119,0.00909527949988842,0.057435762137174606,0.018015761859714985,ok,
759xd9YjKW5,14af8cbc71694b0ab5ca408ceb1c2cdb,14af8cbc71694b0ab5ca408ceb1c2cdb_i0_3,0,3,/mnt/priorbimda-data/PriorBIMDA-Datasets/Matterport3D/v1/scans/759xd9YjKW5/undistorted_color_images/14af8cbc71694b0ab5ca408ceb1c2cdb_i0_3.jpg,/mnt/priorbimda-data/PriorBIMDA-Datasets/Matterport3D/v1/scans/759xd9YjKW5/undistorted_depth_images/14af8cbc71694b0ab5ca408ceb1c2cdb_d0_3.png,1024,1280,406,504,1.4155678118069965,1208494,0.9220077514648437,-1.8074599504470825,5.1027398109436035,1.5788300037384033,True,204624,1.0,True,,1.0,204624,1.0918687582015991,0.08789068530287146,1.1098287344350757,0.01631502481520168,log-depth Laplacian fallback,,,,0.09602863107461418,0.01638222690479592,0.1725898457496032,0.1531917123495514,0.10627095739113292,-0.09900219696630512,0.10119143762570025,0.043946882976698715,3.8627469250171083,0.9963698619935225,0.9997873386214577,1.0,0.028891930775822243,0.002774943855978859,0.0695843819741472,0.04372431328578239,0.040193868580513915,-0.011111511756942371,0.028912698294896316,0.012556625326407028,3.862746921483409,0.995935436998446,0.9996408753374034,1.0,0.03496942005377118,0.004623056467096501,0.0982412869307286,0.05719291813711157,0.0514248152272199,-0.01308704004503336,0.03499804176902426,0.015199456417706765,4.973169013831525,0.9953388266718742,0.9997128657651589,1.0,0.0365519516535218,0.004813905607000562,0.09926128133187673,0.058798831591893634,0.05329125778060286,-0.011708569109471266,0.03660688508230852,0.01589816819091306,5.198911006400668,0.9954687404323067,0.9997252779078755,1.0,0.026410607113912722,0.002645439641021754,0.06690310469055885,0.03832971116754014,0.03897637364905994,0.005203491594272541,0.025986991860668218,0.011286007166352916,3.8627469216342263,0.995631753239983,0.9996110861948839,0.9999958626190945,0.00845490675419569,0.05910596717149019,0.018064879812300205,ok,
759xd9YjKW5,14af8cbc71694b0ab5ca408ceb1c2cdb,14af8cbc71694b0ab5ca408ceb1c2cdb_i0_4,0,4,/mnt/priorbimda-data/PriorBIMDA-Datasets/Matterport3D/v1/scans/759xd9YjKW5/undistorted_color_images/14af8cbc71694b0ab5ca408ceb1c2cdb_i0_4.jpg,/mnt/priorbimda-data/PriorBIMDA-Datasets/Matterport3D/v1/scans/759xd9YjKW5/undistorted_depth_images/14af8cbc71694b0ab5ca408ceb1c2cdb_d0_4.png,1024,1280,406,504,1.4155678118069965,1240293,0.9462684631347656,-1.8085999488830566,5.117239952087402,1.579259991645813,True,204624,1.0,True,,1.0,204624,1.116125464439392,0.10986328097287854,1.1196176159994102,0.00312393175275745,log-depth Laplacian fallback,,,,0.10838251800165132,0.02253461580483817,0.20853854430366536,0.19956335274898704,0.12188193298759553,-0.1137895711414468,0.11542181032254079,0.05012705531436321,4.36708036133793,0.999980649733571,1.0,1.0,0.033223083972564176,0.003632911356323882,0.08446791895774881,0.060321008147980436,0.04384694802176204,-0.003926290187332843,0.03317998051250909,0.014409882446240113,4.367080370439679,0.9981939751332951,1.0,1.0,0.02332755589512343,0.0023521244005187333,0.07582797861049119,0.05019448648977849,0.03192799013041508,-0.0050245234492966315,0.023386011024596837,0.010156415541711011,3.153015569062974,0.9999443679840166,1.0,1.0,0.022250573959289855,0.0023009290217847907,0.07529802793825253,0.048168137037506845,0.03147059537474395,-0.0025293168938382597,0.02229926960941259,0.009684449741840772,3.136878909507665,0.999972587122559,1.0,1.0,0.03323523666481874,0.0037252859507509554,0.08646553718335528,0.06147305568952183,0.04367817439997992,-0.0008023893455750747,0.033088375908833276,0.014370099072346793,4.367080363644764,0.9981206053730852,1.0,1.0,0.008147377520799637,0.06317606661468744,0.018046021461486816,ok,
759xd9YjKW5,14af8cbc71694b0ab5ca408ceb1c2cdb,14af8cbc71694b0ab5ca408ceb1c2cdb_i0_5,0,5,/mnt/priorbimda-data/PriorBIMDA-Datasets/Matterport3D/v1/scans/759xd9YjKW5/undistorted_color_images/14af8cbc71694b0ab5ca408ceb1c2cdb_i0_5.jpg,/mnt/priorbimda-data/PriorBIMDA-Datasets/Matterport3D/v1/scans/759xd9YjKW5/undistorted_depth_images/14af8cbc71694b0ab5ca408ceb1c2cdb_d0_5.png,1024,1280,406,504,1.4155678118069965,1240018,0.9460586547851563,-1.7966099977493286,5.1254801750183105,1.5795899629592896,True,204624,1.0,True,,1.0,204624,1.014198899269104,0.014099039058831607,0.9709318342853054,0.04359805377382125,log-depth Laplacian fallback,,,,0.04320211694912272,0.004328124495844662,0.08619609693490053,0.07252676706399347,0.04976773765693964,0.021844540031650407,0.04251047842785926,0.018462066204286497,4.471737673763512,0.999789519184399,1.0,1.0,0.05078484850575887,0.006089327273632651,0.10345936235020532,0.08701722378415136,0.05737233355413934,0.035943579145302273,0.04943338772813306,0.021468647512112107,4.471737666358364,0.999630650522815,1.0,1.0,0.04260578057908535,0.004825412429695304,0.09329999865120836,0.07450188123349367,0.05033872496774323,0.0336626053065985,0.041485480407852375,0.01801691522023575,3.742747968204995,0.9997121009533733,1.0,1.0,0.04221167191234071,0.004766468020168808,0.09266079781563388,0.07381961953435043,0.05000670649262576,0.03511213213777902,0.04107644543444654,0.017839273588380146,3.560630380956109,0.9997153267129993,1.0,1.0,0.03557404770649326,0.0029183574180890017,0.06686989355079227,0.05522989059395969,0.04536777340497999,-0.007654481118099921,0.03601470287566128,0.015640986726284875,4.47173767403485,1.0,1.0,1.0,0.008561274036765099,0.0630654776468873,0.01804298348724842,ok,
759xd9YjKW5,14af8cbc71694b0ab5ca408ceb1c2cdb,14af8cbc71694b0ab5ca408ceb1c2cdb_i1_0,1,0,/mnt/priorbimda-data/PriorBIMDA-Datasets/Matterport3D/v1/scans/759xd9YjKW5/undistorted_color_images/14af8cbc71694b0ab5ca408ceb1c2cdb_i1_0.jpg,/mnt/priorbimda-data/PriorBIMDA-Datasets/Matterport3D/v1/scans/759xd9YjKW5/undistorted_depth_images/14af8cbc71694b0ab5ca408ceb1c2cdb_d1_0.png,1024,1280,406,504,1.4121168655554452,1171992,0.894158935546875,-1.7928199768066406,5.111969947814941,1.612470030784607,True,204624,1.0,True,,1.0,204624,0.9724330306053162,-0.02795406899149024,0.9927566793345333,0.02068438811143547,log-depth Laplacian fallback,,,,0.030789578526097556,0.005998194870078654,0.12222328904406209,0.07487958346849247,0.050961416557871,-0.004266410850566499,0.03126621959408157,0.013578746639684955,5.078251388065598,0.9982201243694496,0.9993327599505799,1.0,0.03687786972679269,0.008254807075808281,0.14692547120547197,0.0958156179124861,0.06014169119403721,-0.032220479720322354,0.03823330141188092,0.0166045118281237,5.078251378448322,0.9989957269332896,0.9997252540972976,1.0,0.036238447642099804,0.008199778357465895,0.14802010854166167,0.09660903516346704,0.058786200359070034,-0.027304666273966886,0.037442115929747485,0.016260904339071163,5.206027806614196,0.9975460583348692,0.999555457716435,1.0,0.036397212138339984,0.008351082329738614,0.1496722205383419,0.0972335694127508,0.059270007087863716,-0.026444559473117895,0.03761064376049004,0.0163340950460098,5.30435577093783,0.9975486180793043,0.999468426405641,1.0,0.029566510941341755,0.006207369114195806,0.1250025706274026,0.0725168982210888,0.052076342644639236,-0.0115361064340789,0.030261392196078617,0.013142355645467075,5.078251383678711,0.9987064758121216,0.9993924873207326,1.0,0.00861350353807211,0.05969880893826485,0.0180409150198102,ok,
759xd9YjKW5,14af8cbc71694b0ab5ca408ceb1c2cdb,14af8cbc71694b0ab5ca408ceb1c2cdb_i1_1,1,1,/mnt/priorbimda-data/PriorBIMDA-Datasets/Matterport3D/v1/scans/759xd9YjKW5/undistorted_color_images/14af8cbc71694b0ab5ca408ceb1c2cdb_i1_1.jpg,/mnt/priorbimda-data/PriorBIMDA-Datasets/Matterport3D/v1/scans/759xd9YjKW5/undistorted_depth_images/14af8cbc71694b0ab5ca408ceb1c2cdb_d1_1.png,1024,1280,406,504,1.4121168655554452,1102938,0.8414749145507813,-1.7925399541854858,5.108479976654053,1.6123700141906738,True,204624,1.0,True,,1.0,204624,1.020470380783081,0.020263678626150868,1.0877797812155756,0.06387504234956623,log-depth Laplacian fallback,,,,0.10676739219938665,0.06070633769211529,0.3776992355421608,0.2737234093597832,0.1564718895717999,-0.0867009207368273,0.10950976052042444,0.04755948470856694,13.025514411936262,0.9269106695027282,0.9797894351269065,0.9911418411551692,0.0905768138728906,0.0552267331215732,0.3491691346710483,0.22813857749787775,0.1462200727627698,-0.06643724211717801,0.09132046814953369,0.039659975402164184,13.02551440005851,0.9375096333610774,0.9805827707450464,0.9912642415076822,0.09065055755507427,0.05461556401055955,0.3498091089049452,0.22956727848473915,0.14310410325186002,-0.06664879399097529,0.09102812907919798,0.03953301415707264,12.663618214028544,0.9463523788281843,0.9821694419813263,0.9914727754415933,0.0880989737928659,0.05426734032123626,0.3497883682562267,0.22419981511781428,0.14167200141977995,-0.0640039615042414,0.0882500857150465,0.038326525253533715,12.63900664532214,0.9476797426509922,0.9838540334996165,0.9914655220873703,0.061114971769629184,0.051095117061990096,0.308347413065171,0.13114826433899873,0.13028034209548406,-0.00256221892445896,0.05730353230505209,0.024886607873648835,13.025514412375239,0.9574826508833679,0.9844596885772364,0.9909015737965325,0.007581595331430435,0.058753994293510914,0.01804384309798479,ok,
759xd9YjKW5,14af8cbc71694b0ab5ca408ceb1c2cdb,14af8cbc71694b0ab5ca408ceb1c2cdb_i1_2,1,2,/mnt/priorbimda-data/PriorBIMDA-Datasets/Matterport3D/v1/scans/759xd9YjKW5/undistorted_color_images/14af8cbc71694b0ab5ca408ceb1c2cdb_i1_2.jpg,/mnt/priorbimda-data/PriorBIMDA-Datasets/Matterport3D/v1/scans/759xd9YjKW5/undistorted_depth_images/14af8cbc71694b0ab5ca408ceb1c2cdb_d1_2.png,1024,1280,406,504,1.4121168655554452,1030242,0.7860122680664062,-1.7954299449920654,5.106500148773193,1.6122900247573853,True,204624,1.0,True,,1.0,204624,0.9007818102836609,-0.10449221464732464,0.9423883701544675,0.04515440781835334,log-depth Laplacian fallback,,,,0.22552773889208055,0.19701929665791743,0.5456265010535573,0.3357508131031797,0.2734359331729312,0.17245323399807896,0.17988940863956004,0.07812497752500004,21.21958803411497,0.6374104336651001,0.974725355790193,0.9854480791891613,0.19387127315526947,0.1361785914488538,0.5223737441544241,0.39709839998423424,0.2228133562353734,0.06796101924364911,0.1693179201977149,0.07353383842920273,21.21958802150404,0.6391527427536443,0.9809384591193138,0.9889200789717367,0.17670597628212978,0.1258623193689273,0.4628923092204816,0.3125200514461461,0.21682187515145263,0.08717975255595857,0.1506065665864816,0.06540760080690361,19.852308754518692,0.6398797564067471,0.9800726431265664,0.988417284482675,0.17942583949702468,0.12736742154563518,0.4637454297492627,0.31419318504100047,0.2199045473651689,0.08986651799223708,0.15251132667316777,0.06623482760190103,20.070380887225518,0.6396807740317324,0.9800774963552252,0.9885036719528033,0.19578425781766415,0.15213617236973695,0.49629223763430236,0.3264696561028675,0.24046244619248477,0.11311541185901025,0.16247174823681343,0.07056058372442249,21.219588032956747,0.6396904804890502,0.9786943261874395,0.9876475624173738,0.00823388434946537,0.0654043136164546,0.01804762054234743,ok,
759xd9YjKW5,14af8cbc71694b0ab5ca408ceb1c2cdb,14af8cbc71694b0ab5ca408ceb1c2cdb_i1_3,1,3,/mnt/priorbimda-data/PriorBIMDA-Datasets/Matterport3D/v1/scans/759xd9YjKW5/undistorted_color_images/14af8cbc71694b0ab5ca408ceb1c2cdb_i1_3.jpg,/mnt/priorbimda-data/PriorBIMDA-Datasets/Matterport3D/v1/scans/759xd9YjKW5/undistorted_depth_images/14af8cbc71694b0ab5ca408ceb1c2cdb_d1_3.png,1024,1280,406,504,1.4121168655554452,1286607,0.9816032409667969,-1.7985800504684448,5.1080098152160645,1.6123199462890625,True,204624,1.0,True,,1.0,204624,1.0624173879623413,0.060546866287520346,0.9415154988001716,0.12081133549151157,log-depth Laplacian fallback,,,,0.060050724075730116,0.01178658336975629,0.14952696047513414,0.08848055947392096,0.07509039941536909,0.045440610952042666,0.057437052639601714,0.024944595018165643,5.978059016658134,0.9921048152232966,0.9973177512635949,0.99811908376062,0.11597140947843484,0.02691241576666169,0.22107850577607785,0.17750165476261354,0.12168428123775071,0.10598747725879311,0.10815572912358197,0.046971436344594455,5.978059020003752,0.9932893261112368,0.9969773209690294,0.9978587089919455,0.12804612956740685,0.028669347765581336,0.21011334888324604,0.17258753439077543,0.13534518688535668,0.1102300173546656,0.11855055837163267,0.051485853327349396,7.8534469419626465,0.9934463282105569,0.9971514223068894,0.9979473141371064,0.13165681870486712,0.02982546946074437,0.2143758056857784,0.1777306815655146,0.13854721342860185,0.11200876749428629,0.12176636849046764,0.052882461916808086,8.154364692139705,0.9934688681159048,0.9971887297364308,0.997958972708838,0.03763924790915318,0.012066941463789772,0.19395197159403418,0.10324940056000374,0.06159111568720328,-0.014823851331817841,0.037796762037857826,0.01641492518685197,5.978059018851035,0.9903156130815393,0.9974801940297231,0.9988084939690208,0.008537099696695805,0.06366778817027807,0.018063192255795002,ok,
759xd9YjKW5,14af8cbc71694b0ab5ca408ceb1c2cdb,14af8cbc71694b0ab5ca408ceb1c2cdb_i1_4,1,4,/mnt/priorbimda-data/PriorBIMDA-Datasets/Matterport3D/v1/scans/759xd9YjKW5/undistorted_color_images/14af8cbc71694b0ab5ca408ceb1c2cdb_i1_4.jpg,/mnt/priorbimda-data/PriorBIMDA-Datasets/Matterport3D/v1/scans/759xd9YjKW5/undistorted_depth_images/14af8cbc71694b0ab5ca408ceb1c2cdb_d1_4.png,1024,1280,406,504,1.4121168655554452,1281581,0.9777687072753907,-1.79885995388031,5.111499786376953,1.6124199628829956,True,204624,1.0,True,,1.0,204624,0.9680508375167847,-0.03247067498873502,0.9629133848989664,0.005321139232117446,log-depth Laplacian fallback,,,,0.0548917285732882,0.02823943524424844,0.26581345883071344,0.16104363546116288,0.08692224544766336,0.02811859949508054,0.05148706119458099,0.022360546566221582,8.224853260757355,0.9819707064945563,0.9902901182211659,0.9953299869458114,0.04046177079850542,0.02316617505865332,0.23136555244408263,0.1073295950287858,0.08236359428904938,-0.004352075446211294,0.038570406204193226,0.016750914579248065,8.224853253111336,0.9838340299988841,0.9910493367176948,0.9968406210766233,0.04386638055058351,0.024754193849261027,0.24165572477678063,0.1212443438485974,0.08342610477321008,0.0012456066580383773,0.04152879055702948,0.018035724579033796,8.34168053912644,0.983412675437604,0.9904883109222125,0.9962398006836868,0.04380051941336776,0.0244298864045458,0.23918384828460218,0.11928341334828595,0.0831655672512301,-0.001276976458817763,0.041555749445289086,0.018047432675443176,8.315576292321838,0.9838199848468415,0.9905554155375275,0.9965394305939305,0.03984186257630075,0.02301265619833241,0.23058478802222096,0.10488467306817142,0.08281540928829169,-0.00967320524419325,0.038163788203018426,0.01657432262509531,8.224853260630843,0.984286596009148,0.991223340545779,0.9970286700567502,0.008662288077175617,0.05898014083504677,0.018040725961327553,ok,
759xd9YjKW5,14af8cbc71694b0ab5ca408ceb1c2cdb,14af8cbc71694b0ab5ca408ceb1c2cdb_i1_5,1,5,/mnt/priorbimda-data/PriorBIMDA-Datasets/Matterport3D/v1/scans/759xd9YjKW5/undistorted_color_images/14af8cbc71694b0ab5ca408ceb1c2cdb_i1_5.jpg,/mnt/priorbimda-data/PriorBIMDA-Datasets/Matterport3D/v1/scans/759xd9YjKW5/undistorted_depth_images/14af8cbc71694b0ab5ca408ceb1c2cdb_d1_5.png,1024,1280,406,504,1.4121168655554452,1292691,0.9862449645996094,-1.7959799766540527,5.113480091094971,1.6124999523162842,True,204624,1.0,True,,1.0,204624,0.9995080232620239,-0.0004920977982389461,0.9521730249334184,0.048516414027218326,log-depth Laplacian fallback,,,,0.051740867869148596,0.005928500454129051,0.10327037941176967,0.0909613114250117,0.056874803930140924,0.0385863250226546,0.05074640296754022,0.022038882785241506,4.1783236391381084,0.9991010999535078,1.0,1.0,0.051305904450048276,0.005856355820099848,0.10267075923019231,0.09021029512052738,0.05654209937676774,0.03809422722635223,0.050336794020599526,0.021860991879846987,4.1783236518481,0.9991065150140289,1.0,1.0,0.0634513323907981,0.010776065323949265,0.1357949278751015,0.10854063305502942,0.07655266540075649,0.04550476773113418,0.06119191579316177,0.02657531136605861,6.155994390588501,0.9992658725093623,1.0,1.0,0.06639865877234338,0.011925506855372438,0.14252638782765137,0.11332774640792881,0.08028996862152776,0.04780898878621038,0.06381773691289003,0.027715690988821585,6.45041057025514,0.9993393626164335,1.0,1.0,0.022046792625784333,0.003245090181031134,0.08003445794450713,0.04154215890053212,0.04306344367108128,-0.01042215603943017,0.02270882370559904,0.009862316825855416,4.178323640291834,0.9994043433426859,1.0,1.0,0.008144741877913475,0.06270069256424904,0.018045002594590187,ok,
759xd9YjKW5,14af8cbc71694b0ab5ca408ceb1c2cdb,14af8cbc71694b0ab5ca408ceb1c2cdb_i2_0,2,0,/mnt/priorbimda-data/PriorBIMDA-Datasets/Matterport3D/v1/scans/759xd9YjKW5/undistorted_color_images/14af8cbc71694b0ab5ca408ceb1c2cdb_i2_0.jpg,/mnt/priorbimda-data/PriorBIMDA-Datasets/Matterport3D/v1/scans/759xd9YjKW5/undistorted_depth_images/14af8cbc71694b0ab5ca408ceb1c2cdb_d2_0.png,1024,1280,406,504,1.4165615917841592,1237241,0.9439399719238282,-1.7839399576187134,5.117239952087402,1.6459599733352661,True,204624,1.0,True,,1.0,204624,1.0495272874832153,0.04833986040096884,1.0027221903699988,0.04562136848077276,log-depth Laplacian fallback,,,,0.03327921910798735,0.006740610492080536,0.09941108890144071,0.05166084138930615,0.057005678746682234,-0.004890225069807851,0.032429264966975825,0.014083850827336042,5.6795537748458385,0.9931306835127514,0.995605544918088,0.9981111198222496,0.051351985366321205,0.012081191874004794,0.14538008765948573,0.09571468113566235,0.07150946732476741,0.043449635272073864,0.048614642783037953,0.021113071100371143,5.679553778067194,0.9927378740277764,0.9951335269361425,0.9977805455848942,0.062880809094408,0.01695770044707384,0.1767479884547856,0.11722984659665145,0.08455941837637743,0.051445144715259364,0.05910961520352255,0.02567097971031441,6.710955462061463,0.9925164135362472,0.9949621779426967,0.9976205120910154,0.06455800431476777,0.017597519808813335,0.18028130853349456,0.12034299057873232,0.08616173660145086,0.05391244558852902,0.06062234723771039,0.026327950885360465,6.721081062479231,0.9924719597879476,0.9949686439424493,0.9976237450908918,0.033287969951515395,0.006810376931678575,0.10035305407192179,0.0523913487647019,0.056837045433678256,-0.002171779237703043,0.03234757456866771,0.014048373138126348,5.679553775229783,0.9931040112637716,0.9955449261704066,0.9980965713228062,0.007743943482637405,0.05988978035748005,0.018042552284896374,ok,
759xd9YjKW5,14af8cbc71694b0ab5ca408ceb1c2cdb,14af8cbc71694b0ab5ca408ceb1c2cdb_i2_1,2,1,/mnt/priorbimda-data/PriorBIMDA-Datasets/Matterport3D/v1/scans/759xd9YjKW5/undistorted_color_images/14af8cbc71694b0ab5ca408ceb1c2cdb_i2_1.jpg,/mnt/priorbimda-data/PriorBIMDA-Datasets/Matterport3D/v1/scans/759xd9YjKW5/undistorted_depth_images/14af8cbc71694b0ab5ca408ceb1c2cdb_d2_1.png,1024,1280,406,504,1.4165615917841592,1230037,0.9384437561035156,-1.7827999591827393,5.1027398109436035,1.6455399990081787,True,204624,1.0,True,,1.0,204624,1.0897382497787476,0.08593752958568703,1.0274904424167015,0.05881816402492837,log-depth Laplacian fallback,,,,0.04362255363661907,0.0077105120991715435,0.10890764980347567,0.06253963771000211,0.07350720164048974,-0.03893364307648443,0.04477909308026274,0.0194473130293902,6.234966022207766,0.9908750712376945,0.9973293486293502,0.9985577669614817,0.06569679984602722,0.013184025963516949,0.15683417045011006,0.11952307136464628,0.07808229922593996,0.04700388641484138,0.06309353879809192,0.02740117574376007,6.234966009778973,0.993101833522081,0.9969635059758365,0.9980610339363776,0.05779110855306389,0.01304784093968046,0.1599672506789421,0.10798573767103337,0.0764049151623722,0.03725325878905559,0.055560324027731305,0.02412954213800037,6.670761403741665,0.9932855678325123,0.996801722224616,0.9980829844955883,0.05802201307611804,0.01273113725307711,0.15833626450731514,0.10836322910557225,0.0757110545485625,0.038450421240931745,0.05581119761879172,0.024238495154253154,6.52206170413184,0.9933148352447935,0.9968122910123842,0.9981366414181037,0.034721692768327386,0.006536055233661508,0.10098517216841918,0.05116894814530357,0.06345908949007882,-0.011814224732572657,0.03486368190731092,0.015141104671175371,6.234966024669342,0.9929701301668161,0.9973025201680925,0.9984049260306804,0.008172774687409401,0.058308009058237076,0.018054362386465073,ok,
759xd9YjKW5,14af8cbc71694b0ab5ca408ceb1c2cdb,14af8cbc71694b0ab5ca408ceb1c2cdb_i2_2,2,2,/mnt/priorbimda-data/PriorBIMDA-Datasets/Matterport3D/v1/scans/759xd9YjKW5/undistorted_color_images/14af8cbc71694b0ab5ca408ceb1c2cdb_i2_2.jpg,/mnt/priorbimda-data/PriorBIMDA-Datasets/Matterport3D/v1/scans/759xd9YjKW5/undistorted_depth_images/14af8cbc71694b0ab5ca408ceb1c2cdb_d2_2.png,1024,1280,406,504,1.4165615917841592,1231692,0.9397064208984375,-1.7947900295257568,5.0945000648498535,1.6452100276947021,True,204624,1.0,True,,1.0,204624,1.0324993133544922,0.03198238082086081,1.058766043804256,0.025121739582578836,log-depth Laplacian fallback,,,,0.06759437846284755,0.026870697273030604,0.2193935681531989,0.11625317241343168,0.09971248203471393,-0.04167244468397206,0.06582213384673108,0.028586189516732554,9.058689986738942,0.9811633103080966,0.9879060674259474,0.9962425671352904,0.0487996899114845,0.027071629248183057,0.22397279990362837,0.09178006047251862,0.09110369783046764,-0.009690063877644928,0.04519273526251809,0.019626955546626124,9.058689982791284,0.9800810592258454,0.9868351828216795,0.995306456484251,0.04910405179564639,0.026072993161912607,0.2198270593234416,0.09328780514240692,0.09043542916891668,-0.002134138882105317,0.045563759851277814,0.019788089478174894,9.041024444275125,0.9799600874244535,0.9870446507730829,0.9959048203609344,0.04928800228454217,0.025828623462835175,0.2197773788479048,0.09446535563489297,0.0900399170348647,-3.024797656521858e-05,0.04572135970492364,0.01985653422496201,9.003991195411752,0.9800282862923523,0.9870016205350038,0.9959194344040556,0.044304449504185675,0.03004967876455288,0.24121201753136243,0.09181147081478261,0.0918919037898694,0.015431641305959065,0.03954997070447082,0.017176334036386944,9.058689987371702,0.9793024554840009,0.9859875683206516,0.9944141879625751,0.008222479373216629,0.060957666486501694,0.018045336939394474,ok,
759xd9YjKW5,14af8cbc71694b0ab5ca408ceb1c2cdb,14af8cbc71694b0ab5ca408ceb1c2cdb_i2_3,2,3,/mnt/priorbimda-data/PriorBIMDA-Datasets/Matterport3D/v1/scans/759xd9YjKW5/undistorted_color_images/14af8cbc71694b0ab5ca408ceb1c2cdb_i2_3.jpg,/mnt/priorbimda-data/PriorBIMDA-Datasets/Matterport3D/v1/scans/759xd9YjKW5/undistorted_depth_images/14af8cbc71694b0ab5ca408ceb1c2cdb_d2_3.png,1024,1280,406,504,1.4165615917841592,1231535,0.9395866394042969,-1.807919979095459,5.100759983062744,1.645300030708313,True,204624,1.0,True,,1.0,204624,1.0780946016311646,0.0751952252515994,1.0377709685971759,0.038120111677524174,log-depth Laplacian fallback,,,,0.043204459147207865,0.010823568659801068,0.1405463275762202,0.07720885626678033,0.06568560237803205,-0.029469499243025634,0.04287515022188998,0.018620441152139806,5.870389232521333,0.9923834888980013,0.9960951170693484,0.9983378466710243,0.0494820384898307,0.01566502360269801,0.17643588065516214,0.08968587975156506,0.07441094668400978,0.04572572604629112,0.04632095217807785,0.020116933927443615,5.870389223850562,0.9894529997117418,0.9953448338861665,0.9973577689631232,0.045333003191593814,0.015037247977226177,0.1730473053560319,0.08467479131852763,0.07165379102328524,0.040493063699884695,0.04238714602065411,0.018408503620397466,5.9114952086639745,0.9893255165301839,0.9953334659591485,0.9973512730048273,0.04558536583660062,0.014918446929912095,0.17196824645934092,0.08531985194730109,0.07155093465799175,0.04158719494650343,0.04264537915660562,0.018520652846385773,5.822406261086326,0.9893255165301839,0.9953415859070185,0.9974137966034258,0.03383543939129306,0.010602038002398163,0.14158639840295614,0.06271322410373152,0.059194531886652656,0.007605631644511385,0.03215202274101197,0.013963446058449373,5.870389231190675,0.9911476328321972,0.9957313434047753,0.9978181700073485,0.007787144742906094,0.058947243727743626,0.018109381198883057,ok,
759xd9YjKW5,14af8cbc71694b0ab5ca408ceb1c2cdb,14af8cbc71694b0ab5ca408ceb1c2cdb_i2_4,2,4,/mnt/priorbimda-data/PriorBIMDA-Datasets/Matterport3D/v1/scans/759xd9YjKW5/undistorted_color_images/14af8cbc71694b0ab5ca408ceb1c2cdb_i2_4.jpg,/mnt/priorbimda-data/PriorBIMDA-Datasets/Matterport3D/v1/scans/759xd9YjKW5/undistorted_depth_images/14af8cbc71694b0ab5ca408ceb1c2cdb_d2_4.png,1024,1280,406,504,1.4165615917841592,1246865,0.9512825012207031,-1.8090699911117554,5.115260124206543,1.6457200050354004,True,204624,1.0,True,,1.0,204624,1.0431410074234009,0.04223636095878455,1.0092656518562182,0.033013371924639504,log-depth Laplacian fallback,,,,0.037108980432096254,0.020161380165758257,0.2028979829094058,0.074782962446339,0.0775871176623275,0.007357669550332055,0.03398464477380222,0.014759343694704496,7.7237461933546,0.9787571228641433,0.9892297883090791,0.997891511911875,0.05527883015317867,0.027956529125879946,0.24087559151969426,0.11665541690364013,0.09178885203060795,0.04959403042760025,0.05040456400568579,0.021890424010408582,7.723746178534806,0.976511490818974,0.9877308289189287,0.9960107950740457,0.05542813490601406,0.030677735308287938,0.25492624919387574,0.11997566625364083,0.0944817351132653,0.04733817659623144,0.050237091531430716,0.021817691638968927,8.176732419834487,0.975905972178223,0.9867812473683999,0.9950948980041945,0.056052295848719944,0.03054959553124773,0.2541090069275285,0.12102972022807505,0.09450942917512721,0.0488721764179688,0.05085727933087245,0.02208703577801019,8.089216634000676,0.9760078276317004,0.9867900694942917,0.9953026189683727,0.03639546690984655,0.021160242338500532,0.2081075713871921,0.07402619002912506,0.07899711430216184,0.016580667868562764,0.03293362987213609,0.014302893722512812,7.723746190224815,0.9782598757684272,0.9889450742462095,0.9975955696887795,0.007993332110345364,0.062474073842167854,0.018244000151753426,ok,
759xd9YjKW5,14af8cbc71694b0ab5ca408ceb1c2cdb,14af8cbc71694b0ab5ca408ceb1c2cdb_i2_5,2,5,/mnt/priorbimda-data/PriorBIMDA-Datasets/Matterport3D/v1/scans/759xd9YjKW5/undistorted_color_images/14af8cbc71694b0ab5ca408ceb1c2cdb_i2_5.jpg,/mnt/priorbimda-data/PriorBIMDA-Datasets/Matterport3D/v1/scans/759xd9YjKW5/undistorted_depth_images/14af8cbc71694b0ab5ca408ceb1c2cdb_d2_5.png,1024,1280,406,504,1.4165615917841592,1223588,0.9335235595703125,-1.7970800399780273,5.123499870300293,1.646049976348877,True,204624,1.0,True,,1.0,204624,1.056726336479187,0.055175767480837565,1.0729773182728084,0.015261557335547654,log-depth Laplacian fallback,,,,0.07120714988575641,0.011001772745437618,0.13464140968811547,0.12266713509113904,0.08737140457729395,-0.07148612114490574,0.07430130072644203,0.03226864490372784,5.023441869341222,0.9842471485500022,0.9988713521217927,1.0,0.03039532495097589,0.0037649370410975658,0.07174303661391766,0.05000045933153687,0.052815948910224106,-0.016310353661248844,0.030806275947993667,0.013378995652202526,5.023441870602655,0.9839488455264354,0.9987046293360183,0.999627325537681,0.03311790651830949,0.004123674389977505,0.07577665932167205,0.05455922171674055,0.05520678597873905,-0.022024430765935386,0.033731135018959815,0.014649245807067786,5.062325224181885,0.9839480282578776,0.9987078984102492,0.9996412191031622,0.03265068729014366,0.004038807102286606,0.0748210718714805,0.05370850088386901,0.05429969409833045,-0.020297714725652494,0.03318722860262246,0.014413030251780699,5.036327586732512,0.983952931869224,0.998699725724672,0.9995268015050818,0.02807543088764759,0.0035262801449016785,0.06874312068728351,0.04597195081572011,0.05024536620398815,-0.0010488091892547344,0.028047774353740795,0.012180993631497168,5.023441872120558,0.9839627390919166,0.9986400651199587,0.99952026335662,0.01056573074311018,0.06078497879207134,0.01806121226400137,ok,
759xd9YjKW5,217b34f2c019478ea2b734c13e16b62b,217b34f2c019478ea2b734c13e16b62b_i0_0,0,0,/mnt/priorbimda-data/PriorBIMDA-Datasets/Matterport3D/v1/scans/759xd9YjKW5/undistorted_color_images/217b34f2c019478ea2b734c13e16b62b_i0_0.jpg,/mnt/priorbimda-data/PriorBIMDA-Datasets/Matterport3D/v1/scans/759xd9YjKW5/undistorted_depth_images/217b34f2c019478ea2b734c13e16b62b_d0_0.png,1024,1280,406,504,1.4155678118069965,1205119,0.9194328308105468,-11.609399795532227,-3.305619955062866,1.5750999450683594,True,130926,0.6398369692704668,True,,1.0,130926,1.1386950016021729,0.12988287125964615,1.5084234407594095,0.28118215516978223,log-depth Laplacian fallback,,,,0.31236508921837147,0.21278496006162598,0.6139534997962934,0.527323248158337,0.4569319890143107,-0.3527690515506714,0.39712962841772864,0.17247120622210843,29.041494254361965,0.27715437230680123,0.5293842350838381,0.9142458130690828,0.2946143544629458,0.1488873263757157,0.5018279785255974,0.4525093247528727,0.3660861761108965,-0.22288618040193134,0.3399358303265506,0.14763225531202093,29.04149426688235,0.2564916825641285,0.7057991783384048,0.9989212683560711,0.28436540270769906,0.14925645048714958,0.5050089270482343,0.4404301056405413,0.37097584836047726,-0.22246512852022238,0.3320919133888657,0.14422568546947714,29.68709259244778,0.4152585761240176,0.7023605137749882,0.986708366559651,0.2821544803970027,0.14749226795577677,0.5010013937860561,0.43402015066245253,0.36947726831908867,-0.21471120757202192,0.3284729603715397,0.14265399414378516,30.06867957651283,0.41014040937036095,0.7065418435855713,0.984540945748926,0.2684820293937989,0.11254635247245129,0.3342492113153352,0.28960695715650175,0.29620813638015164,0.05829597939177321,0.23673219366146686,0.10281148539602702,29.041494252974736,0.5800024727848453,0.7702367981917139,0.9992905264957237,0.008941564708948135,0.05836769286543131,0.018023600801825523,ok,
759xd9YjKW5,217b34f2c019478ea2b734c13e16b62b,217b34f2c019478ea2b734c13e16b62b_i0_1,0,1,/mnt/priorbimda-data/PriorBIMDA-Datasets/Matterport3D/v1/scans/759xd9YjKW5/undistorted_color_images/217b34f2c019478ea2b734c13e16b62b_i0_1.jpg,/mnt/priorbimda-data/PriorBIMDA-Datasets/Matterport3D/v1/scans/759xd9YjKW5/undistorted_depth_images/217b34f2c019478ea2b734c13e16b62b_d0_1.png,1024,1280,406,504,1.4155678118069965,1203328,0.91806640625,-11.607600212097168,-3.2911899089813232,1.575369954109192,True,120574,0.5892466181875049,True,,1.0,120574,1.1465057134628296,0.13671880669880804,1.1887111538223372,0.036150849472124824,log-depth Laplacian fallback,,,,0.15634002183516768,0.03605680029584725,0.23752332946112778,0.2228467766717219,0.17255023963964836,-0.1647320792887213,0.16928167165988547,0.07351809588924633,5.135101997930044,0.9951675686097223,0.9969517870439315,1.0,0.03925214887364173,0.00518957370525295,0.07792727819979753,0.0535530719480899,0.05849504843677814,-0.028013272524214605,0.038897441270536556,0.01689294410394983,5.135101999089311,0.9945767072651845,0.99590884613339,0.9989894692054037,0.050043129021319556,0.0077407377705506425,0.10039018911355249,0.07354554815242421,0.06872014419234403,-0.018567648836498047,0.04912520034157875,0.021334803430739402,6.616419450504213,0.9943647949686204,0.9957368232102968,0.9973481876927986,0.04868314587028986,0.007467655510960644,0.09858081403812619,0.07244337817539889,0.06737017375854142,-0.020165275768907337,0.04792868883022566,0.020815165083825013,6.428142784210678,0.9943315538240612,0.9957035820657377,0.9972875226039783,0.024747128034726455,0.004593251563410547,0.06993048667150319,0.034344301119424166,0.05199180302946481,0.008137587481979338,0.0233084249662647,0.01012272034470475,5.135101997261398,0.9943681190830763,0.9957418093819806,0.9973432015211148,0.010491655208170414,0.059641532599925995,0.01806122437119484,ok,
759xd9YjKW5,217b34f2c019478ea2b734c13e16b62b,217b34f2c019478ea2b734c13e16b62b_i0_2,0,2,/mnt/priorbimda-data/PriorBIMDA-Datasets/Matterport3D/v1/scans/759xd9YjKW5/undistorted_color_images/217b34f2c019478ea2b734c13e16b62b_i0_2.jpg,/mnt/priorbimda-data/PriorBIMDA-Datasets/Matterport3D/v1/scans/759xd9YjKW5/undistorted_depth_images/217b34f2c019478ea2b734c13e16b62b_d0_2.png,1024,1280,406,504,1.4155678118069965,1239287,0.9455009460449219,-11.594099998474121,-3.2855799198150635,1.575659990310669,True,108843,0.5319170771756979,True,,1.0,108843,0.9678145051002502,-0.032714837030903735,0.9851926221976829,0.01779673563300775,log-depth Laplacian fallback,,,,0.07157752541567013,0.015506858410342326,0.18332884642329988,0.14638196282846935,0.08464823602697111,0.009458967156864489,0.07087742549880932,0.03078167478564173,8.411808249599588,0.9953077858478302,0.9990607502539767,0.9998297408106436,0.0695231009468747,0.016822306916291614,0.20120588552108792,0.15266528517169164,0.08727363450751319,-0.023255869856051364,0.07111982818298623,0.030886948933778302,8.411808246381629,0.9817693560894288,0.9990744678189959,0.9998313546418223,0.06513428937543003,0.01450476517567591,0.1881624123198803,0.14313497397562008,0.08056568978798573,-0.015892530611564704,0.06640231279158681,0.02883815803099988,7.898264266137482,0.9852156925716158,0.9991091651893387,0.999832968473001,0.06454582373012421,0.014452971379405653,0.18835021609138095,0.14275573637710579,0.08034348908002674,-0.01841654207397796,0.06597047418758922,0.028650612908210905,7.8204265967975015,0.9851729260453793,0.999116427429643,0.9998337753885904,0.07014026308719717,0.015580852558357268,0.18882477116097005,0.14811568563747365,0.08429504275124149,-0.005459159919635508,0.07049618314437932,0.030616103334844984,8.411808251146406,0.9904872721169511,0.9990688194098704,0.9998313546418223,0.00927693024277687,0.05866851285099983,0.018038024194538593,ok,
759xd9YjKW5,217b34f2c019478ea2b734c13e16b62b,217b34f2c019478ea2b734c13e16b62b_i0_3,0,3,/mnt/priorbimda-data/PriorBIMDA-Datasets/Matterport3D/v1/scans/759xd9YjKW5/undistorted_color_images/217b34f2c019478ea2b734c13e16b62b_i0_3.jpg,/mnt/priorbimda-data/PriorBIMDA-Datasets/Matterport3D/v1/scans/759xd9YjKW5/undistorted_depth_images/217b34f2c019478ea2b734c13e16b62b_d0_3.png,1024,1280,406,504,1.4155678118069965,1253166,0.9560897827148438,-11.582599639892578,-3.2943999767303467,1.5756700038909912,True,50623,0.24739522245679882,True,,1.0,50623,1.0176092386245728,0.01745599239954909,1.072323740266933,0.052372021174953,log-depth Laplacian fallback,,,,0.06857596268189174,0.02161634589565865,0.24963050437434658,0.19140360704902382,0.09610871104234507,-0.06807864587605059,0.07235601351862742,0.03142381740365699,6.783938615512586,0.9778656618516621,0.9955528637068034,1.0,0.05644656016480684,0.016733556789509142,0.21908422796352098,0.15541563316271292,0.0846453504802093,-0.05062265354476153,0.059137899572147164,0.025683263455532197,6.783938609690178,0.9777363892732487,0.9981925778388497,1.0,0.047045860442953724,0.013540116818002884,0.19940298859831224,0.13232104288441615,0.07478991772124606,-0.03801648698654685,0.049057071204877296,0.021305215322613116,6.4407130893655475,0.9781992170231238,0.9987391933710299,1.0,0.047167598312832806,0.01398191839581674,0.20280665040022072,0.13232266578209292,0.07665140144954215,-0.0413079922928395,0.04939374258214987,0.021451429843977354,6.456846844175248,0.9784649439898625,0.9988062235968739,1.0,0.0365578980955802,0.01133529627086657,0.17982313151334806,0.09982061848832209,0.06786193922100733,0.001749422575661675,0.03695691562018089,0.01605018452200866,6.783938616679441,0.9771123697897964,0.9980114366332952,0.9999760606336271,0.009641280397772789,0.059754274785518646,0.018061645328998566,ok,
759xd9YjKW5,217b34f2c019478ea2b734c13e16b62b,217b34f2c019478ea2b734c13e16b62b_i0_4,0,4,/mnt/priorbimda-data/PriorBIMDA-Datasets/Matterport3D/v1/scans/759xd9YjKW5/undistorted_color_images/217b34f2c019478ea2b734c13e16b62b_i0_4.jpg,/mnt/priorbimda-data/PriorBIMDA-Datasets/Matterport3D/v1/scans/759xd9YjKW5/undistorted_depth_images/217b34f2c019478ea2b734c13e16b62b_d0_4.png,1024,1280,406,504,1.4155678118069965,1250788,0.9542755126953125,-11.584400177001953,-3.3088300228118896,1.5753999948501587,True,45402,0.22188013136288998,True,,1.0,45402,0.9910679459571838,-0.00897218397808232,1.3054468758040003,0.2755175997020304,log-depth Laplacian fallback,,,,0.2267511601444835,0.18426122668411068,0.8162463442234371,0.76596390996423,0.2670939078318592,-0.25411775802262176,0.25855910498925766,0.11229079254267815,8.22394106158961,0.29272266763032584,0.9996410262970223,0.9999992005040023,0.23347895610074254,0.19462968428449262,0.8389225570709491,0.7884866836988657,0.2756440427096453,-0.26308994207261255,0.26735157725765796,0.11610931473113179,8.223941063472035,0.26888969193820217,0.9996634121849586,0.9999992005040023,0.2252853986661625,0.18325016167227665,0.813638349410928,0.7590755001283046,0.267368860882466,-0.2528726859634985,0.2571591729851456,0.11168280979825257,8.684188196482923,0.30793787596299294,0.9996706076489381,0.9999992005040023,0.22804031775891662,0.1879160091963675,0.8255161938967676,0.7698150700449163,0.270698855588071,-0.2566607952551204,0.26074170149609593,0.11323868216181933,8.604130749646048,0.30033386952864916,0.999688196560888,0.9999992005040023,0.058456985031437765,0.02207778320795492,0.24720924576837683,0.17485237912127907,0.08317311519414083,0.012427648049291248,0.05620911687201599,0.024411309290171494,8.223941059529043,0.9883121680092869,0.993952612273223,0.9991277498664841,0.009544513188302517,0.05853479541838169,0.018018814735114574,ok,
759xd9YjKW5,217b34f2c019478ea2b734c13e16b62b,217b34f2c019478ea2b734c13e16b62b_i0_5,0,5,/mnt/priorbimda-data/PriorBIMDA-Datasets/Matterport3D/v1/scans/759xd9YjKW5/undistorted_color_images/217b34f2c019478ea2b734c13e16b62b_i0_5.jpg,/mnt/priorbimda-data/PriorBIMDA-Datasets/Matterport3D/v1/scans/759xd9YjKW5/undistorted_depth_images/217b34f2c019478ea2b734c13e16b62b_d0_5.png,1024,1280,406,504,1.4155678118069965,1253849,0.9566108703613281,-11.597900390625,-3.3144400119781494,1.5751099586486816,True,59276,0.2896825396825397,True,,1.0,59276,0.9970136880874634,-0.0029907798392551127,1.1467643243913384,0.1399351255503349,log-depth Laplacian fallback,,,,0.12801974703886054,0.055802375321237344,0.3955812625230841,0.3441047507777974,0.15387473177441374,-0.12583241654271404,0.13709483859728508,0.05953953190021785,8.856430446669064,0.9291405902943656,0.9970506815413978,0.9996993258358862,0.1302945249466178,0.05726822090120729,0.40079167461575566,0.35056437243523286,0.1563299458264848,-0.1288231964430016,0.13975589323627088,0.060695213245972435,8.856430443649117,0.9133627733483058,0.9970921538398962,0.9997447858553941,0.11931525923806893,0.051747106580035965,0.37851936183425633,0.31906779970642396,0.15019119232912223,-0.11735344967747599,0.12787399379496822,0.05553496988408538,9.373132935171407,0.8601769431566321,0.9970570618950129,0.9997208595293373,0.11837022481755201,0.05172950855988997,0.379423224728275,0.3182340490570059,0.14999314704146882,-0.11656673413190367,0.12692721220506847,0.05512378786402426,9.43935413745335,0.8616667557257692,0.9970131969639088,0.9998046016705361,0.06125933742964068,0.038160652924279836,0.38378556310747847,0.2077800287534867,0.08925866963721125,0.011111889074250906,0.05849681924798404,0.025404845808291387,8.856430447198441,0.9864736503358857,0.9924368883334437,0.9977062628753542,0.00986425019800663,0.059029839001595974,0.018103978596627712,ok,
759xd9YjKW5,217b34f2c019478ea2b734c13e16b62b,217b34f2c019478ea2b734c13e16b62b_i1_0,1,0,/mnt/priorbimda-data/PriorBIMDA-Datasets/Matterport3D/v1/scans/759xd9YjKW5/undistorted_color_images/217b34f2c019478ea2b734c13e16b62b_i1_0.jpg,/mnt/priorbimda-data/PriorBIMDA-Datasets/Matterport3D/v1/scans/759xd9YjKW5/undistorted_depth_images/217b34f2c019478ea2b734c13e16b62b_d1_0.png,1024,1280,406,504,1.4121168655554452,1094376,0.834942626953125,-11.599699974060059,-3.301919937133789,1.6085599660873413,True,204624,1.0,True,,1.0,204624,1.0549219846725464,0.05346681601604738,0.8095559070897881,0.26473626053484806,log-depth Laplacian fallback,,,,0.23013457557347677,0.053272206506565986,0.25836512984128784,0.23947164604368207,0.22351468166204216,0.048124390559445895,0.22112886386215502,0.09603504536486931,21.827243516249588,0.5328653040636856,0.9999634494908514,1.0,0.25086432618852644,0.05823324918094299,0.23883623196281514,0.23173276342832988,0.2407563690593838,0.1015912066000649,0.22900501834873133,0.09945561579700689,21.827243523679567,0.4249014963778445,0.9973838973076895,1.0,0.27412741307257804,0.06971299324803905,0.2609762523306255,0.2503067040786743,0.262018105941253,0.1144013018490687,0.24754319147576984,0.1075066420906469,23.572405472560483,0.3936042091566336,0.9999588806772078,1.0,0.2734657160193127,0.06956251382408815,0.25984108526570104,0.24830001496119564,0.2620288913980569,0.11689003605674789,0.24644288603749187,0.10702878551039459,23.451196003177937,0.3940007821808958,0.9999570531517504,1.0,0.15974982268146393,0.08794815158441643,0.4034705621460746,0.2673675471313968,0.2725053617743411,-0.16314507732178338,0.19152878402550458,0.08317989402791628,21.827243513882795,0.5735368831187818,0.9531047829996272,0.9999671045417663,0.008470466360449791,0.05779526848345995,0.018003251403570175,ok,
759xd9YjKW5,217b34f2c019478ea2b734c13e16b62b,217b34f2c019478ea2b734c13e16b62b_i1_1,1,1,/mnt/priorbimda-data/PriorBIMDA-Datasets/Matterport3D/v1/scans/759xd9YjKW5/undistorted_color_images/217b34f2c019478ea2b734c13e16b62b_i1_1.jpg,/mnt/priorbimda-data/PriorBIMDA-Datasets/Matterport3D/v1/scans/759xd9YjKW5/undistorted_depth_images/217b34f2c019478ea2b734c13e16b62b_d1_1.png,1024,1280,406,504,1.4121168655554452,1305263,0.9958366394042969,-11.599300384521484,-3.298449993133545,1.6086299419403076,True,204624,1.0,True,,1.0,204624,1.0367934703826904,0.03613274873984026,1.1701591626153245,0.12100702724106357,log-depth Laplacian fallback,,,,0.16173145594020927,0.025447424107291925,0.16343736681328785,0.1510452163391444,0.1739908026291189,-0.10397187584696999,0.17044979603728402,0.0740254058605272,13.950859626699447,0.911469182839014,0.9992185482925663,0.9999969354835002,0.14603057063849842,0.02518373371950785,0.1729570049065105,0.14451490513957277,0.15512831985845763,-0.06783912711559302,0.1491870849457794,0.06479112776318367,13.950859634553833,0.9906256440272957,0.9991089918277006,0.9999954032252504,0.09785515306691348,0.009666481360117605,0.0995381781954694,0.09015851978727378,0.10582069711365132,-0.06692757680287935,0.10148337140597002,0.04407366820655105,8.196779490088664,0.9936242734222911,0.9993204434661827,0.9999954032252504,0.0947477940465082,0.008845962788407144,0.09391550362187523,0.08648828165016166,0.10260862356194092,-0.06662615422913672,0.09837444777485538,0.04272347982889935,7.803515362906249,0.9946133461225822,0.9998046370731416,0.9999954032252504,0.1019855380069192,0.043941792464068444,0.2529589774847581,0.13307389663437086,0.14929661519205806,0.05316794972988124,0.0906523925147412,0.039369833840479776,13.950859625602389,0.7946344912864304,0.9986393546741155,0.9999785483845018,0.007949003018438816,0.05785112455487251,0.017984588630497456,ok,
759xd9YjKW5,217b34f2c019478ea2b734c13e16b62b,217b34f2c019478ea2b734c13e16b62b_i1_2,1,2,/mnt/priorbimda-data/PriorBIMDA-Datasets/Matterport3D/v1/scans/759xd9YjKW5/undistorted_color_images/217b34f2c019478ea2b734c13e16b62b_i1_2.jpg,/mnt/priorbimda-data/PriorBIMDA-Datasets/Matterport3D/v1/scans/759xd9YjKW5/undistorted_depth_images/217b34f2c019478ea2b734c13e16b62b_d1_2.png,1024,1280,406,504,1.4121168655554452,1242476,0.9479339599609375,-11.595999717712402,-3.297100067138672,1.6086900234222412,True,204624,1.0,True,,1.0,204624,0.951183021068573,-0.050048783776891585,0.9497160936490521,0.0015434040653290182,log-depth Laplacian fallback,,,,0.08293251778899402,0.09227087807864714,0.42447782726573424,0.20639382700352127,0.1270332612708309,0.03682661554365203,0.07215361256902078,0.03133591578811083,12.157816356855875,0.9809919869679575,0.9925600172558665,0.9936851898950161,0.06611366901413585,0.0911239746320809,0.499970535627128,0.25191153789597115,0.12229503512862878,-0.013222168111367434,0.05903239016547161,0.025637441302424117,12.157816369540743,0.9895555326622003,0.9927306442941353,0.9937866003045531,0.06138187538858439,0.08391699960473885,0.4593515341083739,0.22328210861438064,0.11791495494954922,-0.009247269626425024,0.05430750099562644,0.023585448008355898,11.755179541466145,0.9901559466742215,0.9928054948345079,0.9938220134634391,0.0630038548918449,0.08137929579538822,0.4563450921129998,0.22652771248772818,0.11730542857067656,-0.007960512249660347,0.05619420873852651,0.024404834770061556,11.703501107306783,0.9902106761015907,0.9928449322159946,0.9938574266223251,0.06597300222117565,0.09131751728591071,0.5030875187506548,0.25382809989037936,0.12247151530023218,-0.014765574941423687,0.05899364391998661,0.02562061402181552,12.157816356806926,0.9895555326622003,0.9927403024283769,0.9937890148381135,0.007678629830479622,0.0594380060210824,0.01806117221713066,ok,
759xd9YjKW5,217b34f2c019478ea2b734c13e16b62b,217b34f2c019478ea2b734c13e16b62b_i1_3,1,3,/mnt/priorbimda-data/PriorBIMDA-Datasets/Matterport3D/v1/scans/759xd9YjKW5/undistorted_color_images/217b34f2c019478ea2b734c13e16b62b_i1_3.jpg,/mnt/priorbimda-data/PriorBIMDA-Datasets/Matterport3D/v1/scans/759xd9YjKW5/undistorted_depth_images/217b34f2c019478ea2b734c13e16b62b_d1_3.png,1024,1280,406,504,1.4121168655554452,1205795,0.9199485778808594,-11.593199729919434,-3.2992300987243652,1.6087000370025635,True,163431,0.79868930330753,True,,1.0,163431,0.9849772453308105,-0.01513673926387907,1.0077391041493422,0.022846050163352085,log-depth Laplacian fallback,,,,0.04481747810219534,0.05629034414482958,0.44440596460969034,0.1844505552767855,0.09721316491567934,-0.008563186658600303,0.041645876863846826,0.01808657451599099,9.683527904216024,0.9700778324673763,0.9899526868165816,0.9960623489067378,0.05214058921115687,0.057241022552325736,0.4595872397781253,0.214251598503559,0.09969331846165415,-0.023699925805545197,0.04969780057590232,0.021583480552842642,9.683527901910773,0.9669769736978509,0.9904345265986341,0.9962307025655273,0.04885605748335195,0.0531830250201185,0.44209122161852504,0.20075931792464674,0.09654013886873004,-0.01989525697841039,0.04641929721178912,0.020159644632907026,9.446786312051678,0.9697469304483763,0.9907878204835814,0.9964952583150536,0.04906336990504275,0.052054628146356814,0.439028665891632,0.2016433743695906,0.09609427506479624,-0.01979330338559801,0.04671027485247958,0.0202860146166161,9.40336899271447,0.9705099125473235,0.9911195518309497,0.996553311300843,0.04369479166240333,0.05648911651921024,0.4398288099282255,0.17880065288021463,0.09683904394263901,-0.0008539125772514196,0.04018375637703258,0.017451583656689872,9.683527903111953,0.9713118730795866,0.9897495013663185,0.99595619487558,0.00901681836694479,0.05909675732254982,0.01805096957832575,ok,
759xd9YjKW5,217b34f2c019478ea2b734c13e16b62b,217b34f2c019478ea2b734c13e16b62b_i1_4,1,4,/mnt/priorbimda-data/PriorBIMDA-Datasets/Matterport3D/v1/scans/759xd9YjKW5/undistorted_color_images/217b34f2c019478ea2b734c13e16b62b_i1_4.jpg,/mnt/priorbimda-data/PriorBIMDA-Datasets/Matterport3D/v1/scans/759xd9YjKW5/undistorted_depth_images/217b34f2c019478ea2b734c13e16b62b_d1_4.png,1024,1280,406,504,1.4121168655554452,1074836,0.8200347900390625,-11.593700408935547,-3.3027000427246094,1.6086299419403076,True,83121,0.4062133474079287,True,,1.0,83121,0.9539737105369568,-0.04711916500269791,1.0134598785842908,0.06048926413770363,log-depth Laplacian fallback,,,,0.050897546909109255,0.03204986518322091,0.3767314446318017,0.23200763013398384,0.0797107074147765,-0.007023250103645832,0.04949657135233236,0.021496087811448503,7.940069794747237,0.9812910992932875,0.9947647827203406,0.9988119117707259,0.07408674830596954,0.045189969900104196,0.48420493679707,0.3624287068308593,0.09610344408094568,-0.054142415190533984,0.07550865291437425,0.032792991296660634,7.940069799161269,0.9853372979691786,0.9959482190771429,0.9993422252325006,0.07212087907594461,0.04404336330687168,0.4682589160701239,0.33687223005780315,0.09660586554896121,-0.051780341691404455,0.07365812973710217,0.03198931929213731,8.155666418377699,0.9861569578986934,0.9959854340569166,0.9989617020643149,0.07340903774037522,0.04463087974214126,0.4700714739174183,0.3420460993746686,0.09756591362605518,-0.05380907056197381,0.07503762888663926,0.032588428160571475,8.138606408313025,0.9862248752367803,0.9960254401601732,0.9989998474185829,0.049346063225126614,0.0318832636731257,0.36524363491202955,0.21637807855367083,0.0796539631984618,0.0063468907854195835,0.047278797315578505,0.02053292078517801,7.940069792249853,0.979739234636726,0.9944838096230495,0.9986928238354502,0.009753110818564892,0.06245876755565405,0.01811755634844303,ok,
759xd9YjKW5,217b34f2c019478ea2b734c13e16b62b,217b34f2c019478ea2b734c13e16b62b_i1_5,1,5,/mnt/priorbimda-data/PriorBIMDA-Datasets/Matterport3D/v1/scans/759xd9YjKW5/undistorted_color_images/217b34f2c019478ea2b734c13e16b62b_i1_5.jpg,/mnt/priorbimda-data/PriorBIMDA-Datasets/Matterport3D/v1/scans/759xd9YjKW5/undistorted_depth_images/217b34f2c019478ea2b734c13e16b62b_d1_5.png,1024,1280,406,504,1.4121168655554452,1144012,0.8728118896484375,-11.59689998626709,-3.3040499687194824,1.6085599660873413,True,183300,0.8957893502228478,True,,1.0,183300,0.9680508375167847,-0.03247067498873502,0.9930542029558709,0.02550064361329035,log-depth Laplacian fallback,,,,0.040177486324145736,0.023626460116671265,0.32284241954214127,0.17843907714112653,0.06811368329463,0.013356517843944147,0.0383703141144593,0.01666401568880414,6.679129646178129,0.982424135411167,0.9969939126512659,0.9987945930637091,0.044940885770349846,0.023168909222550087,0.3345984257841773,0.19518285972630406,0.06947250036437927,-0.01911415733167864,0.04445740911501068,0.019307607458364472,6.679129656159185,0.9839608325786793,0.9975585920427408,0.9988584035831792,0.05410567793612799,0.0292131989514879,0.3747975006464679,0.24469391883134625,0.07821109341145281,-0.007975547125938644,0.053457432121639344,0.023216267787145608,7.780337897968784,0.9841015653681955,0.9970655902210815,0.9988243130316815,0.052848538759773356,0.028363001329140804,0.3691050485457293,0.23902032574961227,0.0775091330619085,-0.009980779178576024,0.052333578863245495,0.022728184518556165,7.686383905971092,0.9842309346405457,0.997195833610137,0.9988400471323727,0.03938230015601752,0.022723830629516766,0.31890187679856336,0.17384097964697043,0.0670959357344491,0.006386494716871429,0.03785178889941087,0.016438823049180894,6.679129641886505,0.9827597962259137,0.9970848207885932,0.998805956580875,0.009353774599730968,0.06176886148750782,0.018111933022737503,ok,
759xd9YjKW5,217b34f2c019478ea2b734c13e16b62b,217b34f2c019478ea2b734c13e16b62b_i2_0,2,0,/mnt/priorbimda-data/PriorBIMDA-Datasets/Matterport3D/v1/scans/759xd9YjKW5/undistorted_color_images/217b34f2c019478ea2b734c13e16b62b_i2_0.jpg,/mnt/priorbimda-data/PriorBIMDA-Datasets/Matterport3D/v1/scans/759xd9YjKW5/undistorted_depth_images/217b34f2c019478ea2b734c13e16b62b_d2_0.png,1024,1280,406,504,1.4165615917841592,1127475,0.8601951599121094,-11.610400199890137,-3.3067500591278076,1.6415899991989136,True,204624,1.0,True,,1.0,204624,0.9755242466926575,-0.02478026357163262,1.0727303966992077,0.09498743441786825,log-depth Laplacian fallback,,,,0.06864993028597305,0.010274053019050579,0.11647762122621126,0.0851404073241069,0.0862641734263339,-0.03531958103883839,0.06873050149147772,0.029849277536191963,7.870219064403187,0.9925541586287945,0.9955005654227367,0.9971174527151379,0.08087741945280882,0.011458682366727571,0.11793682547460146,0.09549653314965778,0.0990253813476967,-0.0600998446121439,0.08280324178723329,0.03596099099189616,7.87021907487518,0.9928424133572806,0.9956353799419055,0.9976646932304486,0.08807874371905064,0.01319428431243007,0.14194390762840403,0.1225492775242763,0.09990945764256962,-0.08469419491472586,0.09116625017754382,0.03959299938791864,5.299804783365928,0.9940717089070711,0.9958748531009557,1.0,0.08842869944429402,0.013529167471731204,0.14577099067628455,0.12433294912370949,0.10072370263827811,-0.08561696647401902,0.09175362624552841,0.039848093573046375,5.305656721793236,0.9943102951284951,0.9960247455597685,1.0,0.05343533996686559,0.01680427927416461,0.17525995463644897,0.09857616805235175,0.08608821276826319,0.03488761336319814,0.04938587871275613,0.02144801460889325,7.870219063948444,0.9897257145391251,0.9948805960220848,0.9963564602319341,0.008224583230912685,0.06029393896460533,0.018027184531092644,ok,
759xd9YjKW5,217b34f2c019478ea2b734c13e16b62b,217b34f2c019478ea2b734c13e16b62b_i2_1,2,1,/mnt/priorbimda-data/PriorBIMDA-Datasets/Matterport3D/v1/scans/759xd9YjKW5/undistorted_color_images/217b34f2c019478ea2b734c13e16b62b_i2_1.jpg,/mnt/priorbimda-data/PriorBIMDA-Datasets/Matterport3D/v1/scans/759xd9YjKW5/undistorted_depth_images/217b34f2c019478ea2b734c13e16b62b_d2_1.png,1024,1280,406,504,1.4165615917841592,1207277,0.9210792541503906,-11.608499526977539,-3.2923200130462646,1.641860008239746,True,204624,1.0,True,,1.0,204624,1.0608623027801514,0.05908207060655306,1.0366128776263075,0.023123520963781286,log-depth Laplacian fallback,,,,0.03719895180417469,0.0020799093070773987,0.04969709175563509,0.040388124825671584,0.04523476987690315,-0.03592271472909992,0.038024510273685655,0.016513834988935185,2.7490779769007863,0.9984237254582006,1.0,1.0,0.028413460702400178,0.002107352015270403,0.05738417104347943,0.03892530558246984,0.0359457750020768,0.023159355892654616,0.02781590088104624,0.012080292261806175,2.7490779820465145,0.9973427804886534,1.0,1.0,0.01884953551824452,0.0011622600754755531,0.04216523508266974,0.025457375171450893,0.026912125488368827,0.0066544476300190655,0.01862450571347478,0.008088520059537686,2.6076441955164142,0.9977296014087902,1.0,1.0,0.019152050644003903,0.0011944607933429498,0.042687057266487034,0.02567543610338051,0.027375246999653918,0.0072994659510430574,0.018916650245830845,0.008215396817858132,2.6384122974274207,0.9977196616849323,1.0,1.0,0.018599827317612457,0.0010756507817484967,0.03961172549108356,0.022954112815277435,0.027490803110871872,3.582591721436335e-05,0.01851469941059938,0.008040831788120704,2.749077976675777,0.9977188333746108,1.0,1.0,0.008259985595941544,0.05791392922401428,0.01804516091942787,ok,
759xd9YjKW5,217b34f2c019478ea2b734c13e16b62b,217b34f2c019478ea2b734c13e16b62b_i2_2,2,2,/mnt/priorbimda-data/PriorBIMDA-Datasets/Matterport3D/v1/scans/759xd9YjKW5/undistorted_color_images/217b34f2c019478ea2b734c13e16b62b_i2_2.jpg,/mnt/priorbimda-data/PriorBIMDA-Datasets/Matterport3D/v1/scans/759xd9YjKW5/undistorted_depth_images/217b34f2c019478ea2b734c13e16b62b_d2_2.png,1024,1280,406,504,1.4165615917841592,1224717,0.9343849182128906,-11.595100402832031,-3.286710023880005,1.6421400308609009,True,204624,1.0,True,,1.0,204624,1.074416160583496,0.07177740760994888,1.052885587260651,0.020242834434847666,log-depth Laplacian fallback,,,,0.05330736000361247,0.013915722605340795,0.16777114598930173,0.1155348635554448,0.0692055094838916,-0.04824506015921991,0.05344081167579716,0.023209049619229566,4.9616697926789355,0.9969062240501275,0.9977456016369496,0.9983432907357374,0.027899734838141975,0.011353756708479436,0.13468644679899955,0.05485258100289223,0.05491437056920423,0.023532347559904965,0.025942299828148795,0.0112665976632447,4.961669792853731,0.9954577261522458,0.997582298604494,0.998151409672602,0.029158900496588182,0.011297667529777407,0.134339610579072,0.05670264992691467,0.05532373516307384,0.024863517385889513,0.027193484067671622,0.011809980074313784,4.942186940611921,0.9954454784248116,0.9975880142106299,0.9981677399758475,0.029460495286312952,0.011045824321772466,0.13291611931372888,0.057397069103006855,0.05487962071425558,0.02546398283622868,0.027529472025426677,0.011955897790352754,4.861438416617865,0.995429148121566,0.9975937298167659,0.9981963180065272,0.0188474955992273,0.009879251998776014,0.12519592245808087,0.03678266614427339,0.04972561981255112,0.0032894609194904817,0.017337793934147784,0.00752970823397605,4.961669792117894,0.9957998460052404,0.9976174087564719,0.9982150978552596,0.00807220209389925,0.05904063116759062,0.018027106299996376,ok,
759xd9YjKW5,217b34f2c019478ea2b734c13e16b62b,217b34f2c019478ea2b734c13e16b62b_i2_3,2,3,/mnt/priorbimda-data/PriorBIMDA-Datasets/Matterport3D/v1/scans/759xd9YjKW5/undistorted_color_images/217b34f2c019478ea2b734c13e16b62b_i2_3.jpg,/mnt/priorbimda-data/PriorBIMDA-Datasets/Matterport3D/v1/scans/759xd9YjKW5/undistorted_depth_images/217b34f2c019478ea2b734c13e16b62b_d2_3.png,1024,1280,406,504,1.4165615917841592,1233111,0.9407890319824219,-11.583499908447266,-3.2955400943756104,1.6421500444412231,True,198494,0.9700426147470482,True,,1.0,198494,1.0431410074234009,0.04223636095878455,1.0280061111110101,0.014615249282964905,log-depth Laplacian fallback,,,,0.05492326466853857,0.026195142511540988,0.21658577124121012,0.10430192012408894,0.09954838563706982,-0.014331759836708775,0.050590989572382804,0.021971387605310793,9.851132799292511,0.9740193705189557,0.9872614874086761,0.9944473774056026,0.04789241602000731,0.03028766351122489,0.23717169657562423,0.09502021646546734,0.10238724774629594,0.0279046009993197,0.041552318082382945,0.018045942453467603,9.851132799901821,0.9697277860630551,0.9842349958762836,0.9936915654795068,0.04548046085886143,0.028746987865944065,0.23020361195608102,0.09018175343010269,0.10023386463002626,0.020914154093306405,0.03954928682147487,0.01717603702977553,9.802767862819085,0.9707804082519741,0.9849210655001861,0.9939007923860869,0.0455937583728945,0.027939603098429498,0.22825688364199237,0.0913176406395329,0.0991641292451053,0.021788596819612257,0.039827099054579033,0.01729668934961788,9.674079582871093,0.9710958705258489,0.9851286704927618,0.9940443317754849,0.044831132647515606,0.027878169610561797,0.2243376738878428,0.08391754937270679,0.09940366051842982,0.01328931851051647,0.03916291772321257,0.017008239062422267,9.851132796784992,0.9710674870307702,0.9850775802016202,0.9939462059782128,0.00885236170142889,0.05918001011013985,0.01812223717570305,ok,
759xd9YjKW5,217b34f2c019478ea2b734c13e16b62b,217b34f2c019478ea2b734c13e16b62b_i2_4,2,4,/mnt/priorbimda-data/PriorBIMDA-Datasets/Matterport3D/v1/scans/759xd9YjKW5/undistorted_color_images/217b34f2c019478ea2b734c13e16b62b_i2_4.jpg,/mnt/priorbimda-data/PriorBIMDA-Datasets/Matterport3D/v1/scans/759xd9YjKW5/undistorted_depth_images/217b34f2c019478ea2b734c13e16b62b_d2_4.png,1024,1280,406,504,1.4165615917841592,1250237,0.9538551330566406,-11.585399627685547,-3.309959888458252,1.6418800354003906,True,189529,0.9262305496911408,True,,1.0,189529,1.0918687582015991,0.08789068530287146,1.1270674792915347,0.031728423110090845,log-depth Laplacian fallback,,,,0.11512074433443918,0.03545208874698653,0.31687478334251795,0.2722284928886561,0.12795025718593375,-0.11113934892290057,0.12168866115478022,0.05284871404971564,6.339805545078138,0.9908009441409908,0.9988258226240305,1.0,0.0466844414745065,0.010775151202797078,0.16533199958583275,0.10481142407166874,0.06752639322258813,-0.023248663533275562,0.046192782526288084,0.02006127055492386,6.339805537686578,0.9859650610244298,0.9978931994493844,0.9997848407941854,0.05270009095508543,0.012483066089366794,0.181987681703173,0.11781192496544517,0.07371985552021353,-0.035446407939916054,0.053042467125696637,0.023036050779224673,6.463875975046405,0.9866033400067348,0.997969185042516,0.9998216338182281,0.052187908243953626,0.012640834182812416,0.18437147353794045,0.11621655864478125,0.0742127641442731,-0.03478206449576632,0.05257562867842735,0.022833305417635365,6.555716857328312,0.9866745265097737,0.9979131956581032,0.9998264329083206,0.03483573520246368,0.009452507883179273,0.1438334222807422,0.07246013852669134,0.06396263965719352,0.008479730618780422,0.03310887553151065,0.014379001945356662,6.339805549501422,0.9805876805757628,0.9972373238034069,0.9995960765838797,0.008263935334980488,0.06033837888389826,0.018025564961135387,ok,
759xd9YjKW5,217b34f2c019478ea2b734c13e16b62b,217b34f2c019478ea2b734c13e16b62b_i2_5,2,5,/mnt/priorbimda-data/PriorBIMDA-Datasets/Matterport3D/v1/scans/759xd9YjKW5/undistorted_color_images/217b34f2c019478ea2b734c13e16b62b_i2_5.jpg,/mnt/priorbimda-data/PriorBIMDA-Datasets/Matterport3D/v1/scans/759xd9YjKW5/undistorted_depth_images/217b34f2c019478ea2b734c13e16b62b_d2_5.png,1024,1280,406,504,1.4165615917841592,1206735,0.9206657409667969,-11.598799705505371,-3.315570116043091,1.6416000127792358,True,204624,1.0,True,,1.0,204624,1.100432276725769,0.0957030814499717,1.1052949432911372,0.004409134909292081,log-depth Laplacian fallback,,,,0.09574490363681563,0.022275517375975003,0.22222294096057035,0.2040864873654663,0.10560996771541406,-0.09464000942268765,0.10009150664252459,0.043469189020231086,4.686932789495058,0.99462350888969,0.9984246748457615,0.9994050060700982,0.022477258264090333,0.006892926188649928,0.12153005473337923,0.05015004001281194,0.04688138253079751,0.0010630719661346665,0.021580030001678005,0.009372087949035381,4.686932798743529,0.9921623222994278,0.997864485574712,0.9990146966815415,0.04167440248056047,0.009992203881336273,0.14708527406594918,0.08839869338599232,0.06422001867260053,-0.028212338661768085,0.042053737140283765,0.018263705983435092,5.769120163025613,0.9925982092174338,0.9979829871512801,0.9991704889640227,0.04076083270814881,0.01008953353526569,0.14815647557338332,0.08712180411279183,0.0647901653662068,-0.027103429861094656,0.0411949195054321,0.017890726223657807,5.884870107270972,0.9924979386526454,0.9979879592454018,0.9991837478816807,0.022255959624712027,0.00708292393233064,0.12366948137266957,0.05091475590459604,0.047187699033143404,0.0054722065433690445,0.021260334283124176,0.00923324586257936,4.686932787643996,0.9919667532639727,0.9978238801393844,0.9989923222579937,0.008301454596221447,0.05926278606057167,0.01803000643849373,ok,
759xd9YjKW5,39a9ff1fe32d41b8bb16f7f102414c80,39a9ff1fe32d41b8bb16f7f102414c80_i0_0,0,0,/mnt/priorbimda-data/PriorBIMDA-Datasets/Matterport3D/v1/scans/759xd9YjKW5/undistorted_color_images/39a9ff1fe32d41b8bb16f7f102414c80_i0_0.jpg,/mnt/priorbimda-data/PriorBIMDA-Datasets/Matterport3D/v1/scans/759xd9YjKW5/undistorted_depth_images/39a9ff1fe32d41b8bb16f7f102414c80_d0_0.png,1024,1280,406,504,1.4155678118069965,1203370,0.9180984497070312,-0.1562730073928833,2.3353700637817383,1.5817099809646606,True,204624,1.0,True,,1.0,204624,1.1702606678009033,0.15722651698721674,1.321242957882162,0.12134641131037849,log-depth Laplacian fallback,,,,0.2530343960575849,0.103552814452239,0.4035145925963377,0.3789540182273479,0.3146848683989625,-0.2945758451206789,0.29666770977871126,0.12884114931576976,11.068711700423913,0.2748124018381711,0.907498940475498,0.9979515859627546,0.1326010029580495,0.03671355538295883,0.2397614080584518,0.19616055710457542,0.17639862753831528,-0.1373493281109695,0.14592011991542705,0.06337230287793079,11.068711697784222,0.7510358410131547,0.9958657769430849,0.998999476470246,0.11651364768358703,0.031383101087080506,0.22743194439689457,0.17418665710276912,0.16135491953360256,-0.12109635109820538,0.12769696912466894,0.05545808904661364,10.663528406862117,0.8128588879563227,0.9955300531008751,0.9987277395979623,0.10968275411230792,0.029494067955425033,0.22173991360242698,0.16436396420437366,0.15622254081476558,-0.11362527696635119,0.12011757198688079,0.05216639869351897,10.721370571406007,0.8335790322178549,0.9924403965530136,0.9987377115932755,0.0870907790111046,0.020397945180347564,0.18787012139778253,0.13542487672364378,0.11183797176278769,-0.01600293905996505,0.08827217425084745,0.03833611818274535,11.06871169985791,0.9804249732002626,0.9959895958848899,0.9984884117104464,0.0077970316633582115,0.05701809097081423,0.018028092570602894,ok,
759xd9YjKW5,39a9ff1fe32d41b8bb16f7f102414c80,39a9ff1fe32d41b8bb16f7f102414c80_i0_1,0,1,/mnt/priorbimda-data/PriorBIMDA-Datasets/Matterport3D/v1/scans/759xd9YjKW5/undistorted_color_images/39a9ff1fe32d41b8bb16f7f102414c80_i0_1.jpg,/mnt/priorbimda-data/PriorBIMDA-Datasets/Matterport3D/v1/scans/759xd9YjKW5/undistorted_depth_images/39a9ff1fe32d41b8bb16f7f102414c80_d0_1.png,1024,1280,406,504,1.4155678118069965,1226134,0.9354660034179687,-0.14512699842453003,2.3260200023651123,1.5814599990844727,True,204624,1.0,True,,1.0,204624,1.0562105178833008,0.05468751947184644,0.9849161123219051,0.06988632606407864,log-depth Laplacian fallback,,,,0.03582944556255956,0.002703952710370194,0.062210200888070596,0.05118391346719277,0.044590015310434786,0.0009773193632931858,0.036073483600862204,0.015666514870881897,4.457930363124732,1.0,1.0,1.0,0.06665247330549519,0.007795196470680398,0.10593927487862773,0.09407926248753172,0.07131541629624222,0.05566483893092668,0.0642318110792902,0.02789552111438788,4.457930358698214,1.0,1.0,1.0,0.06940092540320163,0.010366045928237304,0.11686342686419342,0.09243593839309663,0.08438060095254306,0.06408289677842069,0.06570320960598991,0.028534541375214155,5.489506496579261,0.9999902131414674,1.0,1.0,0.07172095328303928,0.011147434112755069,0.12086801019982961,0.09537285015217388,0.08747043996699516,0.06685728404074687,0.06773098958844435,0.029415195032108,5.640196307500829,0.999593029799353,1.0,1.0,0.03346825382526265,0.002888382751972934,0.06465899803963233,0.04835537795933069,0.046792794589967296,-0.014221508968893914,0.03423461487701175,0.014867904331169171,4.457930358570604,1.0,1.0,1.0,0.00749645009636879,0.05901319067925215,0.018075821921229362,ok,
759xd9YjKW5,39a9ff1fe32d41b8bb16f7f102414c80,39a9ff1fe32d41b8bb16f7f102414c80_i0_2,0,2,/mnt/priorbimda-data/PriorBIMDA-Datasets/Matterport3D/v1/scans/759xd9YjKW5/undistorted_color_images/39a9ff1fe32d41b8bb16f7f102414c80_i0_2.jpg,/mnt/priorbimda-data/PriorBIMDA-Datasets/Matterport3D/v1/scans/759xd9YjKW5/undistorted_depth_images/39a9ff1fe32d41b8bb16f7f102414c80_d0_2.png,1024,1280,406,504,1.4155678118069965,1190341,0.9081581115722657,-0.14764900505542755,2.311690092086792,1.581529974937439,True,204624,1.0,True,,1.0,204624,0.9516475200653076,-0.04956056478321889,0.9490026033882178,0.002783172296422415,log-depth Laplacian fallback,,,,0.06089179233178046,0.009590519562134133,0.1363383830307244,0.11365236928649233,0.06843890495466953,0.049540982607779685,0.05869041160631734,0.025488921901254197,4.72183730517048,0.9999579952299383,1.0,1.0,0.037527283049392804,0.003489576874395196,0.07620958866328524,0.06257151096966838,0.04721837693426416,-1.958221849801397e-05,0.037630775808454954,0.016342838283350383,4.721837287373389,0.9999781575195679,1.0,1.0,0.025008564323565134,0.0020147911835963653,0.060746154829124085,0.04470665563077531,0.03310437484104275,0.011543001570061173,0.02465420360927527,0.010707184583227487,3.102674247113012,0.9999815179011728,1.0,1.0,0.0232207139334718,0.0018456274573821372,0.05803091997968444,0.041685960288471775,0.03185914703176268,0.010328896761361624,0.022928775990851406,0.009957840889622526,3.0138333419162486,0.9999899188551852,1.0,1.0,0.03735902102909026,0.003425093248618259,0.0749741946242618,0.06182531896984159,0.04730148061197575,-0.002802733240129296,0.03756669248179349,0.01631500724819928,4.721837306038606,0.9999806778057716,1.0,1.0,0.008947376161813736,0.05757991876453161,0.01803411263972521,ok,
759xd9YjKW5,39a9ff1fe32d41b8bb16f7f102414c80,39a9ff1fe32d41b8bb16f7f102414c80_i0_3,0,3,/mnt/priorbimda-data/PriorBIMDA-Datasets/Matterport3D/v1/scans/759xd9YjKW5/undistorted_color_images/39a9ff1fe32d41b8bb16f7f102414c80_i0_3.jpg,/mnt/priorbimda-data/PriorBIMDA-Datasets/Matterport3D/v1/scans/759xd9YjKW5/undistorted_depth_images/39a9ff1fe32d41b8bb16f7f102414c80_d0_3.png,1024,1280,406,504,1.4155678118069965,1213536,0.9258544921875,-0.16131700575351715,2.3067100048065186,1.5818500518798828,True,204624,1.0,True,,1.0,204624,1.0474793910980225,0.04638669825118317,1.0800007407563494,0.030575028770218678,log-depth Laplacian fallback,,,,0.07373611306438096,0.01181689783084374,0.13419205099460904,0.11744401165208897,0.09633057832949593,-0.07478817771923098,0.0781124730383789,0.0339238160083845,6.071497998625936,0.9973812066555916,1.0,1.0,0.054232861537101704,0.006706284691813408,0.11133233872638902,0.09544784870198401,0.06702949223852887,-0.028401479527682537,0.0557429311763522,0.024208847415002507,6.071497995053306,0.9999967038472695,1.0,1.0,0.04795869763559163,0.0050306228737655,0.08960957057062106,0.0794167405060332,0.06070242029243959,-0.045217321102134264,0.04968207591419916,0.021576651419035177,4.049910741863906,1.0,1.0,1.0,0.04541880172134941,0.004638694827613988,0.08692399196628289,0.07594739917078384,0.05786344066073334,-0.043281743331488494,0.046998927614063185,0.020411374918158007,3.84040161869219,1.0,1.0,1.0,0.052422323817397816,0.007782799548258869,0.137183508988136,0.10749621965383828,0.060753873797998265,0.0021735653993600916,0.052318905695774444,0.022721812042891455,6.071497998779053,0.9999934076945389,1.0,1.0,0.00792103074491024,0.06387049332261086,0.018020127899944782,ok,
759xd9YjKW5,39a9ff1fe32d41b8bb16f7f102414c80,39a9ff1fe32d41b8bb16f7f102414c80_i0_4,0,4,/mnt/priorbimda-data/PriorBIMDA-Datasets/Matterport3D/v1/scans/759xd9YjKW5/undistorted_color_images/39a9ff1fe32d41b8bb16f7f102414c80_i0_4.jpg,/mnt/priorbimda-data/PriorBIMDA-Datasets/Matterport3D/v1/scans/759xd9YjKW5/undistorted_depth_images/39a9ff1fe32d41b8bb16f7f102414c80_d0_4.png,1024,1280,406,504,1.4155678118069965,1249448,0.953253173828125,-0.17246200144290924,2.3160600662231445,1.5821000337600708,True,204624,1.0,True,,1.0,204624,1.163423776626587,0.15136718947546485,1.2166503954479322,0.04473431575695885,log-depth Laplacian fallback,,,,0.18099972990748892,0.06021105085260299,0.34395686687956417,0.333273098093798,0.20503795467069422,-0.20051970368393657,0.20057227937313876,0.0871074341545116,4.280667342889349,0.7077533438766559,1.0,1.0,0.05088508847954075,0.005924464682255428,0.09986138022279191,0.08455768308770749,0.06517960511824838,-0.04915251406429213,0.052849411582475116,0.02295220782210275,4.2806673364445835,0.9998799469845884,1.0,1.0,0.04417988360347408,0.0050328182010181246,0.09710588739316847,0.0784179861533438,0.05762656497033281,-0.04028787556597422,0.045692786680195274,0.019844125117991208,4.120325318055077,0.9999799911640981,1.0,1.0,0.041875066250449115,0.004953430408021143,0.097377164012775,0.07521030982602046,0.056747363741289136,-0.03776341268304209,0.043356304970238124,0.018829404004288952,4.235785587251121,0.9999671855091208,1.0,1.0,0.03385062462415064,0.0033203547933025627,0.08274718662045046,0.06321350347954274,0.04303407925277436,-0.004418222015431111,0.034050373471667165,0.014787889305489929,4.2806673444177195,0.9996622508499754,1.0,1.0,0.007969205267727375,0.05849015712738037,0.01805133279412985,ok,
759xd9YjKW5,39a9ff1fe32d41b8bb16f7f102414c80,39a9ff1fe32d41b8bb16f7f102414c80_i0_5,0,5,/mnt/priorbimda-data/PriorBIMDA-Datasets/Matterport3D/v1/scans/759xd9YjKW5/undistorted_color_images/39a9ff1fe32d41b8bb16f7f102414c80_i0_5.jpg,/mnt/priorbimda-data/PriorBIMDA-Datasets/Matterport3D/v1/scans/759xd9YjKW5/undistorted_depth_images/39a9ff1fe32d41b8bb16f7f102414c80_d0_5.png,1024,1280,406,504,1.4155678118069965,1234534,0.9418746948242187,-0.16993899643421173,2.330389976501465,1.5820300579071045,True,204624,1.0,True,,1.0,204624,1.1543699502944946,0.14355469755529793,1.1551122489613825,0.0006428269442289303,log-depth Laplacian fallback,,,,0.13123258900730156,0.03553893138455755,0.2544509352354555,0.2263464684569371,0.15681936201111796,-0.1326287911106077,0.14182651321269596,0.06159447207585247,8.367745257901227,0.9174149922156862,0.9980794372613472,0.9993106710710276,0.0578023397100536,0.019779035651798747,0.21777955508016036,0.12400930507811189,0.08438774503223957,0.010925906411180632,0.055536516625321115,0.024119202714505173,8.367745264239582,0.9901655199451777,0.9972467343953265,0.9991681071562225,0.04338318715641331,0.01324603712771375,0.17624701178633853,0.09586931883158141,0.06773388100026514,0.0250253472677874,0.041307184599760065,0.01793948233463477,6.294132688055382,0.992583436341162,0.9979838546366483,0.9992320989134361,0.042722326955055186,0.013002742552066718,0.17449224032197982,0.09379135640719378,0.06734125173558778,0.02121835595334896,0.04077703335347777,0.01770924057380025,6.391107537784656,0.9925818162966755,0.9979846646588916,0.9992418191803547,0.05783569659070032,0.019877777553675643,0.2184405811778256,0.12426136278958323,0.08447338050937947,0.011568748641125072,0.05553270541423946,0.024117547526563032,8.367745257571407,0.990051306808885,0.9972443043285969,0.9991664871117361,0.00786818377673626,0.05791655834764242,0.018017159774899483,ok,
759xd9YjKW5,39a9ff1fe32d41b8bb16f7f102414c80,39a9ff1fe32d41b8bb16f7f102414c80_i1_0,1,0,/mnt/priorbimda-data/PriorBIMDA-Datasets/Matterport3D/v1/scans/759xd9YjKW5/undistorted_color_images/39a9ff1fe32d41b8bb16f7f102414c80_i1_0.jpg,/mnt/priorbimda-data/PriorBIMDA-Datasets/Matterport3D/v1/scans/759xd9YjKW5/undistorted_depth_images/39a9ff1fe32d41b8bb16f7f102414c80_d1_0.png,1024,1280,406,504,1.4121168655554452,1228884,0.9375640869140625,-0.15742500126361847,2.3245201110839844,1.6150000095367432,True,204624,1.0,True,,1.0,204624,1.0287251472473145,0.02832031451301681,1.3854447444532358,0.29770088870854683,log-depth Laplacian fallback,,,,0.24795399311140748,0.10626800156065207,0.4369716523711549,0.38282713279713554,0.3041963076024062,-0.270889432967575,0.2842305876844552,0.12343977581947721,13.839909199645572,0.2619970640027863,0.9878222842839519,0.9938879503679762,0.2272284774164449,0.09307113940740228,0.401397481307841,0.3434603704500435,0.2792742128832592,-0.24256911856443328,0.25677550798219273,0.11151618620457064,13.83990921228817,0.2907068527216564,0.9883365720442288,0.9938399393270643,0.1919479599004046,0.07374675295625796,0.3761578641108418,0.3062288129732276,0.2285892390727162,-0.19719584393032275,0.2106402328552311,0.09147989079584291,11.561504814015858,0.5149835134967987,0.9890648751224689,0.9938635379742922,0.1864582342205436,0.07101535738565425,0.3753552163409015,0.3027121958934347,0.2213113893365346,-0.1907987977214713,0.20391279290664774,0.08855820074883768,11.213630026939663,0.6851484761783863,0.9892805179333444,0.9938969015789936,0.09219959988300765,0.09459278506235899,0.4936798529329249,0.23730269953626024,0.1489759108764976,0.05513178171133769,0.0795308122062794,0.03453979288247092,13.839909200141298,0.9275309956025142,0.9875895527974976,0.9906028559245624,0.008418812416493893,0.05689168442040682,0.018016690388321877,ok,
759xd9YjKW5,39a9ff1fe32d41b8bb16f7f102414c80,39a9ff1fe32d41b8bb16f7f102414c80_i1_1,1,1,/mnt/priorbimda-data/PriorBIMDA-Datasets/Matterport3D/v1/scans/759xd9YjKW5/undistorted_color_images/39a9ff1fe32d41b8bb16f7f102414c80_i1_1.jpg,/mnt/priorbimda-data/PriorBIMDA-Datasets/Matterport3D/v1/scans/759xd9YjKW5/undistorted_depth_images/39a9ff1fe32d41b8bb16f7f102414c80_d1_1.png,1024,1280,406,504,1.4121168655554452,1303990,0.9948654174804688,-0.1547439992427826,2.322269916534424,1.6149400472640991,True,204624,1.0,True,,1.0,204624,1.1521174907684326,0.141601545587489,0.9957876479898653,0.145822794545861,log-depth Laplacian fallback,,,,0.06255935911202508,0.005888407770168251,0.07978878148248793,0.06866792560707946,0.07357659296335939,0.016662987291768874,0.06103657078633572,0.02650784588680284,7.1664913916157165,0.99983972269726,1.0,1.0,0.17451988312838346,0.0368678133325384,0.19380946946195265,0.18477583322466773,0.17373405604807887,0.1582645328384117,0.15827115817586354,0.06873629064021425,7.166491384461662,0.7092945498048298,1.0,1.0,0.18926410827102944,0.044365110789520955,0.2106815174162722,0.19693137095377108,0.18960670587616194,0.16976459243399725,0.16976829845065916,0.07372943521922563,8.44433897290261,0.6959217478661646,0.9999823618279281,1.0,0.19146211327966975,0.04567157622689879,0.21363583491036311,0.19882422769276004,0.1920628206653777,0.171429943404391,0.17143378849231689,0.07445274835398243,8.66019721848662,0.693246880727613,0.9999731593033689,1.0,0.06219643091168156,0.005814465237113964,0.08029278071958897,0.0690998222656245,0.07273689608355041,0.012441710808543277,0.06093688812442301,0.026464554256792713,7.166491389812582,0.9998688640250308,1.0,1.0,0.007704165764153004,0.0603856360539794,0.018031323328614235,ok,
759xd9YjKW5,39a9ff1fe32d41b8bb16f7f102414c80,39a9ff1fe32d41b8bb16f7f102414c80_i1_2,1,2,/mnt/priorbimda-data/PriorBIMDA-Datasets/Matterport3D/v1/scans/759xd9YjKW5/undistorted_color_images/39a9ff1fe32d41b8bb16f7f102414c80_i1_2.jpg,/mnt/priorbimda-data/PriorBIMDA-Datasets/Matterport3D/v1/scans/759xd9YjKW5/undistorted_depth_images/39a9ff1fe32d41b8bb16f7f102414c80_d1_2.png,1024,1280,406,504,1.4121168655554452,676467,0.5161033630371094,-0.155349999666214,2.318819999694824,1.614959955215454,True,204624,1.0,True,,1.0,204624,0.9872041940689087,-0.012878377390981702,1.0243234809549997,0.03691075349271425,log-depth Laplacian fallback,,,,0.03615818716622906,0.013530008138877198,0.20611909800152595,0.0949590783862815,0.07624466930288584,-0.03237442428439358,0.03855029196594547,0.01674217907656938,6.903003874662457,0.9687390515723605,0.9957898907115942,0.9993406921549758,0.04484793708715742,0.01556019975893744,0.21871724753256983,0.1141187569485495,0.08254067043836084,-0.04525280148071792,0.047757031990501034,0.020740615465551664,6.903003863942733,0.9653198160442417,0.9956878901705478,0.9992120827771347,0.040270383600211804,0.014278829719691398,0.21061466357969538,0.10507666437998847,0.07797155682315993,-0.026304950646609176,0.042667095753506565,0.018530084244585573,7.3400362702828055,0.9742234284894903,0.9958726737593999,0.9993170398556027,0.040892740627196084,0.014247432882297005,0.21029223886192158,0.10569142107930313,0.07784475948453766,-0.024308930331015038,0.04323390795706756,0.01877624765686753,7.3951893047895485,0.9746905614021083,0.9959170218207244,0.9993628661856381,0.03097853698961469,0.011432099591522226,0.19039619652466272,0.07696279623415594,0.06953226810925588,-0.008342065311891602,0.03258714367474486,0.014152416678930147,6.903003878565893,0.9757371756493665,0.9958105864735456,0.9995905195671038,0.00967580545693636,0.0602605240419507,0.018068812787532806,ok,
759xd9YjKW5,39a9ff1fe32d41b8bb16f7f102414c80,39a9ff1fe32d41b8bb16f7f102414c80_i1_3,1,3,/mnt/priorbimda-data/PriorBIMDA-Datasets/Matterport3D/v1/scans/759xd9YjKW5/undistorted_color_images/39a9ff1fe32d41b8bb16f7f102414c80_i1_3.jpg,/mnt/priorbimda-data/PriorBIMDA-Datasets/Matterport3D/v1/scans/759xd9YjKW5/undistorted_depth_images/39a9ff1fe32d41b8bb16f7f102414c80_d1_3.png,1024,1280,406,504,1.4121168655554452,768223,0.5861076354980469,-0.15863800048828125,2.3176300525665283,1.6150399446487427,True,204624,1.0,True,,1.0,204624,0.9640414118766785,-0.03662102691597898,0.999513112626123,0.036134020973956744,log-depth Laplacian fallback,,,,0.0304376653954826,0.02704994415607922,0.20340245213673872,0.0651797101841404,0.0902879731649911,0.011413385203611787,0.02554357807437809,0.011093435005767297,8.956367978391759,0.9739880217072386,0.9916573703208573,0.9947059642838082,0.052480426369073525,0.028177888601692225,0.23081748575331232,0.15189106114794496,0.09304341956493609,-0.025207641559068954,0.04901901816289871,0.02128868909646221,8.956367975561427,0.9768153257582759,0.9920595972783944,0.9954869875023268,0.05648006910729229,0.030390914666864857,0.24030174035046714,0.15415315555814518,0.09874253738425873,-0.030206406811905565,0.053565857658680445,0.023263356399579944,9.400883828978738,0.9757401171274487,0.9921168723144191,0.9955507710651725,0.05683108709864309,0.030337347192947,0.24087817376374707,0.1543097821883926,0.09928599369189367,-0.03011018394083915,0.0539959495594252,0.023450142938784696,9.461017580807882,0.9749564904982017,0.9922027848684561,0.9955820119939133,0.030414031348955716,0.027004118413149186,0.20325487812205187,0.0651746347490501,0.09022770080186232,0.010926356226713684,0.02553476159715161,0.011089606058358008,8.95636797569045,0.9740127541091584,0.9916690856691351,0.9947228864535428,0.008671707473695278,0.062200977467000484,0.018030932173132896,ok,
759xd9YjKW5,39a9ff1fe32d41b8bb16f7f102414c80,39a9ff1fe32d41b8bb16f7f102414c80_i1_4,1,4,/mnt/priorbimda-data/PriorBIMDA-Datasets/Matterport3D/v1/scans/759xd9YjKW5/undistorted_color_images/39a9ff1fe32d41b8bb16f7f102414c80_i1_4.jpg,/mnt/priorbimda-data/PriorBIMDA-Datasets/Matterport3D/v1/scans/759xd9YjKW5/undistorted_depth_images/39a9ff1fe32d41b8bb16f7f102414c80_d1_4.png,1024,1280,406,504,1.4121168655554452,1089437,0.8311744689941406,-0.16131900250911713,2.3198800086975098,1.6151000261306763,True,204624,1.0,True,,1.0,204624,0.99273282289505,-0.007293711668893065,1.0590388934531876,0.06465550419844879,log-depth Laplacian fallback,,,,0.056502294050912366,0.02344584439154425,0.3508161549629401,0.2656154721123169,0.06830868367882298,-0.04994799358965205,0.05778876906826281,0.025097343522327873,4.65969334001882,0.9937490648839722,0.9988599616132002,0.999988067231056,0.06274400489127263,0.02662137101075003,0.3730084150578172,0.2936526851954563,0.07380980293189876,-0.057241705192024206,0.06446526238356733,0.02799690772762856,4.659693332779659,0.9937554902210959,0.998900349446549,0.9999963283787865,0.06287956537798407,0.024117438284671628,0.3459540501839855,0.27698872165045313,0.07340159312312725,-0.057417257051286086,0.06461322175184946,0.028061165664819396,4.572802713566002,0.9935774165922399,0.9990508859163035,1.0,0.06248744081843987,0.023983873782926914,0.34384885613751043,0.2739406558074378,0.07371793682019588,-0.05710166451669261,0.06425232990824722,0.027904432328579042,4.6623321615362,0.9935526331490485,0.9991518554996756,1.0,0.027049947070908326,0.013295284586040523,0.26343118027666,0.10961558957013808,0.04718303079161549,0.0074137838532782625,0.026149578666945273,0.011356617719149323,4.659693341475816,0.99141942122399,0.9985276798933761,0.99987241116283,0.007411063648760319,0.05785797908902168,0.018051727674901485,ok,
759xd9YjKW5,39a9ff1fe32d41b8bb16f7f102414c80,39a9ff1fe32d41b8bb16f7f102414c80_i1_5,1,5,/mnt/priorbimda-data/PriorBIMDA-Datasets/Matterport3D/v1/scans/759xd9YjKW5/undistorted_color_images/39a9ff1fe32d41b8bb16f7f102414c80_i1_5.jpg,/mnt/priorbimda-data/PriorBIMDA-Datasets/Matterport3D/v1/scans/759xd9YjKW5/undistorted_depth_images/39a9ff1fe32d41b8bb16f7f102414c80_d1_5.png,1024,1280,406,504,1.4121168655554452,1206603,0.9205650329589844,-0.16071200370788574,2.323319911956787,1.6150799989700317,True,204624,1.0,True,,1.0,204624,0.9805384874343872,-0.019653381250849866,1.024720373308707,0.04407315009466055,log-depth Laplacian fallback,,,,0.05400380323605464,0.04726824358931686,0.3682173979877871,0.1631291023953131,0.11022995627653596,-0.010693687783376241,0.050634514723241625,0.021990290338152804,10.971001915193844,0.9708785739800083,0.9844737664335328,0.9888472016064936,0.06389547631950475,0.04839241432560471,0.3814093485470618,0.20067133537818518,0.11382984188393021,-0.030347068897277736,0.06168007056793082,0.026787314291055516,10.971001919908879,0.9715465650259447,0.9847878714042647,0.9887991327719226,0.05384290886897027,0.04859702286649735,0.3693416900600288,0.1571448910259408,0.11172455416780205,-0.010139933066021355,0.05040402178556461,0.02189018852720201,11.126346103465748,0.9697116615821443,0.9842400524447561,0.9897008378066356,0.05336473027616024,0.04885747895832741,0.3702978105404724,0.15590631290879203,0.11165050260568152,-0.008729981977784889,0.049815044455858826,0.021634398922944657,11.130867956619038,0.9699578071660687,0.9842342510336871,0.9897116118557636,0.04858052410890621,0.04946052531517711,0.3695079514372581,0.14119983265800878,0.11056534326793521,0.013726136751127728,0.04398172194693928,0.01910101914615888,10.971001914978268,0.969961122258108,0.9840510921985111,0.9893502668234705,0.008213491179049015,0.058892622590065,0.017983412370085716,ok,
759xd9YjKW5,39a9ff1fe32d41b8bb16f7f102414c80,39a9ff1fe32d41b8bb16f7f102414c80_i2_0,2,0,/mnt/priorbimda-data/PriorBIMDA-Datasets/Matterport3D/v1/scans/759xd9YjKW5/undistorted_color_images/39a9ff1fe32d41b8bb16f7f102414c80_i2_0.jpg,/mnt/priorbimda-data/PriorBIMDA-Datasets/Matterport3D/v1/scans/759xd9YjKW5/undistorted_depth_images/39a9ff1fe32d41b8bb16f7f102414c80_d2_0.png,1024,1280,406,504,1.4165615917841592,1221270,0.9317550659179688,-0.15474699437618256,2.3354299068450928,1.6481900215148926,True,204624,1.0,True,,1.0,204624,1.042377233505249,0.0415039061307144,1.0319838290677943,0.010020908702062702,log-depth Laplacian fallback,,,,0.047913361880039876,0.008139295727842322,0.117134931677837,0.07281932074911575,0.07114588394865572,-0.033882454808175186,0.048641184645120655,0.021124598084613082,6.255969995937924,0.9893094893021199,0.9973371981625685,0.9999222121234452,0.041423318054994565,0.006791565878824032,0.10300388633755331,0.059266567460879216,0.06302223874811606,0.0076214512587942235,0.04040349568372653,0.017547015225044274,6.255969994760497,0.9867801550844613,0.9967148951501306,0.9999140239259132,0.06668227289994028,0.011062515789406613,0.12390434085985867,0.08662713912065394,0.08677940781396788,0.02886249842640231,0.06389290019726908,0.027748333988469154,8.183899929207879,0.9867293882597624,0.996673135342717,0.999921393303692,0.06701096410248285,0.011083918229857112,0.12357580362405125,0.08664912338270579,0.08725245700373285,0.029676665455171735,0.06416878775367661,0.027868150431842712,8.205051359162882,0.9868301030894069,0.99674027856248,0.9999222121234452,0.04030503265832396,0.006681967937713101,0.10351207238728405,0.05886933777027701,0.06260569739054746,-0.002399434789363021,0.0396934990722046,0.017238667614490295,6.255969995491023,0.9873140255635527,0.996858188606942,0.9999181180246792,0.008319821208715439,0.05758816655725241,0.018027798272669315,ok,
759xd9YjKW5,39a9ff1fe32d41b8bb16f7f102414c80,39a9ff1fe32d41b8bb16f7f102414c80_i2_1,2,1,/mnt/priorbimda-data/PriorBIMDA-Datasets/Matterport3D/v1/scans/759xd9YjKW5/undistorted_color_images/39a9ff1fe32d41b8bb16f7f102414c80_i2_1.jpg,/mnt/priorbimda-data/PriorBIMDA-Datasets/Matterport3D/v1/scans/759xd9YjKW5/undistorted_depth_images/39a9ff1fe32d41b8bb16f7f102414c80_d2_1.png,1024,1280,406,504,1.4165615917841592,1165264,0.88902587890625,-0.14360100030899048,2.326080083847046,1.6479400396347046,True,204624,1.0,True,,1.0,204624,1.094537615776062,0.09033200539027106,1.0411272097358717,0.05002802366904506,log-depth Laplacian fallback,,,,0.04767304794373725,0.004770777774651885,0.08293973652548803,0.0656862911271976,0.06102010324277388,-0.04801846643740604,0.04945516317385709,0.021478104468031042,3.7652089991904734,0.9969131458622252,1.0,1.0,0.0507609189860579,0.004147540782591983,0.07327212707443913,0.06331918315213385,0.05664022823123511,0.04231353893308429,0.049329169981577665,0.021423386319866695,3.7652089942588347,0.9999322042043691,1.0,1.0,0.058802544173620235,0.005267547205226383,0.07884187790016096,0.06987925583255027,0.06662082498638736,0.03494426139734474,0.057322194907016254,0.024894712938699846,5.672065688319288,0.9995082659380192,1.0,1.0,0.05879998596430724,0.0052555351776762665,0.07896966050151487,0.07010396537276542,0.0664559440026602,0.03474698644768983,0.057354169442691054,0.024908599303104843,5.664838414366969,0.9994953933185956,1.0,1.0,0.027461559201600542,0.0018995065658220863,0.05149659645640841,0.03631696807713343,0.03843427150808078,-0.007714489353363978,0.02784824570853145,0.012094339441901119,3.7652089986794937,0.9990457098133985,1.0,1.0,0.007956618443131447,0.05957258213311434,0.018042915500700474,ok,
759xd9YjKW5,39a9ff1fe32d41b8bb16f7f102414c80,39a9ff1fe32d41b8bb16f7f102414c80_i2_2,2,2,/mnt/priorbimda-data/PriorBIMDA-Datasets/Matterport3D/v1/scans/759xd9YjKW5/undistorted_color_images/39a9ff1fe32d41b8bb16f7f102414c80_i2_2.jpg,/mnt/priorbimda-data/PriorBIMDA-Datasets/Matterport3D/v1/scans/759xd9YjKW5/undistorted_depth_images/39a9ff1fe32d41b8bb16f7f102414c80_d2_2.png,1024,1280,406,504,1.4165615917841592,830496,0.6336181640625,-0.146123006939888,2.3117499351501465,1.648010015487671,True,204624,1.0,True,,1.0,204624,1.0143846273422241,0.014282150152067507,1.0504815450114764,0.03496652318261408,log-depth Laplacian fallback,,,,0.08535420232925613,0.030893041980662988,0.2508962559675869,0.15346254871038775,0.13136602748443188,-0.060050737272352765,0.08667702496151629,0.03764335364857695,11.683724633047191,0.9532472161214504,0.9873063807652295,0.9931269988055331,0.07512580708332371,0.028475031824758572,0.23790970157536892,0.13051524102447837,0.12548189387937872,-0.045768587022666375,0.07530328524374046,0.03270380125054306,11.68372463450944,0.9567294725079952,0.9872847069702925,0.9932112857858436,0.06955530815178618,0.027259965719606632,0.22635649548952785,0.11432322307982477,0.12280601740529233,-0.030187052713119562,0.06808492191136405,0.02956890588691923,11.903806012970938,0.9568715562748045,0.9871992158902632,0.993088467614534,0.06898557259164982,0.026962919324438388,0.22623199034267844,0.11270953810358995,0.12287301080773266,-0.028497642996673477,0.06755445009854331,0.029338524905805942,11.9522638561033,0.9564127942819712,0.9872196855854815,0.9931149578083459,0.06013813294133568,0.025558749607691063,0.21773553021271683,0.10035617428754998,0.11733552936519667,-0.010802051738821155,0.05801581804771605,0.025195949641226175,11.68372463285692,0.9611798250683928,0.9871763379956074,0.9935038820174932,0.007367282174527645,0.06074088346213102,0.01804137509316206,ok,
759xd9YjKW5,39a9ff1fe32d41b8bb16f7f102414c80,39a9ff1fe32d41b8bb16f7f102414c80_i2_3,2,3,/mnt/priorbimda-data/PriorBIMDA-Datasets/Matterport3D/v1/scans/759xd9YjKW5/undistorted_color_images/39a9ff1fe32d41b8bb16f7f102414c80_i2_3.jpg,/mnt/priorbimda-data/PriorBIMDA-Datasets/Matterport3D/v1/scans/759xd9YjKW5/undistorted_depth_images/39a9ff1fe32d41b8bb16f7f102414c80_d2_3.png,1024,1280,406,504,1.4165615917841592,1040619,0.7939292907714843,-0.1597909927368164,2.306770086288452,1.6483299732208252,True,204624,1.0,True,,1.0,204624,1.0233395099639893,0.023071308708209996,1.01528841716731,0.007898581734160515,log-depth Laplacian fallback,,,,0.06292555605672391,0.024899458931216322,0.18297152354100532,0.09588383079857819,0.10506237995251619,0.01141836423812023,0.05741843250689032,0.02493650839727675,10.444005285048688,0.968019034824465,0.9898550766418833,0.9946416507866952,0.0631855681312009,0.027177533550135156,0.18834987735956105,0.0890644241702159,0.10998755463494984,0.03448967289260437,0.05623835775855992,0.024424008445843515,10.444005284533912,0.9638119234801594,0.9889969335558931,0.9943793069317397,0.06154998032096485,0.027349164209343493,0.19023913239059212,0.0898755916138544,0.10837332938211891,0.020112157591781206,0.05535607250672722,0.024040836829507917,10.649074907412661,0.9641069401961717,0.9897695506232348,0.9943302976401546,0.061921731542604115,0.027342005071499142,0.19045657756456189,0.090394180626635,0.10893110583838865,0.020103906359449652,0.05575478832343973,0.024213996908553734,10.705988402882149,0.9640608138040916,0.9897628238577232,0.9943821898312447,0.06225949876608143,0.026147257467247352,0.18501424547157327,0.08930551404571503,0.10777204490707527,0.02659114542574434,0.0558071123420699,0.024236720941115827,10.44400528935119,0.9650506093008104,0.9892362142148087,0.9944629110173848,0.0073339687660336494,0.059753227047622204,0.018084690906107426,ok,
759xd9YjKW5,39a9ff1fe32d41b8bb16f7f102414c80,39a9ff1fe32d41b8bb16f7f102414c80_i2_4,2,4,/mnt/priorbimda-data/PriorBIMDA-Datasets/Matterport3D/v1/scans/759xd9YjKW5/undistorted_color_images/39a9ff1fe32d41b8bb16f7f102414c80_i2_4.jpg,/mnt/priorbimda-data/PriorBIMDA-Datasets/Matterport3D/v1/scans/759xd9YjKW5/undistorted_depth_images/39a9ff1fe32d41b8bb16f7f102414c80_d2_4.png,1024,1280,406,504,1.4165615917841592,1228372,0.9371734619140625,-0.1709360033273697,2.316119909286499,1.6485799551010132,True,204624,1.0,True,,1.0,204624,1.192177176475525,0.17578119558045047,1.1337320690902,0.05026628883475856,log-depth Laplacian fallback,,,,0.11679045538775583,0.03574721856874693,0.31695523616466204,0.29057691194144997,0.12736138671221722,-0.12186909491629608,0.12429531045420834,0.05398076745671426,3.699792601676155,0.9986616432155732,0.9999991859143647,1.0,0.05706873732623814,0.01090841894867757,0.16823060737047105,0.13629480167476948,0.06538624565650546,0.053912100612493165,0.054833714086241596,0.023813979449915337,3.6997926004051807,0.9927359138762525,0.9992339454171864,1.0,0.0319633580320104,0.005114843344182476,0.11866408154674671,0.08108791599739723,0.043513412427632486,0.019025522741456368,0.031199859865350003,0.01354992697567624,3.913370089209003,0.9948680041550931,0.9992868609834806,1.0,0.033651630164264444,0.005226948025956482,0.11929001936916171,0.08405735708873652,0.04428879996059961,0.020014611244170265,0.03287233401320915,0.01427627326921732,3.9508393268959203,0.9948354407296812,0.9992795342127629,1.0,0.02192701451811436,0.0033948200259510623,0.09252724898236057,0.052152885835080834,0.03717712394128211,0.0036458218598687977,0.02146753702136936,0.00932323286843448,3.6997925989324774,0.9950080268843641,0.9993015145249159,1.0,0.007922807708382607,0.05999370664358139,0.018037179484963417,ok,
759xd9YjKW5,39a9ff1fe32d41b8bb16f7f102414c80,39a9ff1fe32d41b8bb16f7f102414c80_i2_5,2,5,/mnt/priorbimda-data/PriorBIMDA-Datasets/Matterport3D/v1/scans/759xd9YjKW5/undistorted_color_images/39a9ff1fe32d41b8bb16f7f102414c80_i2_5.jpg,/mnt/priorbimda-data/PriorBIMDA-Datasets/Matterport3D/v1/scans/759xd9YjKW5/undistorted_depth_images/39a9ff1fe32d41b8bb16f7f102414c80_d2_5.png,1024,1280,406,504,1.4165615917841592,1226067,0.9354148864746094,-0.16841399669647217,2.3304500579833984,1.6485099792480469,True,204624,1.0,True,,1.0,204624,1.036034345626831,0.03540029543722178,1.0903993698037566,0.051143728013197436,log-depth Laplacian fallback,,,,0.09167746318028963,0.02591346079880325,0.22706488210455888,0.18890176974073225,0.10941850288354092,-0.07417032126672948,0.09312182752594304,0.04044229583926339,8.044359649136524,0.9826738669257064,0.9933502818361476,0.9978965260462928,0.0634445306893823,0.01909634841644219,0.18355361147963967,0.12577654173338382,0.08929886408573684,-0.03877002587381947,0.06214722508363524,0.026990196919422137,8.044359651797196,0.9804676253418451,0.9926080711739245,0.9974397810233862,0.0525772818015931,0.017710195465326862,0.1734180390330408,0.10086527130728626,0.08380700378206242,-0.02281665909668777,0.05039345666448873,0.02188560015341811,8.064126704480875,0.9797343864568576,0.9923495208663148,0.9973011262842896,0.05097025320423885,0.017531386069225195,0.17177145359958082,0.09636952851566787,0.083155336009524,-0.01872983811266366,0.04863313389566447,0.02112110168854909,8.101853535537563,0.9799521559588505,0.9924212950842002,0.9973255947676595,0.037357164341694116,0.01785784974839718,0.16724685692179997,0.06458852205559254,0.08138968641538777,0.012373715682705094,0.033670122078082884,0.014622748223520247,8.044359648224795,0.9769833133099578,0.9913838313893123,0.996470013465822,0.007307393476366997,0.05770277790725231,0.018030784092843533,ok,
759xd9YjKW5,4acd978965a24452ac39f4964cbd69c8,4acd978965a24452ac39f4964cbd69c8_i0_0,0,0,/mnt/priorbimda-data/PriorBIMDA-Datasets/Matterport3D/v1/scans/759xd9YjKW5/undistorted_color_images/4acd978965a24452ac39f4964cbd69c8_i0_0.jpg,/mnt/priorbimda-data/PriorBIMDA-Datasets/Matterport3D/v1/scans/759xd9YjKW5/undistorted_depth_images/4acd978965a24452ac39f4964cbd69c8_d0_0.png,1024,1280,406,504,1.4155678118069965,882530,0.6733169555664062,0.3901509940624237,-0.5107640027999878,1.5925699472427368,True,204624,1.0,True,,1.0,204624,0.9619254469871521,-0.03881832925390396,0.9261408866860704,0.037910581205678646,log-depth Laplacian fallback,,,,0.07953726548669897,0.01420924934055491,0.1568042783570932,0.13093755700309348,0.08776163172094589,0.06281585239869147,0.07581602751935063,0.03292648239147907,6.128843846720802,0.999385856571448,1.0,1.0,0.058772038925642506,0.00718024696330497,0.10936331916420192,0.0938043553788697,0.06581909913756182,0.023997523188434813,0.05770093163129761,0.02505919620814934,6.128843848639582,1.0,1.0,1.0,0.05310462015587252,0.007113463951288414,0.11176493011493398,0.08816030595533103,0.06258045463393787,0.03942578995442221,0.051488596417464984,0.02236121330504859,4.859959247421871,0.9999750716689517,1.0,1.0,0.05131426112350659,0.006780685211362352,0.10872995697812446,0.08489580879997248,0.06128204148559615,0.038660390647641464,0.04974977183743151,0.021606051384942326,4.754853103529156,0.999978470986822,1.0,1.0,0.050292134355200344,0.005411830861129019,0.09033732170423805,0.07560988378588536,0.06284779501334356,-0.013913038918916624,0.051247708056430565,0.022256596819096624,6.128843843727758,1.0,1.0,1.0,0.00810652133077383,0.05764017906039953,0.018043137155473232,ok,
759xd9YjKW5,4acd978965a24452ac39f4964cbd69c8,4acd978965a24452ac39f4964cbd69c8_i0_1,0,1,/mnt/priorbimda-data/PriorBIMDA-Datasets/Matterport3D/v1/scans/759xd9YjKW5/undistorted_color_images/4acd978965a24452ac39f4964cbd69c8_i0_1.jpg,/mnt/priorbimda-data/PriorBIMDA-Datasets/Matterport3D/v1/scans/759xd9YjKW5/undistorted_depth_images/4acd978965a24452ac39f4964cbd69c8_d0_1.png,1024,1280,406,504,1.4155678118069965,200966,0.15332489013671874,0.39206498861312866,-0.5251849889755249,1.592329978942871,True,204624,1.0,True,,1.0,204624,0.9493270516395569,-0.05200191209298644,0.892771151599799,0.06142308806036773,log-depth Laplacian fallback,,,,0.14207493170267452,0.06224524455200947,0.39956882012731343,0.3057164738832959,0.1461196773128436,0.12981352956936051,0.130861605498963,0.05683247316119986,6.70776239796424,0.8984803399580028,0.9996019227132947,0.999890528746156,0.0868537342318208,0.03168963290160153,0.2917832085165769,0.20020584618591,0.10273293245875438,0.07781161752572097,0.08155166479525558,0.0354174380106032,6.70776236132878,0.9973577620094941,0.9996616343063006,0.9999303364748265,0.10066863963412047,0.042005657840872054,0.3368335064196484,0.23129294260709185,0.11631447013713958,0.09191549283833517,0.09368780141744192,0.04068809517724267,7.127831465157892,0.9451250460276863,0.9996268025437138,0.9999004806783237,0.10000174923428058,0.041995161347096716,0.3368256665787629,0.23033543951307353,0.11623598545557823,0.09105121436766238,0.09303540460455645,0.04040476284139526,7.225289390054482,0.9450703104007643,0.9996168506115463,0.9998955047122399,0.05317996651356139,0.012861153459322113,0.18602293453978738,0.12036437276309365,0.06905063761084124,0.016388499451974528,0.051892584390419265,0.02253666305245791,6.707762399024247,0.9978304787874566,0.9985818496661126,0.9999601922713295,0.008318107575178146,0.05940632428973913,0.018042354844510555,ok,
759xd9YjKW5,4acd978965a24452ac39f4964cbd69c8,4acd978965a24452ac39f4964cbd69c8_i0_2,0,2,/mnt/priorbimda-data/PriorBIMDA-Datasets/Matterport3D/v1/scans/759xd9YjKW5/undistorted_color_images/4acd978965a24452ac39f4964cbd69c8_i0_2.jpg,/mnt/priorbimda-data/PriorBIMDA-Datasets/Matterport3D/v1/scans/759xd9YjKW5/undistorted_depth_images/4acd978965a24452ac39f4964cbd69c8_d0_2.png,1024,1280,406,504,1.4155678118069965,169907,0.12962875366210938,0.3805370032787323,-0.5340589880943298,1.5925699472427368,True,204624,1.0,True,,1.0,204624,1.0230896472930908,0.02282711489260295,0.8562962524344567,0.17796598831549312,log-depth Laplacian fallback,,,,0.14920424900318255,0.041409198043085474,0.2714188052340921,0.2372933776741493,0.14706447640761566,0.13695603179059862,0.13777541347906277,0.05983510181589585,5.358176534249955,0.9782469233168734,1.0,1.0,0.17545704854916536,0.05534533733288106,0.3130356614292822,0.2787589241018672,0.16852791913869575,0.1597831465993073,0.16032381740227636,0.06962774921547317,5.358176548083352,0.9325395657624466,1.0,1.0,0.15459553421718,0.046815085590632015,0.2975718671460985,0.2537885920673794,0.15081443904066355,0.1424946167948355,0.14252906982689864,0.06189958853662536,4.939918225682493,0.9097859417210592,1.0,1.0,0.15397103562521425,0.046366304825420805,0.2964355024991204,0.25269265246416417,0.15013444180578533,0.1419812371382512,0.1420196325243273,0.061678342727242916,4.880244785895906,0.923469898238448,1.0,1.0,0.04299758251907636,0.004726349114630381,0.08762816224380224,0.06930690354805619,0.05658287537139682,-0.018182854708061,0.043949335609622664,0.019086953938573223,5.358176536808552,0.9972632086965222,1.0,1.0,0.007479488849639893,0.05964129418134689,0.01789324078708887,ok,
759xd9YjKW5,4acd978965a24452ac39f4964cbd69c8,4acd978965a24452ac39f4964cbd69c8_i0_3,0,3,/mnt/priorbimda-data/PriorBIMDA-Datasets/Matterport3D/v1/scans/759xd9YjKW5/undistorted_color_images/4acd978965a24452ac39f4964cbd69c8_i0_3.jpg,/mnt/priorbimda-data/PriorBIMDA-Datasets/Matterport3D/v1/scans/759xd9YjKW5/undistorted_depth_images/4acd978965a24452ac39f4964cbd69c8_d0_3.png,1024,1280,406,504,1.4155678118069965,504174,0.38465423583984376,0.3670949935913086,-0.5285109877586365,1.59306001663208,True,204624,1.0,True,,1.0,204624,1.074416160583496,0.07177740760994888,1.0373068749227852,0.03514959646703589,log-depth Laplacian fallback,,,,0.05680787016669267,0.00776437869402806,0.12497636165717313,0.09994663446103064,0.06814217194447292,-0.03463659909239878,0.058370783164646674,0.025350109032777287,5.868271977867549,0.9993038117792666,1.0,1.0,0.056577528471551966,0.007232719316707988,0.1032996459427917,0.08054574423487813,0.06944855124482564,0.03714080855156504,0.054466948318060045,0.023654695100643084,5.868271985977786,0.9975028462395918,1.0,1.0,0.03685648986151846,0.004048915542134841,0.08531372394588889,0.058828625098255816,0.047969080757208196,0.020632493878123197,0.035934136952756185,0.01560599739053775,4.330511407513864,0.9974393760884139,1.0,1.0,0.03596309241985645,0.003986736675986328,0.08462114619085162,0.05722077449848018,0.04773064073520332,0.018164430154361397,0.03512328730258348,0.01525384986181456,4.41391837504997,0.9975147468929377,1.0,1.0,0.04792655415619797,0.005350335129191312,0.09549453710982934,0.07603495981824192,0.05871649376467728,0.0019912408899011524,0.04762215501633005,0.020682039139933408,5.868271977111978,0.9978876340311084,1.0,1.0,0.008537981659173965,0.058639515191316605,0.017048897221684456,ok,
759xd9YjKW5,4acd978965a24452ac39f4964cbd69c8,4acd978965a24452ac39f4964cbd69c8_i0_4,0,4,/mnt/priorbimda-data/PriorBIMDA-Datasets/Matterport3D/v1/scans/759xd9YjKW5/undistorted_color_images/4acd978965a24452ac39f4964cbd69c8_i0_4.jpg,/mnt/priorbimda-data/PriorBIMDA-Datasets/Matterport3D/v1/scans/759xd9YjKW5/undistorted_depth_images/4acd978965a24452ac39f4964cbd69c8_d0_4.png,1024,1280,406,504,1.4155678118069965,1097506,0.8373306274414063,0.36518099904060364,-0.5140900015830994,1.5932999849319458,True,204624,1.0,True,,1.0,204624,1.1691184043884277,0.15624996426275067,1.1815292815246246,0.010559636422094648,log-depth Laplacian fallback,,,,0.1533688769862676,0.04643864981894282,0.3139441528648351,0.2964282195961496,0.1694531147144875,-0.1668854145062297,0.16691659184697616,0.07249095477723907,2.938735291796722,0.9710261265086478,1.0,1.0,0.02412363213804594,0.001667408603107543,0.057695539981922124,0.04361907020965439,0.03125266905785736,-0.010635450230378627,0.02435171663988903,0.010575816161575402,2.9387353090012955,0.9999772210812515,1.0,1.0,0.025995214673264894,0.0020374684411320412,0.06842621089282852,0.05241582496520851,0.031868090714367206,-0.01474672728226651,0.026324036846062816,0.011432383943662968,2.8250827248800947,0.9999772210812515,1.0,1.0,0.0257715466248249,0.0021237507295283555,0.06960779180308842,0.051979761804744236,0.032763256934865044,-0.015640145925979964,0.026165434927544,0.011363504005630973,2.8789179224042405,0.9999772210812515,1.0,1.0,0.02269175475125888,0.0015135698071858511,0.054175881395128966,0.040416191866887455,0.029387450763625183,-7.581212957440094e-05,0.02267579842131492,0.00984797412712754,2.938735297548086,0.999970842984002,1.0,1.0,0.008350998163223267,0.057233198545873165,0.017036153934895992,ok,
759xd9YjKW5,4acd978965a24452ac39f4964cbd69c8,4acd978965a24452ac39f4964cbd69c8_i0_5,0,5,/mnt/priorbimda-data/PriorBIMDA-Datasets/Matterport3D/v1/scans/759xd9YjKW5/undistorted_color_images/4acd978965a24452ac39f4964cbd69c8_i0_5.jpg,/mnt/priorbimda-data/PriorBIMDA-Datasets/Matterport3D/v1/scans/759xd9YjKW5/undistorted_depth_images/4acd978965a24452ac39f4964cbd69c8_d0_5.png,1024,1280,406,504,1.4155678118069965,1244402,0.9494033813476562,0.3767099976539612,-0.5052160024642944,1.59306001663208,True,204624,1.0,True,,1.0,204624,1.0603444576263428,0.058593815360754274,1.0520126618700953,0.007888665119478708,log-depth Laplacian fallback,,,,0.05911579118191957,0.00754588956298185,0.10833983652619698,0.09634421178430774,0.07546945912556213,-0.058362526470400536,0.06179336156304362,0.0268365159450824,4.784824724790544,0.9999927676104667,1.0,1.0,0.038599924156788507,0.00445209603077004,0.10050643998449207,0.07597887973028256,0.04784880620517793,0.00023128883756186756,0.038695086119431336,0.016805062378440132,4.784824720649956,0.9999373192907115,1.0,1.0,0.018416290264032107,0.0014828909305492522,0.060624981672267285,0.038921221473528576,0.024975262449266133,0.006883078201080961,0.018226874221531145,0.007915830896755604,2.4008060498247814,0.9999823208255852,1.0,1.0,0.014877577818708868,0.0010805971885766749,0.0512554782636009,0.031210717289677555,0.021442628304413087,0.003802037410628877,0.01476423852643021,0.006412027321532036,2.1102862842026804,0.9999903568139556,1.0,1.0,0.03784988478696378,0.004112527989046371,0.09308355790248263,0.07143355686374767,0.048457093167798934,-0.0076573571087952,0.03824600702089261,0.01661002980400669,4.784824720280911,0.9999590164593114,1.0,1.0,0.007864514365792274,0.05641445517539978,0.01700654160231352,ok,
759xd9YjKW5,4acd978965a24452ac39f4964cbd69c8,4acd978965a24452ac39f4964cbd69c8_i1_0,1,0,/mnt/priorbimda-data/PriorBIMDA-Datasets/Matterport3D/v1/scans/759xd9YjKW5/undistorted_color_images/4acd978965a24452ac39f4964cbd69c8_i1_0.jpg,/mnt/priorbimda-data/PriorBIMDA-Datasets/Matterport3D/v1/scans/759xd9YjKW5/undistorted_depth_images/4acd978965a24452ac39f4964cbd69c8_d1_0.png,1024,1280,406,504,1.4121168655554452,620289,0.47324295043945314,0.382423996925354,-0.5179250240325928,1.6259900331497192,True,204624,1.0,True,,1.0,204624,1.0908029079437256,0.0869140378674129,1.1466787447702997,0.04995567802422286,log-depth Laplacian fallback,,,,0.1614829313821251,0.09057905760712207,0.4932053749803295,0.31766428270515146,0.25084785366315987,-0.18793361649878498,0.1879508778547357,0.08162602912118382,16.614933486806887,0.8123149048266212,0.9583033070068951,0.9598541969952715,0.08912125606089291,0.05896149852093245,0.41903075067591183,0.19555407903753486,0.19444936801638965,-0.10101957848361522,0.1047839747713885,0.045507102035103573,16.614933489173538,0.8430666995545625,0.9583033070068951,0.9635024964169927,0.0954302971556355,0.06704283962611926,0.4343802913046978,0.20149630085535528,0.21582556237250577,-0.1103720943603854,0.11471827745923692,0.049821514873992785,18.54687956501324,0.837728865093529,0.9576084696004604,0.9641118897804088,0.09342291015203506,0.06644886727860033,0.43208094782907597,0.19731171413463075,0.21518539953569332,-0.10675095236788891,0.11256877609297929,0.048887998291783585,18.683947747166467,0.8379545663392386,0.9496073604400529,0.9643053479910171,0.07699070319211042,0.04906637157154785,0.38840653825990074,0.16258272513528343,0.17381924123345582,-0.051063951702812804,0.08863415608272339,0.038493324894878306,16.614933481500042,0.8485173846384508,0.9585644755912164,0.9736058514660102,0.008331522345542908,0.057617587968707085,0.01759024430066347,ok,
759xd9YjKW5,4acd978965a24452ac39f4964cbd69c8,4acd978965a24452ac39f4964cbd69c8_i1_1,1,1,/mnt/priorbimda-data/PriorBIMDA-Datasets/Matterport3D/v1/scans/759xd9YjKW5/undistorted_color_images/4acd978965a24452ac39f4964cbd69c8_i1_1.jpg,/mnt/priorbimda-data/PriorBIMDA-Datasets/Matterport3D/v1/scans/759xd9YjKW5/undistorted_depth_images/4acd978965a24452ac39f4964cbd69c8_d1_1.png,1024,1280,406,504,1.4121168655554452,179485,0.13693618774414062,0.38288500905036926,-0.5213950276374817,1.6259299516677856,True,204624,1.0,True,,1.0,204624,0.8129943013191223,-0.20703117890646677,1.0058860185124128,0.2128999424873722,log-depth Laplacian fallback,,,,0.04971442437939981,0.02441704440596999,0.18276628559692248,0.08183130747654858,0.10404357588526009,0.024458422317144336,0.04358585314810932,0.018929095511269357,10.112789556174938,0.9483800874724907,0.9884280023400284,0.994523219210519,0.18236503399693096,0.09282418564324943,0.49035562899058716,0.463549027836256,0.20870951768736085,-0.182572756860966,0.19957153778325346,0.08667281760421333,10.112789538736278,0.7516895562303256,0.9937320667465248,0.9992032760397804,0.16262387942600623,0.07480543142863821,0.43418736015758924,0.40657631736693417,0.18938223387702594,-0.16148340435043032,0.17652422161549036,0.07666349536987419,9.893806460431685,0.8079115246399421,0.9945287907067443,0.9995487088057498,0.1602761025054165,0.07294949998755544,0.42879087716916753,0.4009066348747081,0.18672201612934183,-0.15804380851266467,0.1736961061827849,0.0754352604432648,9.943473185068873,0.8190322311056635,0.9940663565200435,0.9995598517982004,0.04949896604237952,0.025182646496393287,0.18532355714314477,0.0803459925495735,0.10557742681069326,0.030327244944084477,0.043079742548331273,0.018709294470553,10.11278955880562,0.9467476390784745,0.9881884280023401,0.9943003593615065,0.008464296348392963,0.058779642917215824,0.017119696363806725,ok,
759xd9YjKW5,4acd978965a24452ac39f4964cbd69c8,4acd978965a24452ac39f4964cbd69c8_i1_2,1,2,/mnt/priorbimda-data/PriorBIMDA-Datasets/Matterport3D/v1/scans/759xd9YjKW5/undistorted_color_images/4acd978965a24452ac39f4964cbd69c8_i1_2.jpg,/mnt/priorbimda-data/PriorBIMDA-Datasets/Matterport3D/v1/scans/759xd9YjKW5/undistorted_depth_images/4acd978965a24452ac39f4964cbd69c8_d1_2.png,1024,1280,406,504,1.4121168655554452,198817,0.15168533325195313,0.3801119923591614,-0.5235289931297302,1.6259900331497192,True,204624,1.0,True,,1.0,204624,0.8412625193595886,-0.17285151628003884,1.0085869285434708,0.18140178685602046,log-depth Laplacian fallback,,,,0.0980757135194631,0.02044876542965962,0.16046439765883685,0.12814674013572375,0.11483155852268669,0.024973740727618828,0.09367871778842404,0.04068415020728457,11.208300097168568,0.9846894380259233,0.9948595945014762,0.9971380716940704,0.1416048308661257,0.05417002937430921,0.331511359543897,0.26918082345032496,0.18555440064689074,-0.1478777755997038,0.15593014683870346,0.06771960233441271,11.2083000865923,0.6673020918734314,0.9965043230709647,1.0,0.12912311645501837,0.050793352097168745,0.31253919636985933,0.24632208327875754,0.18386565352419365,-0.12601082218280882,0.14279104868604045,0.06201336450952595,13.389492611257293,0.6672920323714773,0.9962427760201592,0.9992958348632159,0.1341211624245572,0.05004686523601259,0.30974252544193454,0.24999510359641663,0.18223115147070434,-0.11658190834088958,0.14719013754332447,0.06392386452564648,14.006016997681819,0.6654913815217008,0.9962176272652741,0.9992455373534457,0.09869499259390177,0.021068196257827156,0.1604924414610553,0.12569241334343226,0.11698912532080671,0.033523966673138644,0.09345712318887402,0.04058791289548042,11.20830009494112,0.9828837574251699,0.9947087019721653,0.9970072981686676,0.007875688374042511,0.05657452717423439,0.01744407694786787,ok,
759xd9YjKW5,4acd978965a24452ac39f4964cbd69c8,4acd978965a24452ac39f4964cbd69c8_i1_3,1,3,/mnt/priorbimda-data/PriorBIMDA-Datasets/Matterport3D/v1/scans/759xd9YjKW5/undistorted_color_images/4acd978965a24452ac39f4964cbd69c8_i1_3.jpg,/mnt/priorbimda-data/PriorBIMDA-Datasets/Matterport3D/v1/scans/759xd9YjKW5/undistorted_depth_images/4acd978965a24452ac39f4964cbd69c8_d1_3.png,1024,1280,406,504,1.4121168655554452,759150,0.5791854858398438,0.3768779933452606,-0.5221949815750122,1.626099944114685,True,204624,1.0,True,,1.0,204624,1.0551795959472656,0.053710985565385796,1.0896249300020648,0.03212255054382501,log-depth Laplacian fallback,,,,0.08077158699673176,0.013138722158750834,0.16764228171124818,0.15301559608153642,0.09542551440576533,-0.08132009864757413,0.0848514559025213,0.036850519079922116,4.993065546889745,0.9983718632681289,0.9996193110715932,1.0,0.043273867822524854,0.005722139020517477,0.11931040318791271,0.08020810958072382,0.05705552991101979,-0.027609113026864793,0.04414737935498868,0.019172963244361123,4.993065562654949,0.9967898307317394,0.9996206283343213,1.0,0.05137090580332203,0.007826192978013333,0.14722781475663443,0.10547239375045347,0.064693457792343,-0.02076216653122701,0.05227439082241692,0.022702479479029657,6.127133034347518,0.9964209971678851,0.9996258973852334,1.0,0.048730463028756374,0.00730052684394128,0.1420211065696098,0.10041275091999755,0.06208970913152272,-0.018470860075353784,0.049520094571979145,0.021506303815937714,5.927865811667634,0.9967094777053284,0.9996272146479616,1.0,0.04058803261666678,0.007895384628757445,0.16940663268785625,0.10883535232726414,0.05013423053993584,0.004513393214459087,0.040145987580966914,0.0174351808769704,4.993065544856297,0.995642494895607,0.9996127247579529,1.0,0.007648106664419174,0.05594543367624283,0.01744089648127556,ok,
759xd9YjKW5,4acd978965a24452ac39f4964cbd69c8,4acd978965a24452ac39f4964cbd69c8_i1_4,1,4,/mnt/priorbimda-data/PriorBIMDA-Datasets/Matterport3D/v1/scans/759xd9YjKW5/undistorted_color_images/4acd978965a24452ac39f4964cbd69c8_i1_4.jpg,/mnt/priorbimda-data/PriorBIMDA-Datasets/Matterport3D/v1/scans/759xd9YjKW5/undistorted_depth_images/4acd978965a24452ac39f4964cbd69c8_d1_4.png,1024,1280,406,504,1.4121168655554452,1158595,0.8839378356933594,0.37641799449920654,-0.5187249779701233,1.6261600255966187,True,204624,1.0,True,,1.0,204624,1.011911153793335,0.011840774316936599,1.0776659739706922,0.06295679298417263,log-depth Laplacian fallback,,,,0.07468380254044511,0.04036614229222562,0.4648624012975337,0.35557279196648944,0.09123052767406804,-0.0678655803448032,0.07708358431457883,0.033476975313145654,6.096943647559781,0.9927429343299428,0.9970084455741652,0.9999991368856244,0.0647726381567487,0.034517653475130604,0.4294890264814294,0.30901121137587895,0.08280127464582428,-0.0560248060037643,0.06634752739441654,0.028814365035319933,6.096943656631409,0.9924831369028867,0.9966925457126952,0.9999991368856244,0.05325185155656257,0.02524463194868406,0.3596379068507135,0.23585092562178878,0.07019144094552837,-0.04356090252561421,0.05381450627601308,0.023371343122020403,5.503895123604314,0.992111997721378,0.9964396532006439,0.9999974106568732,0.05248446860815893,0.024342180500085006,0.35255144558795964,0.23174223128239235,0.06928188822829771,-0.042883627979962466,0.053039677174683275,0.023034839118894816,5.441483701854227,0.9921344386951437,0.9964923031775555,0.9999982737712488,0.03763870083430293,0.022606120614233997,0.338703354987129,0.14957204019593928,0.06136223595366969,0.006931941522028376,0.036266381727772135,0.015750289462968362,6.096943650690084,0.9889279687897842,0.9957750551314307,0.9996754689947739,0.008004989475011826,0.056990345008671284,0.017572427168488503,ok,
759xd9YjKW5,4acd978965a24452ac39f4964cbd69c8,4acd978965a24452ac39f4964cbd69c8_i1_5,1,5,/mnt/priorbimda-data/PriorBIMDA-Datasets/Matterport3D/v1/scans/759xd9YjKW5/undistorted_color_images/4acd978965a24452ac39f4964cbd69c8_i1_5.jpg,/mnt/priorbimda-data/PriorBIMDA-Datasets/Matterport3D/v1/scans/759xd9YjKW5/undistorted_depth_images/4acd978965a24452ac39f4964cbd69c8_d1_5.png,1024,1280,406,504,1.4121168655554452,1219100,0.9300994873046875,0.37919101119041443,-0.5165910124778748,1.626099944114685,True,204624,1.0,True,,1.0,204624,0.9779087901115417,-0.022338874941097646,0.9707719554414309,0.0073248186966830865,log-depth Laplacian fallback,,,,0.05306852644398896,0.05536946550841778,0.37718489490036805,0.16509238443815838,0.10160281130455617,0.04308590395577159,0.046388335469755786,0.02014619811919183,9.201486915332367,0.9819063243376261,0.9898441473217948,0.9950324009515216,0.041770795120745594,0.04826896246801587,0.3473419006171833,0.12791557415194102,0.09432483944994999,0.020747028885708965,0.036123298176898945,0.015688149066373003,9.201486906839785,0.9827101960462636,0.9911385448281519,0.9953925026659011,0.054222843761974095,0.050970281362807984,0.3591589053614677,0.1658675095500317,0.09899553235516304,0.023568590928901303,0.0484277825220221,0.02103191872012495,9.614903508568478,0.9827725371175458,0.9912886555655812,0.9953088343860225,0.055856840769226486,0.05041577986771308,0.3579509543428799,0.1709968329025502,0.09923577322637227,0.023289935771035684,0.05012577445203211,0.021769347245644527,9.646407403596955,0.9829218275777213,0.9913559183003855,0.9953121154950373,0.04094600224480865,0.04681935879077009,0.34226021179403554,0.1268195568681125,0.0929886672776216,0.013422223624496826,0.035600781951012336,0.015461223152765555,9.201486920624413,0.9828914773193339,0.9913157247149537,0.9954482815191534,0.007830657996237278,0.05582325905561447,0.017098610289394855,ok,
759xd9YjKW5,4acd978965a24452ac39f4964cbd69c8,4acd978965a24452ac39f4964cbd69c8_i2_0,2,0,/mnt/priorbimda-data/PriorBIMDA-Datasets/Matterport3D/v1/scans/759xd9YjKW5/undistorted_color_images/4acd978965a24452ac39f4964cbd69c8_i2_0.jpg,/mnt/priorbimda-data/PriorBIMDA-Datasets/Matterport3D/v1/scans/759xd9YjKW5/undistorted_depth_images/4acd978965a24452ac39f4964cbd69c8_d2_0.png,1024,1280,406,504,1.4165615917841592,581852,0.4439178466796875,0.3922080099582672,-0.5116080045700073,1.6590299606323242,True,204624,1.0,True,,1.0,204624,0.9993174076080322,-0.0006828254642228269,1.0165394081770847,0.017086947295894387,log-depth Laplacian fallback,,,,0.051162932570154335,0.04823289276900672,0.4081123792513186,0.13931861564682052,0.16272063565764966,-0.05243104360840052,0.061750423072204554,0.02681786799544969,15.4042172585833,0.9321889415177743,0.950740050734551,0.9779480005224697,0.05140279949167333,0.04833859306851775,0.40849727474913977,0.13988770091654049,0.16294193456661724,-0.05311386921839048,0.06202530647458258,0.026937248340269265,15.404217259232448,0.9321356633645669,0.9507297388339303,0.9777744168620199,0.044607288380808865,0.04720239761760172,0.40489071888681266,0.12822098697447923,0.16054766890120936,-0.044460235276668834,0.05487436423386673,0.0238316335847175,15.426873133838756,0.9329657713645394,0.950810515388793,0.9793487003567918,0.04464146764175343,0.04807272868008612,0.40874626498690575,0.1287159348050393,0.16270013862922938,-0.04512984585019148,0.05517826510834055,0.023963616057547033,15.631580893661528,0.9327801571533655,0.9506833352811368,0.9777280133092264,0.048965456646828796,0.04616656869309006,0.39989106345706815,0.1331621061901403,0.15819900993405023,-0.03602687626653452,0.058740167200533676,0.02551053048126618,15.40421725716355,0.9334848036957852,0.9510803434550367,0.9822824360834026,0.009110754355788231,0.057190789841115475,0.01747740525752306,ok,
759xd9YjKW5,4acd978965a24452ac39f4964cbd69c8,4acd978965a24452ac39f4964cbd69c8_i2_1,2,1,/mnt/priorbimda-data/PriorBIMDA-Datasets/Matterport3D/v1/scans/759xd9YjKW5/undistorted_color_images/4acd978965a24452ac39f4964cbd69c8_i2_1.jpg,/mnt/priorbimda-data/PriorBIMDA-Datasets/Matterport3D/v1/scans/759xd9YjKW5/undistorted_depth_images/4acd978965a24452ac39f4964cbd69c8_d2_1.png,1024,1280,406,504,1.4165615917841592,194844,0.1486541748046875,0.39412200450897217,-0.5260300040245056,1.6587899923324585,True,204624,1.0,True,,1.0,204624,0.9812569618225098,-0.018920915059721835,1.0504397840519784,0.06812983349361221,log-depth Laplacian fallback,,,,0.04736040750568151,0.0038629315624022294,0.07658473519660867,0.07146017742150619,0.05211265896376834,-0.047097243928648024,0.048548731628424976,0.021084446249626843,2.230647526166902,0.9988247007862701,0.9998665599145984,1.0,0.06480164494026909,0.006816021949060151,0.1024340812117375,0.09823768010856224,0.06968483454948471,-0.06601815911479922,0.06705115444236533,0.02911994637956198,2.2306475142480737,0.9985834821703516,0.9998870891585063,1.0,0.06191610396963203,0.0067438979417676174,0.1033718769399982,0.0957123937244688,0.06820239936536107,-0.0625041021766795,0.06405465455170652,0.02781858301202516,2.729110643193884,0.9990607870912114,0.9998870891585063,1.0,0.05881338589499378,0.006230488364686071,0.0993923259297908,0.09099938150478695,0.06548183880799516,-0.05910507995300018,0.06077994257280762,0.026396393669766885,2.818617990125155,0.9989478762497177,0.9998973537804603,1.0,0.013198344332084739,0.0007749969146373459,0.03266025843292006,0.019608729322881067,0.022406209184643606,0.0021117226011363476,0.013051997530265829,0.005668410505209321,2.2306475241101125,0.9989735378046026,0.9997844429389665,1.0,0.00854057539254427,0.057282308116555214,0.01729516126215458,ok,
759xd9YjKW5,4acd978965a24452ac39f4964cbd69c8,4acd978965a24452ac39f4964cbd69c8_i2_2,2,2,/mnt/priorbimda-data/PriorBIMDA-Datasets/Matterport3D/v1/scans/759xd9YjKW5/undistorted_color_images/4acd978965a24452ac39f4964cbd69c8_i2_2.jpg,/mnt/priorbimda-data/PriorBIMDA-Datasets/Matterport3D/v1/scans/759xd9YjKW5/undistorted_depth_images/4acd978965a24452ac39f4964cbd69c8_d2_2.png,1024,1280,406,504,1.4165615917841592,453187,0.34575424194335935,0.3825939893722534,-0.5349040031433105,1.6590299606323242,True,204624,1.0,True,,1.0,204624,1.000683069229126,0.0006828360435219854,1.008411665406745,0.007693648454777111,log-depth Laplacian fallback,,,,0.021884706692492945,0.0017396479967589711,0.05082455264923952,0.034260930153868545,0.03154420204368928,-0.004486791448370171,0.021730963747137486,0.00943763764182142,3.1223474903859167,0.9990555774989133,0.9995564744796298,0.9997374152391838,0.021681874783519427,0.00173613302364623,0.05080658756063416,0.03396472611251371,0.03145433918130965,-0.0038039553558012274,0.0215132581316343,0.00934308929432904,3.1223474774341544,0.9990533709042846,0.9995564744796298,0.9997374152391838,0.02716668348128691,0.0023933438174227385,0.059732574568556365,0.04080885936447764,0.03798467750395577,-0.007440719055738769,0.027033865577834455,0.011740658644967768,3.7248777496893632,0.9990489577150271,0.9995277887494566,0.9997330020499264,0.02803991975395913,0.00257162355876538,0.062315635327391775,0.04227111873327425,0.03937490684693823,-0.005012230431514512,0.027828508332813518,0.012085767608539572,3.9054587890623846,0.9990599906881706,0.9995653008581447,0.9997396218338125,0.02056185058803649,0.0017990042978713466,0.05226763342338747,0.03250986089766648,0.031464820717445656,0.003889673706219647,0.020232259821209905,0.008786758796784335,3.1223474842498566,0.9990004126331956,0.9995233755601992,0.9997330020499264,0.0080927899107337,0.05573483183979988,0.017038382589817047,ok,
759xd9YjKW5,4acd978965a24452ac39f4964cbd69c8,4acd978965a24452ac39f4964cbd69c8_i2_3,2,3,/mnt/priorbimda-data/PriorBIMDA-Datasets/Matterport3D/v1/scans/759xd9YjKW5/undistorted_color_images/4acd978965a24452ac39f4964cbd69c8_i2_3.jpg,/mnt/priorbimda-data/PriorBIMDA-Datasets/Matterport3D/v1/scans/759xd9YjKW5/undistorted_depth_images/4acd978965a24452ac39f4964cbd69c8_d2_3.png,1024,1280,406,504,1.4165615917841592,1033563,0.7885459899902344,0.3691509962081909,-0.5293560028076172,1.6595200300216675,True,204624,1.0,True,,1.0,204624,1.094537615776062,0.09033200539027106,1.0527152460248816,0.038959230437746746,log-depth Laplacian fallback,,,,0.049948740214415345,0.0068983314955495326,0.1174972302669331,0.09329699566636203,0.05936866427310783,-0.045818368154847064,0.05098613621247296,0.022142997610644578,3.7753350012944367,0.9959508999451412,0.9989395905232675,1.0,0.04668399274198841,0.010230871820421756,0.16429901187189833,0.10806864489100182,0.0583676225813454,0.04451363745781753,0.04488301209606258,0.01949244448451689,3.7753350130450225,0.9937662242166176,0.9981123550281888,1.0,0.03957281384776258,0.008649128777116344,0.15090295490800595,0.09285671292315749,0.0533109765437973,0.03273959698449752,0.03813337226504317,0.016561113151070755,4.207349533074221,0.9943244872349339,0.9984297038496928,1.0,0.040167768319336404,0.008433297094018903,0.1476054089239807,0.09298514310418948,0.053161423485607234,0.0334719190305681,0.038741007512953125,0.01682500578624796,4.130093925599229,0.994346740353515,0.9984442167531152,1.0,0.02111092358914933,0.004567199275628179,0.10730677318029641,0.04834242458614264,0.03815976230597215,0.005554459560382476,0.0205003664618676,0.008903196031383592,3.775335002672437,0.9951536577838023,0.9986125664328154,1.0,0.007817535661160946,0.05817856173962355,0.017066110856831074,ok,
759xd9YjKW5,4acd978965a24452ac39f4964cbd69c8,4acd978965a24452ac39f4964cbd69c8_i2_4,2,4,/mnt/priorbimda-data/PriorBIMDA-Datasets/Matterport3D/v1/scans/759xd9YjKW5/undistorted_color_images/4acd978965a24452ac39f4964cbd69c8_i2_4.jpg,/mnt/priorbimda-data/PriorBIMDA-Datasets/Matterport3D/v1/scans/759xd9YjKW5/undistorted_depth_images/4acd978965a24452ac39f4964cbd69c8_d2_4.png,1024,1280,406,504,1.4165615917841592,1206375,0.9203910827636719,0.36723798513412476,-0.5149340033531189,1.6597599983215332,True,204624,1.0,True,,1.0,204624,1.1287307739257812,0.12109379253713333,1.0992974083248888,0.026422536505785202,log-depth Laplacian fallback,,,,0.08866625611645859,0.0205683706338143,0.2155615332573844,0.1962436636185698,0.10128205342749676,-0.08461040064662945,0.0924813765795705,0.040164151527324075,5.566987020738557,0.9938352502331365,0.9982517873795461,0.9997538078955549,0.04322135523219923,0.0139619932063989,0.19399095468814204,0.11350204943681724,0.0665595396631098,0.0364833919251991,0.04085170515640404,0.017741670125764865,5.566987007167706,0.9874748730701481,0.9970357475909232,0.9997040721168791,0.03805704570246948,0.010512615730273846,0.16208304001391896,0.09211521248426627,0.06020443245936368,0.007744890989661341,0.0368256667450791,0.015993183859795927,5.970419039994049,0.9883435913376852,0.9973308465443995,0.999720650709771,0.03644398143572207,0.009937395498948755,0.1567670965941646,0.08809215952569173,0.05839833670678854,0.010169325854335111,0.03518567105241691,0.015280942780127647,5.750609134507228,0.9883477359859082,0.9973540565744482,0.9997198217801264,0.03421684981389149,0.0094973906566223,0.15273995327643816,0.082891861108656,0.05657168183872208,0.010060851677905854,0.032832282542829716,0.014258879136639419,5.566987021339978,0.9887638586674956,0.9973068075847062,0.999716506061548,0.007459145970642567,0.05956883169710636,0.017101173289120197,ok,
759xd9YjKW5,4acd978965a24452ac39f4964cbd69c8,4acd978965a24452ac39f4964cbd69c8_i2_5,2,5,/mnt/priorbimda-data/PriorBIMDA-Datasets/Matterport3D/v1/scans/759xd9YjKW5/undistorted_color_images/4acd978965a24452ac39f4964cbd69c8_i2_5.jpg,/mnt/priorbimda-data/PriorBIMDA-Datasets/Matterport3D/v1/scans/759xd9YjKW5/undistorted_depth_images/4acd978965a24452ac39f4964cbd69c8_d2_5.png,1024,1280,406,504,1.4165615917841592,1033706,0.7886550903320313,0.3787660002708435,-0.5060610175132751,1.6595200300216675,True,204624,1.0,True,,1.0,204624,1.0593093633651733,0.057617151781826866,1.0471133295910227,0.011579983543911605,log-depth Laplacian fallback,,,,0.06104425160160109,0.02670433456833539,0.2245690678466056,0.1253533740031997,0.09553211183538658,-0.042493495903484904,0.06018165476385817,0.02613656057575015,8.55610144728855,0.9728926793498345,0.9937283908577487,0.9961507430546016,0.04407282755939846,0.02786503904437577,0.2292503132958486,0.09805065467513584,0.08688735314061864,0.01512365579516967,0.040486201096180556,0.017582933729296608,8.556101431827349,0.9803609536947643,0.9927542260565383,0.9957986119844521,0.05289535971017395,0.02917337192815523,0.235538850801017,0.11394154068267238,0.09283600800815608,0.0014822807044574651,0.050049551160848214,0.021736243890890888,9.282417372001547,0.9721294062334939,0.9931363463112336,0.9959146991504354,0.05402343489073642,0.029116227491888174,0.23697629421283029,0.11756901570190621,0.09370524773313164,0.002863568420278955,0.051229877038143336,0.022248852906247757,9.366148316479915,0.9723809284264578,0.9932698465521145,0.9959621014098786,0.04249775056047812,0.026359677689462273,0.22091748954417534,0.08962643608409288,0.08563436577017358,0.003543643464686187,0.039410158450780094,0.0171156143461066,8.5561014439142,0.9733966911288122,0.9928954654418181,0.9958856773589396,0.011694353073835373,0.056918262504041195,0.01708810217678547,ok,
759xd9YjKW5,5764e704c4574c34b7a579260f191e7c,5764e704c4574c34b7a579260f191e7c_i0_0,0,0,/mnt/priorbimda-data/PriorBIMDA-Datasets/Matterport3D/v1/scans/759xd9YjKW5/undistorted_color_images/5764e704c4574c34b7a579260f191e7c_i0_0.jpg,/mnt/priorbimda-data/PriorBIMDA-Datasets/Matterport3D/v1/scans/759xd9YjKW5/undistorted_depth_images/5764e704c4574c34b7a579260f191e7c_d0_0.png,1024,1280,406,504,1.4155678118069965,1183144,0.902667236328125,-11.398799896240234,-12.875800132751465,1.5866199731826782,True,204624,1.0,True,,1.0,204624,1.071796178817749,0.0693359128714262,1.0296232871031337,0.04014291820588469,log-depth Laplacian fallback,,,,0.0363631017364377,0.0019467876831474576,0.04332840680336491,0.03409338614891684,0.04593899955262564,-0.030107405993553462,0.0371230093624778,0.016122318117766873,3.469777779967299,0.998427072275226,1.0,1.0,0.04340388434780261,0.002514795938387244,0.0459285084504474,0.03699573114624478,0.05237185825917883,0.03922850688350459,0.0420154332821389,0.01824707082920716,3.469777781372102,0.9975911638819958,1.0,1.0,0.04299958571127225,0.0024632173464435533,0.04568095880526541,0.03696057941580536,0.05154582843569992,0.03910279732549488,0.04164800787394163,0.01808750000191604,3.3584872642960564,0.997368874794615,1.0,1.0,0.044791718848731676,0.0026515624687470725,0.047352475745701325,0.03840005884827714,0.05349981200075275,0.04062355825084247,0.04333969806004148,0.018822191714829083,3.481316416467048,0.9970637555530012,1.0,1.0,0.025932906070937546,0.0011276396378919397,0.03183271880100608,0.023519156423479976,0.034709825170651694,-0.0009144279359262589,0.025828117276120974,0.011217008810969398,3.4697777809640833,0.9982326749744748,1.0,1.0,0.008188053965568542,0.05757806356996298,0.01707160659134388,ok,
759xd9YjKW5,5764e704c4574c34b7a579260f191e7c,5764e704c4574c34b7a579260f191e7c_i0_1,0,1,/mnt/priorbimda-data/PriorBIMDA-Datasets/Matterport3D/v1/scans/759xd9YjKW5/undistorted_color_images/5764e704c4574c34b7a579260f191e7c_i0_1.jpg,/mnt/priorbimda-data/PriorBIMDA-Datasets/Matterport3D/v1/scans/759xd9YjKW5/undistorted_depth_images/5764e704c4574c34b7a579260f191e7c_d0_1.png,1024,1280,406,504,1.4155678118069965,1211894,0.9246017456054687,-11.411800384521484,-12.869400024414062,1.5866700410842896,True,204624,1.0,True,,1.0,204624,1.0613805055618286,0.0595704245215143,1.0761768995288588,0.013844428471693135,log-depth Laplacian fallback,,,,0.06830925018265684,0.0064377936922708654,0.08659295174703475,0.07823618850180576,0.08056973589760173,-0.0599686282588973,0.07101968929147913,0.030843459165772833,5.380748988157204,0.9986318935484456,1.0,1.0,0.039862939907627265,0.002819033779125665,0.05246608145582503,0.04027769823766736,0.053808963460843254,-0.000398203834247434,0.039454304937633494,0.017134786921742452,5.38074900217131,0.9978661500098194,1.0,1.0,0.035662307607652675,0.0027380786481468623,0.05109417251783359,0.03578042805277581,0.054013573798519975,0.00763452657044961,0.03528031488141019,0.01532204607280562,5.347130219597483,0.9981029694016144,1.0,1.0,0.03579852825912199,0.002831856368201001,0.05198339198930733,0.036031375196036663,0.0548828218835239,0.006741431547618731,0.03536152580598288,0.01535731552921781,5.446721250979694,0.9980864663081095,1.0,1.0,0.03862204559131866,0.0031350198474193016,0.056178272906668866,0.03981542254001163,0.0554621175927532,0.013446208252407063,0.037674230671123694,0.016361710490419262,5.380748992013365,0.9971193850287237,1.0,1.0,0.007689999416470528,0.05636829975992441,0.017054625786840916,ok,
759xd9YjKW5,5764e704c4574c34b7a579260f191e7c,5764e704c4574c34b7a579260f191e7c_i0_2,0,2,/mnt/priorbimda-data/PriorBIMDA-Datasets/Matterport3D/v1/scans/759xd9YjKW5/undistorted_color_images/5764e704c4574c34b7a579260f191e7c_i0_2.jpg,/mnt/priorbimda-data/PriorBIMDA-Datasets/Matterport3D/v1/scans/759xd9YjKW5/undistorted_depth_images/5764e704c4574c34b7a579260f191e7c_d0_2.png,1024,1280,406,504,1.4155678118069965,1244232,0.949273681640625,-11.4128999710083,-12.854900360107422,1.5868899822235107,True,204624,1.0,True,,1.0,204624,1.1782879829406738,0.16406252304361182,1.2108454278817962,0.027256293316079205,log-depth Laplacian fallback,,,,0.1741002595880604,0.04123337941798988,0.23352778145210454,0.22811311532969403,0.20649178390153916,-0.19352795465331632,0.19383720997095646,0.0841824306779084,7.201241272547315,0.6101338014132413,1.0,1.0,0.06133906694714957,0.008072522326421786,0.1160117081448498,0.08396900875766954,0.0778074498325233,-0.02946543157791929,0.06272452856976087,0.027240916637830022,7.201241275896529,1.0,1.0,1.0,0.038316641203509895,0.0030234660559976707,0.06585950615304852,0.05034284802472069,0.05191243491781882,-0.020009275645453656,0.03923069236398397,0.017037673214922278,4.7901250372417525,1.0,1.0,1.0,0.03491275177885786,0.002719542799180117,0.06223567784133769,0.04623110235829242,0.049638877883491944,-0.021829856254268448,0.03586719449413019,0.015576924650151439,4.458111229489684,1.0,1.0,1.0,0.06005154158560665,0.009189007211429581,0.13425616670662174,0.09248291050105319,0.07204628873543197,-0.0022091031719960047,0.05979708358994293,0.025969543437019692,7.20124127058989,0.9999855332446039,1.0,1.0,0.00938226655125618,0.057100375182926655,0.017517208121716976,ok,
759xd9YjKW5,5764e704c4574c34b7a579260f191e7c,5764e704c4574c34b7a579260f191e7c_i0_3,0,3,/mnt/priorbimda-data/PriorBIMDA-Datasets/Matterport3D/v1/scans/759xd9YjKW5/undistorted_color_images/5764e704c4574c34b7a579260f191e7c_i0_3.jpg,/mnt/priorbimda-data/PriorBIMDA-Datasets/Matterport3D/v1/scans/759xd9YjKW5/undistorted_depth_images/5764e704c4574c34b7a579260f191e7c_d0_3.png,1024,1280,406,504,1.4155678118069965,1250163,0.9537986755371094,-11.400799751281738,-12.846799850463867,1.5870599746704102,True,204624,1.0,True,,1.0,204624,1.130385398864746,0.12255863551844019,1.1342898239365593,0.0034481137966008296,log-depth Laplacian fallback,,,,0.11940516422119267,0.0206653088942399,0.17939622345113176,0.16808883932968932,0.13191593895685144,-0.12769371722521877,0.127702687231374,0.05546057238880261,3.310784698638102,0.9995616571599063,1.0,1.0,0.027366511355684735,0.0014498193722066379,0.046882169496332095,0.03793977604692983,0.03350371018874894,-0.005135081734523426,0.02754552481772647,0.011962869429467685,3.3107846985139995,1.0,1.0,1.0,0.031101340253929723,0.0021505828227054154,0.05526593908556469,0.04303364570892333,0.042926064518693394,-0.005703799166348057,0.031645130838837396,0.013743305702413498,4.254543089607854,1.0,1.0,1.0,0.02899741829211105,0.0022659438066945786,0.05641828353565539,0.03985271249951249,0.04469334495438905,-0.013233954425077172,0.029774929002330985,0.012931087364773452,4.268907979199123,1.0,1.0,1.0,0.027347037970287282,0.0014673304283291447,0.04743335894762021,0.038380749916532064,0.03315079611815136,-0.001686935474877928,0.027431788934458922,0.011913474562970204,3.31078469848288,1.0,1.0,1.0,0.00758759118616581,0.056494166143238544,0.01811116375029087,ok,
759xd9YjKW5,5764e704c4574c34b7a579260f191e7c,5764e704c4574c34b7a579260f191e7c_i0_4,0,4,/mnt/priorbimda-data/PriorBIMDA-Datasets/Matterport3D/v1/scans/759xd9YjKW5/undistorted_color_images/5764e704c4574c34b7a579260f191e7c_i0_4.jpg,/mnt/priorbimda-data/PriorBIMDA-Datasets/Matterport3D/v1/scans/759xd9YjKW5/undistorted_depth_images/5764e704c4574c34b7a579260f191e7c_d0_4.png,1024,1280,406,504,1.4155678118069965,1244173,0.9492286682128906,-11.387700080871582,-12.853099822998047,1.5870200395584106,True,204624,1.0,True,,1.0,204624,1.0520927906036377,0.05078131442162773,1.0730947799485173,0.019765477057991754,log-depth Laplacian fallback,,,,0.061774015669063244,0.006097687513476362,0.08465000940781063,0.07475469895035336,0.07745843066359984,-0.0610481980872205,0.06461669357167799,0.028062673457013087,4.767521359334628,1.0,1.0,1.0,0.04150747185882951,0.0034248734446834096,0.07634482914771636,0.061240582005880645,0.04876817502110372,-0.010266883623105101,0.04178883398184637,0.01814866000348698,4.7675213639360035,1.0,1.0,1.0,0.01875810476848278,0.0009029082384476132,0.037970330084643795,0.027575149998362924,0.02509506351503819,-0.011878697805424098,0.018981467623554786,0.00824354664733508,2.2105627140418647,1.0,1.0,1.0,0.020463950137631155,0.0010720916828615367,0.04177115855066806,0.03021296724147198,0.027047581537861635,-0.01451985702060538,0.020747833125458998,0.009010669437836344,2.281984704480839,1.0,1.0,1.0,0.0390821029106427,0.0044076692579977155,0.09339057427590042,0.06502971021018572,0.048612223854243575,0.009498542743705011,0.03857775989311457,0.016754108245768236,4.7675213620927765,0.9999879437988125,1.0,1.0,0.009077291935682297,0.05915110558271408,0.018121440894901752,ok,
759xd9YjKW5,5764e704c4574c34b7a579260f191e7c,5764e704c4574c34b7a579260f191e7c_i0_5,0,5,/mnt/priorbimda-data/PriorBIMDA-Datasets/Matterport3D/v1/scans/759xd9YjKW5/undistorted_color_images/5764e704c4574c34b7a579260f191e7c_i0_5.jpg,/mnt/priorbimda-data/PriorBIMDA-Datasets/Matterport3D/v1/scans/759xd9YjKW5/undistorted_depth_images/5764e704c4574c34b7a579260f191e7c_d0_5.png,1024,1280,406,504,1.4155678118069965,1230280,0.938629150390625,-11.386699676513672,-12.867600440979004,1.5867999792099,True,204624,1.0,True,,1.0,204624,1.0362874269485474,0.03564454449769464,0.9982634191233228,0.03738263497889581,log-depth Laplacian fallback,,,,0.05482074583426413,0.006850311521955577,0.10827990556643122,0.07518193844301158,0.06589819073981609,0.011456274333618885,0.0538484034119662,0.023386064461117174,6.489472491022709,0.9974493611210457,1.0,1.0,0.06481048909305963,0.011589671075729134,0.1439377889609592,0.09499051522323182,0.08018611126004549,0.047100818728693976,0.0617508817126731,0.026818067180474355,6.489472485568536,0.9953124491985564,1.0,1.0,0.05822980161707051,0.008464894602446744,0.11935767248659866,0.08264187434255509,0.07111390217173234,0.05275181275971103,0.05562863721637168,0.024159210178868105,4.7691019413041555,0.9961862340280261,1.0,1.0,0.05515253963644869,0.008104065676817067,0.11720696436865131,0.07902490346301194,0.06914841300069127,0.049301220614371234,0.05270149135445902,0.02288796688331349,4.848600485137196,0.9962000520206782,1.0,1.0,0.05470957723282502,0.006712221124281901,0.10687380843447086,0.0746711512617739,0.06561835419858338,0.009718183386279923,0.05383241708318212,0.023379121686740334,6.4894724896569045,0.9975257664921806,1.0,1.0,0.008260611444711685,0.059452638030052185,0.018116772174835205,ok,
759xd9YjKW5,5764e704c4574c34b7a579260f191e7c,5764e704c4574c34b7a579260f191e7c_i1_0,1,0,/mnt/priorbimda-data/PriorBIMDA-Datasets/Matterport3D/v1/scans/759xd9YjKW5/undistorted_color_images/5764e704c4574c34b7a579260f191e7c_i1_0.jpg,/mnt/priorbimda-data/PriorBIMDA-Datasets/Matterport3D/v1/scans/759xd9YjKW5/undistorted_depth_images/5764e704c4574c34b7a579260f191e7c_d1_0.png,1024,1280,406,504,1.4121168655554452,1233446,0.9410446166992188,-11.399700164794922,-12.865300178527832,1.6200400590896606,True,204624,1.0,True,,1.0,204624,1.087080955505371,0.08349608145176436,1.034397623491134,0.049676830454594686,log-depth Laplacian fallback,,,,0.045521743769467764,0.002185400886349423,0.03878009943463189,0.03241017688263272,0.05884578909128782,-0.04398771838369293,0.04694564477726676,0.02038823447615719,3.908845769755123,0.997132424119094,1.0,1.0,0.04826241884436608,0.0025855505637833874,0.04477245515813605,0.03766032903444934,0.055577138024915096,0.0395083630896582,0.0468577171851372,0.020350048008088286,3.908845759321026,0.9958101124816165,0.9999975677897532,1.0,0.05596612646588833,0.0035222682695011756,0.053114019423715714,0.04425137061005636,0.06370816835298954,0.04122731659946557,0.054144617336360945,0.0235147085339447,4.856994009570413,0.9958198413226035,1.0,1.0,0.055462964686571005,0.00346627062339706,0.052501380831320936,0.04372554265477598,0.0634397853723806,0.04125889300300895,0.053656906366663884,0.023302898351041594,4.819035293769878,0.9956244537661154,0.999999189263251,1.0,0.02586440614177823,0.0010775972931523798,0.026821224193983747,0.017830501167270276,0.04038942529763719,-0.01016848809211713,0.026179018401787758,0.011369403233540114,3.908845770549009,0.9966451713329971,1.0,1.0,0.007993604987859726,0.05947343725711107,0.018086517229676247,ok,
759xd9YjKW5,5764e704c4574c34b7a579260f191e7c,5764e704c4574c34b7a579260f191e7c_i1_1,1,1,/mnt/priorbimda-data/PriorBIMDA-Datasets/Matterport3D/v1/scans/759xd9YjKW5/undistorted_color_images/5764e704c4574c34b7a579260f191e7c_i1_1.jpg,/mnt/priorbimda-data/PriorBIMDA-Datasets/Matterport3D/v1/scans/759xd9YjKW5/undistorted_depth_images/5764e704c4574c34b7a579260f191e7c_d1_1.png,1024,1280,406,504,1.4121168655554452,1270926,0.9696395874023438,-11.402799606323242,-12.863699913024902,1.6200499534606934,True,204624,1.0,True,,1.0,204624,1.0225902795791626,0.02233889802417949,1.0136828991643534,0.00874876448073401,log-depth Laplacian fallback,,,,0.03076201845852359,0.002675533227076535,0.07030972023486382,0.04977905338894245,0.04102422790187017,-0.006159394903533202,0.030647104621575244,0.01330986842346178,4.055920523588834,0.9966370976752383,0.9999976395163841,1.0,0.030511881459392105,0.0024595690717320465,0.05857213375865913,0.04046843560063252,0.043667212520590463,0.01617950309328446,0.029734258137905718,0.01291342423277931,4.0559205231029996,0.9958219439998867,0.9999968526885121,1.0,0.033820278660526254,0.0027384192278492045,0.06229692785874549,0.04543854323720489,0.0458526622859466,0.01644144779803077,0.032996169428346586,0.014330054306675702,4.2803567993961655,0.9958014864752157,0.9999968526885121,1.0,0.03509331300678329,0.0027817812951160936,0.06252189929842403,0.04657663916340262,0.0466384745949176,0.016497553145040905,0.034264697752230594,0.0148809691578765,4.36231366681412,0.9961248727305917,0.9999968526885121,1.0,0.029167971229531037,0.002364985004577423,0.06085818992164278,0.04222161927328041,0.04123425966367534,0.007430682476109244,0.0286497666597288,0.012442435568135976,4.05592052184291,0.9961610668127019,0.9999968526885121,1.0,0.008179188705980778,0.05977156199514866,0.0181156937032938,ok,
759xd9YjKW5,5764e704c4574c34b7a579260f191e7c,5764e704c4574c34b7a579260f191e7c_i1_2,1,2,/mnt/priorbimda-data/PriorBIMDA-Datasets/Matterport3D/v1/scans/759xd9YjKW5/undistorted_color_images/5764e704c4574c34b7a579260f191e7c_i1_2.jpg,/mnt/priorbimda-data/PriorBIMDA-Datasets/Matterport3D/v1/scans/759xd9YjKW5/undistorted_depth_images/5764e704c4574c34b7a579260f191e7c_d1_2.png,1024,1280,406,504,1.4121168655554452,1126842,0.8597122192382812,-11.40310001373291,-12.860199928283691,1.6201000213623047,True,204624,1.0,True,,1.0,204624,0.9574736952781677,-0.04345703059904819,1.0299134740602514,0.07293182354516428,log-depth Laplacian fallback,,,,0.0347164123581945,0.004511580703715653,0.10661482419318676,0.09063865569120756,0.04434749677248331,-0.03395234389673593,0.03556937135207265,0.015447581702972755,2.852961292943169,0.9997408687287126,1.0,1.0,0.07508187409284832,0.0163335612586324,0.21185460620826446,0.20695524339179144,0.08249939429936322,-0.07740937443852157,0.07832475237813191,0.03401600775426127,2.8529612839969776,0.9997861279576019,1.0,1.0,0.07639475763373206,0.017273939066733655,0.22064122764675625,0.21329110787310698,0.08371510953990047,-0.07877382167988141,0.07973209585513384,0.03462720926046579,2.833557098813751,0.9998029892389527,1.0,1.0,0.07475867728932105,0.01668698043812867,0.21722123827735437,0.20914316902594454,0.08214732526364672,-0.07707617062371033,0.07797569669288373,0.033864414796281044,2.8415611377481627,0.9997319943701068,1.0,1.0,0.01953927862438474,0.002047739244199681,0.0724769276902753,0.05192847081387267,0.028878845171340924,-0.004477598178889133,0.019667370744694303,0.008541430587966189,2.8529612913229117,0.9992687528508877,1.0,1.0,0.00817026011645794,0.05849846266210079,0.018155722878873348,ok,
759xd9YjKW5,5764e704c4574c34b7a579260f191e7c,5764e704c4574c34b7a579260f191e7c_i1_3,1,3,/mnt/priorbimda-data/PriorBIMDA-Datasets/Matterport3D/v1/scans/759xd9YjKW5/undistorted_color_images/5764e704c4574c34b7a579260f191e7c_i1_3.jpg,/mnt/priorbimda-data/PriorBIMDA-Datasets/Matterport3D/v1/scans/759xd9YjKW5/undistorted_depth_images/5764e704c4574c34b7a579260f191e7c_d1_3.png,1024,1280,406,504,1.4121168655554452,1260094,0.9613754272460937,-11.400199890136719,-12.85830020904541,1.6201399564743042,True,204624,1.0,True,,1.0,204624,0.9673420786857605,-0.03320309356562899,0.9869604331827926,0.020077765252733283,log-depth Laplacian fallback,,,,0.03404447140890438,0.021369732278132523,0.29547373681117517,0.12457442115103715,0.061431893198384824,0.0038624224536779194,0.032658658310638404,0.014183475090674033,6.13103514484062,0.9914038159057975,0.996544702220628,0.9988873845919432,0.0406949510761741,0.024787152182000526,0.3424707414747239,0.16258082680111,0.06796936208538279,-0.02934067121006934,0.04043133944247327,0.01755910761582345,6.131035145256044,0.9918212450817161,0.9971438638704732,0.9990159464293934,0.04553017076881405,0.026106109814717945,0.3524978843453082,0.1787998339345124,0.07167831160592467,-0.03053267910593546,0.045573203007527555,0.0197921905888259,6.485010301680334,0.9919545684687016,0.9973446425425405,0.9990548324172641,0.044229257323257117,0.025730212066748047,0.35091878505560825,0.1751617875516603,0.07113647767666995,-0.02890821548791284,0.0442173070450519,0.01920333245428783,6.499779637455225,0.9919180632555984,0.9973486105004865,0.9990699106574589,0.0315978788928734,0.02192613795529424,0.3100229638877149,0.1269811529570287,0.06200613706198078,-0.009262928258169557,0.030638636137012832,0.013306190607346235,6.131035143785387,0.9915157123198746,0.9966780256076134,0.998970711708809,0.009131100960075855,0.05993032734841108,0.018121258355677128,ok,
759xd9YjKW5,5764e704c4574c34b7a579260f191e7c,5764e704c4574c34b7a579260f191e7c_i1_4,1,4,/mnt/priorbimda-data/PriorBIMDA-Datasets/Matterport3D/v1/scans/759xd9YjKW5/undistorted_color_images/5764e704c4574c34b7a579260f191e7c_i1_4.jpg,/mnt/priorbimda-data/PriorBIMDA-Datasets/Matterport3D/v1/scans/759xd9YjKW5/undistorted_depth_images/5764e704c4574c34b7a579260f191e7c_d1_4.png,1024,1280,406,504,1.4121168655554452,1110631,0.8473442077636719,-11.397000312805176,-12.859800338745117,1.620129942893982,True,139582,0.6821389475330362,True,,1.0,139582,0.9685236215591431,-0.03198240659343988,1.0052948466955507,0.03726328487360967,log-depth Laplacian fallback,,,,0.08440448574695855,0.09547243248713012,0.4115854245090997,0.19419932796463063,0.16428045652272916,0.007766097554273799,0.07071684110999382,0.030711933871699352,16.409678889025773,0.9310815203249324,0.9724219835390873,0.9803273994693107,0.09619483378504749,0.09309983106904614,0.4340089362391021,0.24447411192163068,0.16587400561020008,-0.02421630901196337,0.08535249732716114,0.03706811860584815,16.409678886257886,0.9210836002236567,0.9731422947855769,0.9812746087584445,0.0958439550193585,0.09202290996111766,0.42328483118641713,0.23468331497693629,0.16545926349843387,-0.02399520809633008,0.08495332780242187,0.0368947614839099,16.371010312701532,0.9297111281784859,0.972885683904015,0.9810342048799287,0.09676184302856718,0.09015866172335309,0.41977474082187627,0.2382576667998685,0.1641840961955603,-0.024776751328401504,0.08614566438228871,0.03741258668111747,16.230382015579163,0.9351773901502839,0.9732197282445745,0.9811224430076236,0.08442098630893492,0.09649415349198384,0.41045126259460407,0.19134632977686733,0.1646146363281993,0.013046929180325623,0.07028793813381634,0.030525663675873595,16.409678891565456,0.9323897856263692,0.9722842240131961,0.9801941418887101,0.010090312920510769,0.059677292592823505,0.01815741788595915,ok,
759xd9YjKW5,5764e704c4574c34b7a579260f191e7c,5764e704c4574c34b7a579260f191e7c_i1_5,1,5,/mnt/priorbimda-data/PriorBIMDA-Datasets/Matterport3D/v1/scans/759xd9YjKW5/undistorted_color_images/5764e704c4574c34b7a579260f191e7c_i1_5.jpg,/mnt/priorbimda-data/PriorBIMDA-Datasets/Matterport3D/v1/scans/759xd9YjKW5/undistorted_depth_images/5764e704c4574c34b7a579260f191e7c_d1_5.png,1024,1280,406,504,1.4121168655554452,1258667,0.9602867126464844,-11.39680004119873,-12.863300323486328,1.6200799942016602,True,196318,0.9594084760340919,True,,1.0,196318,1.03376042842865,0.0332030552648808,1.1017951310777379,0.06373773172006064,log-depth Laplacian fallback,,,,0.08164754506973626,0.014290710646875525,0.1831592044738708,0.11812850723929448,0.10328081396514478,-0.07603970791284989,0.08607667013958194,0.037382622862226836,6.989198347329485,0.9899584242694851,0.9998720868982821,1.0,0.06667633490355752,0.011032850646586588,0.1709426784671941,0.10787006625889214,0.08197480214467279,-0.04283665274959227,0.0686673573291492,0.02982185437492833,6.989198357371966,0.9889668991083423,0.9998498411414616,1.0,0.07190364453478057,0.013498163811023922,0.18837129181184023,0.1179854106840927,0.09096898381443409,-0.0468124867436805,0.07436711480053393,0.03229722759293754,7.799966090377258,0.9866175882898336,0.9998021716625605,1.0,0.06966796887304919,0.013108579194530972,0.18666927893068458,0.11388598147584425,0.08968078108359774,-0.04734702378609573,0.07218418857512125,0.031349194778838914,7.61636516611636,0.9871284462053903,0.9998196504714909,1.0,0.05630858658240496,0.016067835502017618,0.22156000213388388,0.13427251578106592,0.07295027361996052,0.020901030266613118,0.054511130158800845,0.023673883030277145,6.989198348180733,0.9849714022851159,0.9996742585608426,1.0,0.008969715796411037,0.0632576635107398,0.018146295100450516,ok,
759xd9YjKW5,5764e704c4574c34b7a579260f191e7c,5764e704c4574c34b7a579260f191e7c_i2_0,2,0,/mnt/priorbimda-data/PriorBIMDA-Datasets/Matterport3D/v1/scans/759xd9YjKW5/undistorted_color_images/5764e704c4574c34b7a579260f191e7c_i2_0.jpg,/mnt/priorbimda-data/PriorBIMDA-Datasets/Matterport3D/v1/scans/759xd9YjKW5/undistorted_depth_images/5764e704c4574c34b7a579260f191e7c_d2_0.png,1024,1280,406,504,1.4165615917841592,1174531,0.8960960388183594,-11.39900016784668,-12.876799583435059,1.6531200408935547,True,204624,1.0,True,,1.0,204624,1.0252150297164917,0.024902375677816904,1.0510979519212404,0.024932910657552917,log-depth Laplacian fallback,,,,0.05028391305324503,0.003043824518701391,0.05382235075648537,0.046655885107787946,0.05925424308555149,-0.04590979102061929,0.05159988688643387,0.02240954614161019,3.746139896059263,0.9974491946147015,1.0,1.0,0.03282801390236449,0.001709648607024571,0.04025082172310789,0.030366294194395394,0.04294959748035746,-0.021007415393912297,0.033119796665137875,0.0143837449334271,3.746139909550022,0.9971162957810394,1.0,1.0,0.0443853884000318,0.002764424715154036,0.05354786542185328,0.04366251550389305,0.05386354100356339,-0.03953807631405037,0.04536536442369803,0.01970192743874216,3.6578977170321254,0.997174191230372,1.0,1.0,0.04385097294678389,0.002759600745112049,0.05367399073909997,0.04322003858103622,0.053772653382332794,-0.03927636548696218,0.044849260584920156,0.01947778638947184,3.6726902481846637,0.9971094845517061,1.0,1.0,0.025039825658977884,0.0015346658112549837,0.03954029557314494,0.02492371154784258,0.037666513050747974,0.003925530695657331,0.024640358748532928,0.010701171836604363,3.7461398988286856,0.9960111738217212,1.0,1.0,0.007741251960396767,0.05950189009308815,0.018174918368458748,ok,
759xd9YjKW5,5764e704c4574c34b7a579260f191e7c,5764e704c4574c34b7a579260f191e7c_i2_1,2,1,/mnt/priorbimda-data/PriorBIMDA-Datasets/Matterport3D/v1/scans/759xd9YjKW5/undistorted_color_images/5764e704c4574c34b7a579260f191e7c_i2_1.jpg,/mnt/priorbimda-data/PriorBIMDA-Datasets/Matterport3D/v1/scans/759xd9YjKW5/undistorted_depth_images/5764e704c4574c34b7a579260f191e7c_d2_1.png,1024,1280,406,504,1.4165615917841592,1232480,0.9403076171875,-11.412099838256836,-12.870400428771973,1.6531599760055542,True,204624,1.0,True,,1.0,204624,1.0564683675765991,0.05493161685583909,1.0944179127756777,0.035291018564195205,log-depth Laplacian fallback,,,,0.08063390991666002,0.011785949639031658,0.14575728648146488,0.1295801090443388,0.09092722234697803,-0.08170254769940166,0.08442739303487373,0.03666635091652267,3.9905556795561394,0.9985736076853174,1.0,1.0,0.03880671245478687,0.0034144947076743186,0.07591027406621982,0.06091565663406296,0.04805347233402616,-0.026770930906452536,0.039397562954076024,0.017110144191391192,3.9905556777959657,0.9977524990263533,1.0,1.0,0.04258880630531793,0.004233487220008654,0.07868134828523221,0.060945408582139926,0.058990068924895854,-0.035636241371191875,0.0438592998492549,0.019047851904671526,4.700943025285582,0.9974449889653382,1.0,1.0,0.041405055000729656,0.004142273221930279,0.07749787795848298,0.058482548786276706,0.05877046610600955,-0.03485216151467073,0.04269106273053455,0.018540492970456717,4.732118472812068,0.9975074646241724,1.0,1.0,0.028748472311582996,0.0027805435135644816,0.06819875567648834,0.04401597298950626,0.04080497058743394,0.008520103149221685,0.028204864427532544,0.012249216983706701,3.9905556843226373,0.996351259249643,0.9999959431390367,1.0,0.008149953559041023,0.05858901049941778,0.018116986379027367,ok,
759xd9YjKW5,5764e704c4574c34b7a579260f191e7c,5764e704c4574c34b7a579260f191e7c_i2_2,2,2,/mnt/priorbimda-data/PriorBIMDA-Datasets/Matterport3D/v1/scans/759xd9YjKW5/undistorted_color_images/5764e704c4574c34b7a579260f191e7c_i2_2.jpg,/mnt/priorbimda-data/PriorBIMDA-Datasets/Matterport3D/v1/scans/759xd9YjKW5/undistorted_depth_images/5764e704c4574c34b7a579260f191e7c_d2_2.png,1024,1280,406,504,1.4165615917841592,1232434,0.9402725219726562,-11.413100242614746,-12.855899810791016,1.653380036354065,True,204624,1.0,True,,1.0,204624,1.0052322149276733,0.005218574450399854,1.0192956272991838,0.013893252826991099,log-depth Laplacian fallback,,,,0.0379820602972688,0.013927219443933268,0.1455105523391032,0.07341975450081831,0.0736550683715606,-0.009636902140955979,0.03564424821543446,0.015480100311553014,7.302190913653865,0.9864536356510775,0.993504723173817,0.9961344786008824,0.03622139759820043,0.0139872964096392,0.14592291523624687,0.07043127280363354,0.07315545661511622,-0.004418327567164596,0.033690254797532494,0.014631491752482923,7.302190913743206,0.9858613118430682,0.9934641530499808,0.9960849830498023,0.03700899873865955,0.014637672930221203,0.14815122101580055,0.07096627986300522,0.0747092029490352,-0.005299190066287299,0.03438732096424767,0.014934223742208768,7.4521027837258735,0.9855197114003671,0.9933521795081928,0.9959673296906771,0.03653108387266988,0.014327508875586264,0.14643048769532335,0.07014599599899883,0.07391113886982985,-0.00466915714097083,0.03394222700024504,0.014740921889713987,7.376351008885215,0.9866061793167017,0.9934519820128299,0.9961020225018135,0.034579271919905376,0.014762212309421202,0.15211595565661193,0.07037466468611422,0.07363404384783548,0.009474872085548262,0.031561275634686435,0.013706887849971866,7.30219091256005,0.9838571477255578,0.9933367628611349,0.9959819349352582,0.007723754271864891,0.059469858184456825,0.018119110725820065,ok,
759xd9YjKW5,5764e704c4574c34b7a579260f191e7c,5764e704c4574c34b7a579260f191e7c_i2_3,2,3,/mnt/priorbimda-data/PriorBIMDA-Datasets/Matterport3D/v1/scans/759xd9YjKW5/undistorted_color_images/5764e704c4574c34b7a579260f191e7c_i2_3.jpg,/mnt/priorbimda-data/PriorBIMDA-Datasets/Matterport3D/v1/scans/759xd9YjKW5/undistorted_depth_images/5764e704c4574c34b7a579260f191e7c_d2_3.png,1024,1280,406,504,1.4165615917841592,1246690,0.9511489868164062,-11.401100158691406,-12.847800254821777,1.6535600423812866,True,204624,1.0,True,,1.0,204624,0.983655571937561,-0.016479471722903292,1.0017659918814268,0.01824390607412164,log-depth Laplacian fallback,,,,0.06261693654222343,0.025423448264846892,0.20706678743419055,0.11056773897511821,0.1007380796337293,0.0061636511446071926,0.05868198254585583,0.025485261206808132,10.054934158341947,0.9765916145954487,0.9864096126543086,0.9955859114936352,0.06323486280334424,0.023431274459569898,0.19188183630143582,0.10103738158473922,0.1010771300704384,-0.010315820521568632,0.060333874936061405,0.02620266895657241,10.054934147095697,0.9773664664030353,0.9867232431478555,0.9961963278762163,0.06021254951125361,0.023834552697531937,0.19067549638157796,0.09285121421442039,0.09977244726015155,-0.005660822091881494,0.05652883589739931,0.024550161498654962,9.96117278513117,0.9766285123005719,0.9861376926100314,0.9959933904980388,0.0579636804473504,0.02287640677082553,0.18565610681947964,0.08764727730414415,0.09807705142833852,-0.00617969745272751,0.05439127231331642,0.02362182942937045,9.788217077828683,0.976907651461069,0.986675917830415,0.9961040836134083,0.06270835264592049,0.025703939408906164,0.20902859575217309,0.11188060899933013,0.10086141097145257,0.007928060055050689,0.05866284189557843,0.025476948528012605,10.05493415538648,0.9764817236041037,0.9863013259110124,0.9954222781926542,0.008071294054389,0.05764154065400362,0.018124565482139587,ok,
759xd9YjKW5,5764e704c4574c34b7a579260f191e7c,5764e704c4574c34b7a579260f191e7c_i2_4,2,4,/mnt/priorbimda-data/PriorBIMDA-Datasets/Matterport3D/v1/scans/759xd9YjKW5/undistorted_color_images/5764e704c4574c34b7a579260f191e7c_i2_4.jpg,/mnt/priorbimda-data/PriorBIMDA-Datasets/Matterport3D/v1/scans/759xd9YjKW5/undistorted_depth_images/5764e704c4574c34b7a579260f191e7c_d2_4.png,1024,1280,406,504,1.4165615917841592,1236493,0.9433692932128906,-11.387999534606934,-12.85420036315918,1.6535099744796753,True,185887,0.9084320509813121,True,,1.0,185887,1.0108617544174194,0.010803189261488256,1.0040982308809785,0.006713333255037808,log-depth Laplacian fallback,,,,0.07178265022052235,0.04518601621139431,0.2697537643851881,0.11716964995228041,0.12396009998922378,0.0033723614259089487,0.065147217229648,0.02829307695418858,12.391421858588867,0.9653495814371775,0.9812324048741077,0.9916805028415041,0.07273387283594723,0.04718005041617389,0.27772840054767073,0.12312672133505487,0.12472241099266343,0.01417555070387854,0.0653194991300837,0.028367898032879604,12.391421857908243,0.9633099419082841,0.9809436850835387,0.9908224308588888,0.09833620793117075,0.05211138074484949,0.2901516227816923,0.15831111635737416,0.14444489945267863,-0.015685803153009333,0.09401382324894018,0.04082968465964234,14.359068408967024,0.9668918465369396,0.9826080697585834,0.9909235232225334,0.09986661766699217,0.05082488561295062,0.2867933714188609,0.16039260152107607,0.14493772814889633,-0.018407898208878608,0.09617400848658733,0.04176784118824134,14.376402305338754,0.9681275995901312,0.9831677170837199,0.9917743165549664,0.07191854233201721,0.0458850642342401,0.27257274740021553,0.11903383600425708,0.12413870247261966,0.007462163744665432,0.06498936996368772,0.028224524757598506,12.391421857007929,0.9645335638778384,0.9810941105206419,0.9913278926771117,0.008096757344901562,0.05881269555538893,0.018057219684123993,ok,
759xd9YjKW5,5764e704c4574c34b7a579260f191e7c,5764e704c4574c34b7a579260f191e7c_i2_5,2,5,/mnt/priorbimda-data/PriorBIMDA-Datasets/Matterport3D/v1/scans/759xd9YjKW5/undistorted_color_images/5764e704c4574c34b7a579260f191e7c_i2_5.jpg,/mnt/priorbimda-data/PriorBIMDA-Datasets/Matterport3D/v1/scans/759xd9YjKW5/undistorted_depth_images/5764e704c4574c34b7a579260f191e7c_d2_5.png,1024,1280,406,504,1.4165615917841592,1235144,0.942340087890625,-11.38700008392334,-12.86870002746582,1.653290033340454,True,201540,0.9849284541402769,True,,1.0,201540,1.0817859172821045,0.07861330251327818,1.1255910625252723,0.03969498408602695,log-depth Laplacian fallback,,,,0.1076995657776578,0.026070351546869777,0.24860541501308062,0.20582176571047744,0.12060127702124672,-0.11027446582139816,0.11434723941209264,0.04966037509754186,4.882837501863832,0.9922843004540362,0.9999967615112084,1.0,0.04420646302067229,0.007270915252424876,0.1361425818876586,0.09144067861549526,0.058194840508547924,-0.031661163401147864,0.044981866454412954,0.01953537638686055,4.882837488490832,0.99400798611336,1.0,1.0,0.04633985323017043,0.006420575760426956,0.11748588866761749,0.07686997367250198,0.060713703969038545,-0.03593701466382254,0.04725497652383211,0.020522575546768,4.89355170269228,0.9940201304463285,1.0,1.0,0.0438289697698931,0.006250296931238348,0.1167291972428602,0.07247982821389072,0.05972426236277511,-0.03044791162253122,0.044639803614651315,0.01938682038308791,5.138007583299312,0.9932607048247006,1.0,1.0,0.03442816022286472,0.004980149551529228,0.10679151903566093,0.061064163753774846,0.04948486798655747,0.00803380047108092,0.03372926652420041,0.014648434330104317,4.882837504605166,0.992498040714281,1.0,1.0,0.008428119122982025,0.059950077906250954,0.018124173395335674,ok,
759xd9YjKW5,5c8f1d2de7c44d4fb95fa752c5fdce24,5c8f1d2de7c44d4fb95fa752c5fdce24_i0_0,0,0,/mnt/priorbimda-data/PriorBIMDA-Datasets/Matterport3D/v1/scans/759xd9YjKW5/undistorted_color_images/5c8f1d2de7c44d4fb95fa752c5fdce24_i0_0.jpg,/mnt/priorbimda-data/PriorBIMDA-Datasets/Matterport3D/v1/scans/759xd9YjKW5/undistorted_depth_images/5c8f1d2de7c44d4fb95fa752c5fdce24_d0_0.png,1024,1280,406,504,1.4155678118069965,1245255,0.9500541687011719,-9.313599586486816,0.45666301250457764,1.5784900188446045,True,204624,1.0,True,,1.0,204624,1.102583646774292,0.09765619555093505,1.0700963201612306,0.029907532286301525,log-depth Laplacian fallback,,,,0.0842725760778701,0.02482069695003903,0.31530248607999783,0.1492633526520737,0.11770314907811502,-0.08780330221953583,0.09012551977971557,0.03914101591899289,7.838757186091313,0.9692448534637483,0.9948066861807421,0.9957727533717994,0.05529408125444343,0.016779356705025318,0.28175821550615004,0.11326515272196111,0.0790043728645527,0.009852893299914421,0.05556293141169184,0.02413067451046663,7.838757188063533,0.9937755720715837,0.9941867328378525,0.9975282171121578,0.03869251792474696,0.014077810639082712,0.2763179614591664,0.08831581372131929,0.06606554046109368,0.02502984942430105,0.03845221530724402,0.016699584924891826,6.11405125445741,0.9938036787645904,0.9942461584173523,0.9964416926653576,0.03553616698752138,0.013348378076020828,0.273689995287755,0.08198492242007815,0.06371274115278612,0.024156072504140685,0.0354156899851338,0.015380838733339865,5.895589492473697,0.9938141183934214,0.9943087961903385,0.9964866633741684,0.04809778754468788,0.01578964799839296,0.2808621837198118,0.09269515617565866,0.08091228561238295,-0.020054589101025085,0.04988707506672947,0.021665681419773892,7.838757184024059,0.9938205427803943,0.9944549509939731,0.9957864051941169,0.008007567375898361,0.059098911471664906,0.018139787949621677,ok,
759xd9YjKW5,5c8f1d2de7c44d4fb95fa752c5fdce24,5c8f1d2de7c44d4fb95fa752c5fdce24_i0_1,0,1,/mnt/priorbimda-data/PriorBIMDA-Datasets/Matterport3D/v1/scans/759xd9YjKW5/undistorted_color_images/5c8f1d2de7c44d4fb95fa752c5fdce24_i0_1.jpg,/mnt/priorbimda-data/PriorBIMDA-Datasets/Matterport3D/v1/scans/759xd9YjKW5/undistorted_depth_images/5c8f1d2de7c44d4fb95fa752c5fdce24_d0_1.png,1024,1280,406,504,1.4155678118069965,1242347,0.9478355407714844,-9.32802963256836,0.4585210084915161,1.5785200595855713,True,204624,1.0,True,,1.0,204624,1.0477352142333984,0.04663089580115852,1.0727712905852187,0.02361439562662533,log-depth Laplacian fallback,,,,0.07957244957738757,0.03725242457622604,0.4299451025887159,0.18119608621449282,0.12107344303402286,-0.06441304769335707,0.08538896421752531,0.037083955975105505,10.25170127099209,0.9673464821020215,0.9781099805448881,0.9990171827999745,0.06653689234308753,0.033227972787762454,0.41091162493470734,0.17134360604340823,0.10404779117196307,-0.017782151914479502,0.06901443489867289,0.02997258824816486,10.251701283716185,0.9673923630032512,0.9869311875023645,0.9998784558581459,0.03651630240213975,0.02826583886584131,0.4058263946381439,0.11279661658005294,0.09231052178563803,-0.014541742046311762,0.03967602425159759,0.017231078396328422,9.11579407983489,0.9673553363110307,0.9799959270638557,0.999660320345282,0.03684192653009972,0.028211316080365714,0.40577455406422985,0.11328784615536637,0.0921089538743854,-0.01088573283531274,0.039961758904657765,0.017355171379441002,9.146343643485002,0.9673070406255257,0.9807372658363566,0.9995323367786939,0.06594668655370305,0.03436448020799615,0.4094235037219313,0.17855207983675295,0.10268277935812078,0.005832262585553486,0.06686808631578023,0.029040440902373694,10.251701268492791,0.9671935457645892,0.9883864974922465,0.9999645831639631,0.008144118823111057,0.05754962936043739,0.01807395089417696,ok,
759xd9YjKW5,5c8f1d2de7c44d4fb95fa752c5fdce24,5c8f1d2de7c44d4fb95fa752c5fdce24_i0_2,0,2,/mnt/priorbimda-data/PriorBIMDA-Datasets/Matterport3D/v1/scans/759xd9YjKW5/undistorted_color_images/5c8f1d2de7c44d4fb95fa752c5fdce24_i0_2.jpg,/mnt/priorbimda-data/PriorBIMDA-Datasets/Matterport3D/v1/scans/759xd9YjKW5/undistorted_depth_images/5c8f1d2de7c44d4fb95fa752c5fdce24_d0_2.png,1024,1280,406,504,1.4155678118069965,1242667,0.9480796813964844,-9.333640098571777,0.4719470143318176,1.578660011291504,True,204624,1.0,True,,1.0,204624,1.0551795959472656,0.053710985565385796,1.0543323659721493,0.0008032474202219059,log-depth Laplacian fallback,,,,0.052852303272541104,0.006577562129053272,0.11469433290412231,0.0984562305276063,0.0622863508412338,-0.053236688839623916,0.054700249820589596,0.0237560166558114,3.233333361270268,1.0,1.0,1.0,0.026053385246879855,0.001938258568793645,0.06135792041420087,0.04872387384266819,0.03233681215806582,0.0004742969544467225,0.026016172712503477,0.011298680249282218,3.2333333619424947,1.0,1.0,1.0,0.016480355718665633,0.0008956144083003112,0.0436680376779285,0.03281775495540169,0.02096715554424175,0.0021667827200561097,0.016468017312931228,0.007151969046893255,2.085489545072077,1.0,1.0,1.0,0.01770619479261042,0.0009370713790289412,0.04413433982237451,0.03454103263249524,0.02172417578318018,0.005118114663478775,0.01766712679358837,0.007672735677540514,2.1112667187022955,1.0,1.0,1.0,0.026025479315110015,0.0019306782163168261,0.06122763219467964,0.04862463065265696,0.03233500675520618,-0.00032894160684858437,0.026009181728400867,0.011295644103463379,3.233333356272615,1.0,1.0,1.0,0.008215226233005524,0.05843975767493248,0.018087505362927914,ok,
759xd9YjKW5,5c8f1d2de7c44d4fb95fa752c5fdce24,5c8f1d2de7c44d4fb95fa752c5fdce24_i0_3,0,3,/mnt/priorbimda-data/PriorBIMDA-Datasets/Matterport3D/v1/scans/759xd9YjKW5/undistorted_color_images/5c8f1d2de7c44d4fb95fa752c5fdce24_i0_3.jpg,/mnt/priorbimda-data/PriorBIMDA-Datasets/Matterport3D/v1/scans/759xd9YjKW5/undistorted_depth_images/5c8f1d2de7c44d4fb95fa752c5fdce24_d0_3.png,1024,1280,406,504,1.4155678118069965,1213904,0.92613525390625,-9.324810028076172,0.4835149943828583,1.5787700414657593,True,190058,0.9288157791852373,True,,1.0,190058,0.876484751701355,-0.13183597157610444,0.872069494075337,0.0050501916320099816,log-depth Laplacian fallback,,,,0.16713559323148847,0.09755178710599281,0.4881786868247803,0.3665282554451836,0.18297901196635008,0.12051402440792318,0.15039247138706976,0.06531462044319714,13.768692291277407,0.7220266182498781,0.9996128194651307,0.9999003216069805,0.11771182372802956,0.043083515155061945,0.37247829413317934,0.257004959305275,0.13815163857541868,-0.011321947201872616,0.1189816378337098,0.05167306875899135,13.768692295432825,0.9398741580882838,0.9982379166721586,0.9999448061790718,0.07944497543271233,0.03128853493520714,0.3541902312727026,0.19581459346772684,0.10422987806873261,0.0005002989676559138,0.07950820442065352,0.034529974445925544,10.422867735496709,0.9652567254082696,0.997688449827993,0.9999481013325601,0.0764780077840643,0.031119452445489894,0.3550854970775457,0.19285142975873398,0.10196741624188206,0.0068826294759498875,0.07609879844839101,0.03304928824560397,10.173486809615481,0.9622952062107053,0.9976167802396235,0.9999489251209321,0.1170826541945295,0.04268461665365175,0.372916091536162,0.2551662015297258,0.1386569012812522,-0.016372157186931465,0.11894531726498794,0.05165729493641586,13.768692291559617,0.9362643174419064,0.9981695422372774,0.9999448061790718,0.008343097753822803,0.05782863590866327,0.018152025528252125,ok,
759xd9YjKW5,5c8f1d2de7c44d4fb95fa752c5fdce24,5c8f1d2de7c44d4fb95fa752c5fdce24_i0_4,0,4,/mnt/priorbimda-data/PriorBIMDA-Datasets/Matterport3D/v1/scans/759xd9YjKW5/undistorted_color_images/5c8f1d2de7c44d4fb95fa752c5fdce24_i0_4.jpg,/mnt/priorbimda-data/PriorBIMDA-Datasets/Matterport3D/v1/scans/759xd9YjKW5/undistorted_depth_images/5c8f1d2de7c44d4fb95fa752c5fdce24_d0_4.png,1024,1280,406,504,1.4155678118069965,1212712,0.925225830078125,-9.310379981994629,0.4816559851169586,1.5787400007247925,True,197118,0.9633180858550316,True,,1.0,197118,1.1314897537231445,0.12353513056936201,1.147066700153739,0.013672857721242118,log-depth Laplacian fallback,,,,0.1347779137311158,0.03998686422762972,0.32003444032085654,0.24845766363681643,0.1616713552175713,-0.14578167193389432,0.14686725643688425,0.06378363904280868,6.989514450979076,0.8549152643001801,0.9954309019783757,1.0,0.0546199993649012,0.010820396633160274,0.18970208883073264,0.10197213961036959,0.07335011808893221,-0.022246541474103737,0.05603494821539257,0.024335668803679465,6.9895144438661,0.9906540052378471,0.9997386024051877,0.9999967016076364,0.03354496948219921,0.007967838096827252,0.18732822608972172,0.07174917444901215,0.05439964072045452,-0.022061556821212337,0.03453917551640479,0.015000173336262504,4.97253317851068,0.990165018569949,0.999932382956547,0.9999983508038183,0.030451721363258334,0.008019729221819868,0.1923905086361035,0.06910291639934676,0.05254170926593639,-0.019019269662107968,0.03140791735423783,0.013640285195018876,4.897855238883858,0.9890328453911563,0.9999059958176385,1.0,0.0543982852211464,0.01068289512878917,0.18781355002096878,0.10425748646173591,0.07041902509398607,-0.008573672992837976,0.055070073708772704,0.023916629129725333,6.989514451375947,0.9907636767839355,0.9996182110839177,0.9999967016076364,0.008169496431946754,0.0613107830286026,0.018125061877071857,ok,
759xd9YjKW5,5c8f1d2de7c44d4fb95fa752c5fdce24,5c8f1d2de7c44d4fb95fa752c5fdce24_i0_5,0,5,/mnt/priorbimda-data/PriorBIMDA-Datasets/Matterport3D/v1/scans/759xd9YjKW5/undistorted_color_images/5c8f1d2de7c44d4fb95fa752c5fdce24_i0_5.jpg,/mnt/priorbimda-data/PriorBIMDA-Datasets/Matterport3D/v1/scans/759xd9YjKW5/undistorted_depth_images/5c8f1d2de7c44d4fb95fa752c5fdce24_d0_5.png,1024,1280,406,504,1.4155678118069965,1246921,0.9513252258300782,-9.304780006408691,0.4682289958000183,1.5786000490188599,True,204624,1.0,True,,1.0,204624,1.2555065155029297,0.22753908917028037,1.349121602356229,0.07191462658445819,log-depth Laplacian fallback,,,,0.265606528370643,0.1359845343951476,0.5316635673097181,0.48669544007719023,0.31507976035475743,-0.31012740857454296,0.31021007282852947,0.13472252286023625,5.564392002770725,0.014044995633243806,0.9851843059824961,1.0,0.08016269865348438,0.019144120205245266,0.21751924127794348,0.1573330698104503,0.09958451853986452,-0.08258831937399781,0.08473442603781205,0.036799693655461,5.5643920025418385,0.9858106487900997,1.0,1.0,0.05874638977264362,0.01802658294007565,0.22268500280506684,0.12829116753757835,0.09088947480989266,-0.05868432536489646,0.06246187774585663,0.02712684883434106,6.940494642087898,0.960047990209484,1.0,1.0,0.05455188330399585,0.017135318770235154,0.21815263580394798,0.12190138102219254,0.08782856408343351,-0.0518538547991451,0.05798440838048584,0.02518230859606968,7.088747711286503,0.9664589817638808,1.0,1.0,0.037596320158113476,0.007522038743036393,0.14092929169680787,0.08135547175640058,0.056658397953270066,-0.010673716368414318,0.03833770505630038,0.016649853754785653,5.564392004089721,0.9972580460189538,1.0,1.0,0.008690458722412586,0.057914397679269314,0.018072934821248055,ok,
759xd9YjKW5,5c8f1d2de7c44d4fb95fa752c5fdce24,5c8f1d2de7c44d4fb95fa752c5fdce24_i1_0,1,0,/mnt/priorbimda-data/PriorBIMDA-Datasets/Matterport3D/v1/scans/759xd9YjKW5/undistorted_color_images/5c8f1d2de7c44d4fb95fa752c5fdce24_i1_0.jpg,/mnt/priorbimda-data/PriorBIMDA-Datasets/Matterport3D/v1/scans/759xd9YjKW5/undistorted_depth_images/5c8f1d2de7c44d4fb95fa752c5fdce24_d1_0.png,1024,1280,406,504,1.4121168655554452,1222192,0.93245849609375,-9.317830085754395,0.46651899814605713,1.6118500232696533,True,204624,1.0,True,,1.0,204624,1.0513224601745605,0.05004885756297189,1.0365977576851275,0.014104893935651432,log-depth Laplacian fallback,,,,0.11392748555762751,0.36109610461659797,1.5417527390350327,0.58518644738294,0.35670871664002934,-0.12516486395836432,0.14875328783007094,0.06460273206956592,33.40282403588968,0.8744878055166455,0.905272657651171,0.916568755154673,0.10582576180982335,0.35113421129790123,1.5013508130363908,0.5496864315423122,0.3423700917969237,-0.07511600644174005,0.13539325762493998,0.05880054467341678,33.40282403229979,0.8748993611478393,0.9055655739851022,0.9176054171521332,0.11284341624896739,0.32151404249994453,1.4272251109875609,0.5505424998338267,0.311631780548639,-0.057586257598819794,0.13587325091507568,0.059009003110673294,30.626490099859215,0.8750523649312055,0.9056760312618639,0.9184440742534724,0.11320796023623474,0.3154708653642719,1.4200794898495672,0.5505753894809785,0.3092652401705442,-0.05517834580776456,0.13617408536118808,0.05913965385058636,30.43030379928257,0.8748134499325801,0.9056514852003613,0.9186952622828491,0.10257428656091203,0.35285140002449994,1.5119991922488187,0.5479483278756108,0.34573868660358037,-0.08922092827466967,0.13360746804864987,0.058024986114593696,33.40282403812214,0.8745254428109495,0.9053863877361331,0.9171848612983885,0.007565869949758053,0.05811337474733591,0.018150467425584793,ok,
759xd9YjKW5,5c8f1d2de7c44d4fb95fa752c5fdce24,5c8f1d2de7c44d4fb95fa752c5fdce24_i1_1,1,1,/mnt/priorbimda-data/PriorBIMDA-Datasets/Matterport3D/v1/scans/759xd9YjKW5/undistorted_color_images/5c8f1d2de7c44d4fb95fa752c5fdce24_i1_1.jpg,/mnt/priorbimda-data/PriorBIMDA-Datasets/Matterport3D/v1/scans/759xd9YjKW5/undistorted_depth_images/5c8f1d2de7c44d4fb95fa752c5fdce24_d1_1.png,1024,1280,406,504,1.4121168655554452,1177918,0.8986801147460938,-9.321310043334961,0.46696600317955017,1.6118500232696533,True,204624,1.0,True,,1.0,204624,0.9800598621368408,-0.020141625369956714,0.9960489744814558,0.01618277392967601,log-depth Laplacian fallback,,,,0.04348250719369546,0.04415962810417326,0.4593353795280783,0.21984854123315156,0.08771475201840155,-0.006259106402336487,0.04191859455940025,0.01820501430628722,8.749114988782528,0.9785732113780415,0.9935980263481838,0.9975770809173474,0.04928751145742452,0.0470610518046125,0.4916175259274228,0.2525096600456893,0.09138763562588521,-0.026400731830824798,0.04862330254021761,0.02111683198512887,8.749114986149422,0.9746383024964387,0.9946286583616177,0.9977876218887902,0.04933086756373465,0.04645521890462848,0.48650705498102914,0.25200223155203016,0.09153001175600449,-0.015350278883927107,0.048722888783888973,0.021160081741228833,9.023365220492842,0.9705480347528436,0.994722892425449,0.9979073246185218,0.051548308321039474,0.04703325630639211,0.49002042215471736,0.25989517330565315,0.09238962568632206,-0.013668244040007558,0.05097411904891876,0.02213777862282488,9.137298309304285,0.9696761574235219,0.9947678870685396,0.9979073246185218,0.042910493114852365,0.04448250589431443,0.46457130188435586,0.22084237206885934,0.08808579752320604,-0.010217945361164011,0.041517323432102834,0.018030744469954837,8.749114994041122,0.9781750512344662,0.9939155357164081,0.9976152839161979,0.007771754637360573,0.06000560987740755,0.01810783613473177,ok,
759xd9YjKW5,5c8f1d2de7c44d4fb95fa752c5fdce24,5c8f1d2de7c44d4fb95fa752c5fdce24_i1_2,1,2,/mnt/priorbimda-data/PriorBIMDA-Datasets/Matterport3D/v1/scans/759xd9YjKW5/undistorted_color_images/5c8f1d2de7c44d4fb95fa752c5fdce24_i1_2.jpg,/mnt/priorbimda-data/PriorBIMDA-Datasets/Matterport3D/v1/scans/759xd9YjKW5/undistorted_depth_images/5c8f1d2de7c44d4fb95fa752c5fdce24_d1_2.png,1024,1280,406,504,1.4121168655554452,1041978,0.7949661254882813,-9.322649955749512,0.470196008682251,1.6118899583816528,True,204624,1.0,True,,1.0,204624,1.0585339069366455,0.05688484408554288,1.104584468419421,0.04258437348163306,log-depth Laplacian fallback,,,,0.09383991567145118,0.023729703062438146,0.2514967656910689,0.2477438228502057,0.09955984157282496,-0.09859530977653173,0.09862921927937437,0.0428341256874581,1.3824866873708093,0.9993186036557393,1.0,1.0,0.040893921029220875,0.0049076266025906605,0.11499784945933095,0.1085600753985043,0.043941892141003684,-0.041710465637978415,0.041837185882204656,0.018169658967002116,1.3824866769507151,0.9993186036557393,1.0,1.0,0.03070221236535953,0.003402762705691818,0.09587122035567631,0.08136446930259733,0.036612120729850796,-0.02950623553179216,0.03134150812421203,0.013611444032871223,2.1675549568109598,0.9993186036557393,1.0,1.0,0.026821099148902516,0.002653146396442065,0.08457384561239578,0.07072397849268042,0.03234653248509917,-0.024522508351641725,0.027309141698413763,0.011860209545135088,2.1093713469971043,0.9993186036557393,1.0,1.0,0.009710331493624307,0.0004919832789701827,0.03662384065441474,0.025167926508741095,0.013852459653211855,0.0008738960677757864,0.009702983222936229,0.004213952071721036,1.3824866874823365,0.9993186036557393,1.0,1.0,0.007961153984069824,0.05945390369743109,0.01818201132118702,ok,
759xd9YjKW5,5c8f1d2de7c44d4fb95fa752c5fdce24,5c8f1d2de7c44d4fb95fa752c5fdce24_i1_3,1,3,/mnt/priorbimda-data/PriorBIMDA-Datasets/Matterport3D/v1/scans/759xd9YjKW5/undistorted_color_images/5c8f1d2de7c44d4fb95fa752c5fdce24_i1_3.jpg,/mnt/priorbimda-data/PriorBIMDA-Datasets/Matterport3D/v1/scans/759xd9YjKW5/undistorted_depth_images/5c8f1d2de7c44d4fb95fa752c5fdce24_d1_3.png,1024,1280,406,504,1.4121168655554452,1277970,0.9750137329101562,-9.32052993774414,0.47297799587249756,1.6119099855422974,True,190380,0.9303893971381656,True,,1.0,190380,0.9470121264457703,-0.05444338076107396,0.9408303106693489,0.006549103622315866,log-depth Laplacian fallback,,,,0.07541075657942482,0.030787262612002868,0.33181080783848393,0.23637404007800752,0.09305022208816971,0.023214035597658587,0.07370876537885525,0.03201131007193831,9.010800398371027,0.9778265530489761,0.9954498149408828,0.9993630523408218,0.061064070586436814,0.03443358246563865,0.3849638774050132,0.23403637622243512,0.09536626439577976,-0.031229345203720844,0.06302699354657768,0.02737227550823054,9.010800398939379,0.9787897994475614,0.9966079015939341,0.9994303465652559,0.05062096356287663,0.027919922173342698,0.34624254770336027,0.195963305246709,0.0845552601057363,-0.029465407440433685,0.05178717822180408,0.022490885735069785,7.925516876468031,0.9802561875474385,0.996960805026722,0.9994319115472194,0.04939756358024321,0.02684504418567217,0.3388149645511311,0.191090642624133,0.08268139146905415,-0.02647587091212054,0.050407010191283554,0.021891486375315423,7.832777766988993,0.9803547814111442,0.9970226218142836,0.9994287815832923,0.060376586087727516,0.03606348950595277,0.3960009546294916,0.23700859990301978,0.09770703768622266,-0.03777847043349028,0.0627368935666731,0.027246286687757748,9.010800400143616,0.9777451739868698,0.9967088429305853,0.9994350415111466,0.009758448228240013,0.05937612894922495,0.018114719539880753,ok,
759xd9YjKW5,5c8f1d2de7c44d4fb95fa752c5fdce24,5c8f1d2de7c44d4fb95fa752c5fdce24_i1_4,1,4,/mnt/priorbimda-data/PriorBIMDA-Datasets/Matterport3D/v1/scans/759xd9YjKW5/undistorted_color_images/5c8f1d2de7c44d4fb95fa752c5fdce24_i1_4.jpg,/mnt/priorbimda-data/PriorBIMDA-Datasets/Matterport3D/v1/scans/759xd9YjKW5/undistorted_depth_images/5c8f1d2de7c44d4fb95fa752c5fdce24_d1_4.png,1024,1280,406,504,1.4121168655554452,1262032,0.96285400390625,-9.317060470581055,0.4725309908390045,1.6119099855422974,True,197522,0.9652924388146064,True,,1.0,197522,1.0269685983657837,0.026611354398908486,1.0386573070054093,0.011317473673741023,log-depth Laplacian fallback,,,,0.04814696915011974,0.02105857973646438,0.2697672002480235,0.16145101900213046,0.07197896377522002,-0.03231042677518463,0.04780371550840012,0.020760889859771064,6.431957359746618,0.9814244012830102,0.9942600504583085,0.999771004221763,0.03138034850340107,0.0187764571242165,0.2510580923816348,0.10311632996475875,0.06457156475065251,-0.005699072535013783,0.030005667929409497,0.013031296007563925,6.431957358835925,0.9812896978840473,0.9937402538128985,0.9997551567630615,0.0349089259486206,0.019223464708464557,0.2541439301447363,0.11584430312776574,0.06704911348439087,-0.01034628616373457,0.03390398045133222,0.014724311624569317,6.624604125274838,0.9835701471911964,0.9940635419704096,0.9997519872713212,0.03567802329863194,0.017947592371320358,0.24770082736147858,0.11944606862601888,0.06580295903090262,-0.010976637623603524,0.03489124867049507,0.015153076764310176,6.488098984835805,0.9838585709395641,0.9944510123356618,0.9997551567630615,0.029694559957421002,0.01925337313485578,0.2531026373379677,0.09884338306014735,0.06456449482358677,0.005618401912776448,0.02797811914432013,0.012150742758409966,6.431957362865112,0.9823086894785552,0.9935976266845848,0.999750402525451,0.008596179075539112,0.059014162980020046,0.01813190709799528,ok,
759xd9YjKW5,5c8f1d2de7c44d4fb95fa752c5fdce24,5c8f1d2de7c44d4fb95fa752c5fdce24_i1_5,1,5,/mnt/priorbimda-data/PriorBIMDA-Datasets/Matterport3D/v1/scans/759xd9YjKW5/undistorted_color_images/5c8f1d2de7c44d4fb95fa752c5fdce24_i1_5.jpg,/mnt/priorbimda-data/PriorBIMDA-Datasets/Matterport3D/v1/scans/759xd9YjKW5/undistorted_depth_images/5c8f1d2de7c44d4fb95fa752c5fdce24_d1_5.png,1024,1280,406,504,1.4121168655554452,1119890,0.8544082641601562,-9.315710067749023,0.4693009853363037,1.6118700504302979,True,204624,1.0,True,,1.0,204624,1.0403432846069336,0.039550740041237216,1.065504886004036,0.023898018149115692,log-depth Laplacian fallback,,,,0.06922103463244912,0.02509281197675739,0.2777016627078962,0.21550187935944254,0.08781143148115225,-0.02976828756183094,0.06874566560748524,0.029855863228097003,8.26117216525914,0.9812017251694363,0.997628338497531,0.9995981748207413,0.05670685371411022,0.02425870455845265,0.2757229900541276,0.1814214694338063,0.08318889907977803,0.009782452441013252,0.0537544370997859,0.02334525541025248,8.261172165222565,0.9786407593602943,0.9955727794694121,0.9995124521158328,0.05108166915810634,0.02486393254831159,0.2706866446020109,0.15823343552265212,0.08601730425759037,0.018842508440885537,0.047374953608680825,0.020574680932672635,8.392816277864082,0.9753779389047138,0.9903794122637045,0.9995320969023743,0.04830286354528264,0.024720931897913898,0.26750387480218984,0.14806285215955484,0.0863325170069382,0.022834273641406937,0.04446037237577941,0.019308894386164746,8.325802928260204,0.975390440132513,0.9924528301886792,0.9995410263508023,0.0527824467906054,0.02957327457233792,0.32008498081483766,0.1789839754695269,0.08921363173053774,0.03368049182159527,0.04853487940860328,0.021078430306996153,8.261172166955163,0.9757529757386886,0.9909232156729679,0.9994052987346972,0.007852309383451939,0.05979438126087189,0.01814438495784998,ok,
759xd9YjKW5,5c8f1d2de7c44d4fb95fa752c5fdce24,5c8f1d2de7c44d4fb95fa752c5fdce24_i2_0,2,0,/mnt/priorbimda-data/PriorBIMDA-Datasets/Matterport3D/v1/scans/759xd9YjKW5/undistorted_color_images/5c8f1d2de7c44d4fb95fa752c5fdce24_i2_0.jpg,/mnt/priorbimda-data/PriorBIMDA-Datasets/Matterport3D/v1/scans/759xd9YjKW5/undistorted_depth_images/5c8f1d2de7c44d4fb95fa752c5fdce24_d2_0.png,1024,1280,406,504,1.4165615917841592,1247422,0.9517074584960937,-9.313549995422363,0.4559830129146576,1.6449899673461914,True,204624,1.0,True,,1.0,204624,1.0454355478286743,0.044433590763589936,1.0152870385045398,0.029262221693051323,log-depth Laplacian fallback,,,,0.03118386489273903,0.008151840323135337,0.13276396064370977,0.06675212002782023,0.0518360255310307,-0.007174620159003154,0.03037332320410157,0.013190966664605308,5.133710518161004,0.993306194695941,0.9967420808675813,0.9991734954169479,0.04072355132294897,0.013064154122786054,0.1752422892450927,0.09751411766109457,0.06343287201122728,0.03725897053804529,0.03850165272781541,0.016721055323845525,5.133710515833372,0.9884738284237411,0.9964951716419944,0.9987806852853325,0.04029098108582625,0.012388859476943077,0.17025018701328767,0.09627533083982773,0.061955652816088384,0.03631831359848031,0.038178881599096916,0.01658087760372538,5.019445201643425,0.9886309524763873,0.9965649154816895,0.9988335944051011,0.0405079509490795,0.01229621289131815,0.16973346900461422,0.09657363762696487,0.06169353970550707,0.03706006960065948,0.038409913757514694,0.016681213595268432,4.932184184100643,0.988637365703026,0.9965897667349141,0.998824776218473,0.029036975099550742,0.008801056165765582,0.14053240755959226,0.06582736934361558,0.05195619704524906,0.007996752008082104,0.027776236285472634,0.012063066146821639,5.133710518451524,0.9904370774284885,0.9966611138812688,0.9990316027775684,0.010237942449748516,0.05816427059471607,0.018124965019524097,ok,
759xd9YjKW5,5c8f1d2de7c44d4fb95fa752c5fdce24,5c8f1d2de7c44d4fb95fa752c5fdce24_i2_1,2,1,/mnt/priorbimda-data/PriorBIMDA-Datasets/Matterport3D/v1/scans/759xd9YjKW5/undistorted_color_images/5c8f1d2de7c44d4fb95fa752c5fdce24_i2_1.jpg,/mnt/priorbimda-data/PriorBIMDA-Datasets/Matterport3D/v1/scans/759xd9YjKW5/undistorted_depth_images/5c8f1d2de7c44d4fb95fa752c5fdce24_d2_1.png,1024,1280,406,504,1.4165615917841592,1243161,0.9484565734863282,-9.327980041503906,0.45784100890159607,1.6450200080871582,True,204624,1.0,True,,1.0,204624,1.0474793910980225,0.04638669825118317,1.0446010765270999,0.0027516306677050836,log-depth Laplacian fallback,,,,0.04782945874382275,0.007412927497867645,0.13258067029880016,0.10645744517860525,0.05922828537504365,-0.044330940728104194,0.049166633790849415,0.02135279774912386,3.9277951609381585,0.9972296428218067,0.9999726503646752,1.0,0.028864527712296396,0.005005977306462264,0.1251910272715275,0.07603671954617473,0.03933171274567662,0.0020557576004109996,0.02856945058952658,0.012407554742038989,3.927795168025915,0.9958991635033596,0.999728916849869,1.0,0.022778403245670282,0.003524438284588823,0.10487928091396964,0.06155322036118669,0.03290843165373967,0.009644435229261991,0.022486003197562183,0.009765547108760132,3.1463466799089783,0.9967220657662201,0.9999935647916883,1.0,0.024727225066650392,0.003640890171960365,0.10630138789698626,0.0662929926956699,0.033520720782886045,0.013415094526865188,0.024380042765099523,0.010588118041448021,3.071927669460139,0.9967204569641422,0.9999935647916883,1.0,0.028693238918681137,0.0048495542582777905,0.12230385532742503,0.07419478747044612,0.03928411528371456,-0.0006958671599119722,0.028477310836235503,0.012367538955620754,3.9277951607994175,0.9960198236592043,0.9997546576831159,1.0,0.007578249089419842,0.05950895510613918,0.018119714222848415,ok,
759xd9YjKW5,5c8f1d2de7c44d4fb95fa752c5fdce24,5c8f1d2de7c44d4fb95fa752c5fdce24_i2_2,2,2,/mnt/priorbimda-data/PriorBIMDA-Datasets/Matterport3D/v1/scans/759xd9YjKW5/undistorted_color_images/5c8f1d2de7c44d4fb95fa752c5fdce24_i2_2.jpg,/mnt/priorbimda-data/PriorBIMDA-Datasets/Matterport3D/v1/scans/759xd9YjKW5/undistorted_depth_images/5c8f1d2de7c44d4fb95fa752c5fdce24_d2_2.png,1024,1280,406,504,1.4165615917841592,1164912,0.88875732421875,-9.333589553833008,0.4712670147418976,1.6451599597930908,True,204624,1.0,True,,1.0,204624,1.0881431102752686,0.08447267496323245,1.1043407501411742,0.014775875759101498,log-depth Laplacian fallback,,,,0.08842499612275939,0.018221683838468748,0.1986995921494892,0.19423635577797596,0.0984819674906618,-0.09309781017706027,0.09309781017706027,0.040431865237173695,3.2116906156537257,0.9994239908250581,1.0,1.0,0.029360032591631016,0.0024112617162698104,0.07520011460031033,0.06625724778389583,0.0332549036964417,-0.00862513513500325,0.02955164955196319,0.012834118331556324,3.211690619848905,0.9997793824769596,1.0,1.0,0.024067311285622617,0.0018259677931394714,0.06363555259937262,0.05301282015650257,0.030242824591828477,-0.007542940422481741,0.02430781819082845,0.010556751307384283,2.928707033957129,0.9995836595382313,1.0,1.0,0.022875282094386985,0.0017387983841321325,0.06287581122173261,0.05135757022539964,0.029160091791263356,-0.00339579164463899,0.023053291895264914,0.010011917459818507,2.8961691117424486,0.9995561896520939,1.0,1.0,0.028219058053108897,0.002816421506364543,0.08664871605441622,0.06901137964799207,0.03270057699782164,0.006150778195799652,0.02798936351652869,0.012155626127212615,3.2116906195593273,1.0,1.0,1.0,0.007624268531799316,0.059423417784273624,0.01808754075318575,ok,
759xd9YjKW5,5c8f1d2de7c44d4fb95fa752c5fdce24,5c8f1d2de7c44d4fb95fa752c5fdce24_i2_3,2,3,/mnt/priorbimda-data/PriorBIMDA-Datasets/Matterport3D/v1/scans/759xd9YjKW5/undistorted_color_images/5c8f1d2de7c44d4fb95fa752c5fdce24_i2_3.jpg,/mnt/priorbimda-data/PriorBIMDA-Datasets/Matterport3D/v1/scans/759xd9YjKW5/undistorted_depth_images/5c8f1d2de7c44d4fb95fa752c5fdce24_d2_3.png,1024,1280,406,504,1.4165615917841592,1259994,0.9612991333007812,-9.324760437011719,0.48283499479293823,1.6452699899673462,True,204624,1.0,True,,1.0,204624,1.0902704000473022,0.08642573891381691,1.0956851790167224,0.0049541629264399645,log-depth Laplacian fallback,,,,0.08598712782451316,0.02019248030134651,0.215227365534337,0.19352662030881662,0.09961394608289902,-0.08537451439185056,0.08999216607485763,0.03908310114083169,5.132378149125815,0.995795218072467,0.998592850442145,1.0,0.035210368692623374,0.007119540871582434,0.12428754107683086,0.0781365572574305,0.05133454608109253,0.0010512245949217012,0.0344470978927156,0.014960184532387523,5.132378150723936,0.9940975909409092,0.9977658623771224,0.9998841264323481,0.024332213466824106,0.005106364930634128,0.10343191400345075,0.0529007544114618,0.04366623290579728,-0.0048680668040853884,0.023912195102029892,0.010384934383005544,4.339402979413522,0.9946579110694178,0.9978230055063755,0.9999380949433092,0.02410982431681829,0.004935435105452785,0.10221981694985562,0.05320386276387912,0.042699801068630486,-6.802634416644845e-05,0.02363006852749414,0.010262408368486403,4.269974688118322,0.9946817207066065,0.9977793545048628,0.999963491889644,0.03512496349736979,0.00736612492697513,0.12699786584749073,0.0787617062318395,0.05167392600864117,0.00600533758963847,0.03418769647723143,0.014847527929044856,5.132378152066543,0.9940245747201971,0.9976634809372108,0.9998746025774726,0.00831014197319746,0.05849514435976744,0.01816713437438011,ok,
759xd9YjKW5,5c8f1d2de7c44d4fb95fa752c5fdce24,5c8f1d2de7c44d4fb95fa752c5fdce24_i2_4,2,4,/mnt/priorbimda-data/PriorBIMDA-Datasets/Matterport3D/v1/scans/759xd9YjKW5/undistorted_color_images/5c8f1d2de7c44d4fb95fa752c5fdce24_i2_4.jpg,/mnt/priorbimda-data/PriorBIMDA-Datasets/Matterport3D/v1/scans/759xd9YjKW5/undistorted_depth_images/5c8f1d2de7c44d4fb95fa752c5fdce24_d2_4.png,1024,1280,406,504,1.4165615917841592,1265770,0.9657058715820312,-9.310330390930176,0.4809759855270386,1.6452399492263794,True,204624,1.0,True,,1.0,204624,1.185212254524231,0.16992187628939412,1.249085015098426,0.05248941906959165,log-depth Laplacian fallback,,,,0.19381246493984278,0.09304999062726152,0.48961191024213085,0.4822749349326881,0.21954785197712728,-0.21499363298801782,0.21606610840309928,0.09383631860577589,4.4485920046505605,0.5043515014576108,0.9999897295717232,0.9999960498352781,0.05050582190982644,0.008755439917057817,0.14297263695569984,0.11448575503139932,0.06332819543416482,-0.045071756709664665,0.05196322068453301,0.02256734000521359,4.448592006525854,0.9968659393096692,0.9994414467083277,1.0,0.05531708605634013,0.01049120497516288,0.15321682342725573,0.12255226162070511,0.07239035998390804,-0.052997719701445886,0.057431636695722335,0.024942242903624522,4.931131639945105,0.9977713170639215,0.99957733237476,1.0,0.05060050632828768,0.0093617184886121,0.14493709213805647,0.11193347938578163,0.06808224433806752,-0.04523010102713352,0.05239007659142552,0.02275272117014483,5.0886441761864445,0.9976859935059292,0.9995267702663201,1.0,0.03423558524063383,0.0068858875978408274,0.14415157495787423,0.09447980493796139,0.045100104565637206,0.007417705254230891,0.033614123969768754,0.014598428554082395,4.4485920026372,0.9959574014236394,0.9988552422636023,1.0,0.008099966682493687,0.05941328313201666,0.01810815930366516,ok,
759xd9YjKW5,5c8f1d2de7c44d4fb95fa752c5fdce24,5c8f1d2de7c44d4fb95fa752c5fdce24_i2_5,2,5,/mnt/priorbimda-data/PriorBIMDA-Datasets/Matterport3D/v1/scans/759xd9YjKW5/undistorted_color_images/5c8f1d2de7c44d4fb95fa752c5fdce24_i2_5.jpg,/mnt/priorbimda-data/PriorBIMDA-Datasets/Matterport3D/v1/scans/759xd9YjKW5/undistorted_depth_images/5c8f1d2de7c44d4fb95fa752c5fdce24_d2_5.png,1024,1280,406,504,1.4165615917841592,1267628,0.9671234130859375,-9.304730415344238,0.46755000948905945,1.6450999975204468,True,204624,1.0,True,,1.0,204624,1.1226844787597656,0.11572267346475998,1.1376069964346969,0.01320425675431422,log-depth Laplacian fallback,,,,0.12283440655720344,0.03797685206452613,0.31835128862386997,0.30998919061495694,0.13235239804716817,-0.12902571636674617,0.1309517928858333,0.056871641045654925,2.9487654787792357,0.997682285339232,1.0,1.0,0.01990901210108051,0.0028606254308909023,0.08118156743457118,0.045125637994118326,0.032349539928756166,-0.013303042948339339,0.01981459644563121,0.008605369897477422,2.9487654737480034,0.9967924343734913,0.9998311807564996,1.0,0.02219199728054813,0.0036357206589504743,0.09351693502890028,0.05414101348331734,0.03622633584144849,-0.006084384006210606,0.022026519237315727,0.00956599576030205,3.571173028239298,0.9966599033785937,0.9984514384346196,1.0,0.022324869829535562,0.003584790410978912,0.09371084811949432,0.05558153584989249,0.0355888758594816,-0.002367565638947719,0.02209009416608763,0.009593606001055077,3.551003686124342,0.9966378148794441,0.9990281060374179,1.0,0.014661094783517091,0.002733866267309365,0.08249046790856902,0.03681265944286244,0.029487820334413262,-9.880200889012462e-05,0.014349083226819555,0.006231727665778242,2.9487654810745387,0.9965005506347288,0.9991062046594111,1.0,0.008417255245149136,0.06040029786527157,0.018163074739277363,ok,
759xd9YjKW5,606a5b4d7ee048d4b15fb07fc7a07fc6,606a5b4d7ee048d4b15fb07fc7a07fc6_i0_0,0,0,/mnt/priorbimda-data/PriorBIMDA-Datasets/Matterport3D/v1/scans/759xd9YjKW5/undistorted_color_images/606a5b4d7ee048d4b15fb07fc7a07fc6_i0_0.jpg,/mnt/priorbimda-data/PriorBIMDA-Datasets/Matterport3D/v1/scans/759xd9YjKW5/undistorted_depth_images/606a5b4d7ee048d4b15fb07fc7a07fc6_d0_0.png,1024,1280,406,504,1.4155678118069965,1245006,0.9498641967773438,-2.498660087585449,2.1643800735473633,1.5870800018310547,True,204624,1.0,True,,1.0,204624,1.0733673572540283,0.07080076969079023,1.070075666150386,0.0030714076888376934,log-depth Laplacian fallback,,,,0.06754206193007861,0.009864448915498349,0.14367043149951442,0.1282691682517169,0.0782544900096992,-0.06988756367467047,0.07049270632961022,0.030614593373376176,3.5206443306545347,1.0,1.0,1.0,0.02849799261866538,0.0025680689322167423,0.07753045870883489,0.05942049474003561,0.03521828490787197,0.0009132060310720481,0.028491435522895164,0.01237367322909566,3.5206443253996222,1.0,1.0,1.0,0.02943294117907279,0.0028031668603573983,0.08126878908641492,0.06071281732616168,0.03694960519234419,0.005657391747212061,0.029383817734888833,0.012761229899513128,3.651393216963473,1.0,1.0,1.0,0.028088005862750398,0.0026669414067607006,0.07880387732382421,0.057282609934676626,0.03680828906593937,0.0015496205217352989,0.028177885351987696,0.012237500120070719,3.677565526541123,1.0,1.0,1.0,0.028310197104385298,0.002473177915329667,0.07531561542982965,0.058053633627446026,0.035272533584438125,-0.002158234390153993,0.02839083047371827,0.012329981011386531,3.5206443299238166,1.0,1.0,1.0,0.007437697611749172,0.05921070743352175,0.018158169463276863,ok,
759xd9YjKW5,606a5b4d7ee048d4b15fb07fc7a07fc6,606a5b4d7ee048d4b15fb07fc7a07fc6_i0_1,0,1,/mnt/priorbimda-data/PriorBIMDA-Datasets/Matterport3D/v1/scans/759xd9YjKW5/undistorted_color_images/606a5b4d7ee048d4b15fb07fc7a07fc6_i0_1.jpg,/mnt/priorbimda-data/PriorBIMDA-Datasets/Matterport3D/v1/scans/759xd9YjKW5/undistorted_depth_images/606a5b4d7ee048d4b15fb07fc7a07fc6_d0_1.png,1024,1280,406,504,1.4155678118069965,1237493,0.9441322326660156,-2.5071399211883545,2.152559995651245,1.5872700214385986,True,204624,1.0,True,,1.0,204624,1.0538922548294067,0.052490219874298964,1.0763322549569114,0.021068981335034452,log-depth Laplacian fallback,,,,0.0726898053261843,0.011924653091647353,0.14538833951960878,0.12437674796590718,0.09252166327227412,-0.07186349856710048,0.07665205310249745,0.033289563688969695,5.827431465375142,0.9917987414878306,1.0,1.0,0.04805965934731758,0.006379945697329902,0.11563750772225014,0.09130764286982065,0.06141025703248558,-0.01937327884445125,0.04896680046857857,0.021266011239961243,5.827431454432632,0.999448077686096,1.0,1.0,0.038678826375675664,0.003714110537699942,0.08100808314728102,0.06630927892736317,0.05026203740697132,-0.03555868766705738,0.03976087672274505,0.017267929356323618,3.5522558124330605,1.0,1.0,1.0,0.03978729158694844,0.0040683400412690855,0.08640157004337934,0.06996310998408277,0.051897866208818685,-0.03605432503682341,0.040958469437179554,0.01778803726377007,3.7329266844763147,0.9999951514877256,1.0,1.0,0.046091828387550535,0.00711311904920155,0.1307751587829208,0.09574676580675677,0.0582989795539013,0.0016956622526560457,0.0460167062608673,0.019984801604457477,5.827431463819304,0.9987717102238154,1.0,1.0,0.007603289559483528,0.05803870502859354,0.01815290004014969,ok,
759xd9YjKW5,606a5b4d7ee048d4b15fb07fc7a07fc6,606a5b4d7ee048d4b15fb07fc7a07fc6_i0_2,0,2,/mnt/priorbimda-data/PriorBIMDA-Datasets/Matterport3D/v1/scans/759xd9YjKW5/undistorted_color_images/606a5b4d7ee048d4b15fb07fc7a07fc6_i0_2.jpg,/mnt/priorbimda-data/PriorBIMDA-Datasets/Matterport3D/v1/scans/759xd9YjKW5/undistorted_depth_images/606a5b4d7ee048d4b15fb07fc7a07fc6_d0_2.png,1024,1280,406,504,1.4155678118069965,1258142,0.9598861694335937,-2.521620035171509,2.1540000438690186,1.587630033493042,True,204624,1.0,True,,1.0,204624,1.0660549402236938,0.0639648630869637,1.0635113448348235,0.0023888400340616664,log-depth Laplacian fallback,,,,0.0708057877816657,0.011257359810199492,0.1326939717396068,0.1156650683266007,0.09287596224686123,-0.07278802208212655,0.07488524380567056,0.032522248160782384,5.768750475321541,0.9848657782666821,1.0,1.0,0.045217006517283255,0.00575895392906847,0.11079557145486606,0.0869727877845141,0.05835834427872123,-0.008823158946070483,0.045861509060630974,0.019917400316788007,5.7687504827008524,0.999987282834529,1.0,1.0,0.02400485370045573,0.001767310242247083,0.05847428119785382,0.04410061844485001,0.03283287586513337,-0.010973641796864528,0.02434308879960553,0.010572069138149533,3.09447398323102,1.0,1.0,1.0,0.022315465914432692,0.001595005620686328,0.055147400174287056,0.04084380947180149,0.031347422917784654,-0.011503876703863788,0.022660132238017713,0.009841170390169074,2.916027682256721,1.0,1.0,1.0,0.04507496188761332,0.005689014960464634,0.10886626601061987,0.08582529765442863,0.05876696826664815,-0.011211973841462514,0.0458272963650637,0.019902541931892097,5.768750472876766,0.999987282834529,1.0,1.0,0.00848048273473978,0.059033796191215515,0.01812275592237711,ok,
759xd9YjKW5,606a5b4d7ee048d4b15fb07fc7a07fc6,606a5b4d7ee048d4b15fb07fc7a07fc6_i0_3,0,3,/mnt/priorbimda-data/PriorBIMDA-Datasets/Matterport3D/v1/scans/759xd9YjKW5/undistorted_color_images/606a5b4d7ee048d4b15fb07fc7a07fc6_i0_3.jpg,/mnt/priorbimda-data/PriorBIMDA-Datasets/Matterport3D/v1/scans/759xd9YjKW5/undistorted_depth_images/606a5b4d7ee048d4b15fb07fc7a07fc6_d0_3.png,1024,1280,406,504,1.4155678118069965,1257245,0.9592018127441406,-2.5276100635528564,2.167259931564331,1.5878100395202637,True,204624,1.0,True,,1.0,204624,1.210951328277588,0.19140627241527444,1.242294459130943,0.025553767642381098,log-depth Laplacian fallback,,,,0.19196053561743678,0.07144942537868695,0.38520834419132693,0.36309989919637786,0.21822792802206517,-0.21404649129648817,0.21404649129648817,0.09295921004081728,4.251503419340122,0.5581235161006805,1.0,1.0,0.038446922175777096,0.004367046879239144,0.09840187443867818,0.07525580517061393,0.04816749586872126,-0.022640218925629958,0.03924891225361176,0.017045586012448526,4.251503434389801,1.0,1.0,1.0,0.04009257072373992,0.004409510259580889,0.09700658504895082,0.07821941363320763,0.04759586228146548,0.0034158155312265025,0.04012792599697866,0.01742733683070987,4.747313251274725,0.9999984092201599,1.0,1.0,0.03633844941608424,0.003846000057680009,0.08970979234938822,0.07052229721637986,0.04540945350121104,-0.0007537060003482621,0.03659856849399607,0.015894556342500688,4.540319806515491,0.9999864783713596,1.0,1.0,0.03451344225073345,0.0039508345884257225,0.09591186197691956,0.07026600656520057,0.04261474826190598,0.002913525888112561,0.03440522728149003,0.01494200035697834,4.25150342387833,1.0,1.0,1.0,0.00801245030015707,0.0580337205901742,0.01813424751162529,ok,
759xd9YjKW5,606a5b4d7ee048d4b15fb07fc7a07fc6,606a5b4d7ee048d4b15fb07fc7a07fc6_i0_4,0,4,/mnt/priorbimda-data/PriorBIMDA-Datasets/Matterport3D/v1/scans/759xd9YjKW5/undistorted_color_images/606a5b4d7ee048d4b15fb07fc7a07fc6_i0_4.jpg,/mnt/priorbimda-data/PriorBIMDA-Datasets/Matterport3D/v1/scans/759xd9YjKW5/undistorted_depth_images/606a5b4d7ee048d4b15fb07fc7a07fc6_d0_4.png,1024,1280,406,504,1.4155678118069965,1234932,0.9421783447265625,-2.51911997795105,2.179080009460449,1.5876200199127197,True,204624,1.0,True,,1.0,204624,1.234835147857666,0.2109374776541632,1.2090766589093318,0.021080501158741938,log-depth Laplacian fallback,,,,0.17198629846317007,0.04889038862659487,0.28481102329367936,0.2719148689037521,0.19273595935249627,-0.1892939834372147,0.18936766232459665,0.08224133079849058,3.626207194850526,0.8362573809732033,1.0,1.0,0.03442905479031488,0.0027888546236464968,0.06560904040389058,0.05248290331317119,0.042230068649107916,0.02164349419213649,0.03375357409495406,0.014658990973951104,3.62620718832132,0.9988274658037851,1.0,1.0,0.028323108076878514,0.002017559111742546,0.05596271460349071,0.04373084807159974,0.03545431403878182,0.02347993256336835,0.02775428655297188,0.012053533499117308,2.6565036246544746,0.9997611204503568,1.0,1.0,0.023544805312793193,0.001534819238656889,0.048489251723439354,0.03612846396799388,0.03124041688605778,0.016138361083265943,0.023148588619085225,0.010053304301117137,2.6749148561418017,0.9999813754927397,1.0,1.0,0.028722672117539757,0.0021225457091553603,0.059921358829018764,0.04557603527646323,0.036266441921888305,0.0005629799069381102,0.02869427970554476,0.012461767338306557,3.6262071966423566,0.9995619191987899,1.0,1.0,0.009428562596440315,0.05824071913957596,0.01812929566949606,ok,
759xd9YjKW5,606a5b4d7ee048d4b15fb07fc7a07fc6,606a5b4d7ee048d4b15fb07fc7a07fc6_i0_5,0,5,/mnt/priorbimda-data/PriorBIMDA-Datasets/Matterport3D/v1/scans/759xd9YjKW5/undistorted_color_images/606a5b4d7ee048d4b15fb07fc7a07fc6_i0_5.jpg,/mnt/priorbimda-data/PriorBIMDA-Datasets/Matterport3D/v1/scans/759xd9YjKW5/undistorted_depth_images/606a5b4d7ee048d4b15fb07fc7a07fc6_d0_5.png,1024,1280,406,504,1.4155678118069965,1236087,0.9430595397949219,-2.504650115966797,2.177639961242676,1.587249994277954,True,204624,1.0,True,,1.0,204624,1.0865503549575806,0.08300786566670855,1.0987985732080394,0.011209511071283998,log-depth Laplacian fallback,,,,0.0973767941393338,0.02341140161393516,0.1933583129120806,0.15666712735065255,0.12281798540770043,-0.092471660239637,0.10241387744419395,0.04447778184432935,8.082851967054234,0.9662701735395648,0.9969144566685031,0.9983366866571689,0.05439669973398163,0.017323133267344613,0.18802168392840585,0.1074314016391037,0.08138066716197068,-0.009463794670411014,0.053434130746257864,0.023206148128396668,8.082851958414029,0.9941201549729105,0.9966345410962173,0.9980761871939434,0.03231124966362911,0.011466803143889624,0.14879305324035405,0.06685690759248525,0.060742206105511114,0.005427445086044262,0.03088921815700113,0.013415016995891317,6.049924332090746,0.9941881113546215,0.9966345410962173,0.9981425255665661,0.030231496562710233,0.01064451452242254,0.14415297932478682,0.06264852869240009,0.058855054078917265,0.004072335862912856,0.028929894453618626,0.012564093523250055,5.871399723449179,0.9942374606318164,0.9967170595597236,0.9982072459301004,0.05370300272037444,0.018443485928050847,0.19851345452279676,0.11130947743463855,0.08084737041157576,0.0017457706004265522,0.05213684101783208,0.022642742357911586,8.082851964175283,0.9940853677775108,0.9965706297372272,0.9980478720348972,0.008210860192775726,0.06080917362123728,0.018094453029334545,ok,
759xd9YjKW5,606a5b4d7ee048d4b15fb07fc7a07fc6,606a5b4d7ee048d4b15fb07fc7a07fc6_i1_0,1,0,/mnt/priorbimda-data/PriorBIMDA-Datasets/Matterport3D/v1/scans/759xd9YjKW5/undistorted_color_images/606a5b4d7ee048d4b15fb07fc7a07fc6_i1_0.jpg,/mnt/priorbimda-data/PriorBIMDA-Datasets/Matterport3D/v1/scans/759xd9YjKW5/undistorted_depth_images/606a5b4d7ee048d4b15fb07fc7a07fc6_d1_0.png,1024,1280,406,504,1.4121168655554452,1028237,0.7844825744628906,-2.508820056915283,2.165410041809082,1.6205999851226807,True,204624,1.0,True,,1.0,204624,1.0044962167739868,0.0044861389879963616,0.9780969413575088,0.02663263080513859,log-depth Laplacian fallback,,,,0.05126975754181686,0.020664630173344606,0.22223609282094875,0.1370304907686919,0.08042274574671349,0.03514174309327543,0.04801890055575847,0.02085434353842689,7.233861987767496,0.9807641623477856,0.9945362790874088,0.9993231132511279,0.053124727656542824,0.02172840471548586,0.22783642984817776,0.1413256966441446,0.08248178576289489,0.03962788212404966,0.04963989785156849,0.021558333719177265,7.233861998267948,0.9800512916769188,0.9944895972426591,0.9992404474843835,0.07374117900433222,0.02929094572567858,0.2716414245354672,0.20314881104489005,0.09584857879399783,0.05184529259856849,0.06914860438464311,0.030030857315561512,8.061647283401841,0.9788365911749918,0.9944905697810913,0.9995292913987729,0.07529535549294057,0.030259575530809213,0.27686733017436815,0.20798350637710572,0.09731847226224093,0.05239590536983281,0.0705847547418572,0.030654569490882976,8.20094759398698,0.9789464880178402,0.9945061303960079,0.9996148747808141,0.04722329830473267,0.017445344687154224,0.2086117665778845,0.13379374126969812,0.07349661919111052,0.012995272374658832,0.04505153149160142,0.01956563152809307,7.2338619895817375,0.9829552914357294,0.9947103634667883,0.9998298057743497,0.008494256064295769,0.059853445738554,0.01811772584915161,ok,
759xd9YjKW5,606a5b4d7ee048d4b15fb07fc7a07fc6,606a5b4d7ee048d4b15fb07fc7a07fc6_i1_1,1,1,/mnt/priorbimda-data/PriorBIMDA-Datasets/Matterport3D/v1/scans/759xd9YjKW5/undistorted_color_images/606a5b4d7ee048d4b15fb07fc7a07fc6_i1_1.jpg,/mnt/priorbimda-data/PriorBIMDA-Datasets/Matterport3D/v1/scans/759xd9YjKW5/undistorted_depth_images/606a5b4d7ee048d4b15fb07fc7a07fc6_d1_1.png,1024,1280,406,504,1.4121168655554452,844249,0.6441108703613281,-2.510859966278076,2.162569999694824,1.6206400394439697,True,204624,1.0,True,,1.0,204624,0.98293536901474,-0.0172119097098995,1.0264834893276298,0.043350782622548024,log-depth Laplacian fallback,,,,0.02969128472639954,0.005923536075564968,0.13121781771606364,0.09336231580878691,0.04246424463383447,-0.022528384305913623,0.029728457259831143,0.01291090494344132,3.5995610466933385,0.9955830566574553,0.9991187434039009,0.9999644654598348,0.04450602439069028,0.00909873921653788,0.16823799296099426,0.14274799733829702,0.05361879261475249,-0.039740293857445506,0.04517902208609238,0.01962099998977506,3.599561036553923,0.9956730774925407,0.9993189213134988,0.9999751258218843,0.040532734015528184,0.009582015057101104,0.17328415703648256,0.12983669262368946,0.05516626256189001,-0.03590837135892905,0.041284032822926926,0.01792942764570989,4.1879653668537316,0.9956256981056537,0.9993035230127605,0.9999715723678678,0.040493748859104985,0.009990172177891788,0.17669261381260917,0.12898411486749334,0.0567200169195395,-0.03504590076440823,0.04132257614068381,0.017946166795925957,4.4597591403169945,0.9956375429523754,0.999327212706204,0.9999751258218843,0.016697710215609913,0.0046178075833480945,0.11134753022917725,0.04898123451325195,0.03617623427506412,0.0036105338709123223,0.01616900599247222,0.007022110080391293,3.5995610447543727,0.9952502164645738,0.9985857253014218,0.9999455137050799,0.008022598922252655,0.05917990393936634,0.01812579482793808,ok,
759xd9YjKW5,606a5b4d7ee048d4b15fb07fc7a07fc6,606a5b4d7ee048d4b15fb07fc7a07fc6_i1_2,1,2,/mnt/priorbimda-data/PriorBIMDA-Datasets/Matterport3D/v1/scans/759xd9YjKW5/undistorted_color_images/606a5b4d7ee048d4b15fb07fc7a07fc6_i1_2.jpg,/mnt/priorbimda-data/PriorBIMDA-Datasets/Matterport3D/v1/scans/759xd9YjKW5/undistorted_depth_images/606a5b4d7ee048d4b15fb07fc7a07fc6_d1_2.png,1024,1280,406,504,1.4121168655554452,1091631,0.8328483581542969,-2.5143399238586426,2.1629199981689453,1.6207300424575806,True,204624,1.0,True,,1.0,204624,0.9739773869514465,-0.02636719229140638,1.0077944894194486,0.034131461610125854,log-depth Laplacian fallback,,,,0.027383451917871136,0.026300239286182484,0.33410403146817724,0.10906999601525028,0.062372374737868025,-0.005639643176094915,0.025698449593089735,0.011160694851747737,6.2116886233031385,0.9837335143468809,0.9952199965006491,0.9980579518170517,0.04635984724021706,0.028328217847613323,0.35070314238155587,0.18296058516077357,0.06987807279982915,-0.032006835421838825,0.045621247325666706,0.01981305597108054,6.211688614618046,0.9844672787782685,0.9956423003743939,0.9981871163424271,0.04661037889023084,0.0283017082323991,0.3484138896963919,0.17879698723456738,0.07163181044541488,-0.03220159021780633,0.04606909439221856,0.020007553480820565,6.398573165270776,0.9846477426896085,0.9957329903602957,0.9982127660354094,0.04586232680773614,0.027837429350337395,0.3455208510371054,0.17533729948220092,0.07118159145351456,-0.030869388743498687,0.04532751503099703,0.019685489656348705,6.413968974400963,0.9850984444377267,0.995796198532288,0.998224674821437,0.026162689291920397,0.026707625148108694,0.33534527904550127,0.10448799457952318,0.062153210986139934,0.0021246360111046958,0.02427176662513686,0.010541094311340454,6.211688625251545,0.9836016016401147,0.9949580032080437,0.998012148793869,0.008416914381086826,0.059200928546488285,0.018100950866937637,ok,
759xd9YjKW5,606a5b4d7ee048d4b15fb07fc7a07fc6,606a5b4d7ee048d4b15fb07fc7a07fc6_i1_3,1,3,/mnt/priorbimda-data/PriorBIMDA-Datasets/Matterport3D/v1/scans/759xd9YjKW5/undistorted_color_images/606a5b4d7ee048d4b15fb07fc7a07fc6_i1_3.jpg,/mnt/priorbimda-data/PriorBIMDA-Datasets/Matterport3D/v1/scans/759xd9YjKW5/undistorted_depth_images/606a5b4d7ee048d4b15fb07fc7a07fc6_d1_3.png,1024,1280,406,504,1.4121168655554452,1219660,0.9305267333984375,-2.515779972076416,2.166110038757324,1.62076997756958,True,204624,1.0,True,,1.0,204624,1.0865503549575806,0.08300786566670855,1.1520531761374242,0.05853785538317231,log-depth Laplacian fallback,,,,0.12708603386583356,0.0601780968727878,0.45233307185034793,0.41236617026775046,0.14715199433651985,-0.13198049279048896,0.1363772698170685,0.05922789573858374,6.5075793963614945,0.9723816473443418,0.9988578784251348,0.999420330255973,0.06440456502922616,0.02458845519406656,0.30973843428172704,0.22276450867618333,0.08144431943388755,-0.048972627181099605,0.06588391721895893,0.028613021694364478,6.507579392546924,0.9900644441893642,0.9984618664217897,0.9993580178082416,0.045193708585432646,0.016921489900391416,0.2510306271759882,0.15390169476787582,0.06388484057636087,-0.03418521334452898,0.04558354101091191,0.019796680326649628,5.396891738821599,0.9904489775839168,0.9980691340209566,0.9993637571126379,0.042409831513671885,0.016351865447856755,0.24708366091810188,0.1451988783236,0.06225894955460143,-0.029925296257792063,0.04263045489359334,0.018514171321313066,5.459536100737664,0.990863027401079,0.9978477608513848,0.9993686765164063,0.0419129348410044,0.027483795586084207,0.4024539752580174,0.19630310966531717,0.0657750072628089,0.00956517758034923,0.04045733548246426,0.017570397552542878,6.507579395043097,0.9899644163127429,0.9976034304642277,0.9992801272485775,0.007414727471768856,0.057200814597308636,0.0181148499250412,ok,
759xd9YjKW5,606a5b4d7ee048d4b15fb07fc7a07fc6,606a5b4d7ee048d4b15fb07fc7a07fc6_i1_4,1,4,/mnt/priorbimda-data/PriorBIMDA-Datasets/Matterport3D/v1/scans/759xd9YjKW5/undistorted_color_images/606a5b4d7ee048d4b15fb07fc7a07fc6_i1_4.jpg,/mnt/priorbimda-data/PriorBIMDA-Datasets/Matterport3D/v1/scans/759xd9YjKW5/undistorted_depth_images/606a5b4d7ee048d4b15fb07fc7a07fc6_d1_4.png,1024,1280,406,504,1.4121168655554452,1249888,0.9535888671875,-2.513740062713623,2.168950080871582,1.6207200288772583,True,204624,1.0,True,,1.0,204624,0.9131818413734436,-0.09082024913496943,0.8917164052277716,0.023786879177047943,log-depth Laplacian fallback,,,,0.1876412395157671,0.2947366699550094,1.3027756738771124,0.5578347506816722,0.3916017498639409,0.009607156942880592,0.22414040920635567,0.09734294288985702,39.14838860438261,0.881752605033411,0.913029007399063,0.9134498451061215,0.10611503233484751,0.2884862802159572,1.3303297668736658,0.44116393345678034,0.39981895828048647,-0.08121309223395358,0.15572813734566032,0.06763187072629201,39.14838860672208,0.8868178588801556,0.9134498451061215,0.9134498451061215,0.09560259563998504,0.26447135714943126,1.2741041922780363,0.4126131476766175,0.3661439711643347,-0.07770823202504712,0.13834378235839212,0.06008194128387413,35.780279246469085,0.8870362784505492,0.9134498451061215,0.9134498451061215,0.09523202383870652,0.26008764723090566,1.2631864163268258,0.40958609115858363,0.3602425317064027,-0.07389920681193335,0.1367354940566372,0.059383470549112395,35.25813223680541,0.8868554622494176,0.9134498451061215,0.9134498451061215,0.09976457732384546,0.29126450777010265,1.339771744598635,0.433956291118633,0.40532039598636876,-0.10499995408806745,0.15180857129031475,0.06592962481700015,39.148388605924836,0.8890388578816661,0.9134498451061215,0.9134498451061215,0.007747038267552853,0.05916461534798145,0.018123893067240715,ok,
759xd9YjKW5,606a5b4d7ee048d4b15fb07fc7a07fc6,606a5b4d7ee048d4b15fb07fc7a07fc6_i1_5,1,5,/mnt/priorbimda-data/PriorBIMDA-Datasets/Matterport3D/v1/scans/759xd9YjKW5/undistorted_color_images/606a5b4d7ee048d4b15fb07fc7a07fc6_i1_5.jpg,/mnt/priorbimda-data/PriorBIMDA-Datasets/Matterport3D/v1/scans/759xd9YjKW5/undistorted_depth_images/606a5b4d7ee048d4b15fb07fc7a07fc6_d1_5.png,1024,1280,406,504,1.4121168655554452,1194193,0.9110969543457031,-2.5102601051330566,2.168600082397461,1.6206400394439697,True,204624,1.0,True,,1.0,204624,0.9823355674743652,-0.017822310594440727,1.0382169446885852,0.05532707609029814,log-depth Laplacian fallback,,,,0.0732086001110754,0.08287225700807106,0.4004000031145428,0.19729005293651822,0.14105124716186107,-0.017859029060690135,0.06348727634428296,0.02757217378738892,13.991607987263595,0.9669701631143375,0.9823462371660192,0.9868647697650212,0.08334011423188842,0.0839371273215192,0.4186921677143528,0.23779047198444023,0.14439413902725884,-0.035681339643595406,0.0750060655384861,0.03257472037263818,13.991607980022074,0.9675856415169072,0.9825070151977109,0.9869979140725159,0.08211581534329654,0.08246331336260716,0.4001575841022104,0.2131609622492293,0.14324180459063368,-0.017930119304970387,0.07284258398906278,0.03163513227402413,14.211518358040006,0.9664987150318248,0.9824927796428216,0.9868547211380405,0.07868291391438162,0.07733626906044647,0.3903673192454329,0.20653799297060735,0.13987141026147742,-0.01801922819403767,0.06992536369884367,0.03036819959948574,13.870587162707185,0.9669199199794338,0.9825748434298308,0.9869753046618093,0.06352901701311044,0.08686259346205945,0.3877662815610089,0.13758847551431921,0.14128858594146376,0.01964574009421783,0.051295476540634814,0.022277342408195386,13.991607989608926,0.9658246196385342,0.9818312450332568,0.9866018306923587,0.008440950885415077,0.06126731913536787,0.018094319850206375,ok,
759xd9YjKW5,606a5b4d7ee048d4b15fb07fc7a07fc6,606a5b4d7ee048d4b15fb07fc7a07fc6_i2_0,2,0,/mnt/priorbimda-data/PriorBIMDA-Datasets/Matterport3D/v1/scans/759xd9YjKW5/undistorted_color_images/606a5b4d7ee048d4b15fb07fc7a07fc6_i2_0.jpg,/mnt/priorbimda-data/PriorBIMDA-Datasets/Matterport3D/v1/scans/759xd9YjKW5/undistorted_depth_images/606a5b4d7ee048d4b15fb07fc7a07fc6_d2_0.png,1024,1280,406,504,1.4165615917841592,1206765,0.9206886291503906,-2.4969899654388428,2.164259910583496,1.6535600423812866,True,204624,1.0,True,,1.0,204624,1.1509929895401,0.14062503896541936,1.082636314796151,0.061225940090228595,log-depth Laplacian fallback,,,,0.0781757283359436,0.015526228892815843,0.1866526957064405,0.16703833258812428,0.08913661338169739,-0.07760979645971691,0.08156988280614134,0.035425349992202156,4.384125156333365,0.9937924948105058,0.999406678185065,1.0,0.0678616620959181,0.016734452416505497,0.2042540873304435,0.1616525077299429,0.07676572231322304,0.06301524253003286,0.0648389871434147,0.028159214328580883,4.384125147794035,0.991914747278882,0.9989492568975733,0.999813551105642,0.05585430042176502,0.01234790790175182,0.17554323940530908,0.13158951995588644,0.06689088256256517,0.027589650343384127,0.05430375856084715,0.023583822689582406,6.093604322507896,0.9935447249464477,0.9990346090581016,0.9998723860900838,0.05752527897144425,0.012769596090294441,0.17855148209790256,0.13505646879750363,0.0681122325268882,0.029445923631919908,0.05589731129979939,0.024275893850731173,6.141835068821067,0.9934651734181883,0.9991017306600705,0.9999635388828811,0.029629524914207617,0.005279772243423302,0.11363895446058134,0.06736698638411284,0.04387775154242153,0.0017893407926183216,0.029230039528007977,0.012694444872827802,4.38412515782379,0.9958392893396809,0.9992442604815354,1.0,0.008070177398622036,0.061154408380389214,0.018128367140889168,ok,
759xd9YjKW5,606a5b4d7ee048d4b15fb07fc7a07fc6,606a5b4d7ee048d4b15fb07fc7a07fc6_i2_1,2,1,/mnt/priorbimda-data/PriorBIMDA-Datasets/Matterport3D/v1/scans/759xd9YjKW5/undistorted_color_images/606a5b4d7ee048d4b15fb07fc7a07fc6_i2_1.jpg,/mnt/priorbimda-data/PriorBIMDA-Datasets/Matterport3D/v1/scans/759xd9YjKW5/undistorted_depth_images/606a5b4d7ee048d4b15fb07fc7a07fc6_d2_1.png,1024,1280,406,504,1.4165615917841592,1192962,0.9101577758789062,-2.5054800510406494,2.152440071105957,1.653749942779541,True,204624,1.0,True,,1.0,204624,1.04416024684906,0.04321297083201933,1.0647772618212954,0.01955266262597888,log-depth Laplacian fallback,,,,0.07538066310878175,0.015032111138284829,0.16192719382090817,0.13415734966501036,0.10000388102663008,-0.07260708168512518,0.07952749997726427,0.034538354399686846,6.876763707993712,0.9959663425993451,0.9997929523320944,1.0,0.05524374153415792,0.009648785963734979,0.13479635802026282,0.10213165078154617,0.0747863735057713,-0.02939411091070637,0.05666523721279534,0.024609399837255817,6.876763705344125,0.992377795772204,0.9996110521542179,1.0,0.07196642556702855,0.014545100807102104,0.16080513217538708,0.1292053104234986,0.09750770154914311,-0.051918875814266414,0.0753288527181525,0.032714905063596394,8.253594486997496,0.9935035650758365,0.9996102139045502,1.0,0.07207872640337494,0.014601734062083874,0.16103385858852415,0.12948470060114117,0.0978459778239,-0.0523725593330153,0.07547636268123767,0.03277896782659003,8.264956385380943,0.992034113408474,0.9996135669032207,1.0,0.05438511878482577,0.009645957607525487,0.14237505144817986,0.10850903973369104,0.06946828151757853,-0.009841454564441927,0.05474119746714192,0.023773799992755994,6.876763707632803,0.9912905859532827,0.9995389626828013,1.0,0.008203751407563686,0.05962357763200998,0.01810979936271906,ok,
759xd9YjKW5,606a5b4d7ee048d4b15fb07fc7a07fc6,606a5b4d7ee048d4b15fb07fc7a07fc6_i2_2,2,2,/mnt/priorbimda-data/PriorBIMDA-Datasets/Matterport3D/v1/scans/759xd9YjKW5/undistorted_color_images/606a5b4d7ee048d4b15fb07fc7a07fc6_i2_2.jpg,/mnt/priorbimda-data/PriorBIMDA-Datasets/Matterport3D/v1/scans/759xd9YjKW5/undistorted_depth_images/606a5b4d7ee048d4b15fb07fc7a07fc6_d2_2.png,1024,1280,406,504,1.4165615917841592,1245431,0.9501884460449219,-2.5199499130249023,2.1538798809051514,1.6541099548339844,True,204624,1.0,True,,1.0,204624,1.0686607360839844,0.0664062159879306,1.1118269687786606,0.039598364116648924,log-depth Laplacian fallback,,,,0.10263360244342411,0.024290677879278924,0.22845491333731024,0.2173122347279277,0.11983774637223096,-0.10685546743421112,0.10921773805024922,0.047432660961178076,5.424937359077433,0.9986767633052333,0.9998418218271425,1.0,0.051243013728101534,0.008032309499497396,0.12692487061476376,0.09951385771441129,0.06766931707904483,-0.04044925135707216,0.0528770409132943,0.0229642070880162,5.42493736240033,0.9967151933748236,0.9995929120119862,1.0,0.06083879024622237,0.011337715984017279,0.14707904517527093,0.11587228674835204,0.0846190287132006,-0.05009578187046625,0.0636678292860441,0.027650586933687188,6.819672029615598,0.9968436629568398,0.9995921090770986,1.0,0.06083055655337302,0.011349040719061313,0.14782192642985229,0.11678099245163288,0.08454943381258002,-0.048137015065111075,0.0636186199825459,0.02762921560471964,6.950852133838785,0.9968765832872315,0.9995945178817615,1.0,0.0452774990456255,0.007379542407304289,0.1394986526005602,0.10461689142407218,0.054256045445524446,-0.0008508449781789164,0.04505960838996894,0.019569139280484964,5.424937354670487,0.9953221013448357,0.9994756835183964,1.0,0.00800661463290453,0.060295090079307556,0.01815299689769745,ok,
759xd9YjKW5,606a5b4d7ee048d4b15fb07fc7a07fc6,606a5b4d7ee048d4b15fb07fc7a07fc6_i2_3,2,3,/mnt/priorbimda-data/PriorBIMDA-Datasets/Matterport3D/v1/scans/759xd9YjKW5/undistorted_color_images/606a5b4d7ee048d4b15fb07fc7a07fc6_i2_3.jpg,/mnt/priorbimda-data/PriorBIMDA-Datasets/Matterport3D/v1/scans/759xd9YjKW5/undistorted_depth_images/606a5b4d7ee048d4b15fb07fc7a07fc6_d2_3.png,1024,1280,406,504,1.4165615917841592,1249288,0.953131103515625,-2.52593994140625,2.167140007019043,1.654289960861206,True,204624,1.0,True,,1.0,204624,1.0791480541229248,0.07617189106403263,1.0789324657357366,0.00019979642642754813,log-depth Laplacian fallback,,,,0.07297737224738482,0.014058648114582638,0.17331608950474328,0.15492328831270571,0.08572976492849214,-0.06964281941176766,0.07570759047323396,0.032879388780716695,4.999470271013161,0.98996548433988,0.9990026318991297,1.0,0.030331862550696934,0.007085515291449489,0.13299935891844078,0.07540138453418258,0.05041923323058762,0.006529071763856675,0.029528601912789897,0.012824108869042464,4.999470273401774,0.9919746287485351,0.9976146412996842,1.0,0.03297038367355592,0.007424771702910755,0.1320601491447077,0.07791653969626032,0.05266999686324151,0.00595644982670215,0.03214777409984554,0.01396160089703518,5.233210558572863,0.9918377507828459,0.9975329947938346,1.0,0.03219887820046332,0.007298301495972449,0.130372690336677,0.07610108145753813,0.05231991887131895,0.00765436246605583,0.03134957480914405,0.013614947349624457,5.17569767851604,0.9918977849783237,0.9974761624221157,1.0,0.030325194232265474,0.007069220644840819,0.1327761972293098,0.07529493742424763,0.0503937566444048,0.006329328971417928,0.029527991478024103,0.012823843760592113,4.999470275446251,0.9919786310282337,0.9976186435793828,1.0,0.008149371482431889,0.06017154362052679,0.018139083869755268,ok,
759xd9YjKW5,606a5b4d7ee048d4b15fb07fc7a07fc6,606a5b4d7ee048d4b15fb07fc7a07fc6_i2_4,2,4,/mnt/priorbimda-data/PriorBIMDA-Datasets/Matterport3D/v1/scans/759xd9YjKW5/undistorted_color_images/606a5b4d7ee048d4b15fb07fc7a07fc6_i2_4.jpg,/mnt/priorbimda-data/PriorBIMDA-Datasets/Matterport3D/v1/scans/759xd9YjKW5/undistorted_depth_images/606a5b4d7ee048d4b15fb07fc7a07fc6_d2_4.png,1024,1280,406,504,1.4165615917841592,1214563,0.9266380310058594,-2.5174601078033447,2.178960084915161,1.654099941253662,True,204624,1.0,True,,1.0,204624,1.1166706085205078,0.11035158718100008,1.1123360781080516,0.0038892085000120646,log-depth Laplacian fallback,,,,0.10887526778825682,0.0792974811766004,0.6472357381151363,0.2339208099268764,0.22376069285744715,-0.1204649681238331,0.12590140998670724,0.05467828762106591,18.85657421775458,0.9727325795368376,0.9840477603878925,0.984555762031282,0.04518137483668445,0.06265928916902264,0.6102119901807009,0.12533446213365543,0.18883675375132838,-0.010113380872271377,0.054730851201331955,0.023769306666606437,18.8565742102515,0.9747719961829893,0.9821878321667958,0.984555762031282,0.04724233902001671,0.06083426538630672,0.5984495207190892,0.12718251012759713,0.18179683981502906,-0.01106042754573439,0.05594739988367996,0.02429764704631682,18.146007249319858,0.9746863686774585,0.9821631319248157,0.984555762031282,0.0446913026085253,0.060625539048219226,0.5984510872198449,0.12275514565934406,0.18163833931786813,-0.008745722317856166,0.053407211988892124,0.023194457460613063,18.142766782189522,0.9747464725996099,0.9822042989947825,0.984555762031282,0.044924561745934746,0.0626512484986446,0.610782690179322,0.12546337524436865,0.1890849349044434,-0.01400262410776599,0.054649208731660154,0.023733849792539004,18.856574218535616,0.9748782072235034,0.9822355859679572,0.984555762031282,0.008093016222119331,0.06372351106256247,0.018108547665178776,ok,
759xd9YjKW5,606a5b4d7ee048d4b15fb07fc7a07fc6,606a5b4d7ee048d4b15fb07fc7a07fc6_i2_5,2,5,/mnt/priorbimda-data/PriorBIMDA-Datasets/Matterport3D/v1/scans/759xd9YjKW5/undistorted_color_images/606a5b4d7ee048d4b15fb07fc7a07fc6_i2_5.jpg,/mnt/priorbimda-data/PriorBIMDA-Datasets/Matterport3D/v1/scans/759xd9YjKW5/undistorted_depth_images/606a5b4d7ee048d4b15fb07fc7a07fc6_d2_5.png,1024,1280,406,504,1.4165615917841592,1245176,0.949993896484375,-2.5029799938201904,2.1775200366973877,1.653730034828186,True,204624,1.0,True,,1.0,204624,1.038820505142212,0.038085939870603824,1.094086870335016,0.0518341671330054,log-depth Laplacian fallback,,,,0.08844310153493916,0.024414120744018875,0.20733591595037784,0.16823956598188372,0.10758577688474673,-0.07580308092867523,0.09038318181032472,0.03925291711708241,7.634521798786887,0.9881141300506916,0.9971963802707409,0.9978549217138782,0.05863967953522927,0.018484321717879115,0.1736047279069389,0.10652949493922066,0.08515383160741335,-0.03771714094542701,0.05779689917932385,0.025100874384698935,7.634521803182241,0.9855795485939337,0.9966334076467905,0.9977513219014822,0.05321288636850152,0.01705719983129902,0.1677604314365302,0.09890553516715556,0.07990280136446987,-0.030461425647467094,0.05200746393740793,0.02258655460579864,7.386852654150995,0.9853193444139624,0.9967105051815969,0.9977641714906166,0.05113968736686092,0.016062916318147328,0.16378672659510365,0.09623744773271906,0.07758845016504767,-0.027612483310577862,0.049904361917597714,0.021673189003715464,7.250874681331311,0.9853346033010595,0.9968149080933137,0.9978340411315348,0.04193048882862989,0.01951455298387661,0.18203226086652533,0.08381195516478909,0.07763944309388601,0.014117039891645896,0.03863524589098399,0.01677907409742962,7.634521798139319,0.9816660456031918,0.9950898507520222,0.9976324632019891,0.007444138638675213,0.05934476666152477,0.01808131020516157,ok,
759xd9YjKW5,6a39f7496f3e496abad3584ae5812de4,6a39f7496f3e496abad3584ae5812de4_i0_2,0,2,/mnt/priorbimda-data/PriorBIMDA-Datasets/Matterport3D/v1/scans/759xd9YjKW5/undistorted_color_images/6a39f7496f3e496abad3584ae5812de4_i0_2.jpg,/mnt/priorbimda-data/PriorBIMDA-Datasets/Matterport3D/v1/scans/759xd9YjKW5/undistorted_depth_images/6a39f7496f3e496abad3584ae5812de4_d0_2.png,1024,1280,406,504,1.4155678118069965,912265,0.6960029602050781,-6.813320159912109,-2.120500087738037,1.5732699632644653,True,121871,0.5955850731097037,True,,1.0,121871,1.0972131490707397,0.09277346421542502,0.9125104740326427,0.1843291794148545,log-depth Laplacian fallback,,,,0.11003667092448646,0.04936149434871383,0.42212788197658324,0.18127241786726267,0.14036601823377595,0.057351096065702566,0.10554851314399724,0.04583913683153085,12.811506880483373,0.9762360717554658,0.9828777822233671,0.9891654289049783,0.1842501675671123,0.08009391035932811,0.4388604488935901,0.2607422646940799,0.19735970825701907,0.15012456023242196,0.16639028335866,0.0722623819049845,12.811506881829942,0.821366598521263,0.9843499421768894,0.9966555770527205,0.20874247419174483,0.09033820582514042,0.4743985240194145,0.2885131533302465,0.22053630414898243,0.1486069059113764,0.18808635079035177,0.08168486426956907,16.29486083498101,0.5764564024707733,0.9828218774150055,0.988855212027207,0.215669430785586,0.09453794792338678,0.4833654961009649,0.29748430847229795,0.22670583490157578,0.15155566848639418,0.19391019277769478,0.08421412670814866,16.860134912883325,0.5510723309564655,0.982885455432358,0.9882862983891741,0.07028233857945836,0.04794746088592182,0.45633155382428947,0.15894264957071416,0.13260251991825875,-0.03420464041911448,0.07367436434488271,0.031996369892712255,12.811506883451019,0.9772017999155947,0.9832175957643886,0.9875989980981403,0.00902343075722456,0.0591649254783988,0.01812202576547861,ok,
759xd9YjKW5,6a39f7496f3e496abad3584ae5812de4,6a39f7496f3e496abad3584ae5812de4_i0_3,0,3,/mnt/priorbimda-data/PriorBIMDA-Datasets/Matterport3D/v1/scans/759xd9YjKW5/undistorted_color_images/6a39f7496f3e496abad3584ae5812de4_i0_3.jpg,/mnt/priorbimda-data/PriorBIMDA-Datasets/Matterport3D/v1/scans/759xd9YjKW5/undistorted_depth_images/6a39f7496f3e496abad3584ae5812de4_d0_3.png,1024,1280,406,504,1.4155678118069965,1027238,0.7837203979492188,-6.814620018005371,-2.1060099601745605,1.5734399557113647,True,185214,0.9051430917194464,True,,1.0,185214,1.005293607711792,0.005279645821328218,0.8787396962437732,0.1345462072167248,log-depth Laplacian fallback,,,,0.22324496353459242,0.12377785111156243,0.3717592050471296,0.22039188832038972,0.2569533664696862,0.18034837840922327,0.18366630350892924,0.07976526212549583,18.3028672467645,0.7306466466388509,0.8876706274495297,0.9910166874667798,0.22894381107059789,0.12744191395417057,0.37699855928679393,0.22573078540443967,0.26068613003670776,0.18562802434957532,0.18817153792238045,0.08172186057093832,18.302867253408355,0.7175931965133688,0.8876589456386933,0.9825902079167632,0.24281492720852357,0.14245059191793727,0.39854171900987984,0.24085836452088663,0.27322750700378123,0.16935356161037843,0.1989657106286633,0.08640971021398772,21.441231716807003,0.6376935043290844,0.8877679758731667,0.9408520712824098,0.2504985143007368,0.14534087021573422,0.4019933915133794,0.24753115782974583,0.2773517969163033,0.17193012167480268,0.20573186917508288,0.08934821553438016,21.76328387757461,0.6156781583235823,0.8877777107155304,0.9385527015161044,0.1405638793175807,0.061870874743111176,0.2644969175007283,0.13703521361705778,0.19002328570511137,0.051081837915484256,0.12323789802360127,0.053521539073005685,18.302867246784746,0.8874963737712195,0.8950622932562853,0.9983849896518626,0.007819950580596924,0.057582312263548374,0.018105736933648586,ok,
759xd9YjKW5,6a39f7496f3e496abad3584ae5812de4,6a39f7496f3e496abad3584ae5812de4_i0_4,0,4,/mnt/priorbimda-data/PriorBIMDA-Datasets/Matterport3D/v1/scans/759xd9YjKW5/undistorted_color_images/6a39f7496f3e496abad3584ae5812de4_i0_4.jpg,/mnt/priorbimda-data/PriorBIMDA-Datasets/Matterport3D/v1/scans/759xd9YjKW5/undistorted_depth_images/6a39f7496f3e496abad3584ae5812de4_d0_4.png,1024,1280,406,504,1.4155678118069965,1202455,0.9174003601074219,-6.802730083465576,-2.097640037536621,1.573490023612976,True,204624,1.0,True,,1.0,204624,0.9096216559410095,-0.09472652862670446,1.0114257394579507,0.10608748730214689,log-depth Laplacian fallback,,,,0.07050287149406913,0.013877700099003017,0.16998969317236381,0.10723342242062794,0.08859957188114503,-0.010424555190170572,0.0704599951717678,0.03060038709802853,8.798416213506426,0.9926109500979247,0.9981679148076228,0.9985404859225501,0.10674973365439702,0.032268011507613985,0.2729985448808605,0.18460531991651868,0.13710566446223796,-0.10515108390181219,0.11446739305777404,0.04971255716284185,8.798416210833535,0.9368051195263024,0.9981479556407516,0.9993662964518423,0.11922931398110213,0.027574787649511226,0.24227416143970695,0.1751058708762099,0.13849560288627052,-0.1222218087689491,0.12717996312432098,0.055233556193551636,6.513725109396298,0.9820043161698359,0.9981679148076228,0.999282301624593,0.1176406048312149,0.027401023736354838,0.24219867976021794,0.17402618281561935,0.13729161714639299,-0.1204554206068954,0.1254327479915166,0.05447475030267688,6.587472796974319,0.9814163523790911,0.9981670831756698,0.999282301624593,0.07113266186348846,0.012959419669602288,0.15975935637494335,0.10101358055387837,0.08798914497080756,0.0009363976736020724,0.07028554947654078,0.030524626295199666,8.798416216621412,0.9929103376009913,0.9981496189046576,0.9985172002278672,0.007824360392987728,0.0582939013838768,0.01807136833667755,ok,
759xd9YjKW5,6a39f7496f3e496abad3584ae5812de4,6a39f7496f3e496abad3584ae5812de4_i0_5,0,5,/mnt/priorbimda-data/PriorBIMDA-Datasets/Matterport3D/v1/scans/759xd9YjKW5/undistorted_color_images/6a39f7496f3e496abad3584ae5812de4_i0_5.jpg,/mnt/priorbimda-data/PriorBIMDA-Datasets/Matterport3D/v1/scans/759xd9YjKW5/undistorted_depth_images/6a39f7496f3e496abad3584ae5812de4_d0_5.png,1024,1280,406,504,1.4155678118069965,1103572,0.8419586181640625,-6.789519786834717,-2.103749990463257,1.5733799934387207,True,174700,0.8537610446477442,True,,1.0,174700,0.9509507417678833,-0.05029301402650128,1.0072216403715193,0.057488703218349556,log-depth Laplacian fallback,,,,0.06491829753126692,0.011242360830684564,0.12802721934636455,0.08148647553025863,0.0966226347883741,-0.03516225817689337,0.06819427817954302,0.02961639871075088,8.999749526152945,0.9720435096214837,0.9999528802832982,0.9999764401416491,0.08362712325460064,0.018167794390185864,0.163903773133349,0.10979691676122968,0.12410540953363713,-0.08545527222977149,0.09049378172462864,0.03930095004956357,8.999749509651608,0.8660196163005223,0.9999583171736869,0.9999945631096113,0.12451939650942931,0.023936307470378334,0.17866137867315196,0.14088807345087043,0.1556699768036381,-0.13421448465088553,0.13576437424534357,0.058961718573800684,7.886452807151284,0.8468935420615964,0.999967378657668,1.0,0.12913126503765965,0.02487430469698379,0.180367804949358,0.14394173474940436,0.1616122540346034,-0.1399673892493864,0.14125154201959167,0.06134476525943398,8.079387724856337,0.8056239194180352,0.9999682848060661,1.0,0.06499388402239903,0.010592764161638617,0.12352610791532657,0.07940977119677634,0.09424263840938528,-0.027966511032887473,0.06780294443702743,0.029446444625793804,8.999749527075476,0.9876546342241376,0.9999501618381039,0.999975533993251,0.009113454259932041,0.05876190960407257,0.01943008415400982,ok,
759xd9YjKW5,6a39f7496f3e496abad3584ae5812de4,6a39f7496f3e496abad3584ae5812de4_i1_1,1,1,/mnt/priorbimda-data/PriorBIMDA-Datasets/Matterport3D/v1/scans/759xd9YjKW5/undistorted_color_images/6a39f7496f3e496abad3584ae5812de4_i1_1.jpg,/mnt/priorbimda-data/PriorBIMDA-Datasets/Matterport3D/v1/scans/759xd9YjKW5/undistorted_depth_images/6a39f7496f3e496abad3584ae5812de4_d1_1.png,1024,1280,406,504,1.4121168655554452,1007344,0.76854248046875,-6.8010101318359375,-2.1159799098968506,1.6065399646759033,True,57722,0.282088122605364,True,,1.0,57722,0.9497906565666199,-0.051513680179536454,1.0319960040092586,0.08300847514735918,log-depth Laplacian fallback,,,,0.0623703778839299,0.03473350775345423,0.3768734512317882,0.2514706599197876,0.09221720522819224,-0.015341797421515856,0.06203820899427687,0.026942851833375133,9.093207460503525,0.9639606728188186,0.9956152019568291,0.9985794326466431,0.08352776994238509,0.04319327943401447,0.415785852753196,0.32318512435253577,0.11286406464417965,-0.06685547769186295,0.0868703357499526,0.037727307457287196,9.093207459746191,0.9656582061341508,0.9931046395273114,0.9987610984926698,0.07904027066679996,0.04021475443370284,0.40514848543313275,0.3132930551311294,0.10735084777270786,-0.04444727292499389,0.08123972313161681,0.03528196346740913,9.771716557007885,0.9664563446052192,0.9931532822948268,0.9989655966581426,0.07754713419248839,0.038301164513439706,0.3909268492082496,0.302349725070877,0.10614334251331514,-0.046423254648549045,0.07990783422630897,0.03470353146532579,9.545308055654832,0.9683663177623533,0.9935195921155038,0.999045013421433,0.058609655395049316,0.041137054349863575,0.42986383623358343,0.2555380099659077,0.09235562657003603,0.01615300500636482,0.056395173507226073,0.024492112660164742,9.093207458541952,0.96057950412173,0.9953352578662304,0.9984910814974824,0.00933237373828888,0.060144565999507904,0.018092023208737373,ok,
759xd9YjKW5,6a39f7496f3e496abad3584ae5812de4,6a39f7496f3e496abad3584ae5812de4_i1_2,1,2,/mnt/priorbimda-data/PriorBIMDA-Datasets/Matterport3D/v1/scans/759xd9YjKW5/undistorted_color_images/6a39f7496f3e496abad3584ae5812de4_i1_2.jpg,/mnt/priorbimda-data/PriorBIMDA-Datasets/Matterport3D/v1/scans/759xd9YjKW5/undistorted_depth_images/6a39f7496f3e496abad3584ae5812de4_d1_2.png,1024,1280,406,504,1.4121168655554452,756800,0.577392578125,-6.804180145263672,-2.1145100593566895,1.6065599918365479,True,195893,0.9573314958167175,True,,1.0,195893,1.174841046333313,0.16113285872866678,0.9824575962820561,0.1788309538992158,log-depth Laplacian fallback,,,,0.09490022798702975,0.16263975113854431,0.6963128525584316,0.27546892688371416,0.18489581451007553,-0.012767571500010995,0.08729538367960392,0.03791190342767915,18.44544695618308,0.8421379492600423,0.9820956659619451,0.9917151162790697,0.2285450957333619,0.20783147835078403,0.5786705726189514,0.3184879484559246,0.23671862996372528,0.14836528705224505,0.19537983210346133,0.0848523829577171,18.44544696390088,0.8758998414376321,0.9852484143763214,0.989441067653277,0.2340906950657336,0.20709328853513495,0.5961319506657848,0.3224288347795858,0.24309831300194912,0.1495087549756179,0.20112624600541182,0.08734801880606632,19.16870417373962,0.7844978858350952,0.9830166490486258,0.990490221987315,0.24338611156602724,0.2109057276093861,0.6081039012656946,0.33518607269775663,0.24974518460644413,0.15518793598396968,0.20913662136077968,0.09082688062087632,19.56766765844672,0.6751915961945032,0.9823744714587738,0.990625,0.0888445423224605,0.16319234243541528,0.7167693571028171,0.2800254298038544,0.18695349502386638,-0.030465685085858358,0.0828541538201391,0.035983101806849646,18.44544695416409,0.839593023255814,0.9815103065539112,0.9914561310782241,0.008750737644731998,0.05792388878762722,0.01814320031553507,ok,
759xd9YjKW5,6a39f7496f3e496abad3584ae5812de4,6a39f7496f3e496abad3584ae5812de4_i1_3,1,3,/mnt/priorbimda-data/PriorBIMDA-Datasets/Matterport3D/v1/scans/759xd9YjKW5/undistorted_color_images/6a39f7496f3e496abad3584ae5812de4_i1_3.jpg,/mnt/priorbimda-data/PriorBIMDA-Datasets/Matterport3D/v1/scans/759xd9YjKW5/undistorted_depth_images/6a39f7496f3e496abad3584ae5812de4_d1_3.png,1024,1280,406,504,1.4121168655554452,850277,0.6487098693847656,-6.804500102996826,-2.111020088195801,1.606600046157837,True,204624,1.0,True,,1.0,204624,0.9535080194473267,-0.04760744343972002,0.973807112605798,0.021065412149316575,log-depth Laplacian fallback,,,,0.07361795210606611,0.005465332163800938,0.06306342669198146,0.05465815141140489,0.08369023931616494,0.035083294111321835,0.07123492669882041,0.030936935584080328,7.598169931697665,1.0,1.0,1.0,0.06537297315302615,0.0047566722563501624,0.06395686785766136,0.05276449155559733,0.07700696694185606,-0.012524149282416222,0.06612335350483584,0.028717007552088256,7.598169939094457,1.0,1.0,1.0,0.047979567784291126,0.00432099455619519,0.06320836829616974,0.04164644672760054,0.07320021691754645,-0.0322785516030291,0.05008653206215171,0.02175230449226278,6.569906287905819,0.9988568431228881,1.0,1.0,0.04860881712830192,0.0042650512139922325,0.06269544386566857,0.04195122908463102,0.07276964779290754,-0.032523761068528084,0.05067012089729363,0.02200575390306526,6.509705527795486,0.9989027105284514,1.0,1.0,0.0630307378494321,0.004634778216394638,0.060901744680043515,0.04952362684018931,0.07646026098911088,0.008541246225689013,0.062436056943234716,0.02711563500224404,7.598169926656749,1.0,1.0,1.0,0.0078057656064629555,0.05659889243543148,0.01815138105303049,ok,
759xd9YjKW5,6a39f7496f3e496abad3584ae5812de4,6a39f7496f3e496abad3584ae5812de4_i1_4,1,4,/mnt/priorbimda-data/PriorBIMDA-Datasets/Matterport3D/v1/scans/759xd9YjKW5/undistorted_color_images/6a39f7496f3e496abad3584ae5812de4_i1_4.jpg,/mnt/priorbimda-data/PriorBIMDA-Datasets/Matterport3D/v1/scans/759xd9YjKW5/undistorted_depth_images/6a39f7496f3e496abad3584ae5812de4_d1_4.png,1024,1280,406,504,1.4121168655554452,1259587,0.9609886169433594,-6.801630020141602,-2.1090099811553955,1.606619954109192,True,204624,1.0,True,,1.0,204624,0.9776701331138611,-0.022582953046083407,1.0423837135027647,0.06409307571450205,log-depth Laplacian fallback,,,,0.11065157891868921,0.1837628989433592,0.5502022093230343,0.28535425193363995,0.18059667199399734,-0.001963353280410586,0.08911974345213354,0.03870421280989503,18.058599939974243,0.9666660580015513,0.9816066694876971,0.9878777726349987,0.11669771961050339,0.18159314679188487,0.5774356048373972,0.33660546493187177,0.1822466030623356,-0.024546306322718387,0.09772764796953118,0.042442578242550946,18.058599938442566,0.9668970861083831,0.9820282362393388,0.9881310302503916,0.11574784057143725,0.18319599053286967,0.5737266763293266,0.3280180998204579,0.18230205005232955,-0.020410707378853248,0.09622708503487493,0.041790892040281115,18.115584582777586,0.9669089947736837,0.9819440816712145,0.988081013856129,0.11590529551334232,0.18310615059986685,0.5751586729811489,0.33025344379242433,0.18236567093156378,-0.021382005426633984,0.09651031738067554,0.04191389828515891,18.110783466834008,0.9669177277949043,0.9819774259340561,0.9880889529663295,0.10763668028631497,0.19735483308449564,0.5362514923246531,0.21642165235588348,0.1848654832668926,0.03954672839704947,0.0816180713163933,0.03544627799629567,18.058599939251035,0.9657411516632038,0.9811430254519934,0.9874077773111345,0.008532910607755184,0.057639229111373425,0.01805606484413147,ok,
759xd9YjKW5,6a39f7496f3e496abad3584ae5812de4,6a39f7496f3e496abad3584ae5812de4_i1_5,1,5,/mnt/priorbimda-data/PriorBIMDA-Datasets/Matterport3D/v1/scans/759xd9YjKW5/undistorted_color_images/6a39f7496f3e496abad3584ae5812de4_i1_5.jpg,/mnt/priorbimda-data/PriorBIMDA-Datasets/Matterport3D/v1/scans/759xd9YjKW5/undistorted_depth_images/6a39f7496f3e496abad3584ae5812de4_d1_5.png,1024,1280,406,504,1.4121168655554452,880830,0.6720199584960938,-6.798460006713867,-2.1104800701141357,1.6065900325775146,True,204624,1.0,True,,1.0,204624,0.9640414118766785,-0.03662102691597898,0.8693173728755255,0.10342597727858543,log-depth Laplacian fallback,,,,0.17432001160727362,0.03663749562811799,0.18526412951318574,0.15842112987719623,0.1769731772659679,0.15723576251116428,0.1572430948811747,0.06828980842428364,8.12183505074096,0.8212742526934823,0.9929566431661047,1.0,0.13218400928510027,0.024199357371609605,0.14984890267426992,0.12130149987969056,0.14541091752124455,0.12061473576312916,0.1207138305252319,0.05242535048651254,8.121835045825986,0.8415199300659605,0.9931961899571995,1.0,0.11473680169569717,0.025769785626147044,0.15190363105521032,0.10317036811522767,0.1473770877460474,0.10169529277200097,0.10273097206212975,0.044615494287140095,10.66680524830334,0.813267032230964,0.9931485076575503,1.0,0.11531313859167755,0.02611617396848089,0.15294040624965116,0.10355965488812983,0.14828866016004796,0.10217840641472677,0.10315507204651599,0.04479967857013427,10.746673901542337,0.8092730719889195,0.9931791605644676,1.0,0.06027048630836754,0.006650674229493984,0.07437547231162886,0.05047022492096464,0.08301730591765583,0.017188735201504175,0.05779851645971974,0.02510157676065056,8.121835053729068,0.9913252273423929,0.99683707412327,1.0,0.007793189957737923,0.05722526926547289,0.018166055902838707,ok,
759xd9YjKW5,6a39f7496f3e496abad3584ae5812de4,6a39f7496f3e496abad3584ae5812de4_i2_2,2,2,/mnt/priorbimda-data/PriorBIMDA-Datasets/Matterport3D/v1/scans/759xd9YjKW5/undistorted_color_images/6a39f7496f3e496abad3584ae5812de4_i2_2.jpg,/mnt/priorbimda-data/PriorBIMDA-Datasets/Matterport3D/v1/scans/759xd9YjKW5/undistorted_depth_images/6a39f7496f3e496abad3584ae5812de4_d2_2.png,1024,1280,406,504,1.4165615917841592,1113945,0.8498725891113281,-6.813119888305664,-2.1212399005889893,1.6397700309753418,True,169093,0.8263595668152318,True,,1.0,169093,1.149869441986084,0.1396484072225341,1.0860952045829273,0.057059524191362176,log-depth Laplacian fallback,,,,0.08871317277814812,0.017015886853046128,0.17084725694228262,0.13353715129492108,0.10220168015433659,-0.0871914955389155,0.09206937961728842,0.03998522352004409,5.331816324721433,0.9960590513894313,0.9971264290427265,0.9981157058921222,0.056895578486037865,0.010552175483021268,0.1146960718943405,0.06572869885801401,0.07479675214416727,0.05245691180698915,0.053691165645967154,0.023317776966996998,5.3318163274720485,0.9953821777556342,0.9964800775621777,0.9974522979141699,0.06921870431029763,0.011583772783381767,0.11586507036806588,0.07489110028578566,0.0857075963198136,0.0528370833115912,0.06535540391781688,0.028383491284066024,6.748358833112017,0.9955401747842129,0.9966694944543941,0.9976156812050865,0.07601210173724238,0.012733474326484985,0.1204086578624714,0.08149640425005726,0.09215354764073258,0.059743837419126374,0.07154256967545163,0.031070543231227564,7.016373873454695,0.9955464587569405,0.9966748807167319,0.9976569758830104,0.02749771008905423,0.006993797928619781,0.09901239960987601,0.04188640962633652,0.05351645072373241,-0.004602603947135202,0.026479284979428665,0.011499807351309538,5.331816327454927,0.9956891947088949,0.9967763219907626,0.9977036568232722,0.008793434128165245,0.057869622483849525,0.0181107260286808,ok,
759xd9YjKW5,6a39f7496f3e496abad3584ae5812de4,6a39f7496f3e496abad3584ae5812de4_i2_3,2,3,/mnt/priorbimda-data/PriorBIMDA-Datasets/Matterport3D/v1/scans/759xd9YjKW5/undistorted_color_images/6a39f7496f3e496abad3584ae5812de4_i2_3.jpg,/mnt/priorbimda-data/PriorBIMDA-Datasets/Matterport3D/v1/scans/759xd9YjKW5/undistorted_depth_images/6a39f7496f3e496abad3584ae5812de4_d2_3.png,1024,1280,406,504,1.4165615917841592,1052033,0.8026374816894531,-6.814420223236084,-2.1067399978637695,1.639930009841919,True,203961,0.9967599108608961,True,,1.0,203961,1.00431227684021,0.004303005618264343,1.0891265410866469,0.08107303092688474,log-depth Laplacian fallback,,,,0.07550415814784757,0.009768639888705015,0.11573265336934171,0.08977195324452086,0.09012464554936139,-0.06937309316173443,0.07859796029747915,0.03413466044604605,5.753108447240797,0.9972652949099505,0.9986245678605139,0.9996958270320417,0.07265165525563114,0.009201119361521178,0.1123496139738839,0.08655827645460451,0.08685586887451363,-0.06507008749465719,0.07542671100595814,0.03275740437799891,5.7531084392564384,0.9972158668026573,0.9986131613742154,0.9996682613568205,0.07022218418454143,0.009193946610000048,0.11099806694362167,0.08377935472233287,0.08725475796195735,-0.06068211756183289,0.07291547992479713,0.03166679057666674,6.269827266529479,0.9972206195052816,0.9985447224564249,0.9995770094664331,0.0703327815479782,0.009157235938544001,0.11083122072251846,0.08388411848212113,0.08696745947581278,-0.060721573085493974,0.07299960463139854,0.03170332547253547,6.2259373348116425,0.9972073119379335,0.9985456729969497,0.999577960006958,0.0419495195533723,0.005524222016521051,0.08322784941995498,0.04798226904600323,0.05971533489881397,0.016002985437062748,0.04050050366388147,0.017589145255526163,5.7531084460304305,0.9964639892474856,0.998267164623163,0.9992462213637785,0.008031429722905159,0.056648897007107735,0.018079874105751514,ok,
759xd9YjKW5,6a39f7496f3e496abad3584ae5812de4,6a39f7496f3e496abad3584ae5812de4_i2_4,2,4,/mnt/priorbimda-data/PriorBIMDA-Datasets/Matterport3D/v1/scans/759xd9YjKW5/undistorted_color_images/6a39f7496f3e496abad3584ae5812de4_i2_4.jpg,/mnt/priorbimda-data/PriorBIMDA-Datasets/Matterport3D/v1/scans/759xd9YjKW5/undistorted_depth_images/6a39f7496f3e496abad3584ae5812de4_d2_4.png,1024,1280,406,504,1.4165615917841592,1234093,0.9415382385253906,-6.802519798278809,-2.09837007522583,1.639989972114563,True,204624,1.0,True,,1.0,204624,0.9593455791473389,-0.04150391536362044,1.0649190055131463,0.10440266047160773,log-depth Laplacian fallback,,,,0.08595157163593399,0.03351826740919857,0.2630713888060518,0.1757551561220048,0.11697627392676818,-0.04504250960154773,0.0843080179202447,0.03661450696296274,10.795656992784082,0.9711845055437475,0.9944453132786589,0.9965610371341544,0.11519661044282785,0.04408446408913645,0.32650469489053374,0.24639341222228947,0.1383651135418903,-0.0865464249169027,0.11771787243895307,0.05112422242162826,10.795656987679404,0.9576093535900455,0.9948512794416629,0.9967717181768311,0.10663000747239132,0.04148019416640945,0.31326150576413114,0.22832409070532836,0.13689679734005034,-0.08405688388882539,0.10958071982648412,0.04759030194362831,10.805171628837433,0.9528657888830097,0.9947597142192687,0.9967060829289203,0.10683531177295887,0.04175726533032931,0.3142639542603699,0.22942341364292448,0.13783213123535026,-0.08622570271906653,0.11005560324948181,0.047796541193783515,10.753057514717375,0.9528722713766304,0.9947637657777817,0.996712565422541,0.05908208278714137,0.029671609768793655,0.2060014823618255,0.09367028158324164,0.10942333284772039,0.01785622549548915,0.05306984595472752,0.02304794125359377,10.795656989066135,0.9331873691853045,0.9938959219442943,0.9962717558563252,0.008119704201817513,0.06056680157780647,0.01809593103826046,ok,
759xd9YjKW5,6a39f7496f3e496abad3584ae5812de4,6a39f7496f3e496abad3584ae5812de4_i2_5,2,5,/mnt/priorbimda-data/PriorBIMDA-Datasets/Matterport3D/v1/scans/759xd9YjKW5/undistorted_color_images/6a39f7496f3e496abad3584ae5812de4_i2_5.jpg,/mnt/priorbimda-data/PriorBIMDA-Datasets/Matterport3D/v1/scans/759xd9YjKW5/undistorted_depth_images/6a39f7496f3e496abad3584ae5812de4_d2_5.png,1024,1280,406,504,1.4165615917841592,1090138,0.8317092895507813,-6.78931999206543,-2.104490041732788,1.6398799419403076,True,179135,0.8754349440925796,True,,1.0,179135,0.9852177500724792,-0.014892596178119078,1.033168806378796,0.047523186690895315,log-depth Laplacian fallback,,,,0.04483270638278792,0.00676751515799591,0.10792980891704011,0.05805066314831719,0.07168524445676282,-0.03583933954098795,0.046215070513069195,0.020070950104595652,6.2083137920788305,0.9850266663486641,0.995812456771528,0.9999862402741672,0.05587524639636021,0.00815433245779045,0.11687282661706258,0.07122509596276157,0.08017509148603748,-0.05073193573672494,0.058004814324649975,0.025191170785018188,6.208313773641995,0.9852688375233227,0.9944906057765164,0.999945878411724,0.06669238292729048,0.01003879490342086,0.12693704286855173,0.0821588563398309,0.09155584403225642,-0.06077994797591622,0.0698142701554875,0.030319952286631122,6.847094639702143,0.9854275330279286,0.9934292722572738,0.9995835389647916,0.06628326852134045,0.010230831958703734,0.12867227839480533,0.082120915587792,0.09236505848535263,-0.060292724242349424,0.06947133278246509,0.03017101647788908,6.99720760906708,0.9854467966440946,0.992299140108867,0.9994312646655744,0.032684575234345425,0.005410349925514506,0.09707921162631279,0.04186294625114695,0.06216600492549165,-0.003208762234382305,0.03287108236199598,0.014275729684002163,6.2083137914569475,0.9841671421416371,0.9975516861168036,1.0,0.008343586698174477,0.05909712426364422,0.018065561540424824,ok,
759xd9YjKW5,6e1e523c608942daae201e0edb7cdde0,6e1e523c608942daae201e0edb7cdde0_i0_0,0,0,/mnt/priorbimda-data/PriorBIMDA-Datasets/Matterport3D/v1/scans/759xd9YjKW5/undistorted_color_images/6e1e523c608942daae201e0edb7cdde0_i0_0.jpg,/mnt/priorbimda-data/PriorBIMDA-Datasets/Matterport3D/v1/scans/759xd9YjKW5/undistorted_depth_images/6e1e523c608942daae201e0edb7cdde0_d0_0.png,1024,1280,406,504,1.4155678118069965,1241241,0.9469917297363282,-10.295700073242188,-1.3969700336456299,1.5711400508880615,True,204624,1.0,True,,1.0,204624,0.9714838266372681,-0.028930658128985137,1.1408061022253995,0.16066577786813385,log-depth Laplacian fallback,,,,0.12871521945623995,0.06749860443755916,0.45767228098953866,0.37588707681682365,0.15910200229039614,-0.12137853000895843,0.13671240585292263,0.059373443469642156,10.286252760688704,0.8989479077793917,0.9918750669692671,0.9981454044782601,0.15102348976118138,0.08363563598144372,0.5118558292675258,0.4476196503118701,0.18213607997831405,-0.1503091882723487,0.16306380869903855,0.07081771231611993,10.286252743722777,0.7999518224099913,0.9923858461007975,0.9991266804754274,0.14869109405168782,0.08032023317299491,0.4987072573251349,0.4330113788996054,0.18120316577255693,-0.14762150631006332,0.16055106096632563,0.06972643984138777,10.508319637670281,0.8096517920371628,0.9923495920614933,0.9991315143473346,0.14896153079543545,0.08062726907212885,0.5003589740862201,0.43516548739240246,0.18081671472480862,-0.1479189641870383,0.16078164268289152,0.06982658020852019,10.399357844456794,0.8088952910836815,0.9923697331944401,0.999141987736467,0.06928725820061947,0.05506134975606868,0.4708472970690071,0.2469180261297662,0.10338258128300766,0.010356569266413268,0.06549465294749234,0.028443966369264478,10.286252760732486,0.9843374493752624,0.9894637705328779,0.9939262399485677,0.008563917130231857,0.057922471314668655,0.018046729266643524,ok,
759xd9YjKW5,6e1e523c608942daae201e0edb7cdde0,6e1e523c608942daae201e0edb7cdde0_i0_1,0,1,/mnt/priorbimda-data/PriorBIMDA-Datasets/Matterport3D/v1/scans/759xd9YjKW5/undistorted_color_images/6e1e523c608942daae201e0edb7cdde0_i0_1.jpg,/mnt/priorbimda-data/PriorBIMDA-Datasets/Matterport3D/v1/scans/759xd9YjKW5/undistorted_depth_images/6e1e523c608942daae201e0edb7cdde0_d0_1.png,1024,1280,406,504,1.4155678118069965,1226300,0.9355926513671875,-10.305299758911133,-1.3860199451446533,1.571370005607605,True,204624,1.0,True,,1.0,204624,0.886383593082428,-0.12060547276959684,0.9395946054755068,0.0582987052567864,log-depth Laplacian fallback,,,,0.16837852415343602,0.08497036601398854,0.42846012310188747,0.3439847593892994,0.20089882697770364,0.02333309884065176,0.16631697593422196,0.07223054489506854,19.953923218131735,0.6178675691103319,0.9960947565848487,0.9976759357416619,0.15097089635206576,0.08832723579620619,0.4729345565508646,0.32966236406172467,0.22198608042628049,-0.09727237402511317,0.16753903534110007,0.07276127855203365,19.953923211875292,0.725302128353584,0.9194952295523118,0.9982940552882655,0.1324512305605495,0.07522913771504752,0.43533826789425556,0.2899405581252878,0.20496462324035158,-0.09802394172824445,0.14773953108282828,0.06416246310824632,18.000501000838007,0.7636801761396069,0.9464348038815951,0.9981407485933296,0.1322230035895245,0.07492849163084955,0.4344040906531344,0.28945136652314174,0.20443633345639542,-0.09626247130112796,0.14740143811360065,0.06401563119734038,18.03545149312709,0.7640112533637772,0.947201337356275,0.9981317785207535,0.15153339789532275,0.08054802958651981,0.4395508453469649,0.3267354524617268,0.2033097398092569,-0.038973646381718845,0.15936132291977903,0.06920974317286228,19.953923220514927,0.7804762293076735,0.9722775829731714,0.9979833645926771,0.007506116293370724,0.05616782791912556,0.01814180053770542,ok,
759xd9YjKW5,6e1e523c608942daae201e0edb7cdde0,6e1e523c608942daae201e0edb7cdde0_i0_2,0,2,/mnt/priorbimda-data/PriorBIMDA-Datasets/Matterport3D/v1/scans/759xd9YjKW5/undistorted_color_images/6e1e523c608942daae201e0edb7cdde0_i0_2.jpg,/mnt/priorbimda-data/PriorBIMDA-Datasets/Matterport3D/v1/scans/759xd9YjKW5/undistorted_depth_images/6e1e523c608942daae201e0edb7cdde0_d0_2.png,1024,1280,406,504,1.4155678118069965,1077351,0.8219535827636719,-10.300600051879883,-1.372249960899353,1.571720004081726,True,204624,1.0,True,,1.0,204624,1.0538922548294067,0.052490219874298964,1.0870411242708025,0.030969220364956133,log-depth Laplacian fallback,,,,0.08147417676899184,0.012943785836709935,0.14568544262244723,0.13255947909692795,0.09827361256716273,-0.0855199776303453,0.08607824232940203,0.03738330565559023,4.841524917942737,0.9998849028775209,1.0,1.0,0.046039551333481685,0.004608986900898602,0.08407902467989511,0.07185359060749319,0.058608883686012046,-0.03302975766619832,0.047397542159759457,0.020584491015760285,4.841524920345554,0.9999916461765943,1.0,1.0,0.022258907766344663,0.0014553696754588193,0.051977116923787585,0.03824964864419768,0.029227443035204314,-0.0005988672464588592,0.022298925138010895,0.009684300139811844,2.922130702753099,0.9994180169693999,1.0,1.0,0.02097975098716203,0.0013096931657202394,0.04996272229591219,0.03647182776541378,0.027191610750396115,0.0014940882190734083,0.02098151827629269,0.009112157609346144,2.7150532142016734,0.9994505040604222,1.0,1.0,0.039131112370883306,0.0038793513515747438,0.08279864996282967,0.06622441663321692,0.04845907666289097,-0.0020605232670492164,0.03920900104040734,0.01702825279278778,4.841524919780846,0.9996277907571441,1.0,1.0,0.009234870783984661,0.058253505267202854,0.01809042226523161,ok,
759xd9YjKW5,6e1e523c608942daae201e0edb7cdde0,6e1e523c608942daae201e0edb7cdde0_i0_3,0,3,/mnt/priorbimda-data/PriorBIMDA-Datasets/Matterport3D/v1/scans/759xd9YjKW5/undistorted_color_images/6e1e523c608942daae201e0edb7cdde0_i0_3.jpg,/mnt/priorbimda-data/PriorBIMDA-Datasets/Matterport3D/v1/scans/759xd9YjKW5/undistorted_depth_images/6e1e523c608942daae201e0edb7cdde0_d0_3.png,1024,1280,406,504,1.4155678118069965,1231559,0.9396049499511718,-10.286299705505371,-1.369439959526062,1.5718400478363037,True,204624,1.0,True,,1.0,204624,1.0702272653579712,0.0678710234514669,1.0765059016485365,0.00584949661174218,log-depth Laplacian fallback,,,,0.0773220143721826,0.013489923283792702,0.1412570623029433,0.12135077534479802,0.10592803829026437,-0.08047259985484174,0.0825807559519243,0.035864366621319844,6.8883306893805845,0.949693843331907,1.0,1.0,0.05164369477230297,0.007603565718117239,0.12204802850044516,0.09675288960430696,0.07002649277240533,-0.012601576449749512,0.052805440980660596,0.02293311163236874,6.888330683833968,0.9924096206515481,1.0,1.0,0.03524967873152927,0.0034004617976719134,0.07536065877734609,0.0605918551512641,0.05004372444631621,-0.03483646567090701,0.03642516988575551,0.01581925028377211,3.5927635825622377,1.0,1.0,1.0,0.03053704924914228,0.0026899010567991615,0.06775044650230412,0.05304084760109561,0.0441079779470951,-0.029879149387291602,0.03144608394551428,0.013656860735003287,3.2446111484634645,1.0,1.0,1.0,0.05164134858606758,0.007898722724519275,0.1274565202751583,0.09952520891346606,0.06921344220639701,-0.006752081858383896,0.05250128111127772,0.022801016679479345,6.888330692291087,0.9947424362129625,1.0,1.0,0.007574974559247494,0.05753486976027489,0.018082113936543465,ok,
759xd9YjKW5,6e1e523c608942daae201e0edb7cdde0,6e1e523c608942daae201e0edb7cdde0_i0_4,0,4,/mnt/priorbimda-data/PriorBIMDA-Datasets/Matterport3D/v1/scans/759xd9YjKW5/undistorted_color_images/6e1e523c608942daae201e0edb7cdde0_i0_4.jpg,/mnt/priorbimda-data/PriorBIMDA-Datasets/Matterport3D/v1/scans/759xd9YjKW5/undistorted_depth_images/6e1e523c608942daae201e0edb7cdde0_d0_4.png,1024,1280,406,504,1.4155678118069965,1238885,0.9451942443847656,-10.276700019836426,-1.3803900480270386,1.5716099739074707,True,204624,1.0,True,,1.0,204624,1.0854897499084473,0.08203126755412979,1.0922476306408138,0.006206352046703362,log-depth Laplacian fallback,,,,0.09174193054296045,0.022777389561184205,0.20750183190632582,0.14512769719321802,0.1383661551912116,-0.0968611715427907,0.09992717236599896,0.04339781955074845,9.880843258425125,0.9522966215589017,0.985415918345932,0.9859906286701349,0.04839210141610707,0.013504735646989103,0.16925605552065665,0.08475111120426314,0.09991512598614075,-0.014829903969422995,0.05119654068036215,0.02223437511001663,9.880843258084845,0.9817368036581281,0.985231074716378,0.9956129907134238,0.04330598311715198,0.012310929474643767,0.1611852998767863,0.0735191793223096,0.09838342784691385,-0.014937200581834988,0.046378658111252184,0.020141995295794315,9.724288618550425,0.9824721422892359,0.9849945717318395,0.9935667959495837,0.04281044084125152,0.012167261596942735,0.15949119939027742,0.07083312673106508,0.09842079494630522,-0.016281517686329797,0.04593416085846845,0.019948952591689186,9.706474673995904,0.9824527700311166,0.9851140339902412,0.9937161237725858,0.048371224299311705,0.013662657866039157,0.17093251801411039,0.08541661609523306,0.09918403290987889,-0.008623575129230614,0.05087575227733726,0.02209505847672436,9.8808432515947,0.9816052337384019,0.9851971732646695,0.9958252783753133,0.007470311596989632,0.057726562954485416,0.018106949515640736,ok,
759xd9YjKW5,6e1e523c608942daae201e0edb7cdde0,6e1e523c608942daae201e0edb7cdde0_i0_5,0,5,/mnt/priorbimda-data/PriorBIMDA-Datasets/Matterport3D/v1/scans/759xd9YjKW5/undistorted_color_images/6e1e523c608942daae201e0edb7cdde0_i0_5.jpg,/mnt/priorbimda-data/PriorBIMDA-Datasets/Matterport3D/v1/scans/759xd9YjKW5/undistorted_depth_images/6e1e523c608942daae201e0edb7cdde0_d0_5.png,1024,1280,406,504,1.4155678118069965,1221980,0.9322967529296875,-10.281399726867676,-1.3941500186920166,1.5712599754333496,True,204624,1.0,True,,1.0,204624,0.9158610701560974,-0.08789059594634971,1.0701293610783504,0.15567013531663143,log-depth Laplacian fallback,,,,0.1038629741939633,0.046138015332786435,0.32501688311036886,0.24631768369351192,0.15242874075177887,-0.06411603434270159,0.1066882703342814,0.046334127089980824,13.82883044488525,0.9161933910538634,0.9881683824612514,0.9951406733334425,0.15615985646060074,0.08630175607960328,0.5015864855115914,0.42333952524244134,0.20549859083430155,-0.15200663027720226,0.1702764874988264,0.07395013891860831,13.828830459100155,0.8055917445457372,0.9528388353328205,0.9958796379646148,0.15668271358255312,0.07908150799919798,0.46411418345271377,0.3918870519070573,0.213548074978122,-0.15924215104037884,0.17239523559469738,0.07487029952518812,14.228393324228419,0.832369596883746,0.9378344981096254,0.9960572186124159,0.15648946584999116,0.07931736879314,0.46461978824629874,0.39181948570982206,0.21407388508342956,-0.15896720325591124,0.17222774098626767,0.07479755754099857,14.337732234808684,0.8323581400677589,0.9373173047022046,0.9960163014124618,0.08829468176002128,0.03792330721460683,0.25115009128355287,0.16426293428979155,0.13833682315056584,0.003663536320782213,0.08481256029953092,0.0368336269341731,13.828830442599708,0.9173022471726214,0.9922748326486522,0.9945743792860767,0.00753430649638176,0.05932037718594074,0.01807160209864378,ok,
759xd9YjKW5,6e1e523c608942daae201e0edb7cdde0,6e1e523c608942daae201e0edb7cdde0_i1_0,1,0,/mnt/priorbimda-data/PriorBIMDA-Datasets/Matterport3D/v1/scans/759xd9YjKW5/undistorted_color_images/6e1e523c608942daae201e0edb7cdde0_i1_0.jpg,/mnt/priorbimda-data/PriorBIMDA-Datasets/Matterport3D/v1/scans/759xd9YjKW5/undistorted_depth_images/6e1e523c608942daae201e0edb7cdde0_d1_0.png,1024,1280,406,504,1.4121168655554452,1134187,0.8653160095214844,-10.292200088500977,-1.3873200416564941,1.6046500205993652,True,204624,1.0,True,,1.0,204624,0.9783864617347717,-0.021850531852525456,0.9954890524998578,0.017329379327590218,log-depth Laplacian fallback,,,,0.05936973196125629,0.04999410873011342,0.41563119296540707,0.21203442701175287,0.10636433608525599,0.025100938351648835,0.05364347050696161,0.023297063231313257,10.336012231380154,0.9617056093924546,0.9809140820693589,0.9988732016854364,0.06198355100351455,0.04654393135982282,0.40915599650599205,0.23072258053735537,0.10341121803078131,0.003250406510439408,0.05755857903378675,0.024997373260565784,10.33601222528625,0.9641381888524555,0.9825081754596023,0.9989269847035807,0.06073906899120654,0.046969128527642706,0.4092452530052363,0.22416545196822157,0.10379885215653284,0.006567434766520988,0.05608804175107373,0.024358727033250534,10.359088043646146,0.963911594825192,0.9818045877796165,0.9989225762594705,0.061084334323698024,0.04682160314631857,0.4093771034182493,0.2267718872153171,0.10364497081623385,0.0054505979453017325,0.05650159104671822,0.024538329210343893,10.350155050788677,0.9639786031756667,0.9818954017282864,0.9989234579482925,0.0588352111150439,0.048883923692248366,0.4116742603736445,0.20983693725011907,0.10538900707408183,0.02057979422327266,0.05337595973907597,0.023180884780970832,10.336012229960172,0.9624100787612625,0.9811600732507073,0.9988864270177669,0.008036504499614239,0.05773496814072132,0.018108710646629333,ok,
759xd9YjKW5,6e1e523c608942daae201e0edb7cdde0,6e1e523c608942daae201e0edb7cdde0_i1_1,1,1,/mnt/priorbimda-data/PriorBIMDA-Datasets/Matterport3D/v1/scans/759xd9YjKW5/undistorted_color_images/6e1e523c608942daae201e0edb7cdde0_i1_1.jpg,/mnt/priorbimda-data/PriorBIMDA-Datasets/Matterport3D/v1/scans/759xd9YjKW5/undistorted_depth_images/6e1e523c608942daae201e0edb7cdde0_d1_1.png,1024,1280,406,504,1.4121168655554452,1295654,0.9885055541992187,-10.294500350952148,-1.3846800327301025,1.604699969291687,True,204624,1.0,True,,1.0,204624,0.991975724697113,-0.008056643068144445,0.9883534099874735,0.0036582997099110226,log-depth Laplacian fallback,,,,0.11274680647399533,0.07471079197876278,0.4265188533800415,0.24693279394830533,0.2141430124133234,-0.09070412587263435,0.13076791354431178,0.05679178326229607,19.39845130806428,0.7121075534054616,0.9439487702735453,0.9999891946461015,0.11122176123428397,0.07656724032461042,0.432166841676887,0.2450949660817192,0.21767792899795535,-0.09876076886225509,0.1301446159991241,0.056521088577837234,19.398451305858185,0.7126555392103139,0.9440205486958709,0.9999853355911378,0.12368194159516803,0.0759201114887032,0.429420592717133,0.2621284911419696,0.21630463971740885,-0.09167294855210927,0.1418325657381345,0.061597100654252036,19.591775740611254,0.7116444668098119,0.945284003291002,0.9999745302372393,0.12549228805052107,0.07644131309845212,0.4305967577108342,0.2651699445481282,0.21708400571112874,-0.08931127671477178,0.14359997644509717,0.06236467737154267,19.786096478883053,0.71139131280419,0.9452832314800094,0.9999745302372393,0.11074573621470161,0.07746441302061383,0.43480686325998125,0.24451758163279158,0.21936192136981678,-0.10241904719504678,0.1300745583149988,0.056490662912206766,19.398451308987646,0.7128021832989363,0.9440753472763562,0.9999837919691522,0.007952075451612473,0.05723606329411268,0.01810246706008911,ok,
759xd9YjKW5,6e1e523c608942daae201e0edb7cdde0,6e1e523c608942daae201e0edb7cdde0_i1_2,1,2,/mnt/priorbimda-data/PriorBIMDA-Datasets/Matterport3D/v1/scans/759xd9YjKW5/undistorted_color_images/6e1e523c608942daae201e0edb7cdde0_i1_2.jpg,/mnt/priorbimda-data/PriorBIMDA-Datasets/Matterport3D/v1/scans/759xd9YjKW5/undistorted_depth_images/6e1e523c608942daae201e0edb7cdde0_d1_2.png,1024,1280,406,504,1.4121168655554452,725210,0.5532913208007812,-10.293399810791016,-1.381369948387146,1.6047899723052979,True,204624,1.0,True,,1.0,204624,1.0464569330215454,0.045410108709312426,1.120175231511801,0.06807502106658181,log-depth Laplacian fallback,,,,0.1052047702685287,0.03096545661128354,0.2728796760020977,0.2426155174249151,0.12183114053488525,-0.10675634202571753,0.11164631564214587,0.04848737880821268,5.870187596081557,0.993870740888846,0.9999889687125109,0.999990347623447,0.07496465394309514,0.016660350821422868,0.2010942702832863,0.1772694388856608,0.0849074237822236,-0.061346233376588136,0.07733161996520303,0.03358469582752702,5.870187615263496,0.9938693619779099,0.999980695246894,0.999990347623447,0.065232910721881,0.01483172152873416,0.19032834116359135,0.15550698631050205,0.07993648907839244,-0.05565267620293539,0.06738201568052087,0.02926363758956859,5.738137256663686,0.993996221784035,0.9999834530687662,0.999990347623447,0.06247350718053919,0.014281820891555613,0.18785736618173318,0.1503313049935602,0.07814396378246133,-0.052889407621031566,0.06453626283819455,0.028027742833285775,5.752555638262873,0.9940555149542891,0.9999848319797024,0.999990347623447,0.03795474749740665,0.01097833940856057,0.16850123157435848,0.09714777064440792,0.05908626706477309,0.006728797502068522,0.03668707135203136,0.0159329926453781,5.870187594809765,0.9933895009721322,0.9975910425945588,0.999990347623447,0.008482346311211586,0.059530870988965034,0.0180960725992918,ok,
759xd9YjKW5,6e1e523c608942daae201e0edb7cdde0,6e1e523c608942daae201e0edb7cdde0_i1_3,1,3,/mnt/priorbimda-data/PriorBIMDA-Datasets/Matterport3D/v1/scans/759xd9YjKW5/undistorted_color_images/6e1e523c608942daae201e0edb7cdde0_i1_3.jpg,/mnt/priorbimda-data/PriorBIMDA-Datasets/Matterport3D/v1/scans/759xd9YjKW5/undistorted_depth_images/6e1e523c608942daae201e0edb7cdde0_d1_3.png,1024,1280,406,504,1.4121168655554452,1279583,0.9762443542480469,-10.289999961853027,-1.3806899785995483,1.6048200130462646,True,201109,0.9828221518492455,True,,1.0,201109,0.9654545783996582,-0.035156222860638596,1.0189855194497128,0.053963766450415326,log-depth Laplacian fallback,,,,0.031510079713222755,0.017616695253431035,0.28523050353333573,0.1486204640845238,0.05426071451661202,-0.012070695727947597,0.030784595343383896,0.013369579885256163,5.290107224335418,0.9899428173084512,0.9954711808456349,0.9999992184954004,0.05632755123704984,0.02606395043794273,0.3584336872673385,0.2656632856342052,0.07091477481974484,-0.04722691865265667,0.057111861861002755,0.024803366457454266,5.290107222269192,0.9907258849171957,0.9968560069960292,1.0,0.050241336361308404,0.021869720724768563,0.3181297391223019,0.2232293248721669,0.06563065097581051,-0.040469067845800136,0.050604572642799155,0.02197728665783994,5.1668529059773745,0.9904718959223434,0.9963605330799175,1.0,0.048745249576481596,0.021334696026516515,0.3140538709677675,0.21683009891006008,0.06455821224432147,-0.03862199595437484,0.04902703848628943,0.021292172278653848,5.173107573483382,0.9904367282153639,0.9963433399787275,1.0,0.027450949793381734,0.017451690498768643,0.27808370852942743,0.12199909621979334,0.05332830806080865,0.006736838470035118,0.026186066812156426,0.011372464319269412,5.290107227700743,0.9894614104751314,0.9950585464170749,0.9999937479632036,0.008883649483323097,0.058336781337857246,0.01813595276325941,ok,
759xd9YjKW5,6e1e523c608942daae201e0edb7cdde0,6e1e523c608942daae201e0edb7cdde0_i1_4,1,4,/mnt/priorbimda-data/PriorBIMDA-Datasets/Matterport3D/v1/scans/759xd9YjKW5/undistorted_color_images/6e1e523c608942daae201e0edb7cdde0_i1_4.jpg,/mnt/priorbimda-data/PriorBIMDA-Datasets/Matterport3D/v1/scans/759xd9YjKW5/undistorted_depth_images/6e1e523c608942daae201e0edb7cdde0_d1_4.png,1024,1280,406,504,1.4121168655554452,1182685,0.9023170471191406,-10.287699699401855,-1.38332998752594,1.6047600507736206,True,204624,1.0,True,,1.0,204624,1.0207195281982422,0.02050779840677705,1.0231654971086228,0.0023934517331084745,log-depth Laplacian fallback,,,,0.08220771469805298,0.04576012228248752,0.41057977592286293,0.23604146160230285,0.10779914304659437,-0.015137233689092321,0.08121830825295788,0.035272663103776976,10.673106107325047,0.9756266461483827,0.9961418298194363,0.9984408358945958,0.08255890609279352,0.046493353781938994,0.40662741428530924,0.22546168022598617,0.10686609540045039,0.005370564678514411,0.07988555074455456,0.03469385387216225,10.673106099525132,0.973618503659047,0.9957173719122167,0.9983402173867091,0.08768161329729554,0.04583055406746062,0.4021438693789268,0.22766724269109098,0.10986576954589526,0.023985144781729507,0.08344302185245188,0.036238843943852315,10.72156711852854,0.9708451531895644,0.9956209810727286,0.9982218426715482,0.08856763143021008,0.0452785122619741,0.3975219898380346,0.2260766954347348,0.11135980946430397,0.025219219893486605,0.0840752001287922,0.03651339548084602,10.846657601256737,0.9698736349915658,0.9952083606370251,0.9982116962673916,0.08274565665514012,0.04673458183209214,0.40687462024521237,0.22455812193986865,0.10701307792854531,0.007763984501985178,0.07987448420351456,0.03468904773445482,10.673106104782173,0.9733876729644834,0.9956497292178391,0.9983182335110363,0.007533050142228603,0.058439829386770725,0.018135808408260345,ok,
759xd9YjKW5,6e1e523c608942daae201e0edb7cdde0,6e1e523c608942daae201e0edb7cdde0_i1_5,1,5,/mnt/priorbimda-data/PriorBIMDA-Datasets/Matterport3D/v1/scans/759xd9YjKW5/undistorted_color_images/6e1e523c608942daae201e0edb7cdde0_i1_5.jpg,/mnt/priorbimda-data/PriorBIMDA-Datasets/Matterport3D/v1/scans/759xd9YjKW5/undistorted_depth_images/6e1e523c608942daae201e0edb7cdde0_d1_5.png,1024,1280,406,504,1.4121168655554452,1133394,0.8647109985351562,-10.288800239562988,-1.386639952659607,1.6046799421310425,True,204624,1.0,True,,1.0,204624,0.9771928191184998,-0.023071288051155478,0.9935248381793677,0.016575071432190513,log-depth Laplacian fallback,,,,0.1936831930307271,0.13999655053256066,0.47358176077890035,0.3198559602000251,0.26441732493759973,0.1049184665607545,0.1519131502387942,0.065975042877248,24.271101561671244,0.7861211546911312,0.7991695738639872,0.9881876911294748,0.19106423928263278,0.13203334788258408,0.4883225271318023,0.351018244244308,0.25613980102201045,0.08184717847406034,0.15371808456723896,0.06675891589628925,24.27110154966816,0.787186979991071,0.7999407090561623,0.9884347367287987,0.19010618423277412,0.1332541633116999,0.48249953356202363,0.33904484606153606,0.2575984522894352,0.08714547168082684,0.15177915913808748,0.06591685128158693,24.241004390791772,0.7870114011544088,0.799737778742432,0.9883606230490015,0.18994945306002345,0.13283822599059347,0.48295318631033435,0.3401011330641864,0.25716945093132476,0.08625821462659837,0.15183175616925607,0.06593969388198788,24.22718450455,0.7870405172429005,0.7997651302195,0.9883676814946964,0.19216166014244807,0.13729810537254872,0.4756835135341295,0.32601042127236585,0.2619075764785982,0.0984222612347875,0.1516446029066067,0.06585841425274905,24.271101563448656,0.7864052571303536,0.7993936795148024,0.9882600401978482,0.00807404424995184,0.059633261524140835,0.018137612380087376,ok,
759xd9YjKW5,6e1e523c608942daae201e0edb7cdde0,6e1e523c608942daae201e0edb7cdde0_i2_0,2,0,/mnt/priorbimda-data/PriorBIMDA-Datasets/Matterport3D/v1/scans/759xd9YjKW5/undistorted_color_images/6e1e523c608942daae201e0edb7cdde0_i2_0.jpg,/mnt/priorbimda-data/PriorBIMDA-Datasets/Matterport3D/v1/scans/759xd9YjKW5/undistorted_depth_images/6e1e523c608942daae201e0edb7cdde0_d2_0.png,1024,1280,406,504,1.4165615917841592,1239214,0.9454452514648437,-10.295900344848633,-1.398569941520691,1.637619972229004,True,204624,1.0,True,,1.0,204624,0.9621603488922119,-0.03857415936633457,1.0349792027555584,0.07295549192579853,log-depth Laplacian fallback,,,,0.045734111630421355,0.011269123658627974,0.15473050568753174,0.09638788413629527,0.06608581143883982,-0.02970920401697552,0.04567443749110131,0.019836156166420316,5.903132787095016,0.9893158082461948,0.9979446649247022,0.9994181795880291,0.0758450628162696,0.01774468548222362,0.1975166622615471,0.1659943526413031,0.09026248048659626,-0.06828336329347877,0.07809269376250401,0.03391522597801601,5.903132796171848,0.9911581050569152,0.9984102826469036,0.9994964550109989,0.06835223650256303,0.016798778401731385,0.1884603531407186,0.1455884295651275,0.09039430520676671,-0.0600935250808429,0.07052163471894068,0.030627156813232734,6.752702168148835,0.9747767536519116,0.9983820389375846,0.9994778948591607,0.07044919950751541,0.01790762393597743,0.19336513153765822,0.14931727343283577,0.09541576443885168,-0.06273493821766353,0.07305155451056841,0.03172588701839448,7.189225014058449,0.9590813209017974,0.998382845900708,0.9994778948591607,0.034937743580036186,0.010988801845886832,0.15654246604894798,0.07923645317028948,0.05921593244851913,0.004672149294755278,0.03354932132948173,0.014570285124992984,5.903132792606904,0.9874016917174919,0.9965808972461576,0.9992414546640047,0.007755402475595474,0.058462017215788364,0.018082895316183567,ok,
759xd9YjKW5,6e1e523c608942daae201e0edb7cdde0,6e1e523c608942daae201e0edb7cdde0_i2_1,2,1,/mnt/priorbimda-data/PriorBIMDA-Datasets/Matterport3D/v1/scans/759xd9YjKW5/undistorted_color_images/6e1e523c608942daae201e0edb7cdde0_i2_1.jpg,/mnt/priorbimda-data/PriorBIMDA-Datasets/Matterport3D/v1/scans/759xd9YjKW5/undistorted_depth_images/6e1e523c608942daae201e0edb7cdde0_d2_1.png,1024,1280,406,504,1.4165615917841592,1233307,0.9409385681152344,-10.305500030517578,-1.387619972229004,1.637850046157837,True,204624,1.0,True,,1.0,204624,1.0114789009094238,0.011413518198441741,1.0025762556161835,0.008840575440132298,log-depth Laplacian fallback,,,,0.03680103710423674,0.007553315239990957,0.10320761723312392,0.061215643347237725,0.06238370420814921,-0.0102621344320905,0.036022121926483415,0.015644208779117888,6.1533853671191086,0.9899724886017837,0.9961437014465985,0.9976940048179407,0.03767536963204771,0.0075181946230103115,0.10209178341497023,0.06265431461834593,0.061544624600465114,0.0011513837052192619,0.03647299429065999,0.015840020158922438,6.1533853550509345,0.9889427368854632,0.9960447804155819,0.9976745449429866,0.03728149875929248,0.00760873120544191,0.103406794612628,0.06354666134009501,0.06120372994585935,0.003566274921510165,0.03596746534865879,0.015620471728968946,6.109974011785884,0.9888040852764154,0.9959393727595806,0.9976648150055096,0.03782160414492325,0.007679719178556778,0.1038555018844883,0.0644246972517526,0.06151600619811615,0.005369763217837413,0.03644226861988995,0.015826676169654264,6.128119337570888,0.9886402979955518,0.9959272103377342,0.9976631933492635,0.036847502950323276,0.007503880626762145,0.10257181660731879,0.061221904988076066,0.062012411505417905,-0.007689215300560688,0.03597386310281121,0.015623250238293907,6.1533853680546535,0.9896303191338409,0.9961218090872751,0.9976883290210791,0.008316395804286003,0.058080751448869705,0.018080727197229862,ok,
759xd9YjKW5,6e1e523c608942daae201e0edb7cdde0,6e1e523c608942daae201e0edb7cdde0_i2_2,2,2,/mnt/priorbimda-data/PriorBIMDA-Datasets/Matterport3D/v1/scans/759xd9YjKW5/undistorted_color_images/6e1e523c608942daae201e0edb7cdde0_i2_2.jpg,/mnt/priorbimda-data/PriorBIMDA-Datasets/Matterport3D/v1/scans/759xd9YjKW5/undistorted_depth_images/6e1e523c608942daae201e0edb7cdde0_d2_2.png,1024,1280,406,504,1.4165615917841592,1064897,0.8124519348144531,-10.300800323486328,-1.3738600015640259,1.638200044631958,True,204624,1.0,True,,1.0,204624,1.149869441986084,0.1396484072225341,1.1897384156325732,0.03408505694105421,log-depth Laplacian fallback,,,,0.15648546333751265,0.054035336390095,0.35010433627230725,0.3437650147259093,0.17149268000499496,-0.1696327627877733,0.17030287269711888,0.07396159786463076,2.5188590359180947,0.9933758851795056,1.0,1.0,0.03261404658784684,0.003353343162162035,0.08678543858785108,0.06923573466310827,0.039160268979247494,-0.029984355700963965,0.03313451786977187,0.014390138271366615,2.5188590268712603,0.9983181472010908,1.0,1.0,0.048115921117561064,0.0071703461417597595,0.12518580627469927,0.10300504002806059,0.06007111174496233,-0.04787924627313021,0.049654233610699254,0.02156455966026167,3.6278316424452464,0.9982796458249014,1.0,1.0,0.04202699965188262,0.006401941036167843,0.11847640555118644,0.09062282036319426,0.05665311122550483,-0.03981756694961029,0.043356019767142935,0.01882928014215849,4.03005753525024,0.9983040613317532,1.0,1.0,0.015289488607726973,0.0018770395209513615,0.06827088102897691,0.03669871924231221,0.025520201395206926,0.0041006821881359005,0.01506526267158702,0.006542760446693282,2.5188590370320973,0.9981941915509199,1.0,1.0,0.009280354715883732,0.05998727399855852,0.01812637597322464,ok,
759xd9YjKW5,6e1e523c608942daae201e0edb7cdde0,6e1e523c608942daae201e0edb7cdde0_i2_3,2,3,/mnt/priorbimda-data/PriorBIMDA-Datasets/Matterport3D/v1/scans/759xd9YjKW5/undistorted_color_images/6e1e523c608942daae201e0edb7cdde0_i2_3.jpg,/mnt/priorbimda-data/PriorBIMDA-Datasets/Matterport3D/v1/scans/759xd9YjKW5/undistorted_depth_images/6e1e523c608942daae201e0edb7cdde0_d2_3.png,1024,1280,406,504,1.4165615917841592,1263095,0.9636650085449219,-10.286499977111816,-1.3710399866104126,1.638319969177246,True,204624,1.0,True,,1.0,204624,1.0168641805648804,0.016723559047535128,1.0250426076850843,0.008010621152144268,log-depth Laplacian fallback,,,,0.026869704173006496,0.0025461459458428915,0.09177431570981319,0.07343298542110183,0.030044564784588463,-0.02663408222108673,0.027249604291903748,0.01183435277802096,1.3903292320012735,0.9995487275303916,1.0,1.0,0.011140088658147007,0.0009787710882874984,0.05963729294355057,0.030533770663049124,0.017073956996613744,-0.009910523116120229,0.011204871026922376,0.00486621365743001,1.3903292382995547,0.9995210178173455,1.0,1.0,0.011350109034065255,0.000985835596015974,0.05802351978437289,0.031725731242422624,0.017062364780735306,-0.0002759678206344927,0.011317443543603475,0.004915103280238576,1.706013287383339,0.9994948915164734,1.0,1.0,0.012509899105714935,0.001066312447983856,0.058767487189671834,0.03387181928431986,0.018252685884667337,0.0038184686062584057,0.012421940723727095,0.005394780310843965,1.7848804988215685,0.9994687652156014,1.0,1.0,0.007945999825425074,0.0007542735875539573,0.05319832362277556,0.023558668412178768,0.014032497860344805,-0.0018998577349285872,0.007938510907938841,0.003447651481846611,1.390329230030116,0.9994940998103864,1.0,1.0,0.008609715849161148,0.060562362894415855,0.018163781613111496,ok,
759xd9YjKW5,6e1e523c608942daae201e0edb7cdde0,6e1e523c608942daae201e0edb7cdde0_i2_4,2,4,/mnt/priorbimda-data/PriorBIMDA-Datasets/Matterport3D/v1/scans/759xd9YjKW5/undistorted_color_images/6e1e523c608942daae201e0edb7cdde0_i2_4.jpg,/mnt/priorbimda-data/PriorBIMDA-Datasets/Matterport3D/v1/scans/759xd9YjKW5/undistorted_depth_images/6e1e523c608942daae201e0edb7cdde0_d2_4.png,1024,1280,406,504,1.4165615917841592,1222806,0.9329269409179688,-10.277000427246094,-1.3819899559020996,1.6380900144577026,True,204624,1.0,True,,1.0,204624,1.1221363544464111,0.11523432774367652,1.1131254789272642,0.008062522427278895,log-depth Laplacian fallback,,,,0.10485980245701469,0.023581860809221138,0.2203956670435476,0.20272427708188817,0.11813391182361428,-0.1034869063998231,0.11017210270463826,0.04784713626430276,5.697439184882739,0.9894472222085924,0.9972849331782802,1.0,0.03266315899083961,0.009457202498339598,0.14136445785483467,0.07357455364557589,0.058172873731000635,0.011747421353826787,0.03119731354804721,0.013548821124122458,5.697439187616308,0.9891430038779659,0.9959707427016223,0.9980005004882213,0.03432516688764789,0.00899387120033228,0.13275655109936765,0.06805880012881384,0.0597556143806978,-0.0015080471102586958,0.033320547831909714,0.014470930057391748,5.973658212459011,0.9896860172423099,0.9960386193721653,0.9981599697744368,0.0341375299542265,0.008620890867818922,0.1278854127162504,0.06573173410359386,0.059428717277144126,0.000685996693103126,0.03315517593161878,0.014399109953633556,5.942475785178918,0.9900425742104635,0.9961563813066013,0.9981894102580459,0.031645493037515564,0.00870571451381201,0.13227977384573736,0.06710272222658925,0.05709342848800199,0.0036848670645594577,0.03043784138799009,0.013218986555850512,5.697439188996335,0.9890424155589684,0.9960754199766766,0.9980749194884553,0.007564452476799488,0.059102317318320274,0.01807268988341093,ok,
759xd9YjKW5,6e1e523c608942daae201e0edb7cdde0,6e1e523c608942daae201e0edb7cdde0_i2_5,2,5,/mnt/priorbimda-data/PriorBIMDA-Datasets/Matterport3D/v1/scans/759xd9YjKW5/undistorted_color_images/6e1e523c608942daae201e0edb7cdde0_i2_5.jpg,/mnt/priorbimda-data/PriorBIMDA-Datasets/Matterport3D/v1/scans/759xd9YjKW5/undistorted_depth_images/6e1e523c608942daae201e0edb7cdde0_d2_5.png,1024,1280,406,504,1.4165615917841592,1245572,0.9502960205078125,-10.281700134277344,-1.3957600593566895,1.6377400159835815,True,204624,1.0,True,,1.0,204624,0.9640414118766785,-0.03662102691597898,0.9889358315599098,0.025495195307946163,log-depth Laplacian fallback,,,,0.04499976687126804,0.018180029936297953,0.19941082234086224,0.09950002246348272,0.07783812244500526,0.01814434897399216,0.042096212449895476,0.018282152776016553,7.569383003966454,0.9835176127915528,0.992794475148767,0.9978291098386926,0.04759715422994794,0.014967092714308274,0.16977059228708016,0.08806059837733897,0.07791625983916806,-0.01847667788585397,0.04631616696774202,0.020114855737000042,7.569383014240426,0.9843605989858475,0.9941890151673287,0.9980996682648614,0.04955785779322633,0.015389765202054564,0.17248332958777798,0.09158450637944793,0.07952952090489415,-0.017232893366984477,0.04832540787175402,0.020987457974426728,7.764001598122026,0.9842385666986734,0.9940308549003992,0.9980980625768723,0.049317870148747896,0.01529113300094147,0.1719906959866496,0.09119789693204712,0.07913013864376495,-0.017191122703162268,0.04807798365880252,0.02088000300405265,7.7240171814841805,0.9842144813788364,0.9939987411406165,0.9981141194567636,0.04324298164715354,0.016569731774103806,0.18675060646437439,0.09070296339584666,0.07601852032446652,0.007018513974507096,0.04082777107192494,0.017731275684946222,7.569382995932348,0.9838122565375587,0.9931958971460502,0.9979254511180405,0.008336069993674755,0.05731151718646288,0.018120150081813335,ok,
759xd9YjKW5,74ce4ff76774491f877325c9402b6184,74ce4ff76774491f877325c9402b6184_i0_0,0,0,/mnt/priorbimda-data/PriorBIMDA-Datasets/Matterport3D/v1/scans/759xd9YjKW5/undistorted_color_images/74ce4ff76774491f877325c9402b6184_i0_0.jpg,/mnt/priorbimda-data/PriorBIMDA-Datasets/Matterport3D/v1/scans/759xd9YjKW5/undistorted_depth_images/74ce4ff76774491f877325c9402b6184_d0_0.png,1024,1280,406,504,1.4155678118069965,1215947,0.9276939392089844,-9.612700462341309,-12.903300285339355,1.5826200246810913,True,204624,1.0,True,,1.0,204624,1.0345178842544556,0.03393550587853793,1.113985166504185,0.0740083200120358,log-depth Laplacian fallback,,,,0.09614845082658112,0.012183076679635385,0.11166335218286326,0.09871526619253781,0.12051289558730645,-0.10054381398529363,0.10291228889839699,0.044694239188607064,6.644019470266247,0.9939972712626455,0.999899666679551,1.0,0.07465729132364005,0.007627342140849897,0.08836044198521636,0.07715910484839454,0.09407957366131818,-0.06660830810256961,0.0785510342242208,0.03411428071137256,6.644019470176583,0.9985172051084463,0.999900489083817,1.0,0.06935228255027079,0.00710164558189822,0.08509697607704586,0.0707624199687179,0.09105955420476819,-0.06900164208222044,0.07311659193350538,0.03175413241229318,5.941898519773171,0.9987014236640248,0.999900489083817,1.0,0.0676940785919768,0.0069153941820347216,0.08442337324626634,0.06943118007162367,0.08941969440468166,-0.06764831727869956,0.0713249997132648,0.030976053797221903,5.847723417525024,0.9988527460489643,0.999900489083817,1.0,0.05615239025363762,0.006293905376998156,0.09610568827522094,0.07194955136414764,0.06685102725865087,0.007400024798160087,0.05545508427194206,0.024083837092784235,6.644019475079448,0.996488333784285,0.999900489083817,1.0,0.008933491073548794,0.05882950872182846,0.018108246847987175,ok,
759xd9YjKW5,74ce4ff76774491f877325c9402b6184,74ce4ff76774491f877325c9402b6184_i0_1,0,1,/mnt/priorbimda-data/PriorBIMDA-Datasets/Matterport3D/v1/scans/759xd9YjKW5/undistorted_color_images/74ce4ff76774491f877325c9402b6184_i0_1.jpg,/mnt/priorbimda-data/PriorBIMDA-Datasets/Matterport3D/v1/scans/759xd9YjKW5/undistorted_depth_images/74ce4ff76774491f877325c9402b6184_d0_1.png,1024,1280,406,504,1.4155678118069965,1170935,0.8933525085449219,-9.624879837036133,-12.911199569702148,1.5826799869537354,True,204624,1.0,True,,1.0,204624,1.0892062187194824,0.08544919123881323,1.1772588780297804,0.0777395602034607,log-depth Laplacian fallback,,,,0.15357179470875837,0.020399554559146067,0.13212432138364597,0.13016484849225546,0.1716361870018369,-0.1658859981911392,0.1673296529182506,0.07267034492118261,4.405469660159839,0.8778053435929407,0.9999555910447634,1.0,0.07955457945752992,0.00600797301973522,0.0700597055051501,0.06591467613729238,0.09171093835761016,-0.08043680697224675,0.08331328114929049,0.03618249827239105,4.405469666837901,0.9969434682540022,0.9999786495407517,1.0,0.0714861754350532,0.005190361003734691,0.06478216978437491,0.058602487305827185,0.08537904168091948,-0.07167137390451041,0.07468936250823441,0.03243717799419781,4.639822109727968,0.9968725847292975,0.9999846276693412,1.0,0.06905189493037947,0.004978230152650538,0.06383584818475668,0.05691305298755392,0.08293495814135259,-0.06887573040916384,0.07203873149721889,0.031286023572552134,4.61989290191027,0.9968307378291708,0.9999914598163007,1.0,0.03032549140210266,0.001565235749133372,0.03452448448809009,0.023582099964586847,0.04413719022808873,-0.002697271306798935,0.030261999204586706,0.0131426192659126,4.405469655698482,0.9950569416748154,1.0,1.0,0.00794135220348835,0.061206056736409664,0.01819455809891224,ok,
759xd9YjKW5,74ce4ff76774491f877325c9402b6184,74ce4ff76774491f877325c9402b6184_i0_2,0,2,/mnt/priorbimda-data/PriorBIMDA-Datasets/Matterport3D/v1/scans/759xd9YjKW5/undistorted_color_images/74ce4ff76774491f877325c9402b6184_i0_2.jpg,/mnt/priorbimda-data/PriorBIMDA-Datasets/Matterport3D/v1/scans/759xd9YjKW5/undistorted_depth_images/74ce4ff76774491f877325c9402b6184_d0_2.png,1024,1280,406,504,1.4155678118069965,1220560,0.93121337890625,-9.637860298156738,-12.90470027923584,1.5828900337219238,True,204624,1.0,True,,1.0,204624,1.064234733581543,0.062255980856070946,1.0595985190687778,0.0043659000736051,log-depth Laplacian fallback,,,,0.05780616075064026,0.005032978125027152,0.07462342413277075,0.06375222800995041,0.07196611159288431,-0.05595428997096029,0.060109588661786825,0.026105262665288287,4.52574706722014,0.9991798846431147,1.0,1.0,0.03753315713543972,0.0025782374939687116,0.058303993949609396,0.04405041596970482,0.045694090938543194,0.006301690783116002,0.03712009629150951,0.016121052987119945,4.5257470543257785,0.9979493019597562,1.0,1.0,0.031015137843737384,0.0018024048247022564,0.046577314985594996,0.0355518899774492,0.03899187784307614,0.0179661384983394,0.03044045252838552,0.013220120559715718,3.4606132479487774,0.998169692600118,1.0,1.0,0.03058586348399764,0.001768249518810576,0.045322105129883175,0.03452175022184384,0.039182118007173125,0.017231930421540354,0.03002411317140086,0.01303930667437813,3.5189472082928908,0.9981918135937602,1.0,1.0,0.03726485379067259,0.002459670680091493,0.056287297809789305,0.04321156119588491,0.045298853270281554,0.0019358342817341531,0.037015001866704506,0.016075411058348334,4.525747068977851,0.9980558104476633,1.0,1.0,0.008381052874028683,0.05872715823352337,0.01811941619962454,ok,
759xd9YjKW5,74ce4ff76774491f877325c9402b6184,74ce4ff76774491f877325c9402b6184_i0_3,0,3,/mnt/priorbimda-data/PriorBIMDA-Datasets/Matterport3D/v1/scans/759xd9YjKW5/undistorted_color_images/74ce4ff76774491f877325c9402b6184_i0_3.jpg,/mnt/priorbimda-data/PriorBIMDA-Datasets/Matterport3D/v1/scans/759xd9YjKW5/undistorted_depth_images/74ce4ff76774491f877325c9402b6184_d0_3.png,1024,1280,406,504,1.4155678118069965,1246867,0.9512840270996094,-9.638660430908203,-12.89009952545166,1.5830399990081787,True,204624,1.0,True,,1.0,204624,1.121041178703308,0.11425787731660575,1.1548685655408717,0.029728664113377906,log-depth Laplacian fallback,,,,0.14982620972702743,0.031398622296069933,0.20871184455952818,0.20313199883015792,0.17445251173734277,-0.16404968189225894,0.164051714861701,0.07124675451120244,5.9341222792561075,0.7832086341205597,1.0,1.0,0.05358020421785407,0.005726057716548378,0.08072945914672616,0.06452548345134548,0.07746356912543345,-0.04979180472193071,0.05634121237907817,0.024468677639972816,5.934122280661164,1.0,1.0,1.0,0.03665019853177062,0.0022955361201915073,0.056038031433907544,0.04779935083012919,0.04442743562514514,-0.0355683501228087,0.03759611136727008,0.016327783707825522,2.6621222845085644,1.0,1.0,1.0,0.034572341898655566,0.002122865600783313,0.055929450617209234,0.046817851502442824,0.04126396121845462,-0.03431868287741716,0.03539585426303235,0.01537222418868665,2.29116237093184,1.0,1.0,1.0,0.04498134263300847,0.004236791938955652,0.07452915982469832,0.05847268419527817,0.0626411129745249,-0.020063108241147525,0.046322054651484805,0.02011741272556073,5.934122279150634,1.0,1.0,1.0,0.008861254900693893,0.05858051311224699,0.01814107969403267,ok,
759xd9YjKW5,74ce4ff76774491f877325c9402b6184,74ce4ff76774491f877325c9402b6184_i0_4,0,4,/mnt/priorbimda-data/PriorBIMDA-Datasets/Matterport3D/v1/scans/759xd9YjKW5/undistorted_color_images/74ce4ff76774491f877325c9402b6184_i0_4.jpg,/mnt/priorbimda-data/PriorBIMDA-Datasets/Matterport3D/v1/scans/759xd9YjKW5/undistorted_depth_images/74ce4ff76774491f877325c9402b6184_d0_4.png,1024,1280,406,504,1.4155678118069965,1249760,0.9534912109375,-9.626480102539062,-12.882200241088867,1.5829800367355347,True,204624,1.0,True,,1.0,204624,1.200354814529419,0.18261719186411632,1.2351144088006305,0.028546412630088336,log-depth Laplacian fallback,,,,0.18924287235807516,0.05130709139911284,0.2844535306122511,0.2726918038979961,0.21224071323822755,-0.21021508326233435,0.21021508326233435,0.0912952506736644,2.9253019072933037,0.66326334656254,1.0,1.0,0.03221000905214888,0.0018976513662154043,0.05203506301257879,0.04229596773785591,0.040216697202189046,-0.027597891444649365,0.03293692861877238,0.01430432634997414,2.925301901790497,1.0,1.0,1.0,0.04432454251415151,0.005014437139235669,0.09027187398610684,0.06626688971053873,0.0608130377820543,-0.021992064177350595,0.045722987233348965,0.019857241051576286,5.669721931012893,1.0,1.0,1.0,0.04301236011925077,0.00599342903414619,0.09953291907172047,0.06630176423553193,0.06666713430222329,-0.03417595762478061,0.04502411494619112,0.01955372467370853,5.724081338083761,0.999998399692741,1.0,1.0,0.024115618768689565,0.0013269628989261604,0.04771097459417474,0.03620888569732433,0.029268394034630805,0.000948558835066382,0.024076883617118235,0.010456457696341263,2.925301908355494,1.0,1.0,1.0,0.00787984300404787,0.058182600885629654,0.018143370747566223,ok,
759xd9YjKW5,74ce4ff76774491f877325c9402b6184,74ce4ff76774491f877325c9402b6184_i0_5,0,5,/mnt/priorbimda-data/PriorBIMDA-Datasets/Matterport3D/v1/scans/759xd9YjKW5/undistorted_color_images/74ce4ff76774491f877325c9402b6184_i0_5.jpg,/mnt/priorbimda-data/PriorBIMDA-Datasets/Matterport3D/v1/scans/759xd9YjKW5/undistorted_depth_images/74ce4ff76774491f877325c9402b6184_d0_5.png,1024,1280,406,504,1.4155678118069965,1243597,0.9487892150878906,-9.613499641418457,-12.888799667358398,1.5827699899673462,True,196340,0.9595159903041677,True,,1.0,196340,0.9302837252616882,-0.0722656584360119,0.9643308167455243,0.035944786092602585,log-depth Laplacian fallback,,,,0.07648013995129233,0.024706551804788448,0.2741598234958234,0.1607818011251752,0.10106490885428064,0.016275537962195552,0.07682286784732201,0.03336374759007469,9.974579021575389,0.931250236209962,0.9990680260566727,1.0,0.07128261993167917,0.027534064672748382,0.304411284505103,0.14089969903288446,0.11438582189719708,-0.05599012054137975,0.07674810692520176,0.03333127933413587,9.97457901510588,0.9252474877311541,0.998944191727706,0.9999815052625569,0.06407039443657936,0.027726015615828353,0.3100402817597314,0.13081523109399554,0.11242945763306915,-0.059269806271806086,0.0695517267240805,0.030205931123111106,9.553780931217057,0.9257500621181942,0.9991058196505781,0.999972659953345,0.06259363726530015,0.02767060044935511,0.31019706612621095,0.1284249168898845,0.11208436173021302,-0.059534680448923884,0.0680594571520224,0.029557846682454127,9.496592003615698,0.9257508662372135,0.9991042114125396,0.9999871340956917,0.0694471262916285,0.024160815543299075,0.28369009198064593,0.14512715193240686,0.10174005655715097,-0.02004535964826149,0.07241044284692041,0.03144745576058833,9.974579021103661,0.9256165783609964,0.9990213871535554,0.9999951752858844,0.008614586666226387,0.05904216691851616,0.018089495599269867,ok,
759xd9YjKW5,74ce4ff76774491f877325c9402b6184,74ce4ff76774491f877325c9402b6184_i1_0,1,0,/mnt/priorbimda-data/PriorBIMDA-Datasets/Matterport3D/v1/scans/759xd9YjKW5/undistorted_color_images/74ce4ff76774491f877325c9402b6184_i1_0.jpg,/mnt/priorbimda-data/PriorBIMDA-Datasets/Matterport3D/v1/scans/759xd9YjKW5/undistorted_depth_images/74ce4ff76774491f877325c9402b6184_d1_0.png,1024,1280,406,504,1.4121168655554452,1292079,0.9857780456542968,-9.622200012207031,-12.898599624633789,1.616029977798462,True,204624,1.0,True,,1.0,204624,1.0154997110366821,0.015380817485511596,1.0233593476346985,0.007709876263771934,log-depth Laplacian fallback,,,,0.07949752647330852,0.009242227811266652,0.1033587160476729,0.08950276791962544,0.09913105977636837,-0.030346073822997775,0.08173676821620925,0.03549782740490478,9.437204467380733,0.9826341887763829,1.0,1.0,0.079318544016234,0.009780583720876186,0.11119166048942392,0.09422670975778939,0.09555125166387039,-0.014965256413950523,0.08033809338975521,0.03489039064579881,9.437204456297959,0.9860999211348532,1.0,1.0,0.07466420734919194,0.009351492052573839,0.10449466082163285,0.08366697962828215,0.09780511155074316,-0.01909718912600573,0.07619571478551927,0.033091378476025037,9.592255841531168,0.9824979741950763,1.0,1.0,0.07246198398433977,0.008993457652703018,0.10247952330964208,0.08092589291292882,0.095408714665926,-0.01861411456924936,0.07385906388008237,0.032076583881659564,9.357530429021828,0.9852919210048302,1.0,1.0,0.07975378489256861,0.010299493337817076,0.11658875550282577,0.09740829673244657,0.09465053647834967,-0.007255427873235783,0.0801603542607938,0.03481319952287257,9.437204470612933,0.9858127869890309,1.0,1.0,0.007636667229235172,0.05850216280668974,0.018118486739695072,ok,
759xd9YjKW5,74ce4ff76774491f877325c9402b6184,74ce4ff76774491f877325c9402b6184_i1_1,1,1,/mnt/priorbimda-data/PriorBIMDA-Datasets/Matterport3D/v1/scans/759xd9YjKW5/undistorted_color_images/74ce4ff76774491f877325c9402b6184_i1_1.jpg,/mnt/priorbimda-data/PriorBIMDA-Datasets/Matterport3D/v1/scans/759xd9YjKW5/undistorted_depth_images/74ce4ff76774491f877325c9402b6184_d1_1.png,1024,1280,406,504,1.4121168655554452,1212287,0.9249015808105469,-9.625129699707031,-12.900500297546387,1.6160399913787842,True,204624,1.0,True,,1.0,204624,1.0881431102752686,0.08447267496323245,0.9964911890834288,0.0879876561947016,log-depth Laplacian fallback,,,,0.05090325907406637,0.004388846377804596,0.05686191121427394,0.035656377647569924,0.08420771413968733,-0.011956702798914426,0.05265404489089742,0.022867361146002865,8.3354522245705,0.9505356404877723,1.0,1.0,0.09818019517092531,0.009111937776837572,0.0799094976124544,0.0692627713036369,0.11048322310068534,0.0725159721902978,0.09417419906889543,0.04089933499327964,8.335452215693978,0.9613540358017533,0.9997995524162183,1.0,0.09891466879760502,0.009654399783059053,0.08232454996852967,0.07004105990006963,0.11427569351989302,0.0696392261026968,0.09505816642162873,0.04128323713675437,9.060525546164524,0.9479298218986099,1.0,1.0,0.0992552143049422,0.009663084265472948,0.0821316109359477,0.07002140697077999,0.11452118170171975,0.07032657264721945,0.09534500963949369,0.04140781156344451,9.038403751799141,0.9468434454877435,0.9999925760154155,1.0,0.050634279188498325,0.004428013823674775,0.057213007259844934,0.03554634266334563,0.08477823562330751,-0.015471679275612374,0.05256346571512478,0.02282802310978946,8.335452222761303,0.9506470002565399,1.0,1.0,0.007844668813049793,0.05927292909473181,0.018104320392012596,ok,
759xd9YjKW5,74ce4ff76774491f877325c9402b6184,74ce4ff76774491f877325c9402b6184_i1_2,1,2,/mnt/priorbimda-data/PriorBIMDA-Datasets/Matterport3D/v1/scans/759xd9YjKW5/undistorted_color_images/74ce4ff76774491f877325c9402b6184_i1_2.jpg,/mnt/priorbimda-data/PriorBIMDA-Datasets/Matterport3D/v1/scans/759xd9YjKW5/undistorted_depth_images/74ce4ff76774491f877325c9402b6184_d1_2.png,1024,1280,406,504,1.4121168655554452,1295107,0.9880882263183594,-9.628250122070312,-12.898900032043457,1.6160900592803955,True,204624,1.0,True,,1.0,204624,0.9987724423408508,-0.0012283117252219957,1.040025162684192,0.04047321947445794,log-depth Laplacian fallback,,,,0.04883808067351995,0.005563815426552063,0.09974239866558199,0.0735356627439146,0.06315534242900132,-0.03153582255326821,0.049106895936881494,0.021326853928784854,5.471827092674983,0.989913574708499,0.9993961888863236,1.0,0.04970511689588378,0.0056737740269286845,0.10104949818954231,0.07499126420010825,0.0637775638870169,-0.032764134215772005,0.05003445198302032,0.02172968640127894,5.471827084670531,0.9899969655016921,0.9993977331602717,1.0,0.053304336688177904,0.005529783568437788,0.09832669839329902,0.07665243301545598,0.06495559835844995,-0.03911108354499873,0.054082551540979504,0.023487753701495608,5.186089954908607,0.9931689041909278,0.9995081487475552,1.0,0.052809057953893984,0.005428753414282793,0.09624057800910649,0.0749480441899236,0.06458857767677675,-0.038616580224378236,0.05359578601075691,0.023276354117739224,5.177300549594532,0.9937673103457861,0.9995150979803213,1.0,0.030692754970503527,0.004535153657857523,0.08528400815826494,0.045963304049905535,0.05525865051963547,0.0077090393321189036,0.029488784216951235,0.012806816263457626,5.471827089580823,0.9844159594535432,0.9993321015174808,0.9998610153446781,0.009037701413035393,0.0611953204497695,0.01821361668407917,ok,
759xd9YjKW5,74ce4ff76774491f877325c9402b6184,74ce4ff76774491f877325c9402b6184_i1_3,1,3,/mnt/priorbimda-data/PriorBIMDA-Datasets/Matterport3D/v1/scans/759xd9YjKW5/undistorted_color_images/74ce4ff76774491f877325c9402b6184_i1_3.jpg,/mnt/priorbimda-data/PriorBIMDA-Datasets/Matterport3D/v1/scans/759xd9YjKW5/undistorted_depth_images/74ce4ff76774491f877325c9402b6184_d1_3.png,1024,1280,406,504,1.4121168655554452,1208239,0.9218132019042968,-9.628439903259277,-12.895400047302246,1.616129994392395,True,204624,1.0,True,,1.0,204624,0.9678145051002502,-0.032714837030903735,1.0073633567833686,0.04005121665009387,log-depth Laplacian fallback,,,,0.08091365751613099,0.1452898211471144,0.43845762902967506,0.14853392653637226,0.1837646880702841,0.02751185225722661,0.05642018965029431,0.024502977033057777,18.169358427568472,0.9599392173237249,0.9705422519882242,0.9779795222633932,0.09797355925843303,0.13694111538979775,0.4442626711220253,0.22319942501845827,0.181768065492346,-0.005202984622749078,0.07636578668355765,0.033165239762869926,18.169358432219124,0.9618792308475392,0.9712565146465227,0.9785671543461186,0.10412618404459885,0.12573870142925214,0.4374614099921555,0.24708129864073902,0.17929129195279359,-0.020645360254025972,0.08547448517637725,0.03712109725562193,17.809867060167335,0.9627217793830525,0.9719285671129636,0.9793062465290394,0.10384485057823405,0.12123314280858355,0.434984289182152,0.2506362631311563,0.17761243862606674,-0.022038960032948095,0.0860567422174462,0.03737396827560748,17.62397872086903,0.96192475164268,0.9722521785838729,0.9799890584561498,0.08058582288791835,0.14825961198124232,0.4415378082000636,0.14343713540100658,0.1850052844381008,0.034848194762521906,0.055501057036805024,0.02410380281088206,18.16935843441257,0.959436005624715,0.9703477540453503,0.9777618500975387,0.008511900901794434,0.05847928486764431,0.01814965344965458,ok,
759xd9YjKW5,74ce4ff76774491f877325c9402b6184,74ce4ff76774491f877325c9402b6184_i1_4,1,4,/mnt/priorbimda-data/PriorBIMDA-Datasets/Matterport3D/v1/scans/759xd9YjKW5/undistorted_color_images/74ce4ff76774491f877325c9402b6184_i1_4.jpg,/mnt/priorbimda-data/PriorBIMDA-Datasets/Matterport3D/v1/scans/759xd9YjKW5/undistorted_depth_images/74ce4ff76774491f877325c9402b6184_d1_4.png,1024,1280,406,504,1.4121168655554452,1298258,0.9904922485351563,-9.625510215759277,-12.893500328063965,1.6161099672317505,True,204624,1.0,True,,1.0,204624,0.9919151663780212,-0.008117693118208223,1.0008706627738673,0.008987977085102069,log-depth Laplacian fallback,,,,0.05894085935312036,0.0862985110747983,0.3323461942739847,0.10555584467645789,0.14373833257645388,0.02457949607475051,0.04439534617931664,0.01928065386786183,14.162117293883208,0.9714987313769682,0.9807264811770849,0.9879561689587124,0.05997001320001993,0.08417165008082912,0.3282430964734798,0.10908852256996517,0.14257470868495137,0.016461803068073537,0.045905769379572386,0.019936622329071556,14.16211728391864,0.9715357039972025,0.9808697500804925,0.9879723444800649,0.059995864850013195,0.08902540212386488,0.3353443332050813,0.10493917291088799,0.14556207023965043,0.018409201595597946,0.04502309509791611,0.019553281759230316,14.439327404372253,0.9713639353656978,0.9797089638577232,0.9877528195474243,0.05954622341459398,0.08555518228609317,0.3288699157116194,0.1037899656647743,0.14448289436447173,0.01888764614466808,0.04491816988124468,0.019507713316617416,14.324302282152837,0.9714733127005573,0.9795911136307267,0.9877720761204629,0.058973662032859295,0.0865485233615454,0.3328637165306202,0.10554679084956035,0.14388971492010724,0.025449821901655904,0.044376839435682616,0.01927261649122357,14.162117294022009,0.9715018124286544,0.980709535392811,0.987948466329497,0.008053499273955822,0.058523581363260746,0.01808849535882473,ok,
759xd9YjKW5,74ce4ff76774491f877325c9402b6184,74ce4ff76774491f877325c9402b6184_i1_5,1,5,/mnt/priorbimda-data/PriorBIMDA-Datasets/Matterport3D/v1/scans/759xd9YjKW5/undistorted_color_images/74ce4ff76774491f877325c9402b6184_i1_5.jpg,/mnt/priorbimda-data/PriorBIMDA-Datasets/Matterport3D/v1/scans/759xd9YjKW5/undistorted_depth_images/74ce4ff76774491f877325c9402b6184_d1_5.png,1024,1280,406,504,1.4121168655554452,969768,0.739874267578125,-9.622389793395996,-12.895099639892578,1.6160600185394287,True,84081,0.4109048791930565,True,,1.0,84081,0.9016619920730591,-0.10351556077527493,1.0117165096274445,0.11516396357050415,log-depth Laplacian fallback,,,,0.05742679533520508,0.029741481451510426,0.26695602193541956,0.15832928716502087,0.09831436784703693,-0.0006081843432127452,0.055284971280255744,0.024009957959194812,9.831248667878947,0.9623518202291682,0.9904832908489453,0.9954123047986735,0.11082309665021293,0.060531300928029816,0.46775609486220826,0.392849374797259,0.14320300055879534,-0.10412374527932963,0.11683307467619111,0.05073995963566036,9.83124866842845,0.9282467559251285,0.9919774626508608,0.9971601455193407,0.11443231684323324,0.06080834583628579,0.46758926740153484,0.4001505582035584,0.14333775199192006,-0.10819579604002709,0.1204636842995309,0.052316713361021665,9.401798160650992,0.9280714562658285,0.9920733618762425,0.9969332871367172,0.11243049813738257,0.059136236229026425,0.4616445032885353,0.39411560690529057,0.14037057112413764,-0.10589588992184697,0.1181121224971183,0.05129544304637942,9.21409666509781,0.9280786744870938,0.9921857598930879,0.9968920401580584,0.0568059246902349,0.03061243150916289,0.2664675360338508,0.1478774297879412,0.09893043474103715,0.011040194110029768,0.0540006140274143,0.02345216869149336,9.83124866538502,0.9748496547627886,0.9903987345426948,0.9952730962457,0.008869959972798824,0.0612557353451848,0.018121344968676567,ok,
759xd9YjKW5,74ce4ff76774491f877325c9402b6184,74ce4ff76774491f877325c9402b6184_i2_0,2,0,/mnt/priorbimda-data/PriorBIMDA-Datasets/Matterport3D/v1/scans/759xd9YjKW5/undistorted_color_images/74ce4ff76774491f877325c9402b6184_i2_0.jpg,/mnt/priorbimda-data/PriorBIMDA-Datasets/Matterport3D/v1/scans/759xd9YjKW5/undistorted_depth_images/74ce4ff76774491f877325c9402b6184_d2_0.png,1024,1280,406,504,1.4165615917841592,1222343,0.9325736999511719,-9.611969947814941,-12.903900146484375,1.6491199731826782,True,198292,0.9690554382672609,True,,1.0,198292,1.0738916397094727,0.07128909687126007,1.093709084785279,0.018285652922406748,log-depth Laplacian fallback,,,,0.09505777388010325,0.018590807194187306,0.1761249131026771,0.1458135813434743,0.1109294200419529,-0.08016037387315235,0.0987421582421976,0.04288317445580414,7.66788803475928,0.9863066258816061,0.9987949372639268,1.0,0.05218554912960322,0.011170454398631062,0.13198869792855128,0.08005419667119305,0.07719035068623034,-0.00887127702654012,0.05084418134063175,0.02208134739312467,7.667888029295682,0.9729044957102876,0.997642232990249,1.0,0.060829160735950974,0.012629329434243228,0.13670843983211067,0.08316912208023394,0.08685300845417145,-0.02212948996864377,0.060159436940663,0.026126911497736594,8.398649148088085,0.9742420908042996,0.9966179705696355,0.9999705483649025,0.05817871746758092,0.012554742347473549,0.13643905258339503,0.07876787151887178,0.08645207870134114,-0.01789321875845798,0.05738529432700328,0.024922116668611504,8.458010779281881,0.9742895406608456,0.9966670566281314,1.0,0.050511201245483285,0.011533351545593241,0.13256132805161344,0.07551615590536671,0.07725465436593018,0.009414400060699074,0.04823936436181801,0.02095008975285795,7.6678880356304395,0.9700460509038789,0.9965312518662929,0.9999950913941504,0.00816257856786251,0.05920857284218073,0.018071035854518414,ok,
759xd9YjKW5,74ce4ff76774491f877325c9402b6184,74ce4ff76774491f877325c9402b6184_i2_1,2,1,/mnt/priorbimda-data/PriorBIMDA-Datasets/Matterport3D/v1/scans/759xd9YjKW5/undistorted_color_images/74ce4ff76774491f877325c9402b6184_i2_1.jpg,/mnt/priorbimda-data/PriorBIMDA-Datasets/Matterport3D/v1/scans/759xd9YjKW5/undistorted_depth_images/74ce4ff76774491f877325c9402b6184_d2_1.png,1024,1280,406,504,1.4165615917841592,1134777,0.8657661437988281,-9.624159812927246,-12.91189956665039,1.6491700410842896,True,204624,1.0,True,,1.0,204624,1.1063587665557861,0.101074232557331,1.1329197722258662,0.023723936942436005,log-depth Laplacian fallback,,,,0.12624293212037732,0.016988354120546296,0.12694704003895374,0.11824746340751721,0.14941153801140608,-0.13380385214302953,0.13651266325078673,0.05928669635973357,6.6485613801935655,0.8745092648159065,0.9999788504701805,1.0,0.0505095455405548,0.004450357197110805,0.06328379691415657,0.04628635675837589,0.07410509318807948,-0.03272961954301692,0.05223933837232089,0.022687256393375748,6.648561378962602,0.9926602319222191,1.0,1.0,0.04294730999310642,0.0037417849838622098,0.05821438078828234,0.039603050109861565,0.06726711871942054,-0.02812779371267775,0.044268204810198775,0.01922543707283232,6.110394816760749,0.992984524712785,1.0,1.0,0.04224264853606957,0.003548140541137239,0.056816084291174795,0.03919713367336872,0.06496806816105541,-0.022717284321852837,0.04331660520338328,0.01881216261461105,6.086686186768331,0.9928726084508234,1.0,1.0,0.047631431445397554,0.003977632382299183,0.060850670670924534,0.04529472060862209,0.06709276340518705,-0.009005668444175927,0.04821476316663287,0.020939405589540817,6.648561376130916,0.9921878924229166,1.0,1.0,0.007983759976923466,0.06009426526725292,0.018082004971802235,ok,
759xd9YjKW5,74ce4ff76774491f877325c9402b6184,74ce4ff76774491f877325c9402b6184_i2_2,2,2,/mnt/priorbimda-data/PriorBIMDA-Datasets/Matterport3D/v1/scans/759xd9YjKW5/undistorted_color_images/74ce4ff76774491f877325c9402b6184_i2_2.jpg,/mnt/priorbimda-data/PriorBIMDA-Datasets/Matterport3D/v1/scans/759xd9YjKW5/undistorted_depth_images/74ce4ff76774491f877325c9402b6184_d2_2.png,1024,1280,406,504,1.4165615917841592,1220493,0.9311622619628906,-9.637140274047852,-12.90530014038086,1.6493799686431885,True,204624,1.0,True,,1.0,204624,1.1172159910202026,0.11083986846675803,1.1612616317545648,0.03866715920988295,log-depth Laplacian fallback,,,,0.1260848537923569,0.03524303643439365,0.2895967150868626,0.23411610694546267,0.14297915288905758,-0.1335879335746719,0.1356176904994522,0.0588980146323752,5.096373381259997,0.9751026839154342,1.0,1.0,0.0438517134822895,0.006250488145865324,0.1265934736197476,0.0865567082869493,0.05581018400650116,-0.02274806514706567,0.04450256972566494,0.019327220462370988,5.096373387914561,0.9968201374362655,1.0,1.0,0.040988996629364824,0.0048845240477360845,0.10234025296006502,0.07271983405687849,0.054270718980647024,-0.03534465876862563,0.04194604941676856,0.01821693779934371,4.118332229441641,0.9976722521145144,1.0,1.0,0.03780131972086634,0.004403135803559004,0.09467528615597867,0.06481297921477372,0.052555255721663426,-0.031099350630835285,0.03866965512917047,0.01679401783970052,4.2366086606031965,0.9976665167272569,1.0,1.0,0.04175892844406242,0.0042329493428593604,0.08972493973415181,0.06288830762601233,0.05339214348878402,0.015919133673617972,0.0407819850200488,0.017711391055268283,5.096373386446861,0.9955100111184578,1.0,1.0,0.00813338067382574,0.059710451401770115,0.018128971569240093,ok,
759xd9YjKW5,74ce4ff76774491f877325c9402b6184,74ce4ff76774491f877325c9402b6184_i2_3,2,3,/mnt/priorbimda-data/PriorBIMDA-Datasets/Matterport3D/v1/scans/759xd9YjKW5/undistorted_color_images/74ce4ff76774491f877325c9402b6184_i2_3.jpg,/mnt/priorbimda-data/PriorBIMDA-Datasets/Matterport3D/v1/scans/759xd9YjKW5/undistorted_depth_images/74ce4ff76774491f877325c9402b6184_d2_3.png,1024,1280,406,504,1.4165615917841592,1236875,0.9436607360839844,-9.637929916381836,-12.890800476074219,1.649530053138733,True,204624,1.0,True,,1.0,204624,0.9911283850669861,-0.008911202016936475,1.0315061980656406,0.03993126431684683,log-depth Laplacian fallback,,,,0.09248559643104866,0.06788893025967993,0.3116918102948837,0.13787587140214871,0.15200457458642128,-0.014408836043221972,0.08299853312231578,0.03604580494108602,15.132011148250735,0.9504161697827186,0.9779355229914098,0.9887304699343102,0.0965156249733314,0.06662604072343715,0.30779344740470976,0.1435496570367895,0.15310649993025768,-0.023320038039383525,0.08787007790867954,0.03816148996014835,15.132011150780885,0.9520242546740778,0.9783009600808489,0.9889439110661951,0.11738353492973995,0.0699106809865476,0.3176251111740726,0.17301065376237404,0.17834092532040166,-0.052589120148817496,0.11521535491593558,0.05003739287051552,17.04108860551764,0.8002077817079333,0.9812414350682163,0.9887911066195048,0.11765173620988291,0.0686644865672778,0.3136747883648353,0.17223223809636923,0.1791977458466282,-0.05446161752909719,0.11613498724319837,0.050436784115625515,17.07213060301118,0.7807700859019707,0.9816586154623548,0.9892147549267307,0.08807985002606178,0.07493250012191421,0.33424915767419194,0.14257225168747634,0.15222913137181246,0.01661120950465011,0.07583021097024484,0.03293264218593677,15.132011154175496,0.9453922182920667,0.9764236483072258,0.9879607882769075,0.007936205714941025,0.05916289519518614,0.018102359026670456,ok,
759xd9YjKW5,74ce4ff76774491f877325c9402b6184,74ce4ff76774491f877325c9402b6184_i2_4,2,4,/mnt/priorbimda-data/PriorBIMDA-Datasets/Matterport3D/v1/scans/759xd9YjKW5/undistorted_color_images/74ce4ff76774491f877325c9402b6184_i2_4.jpg,/mnt/priorbimda-data/PriorBIMDA-Datasets/Matterport3D/v1/scans/759xd9YjKW5/undistorted_depth_images/74ce4ff76774491f877325c9402b6184_d2_4.png,1024,1280,406,504,1.4165615917841592,1232388,0.9402374267578125,-9.625749588012695,-12.882800102233887,1.6494699716567993,True,204624,1.0,True,,1.0,204624,1.0347704887390137,0.03417965211654867,1.0798811084862254,0.04267129822483403,log-depth Laplacian fallback,,,,0.08327675966364494,0.030510460659350952,0.20990372475159796,0.12097439513697153,0.12319190305552347,-0.0535351848281559,0.08161995471636756,0.03544709594651175,11.095147121087075,0.9720485756109277,0.987479592466009,0.9936172698857827,0.06367324500412357,0.02937710806858276,0.20202157852147348,0.09198717058994148,0.11262710861580696,-0.019355532721599022,0.0595501481496072,0.025862300737895555,11.095147114040394,0.9707819290677936,0.9858599726709445,0.9930955186191361,0.10333875626427444,0.04589342356603207,0.24608306026105117,0.13997216407971472,0.15119608388241534,-0.047979399059320055,0.10113757152528119,0.043923489226525086,14.338142504273312,0.9690519544169531,0.9833810455798012,0.9922483828145032,0.1047820162426819,0.045489789329614685,0.24463867600988454,0.14211029791582253,0.15230594022103214,-0.052080018299912996,0.1030672501923669,0.044761538023486806,14.312501919822873,0.9693740932238872,0.9836244754087187,0.992258931440423,0.05653330501837523,0.033281321134401035,0.2155606700869497,0.0914207610178043,0.11337483105353315,0.02331573178758332,0.04989928797145078,0.02167098541690238,11.095147122786008,0.9690665602066881,0.9832812393499449,0.9919335469024366,0.008442176505923271,0.05899095442146063,0.018111858516931534,ok,
759xd9YjKW5,74ce4ff76774491f877325c9402b6184,74ce4ff76774491f877325c9402b6184_i2_5,2,5,/mnt/priorbimda-data/PriorBIMDA-Datasets/Matterport3D/v1/scans/759xd9YjKW5/undistorted_color_images/74ce4ff76774491f877325c9402b6184_i2_5.jpg,/mnt/priorbimda-data/PriorBIMDA-Datasets/Matterport3D/v1/scans/759xd9YjKW5/undistorted_depth_images/74ce4ff76774491f877325c9402b6184_d2_5.png,1024,1280,406,504,1.4165615917841592,1236597,0.9434486389160156,-9.612770080566406,-12.889399528503418,1.6492700576782227,True,144535,0.7063443193369302,True,,1.0,144535,1.0245894193649292,0.024291965868951416,1.0132510463775652,0.011127946648838857,log-depth Laplacian fallback,,,,0.04191614056341849,0.019533143860580287,0.17628563948130124,0.07510526080490286,0.08674646775811368,-0.0016703055629772139,0.03833967498773948,0.01665070928513938,8.673038537811154,0.9747241825752448,0.9878109036331157,0.9965227151610427,0.041565454742960535,0.02161850259316778,0.18400832791702712,0.07122275455885348,0.08963202145506895,0.02262166033077168,0.03703103893840848,0.016082375870095245,8.673038541365495,0.9722350935672657,0.9866908944466144,0.9960027397769847,0.046096648061517836,0.02200961710518724,0.1860349589233389,0.07965906349736665,0.09154288479965339,0.018043581049131282,0.041712627269560786,0.01811556384885736,8.974702747370547,0.9730655985741515,0.9867135372316123,0.996134553132508,0.047810993607520245,0.02227777107118416,0.18733342687059862,0.08267576262108461,0.09244615407761862,0.018213487052172034,0.04339981399049376,0.01884829973169899,9.063421149402231,0.9729709840796962,0.9867984476753542,0.9962332109814273,0.03812171463295406,0.02031277183422294,0.1779388976006495,0.06306613652758707,0.0874886601250309,0.011493733249053364,0.03402620944455103,0.014777395001852838,8.673038537025404,0.9732564449048478,0.9871672016024623,0.9962534277537468,0.00851201917976141,0.05941461492329836,0.018161898478865623,ok,
759xd9YjKW5,87449aea807942e0998e230c344f0e42,87449aea807942e0998e230c344f0e42_i0_0,0,0,/mnt/priorbimda-data/PriorBIMDA-Datasets/Matterport3D/v1/scans/759xd9YjKW5/undistorted_color_images/87449aea807942e0998e230c344f0e42_i0_0.jpg,/mnt/priorbimda-data/PriorBIMDA-Datasets/Matterport3D/v1/scans/759xd9YjKW5/undistorted_depth_images/87449aea807942e0998e230c344f0e42_d0_0.png,1024,1280,406,504,1.4155678118069965,1065821,0.8131568908691407,-6.9405999183654785,3.2493200302124023,1.59375,True,204624,1.0,True,,1.0,204624,0.8902873992919922,-0.11621094783077128,0.9035575610851286,0.014795485855601198,log-depth Laplacian fallback,,,,0.1146881862535055,0.01683311170512434,0.14334578855150748,0.11417944664726505,0.12730371646687344,0.10018900010451569,0.10618070932055805,0.046113696142491556,7.85391652892712,0.9916683945990931,0.9932474590010894,0.9999305699549924,0.06012721586909245,0.006244422988327044,0.0833675377779911,0.06204275351277259,0.08015674203349375,-0.01602194778186234,0.06060042915355138,0.026318431982356307,7.853916527885525,0.9919067085373623,0.9961794710368814,0.9999962470245942,0.051629652346416165,0.005583670467564546,0.07393855794952431,0.05136168574390319,0.07812340059452327,-0.010061306587994014,0.05186384511961935,0.02252418174573558,7.74728070370162,0.9919676943877067,0.994343327819587,0.9999924940491883,0.052362275872753834,0.005686626023038179,0.07424029459548977,0.05156709377243738,0.07909768275411737,-0.008000328366916783,0.05254058000795904,0.0228180839734529,7.869204637758827,0.9919508059983806,0.9942945391393114,0.999989679317634,0.059780545282730524,0.005722698566607467,0.07570874723859353,0.05642408883608277,0.07854874127994416,-0.0012264863417711788,0.05936926169855316,0.025783742750351734,7.8539165312072505,0.9919348558529059,0.9948040055506506,0.9999962470245942,0.00850937981158495,0.05916214734315872,0.018114041537046432,ok,
759xd9YjKW5,87449aea807942e0998e230c344f0e42,87449aea807942e0998e230c344f0e42_i0_1,0,1,/mnt/priorbimda-data/PriorBIMDA-Datasets/Matterport3D/v1/scans/759xd9YjKW5/undistorted_color_images/87449aea807942e0998e230c344f0e42_i0_1.jpg,/mnt/priorbimda-data/PriorBIMDA-Datasets/Matterport3D/v1/scans/759xd9YjKW5/undistorted_depth_images/87449aea807942e0998e230c344f0e42_d0_1.png,1024,1280,406,504,1.4155678118069965,1115746,0.8512466430664063,-6.926050186157227,3.249119997024536,1.5938299894332886,True,204624,1.0,True,,1.0,204624,0.9380379915237427,-0.06396482810556697,0.8765741403231,0.06776916330064225,log-depth Laplacian fallback,,,,0.15460058017392952,0.03985374430954941,0.2264754700041567,0.16730502551820517,0.16838572398468704,0.13875090465826873,0.13901181374188343,0.060372063627462634,9.54040800928306,0.8699130447252331,0.9957149745551407,0.9985785295219521,0.10051730608174587,0.020099475344435583,0.1538047502123465,0.10217204162636152,0.1212225052349225,0.07478607658014338,0.09291970214837975,0.040354513903135054,9.54040802333933,0.9001744124558816,0.9979018522136759,0.9986744294848469,0.09764110681297852,0.028411031390019915,0.195877816593468,0.12177288855870194,0.13078727430877973,0.07773439839010717,0.08832755069189417,0.03836016786551941,10.517924903728918,0.8794895970946792,0.9976885420158351,0.9986376827700928,0.09948164529235115,0.028684941218099086,0.19655678462330198,0.12316037417196947,0.13172864869856238,0.08127028165973814,0.089981588220114,0.03907850723688617,10.367052718538712,0.8783836106067151,0.9976777868798096,0.9986376827700928,0.07219557937229394,0.012151678626795769,0.11915060882361017,0.07525768272265039,0.09566177847255009,0.0070169341802726135,0.07024173573664809,0.03050559822973271,9.540408007648818,0.9940282107217951,0.9982881408492614,0.9988733995013201,0.009002681821584702,0.05844647344201803,0.01808252278715372,ok,
759xd9YjKW5,87449aea807942e0998e230c344f0e42,87449aea807942e0998e230c344f0e42_i0_2,0,2,/mnt/priorbimda-data/PriorBIMDA-Datasets/Matterport3D/v1/scans/759xd9YjKW5/undistorted_color_images/87449aea807942e0998e230c344f0e42_i0_2.jpg,/mnt/priorbimda-data/PriorBIMDA-Datasets/Matterport3D/v1/scans/759xd9YjKW5/undistorted_depth_images/87449aea807942e0998e230c344f0e42_d0_2.png,1024,1280,406,504,1.4155678118069965,1079451,0.8235557556152344,-6.918950080871582,3.236419916152954,1.5937199592590332,True,204624,1.0,True,,1.0,204624,0.6779567003250122,-0.38867185690853817,0.6131720207394841,0.10043790439566924,log-depth Laplacian fallback,,,,0.6206500285109907,0.3279160102436506,0.5368984715838108,0.5211505140698586,0.4841093525019092,0.4816300749078789,0.4816304631890765,0.20916945247952326,4.893195401829709,0.00019083774993028865,0.23876118508389912,0.9990421056629712,0.10008337109770403,0.010422317971830786,0.09509072848585498,0.0835555924672956,0.10505030427079377,0.09295821807879806,0.094364298218963,0.04098189400516843,4.893195396671766,0.9986168895114276,1.0,1.0,0.07934628288592156,0.006428629377668634,0.07494924970763585,0.06666335419645235,0.08316421432580463,0.07559034393837145,0.07576270185567362,0.0329033233500003,3.46754444485875,0.9984001126498563,0.9993024231762256,1.0,0.07856284472346844,0.006196736795796512,0.07372806322128768,0.06605878530149249,0.0815987822296931,0.07496881254469888,0.07511526394289561,0.03262214463710585,3.2218603430420107,0.998362130379239,0.9992431337781891,1.0,0.036719573969440755,0.001978949720729027,0.041339310053987624,0.03070228190452675,0.04950032797044789,-0.007479728906634376,0.03698973612588539,0.01606443828652939,4.893195402459587,0.9985557473197023,0.9999916624284011,1.0,0.008424147963523865,0.05790780019015074,0.018178556114435196,ok,
759xd9YjKW5,87449aea807942e0998e230c344f0e42,87449aea807942e0998e230c344f0e42_i0_3,0,3,/mnt/priorbimda-data/PriorBIMDA-Datasets/Matterport3D/v1/scans/759xd9YjKW5/undistorted_color_images/87449aea807942e0998e230c344f0e42_i0_3.jpg,/mnt/priorbimda-data/PriorBIMDA-Datasets/Matterport3D/v1/scans/759xd9YjKW5/undistorted_depth_images/87449aea807942e0998e230c344f0e42_d0_3.png,1024,1280,406,504,1.4155678118069965,1187963,0.9063438415527344,-6.926400184631348,3.2239201068878174,1.5935300588607788,True,204624,1.0,True,,1.0,204624,0.9711281061172485,-0.029296887243506244,1.0078915013295962,0.037157413529499084,log-depth Laplacian fallback,,,,0.05135401013615101,0.0066204686870593756,0.09120252194819185,0.06373067579449047,0.06917066365734423,0.00021962601396099756,0.050280712664374144,0.021836636056300627,6.9170314985631185,0.9934896962279128,0.9962322058852001,0.9996144661071094,0.05685823954242321,0.00762177764682606,0.10074995603835857,0.07213162319956432,0.0750334565418199,-0.029077261003556596,0.05734396253319423,0.02490416649863308,6.917031511525898,0.9938870149996254,0.996719594802195,0.9996279345400488,0.034065567468058514,0.00419102463940799,0.07467046595809752,0.04248501846019991,0.055469332680423915,-0.02698380718288078,0.0343934736086985,0.014936895801742888,4.846360508596793,0.9942893844336903,0.9994435853641906,0.9996447700812231,0.03385502943328451,0.0040167455667277484,0.07438696257666579,0.04316682216317767,0.055237025688387224,-0.025468490450088976,0.0343387364174977,0.014913123741649499,4.901515073008831,0.9944771007177833,0.9995589088212343,0.999697802035922,0.051459787341809726,0.0067470992019838345,0.09214348889653612,0.06385501757232188,0.0696406626004649,0.008080186452071493,0.04998277028117195,0.021707241323350824,6.917031497927092,0.9934164616238048,0.996170756159914,0.9996110989988746,0.007935987785458565,0.058399985544383526,0.018162149004638195,ok,
759xd9YjKW5,87449aea807942e0998e230c344f0e42,87449aea807942e0998e230c344f0e42_i0_4,0,4,/mnt/priorbimda-data/PriorBIMDA-Datasets/Matterport3D/v1/scans/759xd9YjKW5/undistorted_color_images/87449aea807942e0998e230c344f0e42_i0_4.jpg,/mnt/priorbimda-data/PriorBIMDA-Datasets/Matterport3D/v1/scans/759xd9YjKW5/undistorted_depth_images/87449aea807942e0998e230c344f0e42_d0_4.png,1024,1280,406,504,1.4155678118069965,1200442,0.9158645629882812,-6.9409499168396,3.2241299152374268,1.5934499502182007,True,204624,1.0,True,,1.0,204624,1.1353638172149658,0.12695314337190938,1.166126175430584,0.026734150906490534,log-depth Laplacian fallback,,,,0.15108193126689942,0.04481004506320793,0.2465387290966924,0.22198810597003726,0.17790467598049195,-0.1493569053508124,0.15933296436517094,0.06919742720908122,9.665706678640884,0.9106254196371003,0.9957990473508924,0.9961447533491831,0.053306065694385715,0.02398886140595324,0.14307289020991548,0.07078908380085125,0.09921953988183412,-0.02240376192614258,0.04903808405772345,0.021296969309377113,9.665706671485326,0.9940097064248002,0.9955824604603971,0.9959090068491439,0.07162257734796679,0.029513578072490054,0.16970324004599294,0.1003750623583708,0.11520430333716439,-0.03723632851000844,0.06837345676160166,0.029694214980214174,10.902058221499331,0.9942937684619498,0.9956282769180018,0.99587235368306,0.07190551721323224,0.02972161552416988,0.17097291099534162,0.10012336218982168,0.11642137234475765,-0.03359574755837073,0.06873555866139909,0.029851473837182917,11.146865785785225,0.9943079299124823,0.9956232787589905,0.9958706876300563,0.04735265997985492,0.025835636227654567,0.1576784641237141,0.07234529881484697,0.09675402060095621,0.004330351655461865,0.04176811566341975,0.018139662152119984,9.665706677212121,0.9934507456420218,0.9954983247837047,0.995881516974581,0.00846557505428791,0.05767188873142004,0.01814732514321804,ok,
759xd9YjKW5,87449aea807942e0998e230c344f0e42,87449aea807942e0998e230c344f0e42_i0_5,0,5,/mnt/priorbimda-data/PriorBIMDA-Datasets/Matterport3D/v1/scans/759xd9YjKW5/undistorted_color_images/87449aea807942e0998e230c344f0e42_i0_5.jpg,/mnt/priorbimda-data/PriorBIMDA-Datasets/Matterport3D/v1/scans/759xd9YjKW5/undistorted_depth_images/87449aea807942e0998e230c344f0e42_d0_5.png,1024,1280,406,504,1.4155678118069965,977492,0.7457672119140625,-6.948050022125244,3.236829996109009,1.593559980392456,True,204624,1.0,True,,1.0,204624,0.9678145051002502,-0.032714837030903735,0.9287104999411727,0.04124337716968343,log-depth Laplacian fallback,,,,0.08359606208023383,0.00947403784078915,0.0946911244268597,0.0732910091593279,0.09279633538600914,0.07860341459317963,0.0790740889548726,0.03434144049462805,4.9322034379832775,0.9852295466356757,0.9986946184725809,0.9991877171373269,0.050571633788486295,0.005193770747598178,0.07088012185517821,0.046132261014976216,0.06736783094091534,0.04588857767721392,0.04822138627145638,0.020942281967418742,4.932203447188745,0.9968378257827174,0.9988439803087903,0.9993237796319561,0.05196280889122619,0.004355659107215594,0.06344149109360411,0.04522758580307884,0.0637982378338627,0.03610602970666299,0.05017273802065082,0.02178974326434611,5.259819169446493,0.9971488257704411,0.9988419342562395,0.9992849046334906,0.05508380722708097,0.004559229420308468,0.06462170947242529,0.04746231301823656,0.06567961618890641,0.039138193908407344,0.05318040618355213,0.023095956950890274,5.274479841946468,0.9973892369451617,0.9988429572825148,0.9992664901605333,0.03220944542846434,0.002677272629774709,0.050354028839610696,0.027622240685037762,0.04954029838969838,0.004645222273925334,0.031462091852956765,0.013663812880872374,4.932203437173065,0.9964603290870923,0.998973904645767,1.0,0.009252876043319702,0.057076516561210155,0.0181777011603117,ok,
759xd9YjKW5,87449aea807942e0998e230c344f0e42,87449aea807942e0998e230c344f0e42_i1_0,1,0,/mnt/priorbimda-data/PriorBIMDA-Datasets/Matterport3D/v1/scans/759xd9YjKW5/undistorted_color_images/87449aea807942e0998e230c344f0e42_i1_0.jpg,/mnt/priorbimda-data/PriorBIMDA-Datasets/Matterport3D/v1/scans/759xd9YjKW5/undistorted_depth_images/87449aea807942e0998e230c344f0e42_d1_0.png,1024,1280,406,504,1.4121168655554452,770628,0.5879425048828125,-6.935389995574951,3.2392899990081787,1.6269099712371826,True,204624,1.0,True,,1.0,204624,0.9682871699333191,-0.03222657254711725,0.9694161686513703,0.0011652958668407591,log-depth Laplacian fallback,,,,0.05602589936462307,0.015345941914639765,0.12098358747051391,0.08686594097628099,0.1051036193533649,0.03094925886972204,0.049864332323997014,0.02165580437210184,10.044358703566871,0.9816448403120572,0.9850563436573807,0.9888311870318753,0.041785809128755916,0.012954450116567838,0.10216231237823467,0.051228139046496354,0.10045170839003029,-0.0012773136349861157,0.037149574018589954,0.01613385500133004,10.044358709421703,0.9810466269068864,0.9852665618171154,0.9890764415515657,0.04121224556804989,0.012505034592818633,0.09976052873307584,0.05435705152211622,0.098123255117422,0.008584496053878699,0.03631294826498707,0.015770513053122142,9.774701848312112,0.9816344591683666,0.9853509086096015,0.9890673580508365,0.04078851541945709,0.01207912136764596,0.09840255883984048,0.05374941692621204,0.09694313997832477,0.00798482003802343,0.0360751511119483,0.01566723906174511,9.661374145439897,0.9816526261698252,0.9854080048998998,0.9891114779115215,0.041804920403443045,0.01296429396405613,0.10204458196785283,0.05137989673561313,0.1004436495202313,-0.00011204582677909643,0.03711998824063812,0.016121006061222725,10.044358702613005,0.9810570080505769,0.9852548830304635,0.9890647627649138,0.008284062147140503,0.05893956869840622,0.018165222369134426,ok,
759xd9YjKW5,87449aea807942e0998e230c344f0e42,87449aea807942e0998e230c344f0e42_i1_1,1,1,/mnt/priorbimda-data/PriorBIMDA-Datasets/Matterport3D/v1/scans/759xd9YjKW5/undistorted_color_images/87449aea807942e0998e230c344f0e42_i1_1.jpg,/mnt/priorbimda-data/PriorBIMDA-Datasets/Matterport3D/v1/scans/759xd9YjKW5/undistorted_depth_images/87449aea807942e0998e230c344f0e42_d1_1.png,1024,1280,406,504,1.4121168655554452,978548,0.7465728759765625,-6.93189001083374,3.2392399311065674,1.6269299983978271,True,204624,1.0,True,,1.0,204624,0.9682871699333191,-0.03222657254711725,0.9837514368229259,0.015844553852503312,log-depth Laplacian fallback,,,,0.04474339490193782,0.019976125178481914,0.15840384253024126,0.057015517849878364,0.09185395545408565,0.032171740393856556,0.039705811863498294,0.01724401499180598,8.603562199805062,0.9857963022764341,0.9908578833128268,0.9922640483655375,0.042149067742424884,0.01800882707974951,0.15475156980946075,0.06424856311128475,0.08603563952542748,-5.483222345769728e-05,0.03841651533868121,0.01668408062554088,8.603562205259266,0.9886750573298397,0.9910305881775856,0.9924929589555137,0.035600024420093454,0.017814970020789973,0.15243704710043185,0.05350667327842108,0.08318502148902189,-0.001194800504168506,0.032135297982400876,0.013956182588073403,8.317644048577863,0.9893515698770015,0.9909784701414749,0.9924132490179327,0.036228296759414295,0.017843150126890278,0.15261605469175746,0.05435809479268468,0.08353105306219348,-0.0017905044221095264,0.032808001275198145,0.014248333916093406,8.351186095156416,0.9892953641517841,0.9909805139860283,0.9924173367070394,0.03893904586669211,0.01849463448654892,0.15324226457877357,0.05165234626567724,0.08747252656090838,0.015789700731279915,0.03457350076539639,0.015015080602489505,8.603562200487332,0.9874201367740775,0.9909386151726844,0.9923713502045889,0.008552474901080132,0.05816937331110239,0.018127302639186382,ok,
759xd9YjKW5,87449aea807942e0998e230c344f0e42,87449aea807942e0998e230c344f0e42_i1_2,1,2,/mnt/priorbimda-data/PriorBIMDA-Datasets/Matterport3D/v1/scans/759xd9YjKW5/undistorted_color_images/87449aea807942e0998e230c344f0e42_i1_2.jpg,/mnt/priorbimda-data/PriorBIMDA-Datasets/Matterport3D/v1/scans/759xd9YjKW5/undistorted_depth_images/87449aea807942e0998e230c344f0e42_d1_2.png,1024,1280,406,504,1.4121168655554452,827802,0.6315628051757812,-6.930190086364746,3.236180067062378,1.6269099712371826,True,204624,1.0,True,,1.0,204624,0.7330459356307983,-0.31054691107705196,0.6467420862463237,0.12526078310039818,log-depth Laplacian fallback,,,,0.5407067951509892,0.17263338939976772,0.3176222719508464,0.3165720501199117,0.43320136925342356,0.43151268048767977,0.43151268048767977,0.18740357600708044,3.821299388138302,0.0,0.5495299600629135,1.0,0.12940885410559388,0.010728517235553627,0.07871561090159088,0.07524618301423203,0.12685799245473547,0.12096576934327491,0.12096576934327491,0.05253476612496587,3.82129938219362,1.0,1.0,1.0,0.13653021266641294,0.012899724735326008,0.0860921619582336,0.07909934072149685,0.13765311187512136,0.12650378278178345,0.12650378278178345,0.05493989480201616,5.426944030302897,1.0,1.0,1.0,0.14005456509340983,0.013567394434768718,0.08830527130039412,0.0811583032008986,0.14084899372295545,0.1295424467481982,0.1295424467481982,0.05625956979498838,5.529189382956034,1.0,1.0,1.0,0.03454733858188051,0.0008614335950344059,0.02260895480405008,0.020366820607972715,0.03845360569368439,-0.004294983878310962,0.03472955347730849,0.015082853434158975,3.8212993920005864,1.0,1.0,1.0,0.007617066614329815,0.05733566824346781,0.018110299482941628,ok,
759xd9YjKW5,87449aea807942e0998e230c344f0e42,87449aea807942e0998e230c344f0e42_i1_3,1,3,/mnt/priorbimda-data/PriorBIMDA-Datasets/Matterport3D/v1/scans/759xd9YjKW5/undistorted_color_images/87449aea807942e0998e230c344f0e42_i1_3.jpg,/mnt/priorbimda-data/PriorBIMDA-Datasets/Matterport3D/v1/scans/759xd9YjKW5/undistorted_depth_images/87449aea807942e0998e230c344f0e42_d1_3.png,1024,1280,406,504,1.4121168655554452,1188717,0.9069190979003906,-6.931980133056641,3.233180046081543,1.6268600225448608,True,204624,1.0,True,,1.0,204624,0.9663978219032288,-0.034179705629427785,1.0568720151630544,0.08949332208614563,log-depth Laplacian fallback,,,,0.10752917727771835,0.049406917452266434,0.30203841079646543,0.1601929035606031,0.13261846731917862,0.002648578330467281,0.10161909124959691,0.04413261058572293,13.259201675408452,0.9848180853811294,0.9947514841631776,0.9957130250513789,0.11122594448019955,0.050656178105660796,0.32239437755785205,0.18369924047174274,0.1362895994151579,-0.03153112721857417,0.10903789288410404,0.04735455519792424,13.259201682254593,0.9850157775147491,0.9949458113243101,0.995925018318069,0.0755495299507844,0.045403299634159476,0.31129840044737905,0.153053155306783,0.11039384734051555,-0.043535002324943485,0.07390472331794995,0.03209641352357224,10.144705566554515,0.9859108601963293,0.9949012254388555,0.9958636075701786,0.07475718378479757,0.04173973416404274,0.30433472061311023,0.1530086695717951,0.10717064229991567,-0.04271107460414911,0.07356615478803016,0.03194937507928202,9.829196649337769,0.9862986732754726,0.9950694740632127,0.9960991556442786,0.10835057267516746,0.05618685786085793,0.3066687231978055,0.14110471548645936,0.14470749254962217,0.057962190139566355,0.09649877915722375,0.04190888729838282,13.25920167816438,0.8775141602248475,0.9915303642498593,0.9954917781103493,0.0078064873814582825,0.057971556670963764,0.01810397580265999,ok,
759xd9YjKW5,87449aea807942e0998e230c344f0e42,87449aea807942e0998e230c344f0e42_i1_4,1,4,/mnt/priorbimda-data/PriorBIMDA-Datasets/Matterport3D/v1/scans/759xd9YjKW5/undistorted_color_images/87449aea807942e0998e230c344f0e42_i1_4.jpg,/mnt/priorbimda-data/PriorBIMDA-Datasets/Matterport3D/v1/scans/759xd9YjKW5/undistorted_depth_images/87449aea807942e0998e230c344f0e42_d1_4.png,1024,1280,406,504,1.4121168655554452,1025858,0.7826675415039063,-6.935480117797852,3.2332301139831543,1.6268399953842163,True,204624,1.0,True,,1.0,204624,0.9621603488922119,-0.03857415936633457,1.012892913540086,0.05138466684365513,log-depth Laplacian fallback,,,,0.21579220437516708,0.392316719831899,0.6055780842713241,0.23101595273366804,0.31562652389325013,0.09525857684934219,0.13321106430903995,0.05785283015787527,30.0908468012408,0.84083372162619,0.844817703814758,0.9827480996395213,0.23003049376098508,0.363856811585288,0.6174675395036586,0.34628894107810754,0.30620096234287114,0.05668441729692263,0.15602461854396438,0.0677606308747035,30.090846810186108,0.8411865969754099,0.845220293646879,0.9853605469762872,0.17139895019378168,0.24996539676246876,0.5479347699944804,0.27612935245886416,0.2511543030955758,0.037274819947122124,0.12226275770924665,0.05309804101540007,24.837284827721,0.8411437060489854,0.9727379422883089,0.9858089521161798,0.15806472441384112,0.22950800616112785,0.5353694670241328,0.2661847343316028,0.2377264857164468,0.03026097113002637,0.11392129386080306,0.049475389295025575,23.57926114986636,0.8411719750686742,0.9836556326509127,0.9859785662343131,0.21594137490598345,0.4049038891201978,0.6116965468346978,0.21386213225890624,0.31972620060798135,0.1080691316985905,0.13059989510655595,0.05671881378192075,30.090846802495907,0.8407050488469164,0.8445691314002522,0.9770192365805014,0.008922257460653782,0.059780203737318516,0.018067577853798866,ok,
759xd9YjKW5,87449aea807942e0998e230c344f0e42,87449aea807942e0998e230c344f0e42_i1_5,1,5,/mnt/priorbimda-data/PriorBIMDA-Datasets/Matterport3D/v1/scans/759xd9YjKW5/undistorted_color_images/87449aea807942e0998e230c344f0e42_i1_5.jpg,/mnt/priorbimda-data/PriorBIMDA-Datasets/Matterport3D/v1/scans/759xd9YjKW5/undistorted_depth_images/87449aea807942e0998e230c344f0e42_d1_5.png,1024,1280,406,504,1.4121168655554452,208518,0.15908660888671874,-6.937190055847168,3.2362799644470215,1.626870036125183,True,204624,1.0,True,,1.0,204624,0.8019547462463379,-0.22070309883439707,0.68515760810864,0.15740328352083835,log-depth Laplacian fallback,,,,0.4559596122955884,0.11378711864792534,0.24949408677749169,0.24928966128571964,0.375870881472035,0.3755417595019982,0.3755417595019982,0.16309571387595592,1.572597878378192,0.0,1.0,1.0,0.16761372173113107,0.015468142580978365,0.09184088136634816,0.09148875494659102,0.1556352059408555,0.15483866093075846,0.15483866093075846,0.06724557602751705,1.5725978806488228,1.0,1.0,1.0,0.18728605250928987,0.01941224995801569,0.10254043615639831,0.10191036683013255,0.17309823733347174,0.17136954412545438,0.17136954412545438,0.07442484737996068,2.4402440742451406,0.9247546974361925,1.0,1.0,0.18689503290786386,0.01932265627534336,0.10228486058034822,0.10168381514396406,0.17275672986818508,0.17104281852775322,0.17104281852775322,0.07428295225578252,2.4274306268792762,0.9227500743341103,1.0,1.0,0.011497107728615934,0.0001360529013557118,0.008603448765928667,0.006237901345394598,0.015933730919131108,-0.002564638964255192,0.011540792455989254,0.0050121024804268095,1.5725978760837076,1.0,1.0,1.0,0.008373867720365524,0.05687501188367605,0.01810598373413086,ok,
759xd9YjKW5,87449aea807942e0998e230c344f0e42,87449aea807942e0998e230c344f0e42_i2_0,2,0,/mnt/priorbimda-data/PriorBIMDA-Datasets/Matterport3D/v1/scans/759xd9YjKW5/undistorted_color_images/87449aea807942e0998e230c344f0e42_i2_0.jpg,/mnt/priorbimda-data/PriorBIMDA-Datasets/Matterport3D/v1/scans/759xd9YjKW5/undistorted_depth_images/87449aea807942e0998e230c344f0e42_d2_0.png,1024,1280,406,504,1.4165615917841592,1025983,0.7827629089355469,-6.940969944000244,3.2485499382019043,1.6602400541305542,True,204624,1.0,True,,1.0,204624,0.9767158031463623,-0.02355955651589205,1.050468294031417,0.07279561557505561,log-depth Laplacian fallback,,,,0.09413109522971944,0.016782028193925748,0.13449021040112627,0.11067442158410667,0.14973400153209424,-0.07798730001348188,0.10245535383548034,0.04449579481219428,12.782117293868167,0.8228771821755331,0.9977202351306016,1.0,0.10434468286658402,0.01957564550538145,0.14510386030016917,0.12023771295374869,0.1632483270686242,-0.10154685651610842,0.11500026069738536,0.049943978638309856,12.782117282516769,0.8096225765923997,0.9978557149582401,1.0,0.08845184761372708,0.013073806431737495,0.12066831887746585,0.10260543459163897,0.1263683474014989,-0.08002431848236913,0.09490626515374025,0.041217267254316244,9.78011639829418,0.8962000345034957,0.9989600217547464,1.0,0.08427304208415884,0.011856195559180556,0.11660859870706436,0.09941514563820891,0.11799170521436834,-0.07560399335880447,0.0899059151763307,0.039045642851542224,9.058740910080301,0.9410136425262406,0.9992446268602891,1.0,0.08670809984254661,0.016680576489918313,0.1563621652989284,0.12084557097451362,0.13101482500872197,-0.02875121086281902,0.09067065603425029,0.039377765586222704,12.782117291743084,0.8489945739841693,0.9963381459536854,1.0,0.008056433871388435,0.05884433910250664,0.01818982046097517,ok,
759xd9YjKW5,87449aea807942e0998e230c344f0e42,87449aea807942e0998e230c344f0e42_i2_1,2,1,/mnt/priorbimda-data/PriorBIMDA-Datasets/Matterport3D/v1/scans/759xd9YjKW5/undistorted_color_images/87449aea807942e0998e230c344f0e42_i2_1.jpg,/mnt/priorbimda-data/PriorBIMDA-Datasets/Matterport3D/v1/scans/759xd9YjKW5/undistorted_depth_images/87449aea807942e0998e230c344f0e42_d2_1.png,1024,1280,406,504,1.4165615917841592,1131043,0.8629173278808594,-6.926420211791992,3.248339891433716,1.6603200435638428,True,204624,1.0,True,,1.0,204624,0.9884702563285828,-0.011596726527171402,0.9757453798786788,0.012956881349157234,log-depth Laplacian fallback,,,,0.06678927488577184,0.017124878022975132,0.16548178941100042,0.10008953976090454,0.09419021843472102,0.04252657640194691,0.06229153778489783,0.027052871129249027,8.404336706909017,0.9912434805750091,0.9962424063452937,0.9973970927718928,0.06289699955686584,0.015074896205678374,0.15215239872317687,0.09008535526992242,0.08955413547913108,0.030929849937121407,0.05914931932896038,0.02568822299290082,8.404336716411184,0.9934131593582207,0.9963246313358555,0.9974448363147997,0.058681697816898463,0.014771599350315398,0.1548436164604217,0.09002793728507144,0.08499324356150616,0.04163089539203227,0.05486361637494796,0.023826965848896795,7.40993927098136,0.9933530378597454,0.996279540211999,0.9974262693814471,0.05979255956842961,0.01480067565319517,0.1540328201596459,0.0900177322126353,0.08602309428772897,0.04329553130684484,0.05586970576559593,0.024263904919556604,7.433350334602512,0.9933990131232853,0.9962892657485171,0.9974298059401808,0.06110885336516956,0.013366044979508164,0.13986263353291814,0.08298258444833019,0.08594367431204301,0.017972968583204754,0.05816203031675057,0.025259448822854403,8.404336710628423,0.994053276489046,0.9964015514883166,0.9975111467910592,0.00801403634250164,0.05782884452491999,0.01807207614183426,ok,
759xd9YjKW5,87449aea807942e0998e230c344f0e42,87449aea807942e0998e230c344f0e42_i2_2,2,2,/mnt/priorbimda-data/PriorBIMDA-Datasets/Matterport3D/v1/scans/759xd9YjKW5/undistorted_color_images/87449aea807942e0998e230c344f0e42_i2_2.jpg,/mnt/priorbimda-data/PriorBIMDA-Datasets/Matterport3D/v1/scans/759xd9YjKW5/undistorted_depth_images/87449aea807942e0998e230c344f0e42_d2_2.png,1024,1280,406,504,1.4165615917841592,1000841,0.7635810852050782,-6.919320106506348,3.235640048980713,1.6602100133895874,True,204624,1.0,True,,1.0,204624,0.9626302123069763,-0.03808593645671599,0.8407610228784257,0.13536188122271425,log-depth Laplacian fallback,,,,0.19597585501983125,0.03365430656653504,0.16662010418644763,0.1616315742389612,0.18490972019688628,0.1762437914470476,0.1776891712779683,0.07716942657998344,5.59439952064595,0.8549120189920277,0.9983413948869001,1.0,0.15186967485778705,0.02084904738112457,0.12988065342440808,0.12370402319421983,0.1490547667084001,0.13815785498886712,0.14020165539997623,0.06088880529391097,5.594399506087087,0.9058471825195011,0.9984173310246083,1.0,0.1241146349379945,0.013853752852524383,0.10585741636700169,0.1009006309590343,0.12352987221262808,0.11398928404946494,0.11624699368302269,0.05048542789437895,4.760328193264223,0.99034412059458,0.9984433091769822,1.0,0.12331799883105665,0.013709752906345555,0.10505628854689276,0.09999433147545059,0.12303919639586483,0.11346788021595869,0.11548059545887798,0.05015258537469245,4.757818837489558,0.9896936676255269,0.9984293209410885,1.0,0.03752203461954822,0.002782956982312549,0.05059351309316324,0.03349295554189577,0.05601381934306533,0.0027959535689683255,0.03726550868898267,0.016184204788942867,5.594399521876975,0.9907507785952014,1.0,1.0,0.007440181449055672,0.05728465784341097,0.018113695085048676,ok,
759xd9YjKW5,87449aea807942e0998e230c344f0e42,87449aea807942e0998e230c344f0e42_i2_3,2,3,/mnt/priorbimda-data/PriorBIMDA-Datasets/Matterport3D/v1/scans/759xd9YjKW5/undistorted_color_images/87449aea807942e0998e230c344f0e42_i2_3.jpg,/mnt/priorbimda-data/PriorBIMDA-Datasets/Matterport3D/v1/scans/759xd9YjKW5/undistorted_depth_images/87449aea807942e0998e230c344f0e42_d2_3.png,1024,1280,406,504,1.4165615917841592,1200988,0.9162811279296875,-6.926770210266113,3.223140001296997,1.6600300073623657,True,204624,1.0,True,,1.0,204624,1.100969672203064,0.09619131167819628,1.097814103714101,0.0028702873742906115,log-depth Laplacian fallback,,,,0.0883501896808909,0.018533321217362307,0.19397159526672492,0.15754205734438453,0.10397723013272542,-0.08817227797288456,0.09245842936079163,0.04015418567683341,5.510820068870077,0.9953196867912085,0.998989165587,0.9993222247016623,0.03803239909078757,0.00609952492313364,0.09687149360857886,0.05582125071766415,0.05568858659713008,0.008019033842210747,0.03688881223523919,0.016020607597729546,5.510820060048717,0.9945486549407654,0.9978142995600289,0.9991357115974514,0.03408403384064037,0.005217482864659058,0.09302774474782925,0.05135532411902602,0.05034313136433894,0.002639082406619447,0.033293485879386915,0.014459177200741571,5.027391092423742,0.9949574850040134,0.9988551092933485,0.9991740133956376,0.03286170676268742,0.004541166924777021,0.08457075936865331,0.04769786823596176,0.048460456484274404,0.003255899744155818,0.03217895715037913,0.013975143523810848,4.8350956138635555,0.9952514096727028,0.9988975743304679,0.9992239722628369,0.037870027981358245,0.006055068044444915,0.0964968405221427,0.05585249900675335,0.05534819942898077,0.005148727544741425,0.03683534650120016,0.01599738772446548,5.510820070280147,0.9945761323177251,0.9978925684519745,0.9991432054275313,0.008233798667788506,0.057292308658361435,0.018113591708242893,ok,
759xd9YjKW5,87449aea807942e0998e230c344f0e42,87449aea807942e0998e230c344f0e42_i2_4,2,4,/mnt/priorbimda-data/PriorBIMDA-Datasets/Matterport3D/v1/scans/759xd9YjKW5/undistorted_color_images/87449aea807942e0998e230c344f0e42_i2_4.jpg,/mnt/priorbimda-data/PriorBIMDA-Datasets/Matterport3D/v1/scans/759xd9YjKW5/undistorted_depth_images/87449aea807942e0998e230c344f0e42_d2_4.png,1024,1280,406,504,1.4165615917841592,1181507,0.9014183044433594,-6.941319942474365,3.2233500480651855,1.6599500179290771,True,204624,1.0,True,,1.0,204624,1.2530566453933716,0.22558588270802774,1.3122484042744471,0.04615612241898423,log-depth Laplacian fallback,,,,0.2495400720677662,0.15426306073176196,0.615654819638859,0.5529247297598273,0.2866972592264861,-0.26112462534175834,0.2764215896913546,0.12004837108188005,11.836067120503026,0.031722198852821015,0.993294157376977,0.9945569514188236,0.06746445484728333,0.05189195135087779,0.21587717096691922,0.11808982916545226,0.12358094793106676,-0.03553874255468814,0.05798454070494171,0.02518236606385068,11.836067112505164,0.9904190157146763,0.991884940165399,0.9932848472332368,0.059641130488227036,0.05441709597744794,0.20678342665991128,0.09206782004488534,0.1226954719194147,-0.018001951503620314,0.048699085878753254,0.021149744270875105,12.136765867227227,0.9887423434647447,0.9917072010576323,0.9931231892828396,0.05631337436916935,0.05549339481540685,0.20570133576153377,0.08154985152457679,0.1228409368380729,-0.009764574348370025,0.04475943975392343,0.019438777698209984,12.24522308945434,0.9885053579877224,0.9916394909213403,0.9930605574067695,0.042351004102278426,0.05357448629492616,0.1982950539837955,0.056215889096421605,0.11883592194477804,0.010617337831160653,0.030518794341081238,0.013254143976671772,11.836067117858189,0.9885950739183094,0.9916073286066016,0.9929936936471812,0.00867816898971796,0.05966262146830559,0.018144466914236546,ok,
759xd9YjKW5,87449aea807942e0998e230c344f0e42,87449aea807942e0998e230c344f0e42_i2_5,2,5,/mnt/priorbimda-data/PriorBIMDA-Datasets/Matterport3D/v1/scans/759xd9YjKW5/undistorted_color_images/87449aea807942e0998e230c344f0e42_i2_5.jpg,/mnt/priorbimda-data/PriorBIMDA-Datasets/Matterport3D/v1/scans/759xd9YjKW5/undistorted_depth_images/87449aea807942e0998e230c344f0e42_d2_5.png,1024,1280,406,504,1.4165615917841592,921369,0.7029487609863281,-6.94842004776001,3.2360498905181885,1.6600600481033325,True,204624,1.0,True,,1.0,204624,1.174841046333313,0.16113285872866678,1.0637496594294615,0.09933277798358937,log-depth Laplacian fallback,,,,0.07046806088018477,0.013882350871323999,0.10663006342140602,0.05774909052548607,0.09559165066938646,-0.057420937522211085,0.06989512828763755,0.030355068527240903,7.642381573677374,0.9942563728538729,0.9955576972960888,0.9967580849800677,0.1140976876490513,0.029472756338884878,0.17075403131129283,0.10615538537820765,0.12882842166156044,0.10371192127254378,0.1040584410397404,0.04519200673901416,7.642381574984657,0.985036396926747,0.9947643126695168,0.9959375668163353,0.11546810030841347,0.026527263214544964,0.1534029929364884,0.10006373219829634,0.12816664882614803,0.10431185106169519,0.10564404891163229,0.04588062748823916,7.446964213293815,0.9877627747406306,0.9948771881841043,0.9961893660411844,0.11245864382430922,0.0253675655456989,0.14893812182675484,0.0963028465940711,0.12581689806945529,0.10148446852567108,0.1029831874945662,0.044725030057698054,7.43693114656965,0.9877714574725218,0.9949216871850475,0.9962306090176682,0.032056978655964345,0.013844483872992279,0.10976765183609921,0.03016077368191755,0.07654917764566464,0.004379154093351984,0.028541463088273936,0.012395399924682722,7.642381570985711,0.9937506037212018,0.9952863619244842,0.9964845789254902,0.008795786648988724,0.05703238025307655,0.018154782243072987,ok,
759xd9YjKW5,99fcb9869e0b4a7a9f825d70d6f67efc,99fcb9869e0b4a7a9f825d70d6f67efc_i0_0,0,0,/mnt/priorbimda-data/PriorBIMDA-Datasets/Matterport3D/v1/scans/759xd9YjKW5/undistorted_color_images/99fcb9869e0b4a7a9f825d70d6f67efc_i0_0.jpg,/mnt/priorbimda-data/PriorBIMDA-Datasets/Matterport3D/v1/scans/759xd9YjKW5/undistorted_depth_images/99fcb9869e0b4a7a9f825d70d6f67efc_d0_0.png,1024,1280,406,504,1.4155678118069965,1231904,0.9398681640625,0.2171889990568161,5.228529930114746,1.6015499830245972,True,204624,1.0,True,,1.0,204624,0.9056330323219299,-0.09912109657793217,0.8911739580288213,0.0160945349004801,log-depth Laplacian fallback,,,,0.14044148157481703,0.03859615715736633,0.2496190589701643,0.22364666475697295,0.14216116156752875,0.12971694885955967,0.12971696954261583,0.05633536408157024,5.816621903472321,0.9641035340416136,1.0,1.0,0.05376296937756775,0.007375630155579122,0.10770659355370107,0.08387306310708877,0.06572225808304472,0.030595852236330483,0.05196012556660477,0.02256599581257653,5.816621900611184,1.0,1.0,1.0,0.04602026965534544,0.006401446877983648,0.10218427050971253,0.07442390053187385,0.0596831085868494,0.041536738276448194,0.044200906473928374,0.019196209776748806,4.285758770560355,0.9999691534405278,1.0,1.0,0.04690093502800681,0.0067038253061827875,0.104617760818147,0.07586671265822562,0.06093423045003479,0.04278054622717969,0.04499721379577667,0.019542041652526692,4.339130448652229,0.9999683416889628,1.0,1.0,0.05126839423134134,0.0058208847251799275,0.09484975029791709,0.07901531054996393,0.05994662016702836,0.014501318189923205,0.05030632038956146,0.021847757350043587,5.816621906402868,1.0,1.0,1.0,0.008435512892901897,0.057521277107298374,0.01809209492057562,ok,
759xd9YjKW5,99fcb9869e0b4a7a9f825d70d6f67efc,99fcb9869e0b4a7a9f825d70d6f67efc_i0_1,0,1,/mnt/priorbimda-data/PriorBIMDA-Datasets/Matterport3D/v1/scans/759xd9YjKW5/undistorted_color_images/99fcb9869e0b4a7a9f825d70d6f67efc_i0_1.jpg,/mnt/priorbimda-data/PriorBIMDA-Datasets/Matterport3D/v1/scans/759xd9YjKW5/undistorted_depth_images/99fcb9869e0b4a7a9f825d70d6f67efc_d0_1.png,1024,1280,406,504,1.4155678118069965,1211500,0.9243011474609375,0.20398199558258057,5.2224202156066895,1.6016700267791748,True,204624,1.0,True,,1.0,204624,1.1898510456085205,0.17382812753125398,1.18673817119795,0.002619616523296203,log-depth Laplacian fallback,,,,0.16276883882638318,0.05199009447953497,0.29633739301295864,0.2500097852609298,0.20182184521391797,-0.1700512967738015,0.17887105968903072,0.07768271419513328,10.869504897233886,0.8259768881551796,0.9863615352868345,0.9915344614114734,0.05871124147559269,0.02587588061896255,0.22617938797518614,0.10166632557840226,0.10876064612584437,0.0037768308445731195,0.057500602457166025,0.024972194353259786,10.869504907990347,0.9661857201815931,0.9885604622368964,0.9927106892282295,0.051973282905865406,0.02190137451332202,0.20805759194339074,0.08924555945470222,0.1077319187190801,0.003693683274361616,0.05211080012238357,0.022631432940714468,10.766857951493176,0.9773454395377631,0.9883648369789517,0.9924226165910028,0.050037066676955864,0.02172195456903727,0.20793811746690888,0.08662849535068302,0.10736412692881982,0.003987772383434456,0.05026520764146609,0.021829902310409884,10.729004344581863,0.9776978951712753,0.9883062319438712,0.9923235658274866,0.05849882185552256,0.025625399224700234,0.2249673749032826,0.10092067448063621,0.10870120853989171,0.001157182382395395,0.05744168133865328,0.024946605236622114,10.869504895333042,0.966660338423442,0.9885472554684276,0.9926933553446141,0.008269350044429302,0.06090683303773403,0.018134845420718193,ok,
759xd9YjKW5,99fcb9869e0b4a7a9f825d70d6f67efc,99fcb9869e0b4a7a9f825d70d6f67efc_i0_2,0,2,/mnt/priorbimda-data/PriorBIMDA-Datasets/Matterport3D/v1/scans/759xd9YjKW5/undistorted_color_images/99fcb9869e0b4a7a9f825d70d6f67efc_i0_2.jpg,/mnt/priorbimda-data/PriorBIMDA-Datasets/Matterport3D/v1/scans/759xd9YjKW5/undistorted_depth_images/99fcb9869e0b4a7a9f825d70d6f67efc_d0_2.png,1024,1280,406,504,1.4155678118069965,1211991,0.9246757507324219,0.1920900046825409,5.230810165405273,1.6014800071716309,True,204624,1.0,True,,1.0,204624,1.0902704000473022,0.08642573891381691,1.098096984647603,0.007152928731448169,log-depth Laplacian fallback,,,,0.09433479548221876,0.02207965273663185,0.2162320314000269,0.17285426943376578,0.11892145275003364,-0.09513124525706122,0.0998360810712376,0.0433582591040842,7.136076022590672,0.9833150576200649,0.9924215608861782,0.9965296772005733,0.031262932792382084,0.00894738645803299,0.13808967891830323,0.056968804453339815,0.0718898041792116,-0.008705506338907015,0.03174922315398054,0.01378851242048871,7.136076025596028,0.9860345497615082,0.9930742059965791,0.9966286878367908,0.028685190374941192,0.009304629491362595,0.14763826043267392,0.05630991267888025,0.07661320427903183,-0.008830189721231467,0.029939107332465,0.013002389107598735,7.610263345895278,0.9833546618745519,0.9928044020128862,0.9965709316323306,0.029837612223245144,0.009706388712224238,0.15149540921692195,0.05926913791772757,0.07779841339899685,-0.00912523337669303,0.031146386041161583,0.013526703588904948,7.726139555575022,0.9824990449599048,0.992842356090103,0.9965635058346143,0.030815446049176513,0.009000826938961547,0.13823742454863572,0.05704049731022341,0.07137764809060039,-0.0015525939357189558,0.03108050628595294,0.01349809237474869,7.13607602188791,0.9860989066750495,0.9931039091874445,0.9966204369504394,0.008664382621645927,0.05955199431627989,0.01810625661164522,ok,
759xd9YjKW5,99fcb9869e0b4a7a9f825d70d6f67efc,99fcb9869e0b4a7a9f825d70d6f67efc_i0_3,0,3,/mnt/priorbimda-data/PriorBIMDA-Datasets/Matterport3D/v1/scans/759xd9YjKW5/undistorted_color_images/99fcb9869e0b4a7a9f825d70d6f67efc_i0_3.jpg,/mnt/priorbimda-data/PriorBIMDA-Datasets/Matterport3D/v1/scans/759xd9YjKW5/undistorted_depth_images/99fcb9869e0b4a7a9f825d70d6f67efc_d0_3.png,1024,1280,406,504,1.4155678118069965,1235948,0.9429534912109375,0.19340500235557556,5.2452898025512695,1.6011699438095093,True,204624,1.0,True,,1.0,204624,1.0205949544906616,0.02038574596577235,1.0279142012767997,0.007145955791075329,log-depth Laplacian fallback,,,,0.03885218600566493,0.003922329037341455,0.0806629854083241,0.06392121598213578,0.051705656947030394,-0.030498514701980256,0.03992262634566652,0.017338176325008354,4.175303056422475,0.9989934851628062,1.0,1.0,0.03318146121325969,0.0030625326305188483,0.07459814302968192,0.05777179060457321,0.04296025665747963,-0.010112768605027507,0.033531961814374206,0.014562745983373272,4.175303058722435,0.9989012482725811,1.0,1.0,0.021527241023483676,0.0022278537174342536,0.0678811625475255,0.04279945818782067,0.03419156905987013,-0.00598261185449848,0.021764298037627302,0.009452114540239307,3.3664101802577213,0.9989085301323357,1.0,1.0,0.020807560148126184,0.0022128278327450636,0.06801115406868037,0.0417506494361275,0.03414110296942038,-0.004125548722107113,0.02106447812635779,0.009148186614448935,3.389092444460737,0.9989287575205429,1.0,1.0,0.03301512785956735,0.003121705057834105,0.07733085045968276,0.059562494103919734,0.04185830553225729,-0.002966846840072656,0.03312958894141399,0.014387997664979092,4.175303057095799,0.9988672662603928,1.0,1.0,0.008458908647298813,0.05778027791529894,0.018154388293623924,ok,
759xd9YjKW5,99fcb9869e0b4a7a9f825d70d6f67efc,99fcb9869e0b4a7a9f825d70d6f67efc_i0_4,0,4,/mnt/priorbimda-data/PriorBIMDA-Datasets/Matterport3D/v1/scans/759xd9YjKW5/undistorted_color_images/99fcb9869e0b4a7a9f825d70d6f67efc_i0_4.jpg,/mnt/priorbimda-data/PriorBIMDA-Datasets/Matterport3D/v1/scans/759xd9YjKW5/undistorted_depth_images/99fcb9869e0b4a7a9f825d70d6f67efc_d0_4.png,1024,1280,406,504,1.4155678118069965,1227438,0.9364608764648438,0.20661099255084991,5.251399993896484,1.6010500192642212,True,204624,1.0,True,,1.0,204624,0.9680508375167847,-0.03247067498873502,0.9305384875522986,0.039521166539409174,log-depth Laplacian fallback,,,,0.07577608988123057,0.014639394678743638,0.1635121769375015,0.13292571501483408,0.08492957155565913,0.05951375399480773,0.07234320565345821,0.03141825501848903,6.0589976151780505,0.9952372339784168,1.0,1.0,0.05763105356463756,0.008424033437220204,0.12357721415752436,0.0996097732951977,0.06635113670635999,0.027043078965301483,0.05634023946844737,0.0244682551102545,6.058997625269827,0.9958572245604259,1.0,1.0,0.050979825884398464,0.007860380965166282,0.12085631763342419,0.09086299203373084,0.06284845002737918,0.03259014301296574,0.049680408391456723,0.021575927223109668,5.373834989314817,0.9957586452431814,1.0,1.0,0.04849359471650583,0.007110805339038049,0.11428950713138751,0.08603461943956676,0.06029294231205729,0.03181485856421172,0.04736952957342581,0.02057232530409172,5.121575604425139,0.9957733099350028,1.0,1.0,0.04785171431739878,0.006034560730655711,0.10082402124519758,0.07764462857885925,0.061861524402240985,-0.012478100451337126,0.04859445927030087,0.02110430551216399,6.058997615526348,0.9963835240557976,1.0,1.0,0.008243774995207787,0.05816766154021025,0.01808710303157568,ok,
759xd9YjKW5,99fcb9869e0b4a7a9f825d70d6f67efc,99fcb9869e0b4a7a9f825d70d6f67efc_i0_5,0,5,/mnt/priorbimda-data/PriorBIMDA-Datasets/Matterport3D/v1/scans/759xd9YjKW5/undistorted_color_images/99fcb9869e0b4a7a9f825d70d6f67efc_i0_5.jpg,/mnt/priorbimda-data/PriorBIMDA-Datasets/Matterport3D/v1/scans/759xd9YjKW5/undistorted_depth_images/99fcb9869e0b4a7a9f825d70d6f67efc_d0_5.png,1024,1280,406,504,1.4155678118069965,1216325,0.9279823303222656,0.21850299835205078,5.243020057678223,1.6012400388717651,True,204624,1.0,True,,1.0,204624,0.9693515300750732,-0.031127956743456236,0.9483492530569135,0.021904477432518377,log-depth Laplacian fallback,,,,0.10521207732126925,0.029669289864114084,0.22381655588135807,0.1715848305687332,0.12235281972848346,0.05461215823215291,0.09911341693655656,0.04304441005812283,10.948846819979291,0.9140788851663824,1.0,1.0,0.09570625198888456,0.022585794800146202,0.19293049366847909,0.15226516304125293,0.11197871388846105,0.023484201328586436,0.09272081110470587,0.040268136620367524,10.94884681236898,0.9717180852157112,1.0,1.0,0.06879458664971033,0.016755322787607014,0.16891912137582143,0.11275749781113466,0.09185378452415842,0.035983783679944766,0.06511522144169087,0.028279181360034645,8.451204081955106,0.9772527901671018,1.0,1.0,0.06615328627125193,0.0168836322262028,0.16986890189519058,0.10933672033081422,0.09147312954773852,0.0405532736247518,0.06219390898585642,0.027010471480550524,8.199247177377543,0.9732620804472489,1.0,1.0,0.09225838556863553,0.01974895065614452,0.17815046354392008,0.1444559451448433,0.10949986361530525,0.0015797076043047333,0.09132671330426435,0.03966268763840232,10.948846814005279,0.9978245945779294,1.0,1.0,0.007916164584457874,0.05797638650983572,0.018144851550459862,ok,
759xd9YjKW5,99fcb9869e0b4a7a9f825d70d6f67efc,99fcb9869e0b4a7a9f825d70d6f67efc_i1_0,1,0,/mnt/priorbimda-data/PriorBIMDA-Datasets/Matterport3D/v1/scans/759xd9YjKW5/undistorted_color_images/99fcb9869e0b4a7a9f825d70d6f67efc_i1_0.jpg,/mnt/priorbimda-data/PriorBIMDA-Datasets/Matterport3D/v1/scans/759xd9YjKW5/undistorted_depth_images/99fcb9869e0b4a7a9f825d70d6f67efc_d1_0.png,1024,1280,406,504,1.4121168655554452,1146399,0.8746330261230468,0.20812499523162842,5.235599994659424,1.6346499919891357,True,204624,1.0,True,,1.0,204624,0.8981466889381409,-0.10742187330958747,0.895015454107516,0.003492420387534098,log-depth Laplacian fallback,,,,0.11546426045010831,0.02337623418030101,0.19418290928061044,0.1865127736448103,0.11351538515353249,0.10147806945131949,0.10902523923201154,0.047349059786644554,5.087183982310846,0.9949371902801729,1.0,1.0,0.028594129091273353,0.003559604458918359,0.07387255623728273,0.044491038716958614,0.05121789621640627,-0.005943803831319434,0.02939082862890488,0.012764274692097503,5.087183984140299,0.9993100133548616,1.0,1.0,0.0460026993798325,0.0055643375784434805,0.09253466947847115,0.0722733569027553,0.06189956292092247,0.01004390921003504,0.04618685985428031,0.020058698371152758,6.107925816168541,0.999537682778858,1.0,1.0,0.04645128214545556,0.005559337360914545,0.09259604423517506,0.07312247301478635,0.061676843424820965,0.01078278131321145,0.04659130754352879,0.020234347770811897,6.072696799611635,0.9994652821574338,1.0,1.0,0.0283310392003454,0.0036055213518003094,0.07438564137266869,0.04413580868660923,0.05173959707629806,-0.009436197404375126,0.029227042413622825,0.012693143242588687,5.087183979534586,0.9990186662758778,1.0,1.0,0.007957546971738338,0.05815506540238857,0.01817861944437027,ok,
759xd9YjKW5,99fcb9869e0b4a7a9f825d70d6f67efc,99fcb9869e0b4a7a9f825d70d6f67efc_i1_1,1,1,/mnt/priorbimda-data/PriorBIMDA-Datasets/Matterport3D/v1/scans/759xd9YjKW5/undistorted_color_images/99fcb9869e0b4a7a9f825d70d6f67efc_i1_1.jpg,/mnt/priorbimda-data/PriorBIMDA-Datasets/Matterport3D/v1/scans/759xd9YjKW5/undistorted_depth_images/99fcb9869e0b4a7a9f825d70d6f67efc_d1_1.png,1024,1280,406,504,1.4121168655554452,1174987,0.8964439392089844,0.20494799315929413,5.234129905700684,1.6346800327301025,True,204624,1.0,True,,1.0,204624,0.8846541047096252,-0.12255855250891905,0.8557700163303799,0.03319505894163953,log-depth Laplacian fallback,,,,0.20935231703773777,0.2169410703754754,0.6050459470334688,0.3516081428221374,0.23862796311360243,0.16398808317803762,0.17442711164348992,0.07575273208109011,17.335285793819445,0.8690070613547214,0.9586344359554616,0.978006565179019,0.1066375014317423,0.1322688988163942,0.5054790127886363,0.23804604189604986,0.17823473117343233,0.041429530657108804,0.09057695464196774,0.039337071588607705,17.335285802661975,0.9400052936755896,0.9637247050392898,0.9822381013577172,0.10483332147793842,0.134522931986041,0.49195406051486273,0.2191688739045627,0.17919632204949834,0.048365902310472615,0.08738885540855552,0.03795249768377682,17.2545823854886,0.9373661155400017,0.9631255494741644,0.981318942252127,0.1073438995765747,0.13354962668173798,0.49045235872479886,0.2221333658860584,0.1799999639758187,0.050893582813162454,0.0899107018420106,0.039047721674033774,17.265523525145653,0.9351150268045518,0.9632081035790183,0.9809589382691043,0.09094522446698035,0.12360801759949094,0.5144751839823265,0.22979048677217237,0.17354832007690732,0.008234443173379638,0.07811464040232739,0.03392475728258761,17.335285791454684,0.944664068623738,0.9656336623298811,0.9822457610169304,0.008019501343369484,0.05761929880827665,0.018061219714581966,ok,
759xd9YjKW5,99fcb9869e0b4a7a9f825d70d6f67efc,99fcb9869e0b4a7a9f825d70d6f67efc_i1_2,1,2,/mnt/priorbimda-data/PriorBIMDA-Datasets/Matterport3D/v1/scans/759xd9YjKW5/undistorted_color_images/99fcb9869e0b4a7a9f825d70d6f67efc_i1_2.jpg,/mnt/priorbimda-data/PriorBIMDA-Datasets/Matterport3D/v1/scans/759xd9YjKW5/undistorted_depth_images/99fcb9869e0b4a7a9f825d70d6f67efc_d1_2.png,1024,1280,406,504,1.4121168655554452,1175167,0.8965812683105469,0.20208700001239777,5.236149787902832,1.6346299648284912,True,204624,1.0,True,,1.0,204624,0.9733830690383911,-0.0269775753662802,1.0034147603682644,0.03038651867916353,log-depth Laplacian fallback,,,,0.06109769596454092,0.1329438424641455,0.49913591019858844,0.14735925416976103,0.1517722914217726,0.01938266727732592,0.04561879234104715,0.0198119897848071,15.052953415403882,0.963800038632807,0.9780635433091637,0.9839758944898895,0.07210359137077753,0.1262252348988665,0.49946490790571674,0.2017036174678079,0.15072101136901472,-0.007594908081900497,0.05839032461187656,0.025358595775477607,15.052953410984221,0.966158852316309,0.978588575070607,0.98451113756598,0.0689801062719894,0.1240510323507678,0.4916510349841168,0.18443522107279023,0.15066649865569445,-0.0008623890133393515,0.055435725152580426,0.024075429534070977,15.06640305526042,0.9661384296870147,0.9782984035460492,0.9845460262243579,0.0706892533777896,0.12056624526641782,0.48868699449445296,0.19100235206032087,0.1506299710142514,-0.0008230131191308129,0.05764335035591781,0.02503418897799094,15.062772260497054,0.9656278639546549,0.978211607371548,0.9846141016553392,0.061062306956777536,0.1342202301224669,0.5010053077027188,0.14646289293717007,0.15224518946271692,0.02279160031390416,0.045375318365494056,0.019706250380737353,15.052953421063197,0.9636068745973977,0.9779758961917753,0.9839282416882026,0.008096841163933277,0.0599084896966815,0.018095829524099827,ok,
759xd9YjKW5,99fcb9869e0b4a7a9f825d70d6f67efc,99fcb9869e0b4a7a9f825d70d6f67efc_i1_3,1,3,/mnt/priorbimda-data/PriorBIMDA-Datasets/Matterport3D/v1/scans/759xd9YjKW5/undistorted_color_images/99fcb9869e0b4a7a9f825d70d6f67efc_i1_3.jpg,/mnt/priorbimda-data/PriorBIMDA-Datasets/Matterport3D/v1/scans/759xd9YjKW5/undistorted_depth_images/99fcb9869e0b4a7a9f825d70d6f67efc_d1_3.png,1024,1280,406,504,1.4121168655554452,1235003,0.9422325134277344,0.20240400731563568,5.239630222320557,1.634559988975525,True,204624,1.0,True,,1.0,204624,1.0027351379394531,0.00273140425622215,1.0004884682427422,0.002243055275256575,log-depth Laplacian fallback,,,,0.03605363223186048,0.0074487037292710855,0.15082018464518857,0.09436673343938322,0.0520388158789733,0.0020226233455842503,0.03597473347464992,0.01562362823598066,5.199949377530114,0.9947741017633156,0.9997206484518661,1.0,0.036209214192473485,0.00752731310097088,0.15110462929082744,0.09373662374324881,0.052216358859795885,0.004754027726919387,0.03603166647640775,0.015648353924482265,5.199949377586926,0.9946380697050938,0.999705263873853,1.0,0.03914096655285574,0.008518498454601935,0.1646245605981378,0.10976735989786254,0.05333229255436005,0.0045769292213521055,0.038899396928855315,0.016893793435566164,5.3135535642417135,0.9955514278102968,0.9996315798423162,1.0,0.039846426049269114,0.00864305605773718,0.16500240365000443,0.11009786429931512,0.053888605323020665,0.004154881194704528,0.03960073605329181,0.01719838114725179,5.372819321285783,0.9955700512468391,0.9996331992715807,1.0,0.036068690387864054,0.00745950039712231,0.1508340484525957,0.09420988570626422,0.052060086337685094,0.002511023753603895,0.03597217954897663,0.01562251908015355,5.199949373980542,0.9947562880414056,0.999717409593337,1.0,0.008611454628407955,0.05809766985476017,0.018113048747181892,ok,
759xd9YjKW5,99fcb9869e0b4a7a9f825d70d6f67efc,99fcb9869e0b4a7a9f825d70d6f67efc_i1_4,1,4,/mnt/priorbimda-data/PriorBIMDA-Datasets/Matterport3D/v1/scans/759xd9YjKW5/undistorted_color_images/99fcb9869e0b4a7a9f825d70d6f67efc_i1_4.jpg,/mnt/priorbimda-data/PriorBIMDA-Datasets/Matterport3D/v1/scans/759xd9YjKW5/undistorted_depth_images/99fcb9869e0b4a7a9f825d70d6f67efc_d1_4.png,1024,1280,406,504,1.4121168655554452,1272163,0.9705833435058594,0.20558099448680878,5.241099834442139,1.634529948234558,True,204624,1.0,True,,1.0,204624,1.0166159868240356,0.01647945168316789,0.9521709114950699,0.06549018310594476,log-depth Laplacian fallback,,,,0.06580168509162114,0.008723521204427955,0.12286791392965735,0.11206936683736182,0.07165062781573574,0.016072811260469548,0.06560312168495294,0.028491073743402633,6.982461746815666,0.9985937336646326,0.9999331846626572,1.0,0.07409341478128795,0.0103192265103845,0.1320542318201339,0.12469029289595296,0.07703977551038624,0.032552262905008435,0.07274285108321042,0.03159181882334826,6.982461736704269,0.9983461238850682,0.9999489059185026,1.0,0.0708324857632751,0.009585653384962896,0.1253740934906482,0.1172714932922064,0.07411422357516653,0.043452807873791195,0.0687771467095704,0.029869535297016844,6.003975036617958,0.9987312946532795,0.9999724878022707,1.0,0.07123414611618646,0.009738700800391742,0.12614823853749513,0.11767627202283147,0.0747361439253299,0.04422361715528266,0.06911307722043349,0.030015428064187603,6.024751359625237,0.9987776723580233,0.9999772041790242,1.0,0.048938869444894284,0.009519666145812171,0.13218649024719265,0.087300560524684,0.0772035232152523,-0.0329379233301422,0.05147193341478792,0.022353976654933994,6.982461746079012,0.9987108570206805,0.9998404292531696,1.0,0.008713509887456894,0.05757339019328356,0.018125493079423904,ok,
759xd9YjKW5,99fcb9869e0b4a7a9f825d70d6f67efc,99fcb9869e0b4a7a9f825d70d6f67efc_i1_5,1,5,/mnt/priorbimda-data/PriorBIMDA-Datasets/Matterport3D/v1/scans/759xd9YjKW5/undistorted_color_images/99fcb9869e0b4a7a9f825d70d6f67efc_i1_5.jpg,/mnt/priorbimda-data/PriorBIMDA-Datasets/Matterport3D/v1/scans/759xd9YjKW5/undistorted_depth_images/99fcb9869e0b4a7a9f825d70d6f67efc_d1_5.png,1024,1280,406,504,1.4121168655554452,902781,0.6887672424316407,0.20844100415706635,5.2390899658203125,1.6345700025558472,True,204624,1.0,True,,1.0,204624,0.8470330238342285,-0.16601559591159487,0.9252249642897948,0.08829722951004536,log-depth Laplacian fallback,,,,0.08064697707697376,0.015083772075353125,0.1630669027683475,0.1424227092930122,0.08819719972906453,0.07322877508379819,0.07701307219742048,0.03344635228975646,4.915579863836005,0.9917477217619777,0.9979707149352944,1.0,0.09000308702849047,0.01688742370277979,0.17323347271075076,0.15754174175161156,0.10500326972885002,-0.09278682075839623,0.09500696438467741,0.04126100037464418,4.915579871489102,0.9879494583957793,0.9985511436328411,0.9993043717136271,0.08097716193469641,0.01524221769473092,0.16644796773936277,0.14334605999118713,0.09929537852894553,-0.08250131877362676,0.08543236624505561,0.03710280523616532,5.525490564482938,0.9879561045259039,0.9978001309287634,0.9992633872445256,0.08030781365411292,0.01528314284102687,0.16662222695565557,0.1421217492234944,0.09953511857041794,-0.0797036630504648,0.08476028849405944,0.03681092557749769,5.962018051939402,0.988117827025602,0.9977934847986388,0.9992246181521321,0.03138974351543239,0.004012313461356972,0.08433582572234863,0.055591044105238664,0.049360399258179484,-0.004489596140480951,0.03164897900897705,0.013744976941470574,4.9155798655115595,0.9942234052333844,0.9990052958580209,1.0,0.007978134788572788,0.05930255353450775,0.018142299726605415,ok,
759xd9YjKW5,99fcb9869e0b4a7a9f825d70d6f67efc,99fcb9869e0b4a7a9f825d70d6f67efc_i2_0,2,0,/mnt/priorbimda-data/PriorBIMDA-Datasets/Matterport3D/v1/scans/759xd9YjKW5/undistorted_color_images/99fcb9869e0b4a7a9f825d70d6f67efc_i2_0.jpg,/mnt/priorbimda-data/PriorBIMDA-Datasets/Matterport3D/v1/scans/759xd9YjKW5/undistorted_depth_images/99fcb9869e0b4a7a9f825d70d6f67efc_d2_0.png,1024,1280,406,504,1.4165615917841592,1218763,0.9298423767089844,0.21712400019168854,5.229939937591553,1.668030023574829,True,204624,1.0,True,,1.0,204624,1.0723196268081665,0.06982417754392503,1.0792846518728345,0.006474284758314491,log-depth Laplacian fallback,,,,0.07694058954247901,0.008803981290047948,0.11044699626270531,0.1019689708703924,0.08541744316072063,-0.07944262559651463,0.0804185145340482,0.034925317104993595,3.1384850397077515,0.9971930555817661,1.0,1.0,0.02333575954496728,0.0014483718258741568,0.045736187544721946,0.03125293604232778,0.03282565108116252,-0.009618447931857545,0.02358316454239063,0.010242038226576673,3.1384850298900124,0.9993132380946911,1.0,1.0,0.032380994214594325,0.0027879128823438807,0.0634362695721222,0.04425839707722109,0.04571571559622826,-0.009838273168875755,0.03283309162379417,0.014259230516037693,4.464454091520941,0.9984664778960306,1.0,1.0,0.03288028418652085,0.0029218545336846006,0.0649267737272872,0.0449142590748744,0.04681344927420844,-0.008484971301613544,0.03332003806293432,0.014470708667538688,4.603807440542753,0.9985534513272885,1.0,1.0,0.023001262078551393,0.0013681749013411176,0.044488853676839815,0.030988024283966714,0.031541948324181945,-0.0031441483993352526,0.023099190475345584,0.010031850959874742,3.138485040474658,0.9990514972968494,1.0,1.0,0.0108353141695261,0.06018819287419319,0.018084948882460594,ok,
759xd9YjKW5,99fcb9869e0b4a7a9f825d70d6f67efc,99fcb9869e0b4a7a9f825d70d6f67efc_i2_1,2,1,/mnt/priorbimda-data/PriorBIMDA-Datasets/Matterport3D/v1/scans/759xd9YjKW5/undistorted_color_images/99fcb9869e0b4a7a9f825d70d6f67efc_i2_1.jpg,/mnt/priorbimda-data/PriorBIMDA-Datasets/Matterport3D/v1/scans/759xd9YjKW5/undistorted_depth_images/99fcb9869e0b4a7a9f825d70d6f67efc_d2_1.png,1024,1280,406,504,1.4165615917841592,1237574,0.9441940307617187,0.203917995095253,5.223840236663818,1.6681499481201172,True,204624,1.0,True,,1.0,204624,1.0637151002883911,0.06176759217771985,1.0128598492638128,0.0489897286408477,log-depth Laplacian fallback,,,,0.03506185843320387,0.027835911305848216,0.2353312835885726,0.061522468797541995,0.08654255052898346,0.0016058588351746557,0.030862880459407844,0.01340357867916053,8.652765031747451,0.9816431179064847,0.9841835720530651,0.9965925269923253,0.07069688246647975,0.039975459754884285,0.2791808358846267,0.1154100517697206,0.10725310502411525,0.06337345108995743,0.0637314909977405,0.027678234863785484,8.652765011406856,0.9797587861412732,0.9834490705202275,0.9915350516413564,0.0664660638611154,0.03795036292346891,0.27192457256144453,0.10830892736839912,0.1044398118461758,0.059171020794107784,0.05986024786793702,0.025996975334405932,8.60608191725356,0.9799955396606587,0.9835500745813988,0.9930565768188407,0.06775605642950053,0.03828664097289492,0.27313549649513214,0.11044551081964933,0.1050419169294318,0.06042963131972901,0.06108027007874828,0.0265268242483607,8.591893837083461,0.9801046240467237,0.9835436103214839,0.9930299117466915,0.032650848865221155,0.029265193209009728,0.24137517986159823,0.05881073273499326,0.08771502120684752,0.01438369478568201,0.028024981644588984,0.012171094883684907,8.652765031843899,0.9814710069862489,0.9840389342374678,0.996183662552704,0.007606747560203075,0.05823367554694414,0.01808781735599041,ok,
759xd9YjKW5,99fcb9869e0b4a7a9f825d70d6f67efc,99fcb9869e0b4a7a9f825d70d6f67efc_i2_2,2,2,/mnt/priorbimda-data/PriorBIMDA-Datasets/Matterport3D/v1/scans/759xd9YjKW5/undistorted_color_images/99fcb9869e0b4a7a9f825d70d6f67efc_i2_2.jpg,/mnt/priorbimda-data/PriorBIMDA-Datasets/Matterport3D/v1/scans/759xd9YjKW5/undistorted_depth_images/99fcb9869e0b4a7a9f825d70d6f67efc_d2_2.png,1024,1280,406,504,1.4165615917841592,1241283,0.9470237731933594,0.19202600419521332,5.23222017288208,1.6679600477218628,True,204624,1.0,True,,1.0,204624,1.0367934703826904,0.03613274873984026,1.0223042230570574,0.0140736270303825,log-depth Laplacian fallback,,,,0.046006653725748865,0.022465994706827,0.20805989961128735,0.08722811106188187,0.08711344563854025,-0.012592390513081352,0.042996386938636104,0.018673093589226704,8.619851571915241,0.9842421107837617,0.9885143033458124,0.9925407824001456,0.043910985503162275,0.026623648259154444,0.23653459985320474,0.09628670925093667,0.08935509258176079,0.023540358314284117,0.03937131089568165,0.01709874306729191,8.619851565270805,0.9832665073154148,0.9880687965596886,0.9917786677171926,0.03807009775073606,0.02547029846405857,0.22825776818188617,0.08438908309351266,0.08677497507037542,0.02069623513523076,0.03369468803144811,0.014633417081509477,8.427076687494612,0.9834719399202277,0.988171110053066,0.991818143002039,0.038545098544661115,0.025191946426911773,0.22756120048463324,0.08542885300330201,0.08643843409166133,0.021791513418314822,0.034224920121993435,0.014863693952561317,8.364647530624278,0.9834372983437298,0.9882138078101448,0.9918705081758149,0.041002372261137864,0.02433752669907734,0.22210661661835474,0.08559196453339692,0.08671679340746327,0.009466686422547431,0.037054955921007174,0.016092762883661658,8.619851568936568,0.9836459534207751,0.9882210583726676,0.9919285126759974,0.007964741438627243,0.05914830695837736,0.01809883303940296,ok,
759xd9YjKW5,99fcb9869e0b4a7a9f825d70d6f67efc,99fcb9869e0b4a7a9f825d70d6f67efc_i2_3,2,3,/mnt/priorbimda-data/PriorBIMDA-Datasets/Matterport3D/v1/scans/759xd9YjKW5/undistorted_color_images/99fcb9869e0b4a7a9f825d70d6f67efc_i2_3.jpg,/mnt/priorbimda-data/PriorBIMDA-Datasets/Matterport3D/v1/scans/759xd9YjKW5/undistorted_depth_images/99fcb9869e0b4a7a9f825d70d6f67efc_d2_3.png,1024,1280,406,504,1.4165615917841592,1187652,0.9061065673828125,0.193340003490448,5.246699810028076,1.6676599979400635,True,204624,1.0,True,,1.0,204624,1.0728434324264526,0.07031253727624621,1.026809682466074,0.04385593755705176,log-depth Laplacian fallback,,,,0.03721374439160209,0.009295518468812408,0.11968398265934345,0.055617659947990464,0.06760927706739792,-0.020807310689185014,0.03608135118717427,0.015669931720203138,6.4327833536191035,0.99116744635634,0.9936883868338537,0.9965806482033458,0.054678642394979673,0.016073301791361794,0.16933141279480335,0.10056042656237861,0.08117165526845878,0.04950522662063135,0.05092967852894697,0.022118478350228177,6.432783344914894,0.9887416515949117,0.9932623361051891,0.9950608427384453,0.06887022716212202,0.016578791200895938,0.17269269595348696,0.11201892102224552,0.09130457378653874,0.009694362671560658,0.06695861485228378,0.029079756946231976,9.078846031701246,0.9888342713185344,0.9934669414946465,0.9965890681782206,0.07286047986578302,0.017210993212156668,0.17523048584085132,0.11670761894187733,0.09477248743699468,0.0067333886378920585,0.07122241943423144,0.03093150374808565,9.453298817051337,0.9888275353386345,0.9934719934795715,0.9972508782033794,0.031122048237106313,0.009731590865551079,0.12370524627095075,0.04963526439310902,0.06457541902653308,0.005649298694225954,0.029115480662052606,0.012644692589490284,6.432783353040694,0.9900930575623162,0.9935511412433945,0.995585407173145,0.008748139254748821,0.06008440535515547,0.018124138936400414,ok,
759xd9YjKW5,99fcb9869e0b4a7a9f825d70d6f67efc,99fcb9869e0b4a7a9f825d70d6f67efc_i2_4,2,4,/mnt/priorbimda-data/PriorBIMDA-Datasets/Matterport3D/v1/scans/759xd9YjKW5/undistorted_color_images/99fcb9869e0b4a7a9f825d70d6f67efc_i2_4.jpg,/mnt/priorbimda-data/PriorBIMDA-Datasets/Matterport3D/v1/scans/759xd9YjKW5/undistorted_depth_images/99fcb9869e0b4a7a9f825d70d6f67efc_d2_4.png,1024,1280,406,504,1.4165615917841592,1214886,0.9268844604492188,0.20654700696468353,5.252810001373291,1.6675399541854858,True,204624,1.0,True,,1.0,204624,1.064234733581543,0.062255980856070946,1.0234767039723165,0.03905061613677547,log-depth Laplacian fallback,,,,0.029547817066255536,0.0026196021925826503,0.05635115489855416,0.04179963547626612,0.04465189860810555,-0.026518000082850633,0.029926989637338603,0.012997126459471958,3.5924750812141646,0.9983463469000383,0.9988262273168017,0.9994773172133024,0.042270223554955,0.004493695469118726,0.08174082518354452,0.0678915422812369,0.050673375495872655,0.03573798067683474,0.04103434205948489,0.017820988324964794,3.5924750817338933,0.99832576883757,0.9986484328570746,0.9992509585261498,0.04176055638651037,0.004518478590410749,0.080353032777015,0.0657863405857865,0.05123536472184649,0.03610352128028068,0.04044700913904184,0.017565912878576263,3.635379415336111,0.99831918385758,0.998644317244581,0.9992295573411827,0.042540545235248306,0.0046728975718236835,0.08163232505611669,0.06707396502345217,0.0519221848830445,0.03755043701869496,0.041162795364175726,0.017876774886374285,3.5859140574393,0.9983076601425978,0.9986336166520974,0.9992089792787142,0.018956939555571165,0.001851408187326749,0.04549545942376358,0.026583728399526566,0.036077155800460295,-0.0033126198142668876,0.018810141469916226,0.008169140644204136,3.5924750807998826,0.9983710405750005,0.9987620237619003,0.9994057055559122,0.007586387917399406,0.05898413248360157,0.018131145276129246,ok,
759xd9YjKW5,99fcb9869e0b4a7a9f825d70d6f67efc,99fcb9869e0b4a7a9f825d70d6f67efc_i2_5,2,5,/mnt/priorbimda-data/PriorBIMDA-Datasets/Matterport3D/v1/scans/759xd9YjKW5/undistorted_color_images/99fcb9869e0b4a7a9f825d70d6f67efc_i2_5.jpg,/mnt/priorbimda-data/PriorBIMDA-Datasets/Matterport3D/v1/scans/759xd9YjKW5/undistorted_depth_images/99fcb9869e0b4a7a9f825d70d6f67efc_d2_5.png,1024,1280,406,504,1.4165615917841592,1183273,0.9027656555175781,0.21843799948692322,5.244430065155029,1.6677299737930298,True,204624,1.0,True,,1.0,204624,1.0477352142333984,0.04663089580115852,1.1019771854258695,0.050475111834920455,log-depth Laplacian fallback,,,,0.0949495959358939,0.013689167993151714,0.14233916878225303,0.1309856724562186,0.10451949131832622,-0.0980623836775065,0.10003971959597714,0.043446698191681475,3.6167567970865484,0.9956417496216005,0.9985100648793642,1.0,0.052967404467253995,0.005276235009574991,0.09016640858303758,0.07360007926881111,0.06287520121025286,-0.05143148787109321,0.054603775988618916,0.023714118602938462,3.6167568104523915,0.9956256924648834,0.9986190845223376,1.0,0.05568743073038425,0.0067616413267177385,0.1032203999204463,0.07820354869686298,0.07152491958626439,-0.054523769426297816,0.057880266902673234,0.025137080526918428,4.629225301677915,0.9958149978914418,0.9985709130521866,1.0,0.054535040338973266,0.006696970111804594,0.10297567797446289,0.07675967874929258,0.07106967033791557,-0.05328909117711738,0.05669381192726981,0.024621809678074057,4.702308798299902,0.9958344355022045,0.9985675325981409,1.0,0.017636696425445148,0.001913485298513487,0.05547062120816752,0.02535149289341825,0.03618020941203124,-0.0009563364137576206,0.017668393970021266,0.007673286005272934,3.616756798240871,0.9936979885453314,0.9994194070176535,1.0,0.0073274774476885796,0.0582746434956789,0.018100942485034466,ok,
759xd9YjKW5,9c2919ad974d472fa4f97c01005666f0,9c2919ad974d472fa4f97c01005666f0_i0_1,0,1,/mnt/priorbimda-data/PriorBIMDA-Datasets/Matterport3D/v1/scans/759xd9YjKW5/undistorted_color_images/9c2919ad974d472fa4f97c01005666f0_i0_1.jpg,/mnt/priorbimda-data/PriorBIMDA-Datasets/Matterport3D/v1/scans/759xd9YjKW5/undistorted_depth_images/9c2919ad974d472fa4f97c01005666f0_d0_1.png,1024,1280,406,504,1.4155678118069965,1236729,0.9435493469238281,-7.358270168304443,-11.598199844360352,1.5675100088119507,True,80464,0.39322855579013216,True,,1.0,80464,1.0634554624557495,0.06152347650737508,1.2270201934204543,0.14306514664135772,log-depth Laplacian fallback,,,,0.1803183332280809,0.06295138764830326,0.36794774830481963,0.34461409364262324,0.2077403454804235,-0.199738451596369,0.20025880534358045,0.0869712941132544,5.710168206113262,0.6491009752338629,0.9949309832631078,0.9997841079169325,0.128477114080821,0.03286646770829966,0.2591820211863976,0.23927720660591556,0.14954591747602464,-0.13821497510753886,0.13890239110094116,0.06032454197830608,5.710168202223453,0.9800368552851918,0.9989189224155008,0.9999248016339877,0.15429336821770348,0.055030127824168634,0.36095569501315855,0.3129631127589491,0.18253085652193948,-0.1684653080957756,0.16969535764645494,0.07369775743045413,7.0263458147377476,0.8185956664717978,0.9985081614484661,0.999861732036687,0.1549684673925641,0.05610772673647371,0.3668802733194343,0.3163148887649733,0.1834836557296516,-0.16962635216521724,0.17055793954307438,0.07407237198834568,6.99510726939839,0.812498130148157,0.9984669236348465,0.9998285800688752,0.042736431570937414,0.006678777339638082,0.12859064058303163,0.08708929932518476,0.05730729336338569,0.0048501316648249665,0.04247151857492222,0.01844514615514018,5.710168207216852,0.9923556413733324,0.9990256555801634,0.9999644222784458,0.009131860919296741,0.06053182668983936,0.018139703199267387,ok,
759xd9YjKW5,9c2919ad974d472fa4f97c01005666f0,9c2919ad974d472fa4f97c01005666f0_i0_2,0,2,/mnt/priorbimda-data/PriorBIMDA-Datasets/Matterport3D/v1/scans/759xd9YjKW5/undistorted_color_images/9c2919ad974d472fa4f97c01005666f0_i0_2.jpg,/mnt/priorbimda-data/PriorBIMDA-Datasets/Matterport3D/v1/scans/759xd9YjKW5/undistorted_depth_images/9c2919ad974d472fa4f97c01005666f0_d0_2.png,1024,1280,406,504,1.4155678118069965,1249954,0.9536392211914062,-7.370419979095459,-11.590200424194336,1.5676900148391724,True,197386,0.9646278051450465,True,,1.0,197386,1.129281997680664,0.1215820304893399,1.2385673121209266,0.09237328769515622,log-depth Laplacian fallback,,,,0.1947613454444134,0.0522475465785,0.26410764931783715,0.2609800166715681,0.23645379223482774,-0.21959110390561926,0.2202497763269265,0.09565326249920963,8.769346011957001,0.528565051193884,1.0,1.0,0.09780855025567134,0.015825816090003362,0.13491143969858121,0.11697690640501907,0.13151395889858725,-0.0980090733439456,0.1056776442608552,0.04589521776302431,8.769346000381322,0.9206386795034057,1.0,1.0,0.09273567700564285,0.014893017534060048,0.1310841144625819,0.11181510953728005,0.12871611317364692,-0.09535610886094693,0.10034964254293408,0.043581296017360084,8.645837318288102,0.9036068527321806,1.0,1.0,0.0918161913007387,0.015072016819551276,0.13342277853235296,0.11195053042104668,0.12884055752456786,-0.09563505321618035,0.09947778956880535,0.04320265508166506,8.633554227303975,0.9092926619699605,1.0,1.0,0.07529227808646233,0.011776641000696288,0.14387920621426903,0.11375661970212401,0.08787436862602759,-0.005635753286915171,0.07564948582823243,0.03285415425401961,8.769346011141312,0.9972238978394405,1.0,1.0,0.008541110903024673,0.06038254406303167,0.01808117050677538,ok,
759xd9YjKW5,9c2919ad974d472fa4f97c01005666f0,9c2919ad974d472fa4f97c01005666f0_i0_3,0,3,/mnt/priorbimda-data/PriorBIMDA-Datasets/Matterport3D/v1/scans/759xd9YjKW5/undistorted_color_images/9c2919ad974d472fa4f97c01005666f0_i0_3.jpg,/mnt/priorbimda-data/PriorBIMDA-Datasets/Matterport3D/v1/scans/759xd9YjKW5/undistorted_depth_images/9c2919ad974d472fa4f97c01005666f0_d0_3.png,1024,1280,406,504,1.4155678118069965,1241990,0.9475631713867188,-7.369579792022705,-11.575699806213379,1.567710041999817,True,189433,0.925761396512628,True,,1.0,189433,1.1204938888549805,0.11376956029928684,1.2675119635013012,0.12328633479917422,log-depth Laplacian fallback,,,,0.20972399707854944,0.060975568849640914,0.28062455027099886,0.273328507794425,0.2621688128906279,-0.2405419802152772,0.24060580929823114,0.10449377529208792,10.426908557474857,0.4502282627074292,0.990557894991103,0.9953075306564465,0.11715844264877204,0.023508615142347016,0.16563287997726442,0.1396880953901003,0.16414410943881483,-0.12677241997287078,0.12944495966225192,0.05621723169150497,10.426908553201997,0.828827929371412,0.9925691833267578,0.9985796987093294,0.1168858423816114,0.02407848548615441,0.1668350630854319,0.13899603138647684,0.16866838031644776,-0.12831488126399743,0.1297824538187222,0.05636380354133461,10.947289054729534,0.7753154212191724,0.9925691833267578,0.9985796987093294,0.11461466020344517,0.0238011081039854,0.16608530512287223,0.13658088355651077,0.16790153744980427,-0.12666087134919918,0.12739986330735958,0.0553290576296148,11.021773880401302,0.7698910619248142,0.9925691833267578,0.9985796987093294,0.08047427944099649,0.014850451134828878,0.15750255402136099,0.11918485874730374,0.10432734535078497,-0.0034860848568819395,0.08150279091675723,0.03539621235486213,10.426908554462619,0.9903598257634925,0.9983051393328448,0.9985885554634095,0.010019342415034771,0.05978760868310928,0.018146254122257233,ok,
759xd9YjKW5,9c2919ad974d472fa4f97c01005666f0,9c2919ad974d472fa4f97c01005666f0_i0_4,0,4,/mnt/priorbimda-data/PriorBIMDA-Datasets/Matterport3D/v1/scans/759xd9YjKW5/undistorted_color_images/9c2919ad974d472fa4f97c01005666f0_i0_4.jpg,/mnt/priorbimda-data/PriorBIMDA-Datasets/Matterport3D/v1/scans/759xd9YjKW5/undistorted_depth_images/9c2919ad974d472fa4f97c01005666f0_d0_4.png,1024,1280,406,504,1.4155678118069965,1238661,0.9450233459472657,-7.356579780578613,-11.569199562072754,1.5675400495529175,True,59344,0.29001485651731956,True,,1.0,59344,0.9926117062568665,-0.007415722369358824,1.371165483503976,0.3230768184401419,log-depth Laplacian fallback,,,,0.2705324513756048,0.14341536549676803,0.5759371941585908,0.5377616985969887,0.3229858772570353,-0.3169952758628279,0.31726095806346954,0.1377846834103039,6.1918268613926415,0.017259766796565,0.9924442603747111,0.9999959633830402,0.2758928351178935,0.14929868973371,0.588236842384438,0.5490187556310746,0.3302671159250568,-0.3244109983546292,0.324647433870046,0.14099258909381185,6.19182687743099,0.014811154948771294,0.9878788465932163,0.9999959633830402,0.2921699238984211,0.17732195835454773,0.6570974045386527,0.600400838978814,0.35228055387837354,-0.3471069711349002,0.3472984730832488,0.15082981043347993,6.015263278036313,0.011723142974550745,0.9522613531870302,0.9999870828257288,0.29315027544150074,0.17956816950093277,0.6640034806677553,0.6044060032686287,0.3535790767786076,-0.34852070219306874,0.3486705720832272,0.15142570545779552,5.9594325891503965,0.015756530640748355,0.95219515266889,0.999981431561985,0.04716012215752962,0.007433800519587759,0.13107458128224478,0.09602095561748557,0.06193264053797458,-0.0013341575403042528,0.04709685814863341,0.020453905608931705,6.191826861002834,0.994167088493139,0.9997578029824141,1.0,0.009439896792173386,0.060990842059254646,0.018123016692698002,ok,
759xd9YjKW5,9c2919ad974d472fa4f97c01005666f0,9c2919ad974d472fa4f97c01005666f0_i1_1,1,1,/mnt/priorbimda-data/PriorBIMDA-Datasets/Matterport3D/v1/scans/759xd9YjKW5/undistorted_color_images/9c2919ad974d472fa4f97c01005666f0_i1_1.jpg,/mnt/priorbimda-data/PriorBIMDA-Datasets/Matterport3D/v1/scans/759xd9YjKW5/undistorted_depth_images/9c2919ad974d472fa4f97c01005666f0_d1_1.png,1024,1280,406,504,1.4121168655554452,1230232,0.938592529296875,-7.3571600914001465,-11.587300300598145,1.6007699966430664,True,103695,0.5067587379779498,True,,1.0,103695,0.976477324962616,-0.023803749659416236,0.9956550054916269,0.019449288229971898,log-depth Laplacian fallback,,,,0.10735694160180793,0.07745621422213599,0.3940650660685758,0.21774370111378982,0.1555651630215018,0.050197194407079086,0.09571697309115393,0.04156935323797022,14.724388482909687,0.9188258799966186,0.9827349638117038,0.9915641927701442,0.10702978535867462,0.07021909683373172,0.3825365420264201,0.22686825417458098,0.1495906934057984,0.026393444760615645,0.0979286575555602,0.042529875596572994,14.724388485535114,0.9277615929353162,0.9836510511838418,0.9925948926706507,0.0954537430962773,0.06628164952782738,0.3717683738627293,0.20637823725389887,0.1433205227183939,0.025189200358019123,0.08671596124178803,0.0376602634602448,14.108960421518388,0.9274665266388779,0.9827699165685821,0.9926176526053623,0.09332382163982915,0.06430642875413553,0.3690616754479921,0.20509424812501684,0.1413488426763528,0.02357902320040142,0.08497506587814257,0.0369042022102426,13.93683069813911,0.9266276604737969,0.982794302212916,0.9930687870255367,0.10673705255052304,0.07585693391473144,0.39082061546657676,0.21697156246810922,0.15421516563734305,0.045842727712321216,0.0955631049873276,0.041502529169537485,14.72438848592604,0.9205401907932813,0.9829845102387192,0.9917844764239591,0.008976271376013756,0.06030125264078379,0.018140364438295364,ok,
759xd9YjKW5,9c2919ad974d472fa4f97c01005666f0,9c2919ad974d472fa4f97c01005666f0_i1_2,1,2,/mnt/priorbimda-data/PriorBIMDA-Datasets/Matterport3D/v1/scans/759xd9YjKW5/undistorted_color_images/9c2919ad974d472fa4f97c01005666f0_i1_2.jpg,/mnt/priorbimda-data/PriorBIMDA-Datasets/Matterport3D/v1/scans/759xd9YjKW5/undistorted_depth_images/9c2919ad974d472fa4f97c01005666f0_d1_2.png,1024,1280,406,504,1.4121168655554452,1242311,0.9478080749511719,-7.3600897789001465,-11.58530044555664,1.6008100509643555,True,204624,1.0,True,,1.0,204624,0.9628652930259705,-0.03784175959989025,1.0095411934628604,0.04733772334579845,log-depth Laplacian fallback,,,,0.03188250541003637,0.02629611288448278,0.27639849949762024,0.0982296542309628,0.07188126631657042,-0.004315941945166473,0.02952443540691862,0.012822299378533757,7.175157902373769,0.9871779288761027,0.992883424520913,0.9964388949304964,0.05912430218092433,0.029899679804531915,0.30892595862426764,0.19090484802255528,0.08321995472903,-0.04215770130568634,0.05844004018070281,0.025380186972683568,7.1751578977206725,0.988771732682074,0.9935933916708457,0.9968003181168,0.06408090573671306,0.032370065415096176,0.3073394048540484,0.1863369466860016,0.08945089883929792,-0.04644229484612571,0.06364457037165587,0.02764048571551334,7.644983029794005,0.9885463462852699,0.9933752498367961,0.996626448610694,0.06595067249819125,0.03276499257941711,0.3097433983899491,0.19249248968181468,0.09076921268048677,-0.04915773693403968,0.06569782343580044,0.02853220219122225,7.630574598389815,0.9885688849249503,0.9934114726505682,0.996677160549975,0.030223309083811517,0.026830429926615225,0.2776288793392442,0.0908031345457873,0.07193831603260409,0.005179982620405788,0.027573369588542125,0.011974962259782788,7.175157903251408,0.9864719864832558,0.9927087500633899,0.9963447156146891,0.0087234266102314,0.06054827757179737,0.01810561679303646,ok,
759xd9YjKW5,9c2919ad974d472fa4f97c01005666f0,9c2919ad974d472fa4f97c01005666f0_i1_3,1,3,/mnt/priorbimda-data/PriorBIMDA-Datasets/Matterport3D/v1/scans/759xd9YjKW5/undistorted_color_images/9c2919ad974d472fa4f97c01005666f0_i1_3.jpg,/mnt/priorbimda-data/PriorBIMDA-Datasets/Matterport3D/v1/scans/759xd9YjKW5/undistorted_depth_images/9c2919ad974d472fa4f97c01005666f0_d1_3.png,1024,1280,406,504,1.4121168655554452,1302542,0.9937606811523437,-7.359879970550537,-11.581899642944336,1.6008199453353882,True,204624,1.0,True,,1.0,204624,0.9239461421966553,-0.0791014967052024,0.9877889469977938,0.06681527625270636,log-depth Laplacian fallback,,,,0.04544475335546461,0.016807280243895006,0.21051836783400935,0.10918144076196228,0.07049746823663533,0.018997747093911357,0.04353482872760931,0.0189069358870039,6.7889458925014186,0.9928232640482993,0.9963202722061937,0.9979731939545903,0.06901299536195181,0.02799656944287738,0.3248576473513881,0.2208699906868692,0.09067215304619367,-0.06010374954860836,0.0712102962276016,0.03092623870634334,6.788945888892124,0.9830715631434533,0.9968369542018607,0.9987455298946214,0.05424463300772412,0.01796988208148594,0.21717893550081466,0.13229952325077352,0.07630756567068327,-0.04618399472407366,0.05495613357826177,0.023867145559777102,6.0744408877791995,0.9884702374280445,0.9964861017917273,0.998156681320065,0.053072398799845794,0.01794744930178556,0.21749111422352252,0.12947374101789744,0.07584912111945583,-0.04557617562214215,0.053738451225601884,0.02333831283330593,6.062921235059496,0.9886713825734602,0.9964784244961007,0.9980929597663646,0.04333909733917477,0.016439831406216885,0.2166407224297029,0.11415768170779905,0.06822040463094331,0.006711555239512181,0.04197159701984641,0.018228032982386264,6.7889458933450095,0.9926820018087709,0.9963732455460169,0.9981505394835637,0.00856073945760727,0.05929834675043821,0.018130182288587093,ok,
759xd9YjKW5,9c2919ad974d472fa4f97c01005666f0,9c2919ad974d472fa4f97c01005666f0_i1_4,1,4,/mnt/priorbimda-data/PriorBIMDA-Datasets/Matterport3D/v1/scans/759xd9YjKW5/undistorted_color_images/9c2919ad974d472fa4f97c01005666f0_i1_4.jpg,/mnt/priorbimda-data/PriorBIMDA-Datasets/Matterport3D/v1/scans/759xd9YjKW5/undistorted_depth_images/9c2919ad974d472fa4f97c01005666f0_d1_4.png,1024,1280,406,504,1.4121168655554452,1120290,0.8547134399414062,-7.356760025024414,-11.580300331115723,1.6007800102233887,True,123943,0.6057109625459379,True,,1.0,123943,0.9394130706787109,-0.0624999916275008,1.096130303382236,0.15428606303377057,log-depth Laplacian fallback,,,,0.10334937773405645,0.08884844440691433,0.433607762161641,0.21491123787116836,0.14807924691908864,-0.07539326570133148,0.10294175107878442,0.04470703445097421,12.744927953901058,0.9826393166055218,0.9932838818520204,0.9947701041694561,0.14802125426637996,0.10307962597445464,0.5160501471931979,0.35615389931518926,0.18777078926629912,-0.13789325750991208,0.1553585485214358,0.06747136033935817,12.744927946047396,0.7867141543707433,0.9933847485918824,0.9952137392996456,0.14217364388765003,0.10201782085469398,0.48523893100658333,0.31907979111622115,0.18566706187881057,-0.1295243737947183,0.14886201654069164,0.064649952348613,13.302516476139456,0.7620035883565862,0.9933133385105642,0.9951816047630524,0.14318429749837172,0.10199366013097876,0.4886053294277768,0.32386479085935,0.1868341751984696,-0.13048078907695565,0.1501541055794767,0.06521109948828503,13.372274564915068,0.758018905819029,0.9932633514536414,0.9952128466736292,0.09005867560853593,0.11150923694783549,0.5284498367000433,0.27026073432534575,0.12849918831057838,0.016392758696576935,0.08121763794095979,0.035272371990975014,12.744927955384167,0.9804122146944095,0.9919065599085951,0.9943987717466013,0.009844405576586723,0.059087359346449375,0.018146172165870667,ok,
759xd9YjKW5,9c2919ad974d472fa4f97c01005666f0,9c2919ad974d472fa4f97c01005666f0_i2_1,2,1,/mnt/priorbimda-data/PriorBIMDA-Datasets/Matterport3D/v1/scans/759xd9YjKW5/undistorted_color_images/9c2919ad974d472fa4f97c01005666f0_i2_1.jpg,/mnt/priorbimda-data/PriorBIMDA-Datasets/Matterport3D/v1/scans/759xd9YjKW5/undistorted_depth_images/9c2919ad974d472fa4f97c01005666f0_d2_1.png,1024,1280,406,504,1.4165615917841592,1237838,0.9443954467773438,-7.357339859008789,-11.598400115966797,1.6339999437332153,True,100715,0.4921954413949488,True,,1.0,100715,1.049014925956726,0.04785155806100306,1.142603640904422,0.08545799575047877,log-depth Laplacian fallback,,,,0.12498627698801572,0.04172109320548188,0.29368618624873805,0.2549600615062202,0.14523405585384902,-0.10315509787618371,0.13054242297252638,0.056693853951248485,10.223481188868053,0.9760679507334562,0.9958621402800689,0.9985951311884108,0.09552991655021775,0.030233676347845205,0.24019897836168402,0.1878667643924445,0.11623441101173718,-0.055303539803339505,0.09582605270660728,0.04161672591304972,10.223481201853843,0.9703474929675774,0.9944362671044191,0.9980086247150274,0.10364856454868954,0.03600637139411231,0.26724618807816236,0.2108879534072016,0.12863465071983515,-0.05639062817787306,0.10448687225426519,0.04537807205135738,11.561561494676596,0.9647465985048124,0.9931582323373495,0.9983503495610896,0.1008743559735084,0.03546446208456875,0.26589281274141696,0.20642093532132827,0.1272775711551991,-0.052743945835635755,0.10147474192947087,0.044069920472525705,11.583460750938942,0.9648750482696443,0.9929021406678419,0.9984238648353015,0.06285216402762486,0.031489933654113414,0.23831585606747957,0.11942577451286607,0.10658915375668092,0.03015445146260457,0.05673491742916312,0.024639661570722168,10.223481185758006,0.9528322769215358,0.9890801542689754,0.997473013431483,0.009118651039898396,0.05926862359046936,0.01809508539736271,ok,
759xd9YjKW5,9c2919ad974d472fa4f97c01005666f0,9c2919ad974d472fa4f97c01005666f0_i2_2,2,2,/mnt/priorbimda-data/PriorBIMDA-Datasets/Matterport3D/v1/scans/759xd9YjKW5/undistorted_color_images/9c2919ad974d472fa4f97c01005666f0_i2_2.jpg,/mnt/priorbimda-data/PriorBIMDA-Datasets/Matterport3D/v1/scans/759xd9YjKW5/undistorted_depth_images/9c2919ad974d472fa4f97c01005666f0_d2_2.png,1024,1280,406,504,1.4165615917841592,1257867,0.9596763610839844,-7.369500160217285,-11.590399742126465,1.6341899633407593,True,204624,1.0,True,,1.0,204624,1.009751796722412,0.0097045548333224,0.9995446576456734,0.010160000887459343,log-depth Laplacian fallback,,,,0.032074184423131,0.0086955683947983,0.13270186532899056,0.06847393896254513,0.05761404031101315,0.006610325999593907,0.03069804484544955,0.013331991481597307,5.723356734590411,0.9842686070943908,0.996845453454141,1.0,0.033698899752138654,0.009478795041628013,0.13982012894634063,0.07398438187699559,0.05951349913885083,0.016314880960149093,0.03200543333631849,0.013899783088885516,5.723356741464018,0.9831818467294237,0.9965592546747788,0.9998592856001469,0.037092271352291754,0.010197997168971282,0.14473776534144175,0.08085069604934172,0.062244108346993426,0.018372600309405348,0.035322439740553,0.015340340666682299,5.947080444876372,0.9830061524787597,0.9964948599494223,1.0,0.03754607798964522,0.010044016691725548,0.14331921830654087,0.08161744777359524,0.06214590368256909,0.02054850791665224,0.035768755758934255,0.01553417325065029,5.8650423416395165,0.9830769071769909,0.9966633992306023,1.0,0.03205700008740006,0.008669521914138419,0.1324535991705316,0.06834230716710603,0.05756356533022843,0.006154902452909119,0.030695463736633455,0.013330870520281292,5.7233567330043735,0.9843194868773885,0.9968661233659838,1.0,0.008166229352355003,0.057980586774647236,0.018139276653528214,ok,
759xd9YjKW5,9c2919ad974d472fa4f97c01005666f0,9c2919ad974d472fa4f97c01005666f0_i2_3,2,3,/mnt/priorbimda-data/PriorBIMDA-Datasets/Matterport3D/v1/scans/759xd9YjKW5/undistorted_color_images/9c2919ad974d472fa4f97c01005666f0_i2_3.jpg,/mnt/priorbimda-data/PriorBIMDA-Datasets/Matterport3D/v1/scans/759xd9YjKW5/undistorted_depth_images/9c2919ad974d472fa4f97c01005666f0_d2_3.png,1024,1280,406,504,1.4165615917841592,1255073,0.9575447082519531,-7.368649959564209,-11.575799942016602,1.6341999769210815,True,200100,0.9778911564625851,True,,1.0,200100,1.0099366903305054,0.009887646047432908,1.0646025081838664,0.052713851693411445,log-depth Laplacian fallback,,,,0.06287926604993706,0.012409210777376134,0.16423688411067275,0.1315236192672672,0.07317864088966368,-0.058270024730495994,0.0642987246527375,0.027924581310100473,4.426869887816606,0.9959532234379992,0.9982638460073637,0.9992566169457873,0.05422609957467862,0.010543704502665481,0.15108473454662058,0.112929931257967,0.06557874841048761,-0.04838237867643273,0.05506669569499504,0.023915162076981897,4.426869861082769,0.9958082119526115,0.9982287882856217,0.9992239495232548,0.050938389590458516,0.010089348669688483,0.1452552677187611,0.10130918908523806,0.06506392849672457,-0.04557878195780476,0.05176804354317676,0.022482575649728935,4.643155636708488,0.9958177731494503,0.9982367559496539,0.9992255430560613,0.05052372673509299,0.009961404690006195,0.144638562378071,0.10065417023374086,0.06462762859221856,-0.04509018783648198,0.051347929109405326,0.022300122269374095,4.629908571801952,0.9958496438055794,0.9982391462488636,0.9992438686833356,0.020167750990158044,0.0070405813801948025,0.12431373164817396,0.042922252975166365,0.044480099411048545,0.00433145992088208,0.019236286249071026,0.008354212970282947,4.426869885789002,0.9942895751880568,0.9979977260286852,0.9989490651141407,0.007953697815537453,0.05999799817800522,0.018150673247873783,ok,
759xd9YjKW5,9c2919ad974d472fa4f97c01005666f0,9c2919ad974d472fa4f97c01005666f0_i2_4,2,4,/mnt/priorbimda-data/PriorBIMDA-Datasets/Matterport3D/v1/scans/759xd9YjKW5/undistorted_color_images/9c2919ad974d472fa4f97c01005666f0_i2_4.jpg,/mnt/priorbimda-data/PriorBIMDA-Datasets/Matterport3D/v1/scans/759xd9YjKW5/undistorted_depth_images/9c2919ad974d472fa4f97c01005666f0_d2_4.png,1024,1280,406,504,1.4165615917841592,1241318,0.9470504760742188,-7.355649948120117,-11.569299697875977,1.6340299844741821,True,74806,0.3655778403315349,True,,1.0,74806,0.9678145051002502,-0.032714837030903735,1.0420631181571292,0.0739173525746943,log-depth Laplacian fallback,,,,0.04491927580918005,0.008142153466375162,0.12883445852049075,0.09042643909659598,0.0589598392711826,-0.0350240347899539,0.045104633533972906,0.019588693452072804,4.74297336479532,0.9918046785755141,0.9982309126267402,0.9995923687564346,0.07328741474877343,0.014144237405736185,0.1744493973023708,0.15171469880876629,0.08269301309746362,-0.06773887195612888,0.07540358414539511,0.03274736051007264,4.742973372525366,0.9934408427171765,0.9986167927960442,0.9997132080578869,0.07567991528344975,0.014836647295585953,0.18009881749710582,0.15731015641537194,0.08495017818461939,-0.07076642736098493,0.07803708340257723,0.03389107470556313,4.6996228914254665,0.9938275284818233,0.9987327985254383,0.9997470430622935,0.07498143556619731,0.014533126471029636,0.1786079429831736,0.15588520116225013,0.08409640717802264,-0.07060389058769621,0.07734905496773045,0.03359226775291667,4.568693833178581,0.9944607264214327,0.9989857554631448,0.9997510710390085,0.023941384717451317,0.006533802747062681,0.11550726499433497,0.04891133013565681,0.04783046359907144,0.006178479702273476,0.022838037394494158,0.00991843361792893,4.74297336769952,0.9894539513645979,0.9979320367544819,0.9994103042089134,0.009130431339144707,0.060271971859037876,0.01810629293322563,ok,
759xd9YjKW5,aaef0e13feb84a9a8cb567429c9fb8d7,aaef0e13feb84a9a8cb567429c9fb8d7_i0_0,0,0,/mnt/priorbimda-data/PriorBIMDA-Datasets/Matterport3D/v1/scans/759xd9YjKW5/undistorted_color_images/aaef0e13feb84a9a8cb567429c9fb8d7_i0_0.jpg,/mnt/priorbimda-data/PriorBIMDA-Datasets/Matterport3D/v1/scans/759xd9YjKW5/undistorted_depth_images/aaef0e13feb84a9a8cb567429c9fb8d7_d0_0.png,1024,1280,406,504,1.4155678118069965,1247693,0.9519142150878906,-4.356090068817139,1.0246700048446655,1.61149001121521,True,204624,1.0,True,,1.0,204624,1.0924019813537598,0.08837892437790622,1.09029437633059,0.0019311945711350115,log-depth Laplacian fallback,,,,0.08784846305506566,0.014237665811163695,0.154155621261553,0.14706253225747218,0.10195335658373575,-0.0925779487267132,0.09282437352962092,0.0403131132100407,4.270609240195636,0.9999382861008277,1.0,1.0,0.0337647171336963,0.0030109639893776846,0.07515412040934287,0.059568739134971994,0.04291202790118848,-0.004199024419468279,0.034025305314006216,0.014777002342946294,4.270609245198028,0.9999879778118496,1.0,1.0,0.02190884876433227,0.0015485027662381508,0.05661760614700018,0.04003425833485646,0.02921061987191574,-0.0028961358910655844,0.02200286010898975,0.00955572073142343,2.906669417395175,0.9999943896455298,1.0,1.0,0.021472417184520164,0.0014609552617484464,0.052963370030110195,0.03771150731108509,0.029657112867414702,-0.008285868677947507,0.02170805612062302,0.009427688986032688,2.847610794828505,0.9999983970415799,1.0,1.0,0.03366190252439877,0.002972205338992497,0.07394487808227257,0.058753863343760704,0.043143830203401734,-0.006130232895923026,0.03398758590149089,0.014760621010230256,4.270609241386647,0.9999927866871098,1.0,1.0,0.008413759991526604,0.059879785403609276,0.018085227347910404,ok,
759xd9YjKW5,aaef0e13feb84a9a8cb567429c9fb8d7,aaef0e13feb84a9a8cb567429c9fb8d7_i0_1,0,1,/mnt/priorbimda-data/PriorBIMDA-Datasets/Matterport3D/v1/scans/759xd9YjKW5/undistorted_color_images/aaef0e13feb84a9a8cb567429c9fb8d7_i0_1.jpg,/mnt/priorbimda-data/PriorBIMDA-Datasets/Matterport3D/v1/scans/759xd9YjKW5/undistorted_depth_images/aaef0e13feb84a9a8cb567429c9fb8d7_d0_1.png,1024,1280,406,504,1.4155678118069965,1247629,0.9518653869628906,-4.370619773864746,1.0250699520111084,1.610859990119934,True,204624,1.0,True,,1.0,204624,1.0225902795791626,0.02233889802417949,1.0284372365010417,0.005701505918405847,log-depth Laplacian fallback,,,,0.060949869111094415,0.008973122755735417,0.11992090670641195,0.09905093820878128,0.08314258528872252,-0.04119546568387089,0.06368440103213842,0.027657783951571455,7.22192709432982,0.9970488021679522,1.0,1.0,0.056901957370956,0.00846402048716399,0.12548779999860307,0.10007372336048478,0.0746404262726245,-0.018856567658471525,0.058331673546512315,0.025333123941432195,7.221927090673638,0.998476309864551,1.0,1.0,0.04104193616503523,0.004534327242205236,0.09038846594996804,0.07016597751204076,0.05501880729308717,-0.017681282066354283,0.041887433574483504,0.018191481262487187,5.2100301538895915,0.9983817304663486,1.0,1.0,0.0378097041462916,0.004063574662392719,0.08433688606605577,0.06362846727960958,0.052898086048560354,-0.017255137340181647,0.038673638674989255,0.016795747871668026,5.000467721096062,0.9983697076614924,1.0,1.0,0.05694989777374018,0.00862707929302798,0.1292415597616746,0.102372710548375,0.07340761695612016,-0.013155042017315226,0.058055306285521587,0.02521309916500519,7.2219270951035845,0.9984522642548386,1.0,1.0,0.00803104043006897,0.05902638006955385,0.01813696324825287,ok,
759xd9YjKW5,aaef0e13feb84a9a8cb567429c9fb8d7,aaef0e13feb84a9a8cb567429c9fb8d7_i0_2,0,2,/mnt/priorbimda-data/PriorBIMDA-Datasets/Matterport3D/v1/scans/759xd9YjKW5/undistorted_color_images/aaef0e13feb84a9a8cb567429c9fb8d7_i0_2.jpg,/mnt/priorbimda-data/PriorBIMDA-Datasets/Matterport3D/v1/scans/759xd9YjKW5/undistorted_depth_images/aaef0e13feb84a9a8cb567429c9fb8d7_d0_2.png,1024,1280,406,504,1.4155678118069965,1249076,0.9529693603515625,-4.377530097961426,1.0378700494766235,1.6103700399398804,True,204624,1.0,True,,1.0,204624,1.1386950016021729,0.12988287125964615,1.294136172214165,0.12796055283276048,log-depth Laplacian fallback,,,,0.23438350416141956,0.11319142074361321,0.5017456072794694,0.4523882302474289,0.2743158959689422,-0.26822020217008663,0.26855768002407754,0.11663311850719614,5.750768582616899,0.10990604254665048,0.9877349336629636,0.9999943958574178,0.12889116675205137,0.04025596420570516,0.3111277099720224,0.25587915149975865,0.14981438861753907,-0.1383373308687363,0.13933316906676504,0.06051162647178894,5.7507685790342835,0.9245258094783664,0.9999759822460763,1.0,0.1302977042675962,0.06122820787075413,0.40283578011413423,0.2801734899201329,0.18266972685410854,-0.14474661049545684,0.14540325794660697,0.06314783257696656,11.143001327753275,0.8058108553843001,0.9902111640924972,0.9999951964492153,0.12847395566686745,0.06367623825490228,0.41279911833219163,0.27946463134081617,0.1863535608439098,-0.14302123144336265,0.1441332679821446,0.06259628294332799,11.946789106546113,0.8015100762483628,0.9689762672567562,0.9999927946738228,0.034615279412147495,0.00830278921341274,0.1518823007905712,0.07869949995981045,0.05843638885223802,-0.010376782467934798,0.03554382466485511,0.015436486917683276,5.750768581418599,0.9980337465454464,0.9998190662537748,1.0,0.008044500835239887,0.05953718721866608,0.018131833523511887,ok,
759xd9YjKW5,aaef0e13feb84a9a8cb567429c9fb8d7,aaef0e13feb84a9a8cb567429c9fb8d7_i0_3,0,3,/mnt/priorbimda-data/PriorBIMDA-Datasets/Matterport3D/v1/scans/759xd9YjKW5/undistorted_color_images/aaef0e13feb84a9a8cb567429c9fb8d7_i0_3.jpg,/mnt/priorbimda-data/PriorBIMDA-Datasets/Matterport3D/v1/scans/759xd9YjKW5/undistorted_depth_images/aaef0e13feb84a9a8cb567429c9fb8d7_d0_3.png,1024,1280,406,504,1.4155678118069965,1248237,0.9523292541503906,-4.369909763336182,1.0502599477767944,1.6105300188064575,True,204624,1.0,True,,1.0,204624,0.9248487949371338,-0.07812501976438847,0.9030597622419391,0.023841526105926603,log-depth Laplacian fallback,,,,0.10554333279114768,0.023262476697853005,0.21502023221521382,0.19925613794055808,0.10480694805501706,0.0998248496528788,0.0998248496528788,0.04335338136106703,3.1929543566847083,0.9978529718314711,1.0,1.0,0.03164720326542249,0.0028042186994007108,0.07249107888676719,0.05759600332467802,0.03860541885316807,0.021699829721888553,0.03103828608065645,0.013479756372563616,3.1929543605720188,0.9992733751683375,1.0,1.0,0.03430968515086729,0.00288214399570413,0.07418369346453652,0.06301494002845424,0.03868731926535681,0.03332326615037266,0.03354537180645866,0.014568569868937922,1.9653717333142755,0.9991972678265425,1.0,1.0,0.03253854759219979,0.0025898786137146784,0.06962708028532968,0.059033910116097765,0.03699289453144661,0.031687555963986175,0.03183909358143933,0.013827542651220354,1.9088557903727994,0.9991628192402564,1.0,1.0,0.024971777300104945,0.00172969166828296,0.05591904697047598,0.04493297414957136,0.032001289511458045,-0.002141675922961814,0.02501583567265157,0.010864239392831104,3.1929543602080503,0.9993606983289232,1.0,1.0,0.007851342670619488,0.05846214946359396,0.018087437376379967,ok,
759xd9YjKW5,aaef0e13feb84a9a8cb567429c9fb8d7,aaef0e13feb84a9a8cb567429c9fb8d7_i0_4,0,4,/mnt/priorbimda-data/PriorBIMDA-Datasets/Matterport3D/v1/scans/759xd9YjKW5/undistorted_color_images/aaef0e13feb84a9a8cb567429c9fb8d7_i0_4.jpg,/mnt/priorbimda-data/PriorBIMDA-Datasets/Matterport3D/v1/scans/759xd9YjKW5/undistorted_depth_images/aaef0e13feb84a9a8cb567429c9fb8d7_d0_4.png,1024,1280,406,504,1.4155678118069965,1250950,0.9543991088867188,-4.355380058288574,1.0498600006103516,1.6111700534820557,True,204624,1.0,True,,1.0,204624,1.0019474029541016,0.0019455092231416792,1.011035315985237,0.009029361941233258,log-depth Laplacian fallback,,,,0.04290424117686434,0.004696764240142825,0.09392098112800717,0.07593102813924864,0.05423037074068735,-0.012413957435916737,0.04351741251840336,0.018899372123450064,5.27904041607151,0.9993253127623006,1.0,1.0,0.042714984451540934,0.00473311336788637,0.09517619064963369,0.07641638708107953,0.053818353461946404,-0.010468448162679696,0.0432448770101881,0.01878101145610949,5.279040407517531,0.9992909388864463,1.0,1.0,0.028456707013196025,0.0029813397338869277,0.08245374923946272,0.0571721907229755,0.0369954468485834,0.008358853162961807,0.028202023488457833,0.01224798317954314,3.603876609050874,0.9989655861545226,1.0,1.0,0.0265531268128656,0.0024077092743493293,0.07281992897752455,0.051795737302161804,0.034168280230319224,0.007443478691984036,0.02640285455464011,0.011466614039574337,3.334765357352153,0.9991046804428634,1.0,1.0,0.04254596698289004,0.0050894506554640005,0.1027038321817578,0.0799664928680692,0.0528100153531237,-0.0014390791851358637,0.04269179622896105,0.018540811524775856,5.2790404172501555,0.9990751029217795,1.0,1.0,0.008093420416116714,0.057144579477608204,0.018082255497574806,ok,
759xd9YjKW5,aaef0e13feb84a9a8cb567429c9fb8d7,aaef0e13feb84a9a8cb567429c9fb8d7_i0_5,0,5,/mnt/priorbimda-data/PriorBIMDA-Datasets/Matterport3D/v1/scans/759xd9YjKW5/undistorted_color_images/aaef0e13feb84a9a8cb567429c9fb8d7_i0_5.jpg,/mnt/priorbimda-data/PriorBIMDA-Datasets/Matterport3D/v1/scans/759xd9YjKW5/undistorted_depth_images/aaef0e13feb84a9a8cb567429c9fb8d7_d0_5.png,1024,1280,406,504,1.4155678118069965,1251314,0.9546768188476562,-4.348470211029053,1.037060022354126,1.611649990081787,True,204624,1.0,True,,1.0,204624,1.175988793373108,0.1621093199863936,1.2428041072520375,0.05526088338239468,log-depth Laplacian fallback,,,,0.1945912330689976,0.06418767966817573,0.3318567510166286,0.32802668569272253,0.2255603855857976,-0.21780356248644606,0.21806491556104274,0.0947043895248594,5.864380371212706,0.5437196419124216,1.0,1.0,0.06503803071003483,0.008923000138990994,0.12099512323981153,0.10402925807163498,0.08087610504285718,-0.05569424257723989,0.06769825815230109,0.0294009799500062,5.864380368505123,0.999055392970909,1.0,1.0,0.05681951696884565,0.007592531285090058,0.11228722478450368,0.09167432046846082,0.07444684127083566,-0.044915103086336436,0.059021168325574906,0.025632567719280172,5.937142149173093,0.9989970542965235,1.0,1.0,0.05254637450373299,0.00710506960471381,0.10709282398257547,0.08402200755498278,0.07296761205884582,-0.042235361041482455,0.054751142033855206,0.023778118863204495,5.950165281121062,0.9989259290633686,1.0,1.0,0.04610064888722188,0.007526863735355632,0.13390416544861616,0.088847321766486,0.05864540523407245,-0.0004334048281422491,0.045884906069374246,0.01992756150857826,5.864380372489078,0.9980628363464327,1.0,1.0,0.007499861530959606,0.05818438529968262,0.018122723326086998,ok,
759xd9YjKW5,aaef0e13feb84a9a8cb567429c9fb8d7,aaef0e13feb84a9a8cb567429c9fb8d7_i1_0,1,0,/mnt/priorbimda-data/PriorBIMDA-Datasets/Matterport3D/v1/scans/759xd9YjKW5/undistorted_color_images/aaef0e13feb84a9a8cb567429c9fb8d7_i1_0.jpg,/mnt/priorbimda-data/PriorBIMDA-Datasets/Matterport3D/v1/scans/759xd9YjKW5/undistorted_depth_images/aaef0e13feb84a9a8cb567429c9fb8d7_d1_0.png,1024,1280,406,504,1.4121168655554452,851892,0.6499420166015625,-4.3627800941467285,1.0348600149154663,1.6443400382995605,True,204624,1.0,True,,1.0,204624,1.0060914754867554,0.006072997450985537,1.0464189307003173,0.03930079537176047,log-depth Laplacian fallback,,,,0.04629010796065266,0.008692465075494732,0.15387650158570504,0.1329291512254638,0.05532954729663479,-0.038354947682815756,0.046864179749868645,0.020352854664290064,3.987802392670696,0.9952881351157189,0.9988496194353275,1.0,0.04146737384246557,0.007519672465005543,0.141277793353578,0.11809331304578445,0.05130673543941904,-0.03228195014998382,0.04177503605092293,0.01814266763822523,3.987802397266567,0.9951965742136327,0.998751015386927,1.0,0.041072259169112384,0.008044378173195548,0.14076987014881856,0.11107995634791572,0.0538017862399563,-0.02622776681486366,0.041060566483299255,0.017832377447518484,4.697591351442873,0.9950075831208651,0.9982544735717673,0.9999941307114047,0.038797773346655184,0.007807966357252977,0.13772808051913646,0.10437230019862409,0.05261178853212218,-0.022676679400949303,0.038587339990498015,0.016758268829197977,4.747387180223775,0.9948080273086259,0.9981957806858146,0.9999941307114047,0.018689991344273266,0.0047986577872398805,0.10237730202662365,0.0462825816568848,0.04049099448928551,0.007018820863359981,0.01789233070419043,0.007770540493218028,3.987802387806362,0.9944723040009766,0.9982603428603626,1.0,0.008771724998950958,0.05908915773034096,0.018109094351530075,ok,
759xd9YjKW5,aaef0e13feb84a9a8cb567429c9fb8d7,aaef0e13feb84a9a8cb567429c9fb8d7_i1_1,1,1,/mnt/priorbimda-data/PriorBIMDA-Datasets/Matterport3D/v1/scans/759xd9YjKW5/undistorted_color_images/aaef0e13feb84a9a8cb567429c9fb8d7_i1_1.jpg,/mnt/priorbimda-data/PriorBIMDA-Datasets/Matterport3D/v1/scans/759xd9YjKW5/undistorted_depth_images/aaef0e13feb84a9a8cb567429c9fb8d7_d1_1.png,1024,1280,406,504,1.4121168655554452,1193859,0.9108421325683593,-4.3662800788879395,1.0349500179290771,1.6441899538040161,True,204624,1.0,True,,1.0,204624,1.0728434324264526,0.07031253727624621,1.1111693851340843,0.03510042362697999,log-depth Laplacian fallback,,,,0.10614270190247767,0.032914735086708266,0.3032241504953893,0.25783236546929283,0.12442809825305985,-0.11220808402212948,0.11333003217486111,0.04921860760746016,5.377450618049272,0.9892524996670461,0.9928777183905302,0.9998349888889726,0.04363782772963499,0.010717241209412419,0.18907025831795438,0.10740780042720235,0.06816842627484707,-0.041895546729444094,0.045548237716521535,0.019781348300702876,5.377450608820341,0.9900432128082127,0.9929631556155292,1.0,0.04123581878744079,0.011457237973438814,0.19407113296183276,0.09981309294414147,0.0709305748782767,-0.03985648742167375,0.04337266077821715,0.0188365072414413,5.867373230815286,0.9898899283751263,0.993268049241996,1.0,0.03949214657351337,0.011133747133198497,0.19159819469952508,0.09627762560855568,0.06965143549305504,-0.03603315521800563,0.04153939819110419,0.01804033141597847,5.960649453942348,0.989883227416303,0.9940520614243391,1.0,0.021387255724669332,0.00723272306521325,0.1626341169466212,0.055150797450694095,0.054202138187164454,-0.006795165326470278,0.02225533867664967,0.009665370780156973,5.377450615530009,0.9899971437163015,0.9940286080684569,1.0,0.007894189096987247,0.058306911028921604,0.01814715750515461,ok,
759xd9YjKW5,aaef0e13feb84a9a8cb567429c9fb8d7,aaef0e13feb84a9a8cb567429c9fb8d7_i1_2,1,2,/mnt/priorbimda-data/PriorBIMDA-Datasets/Matterport3D/v1/scans/759xd9YjKW5/undistorted_color_images/aaef0e13feb84a9a8cb567429c9fb8d7_i1_2.jpg,/mnt/priorbimda-data/PriorBIMDA-Datasets/Matterport3D/v1/scans/759xd9YjKW5/undistorted_depth_images/aaef0e13feb84a9a8cb567429c9fb8d7_d1_2.png,1024,1280,406,504,1.4121168655554452,1192741,0.9099891662597657,-4.3679399490356445,1.0380300283432007,1.644070029258728,True,204624,1.0,True,,1.0,204624,0.9737396240234375,-0.026611337542333826,1.0719615428178269,0.09610152531034642,log-depth Laplacian fallback,,,,0.10059025186730831,0.12354151146263424,0.5394948880549768,0.3106247011407047,0.1512127747611193,-0.05571167573504786,0.09251690547802835,0.040179581531872476,14.057564667377445,0.9748143142559869,0.984762827805869,0.988232147633057,0.12231918174604853,0.12926938641001468,0.583933262432674,0.4079297929320958,0.16290669413844275,-0.08232301332319263,0.1172125262790764,0.05090475337294277,14.05756467973937,0.9734083090964426,0.9859256955198152,0.9885515799322736,0.11283214128155471,0.1267150118783654,0.5702646864788088,0.36579558416102254,0.16152780783500073,-0.07394897693376301,0.1079376416347114,0.04687672215160586,14.360634218038806,0.9683502118230194,0.9860757700120982,0.9888131622875377,0.10979126873726579,0.11652824841520588,0.5591880856503642,0.3657679932727457,0.15758457717074487,-0.07342062469774248,0.10587407730638997,0.04598052755076342,13.943568707858004,0.9689220040226671,0.9866173796322923,0.9895803028486486,0.06410440910470783,0.13598885627608953,0.5500829711313556,0.1971751467900389,0.14124928066204484,0.013778492674879139,0.05068397948247723,0.022011772610137488,14.057564663608494,0.9729706616943662,0.9817730756299985,0.9876033438944415,0.008534527383744717,0.05926246289163828,0.018090635538101196,ok,
759xd9YjKW5,aaef0e13feb84a9a8cb567429c9fb8d7,aaef0e13feb84a9a8cb567429c9fb8d7_i1_3,1,3,/mnt/priorbimda-data/PriorBIMDA-Datasets/Matterport3D/v1/scans/759xd9YjKW5/undistorted_color_images/aaef0e13feb84a9a8cb567429c9fb8d7_i1_3.jpg,/mnt/priorbimda-data/PriorBIMDA-Datasets/Matterport3D/v1/scans/759xd9YjKW5/undistorted_depth_images/aaef0e13feb84a9a8cb567429c9fb8d7_d1_3.png,1024,1280,406,504,1.4121168655554452,1299568,0.99149169921875,-4.366109848022461,1.0410100221633911,1.6441099643707275,True,204624,1.0,True,,1.0,204624,1.048758864402771,0.04760743111423353,1.0317171537062417,0.0163828774865616,log-depth Laplacian fallback,,,,0.04605147584832222,0.007948080712395843,0.13530312879147638,0.10616851995939658,0.0612171496731577,-0.028680670831287714,0.04724330351741577,0.02051750602449416,5.408288578444306,0.9949914125309334,1.0,1.0,0.04360851348203872,0.0073229493309367065,0.1255540594523998,0.09381054588363129,0.057299047070414194,0.018926760327994906,0.04281183855296807,0.01859294524368693,5.4082885820416235,0.9969889994213462,1.0,1.0,0.04458051442501915,0.008188113750608331,0.13279158464695603,0.09677611838293244,0.05945229261947128,0.03164714311830571,0.04327207788065585,0.018792824644056596,5.032925024437295,0.996433430186031,1.0,1.0,0.04386412794072166,0.008266191862187765,0.1329420083006973,0.09455657693018563,0.05968580239966015,0.032370394615287075,0.04248020320682974,0.018448917842854965,5.014531444254658,0.9960679241101659,1.0,1.0,0.04013382179116604,0.006372725687701238,0.11793263484743945,0.08670668494021777,0.05414268196072278,0.002543909433029612,0.04001584673239231,0.017378661424564252,5.408288578373495,0.997166750797188,1.0,1.0,0.008622159250080585,0.059469277039170265,0.018114843405783176,ok,
759xd9YjKW5,aaef0e13feb84a9a8cb567429c9fb8d7,aaef0e13feb84a9a8cb567429c9fb8d7_i1_4,1,4,/mnt/priorbimda-data/PriorBIMDA-Datasets/Matterport3D/v1/scans/759xd9YjKW5/undistorted_color_images/aaef0e13feb84a9a8cb567429c9fb8d7_i1_4.jpg,/mnt/priorbimda-data/PriorBIMDA-Datasets/Matterport3D/v1/scans/759xd9YjKW5/undistorted_depth_images/aaef0e13feb84a9a8cb567429c9fb8d7_d1_4.png,1024,1280,406,504,1.4121168655554452,1182749,0.9023658752441406,-4.36260986328125,1.0409200191497803,1.644260048866272,True,204624,1.0,True,,1.0,204624,1.0051708221435547,0.0051574993495313495,1.0225582162726403,0.017150043194505804,log-depth Laplacian fallback,,,,0.042099328520182375,0.05037988270648441,0.5459104365859129,0.1779441228656221,0.11595282257976675,-0.027211675434789064,0.04461362392754093,0.01937545068943791,11.271460324308718,0.9812994980338178,0.9847178057220932,0.9875823188182784,0.039010709475824815,0.04979701938255722,0.5421903664497458,0.1677648302557198,0.11485194158675277,-0.022054176034072805,0.041316034523392386,0.017943325807633578,11.271460333827644,0.9810779801969818,0.9847034324273366,0.9875349714943745,0.03827072599254095,0.04815998644854098,0.5326417544344149,0.16918168130984346,0.11017399727910879,-0.01610675280510792,0.04023705876304626,0.01747473258880787,10.899028484471549,0.9810221779938093,0.9847507797512406,0.9876567217558417,0.037720953131925486,0.047934894450870034,0.5323945892882344,0.16784469425815277,0.11011048776927923,-0.014255332842643683,0.039708179461603516,0.01724504322659845,10.91838129135177,0.9810838986124698,0.9848015090268518,0.9877319701813317,0.03343292208653856,0.04900585954077927,0.5333687078542929,0.14715908346706957,0.11282124066362179,-0.004904136767607698,0.03513114648319945,0.01525726306058835,11.27146032572686,0.9802696937389083,0.9846400208328225,0.9873641829331498,0.008458978496491909,0.05803922936320305,0.018119686283171177,ok,
759xd9YjKW5,aaef0e13feb84a9a8cb567429c9fb8d7,aaef0e13feb84a9a8cb567429c9fb8d7_i1_5,1,5,/mnt/priorbimda-data/PriorBIMDA-Datasets/Matterport3D/v1/scans/759xd9YjKW5/undistorted_color_images/aaef0e13feb84a9a8cb567429c9fb8d7_i1_5.jpg,/mnt/priorbimda-data/PriorBIMDA-Datasets/Matterport3D/v1/scans/759xd9YjKW5/undistorted_depth_images/aaef0e13feb84a9a8cb567429c9fb8d7_d1_5.png,1024,1280,406,504,1.4121168655554452,903887,0.6896110534667969,-4.360949993133545,1.0378400087356567,1.64437997341156,True,204624,1.0,True,,1.0,204624,0.972076952457428,-0.028320308460528538,0.9988928957735981,0.027212590941548234,log-depth Laplacian fallback,,,,0.023231439109088346,0.00617958410266724,0.1481393001508352,0.08928907078300477,0.03882083286370696,-0.0002799307172786668,0.022838772001061537,0.009918752653507515,3.881982358313074,0.9965902817498205,0.9988969860170575,0.999782052402568,0.03492916442664144,0.009775503621703537,0.20359044994921055,0.14659638146704712,0.04821776001051544,-0.028600239107207992,0.0353014170269383,0.015331210618164807,3.8819823588499114,0.9970660049320325,0.9990142573131376,0.9998086043941333,0.0391065770275032,0.010454971959960282,0.20719204520809015,0.1547952222649639,0.05157925465453742,-0.024724738752498483,0.03956809291297431,0.017184204411539915,4.526706092003677,0.9971832762281125,0.9991824199263846,0.999821880389916,0.03876149160028937,0.01049049599060736,0.20787771418895487,0.1546849697286212,0.05132947458767008,-0.022056235147697365,0.03914444300829566,0.017000215595679134,4.634908254276181,0.9971334912439276,0.999139272940091,0.999811923393079,0.023188457293931226,0.006204600961837592,0.14902699543628742,0.08954483423757228,0.03884461679410197,-0.0013876406844301815,0.022821496929842783,0.009911250185402717,3.8819823637048416,0.9966201527403314,0.9989025176819669,0.9997853714015137,0.007883927784860134,0.05823354981839657,0.018128637224435806,ok,
759xd9YjKW5,aaef0e13feb84a9a8cb567429c9fb8d7,aaef0e13feb84a9a8cb567429c9fb8d7_i2_0,2,0,/mnt/priorbimda-data/PriorBIMDA-Datasets/Matterport3D/v1/scans/759xd9YjKW5/undistorted_color_images/aaef0e13feb84a9a8cb567429c9fb8d7_i2_0.jpg,/mnt/priorbimda-data/PriorBIMDA-Datasets/Matterport3D/v1/scans/759xd9YjKW5/undistorted_depth_images/aaef0e13feb84a9a8cb567429c9fb8d7_d2_0.png,1024,1280,406,504,1.4165615917841592,1174560,0.8961181640625,-4.358980178833008,1.0256099700927734,1.6779199838638306,True,204624,1.0,True,,1.0,204624,0.9887720346450806,-0.011291474793260259,1.020089872384248,0.031182208388601272,log-depth Laplacian fallback,,,,0.03760202462453172,0.006570568181089016,0.12920123940275482,0.08209704372536063,0.05301009799000256,-0.016074919918476097,0.03807021854589992,0.016533685839335174,5.051403209529263,0.9904917586159924,0.999467885846615,1.0,0.04148238273610439,0.007225044077575114,0.13335669704983166,0.08748374973504847,0.057450735450793544,-0.027366394855115064,0.04239562861399196,0.018412187563876314,5.0514032074969,0.9902159106388775,0.999502792535077,1.0,0.04016195055468046,0.007951493072951758,0.14368290601830033,0.08758911736387678,0.05883504550941865,-0.02143883449398967,0.04092550898857472,0.01777372272281992,5.47899530537733,0.9872215978749489,0.9994670344639695,0.9999940403214821,0.038732444058206146,0.00749521379575991,0.13910707946038325,0.08440748900296886,0.057079446427214825,-0.019277382090326464,0.039421882329030565,0.01712070596173728,5.372565257100976,0.98802189756164,0.999461926168097,0.9999787154338646,0.035372931373730314,0.006746438028756491,0.13359606222026527,0.08274634098934797,0.050657949207493766,0.00381580620803077,0.035125350480428606,0.015254745888567895,5.051403211872689,0.991389115924261,0.9993997752349816,0.9999940403214821,0.008484680205583572,0.0593979237601161,0.018109144642949104,ok,
759xd9YjKW5,aaef0e13feb84a9a8cb567429c9fb8d7,aaef0e13feb84a9a8cb567429c9fb8d7_i2_1,2,1,/mnt/priorbimda-data/PriorBIMDA-Datasets/Matterport3D/v1/scans/759xd9YjKW5/undistorted_color_images/aaef0e13feb84a9a8cb567429c9fb8d7_i2_1.jpg,/mnt/priorbimda-data/PriorBIMDA-Datasets/Matterport3D/v1/scans/759xd9YjKW5/undistorted_depth_images/aaef0e13feb84a9a8cb567429c9fb8d7_d2_1.png,1024,1280,406,504,1.4165615917841592,1219974,0.9307662963867187,-4.373509883880615,1.0260100364685059,1.6772899627685547,True,204624,1.0,True,,1.0,204624,1.0332558155059814,0.03271480275678005,1.0468209236624892,0.013043076931382735,log-depth Laplacian fallback,,,,0.04728536603803576,0.010119419116304759,0.17508217212674815,0.10460929127499503,0.06792963029783416,-0.04705636520977945,0.04931620539060268,0.02141775586954614,4.899115395297693,0.9870775934569097,0.996405661104253,1.0,0.027735584702274912,0.00644117540599213,0.1487576302354854,0.06455624308463462,0.051047170104249244,-0.014341562395931871,0.028586137611910582,0.012414801823779773,4.899115393309032,0.9900883133574978,0.996405661104253,1.0,0.025765285148848523,0.007700896280211499,0.16501812842921715,0.0624551998080687,0.05609678455510341,-0.010779827094050728,0.026764797678462997,0.011623803941013443,5.505129031407037,0.9867562751337323,0.996405661104253,1.0,0.025098787564445744,0.007522746616092828,0.16375125650664718,0.06172587222777282,0.05521426551739778,-0.007724278991761606,0.026021949474100373,0.011301189064967018,5.467129622281817,0.9874415356392842,0.996405661104253,1.0,0.025977880221741786,0.006224193840335326,0.14686421865214694,0.06304234877583759,0.04900835990314028,-0.0012985282088999453,0.026482608755160123,0.011501250848768787,4.899115394524219,0.9907334090726524,0.996405661104253,1.0,0.007486364804208279,0.05909543111920357,0.018192224204540253,ok,
759xd9YjKW5,aaef0e13feb84a9a8cb567429c9fb8d7,aaef0e13feb84a9a8cb567429c9fb8d7_i2_2,2,2,/mnt/priorbimda-data/PriorBIMDA-Datasets/Matterport3D/v1/scans/759xd9YjKW5/undistorted_color_images/aaef0e13feb84a9a8cb567429c9fb8d7_i2_2.jpg,/mnt/priorbimda-data/PriorBIMDA-Datasets/Matterport3D/v1/scans/759xd9YjKW5/undistorted_depth_images/aaef0e13feb84a9a8cb567429c9fb8d7_d2_2.png,1024,1280,406,504,1.4165615917841592,1263947,0.9643150329589844,-4.380420207977295,1.0388100147247314,1.676800012588501,True,204624,1.0,True,,1.0,204624,1.1276289224624634,0.12011712950537742,1.2825141571459628,0.1287052072067864,log-depth Laplacian fallback,,,,0.21712841053198292,0.11174588628249785,0.5343467934875215,0.5168286219758688,0.2454997794910403,-0.24170646607864332,0.24439772445486072,0.10614058312045745,4.298983584433717,0.16003123548693102,0.9989730582057633,1.0,0.1186289306963673,0.034679486529522574,0.29015641603776443,0.27707209987932574,0.12896547117781695,-0.1215893366022157,0.125618259311644,0.054555316845338805,4.298983578416446,0.9961034758577694,0.99805688054958,0.9997927128273575,0.1251331560160021,0.046470394292317,0.37094846655763847,0.3209359372806946,0.13939473557867857,-0.13022335071112023,0.13364330136326738,0.0580405483254003,4.972696689542108,0.9913825500594566,0.9985410780673557,1.0,0.11855625119150236,0.04402097398891223,0.365015843435515,0.30831161601948,0.13414063040274773,-0.12310812377915442,0.1264298587932742,0.05490779002172632,5.327380767715935,0.9882273544697681,0.9987744739296822,1.0,0.018752288593910378,0.007245475171252081,0.12834488167345723,0.04910191048615655,0.04357478902242096,0.007115915363508063,0.017694554327144056,0.007684647304015963,4.298983585555879,0.9948652910288168,0.9969349980655835,0.9988227354469769,0.007579747587442398,0.06007993035018444,0.018129157833755016,ok,
759xd9YjKW5,aaef0e13feb84a9a8cb567429c9fb8d7,aaef0e13feb84a9a8cb567429c9fb8d7_i2_3,2,3,/mnt/priorbimda-data/PriorBIMDA-Datasets/Matterport3D/v1/scans/759xd9YjKW5/undistorted_color_images/aaef0e13feb84a9a8cb567429c9fb8d7_i2_3.jpg,/mnt/priorbimda-data/PriorBIMDA-Datasets/Matterport3D/v1/scans/759xd9YjKW5/undistorted_depth_images/aaef0e13feb84a9a8cb567429c9fb8d7_d2_3.png,1024,1280,406,504,1.4165615917841592,1250213,0.9538368225097656,-4.372799873352051,1.051200032234192,1.6769599914550781,True,204624,1.0,True,,1.0,204624,1.104200005531311,0.09912109587714518,1.0931515022127294,0.010056284931841616,log-depth Laplacian fallback,,,,0.08424811751612114,0.015031501290722194,0.1717217952873861,0.16167578029399224,0.09314589836438647,-0.08604207905898013,0.08823711392581145,0.03832089167704848,3.567799060088485,0.993735467476342,1.0,1.0,0.023614899881105832,0.003238802975620835,0.08143494154292638,0.047541180073461135,0.03799973301583729,0.013079016899831705,0.023140145581498704,0.010049637536482798,3.567799078155651,0.9955495583552563,1.0,1.0,0.03147928218213463,0.004677824296989294,0.0975138711101255,0.06313080874039236,0.04634266737240191,0.013156249824731271,0.030927777702174062,0.01343176319358463,4.443597539987552,0.9950184488563149,1.0,1.0,0.031394184698279905,0.004582515200507483,0.09574990557484674,0.06239734519699879,0.04623138816660447,0.014907247110848211,0.03084593351321885,0.013396218713945527,4.376202960772459,0.9938538473044193,1.0,1.0,0.021622694194365567,0.002801188000868763,0.07539784485616946,0.04257401917663349,0.03580580446959785,0.0030226842897532694,0.02137245394023719,0.009281938810976435,3.567799060204417,0.995886300974314,1.0,1.0,0.007261202670633793,0.058286067098379135,0.018160001374781132,ok,
759xd9YjKW5,aaef0e13feb84a9a8cb567429c9fb8d7,aaef0e13feb84a9a8cb567429c9fb8d7_i2_4,2,4,/mnt/priorbimda-data/PriorBIMDA-Datasets/Matterport3D/v1/scans/759xd9YjKW5/undistorted_color_images/aaef0e13feb84a9a8cb567429c9fb8d7_i2_4.jpg,/mnt/priorbimda-data/PriorBIMDA-Datasets/Matterport3D/v1/scans/759xd9YjKW5/undistorted_depth_images/aaef0e13feb84a9a8cb567429c9fb8d7_d2_4.png,1024,1280,406,504,1.4165615917841592,1256591,0.9587028503417969,-4.358270168304443,1.0507999658584595,1.6776000261306763,True,204624,1.0,True,,1.0,204624,1.0691827535629272,0.06689457492706319,1.1421625636365607,0.06602887612041225,log-depth Laplacian fallback,,,,0.13360539112270237,0.040316285325871025,0.29452368426747166,0.28551865633799567,0.1548882556892315,-0.14167435137464843,0.14444075761594338,0.06272982399452935,6.259991943305847,0.9006836751178386,0.999145306627216,1.0,0.07622970527918572,0.016146871898689703,0.17858195814661243,0.15201033833956032,0.09752315053264815,-0.07477977652219338,0.08004529289909264,0.034763229008405463,6.259991943368911,0.9777214702317619,0.998930439578192,0.9997023693469076,0.07389806450552373,0.016758556152794396,0.1773274493125649,0.14242011590288117,0.1033189870730535,-0.07272944575748523,0.07823315634047691,0.033976228100543515,7.33841999998011,0.963653249147893,0.9989439682442418,0.9999427021202603,0.07209016075512747,0.01630085303314266,0.17379841915259198,0.13748051541165818,0.1026305846786453,-0.07070419502941812,0.076362465036372,0.03316379718982635,7.4390548571190065,0.9622510427020406,0.9989797794190791,0.9999920419611472,0.043245926366814263,0.009460327919642646,0.15163878700225905,0.09428442000577764,0.06320860859877254,-0.008750902280208086,0.043502932624864224,0.01889308358558749,6.259991941109087,0.9924995483812951,0.9987649123700552,0.9994397540647673,0.008317205123603344,0.05928082671016455,0.018120834603905678,ok,
759xd9YjKW5,aaef0e13feb84a9a8cb567429c9fb8d7,aaef0e13feb84a9a8cb567429c9fb8d7_i2_5,2,5,/mnt/priorbimda-data/PriorBIMDA-Datasets/Matterport3D/v1/scans/759xd9YjKW5/undistorted_color_images/aaef0e13feb84a9a8cb567429c9fb8d7_i2_5.jpg,/mnt/priorbimda-data/PriorBIMDA-Datasets/Matterport3D/v1/scans/759xd9YjKW5/undistorted_depth_images/aaef0e13feb84a9a8cb567429c9fb8d7_d2_5.png,1024,1280,406,504,1.4165615917841592,1174936,0.896405029296875,-4.351359844207764,1.0379999876022339,1.6780799627304077,True,204624,1.0,True,,1.0,204624,1.0881431102752686,0.08447267496323245,1.09378710654026,0.005173409130647941,log-depth Laplacian fallback,,,,0.0816875557721518,0.016953253625032156,0.19643475195412527,0.181397726843108,0.09287777306569066,-0.08181870214246047,0.08539543049322797,0.0370867642429616,4.39543025125558,0.9964500194053123,0.9996757270183227,0.9999829777962375,0.031654271581354844,0.006145361712803378,0.1327196843215401,0.08266248968329576,0.044034353432905245,0.0026539729193097265,0.031195368043184398,0.013547976202096027,4.395430251974867,0.9928600366317825,0.9992740030095256,0.9998987178876126,0.04304739917928815,0.008155189605928792,0.15081759686683763,0.10687844218028114,0.05366249312900668,-0.007432571865947004,0.042898422408206315,0.01863054813423881,5.314527301913334,0.9927102412386717,0.9992791096706544,0.9998987178876126,0.04174793537865788,0.007977417299383355,0.1499454687997163,0.10439157409937756,0.05270686519250456,-0.00619846066627931,0.04156029279003348,0.018049405824995042,5.234111886260587,0.9927476900869494,0.9992799607808426,0.9999063778793058,0.0316758456612148,0.0065691113299396605,0.1389796984303209,0.08553047233273983,0.04464580780345392,0.00782735224198535,0.031053256056937064,0.013486257750656507,4.395430253459646,0.9928123744612473,0.9992646407974562,0.999888504565355,0.007352144457399845,0.06001898646354675,0.018272345885634422,ok,
759xd9YjKW5,b90801209e564a309883d214b02a6195,b90801209e564a309883d214b02a6195_i0_0,0,0,/mnt/priorbimda-data/PriorBIMDA-Datasets/Matterport3D/v1/scans/759xd9YjKW5/undistorted_color_images/b90801209e564a309883d214b02a6195_i0_0.jpg,/mnt/priorbimda-data/PriorBIMDA-Datasets/Matterport3D/v1/scans/759xd9YjKW5/undistorted_depth_images/b90801209e564a309883d214b02a6195_d0_0.png,1024,1280,406,504,1.4155678118069965,1203329,0.9180671691894531,-10.241499900817871,2.5924599170684814,1.764430046081543,True,204624,1.0,True,,1.0,204624,1.0375531911849976,0.03686524042057178,1.03166367049725,0.0056925271593280015,log-depth Laplacian fallback,,,,0.05074056247930584,0.008365413699879866,0.10663024109765651,0.06997262484470784,0.07036231772459553,-0.022107171364778473,0.050335610202719275,0.021860477754273997,6.679916713421844,0.9956603721841658,0.9972177185125597,0.9982365587466104,0.0437796815946494,0.008111326624739165,0.0970285677590812,0.05497438915574348,0.06841000896126673,0.014758069011056793,0.041698490751132036,0.018109424436910423,6.679916709918977,0.99406064343168,0.9970731196538934,0.9980628739106263,0.029386017845059852,0.006195966328150304,0.08913195131913931,0.04300594966176124,0.055642420907627166,0.009497191784077255,0.02791204781567291,0.012122048344966455,5.482592774115182,0.9941703391175647,0.997168687865081,0.9983304649019512,0.028992675692242672,0.006174118165375782,0.08993747857098203,0.04308300359597735,0.05571522690342943,0.010259525531537136,0.027534503239953337,0.011958082819058944,5.4762474786740265,0.9941362669727065,0.9971794912280848,0.998343761348725,0.04311719151822561,0.007902781570127117,0.09660887205303069,0.054618353338367884,0.0674115162981576,0.009065528072575619,0.04128293384213275,0.017928950364415264,6.679916713838663,0.994123801553856,0.9970972194636712,0.9980819875528638,0.008317433297634125,0.057075927965343,0.018114383332431316,ok,
759xd9YjKW5,b90801209e564a309883d214b02a6195,b90801209e564a309883d214b02a6195_i0_1,0,1,/mnt/priorbimda-data/PriorBIMDA-Datasets/Matterport3D/v1/scans/759xd9YjKW5/undistorted_color_images/b90801209e564a309883d214b02a6195_i0_1.jpg,/mnt/priorbimda-data/PriorBIMDA-Datasets/Matterport3D/v1/scans/759xd9YjKW5/undistorted_depth_images/b90801209e564a309883d214b02a6195_d0_1.png,1024,1280,406,504,1.4155678118069965,1162639,0.8870231628417968,-10.249799728393555,2.604449987411499,1.7644399404525757,True,204102,0.9974489795918368,True,,1.0,204102,0.8671197891235352,-0.14257814666646204,0.838231417917368,0.033882914924715735,log-depth Laplacian fallback,,,,0.2057702045036203,0.03973619331258244,0.18204309265921012,0.17218998055611587,0.19693441744841642,0.18478398090599382,0.18478614350249312,0.08025160245531528,6.810319505192432,0.7075790507629626,1.0,1.0,0.06518068798464603,0.005639462237362944,0.067223649409581,0.05327029256905437,0.08012101866483164,0.042205834265999484,0.062347686087957765,0.027077256027436204,6.810319512182438,1.0,1.0,1.0,0.044768019652332444,0.00256855667493814,0.04523649782531056,0.03618878959351044,0.05509448189998741,0.03947240478757521,0.04326698438145236,0.01879061256545893,3.8436066345476227,1.0,1.0,1.0,0.04605555503017403,0.002598257376962523,0.045579988288156514,0.03731142496261877,0.05536094268868038,0.04191582167177577,0.04452428724758668,0.019336652262302214,3.6164870647622207,1.0,1.0,1.0,0.05737932125504243,0.00410873353454347,0.05972654601384109,0.04924770435743856,0.06860988766985075,0.008322950876073055,0.05658679263795684,0.024575331791268203,6.810319504093779,1.0,1.0,1.0,0.00936001818627119,0.056425513699650764,0.018135416321456432,ok,
759xd9YjKW5,b90801209e564a309883d214b02a6195,b90801209e564a309883d214b02a6195_i0_2,0,2,/mnt/priorbimda-data/PriorBIMDA-Datasets/Matterport3D/v1/scans/759xd9YjKW5/undistorted_color_images/b90801209e564a309883d214b02a6195_i0_2.jpg,/mnt/priorbimda-data/PriorBIMDA-Datasets/Matterport3D/v1/scans/759xd9YjKW5/undistorted_depth_images/b90801209e564a309883d214b02a6195_d0_2.png,1024,1280,406,504,1.4155678118069965,1176418,0.8975357055664063,-10.243499755859375,2.617579936981201,1.7640199661254883,True,133289,0.6513849792790679,True,,1.0,133289,0.7902929782867432,-0.2353515436813055,0.7571988684724393,0.04277781032436173,log-depth Laplacian fallback,,,,0.31783714129788204,0.19668879904222833,0.5857817874715019,0.4368117840907419,0.3109999495492824,0.21663702918175898,0.26397890692636666,0.11464458261697318,22.31353091891956,0.43005887363165135,0.8691970031060389,0.9876064460081365,0.18882592444180216,0.12156359203824439,0.6533235378124054,0.43448693765732593,0.22391873350973673,-0.018714514273295218,0.19261944800373612,0.08365356337527295,22.31353091111291,0.6157658247323655,0.9882796761015218,0.9987801954747377,0.1256136414978863,0.09342588354034771,0.5809789434771748,0.3382707965692197,0.1700480818196827,-0.02358612837024115,0.12685896422374107,0.05509414814233276,16.840440813427662,0.802593975950725,0.9830731933717437,0.9968361585762884,0.11946107216700091,0.09040187411106111,0.571228996987114,0.32695769834706384,0.1649131757551251,-0.02141446304056125,0.12030179166414338,0.05224640428281212,16.35168991582375,0.8202849667380132,0.9828156318587441,0.9968395587282751,0.17857653658656306,0.13125977456106921,0.7020135329654861,0.44940215030101577,0.2314533904300202,-0.06149232256026411,0.19020999959266785,0.08260715322591546,22.313530919084904,0.6638065721537753,0.9908221397496468,0.9992137148530539,0.011590163223445415,0.062350993044674397,0.018141980282962322,ok,
759xd9YjKW5,b90801209e564a309883d214b02a6195,b90801209e564a309883d214b02a6195_i0_3,0,3,/mnt/priorbimda-data/PriorBIMDA-Datasets/Matterport3D/v1/scans/759xd9YjKW5/undistorted_color_images/b90801209e564a309883d214b02a6195_i0_3.jpg,/mnt/priorbimda-data/PriorBIMDA-Datasets/Matterport3D/v1/scans/759xd9YjKW5/undistorted_depth_images/b90801209e564a309883d214b02a6195_d0_3.png,1024,1280,406,504,1.4155678118069965,1159608,0.884710693359375,-10.229000091552734,2.618730068206787,1.7635999917984009,True,113406,0.5542165141918837,True,,1.0,113406,0.9257524609565735,-0.07714840085376475,0.9981771354825888,0.07532387289703875,log-depth Laplacian fallback,,,,0.11979982465120483,0.1785161800831899,0.7189524559689371,0.3369768438735549,0.18832312022911563,0.06613544382350414,0.09931016499572219,0.043129856654543636,17.632838876113528,0.8814323461031659,0.9278713151340798,0.9888091492987285,0.1334249818208799,0.1424581302601901,0.6708119843923958,0.44927899336268345,0.17667197260690012,-0.011012957009108842,0.12253861174093357,0.053217842899172446,17.632838876008815,0.8930836972494153,0.9558643955543598,0.9931037040103208,0.13022067997889686,0.1492312340278138,0.6858637465989051,0.4364554338204106,0.17923420258036363,-0.010687459729092337,0.11878565764610563,0.05158795564495245,17.891528045183243,0.893309635669985,0.9539784133948713,0.9928148132817297,0.12947292380498224,0.14875390097406196,0.6845308003847003,0.4340701101293204,0.1788779265071613,-0.009564564267917122,0.1180154478547093,0.051253457782641204,17.86220358798608,0.893203565342771,0.954087070803237,0.9929070858428021,0.11954810866976147,0.17707982990834228,0.7161958103732203,0.33690980739298415,0.18769014743485876,0.06431089147100923,0.09927679003096944,0.04311536209151779,17.63283887589378,0.881709163786383,0.9286698608495285,0.9889669612489738,0.01231321133673191,0.058530788868665695,0.018155256286263466,ok,
759xd9YjKW5,b90801209e564a309883d214b02a6195,b90801209e564a309883d214b02a6195_i0_4,0,4,/mnt/priorbimda-data/PriorBIMDA-Datasets/Matterport3D/v1/scans/759xd9YjKW5/undistorted_color_images/b90801209e564a309883d214b02a6195_i0_4.jpg,/mnt/priorbimda-data/PriorBIMDA-Datasets/Matterport3D/v1/scans/759xd9YjKW5/undistorted_depth_images/b90801209e564a309883d214b02a6195_d0_4.png,1024,1280,406,504,1.4155678118069965,1236351,0.9432609558105469,-10.220800399780273,2.606750011444092,1.7635899782180786,True,183855,0.8985016420361248,True,,1.0,183855,1.1409211158752441,0.1318359325348499,1.197638563045409,0.048515821341731574,log-depth Laplacian fallback,,,,0.17601170871547933,0.0747096592777454,0.4604649768540387,0.36977946050656413,0.2029936513981536,-0.18225979727654998,0.19318930403384854,0.08390104870463003,8.937443037393862,0.6540917587319459,0.9988700619807805,0.9991685209135593,0.07236665763747695,0.03117383616154262,0.303693295465632,0.1659315367363805,0.10261751757502849,-0.050423864801431906,0.0732681949917713,0.03181997278393774,8.93744301897819,0.9807692152147731,0.9986039563198477,0.9990027103953489,0.06719475709768961,0.02841633840599927,0.3029118818167574,0.16302768812847288,0.0939628683680534,-0.03122441824349119,0.06736888791805692,0.029257936274770774,8.862311401269798,0.9806309049776317,0.998730942911843,0.9990342548353986,0.06288793758525649,0.02736647156073277,0.29919401090212866,0.15494619752638733,0.09104722859187436,-0.02989383350089436,0.0629548808609882,0.02734095736680381,8.59997474001048,0.9803736964664566,0.9987503548749506,0.9990334460036026,0.06026058594009021,0.03002516355405909,0.2934075113167378,0.14056338780978733,0.08939479626087249,-0.0019080862961675838,0.05806258385980781,0.025216259775359347,8.937443037697795,0.9795381732210351,0.9899648239051855,0.9989250625429187,0.012010466307401657,0.05869979318231344,0.01808851957321167,ok,
759xd9YjKW5,b90801209e564a309883d214b02a6195,b90801209e564a309883d214b02a6195_i0_5,0,5,/mnt/priorbimda-data/PriorBIMDA-Datasets/Matterport3D/v1/scans/759xd9YjKW5/undistorted_color_images/b90801209e564a309883d214b02a6195_i0_5.jpg,/mnt/priorbimda-data/PriorBIMDA-Datasets/Matterport3D/v1/scans/759xd9YjKW5/undistorted_depth_images/b90801209e564a309883d214b02a6195_d0_5.png,1024,1280,406,504,1.4155678118069965,1245267,0.9500633239746094,-10.22700023651123,2.5936100482940674,1.764009952545166,True,204624,1.0,True,,1.0,204624,1.1177616119384766,0.11132812475030292,1.088839123192163,0.026216020645289398,log-depth Laplacian fallback,,,,0.08317396099488332,0.013112085711751643,0.13855327467252737,0.1216387794219642,0.10508070147497887,-0.08498548878213237,0.08835549704342331,0.03837230481177781,6.180146049193078,1.0,1.0,1.0,0.05794644050474522,0.009866653420331904,0.14660260756196924,0.10744270692326709,0.06718150764986733,0.026342635993986844,0.056367499401489066,0.024480093948751575,6.180146033062237,0.9978598967129138,1.0,1.0,0.02420006046505321,0.0014895179099185041,0.05301490960973262,0.04025830882780137,0.028858502456003597,0.014566589938238055,0.02389003845173821,0.010375311872046407,2.4912398952617703,1.0,1.0,1.0,0.023237170887249213,0.0014030794271528285,0.05302258592220393,0.04026570808855441,0.027604077696571704,0.006273634620211238,0.02316601358103515,0.010060871865939357,2.6881715237879718,1.0,1.0,1.0,0.053906572815283015,0.006876871738182737,0.1169918057087803,0.09246455575907125,0.061801590270387445,0.0001266613241099094,0.05378229383277345,0.023357353435672794,6.180146047512002,0.998772953912695,1.0,1.0,0.009687132202088833,0.057924749329686165,0.018099086359143257,ok,
759xd9YjKW5,b90801209e564a309883d214b02a6195,b90801209e564a309883d214b02a6195_i1_0,1,0,/mnt/priorbimda-data/PriorBIMDA-Datasets/Matterport3D/v1/scans/759xd9YjKW5/undistorted_color_images/b90801209e564a309883d214b02a6195_i1_0.jpg,/mnt/priorbimda-data/PriorBIMDA-Datasets/Matterport3D/v1/scans/759xd9YjKW5/undistorted_depth_images/b90801209e564a309883d214b02a6195_d1_0.png,1024,1280,406,504,1.4121168655554452,1136873,0.8673652648925781,-10.235899925231934,2.603060007095337,1.7973500490188599,True,204624,1.0,True,,1.0,204624,0.9325577616691589,-0.06982418657379348,0.977086333318958,0.04664392146118358,log-depth Laplacian fallback,,,,0.08943119508128368,0.04717090777385482,0.33410488558891177,0.14972161556513214,0.13451185311648325,0.05490147690750163,0.07915350180916685,0.034375929059040224,12.279766472618862,0.978047679907958,0.9824237183924678,0.9857486280349697,0.08907182101235599,0.04782964206391169,0.39780701615443553,0.23052066513908678,0.12370106594831469,-0.01492270965046401,0.08475759723643328,0.03680975677916128,12.279766469048688,0.9762735151595648,0.9833860070561972,0.9870231767312619,0.06777780537441774,0.04026170262070503,0.35206772336697806,0.16516169463849456,0.11236213675757567,-0.011527287027478099,0.0631309082703969,0.027417405099373755,11.176927766839274,0.9766464679871895,0.9831573095675594,0.9883153175420649,0.07076176425742142,0.03970220900607238,0.3555330971063906,0.1739086666386899,0.11229318245138936,-0.013915769524824253,0.06660502705140403,0.028926195715441572,11.142760063643564,0.9766526252272681,0.9833341103183909,0.9926922356323001,0.08338951166413051,0.04479490081632586,0.3439999401047881,0.16415289313933903,0.12682862433627617,0.031721183431463976,0.07510100106480458,0.032615950347854875,12.279766476908135,0.9777591692299844,0.9828239389975837,0.9862350500011875,0.009406656958162785,0.059305327013134956,0.018066205084323883,ok,
759xd9YjKW5,b90801209e564a309883d214b02a6195,b90801209e564a309883d214b02a6195_i1_1,1,1,/mnt/priorbimda-data/PriorBIMDA-Datasets/Matterport3D/v1/scans/759xd9YjKW5/undistorted_color_images/b90801209e564a309883d214b02a6195_i1_1.jpg,/mnt/priorbimda-data/PriorBIMDA-Datasets/Matterport3D/v1/scans/759xd9YjKW5/undistorted_depth_images/b90801209e564a309883d214b02a6195_d1_1.png,1024,1280,406,504,1.4121168655554452,1040946,0.7941787719726563,-10.237799644470215,2.605940103530884,1.7973500490188599,True,204624,1.0,True,,1.0,204624,0.6953908205032349,-0.36328125980721376,0.7089714838644565,0.0193412863289652,log-depth Laplacian fallback,,,,0.40797942417321015,0.10397566785216317,0.2543958101578947,0.25406257107187696,0.34251764668891416,0.3419671229987486,0.3419671229987486,0.14851443451068708,1.9411982929896285,0.0,0.9999923146829903,1.0,0.023310895389075503,0.0005077912046946648,0.01797096962598001,0.014716029843474025,0.028829108810271398,-0.021314136919794516,0.023699713928722003,0.010292654981929607,1.9411982952772244,1.0,1.0,1.0,0.006431428647380425,4.3276898947136914e-05,0.005206534809445792,0.004027587362426472,0.00833084587133639,-0.001859582482524248,0.006442223482704056,0.0027978221097259216,0.8120649353509332,1.0,1.0,1.0,0.005553053729113705,3.057480227296878e-05,0.00433792397949741,0.0034401139706228974,0.007024807586510809,0.0020920505883215285,0.005540921457518852,0.0024063916136597605,0.6706060390676731,1.0,1.0,1.0,0.01613768929118394,0.0002369028724263564,0.01217096859432768,0.010089193907504032,0.019511973981611166,-0.0019728271534530896,0.016168223820502786,0.0070217703874210806,1.9411982940484704,1.0,1.0,1.0,0.007995085790753365,0.058357725851237774,0.018100323155522346,ok,
759xd9YjKW5,b90801209e564a309883d214b02a6195,b90801209e564a309883d214b02a6195_i1_2,1,2,/mnt/priorbimda-data/PriorBIMDA-Datasets/Matterport3D/v1/scans/759xd9YjKW5/undistorted_color_images/b90801209e564a309883d214b02a6195_i1_2.jpg,/mnt/priorbimda-data/PriorBIMDA-Datasets/Matterport3D/v1/scans/759xd9YjKW5/undistorted_depth_images/b90801209e564a309883d214b02a6195_d1_2.png,1024,1280,406,504,1.4121168655554452,1305293,0.9958595275878906,-10.236300468444824,2.609100103378296,1.7972500324249268,True,203922,0.9965693173821253,True,,1.0,203922,0.9969528913497925,-0.0030517605380458585,0.9910198577358145,0.005968946236341657,log-depth Laplacian fallback,,,,0.05231064338248125,0.0039034366541969494,0.07290588345186354,0.05961144128924639,0.05949685380233308,0.009473775415817924,0.051808427484162645,0.022500114172456613,5.873774929078267,1.0,1.0,1.0,0.05194809493393221,0.003968367991345227,0.07475839072674494,0.06044498789561269,0.05908777771801358,0.006422014900199937,0.051604943621748965,0.022411742253853964,5.873774936337782,1.0,1.0,1.0,0.034787603119049965,0.0021890910372104042,0.05983550810296808,0.04234852526785221,0.04040175717836977,0.01612334340262188,0.03443627004629896,0.014955482058437868,3.704510467823087,1.0,1.0,1.0,0.03448830632640028,0.0020271430258786915,0.05643656595914253,0.04132051398488351,0.03975077349169643,0.01690055768838046,0.03418146747570468,0.014844822708054014,3.597909313768038,1.0,1.0,1.0,0.05149081127056874,0.004158999762707013,0.07881098457219067,0.06241182619288165,0.0587394965431645,0.00045305577427876464,0.051456211457376645,0.02234714869558556,5.87377493151536,1.0,1.0,1.0,0.00944734737277031,0.05730895604938269,0.01813044585287571,ok,
759xd9YjKW5,b90801209e564a309883d214b02a6195,b90801209e564a309883d214b02a6195_i1_3,1,3,/mnt/priorbimda-data/PriorBIMDA-Datasets/Matterport3D/v1/scans/759xd9YjKW5/undistorted_color_images/b90801209e564a309883d214b02a6195_i1_3.jpg,/mnt/priorbimda-data/PriorBIMDA-Datasets/Matterport3D/v1/scans/759xd9YjKW5/undistorted_depth_images/b90801209e564a309883d214b02a6195_d1_3.png,1024,1280,406,504,1.4121168655554452,1267973,0.9673866271972656,-10.23289966583252,2.609380006790161,1.7971500158309937,True,198894,0.9719974196575182,True,,1.0,198894,0.9654545783996582,-0.035156222860638596,1.0450215052140017,0.07919368721781983,log-depth Laplacian fallback,,,,0.14437550831958773,0.09997939764994505,0.43070735813122973,0.30659784070030377,0.21257430733101002,-0.06037393516902542,0.13921013523836895,0.0604581935590291,20.38205683670444,0.9065082616112489,0.9510076318659783,0.9839791541302536,0.16051357462675497,0.10764720828059803,0.46775198213731173,0.3519954244408512,0.2250973904892738,-0.09553015796813244,0.16068195344556635,0.06978328572284465,20.38205684509399,0.6422132017006671,0.9526472566844878,0.9849507836523332,0.15068752002358973,0.09666629046096623,0.4326125326467407,0.3204370104862012,0.21082086340129322,-0.07914093107735283,0.14767681547942008,0.06413522606775689,19.540253190139687,0.7840584933590857,0.9529256537796941,0.9848608763751279,0.14862010107807436,0.0949949062547778,0.4340776252431657,0.318582136750959,0.20958355061942438,-0.07803746916024952,0.146301961934266,0.06353813475967132,19.451328514347786,0.744287141760905,0.9578035178982518,0.9851440054322923,0.14194739048057156,0.09701562821743302,0.3983323881628712,0.27995880613571295,0.2044742122377768,-0.016336443312761045,0.13054979650042703,0.05669705623372791,20.382056836872064,0.9144137927227157,0.9462149430626677,0.9827433233988421,0.01248912513256073,0.05925580393522978,0.018109671771526337,ok,
759xd9YjKW5,b90801209e564a309883d214b02a6195,b90801209e564a309883d214b02a6195_i1_4,1,4,/mnt/priorbimda-data/PriorBIMDA-Datasets/Matterport3D/v1/scans/759xd9YjKW5/undistorted_color_images/b90801209e564a309883d214b02a6195_i1_4.jpg,/mnt/priorbimda-data/PriorBIMDA-Datasets/Matterport3D/v1/scans/759xd9YjKW5/undistorted_depth_images/b90801209e564a309883d214b02a6195_d1_4.png,1024,1280,406,504,1.4121168655554452,1153212,0.8798309326171875,-10.230899810791016,2.606489896774292,1.7971500158309937,True,204624,1.0,True,,1.0,204624,1.0786212682724,0.0756836221322954,1.08492582158785,0.005827995322845572,log-depth Laplacian fallback,,,,0.07583426907148212,0.03410617067383159,0.33521163129817305,0.21936149621334164,0.09482195422936371,-0.06409504765373955,0.07773362905536416,0.033759286157058935,6.98786653431532,0.9925174209078643,0.997157504431102,0.9984061907090804,0.04218179614808017,0.029941212838752382,0.3296760591952898,0.12848630672737432,0.07083306387730683,0.011588574458854894,0.03976898980334908,0.017271452822461193,6.9878665415548715,0.9896584496172429,0.9966155399007295,0.998014241960715,0.04279717759406463,0.027112935046514963,0.30941118164283465,0.12278636819929217,0.06770287674520162,0.037396638188271,0.040174118628401555,0.017447398035641423,5.643731896353257,0.990289729902221,0.9965713155950511,0.9980896834233428,0.040769495287793216,0.02568671452139743,0.3012693411754405,0.11732080554449684,0.0660839147951179,0.03539579887734555,0.03827668331207526,0.01662335234799258,5.580520778998055,0.9904943757088897,0.9965964627492603,0.9981651248859706,0.04184041943790856,0.03104787247814486,0.3364282121221638,0.12895191828532637,0.07201640886774628,0.017416522971040606,0.03918330947454438,0.017017095087502036,6.987866536937879,0.9893783623479464,0.9965210212866324,0.9979778219442739,0.01450593676418066,0.06146702170372009,0.018121871165931225,ok,
759xd9YjKW5,b90801209e564a309883d214b02a6195,b90801209e564a309883d214b02a6195_i1_5,1,5,/mnt/priorbimda-data/PriorBIMDA-Datasets/Matterport3D/v1/scans/759xd9YjKW5/undistorted_color_images/b90801209e564a309883d214b02a6195_i1_5.jpg,/mnt/priorbimda-data/PriorBIMDA-Datasets/Matterport3D/v1/scans/759xd9YjKW5/undistorted_depth_images/b90801209e564a309883d214b02a6195_d1_5.png,1024,1280,406,504,1.4121168655554452,1136691,0.8672264099121094,-10.232399940490723,2.60332989692688,1.7972500324249268,True,204624,1.0,True,,1.0,204624,0.9977747201919556,-0.0022277594223966074,1.051657157198334,0.0525949244229056,log-depth Laplacian fallback,,,,0.05708707814239091,0.04152317617148203,0.5131769256240184,0.2410919816105885,0.09146434932326991,-0.049168039331372336,0.05862426414708821,0.02546019442471905,7.7124776209968795,0.9888483325723526,0.992275825180282,0.9945288561271269,0.05904596061858298,0.042211533736904075,0.5163969206878535,0.24913834286783398,0.0926809538246629,-0.05139579852895037,0.0607125040892097,0.026367105508472398,7.712477614502905,0.9889072755920475,0.992291660618409,0.9945429320721286,0.04959578044238239,0.038573088256602904,0.49745439609809594,0.21098464828631325,0.08589376378097911,-0.040818860472627554,0.05066254399270855,0.02200246329521408,7.5574858823412985,0.9888052249907846,0.9921992872293349,0.9945139004355625,0.04906478656830146,0.0372499625720068,0.4908003386334789,0.20825958146900878,0.08515508457868429,-0.04071707887646197,0.050218627332127425,0.02180967273909875,7.47897581047756,0.9890181236589364,0.9922687872077812,0.9946124320505749,0.027797145097500968,0.03606772035336516,0.4832855148174988,0.12586928684729698,0.07713409818397672,0.0011991661979216682,0.02738950711548752,0.011895111802306083,7.712477619471658,0.9877117000134601,0.9917866860914708,0.994210387871462,0.01119302585721016,0.05885540787130594,0.018119501881301403,ok,
759xd9YjKW5,b90801209e564a309883d214b02a6195,b90801209e564a309883d214b02a6195_i2_0,2,0,/mnt/priorbimda-data/PriorBIMDA-Datasets/Matterport3D/v1/scans/759xd9YjKW5/undistorted_color_images/b90801209e564a309883d214b02a6195_i2_0.jpg,/mnt/priorbimda-data/PriorBIMDA-Datasets/Matterport3D/v1/scans/759xd9YjKW5/undistorted_depth_images/b90801209e564a309883d214b02a6195_d2_0.png,1024,1280,406,504,1.4165615917841592,1221582,0.9319931030273437,-10.239700317382812,2.5936999320983887,1.830899953842163,True,204624,1.0,True,,1.0,204624,1.041614055633545,0.0407714866529574,1.0186769580463566,0.022266801273627675,log-depth Laplacian fallback,,,,0.04585601807956974,0.016104907066540455,0.1726624413076702,0.09592764659243752,0.07964094641366595,-0.014292311370127122,0.04396258103923694,0.019092706355565123,7.834800687550223,0.9902094169691433,0.9925408200186315,0.9943212981199788,0.049414381888666266,0.019590593746345336,0.20933862510474097,0.10759743062504966,0.08270161359564618,0.026479175301414467,0.04566917573491402,0.019833871014743047,7.834800678179714,0.9893752527460293,0.9921249658230066,0.9940069516413962,0.037839945112261804,0.016207942609658993,0.1761192659741231,0.08602530102262079,0.07585177309178069,0.014775049697993562,0.034655001883945026,0.015050476088544108,7.439885340237982,0.9898173024815362,0.9921462496991605,0.9940200494113371,0.03500482952704942,0.014628368191278688,0.16800811340370203,0.0800731353021227,0.07281897221933246,0.015634223604465345,0.03206710877181308,0.01392656839018978,7.1120839191937915,0.9899237218623064,0.9922608551861438,0.9941886831993267,0.044168068307556596,0.016759157500096017,0.18308169765059865,0.09477738910092388,0.07846116613876515,0.004212411492137947,0.041449552275115605,0.018001311830443085,7.8348006874941065,0.9898893402162114,0.9923476279120026,0.9941714923762793,0.009537942707538605,0.05891507305204868,0.018096739426255226,ok,
759xd9YjKW5,b90801209e564a309883d214b02a6195,b90801209e564a309883d214b02a6195_i2_1,2,1,/mnt/priorbimda-data/PriorBIMDA-Datasets/Matterport3D/v1/scans/759xd9YjKW5/undistorted_color_images/b90801209e564a309883d214b02a6195_i2_1.jpg,/mnt/priorbimda-data/PriorBIMDA-Datasets/Matterport3D/v1/scans/759xd9YjKW5/undistorted_depth_images/b90801209e564a309883d214b02a6195_d2_1.png,1024,1280,406,504,1.4165615917841592,1017573,0.7763465881347656,-10.247900009155273,2.6056900024414062,1.830899953842163,True,204624,1.0,True,,1.0,204624,0.9051909446716309,-0.09960936894973522,0.9227655895121096,0.019229326356624207,log-depth Laplacian fallback,,,,0.09369558890390063,0.01121101944652564,0.10130138544216451,0.08017226558642905,0.10490257498598686,0.08190069089943035,0.08803538993051922,0.0382332840590256,6.55501874054267,0.9974252461494163,0.9984787332211055,0.999740559153987,0.052471902185075046,0.004912091416339838,0.07385918040334569,0.05078531288175321,0.0679001056874383,-0.017708678044336804,0.053148542573816314,0.02308211876100848,6.555018744662227,0.9975765866429239,0.9990929397694318,1.0,0.03334267274160128,0.0030495251543882357,0.060268596734500045,0.0336553502444328,0.04940416317333599,-0.010106898405881323,0.03353714638311514,0.014564997612968505,4.835930048574733,0.9975235191971485,0.9988659290291704,1.0,0.033023753090882756,0.0029446697802879484,0.059151096019248665,0.03318461377043006,0.04867130572467478,-0.009418450612450047,0.0332164949623757,0.014425740470326935,4.775132237965352,0.9975274501190577,0.9989239101273324,1.0,0.05079671463046359,0.0046371962190054124,0.07059866724936319,0.04826708509788445,0.06556782381191605,0.001520673327123977,0.050488199485437577,0.021926746437756144,6.5550187429653,0.997537277423831,0.9989671502683346,1.0,0.008013834245502949,0.05688620638102293,0.018137609586119652,ok,
759xd9YjKW5,b90801209e564a309883d214b02a6195,b90801209e564a309883d214b02a6195_i2_2,2,2,/mnt/priorbimda-data/PriorBIMDA-Datasets/Matterport3D/v1/scans/759xd9YjKW5/undistorted_color_images/b90801209e564a309883d214b02a6195_i2_2.jpg,/mnt/priorbimda-data/PriorBIMDA-Datasets/Matterport3D/v1/scans/759xd9YjKW5/undistorted_depth_images/b90801209e564a309883d214b02a6195_d2_2.png,1024,1280,406,504,1.4165615917841592,1213466,0.9258010864257813,-10.241700172424316,2.6188199520111084,1.8304799795150757,True,204624,1.0,True,,1.0,204624,1.0148181915283203,0.014709474802577449,1.023405784077445,0.008426594395051466,log-depth Laplacian fallback,,,,0.03188437942765355,0.001720635809662166,0.04409011013873422,0.035305284980954005,0.040526253975581135,-0.024053465461696826,0.03256402185533257,0.014142375000347826,3.2616070587614683,1.0,1.0,1.0,0.0264570362470026,0.0011801934377458883,0.035776197743282674,0.028227598774946,0.03392813310431062,-0.009343990724094474,0.02671332853959235,0.011601451178013613,3.261607047594567,1.0,1.0,1.0,0.02792919238267342,0.0011582964691035096,0.03442821686586231,0.028445295677863486,0.03421374540530252,0.006841348222389349,0.027806028470586674,0.012076004728420507,3.352277329158298,1.0,1.0,1.0,0.026839136195996312,0.0010751494572853032,0.03342197360037057,0.027569417786226118,0.032803336785488815,0.006281145626321057,0.026753556840816015,0.011618922107251396,3.219636802316608,1.0,1.0,1.0,0.02565267286638571,0.0010760609630761778,0.033648708844855275,0.026767185520969045,0.03262896968834185,-0.0009173901776099877,0.025690754616011446,0.011157352965664264,3.261607055095319,1.0,1.0,1.0,0.009709997102618217,0.05872811935842037,0.018134234473109245,ok,
759xd9YjKW5,b90801209e564a309883d214b02a6195,b90801209e564a309883d214b02a6195_i2_3,2,3,/mnt/priorbimda-data/PriorBIMDA-Datasets/Matterport3D/v1/scans/759xd9YjKW5/undistorted_color_images/b90801209e564a309883d214b02a6195_i2_3.jpg,/mnt/priorbimda-data/PriorBIMDA-Datasets/Matterport3D/v1/scans/759xd9YjKW5/undistorted_depth_images/b90801209e564a309883d214b02a6195_d2_3.png,1024,1280,406,504,1.4165615917841592,1131316,0.8631256103515625,-10.22719955444336,2.6199700832366943,1.8300600051879883,True,204624,1.0,True,,1.0,204624,0.9922178983688354,-0.007812540204281062,1.1001396062194915,0.10324962670060327,log-depth Laplacian fallback,,,,0.15818396709310686,0.07900836041869011,0.2990560817263484,0.18923996143352756,0.2124976034886879,-0.07676688361905559,0.1474256970442937,0.06402616671707732,19.8146604986949,0.8767205626014305,0.9635177085800961,0.9734221031082385,0.16353231159594747,0.07944247822241973,0.30235111014645505,0.19631463191997028,0.21544316186453583,-0.0845794236359484,0.1540307296118879,0.0668946959139747,19.814660504686763,0.869407840072977,0.9638253149429514,0.973732361250084,0.14974874287234496,0.07895082726577145,0.292826480325375,0.1788011664757962,0.20697333331342085,-0.0639636574155489,0.13633513665128782,0.05920959753718012,19.68415891850467,0.8835533131326703,0.9631517630794579,0.972726453086494,0.14388153955776173,0.07723662024018846,0.29388308519770395,0.17548190492167312,0.20493195125467636,-0.059293897217389716,0.13105008676564067,0.05691432953526013,19.61666087738244,0.875202861092745,0.9633577179143581,0.9734141477712681,0.10433938091561797,0.08540270354917619,0.28162595310685623,0.11463340382228952,0.1990242546747056,0.01867021348152883,0.08141327899856357,0.03535733782272607,19.81466050109772,0.9325449299753561,0.9591007287088665,0.9690325249532403,0.013569834642112255,0.05977403838187456,0.01820063777267933,ok,
759xd9YjKW5,b90801209e564a309883d214b02a6195,b90801209e564a309883d214b02a6195_i2_4,2,4,/mnt/priorbimda-data/PriorBIMDA-Datasets/Matterport3D/v1/scans/759xd9YjKW5/undistorted_color_images/b90801209e564a309883d214b02a6195_i2_4.jpg,/mnt/priorbimda-data/PriorBIMDA-Datasets/Matterport3D/v1/scans/759xd9YjKW5/undistorted_depth_images/b90801209e564a309883d214b02a6195_d2_4.png,1024,1280,406,504,1.4165615917841592,1153097,0.8797431945800781,-10.218899726867676,2.607990026473999,1.8300600051879883,True,204624,1.0,True,,1.0,204624,1.094537615776062,0.09033200539027106,1.186151860538094,0.08038233128685277,log-depth Laplacian fallback,,,,0.19100596313059862,0.08415355914284886,0.3973013611696921,0.3648003931788215,0.22545365487450664,-0.15398833582231672,0.19653814436859357,0.08535543158278486,16.467222876656088,0.8374291148099423,0.9754201077619663,0.9842216222919667,0.12247684837432417,0.05581387977863857,0.25167577005688496,0.1948012228747841,0.17654764609579296,-0.06365633047817507,0.11381128388480655,0.04942761256949599,16.467222878196168,0.9295349827464645,0.9745355334373431,0.9813814449261424,0.10197185101970223,0.05361766173593212,0.23080466785784406,0.14656821481698323,0.1699967766098415,-0.03760833773235903,0.09081650283672468,0.03944110604774056,16.578454991568172,0.943260627683534,0.9742077205993945,0.9807275537097052,0.09901951104810759,0.05287108693970178,0.23087703752207178,0.1430461386313628,0.16802656019250425,-0.032306858903120905,0.08789578836596396,0.03817265586987418,16.489145459343575,0.94997992363175,0.9742571526940058,0.980835090196228,0.08075942492819772,0.05737698546105477,0.2241997919619672,0.10338808528583199,0.16551949154397397,0.01672600222621242,0.0644059505367984,0.02797114891986532,16.46722287773637,0.9543386202548442,0.9727906672205374,0.9788326567496056,0.017589788883924484,0.0620541051030159,0.01811180543154478,ok,
759xd9YjKW5,b90801209e564a309883d214b02a6195,b90801209e564a309883d214b02a6195_i2_5,2,5,/mnt/priorbimda-data/PriorBIMDA-Datasets/Matterport3D/v1/scans/759xd9YjKW5/undistorted_color_images/b90801209e564a309883d214b02a6195_i2_5.jpg,/mnt/priorbimda-data/PriorBIMDA-Datasets/Matterport3D/v1/scans/759xd9YjKW5/undistorted_depth_images/b90801209e564a309883d214b02a6195_d2_5.png,1024,1280,406,504,1.4165615917841592,1235531,0.9426353454589844,-10.225199699401855,2.5948500633239746,1.8304699659347534,True,204624,1.0,True,,1.0,204624,1.1353638172149658,0.12695314337190938,1.1200150808420137,0.013610993118046755,log-depth Laplacian fallback,,,,0.11596677553975004,0.04206981905291977,0.33131870717214384,0.3111638369577115,0.13564625832673063,-0.09556077834392138,0.11880985774242457,0.05159846561324533,9.627068629830196,0.9882949112567795,0.9907408231764319,0.9938431330334893,0.04741206519807084,0.019373528846872424,0.15248425815332003,0.08619045805613214,0.10125969395485125,0.03139236480623031,0.041075258460693584,0.01783875809222909,9.627068635728474,0.9824431762537726,0.9895923291281239,0.9918448019515496,0.046765898340155806,0.01932002588365432,0.1445789869159909,0.07871141996357006,0.10201793604003365,0.02849346899545755,0.040359510039356984,0.017527912502411636,9.795805989541288,0.981406375072742,0.98958909165371,0.9917865274121005,0.04888731266146347,0.019368606727776225,0.14649323956268867,0.08382804545585323,0.10318239724922512,0.031038057780800533,0.04240286481515776,0.01841533020611256,9.840348607286526,0.9657774673399534,0.9896457474559521,0.9920528096826384,0.04398415243450889,0.017613294231892555,0.13766516194357883,0.0718349815802904,0.09789903197026244,0.017781322115648847,0.03826289789333365,0.016617365416702362,9.627068632005281,0.9833941843628367,0.9897064501012115,0.992011531883862,0.011475165374577045,0.05877136532217264,0.018107318319380283,ok,
759xd9YjKW5,bbbe225834074bb0a3fb31a3e1e80685,bbbe225834074bb0a3fb31a3e1e80685_i0_0,0,0,/mnt/priorbimda-data/PriorBIMDA-Datasets/Matterport3D/v1/scans/759xd9YjKW5/undistorted_color_images/bbbe225834074bb0a3fb31a3e1e80685_i0_0.jpg,/mnt/priorbimda-data/PriorBIMDA-Datasets/Matterport3D/v1/scans/759xd9YjKW5/undistorted_depth_images/bbbe225834074bb0a3fb31a3e1e80685_d0_0.png,1024,1280,406,504,1.4155678118069965,1209760,0.9229736328125,-11.794699668884277,-7.980010032653809,1.565940022468567,True,150398,0.7349968723121433,True,,1.0,150398,1.1453865766525269,0.1357422015554702,1.2566789341544182,0.09273027311528495,log-depth Laplacian fallback,,,,0.19545162558414134,0.06342160145013516,0.3151931122855737,0.2832274902887882,0.23362155279992605,-0.2195333550865482,0.22043565172441118,0.09573398715865875,7.990078808805443,0.4646582793281312,0.999971068641714,1.0,0.09344327961323132,0.018170881711155953,0.17040070650126798,0.1405940253708318,0.11578036672881466,-0.08379115349364019,0.09921894188472923,0.04309023896081732,7.990078795646537,0.9878744544372438,1.0,1.0,0.102839649719486,0.020756645419007586,0.18170764418904464,0.15225602297434818,0.12431965483062633,-0.07284570837552036,0.10866069870925744,0.04719074184918228,10.074164654438956,0.9582760216902526,1.0,1.0,0.10476349811443642,0.02102966267561783,0.18254298306772918,0.1542629023947609,0.12528199070909804,-0.07062959167242329,0.11046229003772272,0.04797316302177953,10.347481807773947,0.9549389961645285,1.0,1.0,0.06469659169733244,0.008327237201308341,0.10309520361299461,0.0817157517418496,0.08039927775777546,0.008939123360320236,0.06353078946581585,0.027591071295961084,7.990078809073728,0.9937566128818939,1.0,1.0,0.009382374584674835,0.05814452935010195,0.018103737384080887,ok,
759xd9YjKW5,bbbe225834074bb0a3fb31a3e1e80685,bbbe225834074bb0a3fb31a3e1e80685_i0_1,0,1,/mnt/priorbimda-data/PriorBIMDA-Datasets/Matterport3D/v1/scans/759xd9YjKW5/undistorted_color_images/bbbe225834074bb0a3fb31a3e1e80685_i0_1.jpg,/mnt/priorbimda-data/PriorBIMDA-Datasets/Matterport3D/v1/scans/759xd9YjKW5/undistorted_depth_images/bbbe225834074bb0a3fb31a3e1e80685_d0_1.png,1024,1280,406,504,1.4155678118069965,1226918,0.9360641479492188,-11.793299674987793,-7.965529918670654,1.5661900043487549,True,134780,0.6586715145828447,True,,1.0,134780,1.0173609256744385,0.01721194660888047,1.079120614221278,0.05893451675743239,log-depth Laplacian fallback,,,,0.09989394588483078,0.026188489916190185,0.21641998070314183,0.16467350532880365,0.13786008537527508,-0.08304638932372199,0.10787624559883582,0.04685005819201433,11.003953998436621,0.8870071186501461,1.0,1.0,0.09489085981003255,0.022946906748362906,0.20152543761250513,0.1546380671258771,0.12822977112022688,-0.06583444262652279,0.10119968201840032,0.043950463470955006,11.003954000994757,0.9063727160250318,1.0,1.0,0.08300050335604049,0.021522912557329053,0.19686634780595777,0.14171631776822427,0.12183416778769289,-0.05491015723535961,0.08865890614027992,0.03850407370830194,10.875862757918467,0.898539266682859,0.9998932283983119,1.0,0.08087779276558092,0.020997323053615576,0.1947145994892754,0.1382307598424662,0.12038833906056896,-0.05526295279306687,0.08653478451873946,0.03758157940917547,10.695493551189573,0.9002867347288083,0.9998785574912097,1.0,0.09087995394211645,0.01815828666048306,0.1726997594186602,0.14246185411691176,0.11025565318362515,-0.00689990578304641,0.09180850590194631,0.0398719275049974,11.003953998055842,0.9604309334446148,0.9999176799101488,1.0,0.010143636725842953,0.05990779306739569,0.018143330700695515,ok,
759xd9YjKW5,bbbe225834074bb0a3fb31a3e1e80685,bbbe225834074bb0a3fb31a3e1e80685_i0_4,0,4,/mnt/priorbimda-data/PriorBIMDA-Datasets/Matterport3D/v1/scans/759xd9YjKW5/undistorted_color_images/bbbe225834074bb0a3fb31a3e1e80685_i0_4.jpg,/mnt/priorbimda-data/PriorBIMDA-Datasets/Matterport3D/v1/scans/759xd9YjKW5/undistorted_depth_images/bbbe225834074bb0a3fb31a3e1e80685_d0_4.png,1024,1280,406,504,1.4155678118069965,1249335,0.9531669616699219,-11.769700050354004,-7.982460021972656,1.5667200088500977,True,57777,0.2823569082805536,True,,1.0,57777,0.940330982208252,-0.06152335696163648,0.9395999178829249,0.0007777566315269394,log-depth Laplacian fallback,,,,0.09368367489401193,0.026069842550669485,0.23821134439692335,0.2141002576336958,0.10587285564301521,0.06165650737027253,0.0887988671603639,0.038564858007005945,8.606704747408422,0.9863319285860077,1.0,1.0,0.06956359077241077,0.017135895370938355,0.20704985864765058,0.169112191084724,0.08606715038957055,0.00013315049873601368,0.0695408364105002,0.03020120152001698,8.606704739402673,0.9994773219352696,1.0,1.0,0.06380583828919813,0.014645578413602641,0.19148597739993273,0.15544364666404153,0.07919372984108745,0.0016437213391143181,0.06373839317087623,0.027681232439491464,7.917666970959619,0.9996262011390059,1.0,1.0,0.0624941595056366,0.01434304965343294,0.18954661568338485,0.15235979312385103,0.07839280573940685,0.0007779711323963565,0.06246750463232706,0.027129292560085443,7.838894534699098,0.999636606674751,1.0,1.0,0.0695063870626301,0.01715739313002015,0.20751528713786893,0.16931258181792214,0.08606946120949543,-0.0006445920056022936,0.0695377126070258,0.030199844869405468,8.606704743419025,0.9994917296001473,1.0,1.0,0.009632555767893791,0.060192118398845196,0.01820461545139551,ok,
759xd9YjKW5,bbbe225834074bb0a3fb31a3e1e80685,bbbe225834074bb0a3fb31a3e1e80685_i0_5,0,5,/mnt/priorbimda-data/PriorBIMDA-Datasets/Matterport3D/v1/scans/759xd9YjKW5/undistorted_color_images/bbbe225834074bb0a3fb31a3e1e80685_i0_5.jpg,/mnt/priorbimda-data/PriorBIMDA-Datasets/Matterport3D/v1/scans/759xd9YjKW5/undistorted_depth_images/bbbe225834074bb0a3fb31a3e1e80685_d0_5.png,1024,1280,406,504,1.4155678118069965,1240463,0.9463981628417969,-11.782899856567383,-7.988470077514648,1.5662000179290771,True,118001,0.576672335600907,True,,1.0,118001,1.0400893688201904,0.03930664101925189,1.089663963557363,0.04656271737622648,log-depth Laplacian fallback,,,,0.08873197626880498,0.01640756744932545,0.17940455854818593,0.16585085730278315,0.09809395166320126,-0.0925538710461263,0.09332233250619269,0.040529374045779935,3.2499297027466456,0.9996106292569791,0.9998718220535396,1.0,0.05284334105400835,0.006977640400309393,0.11832571719041922,0.09982912838480397,0.06238166249249135,-0.05324723006456321,0.05464750104465458,0.023733108153495688,3.2499297004375003,0.9992349630742715,1.0,1.0,0.04597480947694448,0.007077183119748884,0.12003710184744619,0.08839731083406234,0.06280942313929516,-0.04132993033552513,0.04776046368369484,0.020742105830969332,4.72954595447773,0.9992970366709849,1.0,1.0,0.0477783687636045,0.007412121368425466,0.12290156482190721,0.09191236589608301,0.06428496915338214,-0.041659226567934714,0.0496344151793887,0.02155595262490354,4.895984171556089,0.999301873574625,1.0,1.0,0.024361831574600916,0.0021005800880734746,0.06494845207763374,0.046587987284218764,0.03317961400988381,-0.006684495361942241,0.02453833733427212,0.01065686449935494,3.249929703241365,0.9991333880978313,1.0,1.0,0.009959559887647629,0.058513022027909756,0.018099036999046803,ok,
759xd9YjKW5,bbbe225834074bb0a3fb31a3e1e80685,bbbe225834074bb0a3fb31a3e1e80685_i1_0,1,0,/mnt/priorbimda-data/PriorBIMDA-Datasets/Matterport3D/v1/scans/759xd9YjKW5/undistorted_color_images/bbbe225834074bb0a3fb31a3e1e80685_i1_0.jpg,/mnt/priorbimda-data/PriorBIMDA-Datasets/Matterport3D/v1/scans/759xd9YjKW5/undistorted_depth_images/bbbe225834074bb0a3fb31a3e1e80685_d1_0.png,1024,1280,406,504,1.4121168655554452,1305865,0.9962959289550781,-11.785799980163574,-7.975910186767578,1.599560022354126,True,204624,1.0,True,,1.0,204624,1.0526065826416016,0.05126954761511965,0.9434896167577922,0.10943946687539494,log-depth Laplacian fallback,,,,0.07644011750267728,0.013179279235691028,0.1377571077933383,0.08571278088656221,0.10806350041436025,0.024507889018473422,0.07856754093297459,0.034121449483898704,10.524772442985467,0.913152584685247,1.0,1.0,0.12384858442557774,0.018530368043500344,0.148755409193908,0.12639092926251083,0.12968925695810624,0.0757774367207951,0.12085322506048662,0.05248588876398113,10.524772422419215,0.913152584685247,1.0,1.0,0.13892582283898974,0.020091561302877634,0.14802257053219753,0.1372189668650769,0.13584738333524574,0.09695565282897503,0.1330246507695286,0.05777187178631344,9.515310264799814,0.9785904362242651,1.0,1.0,0.14169850844571072,0.020447548621730174,0.14787822609684215,0.13906278740747946,0.13719321951497426,0.10133451122449645,0.1351515561236779,0.058695575045151,9.248403276120868,0.9944473586473334,1.0,1.0,0.04093361255790314,0.013617096766159301,0.14705307439936147,0.05628317854013218,0.11049984695380984,-0.03366203617435747,0.04624504511188439,0.02008396790745834,10.524772442866233,0.913152584685247,1.0,1.0,0.007949176244437695,0.05916406027972698,0.018150615505874157,ok,
759xd9YjKW5,bbbe225834074bb0a3fb31a3e1e80685,bbbe225834074bb0a3fb31a3e1e80685_i1_1,1,1,/mnt/priorbimda-data/PriorBIMDA-Datasets/Matterport3D/v1/scans/759xd9YjKW5/undistorted_color_images/bbbe225834074bb0a3fb31a3e1e80685_i1_1.jpg,/mnt/priorbimda-data/PriorBIMDA-Datasets/Matterport3D/v1/scans/759xd9YjKW5/undistorted_depth_images/bbbe225834074bb0a3fb31a3e1e80685_d1_1.png,1024,1280,406,504,1.4121168655554452,1044282,0.7967239379882812,-11.785400390625,-7.972430229187012,1.59961998462677,True,204624,1.0,True,,1.0,204624,1.041614055633545,0.0407714866529574,1.1603872855461657,0.10798232959432383,log-depth Laplacian fallback,,,,0.12552062600501632,0.026861762563002847,0.21697740866104923,0.18934396577443138,0.14426177640721977,-0.11783487345900792,0.13482151074975696,0.0585522381604794,8.322501264082968,0.9980177768074141,0.9996523927444886,1.0,0.10172409236958734,0.01645045639120656,0.16647530917639566,0.14582518372003866,0.11342472550072392,-0.07706338685692682,0.10639475550558247,0.04620665521952005,8.322501283300719,0.9988259876163719,0.9997194244466533,1.0,0.11021558831675447,0.018584443397300126,0.17572454280423394,0.1566146375262922,0.12118813384803023,-0.08079254436709558,0.11509984811267328,0.04998722890323643,9.032789469626193,0.9984458221055232,0.9996380288083104,1.0,0.11121393225554678,0.018763868559190534,0.17554674961741576,0.15670998912678502,0.12246099755442197,-0.07986659734443913,0.11601204672756964,0.05038339172808567,9.28333051800127,0.9976423992752915,0.9996169617019157,1.0,0.060211932329652766,0.008762641662260767,0.09856419292926329,0.06880077401928482,0.0887827873099186,0.030918935937907777,0.05657574192736612,0.024570532528637556,8.322501260429943,0.9684692448974511,0.9999990424042547,1.0,0.007540480233728886,0.05905728414654732,0.018111804500222206,ok,
759xd9YjKW5,bbbe225834074bb0a3fb31a3e1e80685,bbbe225834074bb0a3fb31a3e1e80685_i1_2,1,2,/mnt/priorbimda-data/PriorBIMDA-Datasets/Matterport3D/v1/scans/759xd9YjKW5/undistorted_color_images/bbbe225834074bb0a3fb31a3e1e80685_i1_2.jpg,/mnt/priorbimda-data/PriorBIMDA-Datasets/Matterport3D/v1/scans/759xd9YjKW5/undistorted_depth_images/bbbe225834074bb0a3fb31a3e1e80685_d1_2.png,1024,1280,406,504,1.4121168655554452,1162118,0.8866256713867188,-11.78219985961914,-7.970980167388916,1.5997400283813477,True,180716,0.8831613105012119,True,,1.0,180716,0.9572399258613586,-0.04370121272152298,0.9767039312954349,0.020129501264510737,log-depth Laplacian fallback,,,,0.05452507615952523,0.04365061035692938,0.38436788268800354,0.19711416603432744,0.09505438281800463,0.04208626304539123,0.04946056339452504,0.0214804497540682,8.52295849795475,0.9571971176765183,0.9926909315577248,0.9960632224954781,0.04774090746244877,0.035178453211383735,0.35498294295748684,0.19120540411444145,0.08524488364106225,-0.0016149496906604072,0.04469932788085209,0.01941267144343824,8.52295847958611,0.9741540876227716,0.9935815467964527,0.996646640014181,0.05076973306472682,0.04027081647679553,0.38713789654575936,0.20244783025788757,0.0906579662356832,0.002419628371886505,0.04796556448029328,0.02083117997516598,9.06256709797629,0.9722661554162314,0.9936684570757874,0.9964323760581972,0.052394100078115693,0.0411982394686742,0.39233148093380293,0.20950601167727448,0.09241712592186455,-0.0004012276607157783,0.04973947737989722,0.021601580558840993,9.241625495561937,0.9686925079897222,0.9938018342371429,0.9965141233506408,0.04326005530402448,0.036801179035570335,0.35336748993659656,0.15560670613802693,0.08721737885959582,0.018514562370590675,0.03931655844202911,0.017074964378799958,8.522958497707107,0.9649338535329459,0.9932184167184399,0.9963575127482751,0.008857300505042076,0.05921472888439894,0.018108492717146873,ok,
759xd9YjKW5,bbbe225834074bb0a3fb31a3e1e80685,bbbe225834074bb0a3fb31a3e1e80685_i1_3,1,3,/mnt/priorbimda-data/PriorBIMDA-Datasets/Matterport3D/v1/scans/759xd9YjKW5/undistorted_color_images/bbbe225834074bb0a3fb31a3e1e80685_i1_3.jpg,/mnt/priorbimda-data/PriorBIMDA-Datasets/Matterport3D/v1/scans/759xd9YjKW5/undistorted_depth_images/bbbe225834074bb0a3fb31a3e1e80685_d1_3.png,1024,1280,406,504,1.4121168655554452,1077206,0.8218429565429688,-11.779399871826172,-7.973020076751709,1.599810004234314,True,92021,0.44970775666588475,True,,1.0,92021,0.9565390944480896,-0.04443361853970773,1.00000687121044,0.044440489726541035,log-depth Laplacian fallback,,,,0.05750331634540172,0.05414439643248919,0.4253173843132569,0.2374276067677049,0.10240077745774319,0.007403825242487195,0.053060966369345965,0.02304408489866098,10.213276945098942,0.9732196070203842,0.9897921103298719,0.9960833860932821,0.07288098264562022,0.05867432384154089,0.4873463518877,0.3232212152145949,0.10863842883513541,-0.037029793235333716,0.07120817830401421,0.030925318903816244,10.21327696320589,0.9708189519924694,0.9915884241268615,0.9962207785697443,0.07157880403123534,0.054477805510238675,0.4390685666068402,0.29443387256483217,0.10619755577206844,-0.0332696143960035,0.0696835665472577,0.030263188430812056,10.085164158258815,0.9682855461258106,0.9918158643750592,0.9961650789171245,0.07154529381335234,0.05445454321022744,0.43958813003293495,0.2937870581986689,0.10626682409064511,-0.035891581406690326,0.06978489947639525,0.0303071967627716,10.002215897709384,0.9683393891233432,0.9921593455662148,0.9961622939344935,0.057503713376807056,0.05414503520768829,0.4253145135235795,0.23742622914891598,0.1024012775053342,0.007410739466231797,0.05306096581391687,0.02304408465744118,10.213276935091939,0.9732196070203842,0.9897911820023283,0.9960833860932821,0.00929471105337143,0.05925446189939976,0.01813331339508295,ok,
759xd9YjKW5,bbbe225834074bb0a3fb31a3e1e80685,bbbe225834074bb0a3fb31a3e1e80685_i1_4,1,4,/mnt/priorbimda-data/PriorBIMDA-Datasets/Matterport3D/v1/scans/759xd9YjKW5/undistorted_color_images/bbbe225834074bb0a3fb31a3e1e80685_i1_4.jpg,/mnt/priorbimda-data/PriorBIMDA-Datasets/Matterport3D/v1/scans/759xd9YjKW5/undistorted_depth_images/bbbe225834074bb0a3fb31a3e1e80685_d1_4.png,1024,1280,406,504,1.4121168655554452,1297942,0.9902511596679687,-11.77970027923584,-7.976500034332275,1.59975004196167,True,190981,0.9333264915161467,True,,1.0,190981,1.0972131490707397,0.09277346421542502,1.0539632098336091,0.0402159199866637,log-depth Laplacian fallback,,,,0.05258889415160373,0.007893123025154842,0.1473199094482322,0.12747147309749832,0.05935530098712807,-0.05067425246062073,0.05409011973676884,0.023491040527164865,3.0905855316263944,0.9980407445016803,1.0,1.0,0.045929136643282666,0.007440207147789714,0.14218294182837404,0.11501418613014211,0.05222562133052651,0.04209921175864718,0.04461423159562591,0.019375714596334036,3.090585531351832,0.9959351034175641,1.0,1.0,0.047587219421905934,0.007398363028730948,0.12997013163138404,0.10309554381703104,0.05688913808380383,0.03991558256903374,0.0460815673581288,0.02001297042108835,4.05354203147414,0.9962132360305777,1.0,1.0,0.050395469319737686,0.008176696609791081,0.13393982341557434,0.10612166464609903,0.0609026342620767,0.04130373631471764,0.04866530751904005,0.02113507451564392,4.475636520657765,0.9962918219766369,1.0,1.0,0.016654727878165965,0.002420262208275842,0.07843824794761907,0.038629022841676026,0.03096318119393738,0.0018832675900553146,0.01649530259393465,0.007163818893870215,3.090585531631255,0.9968457758513092,1.0,1.0,0.009375724010169506,0.058492318727076054,0.018160072155296803,ok,
759xd9YjKW5,bbbe225834074bb0a3fb31a3e1e80685,bbbe225834074bb0a3fb31a3e1e80685_i1_5,1,5,/mnt/priorbimda-data/PriorBIMDA-Datasets/Matterport3D/v1/scans/759xd9YjKW5/undistorted_color_images/bbbe225834074bb0a3fb31a3e1e80685_i1_5.jpg,/mnt/priorbimda-data/PriorBIMDA-Datasets/Matterport3D/v1/scans/759xd9YjKW5/undistorted_depth_images/bbbe225834074bb0a3fb31a3e1e80685_d1_5.png,1024,1280,406,504,1.4121168655554452,1300661,0.9923255920410157,-11.782899856567383,-7.977950096130371,1.59961998462677,True,204624,1.0,True,,1.0,204624,0.8881165385246277,-0.11865230752351542,0.8863900134754283,0.0019459219150924495,log-depth Laplacian fallback,,,,0.12083654752906818,0.07900857605920877,0.3949672415758145,0.24196886464243766,0.15362544312062515,0.08095712558593224,0.1075117933581296,0.04669177859495839,13.056309046155437,0.9774814498166702,0.9851498584181427,0.9904102606290186,0.09452203999605123,0.07660571380705268,0.5241528927067931,0.3558329464854529,0.1358957222760219,-0.03769518198189492,0.09381657467932741,0.04074402069429622,13.056309045160312,0.9674503963753814,0.9878161949962365,0.9926545041328986,0.08404475632124105,0.0619682421893759,0.453686277548532,0.30344031457505843,0.12378049238652279,-0.03921280531950794,0.08273032028782544,0.03592932158709126,11.740513700185524,0.9647763713988503,0.988773400601694,0.9931012000821121,0.08437742214928591,0.06064700288395096,0.4497604358041129,0.3027766864798939,0.12307301070735154,-0.03831989245901283,0.08313067303426534,0.036103192575684895,11.695534107727427,0.9650877515355654,0.9889387011680983,0.993258812250079,0.09432104683641135,0.07724231360576693,0.5283297221254581,0.3580116668555278,0.1364482912839933,-0.03964108475936739,0.09379931110667544,0.040736523219955564,13.056309047132014,0.9665085675667987,0.9878823152227982,0.9926744939688359,0.009131835773587227,0.059642642736434937,0.018075374886393547,ok,
759xd9YjKW5,bbbe225834074bb0a3fb31a3e1e80685,bbbe225834074bb0a3fb31a3e1e80685_i2_0,2,0,/mnt/priorbimda-data/PriorBIMDA-Datasets/Matterport3D/v1/scans/759xd9YjKW5/undistorted_color_images/bbbe225834074bb0a3fb31a3e1e80685_i2_0.jpg,/mnt/priorbimda-data/PriorBIMDA-Datasets/Matterport3D/v1/scans/759xd9YjKW5/undistorted_depth_images/bbbe225834074bb0a3fb31a3e1e80685_d2_0.png,1024,1280,406,504,1.4165615917841592,1216572,0.9281707763671875,-11.796899795532227,-7.980949878692627,1.632390022277832,True,204624,1.0,True,,1.0,204624,1.163423776626587,0.15136718947546485,1.2913027899360392,0.1042844339564733,log-depth Laplacian fallback,,,,0.21660934899127846,0.0617549830968457,0.293316511446055,0.2855517777335088,0.2469552158167146,-0.242900213226973,0.24454866076326193,0.10620613392631491,4.4568655278919245,0.16504325268048253,0.9999416392946738,1.0,0.09094844990767442,0.011893742277142653,0.12538809411154098,0.11518274890481003,0.10180697160123596,-0.09153302373339449,0.09540206853812047,0.041432591928261556,4.456865527292366,0.9951009886796671,1.0,1.0,0.08351819667387714,0.010574974950459854,0.12171078386932344,0.11032834660986625,0.09254694836425519,-0.08399888477706599,0.08720277395015395,0.037871683533208494,3.884745818898974,0.9951840088379479,1.0,1.0,0.0796057983880851,0.009694838057607865,0.11710974937529374,0.1060477960838172,0.08806580479961416,-0.0799604821402327,0.0829596903852857,0.036028935754731824,3.6904027841216345,0.9953007302486002,1.0,1.0,0.02492264896619914,0.004293788967933082,0.0840808502490605,0.03970632227059693,0.04635691639285604,0.012751418113441897,0.023848457049352952,0.01035725329844069,4.4568655280930685,0.9942584573703817,0.9990991079853885,1.0,0.00834352895617485,0.059343235567212105,0.01813550852239132,ok,
759xd9YjKW5,bbbe225834074bb0a3fb31a3e1e80685,bbbe225834074bb0a3fb31a3e1e80685_i2_1,2,1,/mnt/priorbimda-data/PriorBIMDA-Datasets/Matterport3D/v1/scans/759xd9YjKW5/undistorted_color_images/bbbe225834074bb0a3fb31a3e1e80685_i2_1.jpg,/mnt/priorbimda-data/PriorBIMDA-Datasets/Matterport3D/v1/scans/759xd9YjKW5/undistorted_depth_images/bbbe225834074bb0a3fb31a3e1e80685_d2_1.png,1024,1280,406,504,1.4165615917841592,1179739,0.9000694274902343,-11.795499801635742,-7.966469764709473,1.6326500177383423,True,204624,1.0,True,,1.0,204624,0.9817361831665039,-0.018432659301175006,1.033451755410092,0.05133707756762361,log-depth Laplacian fallback,,,,0.04375408520743216,0.00533327250039082,0.09266731133350303,0.06718090540041435,0.05918487179351045,-0.026492984834111822,0.044270701132696336,0.019226521211918052,5.292419865991161,0.9940630936164694,0.9987760004543378,0.999975418291673,0.053501039249680006,0.006587646294458807,0.0992678797064192,0.0792532649929227,0.06942106510351669,-0.044925643910862394,0.05490667983380932,0.023845668071451935,5.2924198617466995,0.9949336251492915,0.9988700890620722,1.0,0.04837597396744373,0.007406757318480869,0.11520010579154744,0.08269111980518669,0.06654948415975748,-0.03190872099552008,0.04928815947211138,0.02140557568190546,5.840091922529874,0.9943851987600647,0.998787867485944,0.9999915235488528,0.049554124000221404,0.00763913497011291,0.11755116825564056,0.0846482364397891,0.06750202472445753,-0.02858141588104314,0.05044842602023824,0.021909473041293887,6.11524816187874,0.9945911765229428,0.9988039727431237,0.9999872853232792,0.038134062263744856,0.006053007975357547,0.11121427883825695,0.07085447382754817,0.05331114125501953,0.006411472303522016,0.037339076775206835,0.01621615500283419,5.292419866954828,0.9929798031598515,0.9985166210492321,0.9998389474282023,0.008472677320241928,0.05827348958700895,0.018150322139263153,ok,
759xd9YjKW5,bbbe225834074bb0a3fb31a3e1e80685,bbbe225834074bb0a3fb31a3e1e80685_i2_2,2,2,/mnt/priorbimda-data/PriorBIMDA-Datasets/Matterport3D/v1/scans/759xd9YjKW5/undistorted_color_images/bbbe225834074bb0a3fb31a3e1e80685_i2_2.jpg,/mnt/priorbimda-data/PriorBIMDA-Datasets/Matterport3D/v1/scans/759xd9YjKW5/undistorted_depth_images/bbbe225834074bb0a3fb31a3e1e80685_d2_2.png,1024,1280,406,504,1.4165615917841592,1239610,0.9457473754882812,-11.782299995422363,-7.960460186004639,1.6331599950790405,True,204624,1.0,True,,1.0,204624,1.0502961874008179,0.04907220763030964,1.0646047817497166,0.013531425708943577,log-depth Laplacian fallback,,,,0.06655900338138701,0.019017865737143633,0.19462475922967085,0.1286116313066325,0.08840759750519947,-0.04890601261085923,0.06675185890466152,0.02898996397907896,7.364852494889377,0.9855381934640733,0.9958962899621655,0.9975500358983874,0.04091327574520982,0.017734055546637987,0.19412366429333355,0.08569746654445505,0.07364871237398846,0.00016619499650659321,0.038589603251286714,0.016759251750869612,7.364852485671126,0.9814401303635821,0.9951767088035753,0.9972725292632361,0.05141827605863179,0.018628696083230558,0.19485097520155517,0.09966042238920443,0.08241977169275247,-0.017680685293029227,0.05029279501879948,0.02184188335615597,8.050100703378996,0.9820306386686135,0.9953549906825534,0.997404022232799,0.05160174769459917,0.01836080665640042,0.19346072430772515,0.09955691563354252,0.0822908990165438,-0.01693562795213956,0.05053410095591246,0.021946681193094626,8.052935220661917,0.9821363170674647,0.9952969078984519,0.9974564580795573,0.040059822214076925,0.01925749218203307,0.20589239588711777,0.09061549905501218,0.0749114775281879,0.013697599604547897,0.03719142283396421,0.016152029710921265,7.364852497185324,0.9807439436596994,0.9945394115891288,0.9971966989617702,0.007388724014163017,0.059649595990777016,0.01816455740481615,ok,
759xd9YjKW5,bbbe225834074bb0a3fb31a3e1e80685,bbbe225834074bb0a3fb31a3e1e80685_i2_3,2,3,/mnt/priorbimda-data/PriorBIMDA-Datasets/Matterport3D/v1/scans/759xd9YjKW5/undistorted_color_images/bbbe225834074bb0a3fb31a3e1e80685_i2_3.jpg,/mnt/priorbimda-data/PriorBIMDA-Datasets/Matterport3D/v1/scans/759xd9YjKW5/undistorted_depth_images/bbbe225834074bb0a3fb31a3e1e80685_d2_3.png,1024,1280,406,504,1.4165615917841592,1257716,0.9595611572265625,-11.770400047302246,-7.9689202308654785,1.633430004119873,True,182352,0.891156462585034,True,,1.0,182352,1.0510658025741577,0.049804699425081325,1.0760163167466286,0.023460926462201034,log-depth Laplacian fallback,,,,0.0734038980916692,0.015949923188977092,0.19876511371781144,0.17093463034191533,0.08452184632010461,-0.06654611488175582,0.07552412111542059,0.03279970905102004,5.211100746966553,0.9889299333076783,0.9992947533465425,1.0,0.032988690061595036,0.008268290979137886,0.13998136083665405,0.07115621745526303,0.05473419484224096,-0.01674141548561938,0.0325068143539979,0.014117530098194712,5.211100740310305,0.9865971332160838,0.998089393790013,1.0,0.037276215412664696,0.009301411994487273,0.14609765169678313,0.07879513510224863,0.06093024956976655,-0.020403492141064877,0.03710657813902145,0.016115182128088854,5.741247966325388,0.9866488141997081,0.9977196759840854,1.0,0.0363524768865743,0.009208100624121961,0.14557533380145835,0.07701094332462786,0.06071479560724026,-0.019387845370040447,0.036187635486208736,0.015716090404786744,5.753605702110948,0.9866678964090463,0.9979804661783741,1.0,0.026418106070225236,0.008671377386710078,0.14627369777527452,0.0635013533812562,0.05254244767560609,0.006719501819312551,0.02526669550403989,0.01097318643333423,5.2111007503636495,0.9857455896243668,0.9970001176736243,1.0,0.008464732207357883,0.060078068636357784,0.018169978633522987,ok,
759xd9YjKW5,bbbe225834074bb0a3fb31a3e1e80685,bbbe225834074bb0a3fb31a3e1e80685_i2_4,2,4,/mnt/priorbimda-data/PriorBIMDA-Datasets/Matterport3D/v1/scans/759xd9YjKW5/undistorted_color_images/bbbe225834074bb0a3fb31a3e1e80685_i2_4.jpg,/mnt/priorbimda-data/PriorBIMDA-Datasets/Matterport3D/v1/scans/759xd9YjKW5/undistorted_depth_images/bbbe225834074bb0a3fb31a3e1e80685_d2_4.png,1024,1280,406,504,1.4165615917841592,1244696,0.949627685546875,-11.77180004119873,-7.983399868011475,1.633180022239685,True,204623,0.9999951129877238,True,,1.0,204623,1.0477352142333984,0.04663089580115852,1.0567513867381615,0.008568576929751444,log-depth Laplacian fallback,,,,0.05733018703069398,0.008962608370132531,0.13652779134441714,0.1125506528406521,0.06995525036156547,-0.05040860175694603,0.05913758239289484,0.025683125706333146,4.850474123277973,0.9965413241466189,0.9999043943260041,1.0,0.033739938831696036,0.005383542213469338,0.110975852243912,0.0720913651532003,0.0486516287726567,-0.00377770599791815,0.03355890790207938,0.014574448520572514,4.850474120769732,0.9947826617905094,0.9999758977292448,1.0,0.038340473206570067,0.006483067264454778,0.11995053480084385,0.07945399927365229,0.05480828817243446,-0.006080487013948891,0.03828900719287977,0.01662870454142161,5.446995621501652,0.9939993379909633,0.9999991965909748,1.0,0.03882886611665092,0.006647159922804535,0.1212328443697459,0.08049206515440827,0.05597112332609828,-0.004723525119353861,0.03883502361775572,0.01686583646177377,5.577145288435775,0.994240360698516,1.0,1.0,0.0333349298701336,0.005700610387753025,0.11570327900369497,0.07396099566744829,0.04874076547503186,0.004790855527507525,0.03286746499593937,0.014274158681884768,4.850474123636377,0.9930585460224826,0.9999967863638993,1.0,0.007975858636200428,0.058801411651074886,0.018068372271955013,ok,
759xd9YjKW5,bbbe225834074bb0a3fb31a3e1e80685,bbbe225834074bb0a3fb31a3e1e80685_i2_5,2,5,/mnt/priorbimda-data/PriorBIMDA-Datasets/Matterport3D/v1/scans/759xd9YjKW5/undistorted_color_images/bbbe225834074bb0a3fb31a3e1e80685_i2_5.jpg,/mnt/priorbimda-data/PriorBIMDA-Datasets/Matterport3D/v1/scans/759xd9YjKW5/undistorted_depth_images/bbbe225834074bb0a3fb31a3e1e80685_d2_5.png,1024,1280,406,504,1.4165615917841592,1255985,0.9582405090332031,-11.785099983215332,-7.989419937133789,1.6326600313186646,True,204624,1.0,True,,1.0,204624,1.1172159910202026,0.11083986846675803,1.1377818546791447,0.018240757016056652,log-depth Laplacian fallback,,,,0.11865265662304113,0.03315762331603657,0.257675182750532,0.23442622223897433,0.1367234125001234,-0.11563624834547535,0.12557563922924875,0.05453680717873621,7.294895197507943,0.986423404738114,0.9969147720713225,0.9992101816502585,0.04593997159582159,0.017684427506148407,0.21146294683989533,0.1070586594224454,0.07310646249149542,-0.00479637990055954,0.044271579826668676,0.01922690282386152,7.294895199980555,0.9840364335561332,0.9957674653757808,0.9981528441820563,0.030451849126664172,0.012288970962389156,0.16685023676282829,0.06657485886145025,0.060991430014657386,-0.003847061995997123,0.029039972643088677,0.012611899873514808,6.086998151167621,0.9853238693137258,0.9959689009024789,0.9983821462835941,0.02887031213319785,0.01195738433882705,0.1648493584835853,0.06357986860830661,0.05989364121997335,-0.0007070099840405686,0.027431465819495383,0.011913334235924498,5.988946815149855,0.9853819910269629,0.9959935827259083,0.9984474336875042,0.042890719738761345,0.020168714705303393,0.23305351326233775,0.11090683768535761,0.07417749636913944,0.013444380442988901,0.04042198775990026,0.017555046231685467,7.294895202878429,0.9833501196272249,0.995648833385749,0.9979744981030825,0.008855801075696945,0.05961387138813734,0.01815366093069315,ok,
759xd9YjKW5,c742bd01328e48a0acc256a1ce2a48fc,c742bd01328e48a0acc256a1ce2a48fc_i0_0,0,0,/mnt/priorbimda-data/PriorBIMDA-Datasets/Matterport3D/v1/scans/759xd9YjKW5/undistorted_color_images/c742bd01328e48a0acc256a1ce2a48fc_i0_0.jpg,/mnt/priorbimda-data/PriorBIMDA-Datasets/Matterport3D/v1/scans/759xd9YjKW5/undistorted_depth_images/c742bd01328e48a0acc256a1ce2a48fc_d0_0.png,1024,1280,406,504,1.4155678118069965,1111235,0.8478050231933594,-10.260700225830078,3.5917398929595947,2.522200107574463,True,123840,0.6052076002814919,True,,1.0,123840,0.8950820565223694,-0.11083988164471818,0.7719568974556785,0.14798668118262143,log-depth Laplacian fallback,,,,0.28662200396199017,0.06313152687234704,0.22017804994854595,0.1901513366960823,0.2644910464610308,0.2412897883155563,0.25103810847902397,0.10902446525987002,10.83270590050573,0.34499633290888065,0.9924030470602527,0.9992656818764708,0.15530593864005948,0.024904796535617255,0.15756354275955486,0.10861640324101135,0.169563940133138,0.13044990654669794,0.14398523539939898,0.06253199320949976,10.832705883311048,0.8831228318042538,0.9924030470602527,0.9924030470602527,0.15132341220690299,0.020990977690938953,0.14655402219545416,0.10159591360874251,0.15935795149858106,0.13050532835741604,0.14166968167737698,0.061526361005474976,9.145116716667498,0.9089706497725504,0.9924030470602527,0.9924354434480556,0.150598829318068,0.02118701995544997,0.14702286126229924,0.10067395939676435,0.1603423626333496,0.1295633559720154,0.14081920818554133,0.06115700506096586,9.44616855879325,0.9038385220047964,0.9924030470602527,0.9924264444514437,0.06653259408418294,0.009287626576840508,0.12648718489020705,0.04728979651066851,0.10973736426762755,-0.017536744508798347,0.06992821100885624,0.0303694361705125,10.832705898545898,0.9924030470602527,0.9924030470602527,0.9924030470602527,0.009842490777373314,0.05893953051418066,0.018109728582203388,ok,
759xd9YjKW5,c742bd01328e48a0acc256a1ce2a48fc,c742bd01328e48a0acc256a1ce2a48fc_i0_4,0,4,/mnt/priorbimda-data/PriorBIMDA-Datasets/Matterport3D/v1/scans/759xd9YjKW5/undistorted_color_images/c742bd01328e48a0acc256a1ce2a48fc_i0_4.jpg,/mnt/priorbimda-data/PriorBIMDA-Datasets/Matterport3D/v1/scans/759xd9YjKW5/undistorted_depth_images/c742bd01328e48a0acc256a1ce2a48fc_d0_4.png,1024,1280,406,504,1.4155678118069965,1157191,0.8828666687011719,-10.237600326538086,3.6018199920654297,2.521899938583374,True,88652,0.4332434123074517,True,,1.0,88652,0.9638060331344604,-0.036865215058559164,0.8711683107781935,0.10105486718792625,log-depth Laplacian fallback,,,,0.15351659791773495,0.050305385233911155,0.3480721241002419,0.2546222037663828,0.16417387702786324,0.07589052242650479,0.14246482787663167,0.061871688612117726,14.558052927569722,0.947502184168387,0.9960179434509947,1.0,0.14317518252971237,0.050145685320401374,0.38601560479398317,0.2877072733131066,0.1507204866762636,0.03902530735802817,0.1375890075574448,0.05975414675274309,14.558052922537815,0.9671151953307622,0.998748694035816,1.0,0.14677346009788633,0.05561100450997322,0.41011264273496106,0.3002039977655145,0.15730905603333623,0.037876660196666787,0.14101924799770815,0.06124388124755089,15.268103262175547,0.9236037957433129,0.9983641421338396,1.0,0.14756336530958009,0.055846924410247176,0.4101753300220009,0.30057182948927225,0.1582144433371484,0.038467120175752094,0.14168402142794828,0.061532588680020074,15.346690439918303,0.9205325654969664,0.9982785901376696,1.0,0.12101592238329602,0.07672796061837807,0.5511679541511529,0.3794935274273993,0.15824460854910224,-0.062029554480387265,0.12867391360196906,0.05588237064223093,14.55805292812994,0.7948419923763665,0.9998297601692374,0.9999939508689577,0.009680084884166718,0.058710167184472084,0.01811374444514513,ok,
759xd9YjKW5,c742bd01328e48a0acc256a1ce2a48fc,c742bd01328e48a0acc256a1ce2a48fc_i0_5,0,5,/mnt/priorbimda-data/PriorBIMDA-Datasets/Matterport3D/v1/scans/759xd9YjKW5/undistorted_color_images/c742bd01328e48a0acc256a1ce2a48fc_i0_5.jpg,/mnt/priorbimda-data/PriorBIMDA-Datasets/Matterport3D/v1/scans/759xd9YjKW5/undistorted_depth_images/c742bd01328e48a0acc256a1ce2a48fc_d0_5.png,1024,1280,406,504,1.4155678118069965,1145999,0.8743278503417968,-10.246199607849121,3.5901100635528564,2.5217299461364746,True,151004,0.7379584017515052,True,,1.0,151004,1.1991831064224243,0.18164058033412792,1.1168140929364632,0.07116050835441026,log-depth Laplacian fallback,,,,0.12343019990942611,0.014251124226507934,0.09915736584847586,0.08013282225517222,0.16088397564999404,-0.10639131212942589,0.13394475033740016,0.05817146595144164,12.068364563737271,0.8078113506207248,1.0,1.0,0.12326413274701735,0.014827570114552512,0.09418402403713667,0.07356675733440617,0.14222163936097432,0.07524926825451687,0.11407222002411363,0.049540935694926194,12.068364565956234,0.8816752894199733,1.0,1.0,0.12905396908185493,0.01503797977099085,0.09383831012032959,0.07554398993439577,0.14506739547234396,0.10167146575560357,0.11825826096018094,0.05135891017448135,10.347686833411888,0.8971386536986506,1.0,1.0,0.1303585897229781,0.015539256228510835,0.09516160066314033,0.07595070879496553,0.1474464842485075,0.10580957212140159,0.11898668885677532,0.05167526239043666,10.268787739909364,0.8822302637262336,1.0,1.0,0.10159414653483115,0.009752222005375377,0.0792399702082369,0.06354373248048505,0.12075289066107496,0.004088798884549925,0.10024056483940595,0.043533924172619136,12.068364564715148,0.9572233483624332,1.0,1.0,0.01016580406576395,0.05849735625088215,0.01808072905987501,ok,
759xd9YjKW5,c742bd01328e48a0acc256a1ce2a48fc,c742bd01328e48a0acc256a1ce2a48fc_i1_0,1,0,/mnt/priorbimda-data/PriorBIMDA-Datasets/Matterport3D/v1/scans/759xd9YjKW5/undistorted_color_images/c742bd01328e48a0acc256a1ce2a48fc_i1_0.jpg,/mnt/priorbimda-data/PriorBIMDA-Datasets/Matterport3D/v1/scans/759xd9YjKW5/undistorted_depth_images/c742bd01328e48a0acc256a1ce2a48fc_d1_0.png,1024,1280,406,504,1.4121168655554452,1245906,0.9505508422851563,-10.253199577331543,3.5994300842285156,2.5555500984191895,True,200102,0.9779009304871373,True,,1.0,200102,0.8722155690193176,-0.13671867344693628,0.8347656819611298,0.04388554047145163,log-depth Laplacian fallback,,,,0.18993995994692042,0.04548874554677165,0.2920186532687247,0.20950096308307348,0.18380139803359818,0.15234180715145934,0.17348855783061737,0.07534512333919036,10.283446753366675,0.8826645027795035,0.9955702918197681,0.9995489226314024,0.07354068686294761,0.030975729819129872,0.37358865608699693,0.15061309293710914,0.10401447012449265,0.0156231336281188,0.07445280891832577,0.0323344440754261,10.28344674266217,0.9353787524901558,0.9969074713501661,0.9995328700560074,0.06646641381164578,0.021878760810656286,0.2983223385724519,0.12292478042055141,0.08874228041871425,0.027211949549565177,0.06600487815695195,0.028665554362260693,8.446716602103823,0.9656113703602037,0.996856905737672,0.9995697909794158,0.06673023476231771,0.022265509904570085,0.30481506367910643,0.12474073620520279,0.0894856938400081,0.026358887297506368,0.06644664959042028,0.02885741325807847,8.551548668203333,0.9624787102718825,0.9968593136239813,0.9995617646917183,0.056077033342171206,0.03619974540848371,0.41699862957334843,0.15238771545523846,0.10664751271529098,-0.028262417872669775,0.059743440280665895,0.02594624644380966,10.28344674919297,0.9180451815787066,0.9972116676539,0.9993627127568211,0.008328412659466267,0.05817398056387901,0.018069368787109852,ok,
759xd9YjKW5,c742bd01328e48a0acc256a1ce2a48fc,c742bd01328e48a0acc256a1ce2a48fc_i1_1,1,1,/mnt/priorbimda-data/PriorBIMDA-Datasets/Matterport3D/v1/scans/759xd9YjKW5/undistorted_color_images/c742bd01328e48a0acc256a1ce2a48fc_i1_1.jpg,/mnt/priorbimda-data/PriorBIMDA-Datasets/Matterport3D/v1/scans/759xd9YjKW5/undistorted_depth_images/c742bd01328e48a0acc256a1ce2a48fc_d1_1.png,1024,1280,406,504,1.4121168655554452,584083,0.4456199645996094,-10.254599571228027,3.6026298999786377,2.5557000637054443,True,178692,0.8732699976542341,True,,1.0,178692,0.6570981740951538,-0.41992184381425013,0.5092895599579208,0.25481670029379144,log-depth Laplacian fallback,,,,1.0014235608306994,0.6140194467520197,0.611806038915762,0.6113909920878625,0.6942036914504297,0.6930523269204457,0.6930523269204457,0.300988801251758,3.9965452250149633,0.0,0.0,0.42009611647659667,0.3151317674741655,0.06164048397553168,0.19308138941200206,0.1916609587481367,0.27603894327720646,0.27313048314950245,0.27313048314950245,0.11861906167139798,3.996545233218496,0.0,1.0,1.0,0.1873397545663756,0.03242834748282762,0.14092254706588808,0.1142173188667332,0.1977423626878992,0.16571660609620956,0.16571660609620956,0.07196980758731858,10.788905628165622,0.7636192116531383,1.0,1.0,0.145029277665109,0.02837219753379298,0.1321990001935972,0.08852012951961284,0.18178204259364486,0.1265760539319428,0.12657606267343582,0.05497128556011334,13.047303775315273,0.7721368367166995,1.0,1.0,0.03238855936871284,0.001198873796787344,0.026292365388649267,0.019056031181637487,0.04396171305923775,0.018313788142381333,0.03151015421815855,0.013684686100866742,3.996545231795492,1.0,1.0,1.0,0.008226343430578709,0.0582339558750391,0.01809760183095932,ok,
759xd9YjKW5,c742bd01328e48a0acc256a1ce2a48fc,c742bd01328e48a0acc256a1ce2a48fc_i1_2,1,2,/mnt/priorbimda-data/PriorBIMDA-Datasets/Matterport3D/v1/scans/759xd9YjKW5/undistorted_color_images/c742bd01328e48a0acc256a1ce2a48fc_i1_2.jpg,/mnt/priorbimda-data/PriorBIMDA-Datasets/Matterport3D/v1/scans/759xd9YjKW5/undistorted_depth_images/c742bd01328e48a0acc256a1ce2a48fc_d1_2.png,1024,1280,406,504,1.4121168655554452,1302144,0.99345703125,-10.2524995803833,3.605449914932251,2.5557401180267334,True,137627,0.6725848385331143,True,,1.0,137627,0.9616906046867371,-0.03906249679594273,0.9554676783593716,0.006491846017443556,log-depth Laplacian fallback,,,,0.1085609964523141,0.025244798374640554,0.179202602544872,0.10861886754631264,0.14241459130494785,0.082330448247952,0.09884852566084336,0.04292936923877623,11.620504768660709,0.8279990538680821,0.9953876069006193,0.9996966541334906,0.09742060905299595,0.019925289422471095,0.17151865688102713,0.1080593993318057,0.12399890629231353,0.04326795147411604,0.0916829231380322,0.03981738760360734,11.620504781171725,0.9031996461220879,0.9965080666961565,0.9999162919001278,0.0709239042615276,0.014542565745504873,0.156795615604287,0.0817889049440508,0.09763825165500654,0.0527424269442189,0.06733757982886883,0.029244339344397442,8.216729633059689,0.9604605942199941,0.9956156922736655,0.9997795942691439,0.06944905397419754,0.014218791069396034,0.15596085730853024,0.08056050523183415,0.09603041826589435,0.05231452539560655,0.06602579053130737,0.028674636491046773,8.052969430561035,0.9613698638553032,0.9956732895900914,0.9997711466627347,0.09668583966074028,0.019459193619989976,0.1717949097061703,0.10946303339224467,0.12188558887820532,0.036776129061670784,0.09157809089155884,0.039771859537438434,11.620504768479819,0.9146737995183328,0.9968782254497198,0.9999270433991939,0.00961633026599884,0.05781246908009052,0.018114756792783737,ok,
759xd9YjKW5,c742bd01328e48a0acc256a1ce2a48fc,c742bd01328e48a0acc256a1ce2a48fc_i1_3,1,3,/mnt/priorbimda-data/PriorBIMDA-Datasets/Matterport3D/v1/scans/759xd9YjKW5/undistorted_color_images/c742bd01328e48a0acc256a1ce2a48fc_i1_3.jpg,/mnt/priorbimda-data/PriorBIMDA-Datasets/Matterport3D/v1/scans/759xd9YjKW5/undistorted_depth_images/c742bd01328e48a0acc256a1ce2a48fc_d1_3.png,1024,1280,406,504,1.4121168655554452,1286687,0.9816642761230469,-10.24899959564209,3.60506010055542,2.5556299686431885,True,161711,0.7902836421925092,True,,1.0,161711,0.9593455791473389,-0.04150391536362044,1.024246632888556,0.06546126541087681,log-depth Laplacian fallback,,,,0.11128174075965117,0.10327898342673696,0.48490727568645703,0.24865972172096648,0.17374719549096806,0.016684601032992886,0.09769997222028053,0.0424305588173688,17.294424543576618,0.8967829783000839,0.9517784822571457,0.9837489614801425,0.12999604962956837,0.09655579908834887,0.4805897301843912,0.2981086224234515,0.1747160851368268,-0.024819314290213983,0.1213944168050392,0.0527209253522919,17.29442454772708,0.8727926838461879,0.9614599354777036,0.9881874923738252,0.12472386878254722,0.09728933786704462,0.4824621758440963,0.28749411292862537,0.17342551334426473,-0.019214449998731183,0.11553760520346666,0.05017734439218198,17.235780687270307,0.8712849356525713,0.9602848245144312,0.9876574489366878,0.12337529433286756,0.0966964351982523,0.4812068435657943,0.2846395503516129,0.1725579799002651,-0.017562633147593768,0.11418273087282989,0.04958892994671409,17.166190708536167,0.8719323347480779,0.9604806763416434,0.9877895712010769,0.10882462256934934,0.11105724921178244,0.49653500816633517,0.23732452107297508,0.1776554966665409,0.04064189306857654,0.0926255224039115,0.04022675326342482,17.29442454192614,0.8941529680489505,0.9459549991567491,0.9818774884645606,0.010778432711958885,0.062397475354373455,0.018061500042676926,ok,
759xd9YjKW5,c742bd01328e48a0acc256a1ce2a48fc,c742bd01328e48a0acc256a1ce2a48fc_i1_4,1,4,/mnt/priorbimda-data/PriorBIMDA-Datasets/Matterport3D/v1/scans/759xd9YjKW5/undistorted_color_images/c742bd01328e48a0acc256a1ce2a48fc_i1_4.jpg,/mnt/priorbimda-data/PriorBIMDA-Datasets/Matterport3D/v1/scans/759xd9YjKW5/undistorted_depth_images/c742bd01328e48a0acc256a1ce2a48fc_d1_4.png,1024,1280,406,504,1.4121168655554452,1225740,0.9351654052734375,-10.247599601745605,3.6018500328063965,2.5554699897766113,True,204624,1.0,True,,1.0,204624,0.9788642525672913,-0.02136230534325004,1.4011147414929737,0.3586304690539963,log-depth Laplacian fallback,,,,0.2797775447022077,0.19556715492147753,0.7235413676675382,0.6781163749282444,0.3395890093671545,-0.32466707227937325,0.33014717785007525,0.14338109755621914,9.955896474203403,0.07288821446636318,0.9626723448692218,0.997523128885408,0.2942700351568203,0.21581908360262916,0.7627680399703688,0.7155743072998748,0.3600671015640577,-0.3460293776173468,0.35077166783944774,0.15233819975067242,9.955896471183816,0.06948700376915169,0.9496451123403006,0.9955047563104736,0.2926495104116486,0.2094531900203265,0.7457028242743232,0.7025068523599611,0.35918193304258156,-0.3437922316916855,0.3487921922361106,0.15147852441908094,10.401231875434743,0.07104116696852514,0.9080751219671382,0.996510679263139,0.2924116778295279,0.20971284088263992,0.7467152395507191,0.7031367977697042,0.35852419222899223,-0.3433904462047672,0.3483718131897964,0.1512959561189591,10.306598793366426,0.07101342862270954,0.9205541142493514,0.9964429650660009,0.05277138157573747,0.05090088971015035,0.4632404512478835,0.17493164442057887,0.10035324738845011,0.012601063395669663,0.04959022832317246,0.02153676251707616,9.95589647530838,0.9547489679703689,0.9864612397408912,0.9985257885032714,0.008925213478505611,0.058994571678340435,0.018087612465023994,ok,
759xd9YjKW5,c742bd01328e48a0acc256a1ce2a48fc,c742bd01328e48a0acc256a1ce2a48fc_i1_5,1,5,/mnt/priorbimda-data/PriorBIMDA-Datasets/Matterport3D/v1/scans/759xd9YjKW5/undistorted_color_images/c742bd01328e48a0acc256a1ce2a48fc_i1_5.jpg,/mnt/priorbimda-data/PriorBIMDA-Datasets/Matterport3D/v1/scans/759xd9YjKW5/undistorted_depth_images/c742bd01328e48a0acc256a1ce2a48fc_d1_5.png,1024,1280,406,504,1.4121168655554452,1104340,0.8425445556640625,-10.249699592590332,3.5990400314331055,2.5554299354553223,True,204624,1.0,True,,1.0,204624,0.8603718280792236,-0.15039062494281646,1.026134079974086,0.17618904538916588,log-depth Laplacian fallback,,,,0.13734623555245568,0.056709078896035374,0.42769492225482797,0.2737419470385545,0.1669294052185463,0.03677680545207629,0.13165478034904252,0.05717694462177389,16.28278013957007,0.8168335838600431,0.9932448340185088,0.9986145571110346,0.14433226843578592,0.12574020946506895,0.7823107653434807,0.5885107776405029,0.1985472055342469,-0.11361381943235054,0.15962594622395374,0.06932466761364832,16.282780124859432,0.8370746328123585,0.9550446420486445,0.9977552203125849,0.09704507166143062,0.06667183592689852,0.5452914459130102,0.3671889322385056,0.15021318874638856,-0.07014332090532582,0.10489280266791501,0.045554365390042185,13.2830405426358,0.9062752413206078,0.9724586630928881,0.9981047503486246,0.097247481779775,0.06731134968801941,0.5496869513447964,0.3681359192853728,0.15137294021104358,-0.069619149881357,0.10528068965965694,0.04572282257015775,13.441332150472785,0.9021750547838528,0.9726660267671188,0.9979680170961841,0.13857359247146706,0.057563623395231245,0.40924614331955356,0.22588346027608155,0.17443783504327878,0.06257527787056179,0.1293305707258743,0.056167553207645424,16.28278013547076,0.7009535106941702,0.9949010268576707,0.998574714308999,0.010709503665566444,0.059636582620441914,0.018155104480683804,ok,
759xd9YjKW5,c742bd01328e48a0acc256a1ce2a48fc,c742bd01328e48a0acc256a1ce2a48fc_i2_0,2,0,/mnt/priorbimda-data/PriorBIMDA-Datasets/Matterport3D/v1/scans/759xd9YjKW5/undistorted_color_images/c742bd01328e48a0acc256a1ce2a48fc_i2_0.jpg,/mnt/priorbimda-data/PriorBIMDA-Datasets/Matterport3D/v1/scans/759xd9YjKW5/undistorted_depth_images/c742bd01328e48a0acc256a1ce2a48fc_d2_0.png,1024,1280,406,504,1.4165615917841592,1195869,0.9123756408691406,-10.25879955291748,3.5893399715423584,2.588629961013794,True,204624,1.0,True,,1.0,204624,1.0405974388122559,0.039795008610471985,1.0203130681057084,0.019685498892119607,log-depth Laplacian fallback,,,,0.04759630769999019,0.015072260854057577,0.20494630534955446,0.11519669123607172,0.07568399303247238,-0.03336940658379014,0.0491567707788312,0.0213485142974294,6.793047552891876,0.9948238477625894,0.9989087433489788,0.9995267040118943,0.05023375901581853,0.012850107837178508,0.1946450644583296,0.10503990249731464,0.06823370025504356,0.006425602123064572,0.04993997635779442,0.021688656158568978,6.793047539838951,0.9944283194898438,0.9988368291175705,0.9993510994933391,0.036412533401496194,0.011616240810904142,0.18836767471631283,0.08900249688925578,0.06017125027188287,-0.001700628247716729,0.036305492413851524,0.01576727501811609,6.0147212926657145,0.9944057417660296,0.9988234497256806,0.9993452460093873,0.034295370020112785,0.010707331770437306,0.1787894953700133,0.08314959974832076,0.05791215181981,-0.0017372222983475136,0.03419516757389992,0.014850772585101738,5.788608975467981,0.9945177941731076,0.9988359929055775,0.9993536081293185,0.045450925832593275,0.013261835329033642,0.19510726126054015,0.10511584348895239,0.0692125386053769,-0.013259939569503831,0.04608625389607299,0.02001500575865676,6.793047550852191,0.9946524243039998,0.9988711138092885,0.9994037808489057,0.010149103589355946,0.05741849448531866,0.018095755018293858,ok,
759xd9YjKW5,c742bd01328e48a0acc256a1ce2a48fc,c742bd01328e48a0acc256a1ce2a48fc_i2_1,2,1,/mnt/priorbimda-data/PriorBIMDA-Datasets/Matterport3D/v1/scans/759xd9YjKW5/undistorted_color_images/c742bd01328e48a0acc256a1ce2a48fc_i2_1.jpg,/mnt/priorbimda-data/PriorBIMDA-Datasets/Matterport3D/v1/scans/759xd9YjKW5/undistorted_depth_images/c742bd01328e48a0acc256a1ce2a48fc_d2_1.png,1024,1280,406,504,1.4165615917841592,975782,0.7444625854492187,-10.264599800109863,3.6026699542999268,2.589279890060425,True,204624,1.0,True,,1.0,204624,0.7008448839187622,-0.3554686947231254,0.65589805166855,0.06628121643400359,log-depth Laplacian fallback,,,,0.5138582820590508,0.23910998040057385,0.4321366026758025,0.41604696232600613,0.43060813931443914,0.4035473677137841,0.4035473677137841,0.17525839498467896,15.024277571690215,0.15857947779319562,0.5523180382503469,0.9914796542670391,0.14257194553336824,0.022404020601183405,0.13829470968584337,0.11998826848436614,0.15774806000744312,0.0480786730723233,0.13645153224086723,0.059260147499452305,15.024277563901878,0.833681088603807,1.0,1.0,0.05799028497573188,0.0045231963059430185,0.06534740631749607,0.051468906394725164,0.07143789972015292,-0.009153076491674362,0.05794846905525561,0.025166700345438848,7.084909813938483,0.9967574724682358,1.0,1.0,0.04470092030771293,0.003171482500129373,0.055950466305054083,0.04037910890982231,0.05917220105297185,-0.007191478424585443,0.04482874614038317,0.019468877079410113,5.873356804691883,0.9991575987259449,1.0,1.0,0.12532678277022513,0.020136879229166377,0.14247318387687902,0.11497612002966628,0.15134141927303552,-0.01820256952629019,0.12798776786814878,0.05558438133625132,15.024277570058835,0.8573451857074633,1.0,1.0,0.010522405616939068,0.058606747537851334,0.018093017861247063,ok,
759xd9YjKW5,c742bd01328e48a0acc256a1ce2a48fc,c742bd01328e48a0acc256a1ce2a48fc_i2_2,2,2,/mnt/priorbimda-data/PriorBIMDA-Datasets/Matterport3D/v1/scans/759xd9YjKW5/undistorted_color_images/c742bd01328e48a0acc256a1ce2a48fc_i2_2.jpg,/mnt/priorbimda-data/PriorBIMDA-Datasets/Matterport3D/v1/scans/759xd9YjKW5/undistorted_depth_images/c742bd01328e48a0acc256a1ce2a48fc_d2_2.png,1024,1280,406,504,1.4165615917841592,1223720,0.933624267578125,-10.255999565124512,3.614370107650757,2.589449882507324,True,204624,1.0,True,,1.0,204624,1.148747205734253,0.13867196224454276,1.1242521377789263,0.02155391406205935,log-depth Laplacian fallback,,,,0.11218286813148856,0.01793824822157471,0.15575377040393026,0.14285970249836463,0.12646932556485782,-0.11980678394700749,0.11980678394700749,0.05203142516276046,4.050709603396753,1.0,1.0,1.0,0.03834511149074437,0.0025437069173234296,0.05707911421478853,0.04703966711844436,0.0446846705531003,0.018865178171193837,0.03773902799331547,0.01638985160988926,4.0507096106833185,1.0,1.0,1.0,0.04486751471343386,0.0030155625212180976,0.05959784827736829,0.05167305619907851,0.05081420692439998,0.04117903997141373,0.043568097487406546,0.018921384325803575,2.9771971590548882,1.0,1.0,1.0,0.038769831019487104,0.0022629563478494307,0.052170904707941904,0.045195796579396284,0.04373623528004655,0.03456092523859518,0.03783465999345337,0.016431384059842537,2.6802998398011795,1.0,1.0,1.0,0.03314969672413749,0.0020843371714311435,0.052715112304475086,0.04210383919481788,0.04059623627712347,-0.0026887863143359235,0.033300190174866955,0.014462088839273619,4.050709602062182,1.0,1.0,1.0,0.011804047971963882,0.0591035857796669,0.018124681897461414,ok,
759xd9YjKW5,c742bd01328e48a0acc256a1ce2a48fc,c742bd01328e48a0acc256a1ce2a48fc_i2_3,2,3,/mnt/priorbimda-data/PriorBIMDA-Datasets/Matterport3D/v1/scans/759xd9YjKW5/undistorted_color_images/c742bd01328e48a0acc256a1ce2a48fc_i2_3.jpg,/mnt/priorbimda-data/PriorBIMDA-Datasets/Matterport3D/v1/scans/759xd9YjKW5/undistorted_depth_images/c742bd01328e48a0acc256a1ce2a48fc_d2_3.png,1024,1280,406,504,1.4165615917841592,1180254,0.9004623413085937,-10.241499900817871,3.6127400398254395,2.588979959487915,True,204624,1.0,True,,1.0,204624,0.9528099298477173,-0.04833983924082166,1.0569499976792367,0.10372723912466242,log-depth Laplacian fallback,,,,0.11328578100902094,0.0785497535112936,0.2800981867544794,0.14793245407187408,0.18634243469894893,-0.029489053524899733,0.09910435895470039,0.04304047622658549,18.39942898345969,0.9348479225658206,0.9728329664631512,0.9810727182453947,0.14246167526432918,0.0800750859442603,0.3046612065116234,0.20570999490924005,0.19977796477523319,-0.07782889261238256,0.1344387690346801,0.05838601554562735,18.39942898148324,0.9355723429024599,0.95617299327094,0.9825029188632277,0.13562165849405156,0.07867689599506168,0.29809842990873486,0.19384877592217187,0.1954855539963712,-0.06876033218606896,0.12634842952592404,0.054872425740250724,18.29934931600837,0.93611120995989,0.9586402587917516,0.9822461944632257,0.13321269006730954,0.07506330018323576,0.29475664901310245,0.19296215607447337,0.19261459048231036,-0.06785032887497303,0.12471475744207779,0.05416293096899693,18.026844798307366,0.9359010856985022,0.9576997832669917,0.9831493898770942,0.09832766927272313,0.08625266804192185,0.28054053459685174,0.11547682524699268,0.18580802411109865,0.025898323125831315,0.07844248636104373,0.03406713897337241,18.399428981177827,0.9268987861934804,0.9726313149542387,0.9792892038493409,0.013620838522911072,0.05871641356498003,0.018094991333782673,ok,
759xd9YjKW5,c742bd01328e48a0acc256a1ce2a48fc,c742bd01328e48a0acc256a1ce2a48fc_i2_4,2,4,/mnt/priorbimda-data/PriorBIMDA-Datasets/Matterport3D/v1/scans/759xd9YjKW5/undistorted_color_images/c742bd01328e48a0acc256a1ce2a48fc_i2_4.jpg,/mnt/priorbimda-data/PriorBIMDA-Datasets/Matterport3D/v1/scans/759xd9YjKW5/undistorted_depth_images/c742bd01328e48a0acc256a1ce2a48fc_d2_4.png,1024,1280,406,504,1.4165615917841592,1169128,0.891973876953125,-10.235699653625488,3.5994200706481934,2.588330030441284,True,204624,1.0,True,,1.0,204624,0.8807749152183533,-0.1269531735224124,1.3092015224102804,0.3963706000220176,log-depth Laplacian fallback,,,,0.25966580838783065,0.19110116807304747,0.7225858933007924,0.6767371095511853,0.29940610675621104,-0.24574421145235242,0.282534037407235,0.12270297339580917,17.103742076099355,0.10511509432671187,0.9794898420019023,0.9857252584832457,0.3412596540428686,0.31953753685186126,0.9845298062236679,0.9215679074971787,0.410069677091192,-0.3726973850322452,0.40237219762212495,0.17474802509857354,17.103742064180246,0.0168467438980163,0.8887452870857596,0.9900199122765001,0.34023416611855095,0.3145802504581626,0.973659392960483,0.9135548392842521,0.41019327752679985,-0.37320589355977235,0.40182681578352525,0.17451116877553954,17.02230476182063,0.01419690572802978,0.7994915868921111,0.990467254227082,0.34026025886963573,0.3160957182788847,0.9775929956200744,0.91664397588009,0.4112044127320176,-0.37480062364520156,0.40269007165787746,0.1748860760382412,16.915543610966644,0.013609288290076023,0.7904985596102394,0.9907460945251504,0.07793097449924999,0.08745569751879653,0.3071379547473494,0.12543006767518405,0.17266794389189238,0.023673181862210617,0.05674154400689168,0.024642539456863587,17.103742078379337,0.9663176316023566,0.9752259803888026,0.979092109674903,0.01108766719698906,0.059397472999989986,0.018146196380257607,ok,
759xd9YjKW5,c742bd01328e48a0acc256a1ce2a48fc,c742bd01328e48a0acc256a1ce2a48fc_i2_5,2,5,/mnt/priorbimda-data/PriorBIMDA-Datasets/Matterport3D/v1/scans/759xd9YjKW5/undistorted_color_images/c742bd01328e48a0acc256a1ce2a48fc_i2_5.jpg,/mnt/priorbimda-data/PriorBIMDA-Datasets/Matterport3D/v1/scans/759xd9YjKW5/undistorted_depth_images/c742bd01328e48a0acc256a1ce2a48fc_d2_5.png,1024,1280,406,504,1.4165615917841592,1227429,0.9364540100097656,-10.24429988861084,3.5877199172973633,2.5881600379943848,True,204624,1.0,True,,1.0,204624,1.0380598306655884,0.03735342341549352,1.1551653634871402,0.10689008216048992,log-depth Laplacian fallback,,,,0.14493718507220976,0.08125384465060448,0.5462203850449521,0.5196836744298414,0.16510996508365022,-0.13317289492160916,0.15286742059793318,0.06638947722846586,9.760266711582343,0.9714411179791255,0.9929633404457611,0.9963028411419317,0.11651596275019246,0.05443841341912844,0.4251820862038727,0.4014830176366474,0.1367759179925618,-0.09581947148064247,0.11956271355400615,0.05192542673788401,9.760266711457396,0.9776353662818786,0.992161664748022,0.9956551458373559,0.09887882973615447,0.04391441901647063,0.37352060837024215,0.333013883645318,0.12358337293750805,-0.07672139149407527,0.10032046858498672,0.04356862592840822,9.688487061365171,0.9792753796757288,0.9915864787291159,0.9956665517924052,0.09695890586110255,0.043433314005869784,0.3721979363198458,0.32471072463481804,0.12310357617157162,-0.07460171249642983,0.09839134551616828,0.04273081842470818,9.792382222334851,0.9824739353559351,0.9917811946760261,0.9958229763187931,0.04656112611956953,0.02418032567495653,0.19531551568532982,0.10806559954973019,0.09822849950286294,0.01107056840816968,0.041375687374504734,0.017969232711701456,9.760266712392639,0.9692430274989429,0.9893338026069125,0.9943923436712022,0.011159989982843399,0.058309209533035755,0.01819580513983965,ok,
759xd9YjKW5,ca660fbd1a384380a372ad79f760e1d9,ca660fbd1a384380a372ad79f760e1d9_i0_0,0,0,/mnt/priorbimda-data/PriorBIMDA-Datasets/Matterport3D/v1/scans/759xd9YjKW5/undistorted_color_images/ca660fbd1a384380a372ad79f760e1d9_i0_0.jpg,/mnt/priorbimda-data/PriorBIMDA-Datasets/Matterport3D/v1/scans/759xd9YjKW5/undistorted_depth_images/ca660fbd1a384380a372ad79f760e1d9_d0_0.png,1024,1280,406,504,1.4155678118069965,927519,0.7076408386230468,-10.326499938964844,0.5419920086860657,1.5846400260925293,True,204624,1.0,True,,1.0,204624,1.0233395099639893,0.023071308708209996,1.003111795498234,0.01996434482485067,log-depth Laplacian fallback,,,,0.08515619538260531,0.046432463700678744,0.49317193543626936,0.20355874395150036,0.1347976618633699,-0.04050333791190536,0.0913714892134408,0.03968213356867983,12.856861693984817,0.960059039221838,0.9866310016290771,0.992702036292518,0.08834258351794058,0.04588105948357719,0.4864912701234206,0.21553123691723267,0.12974499948704685,-0.017432029383929466,0.09256285717389647,0.04019953809982204,12.856861686839292,0.9599792564896245,0.9865975791331498,0.9933424544402863,0.052519906816535844,0.03678166491257907,0.47159041130381685,0.1506697963945527,0.10677563954020029,-0.016080570454247343,0.05635466596901309,0.024474520459843344,10.555781568924573,0.9602024325108165,0.9866062042933892,0.9930664493126287,0.048291524772240135,0.03612068677969049,0.4692513828224521,0.1439337028299304,0.10503001979025343,-0.012975165076357851,0.052031403305654776,0.0225969513413285,10.422547744377232,0.960258496052372,0.9866062042933892,0.9932939379139403,0.08538838503257576,0.046238972883423726,0.49202136416935444,0.20477489471762259,0.1338968811704743,-0.03739633035574805,0.09133875460292333,0.03966791710796484,12.856861694482005,0.9600579610768081,0.9866277671939874,0.9927473183837744,0.007751813158392906,0.05801588948816061,0.018119567073881626,ok,
759xd9YjKW5,ca660fbd1a384380a372ad79f760e1d9,ca660fbd1a384380a372ad79f760e1d9_i0_1,0,1,/mnt/priorbimda-data/PriorBIMDA-Datasets/Matterport3D/v1/scans/759xd9YjKW5/undistorted_color_images/ca660fbd1a384380a372ad79f760e1d9_i0_1.jpg,/mnt/priorbimda-data/PriorBIMDA-Datasets/Matterport3D/v1/scans/759xd9YjKW5/undistorted_depth_images/ca660fbd1a384380a372ad79f760e1d9_d0_1.png,1024,1280,406,504,1.4155678118069965,621809,0.47440261840820314,-10.333600044250488,0.5546960234642029,1.5849699974060059,True,204624,1.0,True,,1.0,204624,1.0151278972625732,0.015014611710760484,0.9892411154683971,0.025831791545887467,log-depth Laplacian fallback,,,,0.049122329157057484,0.00588334576003075,0.09220241999466051,0.07323838776176914,0.0613257922516903,0.007154629825700119,0.04829353158402132,0.02097361427856086,6.0907011643608655,0.9949936395259638,0.9977919264597328,0.9998134475377487,0.05215081446667399,0.007306144442565759,0.10684334477292717,0.08224713158246792,0.0648161963633172,0.02216924157066257,0.05056350771945794,0.021959452388233065,6.090701141239571,0.994943784988638,0.9977597622421033,0.9996204622319715,0.049353525202776784,0.007604555751401693,0.094790255764478,0.0661212054064946,0.06988532151473847,0.044653414611197095,0.0466754190813119,0.020270876947535515,5.375900600623954,0.994400209710699,0.9962480440135154,0.9980379827245988,0.05299995739324205,0.007938435912562413,0.09358892058344412,0.06732820654136105,0.07510295490887009,0.04874201019731039,0.049931633858399056,0.0216850330571163,5.713729323278329,0.9944420231936173,0.9968913283661059,0.998156990329828,0.048205634249541364,0.0053086296950921015,0.0845278781960421,0.06845416903693062,0.06101703277531792,-0.003662542217267507,0.04790226290915897,0.020803688452126552,6.090701169168419,0.9950225873218304,0.9978112249903105,0.9999421044082668,0.008574888110160828,0.058451974764466286,0.018112173303961754,ok,
759xd9YjKW5,ca660fbd1a384380a372ad79f760e1d9,ca660fbd1a384380a372ad79f760e1d9_i0_2,0,2,/mnt/priorbimda-data/PriorBIMDA-Datasets/Matterport3D/v1/scans/759xd9YjKW5/undistorted_color_images/ca660fbd1a384380a372ad79f760e1d9_i0_2.jpg,/mnt/priorbimda-data/PriorBIMDA-Datasets/Matterport3D/v1/scans/759xd9YjKW5/undistorted_depth_images/ca660fbd1a384380a372ad79f760e1d9_d0_2.png,1024,1280,406,504,1.4155678118069965,1100629,0.8397132873535156,-10.32610034942627,0.5671870112419128,1.5850800275802612,True,196015,0.9579277113144108,True,,1.0,196015,0.9737396240234375,-0.026611337542333826,0.9915185047542491,0.01809366973897883,log-depth Laplacian fallback,,,,0.10237093130014306,0.037082696304067124,0.294670973080564,0.18244141052730203,0.13128434390501598,0.0014379507707996235,0.09980298764851422,0.04334388681320813,13.127646876783084,0.98064379550239,0.9944613489195724,0.9963066573750101,0.10010629366953262,0.035109497281345756,0.2917421524646795,0.17420296586624567,0.13366828602317343,-0.025173386769533707,0.100226777649458,0.04352793647210382,13.12764689002731,0.9751850987026509,0.993554594690854,0.9964592973654156,0.06725966457212146,0.026646308859316497,0.28763743065002184,0.12585204786629034,0.1070785080662944,-0.03262700733490791,0.06702798961009329,0.029109886020731994,10.198669169098164,0.9785940584883734,0.9853229380654154,0.9965665087872481,0.06532246880229363,0.025528617691107723,0.28367203671504926,0.12292212741385361,0.10471341823117067,-0.030473855236467968,0.06511449173399643,0.028278864452009552,10.018105661592344,0.9780143899533812,0.9861679094408743,0.9967136973494247,0.1013670649568839,0.03617633917386562,0.2928319588529362,0.17933148138879199,0.1314672344998171,-0.007079724353819852,0.099666603299051,0.0432846558428183,13.127646876003265,0.9823173839686216,0.9942233032202495,0.9963611716572978,0.008462008088827133,0.057142396457493305,0.01807340607047081,ok,
759xd9YjKW5,ca660fbd1a384380a372ad79f760e1d9,ca660fbd1a384380a372ad79f760e1d9_i0_3,0,3,/mnt/priorbimda-data/PriorBIMDA-Datasets/Matterport3D/v1/scans/759xd9YjKW5/undistorted_color_images/ca660fbd1a384380a372ad79f760e1d9_i0_3.jpg,/mnt/priorbimda-data/PriorBIMDA-Datasets/Matterport3D/v1/scans/759xd9YjKW5/undistorted_depth_images/ca660fbd1a384380a372ad79f760e1d9_d0_3.png,1024,1280,406,504,1.4155678118069965,1217708,0.9290374755859375,-10.311599731445312,0.5669749975204468,1.5848599672317505,True,190598,0.9314547658143717,True,,1.0,190598,1.0077201128005981,0.007690465220448699,1.0206714220409465,0.012770202422572458,log-depth Laplacian fallback,,,,0.0924929139323951,0.025899707657953505,0.29462464627535845,0.19751620443355578,0.10869269092803191,-0.02064374530373275,0.09384344732926586,0.04075569133787867,10.671427665036804,0.9922772947209019,0.9997873053309989,0.9999384088796329,0.09272684362397189,0.026021998319667512,0.2922675897212815,0.1985241905338236,0.10749755496841695,-0.012953280027277195,0.09336539732443783,0.040548076858707975,10.67142767427244,0.9929474061104961,0.9997897689758136,0.9999400513095094,0.05577728140090788,0.01786053700609736,0.2877217344568567,0.14610941510224512,0.07442528215124122,-0.004830334200889388,0.05582776790635547,0.02424569153870564,7.4268368063392805,0.989888380465596,0.999690401968288,0.9999359452348182,0.04914741023193377,0.01687277849004658,0.28569266405381505,0.1360838788440373,0.06986517228577221,-0.001957669557241156,0.049102455144492234,0.021324925317154922,6.983773928489728,0.9895878157982045,0.9997018989774231,0.9999359452348182,0.09369296747857593,0.026798158197132424,0.29099740200498675,0.20193052249823593,0.10671443382290793,-0.00018313092746037848,0.09314175246476905,0.040450949130247785,10.671427668876927,0.9858594999786484,0.9998086569193928,0.9999416937393858,0.010155600495636463,0.059344321489334106,0.01813163422048092,ok,
759xd9YjKW5,ca660fbd1a384380a372ad79f760e1d9,ca660fbd1a384380a372ad79f760e1d9_i0_4,0,4,/mnt/priorbimda-data/PriorBIMDA-Datasets/Matterport3D/v1/scans/759xd9YjKW5/undistorted_color_images/ca660fbd1a384380a372ad79f760e1d9_i0_4.jpg,/mnt/priorbimda-data/PriorBIMDA-Datasets/Matterport3D/v1/scans/759xd9YjKW5/undistorted_depth_images/ca660fbd1a384380a372ad79f760e1d9_d0_4.png,1024,1280,406,504,1.4155678118069965,1240450,0.9463882446289062,-10.304499626159668,0.5542709827423096,1.5845400094985962,True,204624,1.0,True,,1.0,204624,1.2204488515853882,0.19921870221802285,1.2706189056374402,0.040285406820680214,log-depth Laplacian fallback,,,,0.21221379567228613,0.08771631011486283,0.424592250662909,0.406731159610257,0.24230759709639155,-0.23926467644080673,0.23926467644080673,0.10391132869260938,3.8280363351244255,0.31009391752992865,1.0,1.0,0.04614420533415833,0.0051513342333273605,0.10109353212831733,0.08599024465868361,0.05539915395922875,-0.040045974101566115,0.047465927847243704,0.02061419054247584,3.828036334277703,1.0,1.0,1.0,0.027665681340171864,0.0029151849180107593,0.08209461357920318,0.0565758862499843,0.037675875559199754,-0.020906695689142375,0.02824759499529928,0.01226777463349639,3.1342968501944757,1.0,1.0,1.0,0.025565870246125243,0.00278732591850184,0.0815255514500141,0.0538920292064738,0.0360609260074233,-0.01575725881359858,0.026062527279143315,0.011318811781784911,3.243607835719552,1.0,1.0,1.0,0.029620506023079893,0.0025893815449231114,0.06971420691191871,0.054213129096857854,0.03828111216991292,0.0002394403964931472,0.029533570343165873,0.012826266630938466,3.8280363337643264,1.0,1.0,1.0,0.008526336401700974,0.06181549560278654,0.018110220320522785,ok,
759xd9YjKW5,ca660fbd1a384380a372ad79f760e1d9,ca660fbd1a384380a372ad79f760e1d9_i0_5,0,5,/mnt/priorbimda-data/PriorBIMDA-Datasets/Matterport3D/v1/scans/759xd9YjKW5/undistorted_color_images/ca660fbd1a384380a372ad79f760e1d9_i0_5.jpg,/mnt/priorbimda-data/PriorBIMDA-Datasets/Matterport3D/v1/scans/759xd9YjKW5/undistorted_depth_images/ca660fbd1a384380a372ad79f760e1d9_d0_5.png,1024,1280,406,504,1.4155678118069965,1228784,0.93748779296875,-10.31190013885498,0.5417799949645996,1.5844299793243408,True,204624,1.0,True,,1.0,204624,1.1074397563934326,0.10205082542461784,1.0727604276736138,0.031815660075616745,log-depth Laplacian fallback,,,,0.08481498658319608,0.02624193046582127,0.3259672839396667,0.17153048889022723,0.10940108374500801,-0.08537764160911718,0.08949500557183944,0.03886718707775063,6.840508342109816,0.9871539668485266,0.9926341814346541,0.9994938085131316,0.049840398575723255,0.01760724647813354,0.27658018082332547,0.1160167188439337,0.07040774457676864,0.016673183641351202,0.04899489943048291,0.021278214464063513,6.840508346350638,0.9869562103673225,0.9969392505110743,0.9989046081329184,0.03651623729279657,0.015495807866948177,0.2753042850430576,0.09439952768939651,0.06156161415701205,0.022157856980742862,0.035809709821309155,0.015551959373951258,5.74357180823725,0.9868219312751468,0.996952271513952,0.9990437701011732,0.03295363429858474,0.014704924561132203,0.2722455288512718,0.08655700204604433,0.05900713537225784,0.021552248236000483,0.0323915788971783,0.014067483975178359,5.493034335241112,0.9864313011888176,0.9969294847589162,0.9990551634786912,0.04301100340646976,0.016091375629617283,0.2765104198538506,0.09384394282832052,0.07006103786717381,-0.015142443563869993,0.04361432470916245,0.018941460553125896,6.840508336330404,0.9865842979726298,0.9968953046263623,0.9990893436112449,0.00746132992208004,0.05676621198654175,0.018093734979629517,ok,
759xd9YjKW5,ca660fbd1a384380a372ad79f760e1d9,ca660fbd1a384380a372ad79f760e1d9_i1_0,1,0,/mnt/priorbimda-data/PriorBIMDA-Datasets/Matterport3D/v1/scans/759xd9YjKW5/undistorted_color_images/ca660fbd1a384380a372ad79f760e1d9_i1_0.jpg,/mnt/priorbimda-data/PriorBIMDA-Datasets/Matterport3D/v1/scans/759xd9YjKW5/undistorted_depth_images/ca660fbd1a384380a372ad79f760e1d9_d1_0.png,1024,1280,406,504,1.4121168655554452,1130284,0.8623382568359375,-10.320300102233887,0.550898015499115,1.6179699897766113,True,204624,1.0,True,,1.0,204624,0.9831753373146057,-0.01696780514316804,0.9846360808460752,0.0014846379955890526,log-depth Laplacian fallback,,,,0.03833726415460426,0.05757667093871579,0.4252460991314147,0.13866147967212622,0.09269924288228971,0.020549658405528342,0.03308398919999017,0.014368193948902517,9.039281592231674,0.9812330352371617,0.9902697021279607,0.9939395762480934,0.03327831443269097,0.05481088089386535,0.42324769412364815,0.13238819653477138,0.09046375429698812,0.0035818533311186077,0.028618977821047716,0.012429064145392566,9.039281591044828,0.9816515141327312,0.990620941285553,0.9941165229269812,0.043472453118060785,0.05315039603872357,0.41797419331089386,0.1587414180339641,0.09140896283000763,0.01531563751405133,0.038846021696137885,0.016870612866526684,9.011675611780474,0.981856772280241,0.9908377009671906,0.9942430398023859,0.045971828168186915,0.051513291045451604,0.4148156810663703,0.16626334669923098,0.09122019280461946,0.017311369915487058,0.04147608445355866,0.01801283460913376,8.956249241150626,0.9818125356105192,0.9909332521737899,0.9943147032073355,0.033273886186109713,0.054969004668219086,0.4229659298043245,0.13161166081753928,0.09053469155103835,0.005066478571912554,0.0285651603693705,0.01240569152309907,9.03928159154366,0.981618778997137,0.990576704615831,0.9941032519260646,0.008237293921411037,0.05911495443433523,0.018123849295079708,ok,
759xd9YjKW5,ca660fbd1a384380a372ad79f760e1d9,ca660fbd1a384380a372ad79f760e1d9_i1_1,1,1,/mnt/priorbimda-data/PriorBIMDA-Datasets/Matterport3D/v1/scans/759xd9YjKW5/undistorted_color_images/ca660fbd1a384380a372ad79f760e1d9_i1_1.jpg,/mnt/priorbimda-data/PriorBIMDA-Datasets/Matterport3D/v1/scans/759xd9YjKW5/undistorted_depth_images/ca660fbd1a384380a372ad79f760e1d9_d1_1.png,1024,1280,406,504,1.4121168655554452,201085,0.15341567993164062,-10.321999549865723,0.5539529919624329,1.6180499792099,True,204624,1.0,True,,1.0,204624,0.9389545321464539,-0.0629882225155079,0.9956533324230364,0.05863208071486379,log-depth Laplacian fallback,,,,0.04999156199216348,0.011695950996284022,0.1609427408149984,0.07382775863647982,0.0867023413154821,0.0057881149623884975,0.05133186879971878,0.02229314736549956,8.650892274654984,0.9634184548822637,1.0,1.0,0.06114877987404585,0.017491276984616447,0.1986178827590081,0.11140533650084743,0.10370943085235837,-0.05720010769535961,0.06589181184060247,0.028616450284981006,8.650892281932174,0.9634234279036229,0.9950369246835915,1.0,0.09054157577442175,0.020017913839208153,0.20079323346208616,0.13417754227759918,0.1171408964110176,-0.016676333181884644,0.09258350373152373,0.040208504785869896,11.594778792018213,0.9634184548822637,0.9957381206952284,1.0,0.09184431191955826,0.020264887727067374,0.19920953002296307,0.1328270251721838,0.11921899106559054,-0.011284078828331953,0.09318463700782925,0.0404695736506578,11.868377056570688,0.9630603973444066,0.9971554317825795,1.0,0.049445546059178766,0.011750050980462362,0.16222311867494013,0.07423586564040668,0.08652077347141772,0.0014319720023350702,0.05100218557607326,0.02214996776069424,8.65089226512324,0.9634184548822637,1.0,1.0,0.008181926794350147,0.058933996595442295,0.018096760846674442,ok,
759xd9YjKW5,ca660fbd1a384380a372ad79f760e1d9,ca660fbd1a384380a372ad79f760e1d9_i1_2,1,2,/mnt/priorbimda-data/PriorBIMDA-Datasets/Matterport3D/v1/scans/759xd9YjKW5/undistorted_color_images/ca660fbd1a384380a372ad79f760e1d9_i1_2.jpg,/mnt/priorbimda-data/PriorBIMDA-Datasets/Matterport3D/v1/scans/759xd9YjKW5/undistorted_depth_images/ca660fbd1a384380a372ad79f760e1d9_d1_2.png,1024,1280,406,504,1.4121168655554452,1208987,0.9223838806152344,-10.320300102233887,0.556958019733429,1.6180700063705444,True,196246,0.9590566111502072,True,,1.0,196246,0.9631003737449646,-0.03759764235084737,0.9480684282249286,0.015730955309373733,log-depth Laplacian fallback,,,,0.21155351368310482,0.2054651448570401,0.4340419080567114,0.2592916630598262,0.3061365640508861,0.1104518379282835,0.14769084831620546,0.0641413204513382,28.551705263809808,0.9020791786843034,0.9165119227915602,0.9173903441476211,0.1868658501151918,0.18472458902638797,0.4295704128970871,0.2366504843941403,0.2946654393795386,0.0728541956344616,0.13045990844183908,0.05665801834589415,28.55170526311732,0.9005415277418202,0.9166996832885713,0.9173828998988409,0.17951830801994828,0.17675299927664323,0.4016662038905109,0.21221614260954647,0.2905606370960483,0.07743565694343453,0.12321981721048415,0.05351368667564065,28.005214311517097,0.9012925697298647,0.9169122579481831,0.917385381315101,0.17954756035129052,0.17707201666568798,0.40023682469354105,0.2103833950456555,0.29079035152617755,0.0792908383112301,0.12297852862119017,0.05340889637276398,27.97713200108622,0.9016664364463803,0.916951960608344,0.9173878627313611,0.181824430808037,0.17829556368198682,0.4327474360661639,0.23633894750889667,0.2911752965741393,0.057123252634801586,0.12831236574363653,0.05572535240241318,28.55170526316399,0.9001163784225967,0.916338223653356,0.9173804184825809,0.009041659533977509,0.05833024252206087,0.018130557611584663,ok,
759xd9YjKW5,ca660fbd1a384380a372ad79f760e1d9,ca660fbd1a384380a372ad79f760e1d9_i1_3,1,3,/mnt/priorbimda-data/PriorBIMDA-Datasets/Matterport3D/v1/scans/759xd9YjKW5/undistorted_color_images/ca660fbd1a384380a372ad79f760e1d9_i1_3.jpg,/mnt/priorbimda-data/PriorBIMDA-Datasets/Matterport3D/v1/scans/759xd9YjKW5/undistorted_depth_images/ca660fbd1a384380a372ad79f760e1d9_d1_3.png,1024,1280,406,504,1.4121168655554452,1275552,0.9731689453125,-10.316800117492676,0.5569069981575012,1.6180200576782227,True,190430,0.9306337477519744,True,,1.0,190430,0.9994584918022156,-0.0005416548662990831,1.0699699485591707,0.06817221748699104,log-depth Laplacian fallback,,,,0.0845401658927194,0.056003091584335744,0.4537098111577254,0.3228836429532078,0.11736529215308074,-0.04305698407313407,0.08332622632287089,0.036188120289844326,10.918199450781193,0.9662216828478964,0.9880851584255287,0.9930884824766062,0.08482643821587997,0.05616300924102813,0.4547399781035202,0.3242298150678779,0.11756508525770201,-0.0435986390599984,0.08365836775131234,0.036332367479427904,10.918199459511044,0.9661464213140664,0.9880914302200146,0.9931049459371315,0.06783358772930213,0.045567708928252085,0.40961862762532586,0.25836161344797476,0.10572631030256985,-0.03951717913765696,0.06639967528370967,0.028837012575882864,9.806347558187817,0.9688832756328241,0.9885759263440456,0.9940096522917137,0.06514996102594252,0.04314485498103544,0.4014466700557712,0.24860054376773644,0.10332901477729457,-0.03748927476113691,0.0638842169265154,0.02774456289189597,9.628831482963205,0.9693528762449513,0.9887899513308748,0.9952812586237174,0.060315017970606684,0.05273219422093491,0.3937377381605222,0.1948141726245787,0.11191320795593619,0.02457352618265449,0.054389425844934926,0.023621027518341334,10.918199451346826,0.9688378051228017,0.9880906462457039,0.9912618223326058,0.0097005944699049,0.05772525817155838,0.017348329536616802,ok,
759xd9YjKW5,ca660fbd1a384380a372ad79f760e1d9,ca660fbd1a384380a372ad79f760e1d9_i1_4,1,4,/mnt/priorbimda-data/PriorBIMDA-Datasets/Matterport3D/v1/scans/759xd9YjKW5/undistorted_color_images/ca660fbd1a384380a372ad79f760e1d9_i1_4.jpg,/mnt/priorbimda-data/PriorBIMDA-Datasets/Matterport3D/v1/scans/759xd9YjKW5/undistorted_depth_images/ca660fbd1a384380a372ad79f760e1d9_d1_4.png,1024,1280,406,504,1.4121168655554452,1136348,0.8669647216796875,-10.3149995803833,0.5538510084152222,1.6179399490356445,True,204624,1.0,True,,1.0,204624,0.9855786561965942,-0.014526342082057867,1.0355831797113808,0.0494910687745042,log-depth Laplacian fallback,,,,0.04560342186945117,0.03659936442623732,0.3888990594977927,0.18004624746673012,0.07283501014539537,-0.024491125123595713,0.04433284117562997,0.019253508289669367,6.859390273967669,0.9874158268417773,0.9966841143734138,0.9976327674268798,0.05565923732011692,0.03875230501184069,0.3994471434863015,0.21629995665161175,0.07891442341721674,-0.03901746709562137,0.055121939772537314,0.02393915427501635,6.859390267883779,0.9877467113947488,0.9967976359354704,0.9976371674874246,0.03930282693050828,0.03421884552975044,0.3760925117307621,0.1538490360449961,0.06904180938719852,-0.014160079098533961,0.03767677445983119,0.01636281524381806,6.7574134129720935,0.9871043025552032,0.9967694755479836,0.9976345274510977,0.037637876802719114,0.032144605589672325,0.3645625306467054,0.14647319825450647,0.06756238747479111,-0.011090198957679098,0.03602118704579335,0.015643802765592935,6.664595777969512,0.9870638219981906,0.9968055560444512,0.9976415675479695,0.035904127343592954,0.03779027579013847,0.398050583211096,0.13909036273327907,0.06938889673526313,0.010473561717279967,0.033270159492754615,0.014449046679744417,6.859390275448203,0.9862216504099096,0.996332989541936,0.9975623664581624,0.008800541050732136,0.0574375968426466,0.017150872386991978,ok,
759xd9YjKW5,ca660fbd1a384380a372ad79f760e1d9,ca660fbd1a384380a372ad79f760e1d9_i1_5,1,5,/mnt/priorbimda-data/PriorBIMDA-Datasets/Matterport3D/v1/scans/759xd9YjKW5/undistorted_color_images/ca660fbd1a384380a372ad79f760e1d9_i1_5.jpg,/mnt/priorbimda-data/PriorBIMDA-Datasets/Matterport3D/v1/scans/759xd9YjKW5/undistorted_depth_images/ca660fbd1a384380a372ad79f760e1d9_d1_5.png,1024,1280,406,504,1.4121168655554452,1210010,0.9231643676757812,-10.316800117492676,0.5508469939231873,1.6179200410842896,True,204624,1.0,True,,1.0,204624,1.0275956392288208,0.02722174259805233,1.0380641453085289,0.010135837257991387,log-depth Laplacian fallback,,,,0.07705804620563893,0.15867097492971471,0.9515365111272748,0.35870758587868296,0.2076426813594047,-0.05832609242757959,0.0848775918424503,0.03686186977441265,19.928258846234588,0.9451830976603499,0.9631143544268229,0.9668424227898943,0.060448373496618545,0.15665441966677424,0.9338786930793634,0.2922505975278937,0.2016953906906135,-0.031104349820526372,0.06642233087905991,0.028846851775927707,19.928258842177243,0.9443475673754762,0.9628135304666904,0.9663564763927571,0.05939451579171401,0.14762224920441677,0.9067476471974878,0.2877748894433938,0.19149174812597952,-0.022528521657292532,0.06434160534406566,0.02794320415772454,19.01619186700652,0.9517037049280584,0.9629474136577384,0.9665647391343873,0.05958744167330698,0.14298612342087066,0.8998657922145034,0.2885885426617283,0.19031311290021755,-0.020429464852025795,0.06474478956615003,0.028118304840566155,18.921341894176212,0.9523309724713019,0.9630317104817315,0.9667564730869993,0.0592060045618804,0.15733896557849014,0.9310715214638886,0.28709053606763596,0.20038270765006572,-0.020968534862428032,0.06457691871670375,0.028045399456979266,19.928258847901102,0.9441847588036463,0.9626813001545442,0.9662308575962182,0.007648398168385029,0.05634512007236481,0.017015166580677032,ok,
759xd9YjKW5,ca660fbd1a384380a372ad79f760e1d9,ca660fbd1a384380a372ad79f760e1d9_i2_0,2,0,/mnt/priorbimda-data/PriorBIMDA-Datasets/Matterport3D/v1/scans/759xd9YjKW5/undistorted_color_images/ca660fbd1a384380a372ad79f760e1d9_i2_0.jpg,/mnt/priorbimda-data/PriorBIMDA-Datasets/Matterport3D/v1/scans/759xd9YjKW5/undistorted_depth_images/ca660fbd1a384380a372ad79f760e1d9_d2_0.png,1024,1280,406,504,1.4165615917841592,1197551,0.9136589050292969,-10.325499534606934,0.5408300161361694,1.651129961013794,True,204624,1.0,True,,1.0,204624,1.043395757675171,0.04248054573165511,1.035051288873746,0.008029565774717355,log-depth Laplacian fallback,,,,0.03763680779927915,0.0061909541759815195,0.12051294831974194,0.08021299506388757,0.05421047793743919,-0.035693880835141197,0.03872554970210739,0.016818292544295357,4.080101456008565,0.9925264143238993,0.9995866564346738,0.9999582481247146,0.026194984439868927,0.004835151238804844,0.11672686811828481,0.06620798503377205,0.04136159597825369,0.006786665147353223,0.026072789112155454,0.0113232684392363,4.08010146693191,0.9921297715086873,0.9994822767464601,0.9999014655743262,0.026437448112488212,0.004640778784527178,0.11280799999951187,0.06602284903667863,0.041183164732432526,0.010672974182235317,0.026289707763360544,0.01141747501247657,3.977613203271545,0.9923101396099205,0.9995315439592969,0.9999348670745547,0.02650421721219817,0.004657653568277951,0.11310696452039563,0.06669952934355947,0.041213991167577915,0.01387090332296247,0.02631556165127365,0.011428703213332964,3.880967803224112,0.992311809684932,0.9995365541843312,0.9999423824121061,0.025298767912733566,0.004445527964825401,0.11024484650155154,0.06109462249365735,0.04081993938573148,-0.0012428458499801225,0.025382395859339137,0.01102343445919493,4.080101451738645,0.9922374913469238,0.9995089979466427,0.9999123210619005,0.008712364360690117,0.05777813587337732,0.017764510586857796,ok,
759xd9YjKW5,ca660fbd1a384380a372ad79f760e1d9,ca660fbd1a384380a372ad79f760e1d9_i2_1,2,1,/mnt/priorbimda-data/PriorBIMDA-Datasets/Matterport3D/v1/scans/759xd9YjKW5/undistorted_color_images/ca660fbd1a384380a372ad79f760e1d9_i2_1.jpg,/mnt/priorbimda-data/PriorBIMDA-Datasets/Matterport3D/v1/scans/759xd9YjKW5/undistorted_depth_images/ca660fbd1a384380a372ad79f760e1d9_d2_1.png,1024,1280,406,504,1.4165615917841592,754424,0.575579833984375,-10.332599639892578,0.5535330176353455,1.6514500379562378,True,204624,1.0,True,,1.0,204624,1.119946837425232,0.11328121759581485,1.217905906632085,0.08385169635316357,log-depth Laplacian fallback,,,,0.18083277850790672,0.06145614849763529,0.3425153317349271,0.31835397140430294,0.20758536062396302,-0.1985505221182716,0.200274569445299,0.08697814037564298,6.057534244180973,0.7740872506707104,0.9830559473187491,0.9994472604264976,0.08358968450229937,0.017403150667455316,0.18434450975517305,0.14670707244320658,0.10459553724004561,-0.0852693044800977,0.08796029756914767,0.03820067186084884,6.057534254145129,0.981914679278496,0.9987964327752034,0.9992961517661156,0.06252829984009822,0.01275209497966136,0.15892433182038346,0.111084198539748,0.08686292595212597,-0.05742185124221147,0.06504200118658914,0.028247382207280427,6.517590739592243,0.9817304327539951,0.9987023212411058,0.9991927616300648,0.05600121552038242,0.011361161856349855,0.15084092928838216,0.09935960949382786,0.08131090051400297,-0.04837005569755608,0.057995640490213995,0.025187186639344737,6.535901050515844,0.9816707845985811,0.9987115998430591,0.9991821575135468,0.032833033441940836,0.006775096638712231,0.11429102005483176,0.055263210299555374,0.060591928430196194,-0.001417630827941751,0.032822861836246706,0.014254787775754786,6.057534245652836,0.9810318865783697,0.9986771364643755,0.9991450431057336,0.00944481510668993,0.059686982072889805,0.017220218665897846,ok,
759xd9YjKW5,ca660fbd1a384380a372ad79f760e1d9,ca660fbd1a384380a372ad79f760e1d9_i2_2,2,2,/mnt/priorbimda-data/PriorBIMDA-Datasets/Matterport3D/v1/scans/759xd9YjKW5/undistorted_color_images/ca660fbd1a384380a372ad79f760e1d9_i2_2.jpg,/mnt/priorbimda-data/PriorBIMDA-Datasets/Matterport3D/v1/scans/759xd9YjKW5/undistorted_depth_images/ca660fbd1a384380a372ad79f760e1d9_d2_2.png,1024,1280,406,504,1.4165615917841592,1214873,0.9268745422363281,-10.32509994506836,0.5660250186920166,1.6515599489212036,True,204624,1.0,True,,1.0,204624,0.9740962982177734,-0.02624511142005139,0.9986186409262963,0.024862797390376366,log-depth Laplacian fallback,,,,0.06273354463343764,0.016013105233821292,0.13937503009406402,0.09579335505853298,0.10029741639643736,-0.010022370120987036,0.06179133226419244,0.026835634631789153,9.97954098792038,0.9820088190288203,0.9951237701389364,0.9961938408376843,0.06422573213995457,0.016014635147105834,0.13725289163345958,0.09462460533832914,0.10618123202493379,-0.03626748144910456,0.0649328136432552,0.028199962659717904,9.979540983267558,0.9349652185866342,0.9952134914513698,0.9962901472005716,0.05030690159143413,0.014194483106020112,0.1272524588063556,0.08108144546533165,0.08452407299148167,-0.034186471453877876,0.04856904720904748,0.021093269194187848,7.73020315684039,0.9909990591609165,0.9949904228672463,0.9960168676067375,0.046621474142316224,0.012976929400190984,0.1223972162280528,0.07699670540533193,0.08012983983761669,-0.02871737694519661,0.04474260149704516,0.0194314649361629,7.480710857792588,0.9910879573420431,0.9950702666039989,0.9960934188182633,0.06263820311096423,0.015948126919249652,0.13879252123571723,0.09534439561582857,0.10044496086316852,-0.0114046627039005,0.0617826389108606,0.02683185915640789,9.979540987146512,0.9809996600467703,0.9951287089267767,0.9961954871002977,0.009255687706172466,0.06032406538724899,0.017072617076337337,ok,
759xd9YjKW5,ca660fbd1a384380a372ad79f760e1d9,ca660fbd1a384380a372ad79f760e1d9_i2_3,2,3,/mnt/priorbimda-data/PriorBIMDA-Datasets/Matterport3D/v1/scans/759xd9YjKW5/undistorted_color_images/ca660fbd1a384380a372ad79f760e1d9_i2_3.jpg,/mnt/priorbimda-data/PriorBIMDA-Datasets/Matterport3D/v1/scans/759xd9YjKW5/undistorted_depth_images/ca660fbd1a384380a372ad79f760e1d9_d2_3.png,1024,1280,406,504,1.4165615917841592,1262433,0.9631599426269531,-10.310600280761719,0.5658130049705505,1.6513400077819824,True,204624,1.0,True,,1.0,204624,1.1063587665557861,0.101074232557331,1.1228814463165429,0.014823868896500975,log-depth Laplacian fallback,,,,0.11205015869693816,0.04037200318282841,0.3091017959505539,0.26604514882872143,0.12995866339876622,-0.10096127805006608,0.1160781768092979,0.05041211165766812,8.182954556204662,0.9848554339121364,0.992126314822252,0.9979198896099832,0.04018802447065814,0.023505554703198338,0.2156466065650661,0.08645002913401402,0.08182962361307808,0.00011295448142942983,0.03685247126404014,0.01600482491447078,8.182954565401882,0.9832125744494955,0.989559841987654,0.9950278549435891,0.030455506636033962,0.01959884888525897,0.19807275936854024,0.06926316758293996,0.0741797929079205,0.006126221866280634,0.027490562811602875,0.011938999733493875,7.392638961498848,0.9835856635560065,0.9902307686823776,0.9959197834657364,0.028367809958723122,0.018178789658718695,0.19137210247737232,0.06561060129261938,0.07164446637502295,0.010565543530123709,0.025527992767543396,0.011086666393010222,7.086112370033977,0.9837662671999227,0.9905420723317594,0.9966857647098896,0.0384854394343863,0.025006957091377208,0.22299611424540206,0.08561887579129376,0.08318162248578931,0.014936793328900197,0.03457259933578455,0.01501468911658329,8.182954554693612,0.9826834374576711,0.9891764553049548,0.9946476367458709,0.007917020469903946,0.05861286912113428,0.018101032823324203,ok,
759xd9YjKW5,ca660fbd1a384380a372ad79f760e1d9,ca660fbd1a384380a372ad79f760e1d9_i2_4,2,4,/mnt/priorbimda-data/PriorBIMDA-Datasets/Matterport3D/v1/scans/759xd9YjKW5/undistorted_color_images/ca660fbd1a384380a372ad79f760e1d9_i2_4.jpg,/mnt/priorbimda-data/PriorBIMDA-Datasets/Matterport3D/v1/scans/759xd9YjKW5/undistorted_depth_images/ca660fbd1a384380a372ad79f760e1d9_d2_4.png,1024,1280,406,504,1.4165615917841592,1268330,0.9676589965820312,-10.303500175476074,0.5531089901924133,1.6510200500488281,True,204624,1.0,True,,1.0,204624,1.095607042312622,0.09130858619976599,1.1073427462237788,0.010654636790209893,log-depth Laplacian fallback,,,,0.09979988504472712,0.025359326494138437,0.26389936598027364,0.2565242729213855,0.10611547182905047,-0.10460606373243986,0.10517664623618334,0.04567763708546487,1.7834371082455767,0.999420497819968,1.0,1.0,0.015340768345989568,0.0012038098556622925,0.054700081841855326,0.034857389636070296,0.02224607149702243,-0.013297477539171034,0.015448167228176666,0.006709053782715778,1.783437097701726,0.9989687226510451,1.0,1.0,0.018030468800334366,0.0017142189180701754,0.06621470336314747,0.04325578881113854,0.026471861330013967,-0.0025409163923261696,0.018095891100034622,0.007858945649867206,2.634963351097501,0.9988110349830092,1.0,1.0,0.01702178612943638,0.0016133529426884204,0.06612220855023854,0.04279978529549188,0.024579685003391426,0.001367355562597455,0.017003355344008313,0.0073844633997429765,2.454162288096244,0.9987976315312261,1.0,1.0,0.010477843749866796,0.0009528347467110784,0.05176652696381106,0.025964148696983838,0.018029129874171292,-0.002642864367813179,0.01045578372991563,0.00454088917787616,1.7834371083755074,0.9988772638035842,1.0,1.0,0.008102129213511944,0.05946781300008297,0.018085693940520287,ok,
759xd9YjKW5,ca660fbd1a384380a372ad79f760e1d9,ca660fbd1a384380a372ad79f760e1d9_i2_5,2,5,/mnt/priorbimda-data/PriorBIMDA-Datasets/Matterport3D/v1/scans/759xd9YjKW5/undistorted_color_images/ca660fbd1a384380a372ad79f760e1d9_i2_5.jpg,/mnt/priorbimda-data/PriorBIMDA-Datasets/Matterport3D/v1/scans/759xd9YjKW5/undistorted_depth_images/ca660fbd1a384380a372ad79f760e1d9_d2_5.png,1024,1280,406,504,1.4165615917841592,1258432,0.960107421875,-10.310999870300293,0.5406180024147034,1.6509100198745728,True,204624,1.0,True,,1.0,204624,1.04416024684906,0.04321297083201933,1.0161724561523124,0.027169895772591057,log-depth Laplacian fallback,,,,0.03414052245811324,0.006494370525987668,0.13101833620830028,0.07986911512950727,0.04767262738202018,-0.014453915621308681,0.034144267315314884,0.014828666883670814,4.542866633214131,0.9957137135737172,0.9990861643696283,0.9997465099425317,0.03849095497283838,0.010614128549736325,0.18017714462223286,0.10867677485575143,0.05376659730320705,0.02875905528948867,0.03703794414282079,0.016085374762267925,4.542866632888715,0.993336946295072,0.9989709416162336,0.9995939391242435,0.03979265638519023,0.010455433745910146,0.1774106441840996,0.11162452541160231,0.05396270286642322,0.034762270209805476,0.03828779796657451,0.01662817938110985,4.127417922273382,0.9937732034786146,0.9989741201749479,0.9996074479987794,0.04009747878028126,0.010344291482236263,0.1764484093073141,0.1119069326826227,0.05369705766221284,0.03645375026443458,0.038592445776975556,0.01676048624409093,3.942712382658982,0.9938844530336164,0.998975709454305,0.9996066533591008,0.03200269482707503,0.006909809519374953,0.14104054280185907,0.08127847184927106,0.04545645171645833,0.0015891130758499395,0.031482524611744285,0.013672686715263855,4.5428666305350305,0.9947482263642374,0.9990432538269847,0.9996797602095306,0.00840515922755003,0.05962779652327299,0.01905724499374628,ok,
759xd9YjKW5,d16ee55e1e434c8abc07c79b08204bf1,d16ee55e1e434c8abc07c79b08204bf1_i0_0,0,0,/mnt/priorbimda-data/PriorBIMDA-Datasets/Matterport3D/v1/scans/759xd9YjKW5/undistorted_color_images/d16ee55e1e434c8abc07c79b08204bf1_i0_0.jpg,/mnt/priorbimda-data/PriorBIMDA-Datasets/Matterport3D/v1/scans/759xd9YjKW5/undistorted_depth_images/d16ee55e1e434c8abc07c79b08204bf1_d0_0.png,1024,1280,406,504,1.4155678118069965,1228432,0.93721923828125,-5.947710037231445,4.8571600914001465,1.5742599964141846,True,204624,1.0,True,,1.0,204624,1.0098751783370972,0.00982673741095896,1.0093537228150962,0.0005164897682431967,log-depth Laplacian fallback,,,,0.04627060392002914,0.008471320944281437,0.10112522214231343,0.06550826777460715,0.0698048754946593,-0.0070626021642699035,0.04527184826716417,0.01966131388799069,6.944667229964397,0.9916267241491592,0.9976181017752712,0.9983466728317074,0.0460769279886119,0.008656319938300737,0.10290446016325945,0.06558847923552746,0.06950166002798727,0.0027641353689156047,0.04462563491940809,0.019380666996928,6.944667236310344,0.9912978496164215,0.9976058910871746,0.9983116688591636,0.02797699850053481,0.005866371724229607,0.08339977575862527,0.04123211675665315,0.05390110004383428,0.007128222302905428,0.02657348893953098,0.011540719611355405,5.342768039823358,0.9927924378394571,0.9976539197936882,0.9984329616942574,0.027920858679665348,0.005655039640967142,0.08100054919603554,0.040389547325891104,0.05337698829731397,0.007105495864923854,0.026552661988266685,0.01153167458134645,5.29019357699238,0.993339476666189,0.9976653164359118,0.9984712218502937,0.046051175000323935,0.008638795379720891,0.10274345427372995,0.06552124119688439,0.06948303646749762,0.0022476792456100876,0.04462367182816062,0.019379814437231756,6.944667230870359,0.9913125024421376,0.9976075191789208,0.9983124829050367,0.00860640686005354,0.05786658450961113,0.018084603361785412,ok,
759xd9YjKW5,d16ee55e1e434c8abc07c79b08204bf1,d16ee55e1e434c8abc07c79b08204bf1_i0_1,0,1,/mnt/priorbimda-data/PriorBIMDA-Datasets/Matterport3D/v1/scans/759xd9YjKW5/undistorted_color_images/d16ee55e1e434c8abc07c79b08204bf1_i0_1.jpg,/mnt/priorbimda-data/PriorBIMDA-Datasets/Matterport3D/v1/scans/759xd9YjKW5/undistorted_depth_images/d16ee55e1e434c8abc07c79b08204bf1_d0_1.png,1024,1280,406,504,1.4155678118069965,1231006,0.9391830444335938,-5.939819812774658,4.844930171966553,1.573889970779419,True,204624,1.0,True,,1.0,204624,1.0275956392288208,0.02722174259805233,1.0336357958498823,0.005860743056170424,log-depth Laplacian fallback,,,,0.04821775670628331,0.007174842897936847,0.11583609800775921,0.08784343245417568,0.0648675699059756,-0.023141498754383608,0.0483529294518453,0.020999410444793642,6.059927937614021,0.9915678721305988,0.9985962700425506,0.9996620650102437,0.04133048651206771,0.006060927296823519,0.09926694285137604,0.06961960260265421,0.06073648859206478,0.004080243822241545,0.04027719000402306,0.017492161365316037,6.059927934262151,0.9913461022935712,0.9984679197339412,0.9995239665769298,0.0425125132833853,0.007410500175247708,0.10959587624906372,0.07307171295240823,0.06839554284151018,0.001518673557878876,0.04109804061820402,0.017848652257521698,6.837868023886871,0.9799253618585124,0.9984776678586457,0.9995361517328104,0.04119970443070653,0.007512316754924423,0.10962058345738249,0.0700676595820654,0.06934436641667459,0.003118639668050537,0.03969960147920354,0.017241317856176264,6.927420328196411,0.9746556881119994,0.9984898530145263,0.9996555662604406,0.04131862070930101,0.006181332765229807,0.09918355652408127,0.06847470885322088,0.061409258383989924,0.00994104385306933,0.04002337246756167,0.017381929809820566,6.059927938831442,0.9913111715133801,0.9984492358282575,0.9994914728279147,0.008252851665019989,0.05802186578512192,0.01808528695255518,ok,
759xd9YjKW5,d16ee55e1e434c8abc07c79b08204bf1,d16ee55e1e434c8abc07c79b08204bf1_i0_2,0,2,/mnt/priorbimda-data/PriorBIMDA-Datasets/Matterport3D/v1/scans/759xd9YjKW5/undistorted_color_images/d16ee55e1e434c8abc07c79b08204bf1_i0_2.jpg,/mnt/priorbimda-data/PriorBIMDA-Datasets/Matterport3D/v1/scans/759xd9YjKW5/undistorted_depth_images/d16ee55e1e434c8abc07c79b08204bf1_d0_2.png,1024,1280,406,504,1.4155678118069965,976016,0.74464111328125,-5.946469783782959,4.831999778747559,1.5734699964523315,True,204624,1.0,True,,1.0,204624,0.9724330306053162,-0.02795406899149024,0.8217789969894977,0.16832971119392592,log-depth Laplacian fallback,,,,0.19756662506665107,0.03656676704439452,0.17892542488340726,0.16743106800625626,0.190982932293841,0.17008567024733293,0.17826473319103717,0.07741938994282281,8.686394651447392,0.7022077506926115,0.9966219816068589,0.9993832068326749,0.16790274862639115,0.027027702922203314,0.15355911744122536,0.14138294423288464,0.1665735189966006,0.14213160110731998,0.15370670862538646,0.0667539753875163,8.68639464771233,0.96295859903936,0.9981742102588482,0.9994569761151456,0.19915699087569852,0.039239570636818044,0.17097254763715528,0.15054675424763866,0.20582370843275433,0.1618807899154975,0.17643613882807158,0.07662524150134752,12.711415660478586,0.500280733102736,0.9988576006950706,0.9995942689464107,0.20026442912748582,0.040287128608573974,0.17256255004572993,0.14973987148114756,0.20871802611325174,0.16377629356954077,0.17685058968802736,0.07680523522284641,12.938523907013364,0.48427382337994457,0.9988985836297766,0.9997018491500139,0.05794034066571571,0.010369792887267495,0.12596688440652118,0.07312767503488173,0.09072863479553424,-0.02619809084970366,0.06060652357388291,0.02632107875547669,8.686394653532673,0.9421976688906739,0.9990994000098359,0.9999610662120293,0.008762883022427559,0.05907937604933977,0.018127817660570145,ok,
759xd9YjKW5,d16ee55e1e434c8abc07c79b08204bf1,d16ee55e1e434c8abc07c79b08204bf1_i0_3,0,3,/mnt/priorbimda-data/PriorBIMDA-Datasets/Matterport3D/v1/scans/759xd9YjKW5/undistorted_color_images/d16ee55e1e434c8abc07c79b08204bf1_i0_3.jpg,/mnt/priorbimda-data/PriorBIMDA-Datasets/Matterport3D/v1/scans/759xd9YjKW5/undistorted_depth_images/d16ee55e1e434c8abc07c79b08204bf1_d0_3.png,1024,1280,406,504,1.4155678118069965,941188,0.7180694580078125,-5.960999965667725,4.83128023147583,1.5734200477600098,True,204624,1.0,True,,1.0,204624,0.9127360582351685,-0.09130853302465332,0.7999860046660496,0.13185251261001912,log-depth Laplacian fallback,,,,0.24751454413851195,0.07829845623232154,0.3168698138139317,0.2758066542682356,0.22763049894604406,0.21864765634067224,0.2186591861325427,0.09496247795481931,6.331545172512208,0.4998087523427838,0.9945908787617351,0.9956172411887955,0.13866846193295781,0.029722103843569124,0.1897905600615824,0.15520541117703465,0.14221145772757693,0.12733912314480894,0.12736830166194585,0.05531535058117184,6.331545171372927,0.993043897712253,0.9950456231911159,0.9959381122581248,0.1521309366135413,0.02966074391700073,0.1502896076722722,0.12308845913912336,0.1694579521966181,0.13602932128298256,0.13606772111633558,0.059093460445975146,10.105454623104503,0.7862520559123151,0.9952623705359609,0.9960188612689495,0.154707996084267,0.029638315765264073,0.14875841912036566,0.12431149509243603,0.17162134721088035,0.1382374689789013,0.13828156432874128,0.06005492033692185,10.170687778505863,0.7271969043379218,0.9953165573721722,0.9961006727667586,0.031209260754409336,0.00611632637979093,0.06966670488330293,0.029541642789528418,0.06347611449666478,-0.004513389093424551,0.02956408841425068,0.012839520460808936,6.331545175140942,0.9945207546207558,0.9956172411887955,0.996512917716758,0.008387311361730099,0.05772862397134304,0.0180854182690382,ok,
759xd9YjKW5,d16ee55e1e434c8abc07c79b08204bf1,d16ee55e1e434c8abc07c79b08204bf1_i0_4,0,4,/mnt/priorbimda-data/PriorBIMDA-Datasets/Matterport3D/v1/scans/759xd9YjKW5/undistorted_color_images/d16ee55e1e434c8abc07c79b08204bf1_i0_4.jpg,/mnt/priorbimda-data/PriorBIMDA-Datasets/Matterport3D/v1/scans/759xd9YjKW5/undistorted_depth_images/d16ee55e1e434c8abc07c79b08204bf1_d0_4.png,1024,1280,406,504,1.4155678118069965,1226162,0.9354873657226562,-5.968890190124512,4.843500137329102,1.5737899541854858,True,204624,1.0,True,,1.0,204624,0.8920280337333679,-0.11425771894376922,0.8777503361687271,0.016135362000748762,log-depth Laplacian fallback,,,,0.1236859521778247,0.03309555789357515,0.2400203253441087,0.20987507246842302,0.12950583688970335,0.11440668100396746,0.1148312347608178,0.049870571606760034,6.068668000606787,0.9748826011571065,0.9997031387369695,0.9999934755766366,0.04918411799663808,0.005214997464629653,0.088174360899872,0.07632554437526984,0.060686862749824266,0.00014896220450173566,0.04930640727408861,0.021413500601611037,6.068667992795156,0.9992594779482645,0.9998735892973359,1.0,0.031094179119842285,0.0033336332201056,0.06324472155121244,0.04420999800798544,0.05167594499498219,-0.0053334389222771264,0.030751471873823884,0.01335519454520476,5.139997782476919,0.9846309052148084,0.999745547488831,1.0,0.029148242090178383,0.003244225603354993,0.061424601056322595,0.04089730267060537,0.051125653957560135,-0.0037307157854110594,0.02868816943928165,0.012459113683385535,5.098935430378256,0.9823302304263222,0.9997333141950248,1.0,0.047385242020167834,0.0051909134388858575,0.08618069114341811,0.07103279914642396,0.06275697632636924,-0.015986398883982452,0.04828382419145015,0.020969398411533547,6.068667999117001,0.9994943571893437,0.9999005025437095,1.0,0.008654878474771976,0.05852902960032225,0.01814375165849924,ok,
759xd9YjKW5,d16ee55e1e434c8abc07c79b08204bf1,d16ee55e1e434c8abc07c79b08204bf1_i0_5,0,5,/mnt/priorbimda-data/PriorBIMDA-Datasets/Matterport3D/v1/scans/759xd9YjKW5/undistorted_color_images/d16ee55e1e434c8abc07c79b08204bf1_i0_5.jpg,/mnt/priorbimda-data/PriorBIMDA-Datasets/Matterport3D/v1/scans/759xd9YjKW5/undistorted_depth_images/d16ee55e1e434c8abc07c79b08204bf1_d0_5.png,1024,1280,406,504,1.4155678118069965,1226612,0.9358306884765625,-5.962240219116211,4.85644006729126,1.5742100477218628,True,204624,1.0,True,,1.0,204624,0.9649832248687744,-0.03564456134992106,0.9759022158266383,0.011251675059438339,log-depth Laplacian fallback,,,,0.0620569230830074,0.008545902018904499,0.10326445051298162,0.07952593237910259,0.07809764867880402,0.03906075123614293,0.059344709536003494,0.0257730798816376,6.762766033233782,0.9926284758342492,1.0,1.0,0.056696728694647355,0.006301401009954342,0.09161110286250088,0.07610239872115397,0.06771388919229046,0.0034161898565173952,0.0560534430272225,0.024343700998401063,6.762766029081606,0.9936589565404546,1.0,1.0,0.036727797917465124,0.003548053143013001,0.07103801757987362,0.052614164074057376,0.04831136429222043,0.002316863531937355,0.03620165693492275,0.015722179842591538,4.8255777510573905,0.9942899629222607,1.0,1.0,0.033907339633394235,0.0031427749411354795,0.06647590263803323,0.04841794346858495,0.0455449372853354,0.0037187237331155697,0.0333703245472816,0.014492547810205035,4.539286734853723,0.9942744731015186,1.0,1.0,0.05673846238638832,0.006603157030377926,0.09233191382315613,0.07469070897204153,0.06920004498709638,0.014667848461462275,0.05545810210611731,0.024085147721513846,6.7627660374492775,0.9932888313500928,1.0,1.0,0.00802652444690466,0.05800283141434193,0.018171235918998718,ok,
759xd9YjKW5,d16ee55e1e434c8abc07c79b08204bf1,d16ee55e1e434c8abc07c79b08204bf1_i1_0,1,0,/mnt/priorbimda-data/PriorBIMDA-Datasets/Matterport3D/v1/scans/759xd9YjKW5/undistorted_color_images/d16ee55e1e434c8abc07c79b08204bf1_i1_0.jpg,/mnt/priorbimda-data/PriorBIMDA-Datasets/Matterport3D/v1/scans/759xd9YjKW5/undistorted_depth_images/d16ee55e1e434c8abc07c79b08204bf1_d1_0.png,1024,1280,406,504,1.4121168655554452,1233331,0.9409568786621094,-5.95281982421875,4.846290111541748,1.6071699857711792,True,204624,1.0,True,,1.0,204624,0.9795814752578735,-0.02062986459959691,0.9634768133725883,0.016576991817594193,log-depth Laplacian fallback,,,,0.09948751497138021,0.15857608342070884,0.42542979022094835,0.1513376060895975,0.16781066928405,0.052007393875189815,0.07685213906497522,0.03337645991838005,15.954827391066214,0.9778218499332296,0.9877672741543024,0.9891132226466375,0.0893271391433667,0.1508065095485062,0.42326216224360297,0.14482816252177727,0.16260443123848417,0.031377529314222274,0.06863088907600612,0.029806016413823595,15.954827392524823,0.9788450951123421,0.9875815981273478,0.9893459257895894,0.07682455724304033,0.1436312400999479,0.41790843434961067,0.13168953844258624,0.156465278371388,0.028407348307523988,0.05696282588632486,0.024738640956046592,15.386489494998834,0.9796105019658146,0.9874899763323877,0.9905037658179353,0.07660847653060361,0.14003078996188117,0.41709518929354816,0.13307486707198496,0.1563467291750523,0.02678749484127953,0.0570584100991179,0.02478015265221968,15.403483321595013,0.9800167189505493,0.987459165463286,0.9904324143315947,0.08530756897860901,0.14607147696068423,0.425759960817091,0.1500385946582842,0.16023329346507859,0.014800561602156072,0.0660525265179641,0.028686247782519998,15.954827392023638,0.9794815828029945,0.9875264628879028,0.9899816026678969,0.008020705543458462,0.05979412607848644,0.018147140741348267,ok,
759xd9YjKW5,d16ee55e1e434c8abc07c79b08204bf1,d16ee55e1e434c8abc07c79b08204bf1_i1_1,1,1,/mnt/priorbimda-data/PriorBIMDA-Datasets/Matterport3D/v1/scans/759xd9YjKW5/undistorted_color_images/d16ee55e1e434c8abc07c79b08204bf1_i1_1.jpg,/mnt/priorbimda-data/PriorBIMDA-Datasets/Matterport3D/v1/scans/759xd9YjKW5/undistorted_depth_images/d16ee55e1e434c8abc07c79b08204bf1_d1_1.png,1024,1280,406,504,1.4121168655554452,1085994,0.8285476684570312,-5.950930118560791,4.843349933624268,1.6070799827575684,True,204624,1.0,True,,1.0,204624,0.9944005012512207,-0.005615234711727439,0.9979215738025802,0.0035346455890719114,log-depth Laplacian fallback,,,,0.03776059074063622,0.01720481487148627,0.21649923620985972,0.11136792047170553,0.07510425661522868,0.004656821242635821,0.03656756955378928,0.01588109367382404,7.495974504786057,0.9674454923323702,0.9967007184201754,0.9992080987556101,0.03768746877060985,0.017037002500480892,0.2173479267224393,0.11310989324354248,0.07496587184890281,-0.0009584133248298639,0.03670577139123144,0.01594111396921406,7.495974510338805,0.9673930058545444,0.9970230038103342,0.9992596644180355,0.05794110978436332,0.02529072660385432,0.26956778380286955,0.17794735332259268,0.09361421215904803,-0.016985949968773378,0.058147265970492884,0.025253036748745798,9.206029666374958,0.9664860026850977,0.996236627458347,0.9992246734328182,0.060791514941157275,0.027041021665784537,0.2805324352234177,0.18744127308731554,0.09751645170557253,-0.020840942599750494,0.061338103326709616,0.026638799805201487,9.526338995017532,0.9659869207380519,0.996086534548073,0.9992578227872345,0.037606651187674665,0.017116209214099988,0.21654829412282164,0.11154477928856761,0.07500400263044053,0.002576244389158285,0.03649200744334987,0.01584827746621924,7.495974503314737,0.9674160262395557,0.9968121370836303,0.99922835669442,0.009281178936362267,0.0602042805403471,0.018144387751817703,ok,
759xd9YjKW5,d16ee55e1e434c8abc07c79b08204bf1,d16ee55e1e434c8abc07c79b08204bf1_i1_2,1,2,/mnt/priorbimda-data/PriorBIMDA-Datasets/Matterport3D/v1/scans/759xd9YjKW5/undistorted_color_images/d16ee55e1e434c8abc07c79b08204bf1_i1_2.jpg,/mnt/priorbimda-data/PriorBIMDA-Datasets/Matterport3D/v1/scans/759xd9YjKW5/undistorted_depth_images/d16ee55e1e434c8abc07c79b08204bf1_d1_2.png,1024,1280,406,504,1.4121168655554452,579159,0.4418632507324219,-5.9525299072265625,4.840240001678467,1.6069799661636353,True,204624,1.0,True,,1.0,204624,1.0502961874008179,0.04907220763030964,0.8371682405802798,0.2268024320441098,log-depth Laplacian fallback,,,,0.17879877099237462,0.031151908120924023,0.16263865245665943,0.14333311956689543,0.17791125743290617,0.12916815401132617,0.1638270244947683,0.07114917272470674,12.234379228495468,0.9656916321770015,0.9934094091605241,0.9974929164529948,0.22086034819795455,0.04630791027448056,0.19251800053545712,0.16939014303145347,0.21618887586157787,0.17824036159985573,0.19610590586033852,0.0851677127837836,12.234379241729183,0.4343798507836363,0.9923319848262739,0.9966192358229778,0.18046528161724942,0.032199506290765234,0.1636518960625198,0.143279057602661,0.17961936990764932,0.15374297779998577,0.16347441908459512,0.07099603814077927,9.287741826307425,0.9523585060406555,0.9902151222721222,0.9977881721599768,0.17755392129040876,0.03100208182537278,0.16130811807887127,0.14122457455590173,0.177005532892251,0.150420302631853,0.16121233362919182,0.07001362690990405,9.329893477747486,0.9552022846921139,0.9907607410054925,0.9982163792671788,0.06639309000032743,0.021225954361358778,0.17773812411021764,0.0919152018027501,0.1316293317023411,-0.04856209897650322,0.0720588795110206,0.03129477374376754,12.234379227161977,0.8413596266310288,0.9952310160076939,0.9984960952001091,0.007486019283533096,0.05806587915867567,0.01811767742037773,ok,
759xd9YjKW5,d16ee55e1e434c8abc07c79b08204bf1,d16ee55e1e434c8abc07c79b08204bf1_i1_3,1,3,/mnt/priorbimda-data/PriorBIMDA-Datasets/Matterport3D/v1/scans/759xd9YjKW5/undistorted_color_images/d16ee55e1e434c8abc07c79b08204bf1_i1_3.jpg,/mnt/priorbimda-data/PriorBIMDA-Datasets/Matterport3D/v1/scans/759xd9YjKW5/undistorted_depth_images/d16ee55e1e434c8abc07c79b08204bf1_d1_3.png,1024,1280,406,504,1.4121168655554452,454743,0.3469413757324219,-5.956019878387451,4.840060234069824,1.606969952583313,True,204624,1.0,True,,1.0,204624,0.9806582927703857,-0.019531205508612464,0.9547102149741682,0.026816218857596,log-depth Laplacian fallback,,,,0.1430715758668139,0.06871761584389686,0.2161635027653578,0.11998636045039182,0.20780491457989173,0.11386416693479799,0.11477033367187958,0.04984412259989231,17.383277599981124,0.7675940036460155,0.98221193069492,0.9840481326815366,0.12519085380951933,0.06212775891422999,0.2027444709281441,0.0982545864445667,0.19777902199801486,0.094332961458237,0.09949796785091385,0.04321141839823904,17.383277575017324,0.7728519185561955,0.9823988494600246,0.9841932696050296,0.12693498256227884,0.06269149723791435,0.20310805814420563,0.09837989253063911,0.20052570773471348,0.08721863572058462,0.10085184695099046,0.04379940062056644,18.0564307230271,0.7678732822715248,0.9825351902063363,0.9843032218197971,0.13090210379559025,0.061875236880911046,0.20247649077861302,0.10378286744921597,0.2016019212716946,0.09073768214242982,0.10479973737959501,0.0455139476488681,18.002779701995443,0.7678930736701829,0.9825813701365387,0.9843801883701343,0.11477378795763823,0.0553096767311413,0.19113659791211188,0.09113541054349152,0.18648415585511163,0.06751671172607063,0.09226154309314374,0.040068679057231396,17.38327760311393,0.7899274975095824,0.9827397013258038,0.9844769463191297,0.007373478263616562,0.060262092389166355,0.018114833161234856,ok,
759xd9YjKW5,d16ee55e1e434c8abc07c79b08204bf1,d16ee55e1e434c8abc07c79b08204bf1_i1_4,1,4,/mnt/priorbimda-data/PriorBIMDA-Datasets/Matterport3D/v1/scans/759xd9YjKW5/undistorted_color_images/d16ee55e1e434c8abc07c79b08204bf1_i1_4.jpg,/mnt/priorbimda-data/PriorBIMDA-Datasets/Matterport3D/v1/scans/759xd9YjKW5/undistorted_depth_images/d16ee55e1e434c8abc07c79b08204bf1_d1_4.png,1024,1280,406,504,1.4121168655554452,1305865,0.9962959289550781,-5.957920074462891,4.8429999351501465,1.6070599555969238,True,204624,1.0,True,,1.0,204624,0.9849772453308105,-0.01513673926387907,1.0190810522772398,0.034038031339521956,log-depth Laplacian fallback,,,,0.026403896620369686,0.0018153416546877958,0.05321451393180066,0.04193194922722137,0.03508274852796491,-0.02476851053686261,0.026982946365648495,0.011718544712092539,2.4845927836604336,1.0,1.0,1.0,0.03917500547533822,0.003263677412577825,0.07181603893794125,0.06286809277215982,0.04700796820145259,-0.039905249638042734,0.0402447472131628,0.01747807164026788,2.4845927749920462,1.0,1.0,1.0,0.03947929661803752,0.0030093896435054637,0.06986495948166473,0.0642252096661133,0.04430784081791637,-0.039972993378881515,0.04042542877985121,0.017556540647662287,1.9113988549690777,1.0,1.0,1.0,0.037955261500138913,0.0027833372352434774,0.06715759817192497,0.06172845835683411,0.0425835063362658,-0.03832713344359033,0.03882571380462402,0.01686179326130312,1.8557635999448021,1.0,1.0,1.0,0.02032522674994514,0.0009956137563720954,0.039493606261703534,0.03241805329558903,0.025529297388068403,-0.0058672731959432305,0.020483434210710617,0.008895842448139903,2.4845927842859927,1.0,1.0,1.0,0.008280167356133461,0.05694696493446827,0.018157145008444786,ok,
759xd9YjKW5,d16ee55e1e434c8abc07c79b08204bf1,d16ee55e1e434c8abc07c79b08204bf1_i1_5,1,5,/mnt/priorbimda-data/PriorBIMDA-Datasets/Matterport3D/v1/scans/759xd9YjKW5/undistorted_color_images/d16ee55e1e434c8abc07c79b08204bf1_i1_5.jpg,/mnt/priorbimda-data/PriorBIMDA-Datasets/Matterport3D/v1/scans/759xd9YjKW5/undistorted_depth_images/d16ee55e1e434c8abc07c79b08204bf1_d1_5.png,1024,1280,406,504,1.4121168655554452,1299285,0.9912757873535156,-5.956319808959961,4.8461198806762695,1.607159972190857,True,204624,1.0,True,,1.0,204624,0.9750480651855469,-0.025268511573175993,1.0335457264038466,0.05826385495651144,log-depth Laplacian fallback,,,,0.038028858481674394,0.0030288138871400736,0.059467568158170614,0.04590076167258386,0.05060282472055084,-0.03241457153908017,0.0385448085343877,0.016739797652501946,3.8857964712998605,0.9927006007150087,1.0,1.0,0.06083419275484434,0.005573303973142885,0.0834774979656867,0.07646096234935272,0.06955055353908086,-0.057683083013432467,0.06259739615812744,0.027185703732986555,3.8857964841947306,0.9927652516576425,1.0,1.0,0.06612885918773136,0.006475874346679998,0.09236166046900948,0.08547464296228442,0.07393262135900681,-0.06356163021756708,0.06826177608152886,0.029645712677123386,3.7761775184696145,0.9927906502422487,1.0,1.0,0.0644898870025457,0.006243002204090684,0.09105631412970178,0.08375841528786825,0.0722111341793424,-0.06187206723582118,0.06652655627001423,0.02889211628809338,3.7232985314543554,0.9930684953647583,1.0,1.0,0.022635569202670396,0.0020643605821262464,0.04905210272113338,0.028029627149334088,0.03886230465509985,0.0005807777326394886,0.022236877280479853,0.009657353097672192,3.8857964696199234,0.9926690448977707,1.0,1.0,0.008029547519981861,0.05768050905317068,0.01816742680966854,ok,
759xd9YjKW5,d16ee55e1e434c8abc07c79b08204bf1,d16ee55e1e434c8abc07c79b08204bf1_i2_0,2,0,/mnt/priorbimda-data/PriorBIMDA-Datasets/Matterport3D/v1/scans/759xd9YjKW5/undistorted_color_images/d16ee55e1e434c8abc07c79b08204bf1_i2_0.jpg,/mnt/priorbimda-data/PriorBIMDA-Datasets/Matterport3D/v1/scans/759xd9YjKW5/undistorted_depth_images/d16ee55e1e434c8abc07c79b08204bf1_d2_0.png,1024,1280,406,504,1.4165615917841592,1211525,0.9243202209472656,-5.947850227355957,4.855070114135742,1.6407300233840942,True,204624,1.0,True,,1.0,204624,1.0244643688201904,0.024169908999956507,1.0120783905928423,0.012163880074514829,log-depth Laplacian fallback,,,,0.04135854365804412,0.024986311863415697,0.17301747296852438,0.06429212501160672,0.0877085228149644,-0.0026428955116840395,0.036852385905482156,0.016004787843720072,8.766869496974076,0.9835248963083717,0.9947454654258063,0.997198572047626,0.04165178761594466,0.02677146363965042,0.17752545446239076,0.05900449303634512,0.09027298809907315,0.02152701344664823,0.036176226952971874,0.015711135741755367,8.766869493954628,0.9817453209797569,0.993252305978003,0.99716142877778,0.04108515095746248,0.026321697291581184,0.1802703511109216,0.06562345462602949,0.08924253487806852,0.01192973448012153,0.036015419062235834,0.015641297762162203,8.84415709194329,0.9829462867047729,0.9922147706403087,0.9971870163636739,0.04146014500530714,0.025956574892855168,0.18010478639787744,0.06675235089613014,0.08921834611113927,0.012713800936345908,0.03643915046824435,0.015825321973600814,8.830782835376493,0.9829784775386393,0.9921338808526444,0.9971903179876602,0.03937647630398394,0.025603010381594103,0.17373167829862002,0.057246871025169045,0.08816727623997991,0.009363147077664238,0.03439036237069785,0.014935544608247298,8.7668694962221,0.9826557437939787,0.9940702833206083,0.9971746352737253,0.00875859148800373,0.05967381689697504,0.018105345778167248,ok,
759xd9YjKW5,d16ee55e1e434c8abc07c79b08204bf1,d16ee55e1e434c8abc07c79b08204bf1_i2_1,2,1,/mnt/priorbimda-data/PriorBIMDA-Datasets/Matterport3D/v1/scans/759xd9YjKW5/undistorted_color_images/d16ee55e1e434c8abc07c79b08204bf1_i2_1.jpg,/mnt/priorbimda-data/PriorBIMDA-Datasets/Matterport3D/v1/scans/759xd9YjKW5/undistorted_depth_images/d16ee55e1e434c8abc07c79b08204bf1_d2_1.png,1024,1280,406,504,1.4165615917841592,1220128,0.9308837890625,-5.93996000289917,4.842850208282471,1.6403599977493286,True,204624,1.0,True,,1.0,204624,1.0839009284973145,0.0805665044655629,1.0240077820002358,0.056842378267518485,log-depth Laplacian fallback,,,,0.036973966639639935,0.010810739677620477,0.14911328960867878,0.07353767679707761,0.06284527640352407,-0.012919755293706479,0.0357092462205982,0.015508328586530356,6.150291610473508,0.9814494872669097,0.997914972855307,0.9996123357549372,0.07247765149704818,0.023443013904453802,0.2244995864221827,0.1513835360734534,0.0914258789917119,0.06764674915360526,0.06786835732036589,0.02947485308007308,6.150291601506673,0.9756763224841983,0.9920926329040888,0.9992689291615305,0.06422527655498157,0.023006174612039812,0.22239485050651597,0.1354413321339683,0.08939183433058338,0.05940599555837815,0.05977706731210473,0.025960850478006333,6.679691412561228,0.9761959400980881,0.9901657858847597,0.9992926971596423,0.06466247828958724,0.022765123249538506,0.2202877359605904,0.13534929890846745,0.08926419302898812,0.05987433192210513,0.06023001450938705,0.02615756294637959,6.620544187601224,0.9762697028508485,0.990258399118781,0.9993402331558656,0.028066988240467154,0.011495955785444403,0.15360407554995442,0.056343190890887025,0.062444723077332634,0.010804385758327251,0.026063104232377433,0.011319062349390818,6.150291609826329,0.9799291549739044,0.9970585053371449,0.9994803823861103,0.007644296623766422,0.05890023335814476,0.01812070794403553,ok,
759xd9YjKW5,d16ee55e1e434c8abc07c79b08204bf1,d16ee55e1e434c8abc07c79b08204bf1_i2_2,2,2,/mnt/priorbimda-data/PriorBIMDA-Datasets/Matterport3D/v1/scans/759xd9YjKW5/undistorted_color_images/d16ee55e1e434c8abc07c79b08204bf1_i2_2.jpg,/mnt/priorbimda-data/PriorBIMDA-Datasets/Matterport3D/v1/scans/759xd9YjKW5/undistorted_depth_images/d16ee55e1e434c8abc07c79b08204bf1_d2_2.png,1024,1280,406,504,1.4165615917841592,954320,0.72808837890625,-5.946609973907471,4.829909801483154,1.6399400234222412,True,204624,1.0,True,,1.0,204624,1.0055389404296875,0.005523656909511115,0.9275348395947776,0.08074857921010568,log-depth Laplacian fallback,,,,0.07189495612378727,0.00658506317111527,0.07798389499783692,0.0649629465890871,0.08003176997050108,0.06827990251107047,0.06848985033404448,0.029744764066455102,4.174852234139446,0.9973048872495599,0.9983663760583452,0.9989605163886327,0.0777324568320893,0.007410135752927392,0.08324463243514359,0.07097014906418095,0.08479330452538839,0.0738035594339971,0.0739141644823999,0.0321005137691956,4.174852221585463,0.997286025651773,0.9983475144605582,0.9989007879956409,0.08219906589693937,0.009763039273401447,0.10256255786327124,0.08114074105545985,0.09069611918739588,0.07724669426136412,0.07781804383801767,0.03379594703135642,4.752614292519071,0.9971739039315952,0.9981924302120881,0.9987278900159275,0.08350162141059872,0.00971986880633241,0.10294660149756114,0.08345980129992984,0.09073286042576396,0.07871325304704607,0.07913257794130095,0.034366841938686,4.512954415671463,0.9972053399279068,0.9982395842065555,0.9988986922625535,0.027414563848287863,0.0024766196318706255,0.054584654339036205,0.032217445382604015,0.042322248637277786,-0.006945042380628668,0.027274883720387687,0.011845331494317213,4.174852232171617,0.9976569704082489,0.9985120295079218,0.9996500125743986,0.00856707151979208,0.05856217350810766,0.018051634542644024,ok,
759xd9YjKW5,d16ee55e1e434c8abc07c79b08204bf1,d16ee55e1e434c8abc07c79b08204bf1_i2_3,2,3,/mnt/priorbimda-data/PriorBIMDA-Datasets/Matterport3D/v1/scans/759xd9YjKW5/undistorted_color_images/d16ee55e1e434c8abc07c79b08204bf1_i2_3.jpg,/mnt/priorbimda-data/PriorBIMDA-Datasets/Matterport3D/v1/scans/759xd9YjKW5/undistorted_depth_images/d16ee55e1e434c8abc07c79b08204bf1_d2_3.png,1024,1280,406,504,1.4165615917841592,942683,0.7192100524902344,-5.961140155792236,4.82919979095459,1.6398899555206299,True,204624,1.0,True,,1.0,204624,0.9800598621368408,-0.020141625369956714,0.9167764473601113,0.06674999803393486,log-depth Laplacian fallback,,,,0.1002080521016025,0.022284681078490198,0.14909210259517708,0.10929388945305551,0.11616505768927893,0.09210444669794718,0.09210645773110034,0.040001326340271974,7.078906360744227,0.9946524971809187,0.9958512034268148,0.9968918501765704,0.07853872571476074,0.017635940937135476,0.12758873423222022,0.08234583523721221,0.10094423788550722,0.07196282127162004,0.07223483876251205,0.03137119187573012,7.07890635403149,0.9948381375287345,0.9959275811699161,0.996948072681909,0.050280119506536686,0.01510007965422863,0.12370566573665197,0.06575721580612853,0.08283673332069172,0.029052064109863454,0.0460387043860757,0.019994355268847706,7.757513750036013,0.9949548257473615,0.995976378061342,0.9969873223554472,0.0521083629553171,0.014804288734895874,0.12450579881478821,0.06864031265633372,0.08323203549960362,0.02820765212400125,0.047987481050373995,0.02084069822061427,7.830644989436442,0.9950121090546875,0.9960135061309051,0.9970308152369354,0.03503860185469649,0.010810075512607749,0.09626424688843797,0.039987095229663636,0.07098073487850266,0.0052127920343208,0.032182430855693535,0.013976652134860644,7.078906358399725,0.9952348774720664,0.9962108153005835,0.9971305306237622,0.008459449745714664,0.057883392088115215,0.018201650120317936,ok,
759xd9YjKW5,d16ee55e1e434c8abc07c79b08204bf1,d16ee55e1e434c8abc07c79b08204bf1_i2_4,2,4,/mnt/priorbimda-data/PriorBIMDA-Datasets/Matterport3D/v1/scans/759xd9YjKW5/undistorted_color_images/d16ee55e1e434c8abc07c79b08204bf1_i2_4.jpg,/mnt/priorbimda-data/PriorBIMDA-Datasets/Matterport3D/v1/scans/759xd9YjKW5/undistorted_depth_images/d16ee55e1e434c8abc07c79b08204bf1_d2_4.png,1024,1280,406,504,1.4165615917841592,1240656,0.94654541015625,-5.969029903411865,4.8414201736450195,1.6402499675750732,True,204624,1.0,True,,1.0,204624,1.0025056600570679,0.0025025261248612673,1.00936445897484,0.006818358128591788,log-depth Laplacian fallback,,,,0.02660289619423694,0.0025952520262002374,0.06334165206696901,0.047122654946431634,0.03926761099283807,-0.009080559362610882,0.02662292658805347,0.011562190109306992,3.820325528992205,0.9972756348254472,0.9991818844224346,1.0,0.02615332026659331,0.0025434694711102468,0.06254956584710482,0.046300090055395454,0.03876543873406596,-0.006578033260070565,0.026107370427494624,0.011338286913665058,3.8203255341319102,0.9972546781702584,0.9991609277672457,1.0,0.017362636081880593,0.0017754228222188323,0.049832404771249644,0.029974180775819474,0.03195100819981307,-0.005029495406829843,0.01719633638999794,0.007468274003128191,3.1552671851004943,0.9970177067615842,0.9989932745257347,0.9999927457732039,0.016756384784861418,0.0017587877685265483,0.04955094272709467,0.02895039275417913,0.031560334364136626,-0.005061021136339022,0.01656988000435491,0.007196207451690369,3.1151898340769426,0.9969959440811957,0.9988594743426058,0.9999588927148219,0.025722067903122793,0.002520133968819366,0.06216815573386193,0.04554298722867439,0.03820401139806334,0.00024035141383211254,0.02549991252238929,0.011074471297489294,3.820325533382231,0.9972192130614772,0.9991157903560697,0.9999991939748004,0.007764942012727261,0.058095802552998066,0.01808619685471058,ok,
759xd9YjKW5,d16ee55e1e434c8abc07c79b08204bf1,d16ee55e1e434c8abc07c79b08204bf1_i2_5,2,5,/mnt/priorbimda-data/PriorBIMDA-Datasets/Matterport3D/v1/scans/759xd9YjKW5/undistorted_color_images/d16ee55e1e434c8abc07c79b08204bf1_i2_5.jpg,/mnt/priorbimda-data/PriorBIMDA-Datasets/Matterport3D/v1/scans/759xd9YjKW5/undistorted_depth_images/d16ee55e1e434c8abc07c79b08204bf1_d2_5.png,1024,1280,406,504,1.4165615917841592,1224971,0.9345787048339844,-5.9623799324035645,4.8543500900268555,1.6406699419021606,True,204624,1.0,True,,1.0,204624,0.9793423414230347,-0.02087401277319144,1.0143605515191008,0.03513242823114817,log-depth Laplacian fallback,,,,0.037772898890136984,0.0043569151046713595,0.07712587145626361,0.05294915288744534,0.0552487462483452,-0.008170483539007399,0.03756305206602538,0.016313426235719356,5.464125877716258,0.9895997537900897,0.9993705973447534,1.0,0.04571537461197727,0.005520722337763963,0.09102030934481382,0.06835977027218271,0.061880933361893126,-0.029044496341255683,0.04636799030981731,0.020137362328497107,5.464125864236514,0.9889899434353956,0.9994612117348084,1.0,0.049547365007397315,0.005641129267291745,0.09304678121676373,0.07435491012073268,0.06257419221720091,-0.04337264388655529,0.05058118273809535,0.02196712855129485,4.510369490324784,0.9896756739547303,0.9994701915392282,1.0,0.049117700390532114,0.005488477236377332,0.09156789470347883,0.07344175923919129,0.06191123022433956,-0.04296107201854364,0.05013697793190368,0.021774212855130873,4.457966710181541,0.9901034391834582,0.9994652934640902,1.0,0.03603219261190402,0.004267484977989516,0.07380184849495437,0.04741695897590487,0.054979359949608446,0.0060879275282555625,0.03530105187520073,0.015331052034780116,5.464125876001868,0.9889327992254511,0.9992807993005549,1.0,0.007929985411465168,0.05909266974776983,0.01808854565024376,ok,
759xd9YjKW5,d3bbb56e888d4b659563d6e135406870,d3bbb56e888d4b659563d6e135406870_i0_0,0,0,/mnt/priorbimda-data/PriorBIMDA-Datasets/Matterport3D/v1/scans/759xd9YjKW5/undistorted_color_images/d3bbb56e888d4b659563d6e135406870_i0_0.jpg,/mnt/priorbimda-data/PriorBIMDA-Datasets/Matterport3D/v1/scans/759xd9YjKW5/undistorted_depth_images/d3bbb56e888d4b659563d6e135406870_d0_0.png,1024,1280,406,504,1.4155678118069965,1245664,0.9503662109375,-5.139780044555664,6.0148701667785645,1.563889980316162,True,204624,1.0,True,,1.0,204624,1.100969672203064,0.09619131167819628,1.08682080530434,0.012934569654701245,log-depth Laplacian fallback,,,,0.08893596358728097,0.017383688735478197,0.1731966125074359,0.1547717388266088,0.11401370689260032,-0.09306167597402581,0.0950197615760637,0.0412665581242471,6.586842812984991,0.9558765445577619,1.0,1.0,0.05141135864870959,0.00815002194943961,0.13551953703980144,0.09937925952337091,0.06594273613751564,0.003129635674310748,0.05163546660546546,0.02242499821725329,6.58684281719861,0.9988809181288052,1.0,1.0,0.029144349153404223,0.0028316591011470376,0.08075839171487877,0.05684209598866794,0.037640285404540536,0.0027772075473809932,0.02908737948194298,0.01263248840203371,3.7537690440063534,0.9992036375780307,1.0,1.0,0.024639290358683657,0.002200345119324249,0.07196737069561429,0.048969327097654676,0.0326709170395805,0.0016752738544623838,0.02461582485038695,0.010690516900019991,3.2627937074226843,0.9992269183343181,1.0,1.0,0.04951064625566271,0.007365325093714382,0.12396318261853806,0.09194486742521447,0.06659418825079978,-0.009804901240915652,0.05038469721803682,0.02188179597415953,6.58684281005616,0.9990262221594266,1.0,1.0,0.008169617503881454,0.05747771915048361,0.018147248774766922,ok,
759xd9YjKW5,d3bbb56e888d4b659563d6e135406870,d3bbb56e888d4b659563d6e135406870_i0_1,0,1,/mnt/priorbimda-data/PriorBIMDA-Datasets/Matterport3D/v1/scans/759xd9YjKW5/undistorted_color_images/d3bbb56e888d4b659563d6e135406870_i0_1.jpg,/mnt/priorbimda-data/PriorBIMDA-Datasets/Matterport3D/v1/scans/759xd9YjKW5/undistorted_depth_images/d3bbb56e888d4b659563d6e135406870_d0_1.png,1024,1280,406,504,1.4155678118069965,1238053,0.9445594787597656,-5.149829864501953,6.004350185394287,1.5636999607086182,True,204624,1.0,True,,1.0,204624,1.031617522239685,0.03112798037875057,1.0420665504606503,0.01007782891741334,log-depth Laplacian fallback,,,,0.05753530522251192,0.007750112716823803,0.10979208028033674,0.09088535839760627,0.07536008510006105,-0.046664035827516,0.059856492263088173,0.025995344295943867,5.917440482655272,0.9991470478242854,1.0,1.0,0.0492917466067352,0.005723674619038682,0.09697650484176668,0.08098476067245136,0.06117989228621007,-0.015536055460326905,0.04998961833259067,0.021710215394293773,5.917440494745945,0.9984984487740024,1.0,1.0,0.030805269642214566,0.003255999479100187,0.07666022364217381,0.05242262147975449,0.04282133526584529,-0.007463564155049651,0.030800741919422697,0.013376592254131457,4.21658862595509,0.9985041028130459,1.0,1.0,0.027430590620559255,0.003223387957996773,0.07707817001415718,0.04763641530262168,0.04192226548320545,-0.003928848876965002,0.02731335462015719,0.011862039193800954,4.1737758561598985,0.9984322157452064,1.0,1.0,0.049361597072243586,0.005789418782927517,0.09969019988763425,0.08376182759354463,0.0594256020200426,-0.005458203898059043,0.049563107781634676,0.02152498421554007,5.917440481873649,0.99827471037185,1.0,1.0,0.007397281937301159,0.05719551723450422,0.018105637282133102,ok,
759xd9YjKW5,d3bbb56e888d4b659563d6e135406870,d3bbb56e888d4b659563d6e135406870_i0_2,0,2,/mnt/priorbimda-data/PriorBIMDA-Datasets/Matterport3D/v1/scans/759xd9YjKW5/undistorted_color_images/d3bbb56e888d4b659563d6e135406870_i0_2.jpg,/mnt/priorbimda-data/PriorBIMDA-Datasets/Matterport3D/v1/scans/759xd9YjKW5/undistorted_depth_images/d3bbb56e888d4b659563d6e135406870_d0_2.png,1024,1280,406,504,1.4155678118069965,1089157,0.8309608459472656,-5.163969993591309,6.0077900886535645,1.56358003616333,True,204624,1.0,True,,1.0,204624,1.0197232961654663,0.019531312224423395,1.0449118831289474,0.02440124727237689,log-depth Laplacian fallback,,,,0.11596341520591226,0.02677153330960132,0.16789667415867005,0.13434968958079016,0.14129739578591394,-0.008852414695896317,0.1124813667063712,0.04885003687751318,14.101981708232742,0.9517351492943625,0.996082291166471,0.9970013505858201,0.11397139862895043,0.026153804818197866,0.15690729982398896,0.1214489993324741,0.141423575428764,0.010678897563065058,0.1082479548919441,0.04701148948688343,14.101981716727922,0.957972082996299,0.9959730323543805,0.9969214722946279,0.11650712729152432,0.028588274684854708,0.16537680667870505,0.1291391112937698,0.14669079130468518,0.009898379236814987,0.10933653954362026,0.047484255794190945,14.635644960875108,0.86684656114775,0.9957719594144829,0.9967782422552488,0.11853222606472665,0.028613947978625882,0.16574708998648496,0.1312276145053526,0.14913170651531196,0.01029921844496715,0.11102805971885192,0.04821887367232211,14.87756431261246,0.8471919108080836,0.9958601009771778,0.9969425895440235,0.11504715135441754,0.026910165753362553,0.15064526426963384,0.11171879018740251,0.14531759672320102,0.03508012400325228,0.1065360370365005,0.04626801300879264,14.101981710853028,0.9349056196673207,0.9958288841737234,0.9968021139284786,0.007970161736011505,0.058419511653482914,0.018097832798957825,ok,
759xd9YjKW5,d3bbb56e888d4b659563d6e135406870,d3bbb56e888d4b659563d6e135406870_i0_3,0,3,/mnt/priorbimda-data/PriorBIMDA-Datasets/Matterport3D/v1/scans/759xd9YjKW5/undistorted_color_images/d3bbb56e888d4b659563d6e135406870_i0_3.jpg,/mnt/priorbimda-data/PriorBIMDA-Datasets/Matterport3D/v1/scans/759xd9YjKW5/undistorted_depth_images/d3bbb56e888d4b659563d6e135406870_d0_3.png,1024,1280,406,504,1.4155678118069965,832964,0.6355010986328125,-5.1680498123168945,6.021759986877441,1.5636600255966187,True,204624,1.0,True,,1.0,204624,0.7988281846046448,-0.22460939438160338,0.6471015452903893,0.21064265451607356,log-depth Laplacian fallback,,,,0.5479348418420816,0.21184223611416397,0.39250617199928167,0.38276837671510944,0.4378516310607785,0.4361332730775872,0.4361332730775872,0.18941027387200007,3.875330872602779,0.0,0.6466593994458344,0.9964860426140866,0.23653397928598002,0.04059835483200832,0.1708164604926552,0.16439801967198367,0.21504457700811305,0.2115238784379804,0.2115238784379804,0.09186365319638914,3.8753308905856656,0.6761816837222256,0.9964884436782382,0.9992136514903405,0.2731621139284936,0.06285004483203709,0.2101525274700683,0.18798956774538428,0.2555644643404558,0.23657103398516266,0.23657103398516266,0.10274149463790277,9.6681649307483,0.730164809043368,0.9477360366114261,0.9977634087427548,0.2841716614854404,0.07051281240496629,0.22182940349946714,0.19521943751100151,0.26711116969895976,0.24377712686180164,0.24377712686180164,0.10587106101030945,10.918374144968455,0.7377293616530847,0.870445781570392,0.9977478018257692,0.02551519701674118,0.0014033544064405137,0.03425638733341342,0.019032282225729,0.03876332579736619,0.0008811874097608063,0.025231804473487416,0.010958033451297373,3.8753308705472285,0.9964608314404945,0.9990779913657734,1.0,0.007898952811956406,0.05762243550270796,0.0180777870118618,ok,
759xd9YjKW5,d3bbb56e888d4b659563d6e135406870,d3bbb56e888d4b659563d6e135406870_i0_4,0,4,/mnt/priorbimda-data/PriorBIMDA-Datasets/Matterport3D/v1/scans/759xd9YjKW5/undistorted_color_images/d3bbb56e888d4b659563d6e135406870_i0_4.jpg,/mnt/priorbimda-data/PriorBIMDA-Datasets/Matterport3D/v1/scans/759xd9YjKW5/undistorted_depth_images/d3bbb56e888d4b659563d6e135406870_d0_4.png,1024,1280,406,504,1.4155678118069965,1199994,0.9155227661132812,-5.1579999923706055,6.032279968261719,1.5638500452041626,True,204624,1.0,True,,1.0,204624,1.0301073789596558,0.02966304822488458,1.0237506235080667,0.006190082996639354,log-depth Laplacian fallback,,,,0.053746357333264994,0.02001750867832737,0.24654760807773704,0.09249010628287722,0.10088786689398012,-0.030464729935195372,0.0572730572641636,0.024873372731555207,9.617828193720795,0.956039780198901,0.986521599274663,0.9999958333124999,0.051824684403381185,0.017981842459523056,0.23196555466029148,0.08328251142358278,0.09618162325323489,-0.0008016816822551915,0.05381445025320852,0.023371318791625503,9.617828215406817,0.9559689465113992,0.9896932817997424,0.9998883327749972,0.050569727823050456,0.01958140297337729,0.24463364107517935,0.08098351257325695,0.10109725854501975,0.007579322845706821,0.052738691887089864,0.022904122869358917,10.08127449805783,0.9560631136489016,0.9839507530870988,0.9999958333124999,0.050859071225717825,0.01957070860075876,0.24451149594420538,0.0814371323432107,0.10102588188795285,0.008748248720698305,0.05302762073289106,0.023029603072753056,10.064639564117238,0.9560714470239018,0.9841790875621045,0.9999974999875,0.051215277324923834,0.018249003387651893,0.23467271147289723,0.08403646787121098,0.0964320805188246,-0.006991726279234515,0.0535236483853313,0.023245025145079274,9.617828193945519,0.9559814465738995,0.9889699448497242,0.9999458330624986,0.008441171608865261,0.05947482772171497,0.018067987635731697,ok,
759xd9YjKW5,d3bbb56e888d4b659563d6e135406870,d3bbb56e888d4b659563d6e135406870_i0_5,0,5,/mnt/priorbimda-data/PriorBIMDA-Datasets/Matterport3D/v1/scans/759xd9YjKW5/undistorted_color_images/d3bbb56e888d4b659563d6e135406870_i0_5.jpg,/mnt/priorbimda-data/PriorBIMDA-Datasets/Matterport3D/v1/scans/759xd9YjKW5/undistorted_depth_images/d3bbb56e888d4b659563d6e135406870_d0_5.png,1024,1280,406,504,1.4155678118069965,1215052,0.9270111083984375,-5.143869876861572,6.028830051422119,1.5639599561691284,True,204624,1.0,True,,1.0,204624,0.9176515936851501,-0.08593748797655398,0.8894253225194961,0.03124224187094969,log-depth Laplacian fallback,,,,0.12274719383491119,0.03233270871543659,0.2386067936798466,0.19236199201056556,0.13103658481799488,0.10152710123668408,0.11483385157679801,0.04987170807550043,8.284222519488273,0.9813193180209572,0.9978889792371026,0.9993959106276933,0.06274938407355948,0.013389207761183327,0.17277574585481123,0.10308536946388347,0.08429632441380618,0.015589613281169208,0.062436133765389194,0.02711566836568183,8.284222514769414,0.9723682607822546,0.9992650520306949,0.9994798576521828,0.04894964249254735,0.010907457190751185,0.15833438180838635,0.08321755539542379,0.07359283666380201,0.02036515502593173,0.048242935019110825,0.020951640469616985,7.07189229909139,0.9815974954158341,0.9991695828655893,0.999492202802843,0.048018361946614026,0.010479333413629893,0.15512908324012553,0.08136241453597803,0.07236421772305521,0.021515865301715356,0.0473569379384103,0.020566856826486353,6.909158810584816,0.9817011946813798,0.9991786359760735,0.999491379792799,0.05548373008466731,0.012703923217363597,0.17266441265538968,0.09144491504049251,0.08430799807912202,-0.015652612040703732,0.05699233467364585,0.02475145645954777,8.284222520196122,0.9691609906407298,0.9990115649371385,0.9995078399936793,0.008439137600362301,0.057581951841712,0.01813217718154192,ok,
759xd9YjKW5,d3bbb56e888d4b659563d6e135406870,d3bbb56e888d4b659563d6e135406870_i1_0,1,0,/mnt/priorbimda-data/PriorBIMDA-Datasets/Matterport3D/v1/scans/759xd9YjKW5/undistorted_color_images/d3bbb56e888d4b659563d6e135406870_i1_0.jpg,/mnt/priorbimda-data/PriorBIMDA-Datasets/Matterport3D/v1/scans/759xd9YjKW5/undistorted_depth_images/d3bbb56e888d4b659563d6e135406870_d1_0.png,1024,1280,406,504,1.4121168655554452,1157594,0.8831741333007812,-5.15084981918335,6.017210006713867,1.5970499515533447,True,204624,1.0,True,,1.0,204624,0.9938544034957886,-0.006164558410475207,1.0022710339538552,0.008433017464440438,log-depth Laplacian fallback,,,,0.05806979418576833,0.04985534959308494,0.35680440178976874,0.1740280812787335,0.11487510015590773,0.00891906994064221,0.051799731449307246,0.02249633753250448,11.452833198481398,0.9604403616466568,0.972938698714748,0.9983491621414762,0.058480104425667,0.04939521735052599,0.35888624310035167,0.17938677188231544,0.11456145153177294,0.0027545114877624076,0.05256882150379553,0.022830349099255416,11.4528332056005,0.9600568074817251,0.973537354201905,0.9983932190387994,0.07038281194335216,0.05373092390296462,0.3789248268971978,0.21275029133773868,0.12310474216045289,-0.006316626275691623,0.06574995448280112,0.028554842417270514,12.29425791777805,0.9601742925412536,0.9739641014034282,0.998515887262719,0.07080311507096766,0.05547504222465164,0.38820525633194425,0.21592464845680587,0.12479406619569583,-0.00905034512743974,0.06624127474071986,0.028768220094131883,12.44654579019012,0.9587601525232509,0.9741187324744254,0.9984493699863682,0.058145142666253584,0.0500982198146374,0.3564706777737209,0.17297174509601712,0.11507345533510638,0.011187551154494463,0.05174328604562219,0.022471823605155247,11.452833196168664,0.9606165892359497,0.9727745651757006,0.9983275656231805,0.008158831857144833,0.05989802908152342,0.01814193744212389,ok,
759xd9YjKW5,d3bbb56e888d4b659563d6e135406870,d3bbb56e888d4b659563d6e135406870_i1_1,1,1,/mnt/priorbimda-data/PriorBIMDA-Datasets/Matterport3D/v1/scans/759xd9YjKW5/undistorted_color_images/d3bbb56e888d4b659563d6e135406870_i1_1.jpg,/mnt/priorbimda-data/PriorBIMDA-Datasets/Matterport3D/v1/scans/759xd9YjKW5/undistorted_depth_images/d3bbb56e888d4b659563d6e135406870_d1_1.png,1024,1280,406,504,1.4121168655554452,1248399,0.9524528503417968,-5.1532697677612305,6.014679908752441,1.597000002861023,True,204624,1.0,True,,1.0,204624,1.0362874269485474,0.03564454449769464,0.9676206142238187,0.0685597404816258,log-depth Laplacian fallback,,,,0.0456706439959808,0.006323224266385695,0.11694812710368323,0.09528137390725618,0.05395041257579214,0.022597412920319575,0.04522222662748694,0.019639763483695873,4.898983513349238,0.9980919561774722,1.0,1.0,0.07425858594167208,0.012680870724396762,0.1611548079124808,0.1495832300862301,0.07610604150735574,0.05824195747791817,0.07168164476166522,0.031130942773740358,4.898983509933186,0.9953236104803032,1.0,1.0,0.07464873216886202,0.012979108422678742,0.16088898100028873,0.14741870782772876,0.07857317650146574,0.05393777269066506,0.07219916282028656,0.03135569801088489,5.713545959122612,0.9954774074634792,1.0,1.0,0.07632861127610509,0.013577167143956858,0.1642835707938459,0.15039621881101464,0.08042973599684053,0.055153508239491535,0.07375710618408698,0.03203230421690121,5.854086573836951,0.9954021110237993,1.0,1.0,0.028569425414878193,0.005360477580169938,0.11167047532030205,0.06389241217701758,0.050064564877716086,-0.010317786216672455,0.02928266114815537,0.012717298152086614,4.898983510874564,0.998719159499487,1.0,1.0,0.007951107807457447,0.0584277817979455,0.018176852725446224,ok,
759xd9YjKW5,d3bbb56e888d4b659563d6e135406870,d3bbb56e888d4b659563d6e135406870_i1_2,1,2,/mnt/priorbimda-data/PriorBIMDA-Datasets/Matterport3D/v1/scans/759xd9YjKW5/undistorted_color_images/d3bbb56e888d4b659563d6e135406870_i1_2.jpg,/mnt/priorbimda-data/PriorBIMDA-Datasets/Matterport3D/v1/scans/759xd9YjKW5/undistorted_depth_images/d3bbb56e888d4b659563d6e135406870_d1_2.png,1024,1280,406,504,1.4121168655554452,840442,0.6412063598632812,-5.156670093536377,6.015500068664551,1.5969699621200562,True,204624,1.0,True,,1.0,204624,1.0157476663589478,0.015624958426941539,0.9290472931651548,0.08922059228587007,log-depth Laplacian fallback,,,,0.1626875224102539,0.15245606850337445,0.34305290668803456,0.20015004755046165,0.24885459650629535,0.11447849546331708,0.11452195908019983,0.0497362548852808,22.09599155475182,0.9497942749172459,0.9540932033382434,0.9582981336011289,0.18096947612871678,0.16423685430433696,0.36667295668679867,0.23764167254382484,0.2564180042929555,0.1301034537254054,0.1301194960660904,0.05651017912953495,22.095991549216222,0.9496312654531782,0.9540289514326985,0.9564776629440224,0.1603292609538318,0.14730804488554566,0.3349301275567437,0.18825378479582433,0.24721338645071844,0.11239604469837829,0.11317899481248288,0.0491530129144181,22.018534823323826,0.9499382467796706,0.9541872014963555,0.9601590591617268,0.15988968212920188,0.14338390192426648,0.32960966928449376,0.18792484199902382,0.24602850404088542,0.1119898118329423,0.11341046523034695,0.049253539239620295,21.906233552625643,0.9500036885353184,0.9542217071493333,0.9607373263116312,0.10426711775867016,0.11621890854843454,0.2839308100439335,0.10512057953128304,0.22471024022442593,0.04088285439186557,0.0654451645111633,0.028422473814448748,22.0959915546899,0.9505938541862496,0.9544216019665842,0.9607373263116312,0.008346904069185257,0.05749835819005966,0.018116062507033348,ok,
759xd9YjKW5,d3bbb56e888d4b659563d6e135406870,d3bbb56e888d4b659563d6e135406870_i1_4,1,4,/mnt/priorbimda-data/PriorBIMDA-Datasets/Matterport3D/v1/scans/759xd9YjKW5/undistorted_color_images/d3bbb56e888d4b659563d6e135406870_i1_4.jpg,/mnt/priorbimda-data/PriorBIMDA-Datasets/Matterport3D/v1/scans/759xd9YjKW5/undistorted_depth_images/d3bbb56e888d4b659563d6e135406870_d1_4.png,1024,1280,406,504,1.4121168655554452,1217839,0.9291374206542968,-5.155240058898926,6.021389961242676,1.597040057182312,True,204624,1.0,True,,1.0,204624,0.873920738697052,-0.13476559542864897,0.8649130868684122,0.01036065927859392,log-depth Laplacian fallback,,,,0.1425153394876312,0.04011670943419138,0.24746517032400525,0.16115193423975469,0.16031486337459394,0.12022222518372333,0.12860172191020042,0.05585101818885659,10.60540993582466,0.9136733180658527,0.993765185710098,0.99654223587847,0.07769710715774998,0.03743413092070375,0.389793010793795,0.23755771107213206,0.10704663276403227,-0.01454337020563851,0.07812660659786752,0.03392995413528006,10.60540992568384,0.9868833236577249,0.9950871995395122,0.9972681117947446,0.06617051486779668,0.024618430053737313,0.28653397977140016,0.17287439121924397,0.09227756160271605,-0.0007064061842143716,0.06482770720423196,0.028154315513237622,9.227485771132871,0.9875821023961295,0.9949591037895814,0.9974742145718769,0.0661138912896177,0.024263021178406608,0.28350683797702775,0.17085151567147175,0.09203878224320951,0.001323740907676144,0.06466055253687451,0.0280817211635799,9.202926244854016,0.98774879109636,0.9949525347767644,0.9974717511920705,0.07621244485397972,0.04023506386658599,0.4111116099959433,0.24689221780759493,0.10893888918226788,-0.02490400743492191,0.0774380894723847,0.03363093494698699,10.605409935475288,0.9853872309886611,0.9951955882509921,0.997291103339604,0.00848409254103899,0.05793122202157974,0.018049643374979496,ok,
759xd9YjKW5,d3bbb56e888d4b659563d6e135406870,d3bbb56e888d4b659563d6e135406870_i1_5,1,5,/mnt/priorbimda-data/PriorBIMDA-Datasets/Matterport3D/v1/scans/759xd9YjKW5/undistorted_color_images/d3bbb56e888d4b659563d6e135406870_i1_5.jpg,/mnt/priorbimda-data/PriorBIMDA-Datasets/Matterport3D/v1/scans/759xd9YjKW5/undistorted_depth_images/d3bbb56e888d4b659563d6e135406870_d1_5.png,1024,1280,406,504,1.4121168655554452,1175221,0.8966224670410157,-5.1518402099609375,6.020569801330566,1.597059965133667,True,204624,1.0,True,,1.0,204624,0.9234949946403503,-0.07958989934632286,0.9050352468852686,0.020191489859745407,log-depth Laplacian fallback,,,,0.12360121315056366,0.06992945117794197,0.34995850447234045,0.21832774031205787,0.1541845249593404,0.061954742819418526,0.11316339395574519,0.04914623754842391,14.118950945136529,0.9561690950042587,0.9889118727456367,0.9912901488315815,0.08298300665663337,0.0632487815001225,0.39752773328753804,0.20396821788587255,0.142286598994538,-0.017635156461535077,0.0806613869313659,0.035030795246955314,14.118950920663204,0.9424695440261874,0.9898478669118405,0.9914016172277385,0.06962624518771623,0.05424986951227419,0.3517933259938045,0.17116576554047394,0.13034519356722363,-0.01240117202301348,0.06627377357933617,0.028782334160411233,12.975392255547662,0.9491508405653064,0.9899627389231472,0.9915079802011707,0.07062506598958623,0.05376189012548128,0.349777739582918,0.17181145882113144,0.1301091386420414,-0.010132343517333093,0.06724686980894505,0.029204944483291202,12.971400684976434,0.9497294551407778,0.9899678443458719,0.9915284018920697,0.07790609356804513,0.0655139930567979,0.42041242171571486,0.20805697663459147,0.14616884719046663,-0.03782663484286867,0.07720114171156382,0.03352802984196313,14.118950947380707,0.9340073058599191,0.989895517523938,0.9914348024754494,0.008062470704317093,0.05813700892031193,0.01810649875551462,ok,
759xd9YjKW5,d3bbb56e888d4b659563d6e135406870,d3bbb56e888d4b659563d6e135406870_i2_0,2,0,/mnt/priorbimda-data/PriorBIMDA-Datasets/Matterport3D/v1/scans/759xd9YjKW5/undistorted_color_images/d3bbb56e888d4b659563d6e135406870_i2_0.jpg,/mnt/priorbimda-data/PriorBIMDA-Datasets/Matterport3D/v1/scans/759xd9YjKW5/undistorted_depth_images/d3bbb56e888d4b659563d6e135406870_d2_0.png,1024,1280,406,504,1.4165615917841592,1237766,0.9443405151367188,-5.1404500007629395,6.014319896697998,1.6303800344467163,True,204624,1.0,True,,1.0,204624,1.0551795959472656,0.053710985565385796,1.0145032397729596,0.039311911819074216,log-depth Laplacian fallback,,,,0.055937734978470786,0.023809570347959077,0.20238767552508635,0.09597754131064286,0.09729980065230998,0.010141834580736867,0.05142961137525116,0.02233559642670028,9.67698010658089,0.9650491288337214,0.9865467301573965,0.9977709841763306,0.07494289083192342,0.03514741056644878,0.24959611549290736,0.1379155663689396,0.11593781546742309,0.06385282022886205,0.06723113399668196,0.02919811050685709,9.67698010961006,0.959933460767221,0.9783585912038302,0.996589823924716,0.0702160033021113,0.034927594272015215,0.2522657237423471,0.13186382839589159,0.11362888469358534,0.050858807792492765,0.0629954459982284,0.027358574582064865,10.161154022370878,0.9602162282693175,0.9772671086457375,0.9963022089797263,0.06969201440701478,0.03416345075101824,0.24824672291452643,0.12944441755528002,0.11269492883646713,0.0501721938987328,0.0626029850700028,0.027188130966573867,10.091034607434636,0.960303482241393,0.97739152634666,0.9964686378523889,0.05303939552789521,0.02557506851378035,0.20912542646760066,0.08912916373548206,0.09983311385646548,0.024540909097701815,0.04775410790685839,0.020739345552161052,9.676980108968054,0.9636684155163415,0.9839759696097646,0.9975657757605234,0.0073167709633708,0.05966577026993036,0.018083278089761734,ok,
759xd9YjKW5,d3bbb56e888d4b659563d6e135406870,d3bbb56e888d4b659563d6e135406870_i2_1,2,1,/mnt/priorbimda-data/PriorBIMDA-Datasets/Matterport3D/v1/scans/759xd9YjKW5/undistorted_color_images/d3bbb56e888d4b659563d6e135406870_i2_1.jpg,/mnt/priorbimda-data/PriorBIMDA-Datasets/Matterport3D/v1/scans/759xd9YjKW5/undistorted_depth_images/d3bbb56e888d4b659563d6e135406870_d2_1.png,1024,1280,406,504,1.4165615917841592,1241483,0.9471763610839844,-5.1504998207092285,6.003789901733398,1.6301900148391724,True,204624,1.0,True,,1.0,204624,1.0796750783920288,0.07666014252996887,1.0108887071323263,0.06583029051714605,log-depth Laplacian fallback,,,,0.041242637283502984,0.01159711682858403,0.12620736294884663,0.05852823121943368,0.08457785775141209,-0.02430490298692255,0.04126214625477625,0.01791992242993424,8.101040496513013,0.9783090062449505,0.9906998323778899,1.0,0.07856363444649231,0.02057908145966185,0.1852625220274529,0.14046987804717675,0.09645598382983815,0.05235523937963074,0.07453811963840938,0.03237149405040562,8.101040504826255,0.9848278228537967,0.9890139454185035,0.9992452574864094,0.06956225758841815,0.02083426791499702,0.18520607898721433,0.12319456246426047,0.0965941410555085,0.04243817537935517,0.06568265737225507,0.028525615653512332,8.67722844963907,0.9847738551393777,0.9890236112778025,0.9987764633104118,0.07167680265226868,0.021422128566517182,0.18804175957431127,0.12726478109421518,0.09782498056535135,0.04579271146841558,0.0676101393889453,0.029362710457328668,8.644509470746048,0.9847142490070343,0.9890244167660773,0.9987394108497659,0.03943761867933247,0.011484178367988412,0.12602175828366446,0.05704738914026963,0.08212346202507563,-0.013475062285118295,0.03902451510438367,0.016948131568783928,8.10104049576116,0.9852829237291207,0.9904710737078156,1.0,0.00856770295649767,0.05949086230248213,0.01813853159546852,ok,
759xd9YjKW5,d3bbb56e888d4b659563d6e135406870,d3bbb56e888d4b659563d6e135406870_i2_2,2,2,/mnt/priorbimda-data/PriorBIMDA-Datasets/Matterport3D/v1/scans/759xd9YjKW5/undistorted_color_images/d3bbb56e888d4b659563d6e135406870_i2_2.jpg,/mnt/priorbimda-data/PriorBIMDA-Datasets/Matterport3D/v1/scans/759xd9YjKW5/undistorted_depth_images/d3bbb56e888d4b659563d6e135406870_d2_2.png,1024,1280,406,504,1.4165615917841592,1062126,0.8103378295898438,-5.164639949798584,6.007239818572998,1.630079984664917,True,204624,1.0,True,,1.0,204624,1.011725902557373,0.011657686904203145,0.9991925380527021,0.012465475024492512,log-depth Laplacian fallback,,,,0.06476730582449906,0.027307399306519226,0.1841270155512245,0.09265924092902571,0.10380142505050684,0.0007152462277575534,0.05991037858009791,0.0260187468260713,10.379896081054794,0.9883196532238171,0.9917166136597729,0.995690718427004,0.06628104343087567,0.029244183541436604,0.19595999725613972,0.10114523709559757,0.10453379247090808,0.012372933071946276,0.06066156387994293,0.02634498245668081,10.37989609560135,0.988145474265765,0.9915330196229073,0.9955259545477655,0.04307526357440785,0.023436053848297732,0.15180612129158058,0.05463240117216413,0.09125116325595149,0.00503136322656715,0.03772309004756681,0.016382929847997742,9.111234921593594,0.9881586553761041,0.9917618060380784,0.9963893172749749,0.040612164721096904,0.0225264004132909,0.14909592462922447,0.05376147332811852,0.08923756753990836,0.009982031893490501,0.03526046629352134,0.015313425940611924,8.867751969759329,0.9882113798174604,0.9919162133306217,0.9966133961507392,0.06471189101367379,0.027191874934961738,0.18338391753243224,0.09217028256694222,0.10379900209612665,-9.254406642504095e-05,0.059907259364548514,0.02601739216797032,10.379896084136622,0.988334717349919,0.9917288532622307,0.995701075013699,0.00793342012912035,0.060325862839818,0.018109669908881187,ok,
759xd9YjKW5,d3bbb56e888d4b659563d6e135406870,d3bbb56e888d4b659563d6e135406870_i2_3,2,3,/mnt/priorbimda-data/PriorBIMDA-Datasets/Matterport3D/v1/scans/759xd9YjKW5/undistorted_color_images/d3bbb56e888d4b659563d6e135406870_i2_3.jpg,/mnt/priorbimda-data/PriorBIMDA-Datasets/Matterport3D/v1/scans/759xd9YjKW5/undistorted_depth_images/d3bbb56e888d4b659563d6e135406870_d2_3.png,1024,1280,406,504,1.4165615917841592,747372,0.5701995849609375,-5.168729782104492,6.021200180053711,1.6301499605178833,True,204624,1.0,True,,1.0,204624,1.1980127096176147,0.18066410866671076,1.0705498951774954,0.11249167147829413,log-depth Laplacian fallback,,,,0.08045634441986727,0.008433419291042177,0.09102037772912012,0.06824134820830421,0.10226709143167274,-0.08516745653420653,0.08542040775656591,0.03709761173060232,5.661326997611209,0.9727725951734879,1.0,1.0,0.1072756044734678,0.009122876012207822,0.07797704200446388,0.07292032053402465,0.11101654327273727,0.09549665198039547,0.10099332728803564,0.04386084475024296,5.661327000591624,0.9986659923036988,1.0,1.0,0.12970184092302198,0.013420713935078665,0.09695810613027993,0.09085714593234219,0.1301742299014606,0.11883333868416979,0.12084146007957465,0.05248077929769134,5.314101756281787,0.9999344369336823,1.0,1.0,0.12170990321681191,0.012002541653703732,0.09110575117755257,0.08470604134237245,0.1240648211166782,0.1111491025609176,0.11368509282834892,0.0493728084900109,5.511766358088831,0.9998554936497487,1.0,1.0,0.04259440268808621,0.003102204839853455,0.056747872759931796,0.03655446497654823,0.05910917514444623,-0.01699506558487248,0.043801367264569416,0.019022692102820232,5.661326992872522,0.9992694401181741,1.0,1.0,0.007345205172896385,0.05758315324783325,0.018072277307510376,ok,
759xd9YjKW5,d3bbb56e888d4b659563d6e135406870,d3bbb56e888d4b659563d6e135406870_i2_4,2,4,/mnt/priorbimda-data/PriorBIMDA-Datasets/Matterport3D/v1/scans/759xd9YjKW5/undistorted_color_images/d3bbb56e888d4b659563d6e135406870_i2_4.jpg,/mnt/priorbimda-data/PriorBIMDA-Datasets/Matterport3D/v1/scans/759xd9YjKW5/undistorted_depth_images/d3bbb56e888d4b659563d6e135406870_d2_4.png,1024,1280,406,504,1.4165615917841592,1175795,0.8970603942871094,-5.158679962158203,6.031720161437988,1.6303399801254272,True,204624,1.0,True,,1.0,204624,1.0235893726348877,0.02331544290775504,1.0339371369670196,0.01005853536033208,log-depth Laplacian fallback,,,,0.03649067422560224,0.006549364386686293,0.12150459902787049,0.06967798786351016,0.05184249387900974,-0.02865154596596902,0.03661068162943168,0.01589981701037893,4.320570662950818,0.9950807751351214,0.9989275341364778,0.9996640570847809,0.022831822696203034,0.005433745315250711,0.11005087850236447,0.04208767111764686,0.04353397620126996,-0.005336103159964535,0.022283837742070177,0.00967774776700849,4.320570664806856,0.9944794798412989,0.9988101667382494,0.9996079248508456,0.0491387792505785,0.007460453631100131,0.11996147005878388,0.06860472022676256,0.06312044993215048,0.012988256954894693,0.047857107394366036,0.020784077661224493,6.176970439390773,0.9944811808180848,0.9987778481793169,0.9996087753392385,0.04764750701724803,0.007195373599216432,0.11885462529408491,0.06762397769440774,0.06113227712177508,0.012430076593689101,0.04646845429649345,0.02018099328354055,5.985522952899377,0.994539864517199,0.9987974094123551,0.999621532665133,0.021245854647468507,0.0055182320918417856,0.11075593334054297,0.03684620142608584,0.043463019719768944,0.004722393227991674,0.0204789542780008,0.008893896838084742,4.320570662957895,0.9939759907126667,0.9986825934793054,0.999578157757092,0.007950534112751484,0.05802525021135807,0.01813491340726614,ok,
759xd9YjKW5,d3bbb56e888d4b659563d6e135406870,d3bbb56e888d4b659563d6e135406870_i2_5,2,5,/mnt/priorbimda-data/PriorBIMDA-Datasets/Matterport3D/v1/scans/759xd9YjKW5/undistorted_color_images/d3bbb56e888d4b659563d6e135406870_i2_5.jpg,/mnt/priorbimda-data/PriorBIMDA-Datasets/Matterport3D/v1/scans/759xd9YjKW5/undistorted_depth_images/d3bbb56e888d4b659563d6e135406870_d2_5.png,1024,1280,406,504,1.4165615917841592,1199850,0.9154129028320312,-5.144539833068848,6.028279781341553,1.6304600238800049,True,204624,1.0,True,,1.0,204624,1.0444151163101196,0.04345703141687577,1.0590209070692747,0.013887777282564379,log-depth Laplacian fallback,,,,0.06172163187706732,0.017774208997471244,0.20768572134997831,0.10932573983404703,0.0873613552227805,-0.055972410767306,0.0628081938508127,0.027277252007717728,6.707529813021189,0.9849381172646581,0.9957919739967496,0.997739717464683,0.03317232090385183,0.014074994930987903,0.1844627119067022,0.0646926134137475,0.06823291243222443,-0.01251537937148422,0.03229508699573893,0.014025578074834883,6.707529812212118,0.985157311330583,0.9960961786890028,0.9975813643372088,0.03414315529717897,0.013835256943614685,0.185259436665511,0.0681105426605003,0.06795529724451758,-0.007378873169277708,0.03321913558081696,0.014426887276344775,6.755349476039306,0.9848197691378089,0.9961878568154353,0.9976813768387716,0.03366363950066629,0.013423599088754207,0.18401428960793267,0.06779723921532323,0.06717020671922663,-0.004824394886976665,0.032748799109537895,0.014222622742230438,6.699673040289468,0.9848281035129391,0.9962045255656957,0.9977072134016752,0.03189768223494013,0.014246633803505913,0.18358615948978935,0.06546602893482721,0.06708933608119969,0.0013723694152549535,0.030572736795578804,0.01327757088700039,6.707529812087483,0.9857323832145685,0.9962111930657999,0.9975321915239405,0.007810722105205059,0.060353079810738564,0.01840045675635338,ok,
759xd9YjKW5,d7457234e5d54417bcc64a74d6ecfd9a,d7457234e5d54417bcc64a74d6ecfd9a_i0_0,0,0,/mnt/priorbimda-data/PriorBIMDA-Datasets/Matterport3D/v1/scans/759xd9YjKW5/undistorted_color_images/d7457234e5d54417bcc64a74d6ecfd9a_i0_0.jpg,/mnt/priorbimda-data/PriorBIMDA-Datasets/Matterport3D/v1/scans/759xd9YjKW5/undistorted_depth_images/d7457234e5d54417bcc64a74d6ecfd9a_d0_0.png,1024,1280,406,504,1.4155678118069965,1082238,0.8256820678710938,-7.012819766998291,-7.640439987182617,1.5516899824142456,True,97219,0.47511044647744155,True,,1.0,97219,1.0621581077575684,0.06030278909978804,1.1871954210328153,0.11129094737700024,log-depth Laplacian fallback,,,,0.16980896161424336,0.10727970915301789,0.5946854139791199,0.438229149010093,0.21179277964980234,-0.14759608653231704,0.1825541258511563,0.07928224950582893,15.189330713410158,0.6184443717555658,0.9937222681147769,0.9966208911533323,0.13788931833068968,0.08125548481609364,0.4902520082324757,0.3547423352250873,0.17519045793617127,-0.08729329728292722,0.14138239721463935,0.061401594948571565,15.18933072961409,0.870242035485725,0.9915037172969347,0.9964795174444069,0.1483827931915846,0.09542258343080848,0.5459569113986279,0.3898406192879284,0.19014410075788632,-0.08752882069369157,0.15366504928108624,0.06673588296416699,16.880013211190565,0.7817143733633453,0.9929248464755442,0.9965063137683209,0.1500343720929203,0.0939860203165445,0.5445978858768723,0.39162163805519595,0.19005533817149875,-0.08547185536083887,0.1553615824568676,0.06747267796077466,16.975156408309935,0.7835586996575614,0.9927465123198409,0.9965626784496571,0.1147211450161629,0.06892795478976756,0.36688937657965703,0.245324358170453,0.15377731928448235,0.023997649330718226,0.10484455957571498,0.045533413681309774,15.18933071366922,0.8950147749385995,0.9858580090516135,0.9956155670009739,0.008747079409658909,0.06414749287068844,0.01807892508804798,ok,
759xd9YjKW5,d7457234e5d54417bcc64a74d6ecfd9a,d7457234e5d54417bcc64a74d6ecfd9a_i0_1,0,1,/mnt/priorbimda-data/PriorBIMDA-Datasets/Matterport3D/v1/scans/759xd9YjKW5/undistorted_color_images/d7457234e5d54417bcc64a74d6ecfd9a_i0_1.jpg,/mnt/priorbimda-data/PriorBIMDA-Datasets/Matterport3D/v1/scans/759xd9YjKW5/undistorted_depth_images/d7457234e5d54417bcc64a74d6ecfd9a_d0_1.png,1024,1280,406,504,1.4155678118069965,1242109,0.9476539611816406,-7.013319969177246,-7.625889778137207,1.5515600442886353,True,62651,0.30617620611462976,True,,1.0,62651,0.9633355736732483,-0.03735346093410466,1.3944621421159136,0.36986224065236994,log-depth Laplacian fallback,,,,0.28088015839999786,0.2716405214971943,1.0459259688382325,0.8823655532574454,0.3626635834160761,-0.3269386378172295,0.33714581591595555,0.14642056744906903,15.695859912220037,0.13536412665877148,0.8625112610890027,0.9664900584409258,0.303793298758874,0.3169361477108587,1.1327917984449651,0.9565799632337635,0.396667032847492,-0.36429209863194356,0.37097826169360715,0.16111381195959412,15.695859907111686,0.10539413207697552,0.8253309492162121,0.9524606938682515,0.3001447872985049,0.3062195806858621,1.110008520943851,0.9418750460287966,0.388432914074179,-0.35770616261311144,0.36479098249940695,0.15842671074755807,15.141476138329718,0.09373734511222445,0.8357825279423947,0.9595921130915241,0.3021040869857265,0.3110202545589917,1.1204675693792703,0.9502381581478099,0.3908894910673472,-0.3604248247123124,0.3675521802352663,0.15962588368768554,15.128958972113256,0.09121180186279948,0.8326982575603268,0.9587870307678311,0.10134659157924267,0.0671386778669192,0.4114722933201565,0.25649292736795903,0.1570574036942054,0.005570117867196934,0.09759448141954569,0.04238474474471815,15.695859913400776,0.8619436780507991,0.986478642373576,0.9980138619074493,0.00964462198317051,0.06333169154822826,0.018200217746198177,ok,
759xd9YjKW5,d7457234e5d54417bcc64a74d6ecfd9a,d7457234e5d54417bcc64a74d6ecfd9a_i1_0,1,0,/mnt/priorbimda-data/PriorBIMDA-Datasets/Matterport3D/v1/scans/759xd9YjKW5/undistorted_color_images/d7457234e5d54417bcc64a74d6ecfd9a_i1_0.jpg,/mnt/priorbimda-data/PriorBIMDA-Datasets/Matterport3D/v1/scans/759xd9YjKW5/undistorted_depth_images/d7457234e5d54417bcc64a74d6ecfd9a_d1_0.png,1024,1280,406,504,1.4121168655554452,1068971,0.8155601501464844,-7.003550052642822,-7.634300231933594,1.584920048713684,True,181325,0.8861375009774024,True,,1.0,181325,1.0598268508911133,0.05810554656527205,1.0164282020472128,0.04181082748987014,log-depth Laplacian fallback,,,,0.05155467682565746,0.05160550804981083,0.2562900793958865,0.10804424053705276,0.12553102719773154,-0.00275236700169925,0.04083195029447387,0.017733090698237856,12.550084965929742,0.9833774723542547,0.9895843760027166,0.9905610161547881,0.07317697876331945,0.06456581836234805,0.30011393376753354,0.16586634552454668,0.13716573102407648,0.05535317957666421,0.0592590287122054,0.02573586917265715,12.550084971076036,0.9840790816589038,0.9895207634257618,0.9903748558192879,0.0790417712388978,0.0632007469286144,0.2914151334989933,0.1593520242114942,0.14000701737678695,0.051153298291607696,0.0651868073969611,0.028310270745390283,13.032768312462908,0.9844261443949368,0.9895357310909276,0.9904122749822025,0.08197626808559856,0.057691920895427615,0.27963203372234413,0.15570604562106127,0.13903382472861425,0.05434440633593897,0.06875281794271251,0.029858969447818916,12.797300464809517,0.9843092095108287,0.9895600535468221,0.9905507258849866,0.047363206453669614,0.052969068757902964,0.25079404734418903,0.08806520505298569,0.1262293918501452,0.013542381734859872,0.03584643637249775,0.015567909512471799,12.550084965371683,0.9831997313304103,0.9895740857329152,0.9905441775314765,0.008187536150217056,0.0578050808981061,0.01810451317578554,ok,
759xd9YjKW5,d7457234e5d54417bcc64a74d6ecfd9a,d7457234e5d54417bcc64a74d6ecfd9a_i1_1,1,1,/mnt/priorbimda-data/PriorBIMDA-Datasets/Matterport3D/v1/scans/759xd9YjKW5/undistorted_color_images/d7457234e5d54417bcc64a74d6ecfd9a_i1_1.jpg,/mnt/priorbimda-data/PriorBIMDA-Datasets/Matterport3D/v1/scans/759xd9YjKW5/undistorted_depth_images/d7457234e5d54417bcc64a74d6ecfd9a_d1_1.png,1024,1280,406,504,1.4121168655554452,1203650,0.9183120727539062,-7.0036702156066895,-7.630799770355225,1.584879994392395,True,163193,0.7975261943858003,True,,1.0,163193,0.9826954007148743,-0.017456073878219777,1.0045613161642897,0.02200701876575694,log-depth Laplacian fallback,,,,0.0745597399771519,0.05325323212604498,0.40065858653320263,0.2639276850354769,0.11477372385002202,0.025213496188659278,0.06840677098362997,0.029708683163009987,11.197002856276129,0.943076475719686,0.9916587047729821,0.997201013583683,0.0769108692799879,0.052018693617677546,0.4133334745667135,0.29455111879813767,0.11223842893072182,0.007757422284885124,0.07207501550395269,0.03130178151645798,11.197002870559006,0.9483595729655631,0.9923815062518174,0.997377975325053,0.08519894467120052,0.0636777750398618,0.4868332247683079,0.3366022595236934,0.12437913154407959,-0.00015037266769871778,0.08145522859869354,0.03537555630258057,12.437904064479781,0.9371578116562124,0.9925194200972043,0.9971220869854194,0.08752236832151652,0.06710380150292725,0.5065476699256075,0.34980773770774015,0.1277619603733699,-0.0038276268932480287,0.08399878850498424,0.036480210334272976,12.770461147042667,0.9263033273792215,0.9921173098492087,0.9971312258546919,0.07470930986671198,0.0540826787503081,0.40068167407411404,0.2600488110611308,0.11585857153271797,0.029764430001811396,0.06821682669453889,0.0296261914063887,11.197002859814404,0.9415062518173888,0.9914584804552818,0.9971320566609895,0.009430335834622383,0.05942842550575733,0.01810435578227043,ok,
759xd9YjKW5,d7457234e5d54417bcc64a74d6ecfd9a,d7457234e5d54417bcc64a74d6ecfd9a_i1_2,1,2,/mnt/priorbimda-data/PriorBIMDA-Datasets/Matterport3D/v1/scans/759xd9YjKW5/undistorted_color_images/d7457234e5d54417bcc64a74d6ecfd9a_i1_2.jpg,/mnt/priorbimda-data/PriorBIMDA-Datasets/Matterport3D/v1/scans/759xd9YjKW5/undistorted_depth_images/d7457234e5d54417bcc64a74d6ecfd9a_d1_2.png,1024,1280,406,504,1.4121168655554452,1164115,0.8881492614746094,-7.000699996948242,-7.628950119018555,1.584879994392395,True,148188,0.7241965751817968,True,,1.0,148188,0.9729079604148865,-0.027465794883045142,1.0025825751490907,0.03004504091549951,log-depth Laplacian fallback,,,,0.05615609817632203,0.048824794503711036,0.4008001291022536,0.20181985260638735,0.10507471586003854,0.019495435116303618,0.05070154256179009,0.022019400158568278,10.325029744603079,0.9559897432813769,0.990743182589349,0.9965759396623186,0.06525879468029665,0.04757223096277658,0.4157220020209874,0.259711341604298,0.10355747467295436,-0.007970359913203912,0.06144469404671446,0.02668509156672168,10.325029744990362,0.9676423721024126,0.9916099354445223,0.9970707361386117,0.07417990350219227,0.05771872862728574,0.4549242718462332,0.2761329624649309,0.11699139146346724,0.0039415518444278225,0.06976100516040201,0.030296819593186877,11.692497528593249,0.9647509051940745,0.9879419129553352,0.9963508759873381,0.07800543579228372,0.06046918286255492,0.4702311631057157,0.29277317248993034,0.12045229480731072,0.0008218528996224818,0.07372904539419867,0.03202011757069485,12.044949099999831,0.9616704535204855,0.9833427109864575,0.9963482989223573,0.05619481378116111,0.049299720972355375,0.4015778284220953,0.20013651137293148,0.10558368416729375,0.022074656093211135,0.050595415527562373,0.021973309773222448,10.325029743640108,0.9544340550546982,0.9905662241273414,0.9965424378175696,0.009549496695399284,0.05876055173575878,0.018132724799215794,ok,
759xd9YjKW5,d7457234e5d54417bcc64a74d6ecfd9a,d7457234e5d54417bcc64a74d6ecfd9a_i1_3,1,3,/mnt/priorbimda-data/PriorBIMDA-Datasets/Matterport3D/v1/scans/759xd9YjKW5/undistorted_color_images/d7457234e5d54417bcc64a74d6ecfd9a_i1_3.jpg,/mnt/priorbimda-data/PriorBIMDA-Datasets/Matterport3D/v1/scans/759xd9YjKW5/undistorted_depth_images/d7457234e5d54417bcc64a74d6ecfd9a_d1_3.png,1024,1280,406,504,1.4121168655554452,847026,0.6462295532226563,-6.997610092163086,-7.6305999755859375,1.5849000215530396,True,48203,0.2355686527484557,True,,1.0,48203,0.9321025013923645,-0.07031249030918064,1.2416422520215777,0.28674739047786446,log-depth Laplacian fallback,,,,0.19554591675703625,0.09592287034803917,0.4869134180222346,0.4016613654296082,0.24257148274126206,-0.2218567873336148,0.22206194486631284,0.09644027729614384,9.80840973517196,0.5779161442505897,0.9611806485279082,0.9968938379695547,0.24997760412115794,0.14299078595764805,0.5824260076241385,0.5044380261589947,0.3081937325815093,-0.29216927736634346,0.2921751269400077,0.12689004537942747,9.80840974151851,0.1215948506893531,0.9601547059948573,0.9960508886386014,0.2526069164720604,0.14154294628141623,0.5733097984332223,0.5017657685665695,0.3109530169064213,-0.2955621427243199,0.2955726445155115,0.12836556851463815,9.66167610273387,0.15369658074250378,0.9606422943333499,0.9960733200633747,0.25339912190229746,0.14277324496940885,0.5761091736305072,0.5039336939216752,0.31213268538975936,-0.2966634631533814,0.29667816206754893,0.12884568868713517,9.70443348087091,0.14746300585814368,0.9606647257581231,0.9960733200633747,0.05216802258213955,0.019091629920329558,0.23768687425928595,0.10707175744466152,0.09823383912721487,-0.005421899492306155,0.053163457861311374,0.0230885963880636,9.80840973632671,0.9564204640707605,0.9967250119831033,0.9973495500728431,0.00951559841632843,0.061292591504752636,0.018132115714251995,ok,
759xd9YjKW5,d7457234e5d54417bcc64a74d6ecfd9a,d7457234e5d54417bcc64a74d6ecfd9a_i1_5,1,5,/mnt/priorbimda-data/PriorBIMDA-Datasets/Matterport3D/v1/scans/759xd9YjKW5/undistorted_color_images/d7457234e5d54417bcc64a74d6ecfd9a_i1_5.jpg,/mnt/priorbimda-data/PriorBIMDA-Datasets/Matterport3D/v1/scans/759xd9YjKW5/undistorted_depth_images/d7457234e5d54417bcc64a74d6ecfd9a_d1_5.png,1024,1280,406,504,1.4121168655554452,1140994,0.8705093383789062,-7.000460147857666,-7.635950088500977,1.584939956665039,True,75917,0.37100731097036516,True,,1.0,75917,1.0002031326293945,0.00020311200075548807,0.9779536255880508,0.022496139671455192,log-depth Laplacian fallback,,,,0.05096898204240695,0.03489963051894167,0.3094313809268644,0.14536139851246904,0.09170762465354465,0.030328725624049393,0.046500220945242685,0.020194789363800907,8.654742527433477,0.9832181413749765,0.992095488670405,0.9965407355341045,0.051068329171712626,0.03494216065672311,0.30963271495065997,0.14562548680583828,0.09177499621619715,0.030531837642741262,0.046589205586215175,0.020233434902349398,8.654742526869468,0.9832076242294,0.9920946122416069,0.9965407355341045,0.08627614977591379,0.04470634635817703,0.34684077158113436,0.20657579388643996,0.12064163212584733,0.05666401772656827,0.07876668297462047,0.0342079357737005,10.650630261665944,0.9812672108705217,0.9924329137576534,0.9965582641100654,0.09159222052461483,0.046891066626605526,0.35950576907909704,0.21870151340596722,0.12599827156769677,0.05961201098740373,0.08346625250056276,0.03624893288613791,11.1004380922938,0.9739551654084071,0.9925372087846211,0.9965652755404498,0.04538193778355849,0.03210005689039503,0.30198149865964063,0.13903088196277955,0.08691967012855756,0.008035684883273091,0.04196849426226527,0.018226685471890096,8.654742528645205,0.9846791481813226,0.9925494787877938,0.9965836805452088,0.009224752895534039,0.0598848769441247,0.018103823997080326,ok,
759xd9YjKW5,d7457234e5d54417bcc64a74d6ecfd9a,d7457234e5d54417bcc64a74d6ecfd9a_i2_0,2,0,/mnt/priorbimda-data/PriorBIMDA-Datasets/Matterport3D/v1/scans/759xd9YjKW5/undistorted_color_images/d7457234e5d54417bcc64a74d6ecfd9a_i2_0.jpg,/mnt/priorbimda-data/PriorBIMDA-Datasets/Matterport3D/v1/scans/759xd9YjKW5/undistorted_depth_images/d7457234e5d54417bcc64a74d6ecfd9a_d2_0.png,1024,1280,406,504,1.4165615917841592,1200975,0.9162712097167969,-7.013030052185059,-7.6398701667785645,1.6181800365447998,True,185582,0.9069415122370788,True,,1.0,185582,1.031113862991333,0.030639638307681585,0.970242219174958,0.06084916647521773,log-depth Laplacian fallback,,,,0.05084200562678107,0.012737219879815864,0.1573378377205836,0.09457514430266659,0.07364029549018797,0.025265714113946718,0.048261634919979625,0.020959761733376457,6.917034632119831,0.9922696142717375,0.9968209163388081,0.9975669768313246,0.06766664617603335,0.01916351208091781,0.20610954975805998,0.13035341084987367,0.08893787288074456,0.05590535238954727,0.06330103455349209,0.027491290005348692,6.917034629631415,0.991015633131414,0.9966044255708904,0.9974728866129603,0.057817647373411996,0.013408406676812392,0.1527502459042794,0.09476968975517186,0.08139395977945948,0.03281239022973848,0.05468902465878949,0.023751141629983142,7.44870709317505,0.9923179083661192,0.9968442307291991,0.9976152709257062,0.05893033604311018,0.012945364765904906,0.14829554189112443,0.09478089745786829,0.08198630646294842,0.03396902654050168,0.05583011032410941,0.02424670883781048,7.46180921983884,0.9924303170340765,0.9968700430899894,0.9977151897416682,0.04474807720587341,0.010170266169498622,0.128295603134347,0.07841189113003037,0.06934679712941015,-0.004943831407850546,0.04358788058421806,0.018929976015583796,6.917034627004782,0.9936584858136098,0.9969249984387685,0.9976977039488749,0.008088713511824608,0.05772094149142504,0.018076722510159016,ok,
759xd9YjKW5,d7457234e5d54417bcc64a74d6ecfd9a,d7457234e5d54417bcc64a74d6ecfd9a_i2_1,2,1,/mnt/priorbimda-data/PriorBIMDA-Datasets/Matterport3D/v1/scans/759xd9YjKW5/undistorted_color_images/d7457234e5d54417bcc64a74d6ecfd9a_i2_1.jpg,/mnt/priorbimda-data/PriorBIMDA-Datasets/Matterport3D/v1/scans/759xd9YjKW5/undistorted_depth_images/d7457234e5d54417bcc64a74d6ecfd9a_d2_1.png,1024,1280,406,504,1.4165615917841592,1251776,0.955029296875,-7.0135297775268555,-7.625329971313477,1.6180599927902222,True,188216,0.9198139025725233,True,,1.0,188216,1.128179669380188,0.12060542175735221,1.1045131477433867,0.021200774153528987,log-depth Laplacian fallback,,,,0.0960679731154184,0.023446672536443315,0.2250633738574679,0.19951506555796558,0.10696582686881924,-0.09111216267832539,0.10003902572117691,0.043446396845684604,5.603804002468841,0.9929036824479779,0.9979501124801882,0.9991156564752799,0.035102276210375476,0.014605666603911131,0.19045211560096428,0.08466725365107192,0.06332546306828214,0.029493259132580833,0.032855004923128095,0.01426874734101872,5.603804010269099,0.9862563270105834,0.9969435426146531,0.9987369944782453,0.03298825597290983,0.014622884663356938,0.19125148737825107,0.08049282692786107,0.06342326409912098,0.013813788164393763,0.031101157704232017,0.013507061171750762,6.190064366011151,0.9871151068561788,0.9969155823406105,0.9986978500945856,0.03447678547562527,0.014540055738757286,0.1900426269231457,0.0829250052313408,0.06361437621199874,0.01621475047215769,0.032598777485417015,0.014157469178708575,6.151317523886547,0.9871886024336622,0.9969315596400634,0.99870823533923,0.02578849693485183,0.01172889729320334,0.16843151719834834,0.061065432315739826,0.05664827931498761,0.008292503536971292,0.024158427675549606,0.010491871830949993,5.603804006599598,0.9875417007515722,0.9971041144741551,0.9987953116212486,0.009068472310900688,0.05943865515291691,0.018129735253751278,ok,
759xd9YjKW5,d7457234e5d54417bcc64a74d6ecfd9a,d7457234e5d54417bcc64a74d6ecfd9a_i2_2,2,2,/mnt/priorbimda-data/PriorBIMDA-Datasets/Matterport3D/v1/scans/759xd9YjKW5/undistorted_color_images/d7457234e5d54417bcc64a74d6ecfd9a_i2_2.jpg,/mnt/priorbimda-data/PriorBIMDA-Datasets/Matterport3D/v1/scans/759xd9YjKW5/undistorted_depth_images/d7457234e5d54417bcc64a74d6ecfd9a_d2_2.png,1024,1280,406,504,1.4165615917841592,1264063,0.9644035339355469,-7.001190185546875,-7.61761999130249,1.6180299520492554,True,68399,0.3342667526780827,True,,1.0,68399,1.0279719829559326,0.027587912727660473,1.1640503172935273,0.12431766356268761,log-depth Laplacian fallback,,,,0.14461217264719547,0.04972281959469899,0.35307109483738874,0.34050802392380397,0.1586442470171635,-0.15362343803322043,0.15619913888114198,0.06783642409411962,3.959591391161563,0.9809890804493131,0.9998860816272607,1.0,0.12115955359095258,0.035247648774247145,0.29540618142761377,0.2835673326528997,0.13210900811416182,-0.126035525297125,0.12907912046799444,0.056058349748175036,3.9595913778891862,0.9954345629925091,0.9997326082639868,1.0,0.12618847786985488,0.03742038243556263,0.30012448640965766,0.2917825502899964,0.13792820418155607,-0.13158932948562216,0.13480581476304135,0.058545421480060776,4.133325385538126,0.9962849952890006,0.9996890977743988,1.0,0.12521420035814665,0.03695365864091446,0.2983131349616833,0.2895714763879197,0.13700227613361893,-0.13049037764104912,0.13371591710171354,0.05807208493990684,4.173589592771139,0.9962122141064171,0.9996993820719379,1.0,0.020703392107063536,0.004927560646503023,0.1128850245259115,0.05150609859110684,0.03963316010934343,-0.00171784167495449,0.020286986487169215,0.008810526285823416,3.959591393354421,0.9942051938866971,0.9985665271430301,1.0,0.00924060307443142,0.06018102541565895,0.018113809637725353,ok,
759xd9YjKW5,d7457234e5d54417bcc64a74d6ecfd9a,d7457234e5d54417bcc64a74d6ecfd9a_i2_5,2,5,/mnt/priorbimda-data/PriorBIMDA-Datasets/Matterport3D/v1/scans/759xd9YjKW5/undistorted_color_images/d7457234e5d54417bcc64a74d6ecfd9a_i2_5.jpg,/mnt/priorbimda-data/PriorBIMDA-Datasets/Matterport3D/v1/scans/759xd9YjKW5/undistorted_depth_images/d7457234e5d54417bcc64a74d6ecfd9a_d2_5.png,1024,1280,406,504,1.4165615917841592,1234157,0.9415870666503906,-7.000189781188965,-7.64670991897583,1.618280053138733,True,59437,0.2904693486590038,True,,1.0,59437,0.9876260161399841,-0.012451179067490414,1.131931559598729,0.13637669730228183,log-depth Laplacian fallback,,,,0.10843900159646966,0.030975645739421485,0.2761535696854906,0.22493427484166742,0.12284380372577618,-0.10641837259950486,0.11393918522337461,0.04948315941506415,6.136554478768989,0.9927618609301734,0.9982384737112053,0.9987043787783888,0.11906284102904736,0.03563215025984158,0.29689675009994326,0.24560352846379982,0.13377481230514374,-0.11886955167989775,0.12597948368355885,0.05471219459679037,6.136554481707594,0.9929060889335798,0.9982571099138926,0.9987149122842556,0.1148722824773194,0.03758946230292902,0.30824971628353304,0.2472038865696012,0.1361215356675465,-0.11512534860368298,0.12210494735910185,0.053029504851145,7.263075506541019,0.9839744862282513,0.998219837508518,0.9987432717231276,0.11349387775320205,0.037459375221323185,0.3077826029451328,0.24556847204189133,0.13588250984377215,-0.11379042776446503,0.12070479214580854,0.05242142516820361,7.426839860009705,0.9814415832021371,0.9981849959121895,0.9987424614534456,0.03464645736077789,0.01108744001419972,0.13775677867128178,0.05386394314188401,0.06381402456778722,0.01750713128389472,0.03252683443122474,0.014126224707261584,6.136554477674443,0.9867836912159474,0.9979159863777461,0.9984450924801301,0.009133735671639442,0.06021194905042648,0.018102149479091167,ok,
759xd9YjKW5,db3dafef140f44508a4130b29e3dc1bc,db3dafef140f44508a4130b29e3dc1bc_i0_0,0,0,/mnt/priorbimda-data/PriorBIMDA-Datasets/Matterport3D/v1/scans/759xd9YjKW5/undistorted_color_images/db3dafef140f44508a4130b29e3dc1bc_i0_0.jpg,/mnt/priorbimda-data/PriorBIMDA-Datasets/Matterport3D/v1/scans/759xd9YjKW5/undistorted_depth_images/db3dafef140f44508a4130b29e3dc1bc_d0_0.png,1024,1280,406,504,1.4155678118069965,730193,0.5570930480957031,-12.487299919128418,-5.130199909210205,1.5523699522018433,True,203371,0.9938765736179529,True,,1.0,203371,0.8671197891235352,-0.14257814666646204,0.783013632301934,0.10202702612913267,log-depth Laplacian fallback,,,,0.27308735780585963,0.07890054381006788,0.27031566903969434,0.22322701582089988,0.2599032274836691,0.2279493621538661,0.23578624162479658,0.10240066364635596,12.485501972317117,0.44180922030202974,0.9999986304990598,1.0,0.13792046771891833,0.02460280689291986,0.15722538180026646,0.12037064531526442,0.15125151360739647,0.08537121535262995,0.129134568185261,0.05608243038581808,12.485501975388622,0.8346724770026555,1.0,1.0,0.12077202948047082,0.027117675626115636,0.1719085803922187,0.11134907932949595,0.1445429522917818,0.09051818047672479,0.1106598539983045,0.04805896395968314,11.26903902753353,0.8354284415216251,1.0,1.0,0.12226495936603167,0.027347028818014263,0.17226732530063565,0.11198605462027911,0.14540823728037852,0.0940973529039342,0.11181377082429676,0.0485601036697869,11.08568610662386,0.8354284415216251,1.0,1.0,0.0984131261056915,0.014565050853199306,0.12507738555694992,0.0925571143070378,0.12596107160488132,-0.01665579846611217,0.10117378898447427,0.04393921826920118,12.48550196720432,0.9252526386859364,1.0,1.0,0.007714814506471157,0.05847493838518858,0.018112419173121452,ok,
759xd9YjKW5,db3dafef140f44508a4130b29e3dc1bc,db3dafef140f44508a4130b29e3dc1bc_i0_1,0,1,/mnt/priorbimda-data/PriorBIMDA-Datasets/Matterport3D/v1/scans/759xd9YjKW5/undistorted_color_images/db3dafef140f44508a4130b29e3dc1bc_i0_1.jpg,/mnt/priorbimda-data/PriorBIMDA-Datasets/Matterport3D/v1/scans/759xd9YjKW5/undistorted_depth_images/db3dafef140f44508a4130b29e3dc1bc_d0_1.png,1024,1280,406,504,1.4155678118069965,1038052,0.7919708251953125,-12.48390007019043,-5.116049766540527,1.552489995956421,True,180244,0.8808546407068575,True,,1.0,180244,1.0019015073776245,0.001899701800986804,1.0055122712171825,0.003597432449775336,log-depth Laplacian fallback,,,,0.14042784069934833,0.046534577999790765,0.23836835255972308,0.16684324537104966,0.18634934647005666,-0.0024919532564233685,0.13580652817393693,0.05898002579237931,18.633268392524435,0.7447757915788419,0.9999007756836844,1.0,0.1406321753777615,0.046630579249198396,0.23819984491939947,0.16659280247627875,0.18633362496191672,-0.0005922515398963571,0.1357439018716112,0.058952827534857234,18.633268373949246,0.7464568248989454,0.9998959589693002,1.0,0.13499149096420737,0.04691282281189534,0.24021928911487653,0.16286498765974755,0.18613850952512848,-0.005447067651886353,0.1305551392409275,0.05669937655644551,18.6058792273389,0.7443201303980919,0.999441261131427,1.0,0.1341986255145772,0.04646287970683107,0.23890829103691003,0.1614768300396605,0.18519489438688547,-0.00214525969413228,0.12963900881388532,0.05630150616727743,18.51824688457695,0.7472063056571348,0.9995481921907573,1.0,0.14109194576445316,0.046834259068548253,0.23792920870469397,0.16618021813545736,0.18635691564979656,0.003005147510555388,0.13569696402379153,0.05893244268655673,18.633268392567416,0.7498092581103837,0.9998911422549159,1.0,0.008371220901608467,0.061183931306004524,0.018125061877071857,ok,
759xd9YjKW5,db3dafef140f44508a4130b29e3dc1bc,db3dafef140f44508a4130b29e3dc1bc_i0_2,0,2,/mnt/priorbimda-data/PriorBIMDA-Datasets/Matterport3D/v1/scans/759xd9YjKW5/undistorted_color_images/db3dafef140f44508a4130b29e3dc1bc_i0_2.jpg,/mnt/priorbimda-data/PriorBIMDA-Datasets/Matterport3D/v1/scans/759xd9YjKW5/undistorted_depth_images/db3dafef140f44508a4130b29e3dc1bc_d0_2.png,1024,1280,406,504,1.4155678118069965,1238800,0.94512939453125,-12.470000267028809,-5.111909866333008,1.5527900457382202,True,86744,0.4239189928845101,True,,1.0,86744,0.9619254469871521,-0.03881832925390396,1.0677041232505031,0.10432899325478873,log-depth Laplacian fallback,,,,0.08294754478063915,0.0362246031177725,0.3341476686780434,0.23825443475365563,0.11658006904636399,-0.06371147831647317,0.08701225141255682,0.03778894064645187,9.763073301775709,0.9250637713916694,0.9962600904100742,0.999382466903455,0.10615427319675916,0.05126905798635977,0.40393309974596675,0.305129828151384,0.14157726307860655,-0.10252980747763256,0.11385543066680165,0.04944678527331022,9.763073286331805,0.8942476590248628,0.9967468517920568,0.999891023571198,0.09089496573896125,0.04077720106485117,0.3536608234500413,0.2550243171668453,0.12572426632016062,-0.08172705152927123,0.09624264262561474,0.04179764861609116,9.5536800187543,0.9136083306425573,0.9966717791411043,0.9983726186632225,0.09384648368170594,0.04323987835905825,0.36466628878631085,0.2633415271436587,0.12972697924943716,-0.08377945511850943,0.0995580069375162,0.043237493042248956,9.904590877582761,0.907582337746206,0.9966411042944785,0.9983500161446561,0.07134930386396907,0.025074174173287098,0.2525222535977471,0.1733158692911936,0.097647309010386,0.0017991466452357354,0.07054876334882981,0.03063893862749522,9.763073301127442,0.9780198579270262,0.9954754601226994,0.9981231837261866,0.010088499635457993,0.05933998618274927,0.018109912052750587,ok,
759xd9YjKW5,db3dafef140f44508a4130b29e3dc1bc,db3dafef140f44508a4130b29e3dc1bc_i0_4,0,4,/mnt/priorbimda-data/PriorBIMDA-Datasets/Matterport3D/v1/scans/759xd9YjKW5/undistorted_color_images/db3dafef140f44508a4130b29e3dc1bc_i0_4.jpg,/mnt/priorbimda-data/PriorBIMDA-Datasets/Matterport3D/v1/scans/759xd9YjKW5/undistorted_depth_images/db3dafef140f44508a4130b29e3dc1bc_d0_4.png,1024,1280,406,504,1.4155678118069965,1254077,0.9567848205566406,-12.462800025939941,-5.1360602378845215,1.552839994430542,True,44854,0.21920204863554618,True,,1.0,44854,0.9334688186645508,-0.06884771916718331,1.1171706589357806,0.17964701087483015,log-depth Laplacian fallback,,,,0.12042385550617932,0.060481329913563205,0.4664104023486199,0.40616529456063094,0.1412646175867564,-0.09915550958822579,0.1268860629682312,0.05510591697753135,10.061747909897063,0.9272524733329771,0.9974100473894346,0.9999146782853047,0.16595986196413512,0.10987298335397588,0.6416852734203027,0.5721167191641255,0.1958289099541085,-0.16800322875425147,0.182260837863729,0.07915487615128074,10.061747910756354,0.733783491763265,0.9991595412402907,1.0,0.15351292505931113,0.09420359908940451,0.5914726194141241,0.5253898228322431,0.1807127775597968,-0.1552329851605257,0.1673436576768268,0.07267642711055267,9.251934009453707,0.7982635834960692,0.9990128197869828,1.0,0.15650854001917522,0.09839902214860763,0.606582378277487,0.5374175020953189,0.18471488291083105,-0.15980257271231793,0.17107416782151882,0.07429656708107653,9.264300148034046,0.7789593461964457,0.9990638533359595,1.0,0.06985977768529333,0.030245500820920465,0.27773863393117515,0.18871212070149698,0.1012889700008778,0.011643811233191545,0.06657791392804392,0.02891442063557912,10.061747911672466,0.9586253475663775,0.992785132013425,0.9996060847938364,0.009327908977866173,0.061784190125763416,0.018120383843779564,ok,
759xd9YjKW5,db3dafef140f44508a4130b29e3dc1bc,db3dafef140f44508a4130b29e3dc1bc_i0_5,0,5,/mnt/priorbimda-data/PriorBIMDA-Datasets/Matterport3D/v1/scans/759xd9YjKW5/undistorted_color_images/db3dafef140f44508a4130b29e3dc1bc_i0_5.jpg,/mnt/priorbimda-data/PriorBIMDA-Datasets/Matterport3D/v1/scans/759xd9YjKW5/undistorted_depth_images/db3dafef140f44508a4130b29e3dc1bc_d0_5.png,1024,1280,406,504,1.4155678118069965,1137231,0.8676383972167969,-12.476799964904785,-5.140210151672363,1.552549958229065,True,127521,0.6231966924700915,True,,1.0,127521,1.0307363271713257,0.030273427584877492,1.1134368017076788,0.07717802208295019,log-depth Laplacian fallback,,,,0.09951898462519355,0.03699151746716284,0.31775913601626204,0.23445620521943278,0.12712708852771043,-0.08989720989723708,0.10433580432800571,0.0453124640845903,8.988764258909244,0.9866078219816379,0.9901585517805969,1.0,0.08176672328146822,0.027834942221491004,0.2707114967916329,0.19072433626042914,0.10786465463317423,-0.059623782363506406,0.08385562647719706,0.036418035855586915,8.988764262012424,0.987203127596768,0.9887445910285597,1.0,0.09060685620709556,0.030078496458265654,0.2774616738571537,0.20007799667842338,0.11556710720597477,-0.052399105043873545,0.09285565449379266,0.04032669836016906,10.300529141048226,0.9871283846465669,0.9887445910285597,1.0,0.08996925521317899,0.029942233583697183,0.27763377749459317,0.19915994699047618,0.1148319274034829,-0.051070290326213644,0.09216549518674176,0.040026965981482684,10.285036216365508,0.9871310226330446,0.9887445910285597,1.0,0.06612213371372577,0.01776215721209773,0.1813824640420954,0.11119100308193132,0.09158569836212449,0.017554254504931203,0.06278081613464465,0.027265362016658808,8.98876426059453,0.9864618533965395,0.988055197229059,1.0,0.009633084759116173,0.05844482500106096,0.018109717406332493,ok,
759xd9YjKW5,db3dafef140f44508a4130b29e3dc1bc,db3dafef140f44508a4130b29e3dc1bc_i1_0,1,0,/mnt/priorbimda-data/PriorBIMDA-Datasets/Matterport3D/v1/scans/759xd9YjKW5/undistorted_color_images/db3dafef140f44508a4130b29e3dc1bc_i1_0.jpg,/mnt/priorbimda-data/PriorBIMDA-Datasets/Matterport3D/v1/scans/759xd9YjKW5/undistorted_depth_images/db3dafef140f44508a4130b29e3dc1bc_d1_0.png,1024,1280,406,504,1.4121168655554452,245670,0.18743133544921875,-12.477399826049805,-5.127180099487305,1.5858399868011475,True,204624,1.0,True,,1.0,204624,0.9740962982177734,-0.02624511142005139,0.6794173978667308,0.36027450447031656,log-depth Laplacian fallback,,,,0.38390158538454505,0.20638494355955034,0.5036015919149722,0.4609919449620405,0.3386608958532466,0.3185692158937981,0.3185692158937981,0.13835285256692229,11.491238864863172,0.26245369805023,0.9999674359913705,1.0,0.34805341178054516,0.17334481939181723,0.46182195959637495,0.41902386994789276,0.31409909134758557,0.29232410480000787,0.29232410480000787,0.1269547456419513,11.491238809742368,0.26283632515162614,0.9999674359913705,1.0,0.3518322040928698,0.1817409914253944,0.47339330417533554,0.4251548708280995,0.3196320524636012,0.2939310927996733,0.2939310927996733,0.12765265166269077,12.557532260633122,0.26274677412789516,0.9999674359913705,1.0,0.3499341650075375,0.18084275313827788,0.47224213010274113,0.4231121501077996,0.3188670206889847,0.2923143535192941,0.2923143535192941,0.12695051071454577,12.739111275778455,0.26276305613220985,0.9999674359913705,1.0,0.07043925776440714,0.01358334263856701,0.11551270290707207,0.07132030616493876,0.13349950994418144,-0.06795043843710082,0.07856409177759058,0.03411995153474822,11.491238867738488,0.7387308177636667,1.0,1.0,0.008097360841929913,0.06066800281405449,0.018069542944431305,ok,
759xd9YjKW5,db3dafef140f44508a4130b29e3dc1bc,db3dafef140f44508a4130b29e3dc1bc_i1_1,1,1,/mnt/priorbimda-data/PriorBIMDA-Datasets/Matterport3D/v1/scans/759xd9YjKW5/undistorted_color_images/db3dafef140f44508a4130b29e3dc1bc_i1_1.jpg,/mnt/priorbimda-data/PriorBIMDA-Datasets/Matterport3D/v1/scans/759xd9YjKW5/undistorted_depth_images/db3dafef140f44508a4130b29e3dc1bc_d1_1.png,1024,1280,406,504,1.4121168655554452,953052,0.7271209716796875,-12.47659969329834,-5.123770236968994,1.5858700275421143,True,204624,1.0,True,,1.0,204624,0.8298391103744507,-0.18652343990380954,0.9733820702648822,0.15954483845226747,log-depth Laplacian fallback,,,,0.043799957590020644,0.002958603544431443,0.054634061716878776,0.04485608714426974,0.052570883459833656,0.02783444809561419,0.04268146403229002,0.018536324308775665,4.459754799268645,1.0,1.0,1.0,0.1458914953857647,0.024476937295854633,0.1633397217087275,0.15458334210153749,0.16483669926401165,-0.15868899186260324,0.1586918777139696,0.06891900681404263,4.459754798063295,0.9350822410529541,1.0,1.0,0.14941649598328235,0.024629224048272762,0.16279757528077696,0.15743930349379476,0.16579046889200255,-0.16239159192776678,0.16239159192776678,0.07052577228171383,3.339835993871166,0.9711736610384323,1.0,1.0,0.14659001522483897,0.023766426783960588,0.15994830375107288,0.15449915172787937,0.16260991886666148,-0.15908314415456143,0.159083153118791,0.06908893556326104,3.368291792171904,0.9739447585231445,1.0,1.0,0.03658353079000633,0.0021233739299299967,0.04795656700102271,0.038537996010306864,0.044605759020908485,0.0008558317584532857,0.03652003579665561,0.015860450025396745,4.459754802489237,1.0,1.0,1.0,0.007235951721668243,0.057702588848769665,0.018134107813239098,ok,
759xd9YjKW5,db3dafef140f44508a4130b29e3dc1bc,db3dafef140f44508a4130b29e3dc1bc_i1_2,1,2,/mnt/priorbimda-data/PriorBIMDA-Datasets/Matterport3D/v1/scans/759xd9YjKW5/undistorted_color_images/db3dafef140f44508a4130b29e3dc1bc_i1_2.jpg,/mnt/priorbimda-data/PriorBIMDA-Datasets/Matterport3D/v1/scans/759xd9YjKW5/undistorted_depth_images/db3dafef140f44508a4130b29e3dc1bc_d1_2.png,1024,1280,406,504,1.4121168655554452,1234203,0.9416221618652344,-12.473199844360352,-5.122769832611084,1.5859400033950806,True,191866,0.9376514973805614,True,,1.0,191866,1.0143846273422241,0.014282150152067507,1.0122844197792025,0.0020725715605127287,log-depth Laplacian fallback,,,,0.048537332856601154,0.060104844059404354,0.4533261638118449,0.16882904047316558,0.09998690089843108,-0.005635259494282866,0.043958792854088234,0.019091061167658605,9.982797304215273,0.9801831627374104,0.9862316004741521,0.9943826096679396,0.04747993708546075,0.06100896519616882,0.4479534764671519,0.14805092128034544,0.10020176108143714,0.008646890583392805,0.04222135286853546,0.018336500569294974,9.982797306897622,0.9790933906334696,0.9859998719821618,0.9936396200625018,0.05648445997408884,0.06338222546695559,0.45897027476559277,0.16986463969745713,0.1049517231894674,0.014396094399816123,0.05063215961678744,0.021989267528415457,10.395968769898346,0.9806490504398385,0.9857721946875838,0.9933122833115784,0.05686042450355791,0.060213816987394364,0.4476804280903265,0.17010673562973772,0.10423582611531451,0.015550759684529262,0.051153762295346385,0.02221579669345955,10.30693034767195,0.980772206841176,0.9859228992313258,0.9937741198165941,0.04732727648867983,0.060792875991944405,0.44828874224165294,0.15021196727205888,0.10004421816612565,0.006574297666034856,0.0421669223776429,0.018312861707453068,9.982797302695129,0.9792708330801335,0.9860403839562859,0.9937676379007343,0.0088279377669096,0.05869470816105604,0.01813796814531088,ok,
759xd9YjKW5,db3dafef140f44508a4130b29e3dc1bc,db3dafef140f44508a4130b29e3dc1bc_i1_3,1,3,/mnt/priorbimda-data/PriorBIMDA-Datasets/Matterport3D/v1/scans/759xd9YjKW5/undistorted_color_images/db3dafef140f44508a4130b29e3dc1bc_i1_3.jpg,/mnt/priorbimda-data/PriorBIMDA-Datasets/Matterport3D/v1/scans/759xd9YjKW5/undistorted_depth_images/db3dafef140f44508a4130b29e3dc1bc_d1_3.png,1024,1280,406,504,1.4121168655554452,1067954,0.8147842407226562,-12.47070026397705,-5.125179767608643,1.5859800577163696,True,106944,0.5226366408632418,True,,1.0,106944,0.9826954007148743,-0.017456073878219777,1.0159021300063016,0.033233089660644324,log-depth Laplacian fallback,,,,0.038260525980959796,0.016594292532467227,0.2585840518031799,0.15809036978504099,0.06243173467202371,-0.008478720868149362,0.03761486806920794,0.01633592963997584,6.185331669844371,0.9834131432627248,0.9981328783824023,0.9999775271219546,0.04786704666682072,0.019314274826537654,0.2896939420844597,0.20902744567717274,0.0670704582195315,-0.02593479481445491,0.04796813997442086,0.020832298498053785,6.185331667509871,0.9840124200105997,0.9983145341466019,1.0,0.04178168524984537,0.018301715865384875,0.27580417784177563,0.1759121190172466,0.0658100911370873,-0.020823844410863303,0.04183689897448819,0.01816953436456404,6.242864406203209,0.9857166132623689,0.9980383050206282,0.999981272601629,0.04312444058655715,0.018778504223739032,0.279950734933657,0.18255591631961718,0.06664685199994697,-0.022373682765372528,0.04324135582588053,0.01877948222519495,6.277914622720913,0.9856117398314909,0.9980738870775333,0.9999700361626063,0.0346321625482781,0.016403464487083096,0.24925287255485515,0.13454752613653068,0.06228240805580468,0.00729832601366296,0.03342155417109731,0.014514796553138172,6.185331673102142,0.9845002687381667,0.9979718227564108,0.9997827621788954,0.008945731446146965,0.05875665508210659,0.018123144283890724,ok,
759xd9YjKW5,db3dafef140f44508a4130b29e3dc1bc,db3dafef140f44508a4130b29e3dc1bc_i1_4,1,4,/mnt/priorbimda-data/PriorBIMDA-Datasets/Matterport3D/v1/scans/759xd9YjKW5/undistorted_color_images/db3dafef140f44508a4130b29e3dc1bc_i1_4.jpg,/mnt/priorbimda-data/PriorBIMDA-Datasets/Matterport3D/v1/scans/759xd9YjKW5/undistorted_depth_images/db3dafef140f44508a4130b29e3dc1bc_d1_4.png,1024,1280,406,504,1.4121168655554452,1210857,0.9238105773925781,-12.471500396728516,-5.128590106964111,1.5859500169754028,True,128409,0.6275363593713348,True,,1.0,128409,0.992278516292572,-0.007751448711943176,1.0149252100274746,0.022566373788847346,log-depth Laplacian fallback,,,,0.05163010367663556,0.044883970658689626,0.37473691521920394,0.19599576847175304,0.09681377373731044,-0.0008121382522465133,0.04751635040244285,0.020636088779962283,9.681036729978034,0.9763448532733427,0.9896230521027669,0.9953256247434669,0.05498445903373621,0.045092874012042844,0.3819228249589692,0.2154301773951788,0.09718838536373149,-0.008563586889288414,0.051283230829856155,0.022272024163577254,9.681036736423835,0.9768246787192872,0.9900533258675467,0.9953594850589293,0.0552279848802211,0.04570898550444744,0.39353837720124435,0.2229578730864421,0.0980358259541196,-0.0119078892295991,0.05221025460560198,0.022674625473976775,9.730994473640415,0.9776728383285557,0.991115383567176,0.9953966488198028,0.055284198315681335,0.04574081298699552,0.3929080768388057,0.22252653195383537,0.09814775163864595,-0.011978444318255396,0.052275457763440836,0.02270294284562885,9.741405454776936,0.9775795159956956,0.9911434628531692,0.9954007781265666,0.04931455410685789,0.04600768909696907,0.3704308168496441,0.17925449423381107,0.09781782110591483,0.014002817806246551,0.04446032998348738,0.019308875975426253,9.68103673135983,0.9749491475872047,0.9886072426388913,0.9951934869270277,0.009579365141689777,0.05947257950901985,0.018143500201404095,ok,
759xd9YjKW5,db3dafef140f44508a4130b29e3dc1bc,db3dafef140f44508a4130b29e3dc1bc_i1_5,1,5,/mnt/priorbimda-data/PriorBIMDA-Datasets/Matterport3D/v1/scans/759xd9YjKW5/undistorted_color_images/db3dafef140f44508a4130b29e3dc1bc_i1_5.jpg,/mnt/priorbimda-data/PriorBIMDA-Datasets/Matterport3D/v1/scans/759xd9YjKW5/undistorted_depth_images/db3dafef140f44508a4130b29e3dc1bc_d1_5.png,1024,1280,406,504,1.4121168655554452,993562,0.7580276489257812,-12.474900245666504,-5.129580020904541,1.5858800411224365,True,196537,0.9604787317225741,True,,1.0,196537,0.9626302123069763,-0.03808593645671599,1.002936002920387,0.041017637738221556,log-depth Laplacian fallback,,,,0.07566718760953713,0.043761646238073756,0.38369270292178476,0.21447367000451117,0.10334333003138109,0.028749042453162788,0.07093943535942969,0.030808605325932728,9.926397342440607,0.9850588086098301,0.9925902963277581,0.9965558264104304,0.07746662388628604,0.04374826390694141,0.41661289263407014,0.264509220199489,0.09970212638176527,-0.009336893980435986,0.07563317440286106,0.03284707029198884,9.926397340346393,0.9884627230107431,0.9929737650997119,0.9969342627838021,0.07351436147725929,0.043558296665364045,0.41254034024972835,0.2410670804300864,0.09995348861085614,0.001726284503944361,0.07071307525121173,0.03071029838001064,9.993858027454658,0.9862031760473932,0.9927936052304738,0.9967108242867582,0.07530189986063819,0.04269172242930184,0.4079046483568514,0.24510884456349052,0.10070659584131489,0.002039922311930655,0.07256397062179569,0.03151413202603558,10.068593329212987,0.9853456553290082,0.9928439292162945,0.9967500769956983,0.07584081585980819,0.04416595579236947,0.3832217758041404,0.21148349512023906,0.10419695823790211,0.031680746349738435,0.07089099768076132,0.030787569109370885,9.9263973408053,0.984754851735473,0.9925460112202359,0.996547774572699,0.00808640941977501,0.05761076230555773,0.018105922266840935,ok,
759xd9YjKW5,db3dafef140f44508a4130b29e3dc1bc,db3dafef140f44508a4130b29e3dc1bc_i2_0,2,0,/mnt/priorbimda-data/PriorBIMDA-Datasets/Matterport3D/v1/scans/759xd9YjKW5/undistorted_color_images/db3dafef140f44508a4130b29e3dc1bc_i2_0.jpg,/mnt/priorbimda-data/PriorBIMDA-Datasets/Matterport3D/v1/scans/759xd9YjKW5/undistorted_depth_images/db3dafef140f44508a4130b29e3dc1bc_d2_0.png,1024,1280,406,504,1.4165615917841592,539950,0.41194915771484375,-12.48859977722168,-5.1304497718811035,1.6188600063323975,True,204624,1.0,True,,1.0,204624,0.8994632959365845,-0.10595703138620169,1.1465989885710095,0.24275719076650626,log-depth Laplacian fallback,,,,0.13562348604316463,0.02808752343668651,0.18732102305582585,0.15859449828396308,0.1719103197108556,-0.1411363515581839,0.14856636793444344,0.06452155379033701,9.815135399949055,0.9222539123992962,0.9686526530234281,1.0,0.21745666525673732,0.06135476301790924,0.2729727582664826,0.25211693588280326,0.2658737072956571,-0.24709338303672904,0.24909810367949278,0.10818193188056789,9.815135399270394,0.2672562274284656,0.9395258820261135,0.9998703583665154,0.19992320159158686,0.05518689586891393,0.260104116908844,0.23207937149474306,0.2538493804495002,-0.22518562569018208,0.2283701264708217,0.09917988575782564,11.717910196411426,0.5487600703768868,0.9381387165478285,0.9915103250300954,0.1989568469592051,0.05508821110042514,0.26011348636236525,0.23103848392239917,0.2537800372252885,-0.2241988729148549,0.22736005753956173,0.09874121839463751,11.89082531945431,0.5773053060468561,0.9372201129734234,0.9924604130012038,0.05004046365003811,0.011343052579803595,0.12099173395373491,0.06301746796387105,0.09824709283266997,-0.004336238710557457,0.05109123075547692,0.02218863959074934,9.815135395865068,0.9275155106954348,0.9983072506713585,0.999992591906658,0.00730205699801445,0.0588799137622118,0.018066137097775936,ok,
759xd9YjKW5,db3dafef140f44508a4130b29e3dc1bc,db3dafef140f44508a4130b29e3dc1bc_i2_1,2,1,/mnt/priorbimda-data/PriorBIMDA-Datasets/Matterport3D/v1/scans/759xd9YjKW5/undistorted_color_images/db3dafef140f44508a4130b29e3dc1bc_i2_1.jpg,/mnt/priorbimda-data/PriorBIMDA-Datasets/Matterport3D/v1/scans/759xd9YjKW5/undistorted_depth_images/db3dafef140f44508a4130b29e3dc1bc_d2_1.png,1024,1280,406,504,1.4165615917841592,898382,0.6854110717773437,-12.485300064086914,-5.116300106048584,1.618980050086975,True,204624,1.0,True,,1.0,204624,0.8470330238342285,-0.16601559591159487,1.2237123726343673,0.3679047627095242,log-depth Laplacian fallback,,,,0.1724914446572809,0.04661460815770691,0.2670989216863905,0.25139287494196944,0.19793815260574052,-0.1838310683819776,0.19050638187509356,0.08273587041570676,7.338699172546925,0.8337744968176121,1.0,1.0,0.2934248301229669,0.1303158346566071,0.44641541477570135,0.42643534382105086,0.3574609615499517,-0.3498466642584076,0.35006925543783407,0.15203314592063133,7.3386991623046365,0.07052345216177527,0.9780950642377073,1.0,0.285072872898683,0.12257853795163183,0.4275189480661775,0.40922389411683124,0.3529181004875782,-0.33991042590039283,0.340091606158975,0.14769990789645682,9.493201786528042,0.08054814099124871,0.8598357936824201,1.0,0.2832579328547472,0.1210921330480151,0.42467058007077824,0.40641340712832086,0.3506041033882076,-0.33740609657752096,0.33759275258454585,0.14661466957799796,9.52909403089797,0.08292352251046882,0.8878606205378113,1.0,0.04387520928278465,0.007644806160300207,0.09181955948476421,0.05324158854645658,0.07557608135134458,0.018058059582524162,0.04132307254029303,0.01794638237953705,7.338699173926577,0.9410161824257387,0.9993388113297016,1.0,0.007558470591902733,0.06259000208228827,0.018062852323055267,ok,
759xd9YjKW5,db3dafef140f44508a4130b29e3dc1bc,db3dafef140f44508a4130b29e3dc1bc_i2_2,2,2,/mnt/priorbimda-data/PriorBIMDA-Datasets/Matterport3D/v1/scans/759xd9YjKW5/undistorted_color_images/db3dafef140f44508a4130b29e3dc1bc_i2_2.jpg,/mnt/priorbimda-data/PriorBIMDA-Datasets/Matterport3D/v1/scans/759xd9YjKW5/undistorted_depth_images/db3dafef140f44508a4130b29e3dc1bc_d2_2.png,1024,1280,406,504,1.4165615917841592,1220092,0.9308563232421875,-12.47130012512207,-5.112150192260742,1.6192699670791626,True,204624,1.0,True,,1.0,204624,1.0759910345077515,0.07324212946301269,1.0713908179969942,0.004284495133021302,log-depth Laplacian fallback,,,,0.07031609836247461,0.016979936526989987,0.18954251120878896,0.1404996692777391,0.08717238132652776,-0.059034949190242776,0.07111561466636135,0.030885119026758705,6.413968225866899,0.9887811738786911,0.9946282739334411,0.9988041885366021,0.029686916815642065,0.013132803181222884,0.16112249235073703,0.06135234719590803,0.06569431339770625,0.014207180297015037,0.027299310315293042,0.01185593982969629,6.413968226304331,0.9871222825819692,0.9925292518924802,0.9979755624985657,0.036185835850204635,0.014106648201447074,0.1655699651680851,0.07045151848682749,0.06925628607933206,0.005664675723505278,0.03385116589437895,0.014701374553920333,6.902423205259015,0.9870558941456874,0.9924415535877622,0.9978763896493051,0.03660160410138442,0.013891184393583611,0.16415220322128254,0.07131363599015664,0.06927572758295672,0.007383278092477528,0.034260132084865884,0.014878986313733791,6.888115589010664,0.9871001531032086,0.9926505542205014,0.9979280250997465,0.029301078812399215,0.01275096375427245,0.15855302621208917,0.05958693467923862,0.06490269203871431,0.00992273106030617,0.02703964350533628,0.011743167966998645,6.413968227374552,0.9872058828350649,0.992609573704278,0.9980124449631668,0.0075289905071258545,0.05805056635290384,0.018096712417900562,ok,
759xd9YjKW5,db3dafef140f44508a4130b29e3dc1bc,db3dafef140f44508a4130b29e3dc1bc_i2_3,2,3,/mnt/priorbimda-data/PriorBIMDA-Datasets/Matterport3D/v1/scans/759xd9YjKW5/undistorted_color_images/db3dafef140f44508a4130b29e3dc1bc_i2_3.jpg,/mnt/priorbimda-data/PriorBIMDA-Datasets/Matterport3D/v1/scans/759xd9YjKW5/undistorted_depth_images/db3dafef140f44508a4130b29e3dc1bc_d2_3.png,1024,1280,406,504,1.4165615917841592,1216040,0.927764892578125,-12.460800170898438,-5.122159957885742,1.6194499731063843,True,193372,0.9450113378684807,True,,1.0,193372,1.0660549402236938,0.0639648630869637,1.067032588779925,0.0009166512029101376,log-depth Laplacian fallback,,,,0.07247788156763686,0.01488915443389516,0.17617479323912072,0.13140557501839437,0.09407172048951394,-0.06188431934724523,0.07479637891869512,0.03248365463073401,7.085068535155751,0.9847850399657906,0.9979128976020526,0.9996176112627874,0.04515929302117003,0.011411089049261391,0.153318363653981,0.08642035710620848,0.0708812264755187,0.002080543787297237,0.04398228062101746,0.01910126177522822,7.085068527701699,0.9856164270912141,0.9966193546264925,0.9992023288707609,0.05284962015026803,0.012737130911448367,0.1614838014102196,0.0957335601954518,0.07656362306502895,-0.005613744423580765,0.05194155333694661,0.02255792999571935,7.6357542197156585,0.9848442485444557,0.9965626130719384,0.9992352225255748,0.053529657485489546,0.01298595971272242,0.16363705422514094,0.09776131291807429,0.07735203072943198,-0.004473161933121118,0.052618346658612564,0.022851857600707872,7.722258400420867,0.9848861879543436,0.996594684385382,0.9992566034012039,0.04519409658645921,0.011482413976771364,0.15396924352735936,0.08695449802422499,0.07091405163283004,0.0029971826307943076,0.043975674511307884,0.01909839277823451,7.0850685354916285,0.9855374823196605,0.9965938620440117,0.9991908160915759,0.00791038479655981,0.0587390074506402,0.018158506602048874,ok,
759xd9YjKW5,db3dafef140f44508a4130b29e3dc1bc,db3dafef140f44508a4130b29e3dc1bc_i2_4,2,4,/mnt/priorbimda-data/PriorBIMDA-Datasets/Matterport3D/v1/scans/759xd9YjKW5/undistorted_color_images/db3dafef140f44508a4130b29e3dc1bc_i2_4.jpg,/mnt/priorbimda-data/PriorBIMDA-Datasets/Matterport3D/v1/scans/759xd9YjKW5/undistorted_depth_images/db3dafef140f44508a4130b29e3dc1bc_d2_4.png,1024,1280,406,504,1.4165615917841592,1244213,0.9492591857910156,-12.464099884033203,-5.13631010055542,1.6193300485610962,True,199880,0.9768160137618266,True,,1.0,199880,1.0759910345077515,0.07324212946301269,1.1211785867058532,0.041138312113204845,log-depth Laplacian fallback,,,,0.10094749829292267,0.025466946431978013,0.21435911700696475,0.15988004321233346,0.12430321568386311,-0.08022901384882611,0.1048563905176362,0.04553855179410184,9.494521981750246,0.9861454590170654,0.9958222587290119,0.9981385823809911,0.07270393253695798,0.02539532363857961,0.24039223465837267,0.14383236110940162,0.09520195023070196,-0.006986884467712958,0.07042144797004704,0.030583646261028385,9.494521985420795,0.9828493995802969,0.9930920188102841,0.9976274158845793,0.06351617544021565,0.022873104242333624,0.22828985799190973,0.12785667484084365,0.08808409701218281,-0.002942177319126741,0.06115905572250725,0.02656104041869838,8.803494612410717,0.9830197884124342,0.9937599108834259,0.9976000893737648,0.05797647478881084,0.021860172527653002,0.22224219536820383,0.11592234766460993,0.08535654702219048,-0.0006510415233333662,0.0555320525459347,0.02411726398946087,8.535406413573,0.9832874274742347,0.9937382104189556,0.9976225935591414,0.06799794820413463,0.03505934535487377,0.29934818010075387,0.16296657873202214,0.10090053144077596,0.03415146370012776,0.0628626848089429,0.027300917130147272,9.49452198489733,0.9799937792001852,0.9916035276918019,0.9974602419360672,0.008222290314733982,0.059128967113792896,0.018120065331459045,ok,
759xd9YjKW5,db3dafef140f44508a4130b29e3dc1bc,db3dafef140f44508a4130b29e3dc1bc_i2_5,2,5,/mnt/priorbimda-data/PriorBIMDA-Datasets/Matterport3D/v1/scans/759xd9YjKW5/undistorted_color_images/db3dafef140f44508a4130b29e3dc1bc_i2_5.jpg,/mnt/priorbimda-data/PriorBIMDA-Datasets/Matterport3D/v1/scans/759xd9YjKW5/undistorted_depth_images/db3dafef140f44508a4130b29e3dc1bc_d2_5.png,1024,1280,406,504,1.4165615917841592,1119258,0.8539260864257813,-12.478099822998047,-5.1404500007629395,1.6190299987792969,True,204624,1.0,True,,1.0,204624,1.1183074712753296,0.11181635595191813,1.2333477751358892,0.09791588453123437,log-depth Laplacian fallback,,,,0.2082821885872712,0.0785375890001345,0.4029928460201434,0.3828207369649761,0.24268667518795864,-0.23116065105451528,0.23455724125100863,0.10186691556576287,7.39024743688489,0.5665217492302936,0.9987268350996821,0.99999374585663,0.11660360836837695,0.026382508561830383,0.214808669099178,0.19786161918850034,0.14037320422444022,-0.11934429494952412,0.12462632040175176,0.054124523250387455,7.390247443243964,0.9285419447526844,0.997658270032468,0.9991735596261094,0.13500193706062,0.03587006944735517,0.23916008939032704,0.2186380034582579,0.17772819065723386,-0.14302549065460424,0.14821293188433302,0.06436805846406833,10.550364343141796,0.7514674900693138,0.9977342132019605,0.9990127387965956,0.134526161650015,0.036097641214636905,0.23943982927179316,0.21730363713821807,0.17907557628285878,-0.14277625172903335,0.14792788939571067,0.06424426608415168,10.808794550386121,0.7493294664858325,0.9977592297754405,0.9989743204873228,0.050148751654983253,0.01058045177498924,0.13114610476510605,0.07908789277751552,0.07694642649845705,-0.02142841185510204,0.050691345945853956,0.022014971824533134,7.3902474358106405,0.9931776230324019,0.9969354697487085,0.9987598927146377,0.007969897240400314,0.058124265633523464,0.018354786559939384,ok,
759xd9YjKW5,f155853c7e6c4761bc42e1a304c78b2a,f155853c7e6c4761bc42e1a304c78b2a_i0_0,0,0,/mnt/priorbimda-data/PriorBIMDA-Datasets/Matterport3D/v1/scans/759xd9YjKW5/undistorted_color_images/f155853c7e6c4761bc42e1a304c78b2a_i0_0.jpg,/mnt/priorbimda-data/PriorBIMDA-Datasets/Matterport3D/v1/scans/759xd9YjKW5/undistorted_depth_images/f155853c7e6c4761bc42e1a304c78b2a_d0_0.png,1024,1280,406,504,1.4155678118069965,1240583,0.9464897155761719,-6.216239929199219,-9.853460311889648,1.560289978981018,True,67344,0.32911095472671825,True,,1.0,67344,1.055694818496704,0.05419914588050873,1.1663629340891093,0.09969115784249874,log-depth Laplacian fallback,,,,0.14988629203360954,0.05641336050558926,0.412037646031274,0.31456316003133655,0.1733971095471855,-0.1618942830605084,0.1634273129358124,0.07097558020029925,6.210312964450856,0.892559385385742,0.9954755143347926,0.996230804387937,0.10281907417972265,0.03268594051798848,0.336148878331961,0.21978379911602342,0.12431830635162115,-0.10769513723417252,0.10950104284966743,0.0475556986722621,6.210312963328237,0.9793524496144151,0.9954223135412947,0.9970884656649334,0.09632930194778765,0.03565711447652446,0.3549105205836832,0.2180812849738839,0.12875528408516368,-0.10021027177163817,0.1035446684218604,0.04496887812611591,8.08444470035241,0.9695739825549762,0.9954706778990201,0.9961211785104261,0.09730767491467772,0.03626994018030205,0.35935148547499524,0.22036911083006339,0.1298826471586967,-0.0979315724151553,0.104631855629696,0.04544103753127465,8.531652335418796,0.9681383672031617,0.9954795446979364,0.9961784096670678,0.03689417583536606,0.01248524621404749,0.24399456170263528,0.08177671761930842,0.06261679580276999,-0.008004024284255389,0.037369610726356896,0.016229415729329368,6.210312964628146,0.9948032497624101,0.9953344516247603,0.9990955865105358,0.009207234717905521,0.05953930038958788,0.01811859756708145,ok,
759xd9YjKW5,f155853c7e6c4761bc42e1a304c78b2a,f155853c7e6c4761bc42e1a304c78b2a_i0_5,0,5,/mnt/priorbimda-data/PriorBIMDA-Datasets/Matterport3D/v1/scans/759xd9YjKW5/undistorted_color_images/f155853c7e6c4761bc42e1a304c78b2a_i0_5.jpg,/mnt/priorbimda-data/PriorBIMDA-Datasets/Matterport3D/v1/scans/759xd9YjKW5/undistorted_depth_images/f155853c7e6c4761bc42e1a304c78b2a_d0_5.png,1024,1280,406,504,1.4155678118069965,1210238,0.9233383178710938,-6.219099998474121,-9.867730140686035,1.5605299472808838,True,79197,0.38703671123621863,True,,1.0,79197,1.028599500656128,0.028198168898836973,1.0371825113167075,0.008309744203573513,log-depth Laplacian fallback,,,,0.06023530635336175,0.011001734075889618,0.14574475878714607,0.11364943184902819,0.07833280591065307,-0.04367007706852126,0.062440658895686674,0.027117633604799924,6.503039943492165,0.9989142631449351,0.9993389729953943,0.9997372417656692,0.053273566535814935,0.00801253315240643,0.12042327500542535,0.09504067297454567,0.06684558912960915,-0.015471908287518139,0.053901665404182154,0.023409195850431726,6.503039935312676,0.9988489867282303,0.9992712177274222,0.9996876647403238,0.07670429269908334,0.014355742403958734,0.1568698237321891,0.13106224010464673,0.09271479349963774,-0.010354161536431528,0.07706716705865388,0.03346984538948943,9.213481574604657,0.9988266770668248,0.9992703914436665,0.999683533321545,0.08073933333176583,0.015748244341933927,0.16378614241187414,0.1372894220666122,0.09758358059194706,-0.009796783812771543,0.08100224967121872,0.0351788300539598,9.70905671425955,0.9989150894286909,0.9993422781304173,0.9997479834544941,0.05330150317274875,0.00764658036753705,0.11610446580149066,0.09378417358790722,0.06542360919092734,-0.007162107896426002,0.0534873728197236,0.023229270867107934,6.503039943016761,0.9988101513917097,0.9992489080660167,0.9996719653489644,0.00979719590395689,0.060316373594105244,0.018128622323274612,ok,
759xd9YjKW5,f155853c7e6c4761bc42e1a304c78b2a,f155853c7e6c4761bc42e1a304c78b2a_i1_0,1,0,/mnt/priorbimda-data/PriorBIMDA-Datasets/Matterport3D/v1/scans/759xd9YjKW5/undistorted_color_images/f155853c7e6c4761bc42e1a304c78b2a_i1_0.jpg,/mnt/priorbimda-data/PriorBIMDA-Datasets/Matterport3D/v1/scans/759xd9YjKW5/undistorted_depth_images/f155853c7e6c4761bc42e1a304c78b2a_d1_0.png,1024,1280,406,504,1.4121168655554452,1196934,0.9131881713867187,-6.208469867706299,-9.860099792480469,1.5937999486923218,True,193020,0.9432911095472671,True,,1.0,193020,0.9628652930259705,-0.03784175959989025,0.8195113056163309,0.1612053255444919,log-depth Laplacian fallback,,,,0.20741292938653597,0.17473036777387857,0.6258694465562203,0.38922461623925936,0.21226660343919776,0.17082414290635303,0.18099798753973034,0.07860642722409845,12.600088545690275,0.9119191200183134,0.9894538880172173,0.9941258248157375,0.16831064031175666,0.14294657324728638,0.5887797470950048,0.3316446424710188,0.18319535296753034,0.13298238315721225,0.14899394742796282,0.0647072492049475,12.600088538866071,0.9581363717631883,0.9911682682587344,0.9943539075671675,0.17828679260343683,0.1471520893830614,0.5848923982842869,0.33056562552543245,0.19222534095581717,0.14454910906805474,0.15695089797938996,0.06816290892220937,12.671281219044813,0.9612626928468905,0.9911607490471488,0.994417403131668,0.18246745350700763,0.14777642506477406,0.5866612453590839,0.33804078979255725,0.19527892147794226,0.14736764263325414,0.16061025488405753,0.069752147433221,12.812741735595019,0.9605291519833173,0.9910847214633388,0.9944274287471155,0.06164798114118562,0.10265230970552003,0.6702372309081347,0.26312543129377847,0.1291230357827215,-0.028222955988990127,0.05958902004892204,0.02587918258926909,12.600088541351406,0.937305649267211,0.9899443077061894,0.9948409853843236,0.00782585795968771,0.05957261845469475,0.01806845422834158,ok,
759xd9YjKW5,f155853c7e6c4761bc42e1a304c78b2a,f155853c7e6c4761bc42e1a304c78b2a_i1_1,1,1,/mnt/priorbimda-data/PriorBIMDA-Datasets/Matterport3D/v1/scans/759xd9YjKW5/undistorted_color_images/f155853c7e6c4761bc42e1a304c78b2a_i1_1.jpg,/mnt/priorbimda-data/PriorBIMDA-Datasets/Matterport3D/v1/scans/759xd9YjKW5/undistorted_depth_images/f155853c7e6c4761bc42e1a304c78b2a_d1_1.png,1024,1280,406,504,1.4121168655554452,986482,0.7526260375976562,-6.205160140991211,-9.858980178833008,1.5938299894332886,True,94258,0.4606400031276879,True,,1.0,94258,0.9330132007598877,-0.06933592951046137,0.9931779357427009,0.062490488594086714,log-depth Laplacian fallback,,,,0.04226585614138116,0.026009998868047047,0.3530189756003683,0.14678657798072522,0.08278526127418774,0.00640243660227704,0.04203267401000174,0.018254558382181988,8.25373145297892,0.9764466052092182,0.9873783809537325,0.9999776985287111,0.07109589551636379,0.032987998407806376,0.39465440696105103,0.26207002942620317,0.10379322151273823,-0.06293349308552007,0.07440066733694828,0.03231179927435614,8.253731447077222,0.9778566664166198,0.9896105554891017,0.9977739076840733,0.06595122807998989,0.030885393500955746,0.37855045306106455,0.24440884143072703,0.09837956424248033,-0.049976961886185,0.0684035816950673,0.02970729807258602,8.473984860245578,0.9774065821778806,0.9888776480462897,0.9989629815850669,0.06597777905389551,0.030910279136626043,0.37754129399709824,0.2435368936881309,0.09865571669589178,-0.05020660286428814,0.0684536991038582,0.02972906378667121,8.492495196117403,0.9773153488862443,0.989385513369732,0.9990765163479921,0.04127719798283879,0.025094562361116263,0.3461845212025074,0.14201228645064656,0.08253850336740011,-0.00044298959573105544,0.041329186813872036,0.017949037774813253,8.253731458163873,0.9766523869670202,0.9875740256791304,0.9999817533416727,0.008740400895476341,0.06389052793383598,0.01808694377541542,ok,
759xd9YjKW5,f155853c7e6c4761bc42e1a304c78b2a,f155853c7e6c4761bc42e1a304c78b2a_i1_4,1,4,/mnt/priorbimda-data/PriorBIMDA-Datasets/Matterport3D/v1/scans/759xd9YjKW5/undistorted_color_images/f155853c7e6c4761bc42e1a304c78b2a_i1_4.jpg,/mnt/priorbimda-data/PriorBIMDA-Datasets/Matterport3D/v1/scans/759xd9YjKW5/undistorted_depth_images/f155853c7e6c4761bc42e1a304c78b2a_d1_4.png,1024,1280,406,504,1.4121168655554452,1273089,0.9712898254394531,-6.2065300941467285,-9.865839958190918,1.5939500331878662,True,77410,0.3783036202986942,True,,1.0,77410,0.962395191192627,-0.038330111016791714,1.0144800844297615,0.05270636018596361,log-depth Laplacian fallback,,,,0.04043340875409732,0.014438088085866949,0.23163194532654596,0.15039663037102646,0.060156954084140755,-0.00517664586877416,0.03981973089165068,0.017293489397116345,5.993380900819439,0.9867794003404318,0.9994760774776941,0.9999599399570651,0.05906511937622102,0.02020859891411305,0.28791966731946517,0.2307051616735121,0.07406010640633576,-0.04350675681991875,0.060322343749694904,0.026197661025963607,5.993380908911286,0.9897571968652623,0.9994030268111656,0.9999025991112954,0.06319923885398376,0.023274609207559954,0.3051606062108854,0.24765373150078185,0.0772859274540845,-0.023688434832274334,0.06336418088929577,0.027518714110540618,7.356611065997103,0.9848376664946441,0.9994195221229624,0.9999065265664852,0.06238574829307792,0.022871273430620887,0.30188428983951493,0.24374575807238827,0.07697370869530441,-0.024702208566493918,0.06265300071536287,0.02720985248536259,7.290235059479919,0.9849358528743867,0.9994195221229624,0.999908097548561,0.038326425762806565,0.015302936346106119,0.23760763730396087,0.14367687782876035,0.0606357543143396,0.009199632453286121,0.03715252714672596,0.01613513752858386,5.993380902289958,0.9848957928314517,0.9993503989116236,0.9999520850466856,0.009018796496093273,0.06246899999678135,0.018171215429902077,ok,
759xd9YjKW5,f155853c7e6c4761bc42e1a304c78b2a,f155853c7e6c4761bc42e1a304c78b2a_i1_5,1,5,/mnt/priorbimda-data/PriorBIMDA-Datasets/Matterport3D/v1/scans/759xd9YjKW5/undistorted_color_images/f155853c7e6c4761bc42e1a304c78b2a_i1_5.jpg,/mnt/priorbimda-data/PriorBIMDA-Datasets/Matterport3D/v1/scans/759xd9YjKW5/undistorted_depth_images/f155853c7e6c4761bc42e1a304c78b2a_d1_5.png,1024,1280,406,504,1.4121168655554452,1193274,0.9103958129882812,-6.209159851074219,-9.863530158996582,1.5938600301742554,True,199041,0.9727158104621159,True,,1.0,199041,0.9007818102836609,-0.10449221464732464,0.8942354221120316,0.007293988132272014,log-depth Laplacian fallback,,,,0.2642918327616586,0.19889162565989596,0.5362865558704111,0.3683111534559903,0.2906986367822402,0.20623406104607842,0.21399180402608908,0.09293545966105254,20.487364274472995,0.5061762847426492,0.9908487070027504,0.9945863230071216,0.2181478023023345,0.12867942831401857,0.49647637820459195,0.4055079693896645,0.22874573831067982,0.1017418464843004,0.1924214255014094,0.08356756329521972,20.487364269047166,0.5073855627458572,0.9924493452467749,0.995479663513996,0.18271398507460992,0.10313344179725834,0.4218318320110422,0.29878934010788305,0.2042709731546031,0.1097514271918097,0.16063020702785305,0.06976081253917353,17.228248518897523,0.5221927235488245,0.9921920698850389,0.9954293816843407,0.18091234581453647,0.09996073211568691,0.4160531738881407,0.2954308646400945,0.20230820974000782,0.10580932355005432,0.1596987628306095,0.06935629146410983,17.243259198332233,0.5229570073595838,0.9922825771784184,0.995489719879927,0.21655486164442622,0.12655018395976383,0.5024057365463059,0.41342315224870946,0.22559612040718213,0.09444786944772021,0.19241382413225838,0.0835642620625426,20.487364276440786,0.5074861264051677,0.9925230919302691,0.9955198889777201,0.00911544356495142,0.06251909397542477,0.018116803839802742,ok,
759xd9YjKW5,f155853c7e6c4761bc42e1a304c78b2a,f155853c7e6c4761bc42e1a304c78b2a_i2_0,2,0,/mnt/priorbimda-data/PriorBIMDA-Datasets/Matterport3D/v1/scans/759xd9YjKW5/undistorted_color_images/f155853c7e6c4761bc42e1a304c78b2a_i2_0.jpg,/mnt/priorbimda-data/PriorBIMDA-Datasets/Matterport3D/v1/scans/759xd9YjKW5/undistorted_depth_images/f155853c7e6c4761bc42e1a304c78b2a_d2_0.png,1024,1280,406,504,1.4165615917841592,1243326,0.9485824584960938,-6.217299938201904,-9.852149963378906,1.62677001953125,True,102084,0.4988857612010321,True,,1.0,102084,1.0634554624557495,0.06152347650737508,1.1027294757621622,0.036264971453970535,log-depth Laplacian fallback,,,,0.09711588780147636,0.018459900755672422,0.19765273272932762,0.17601467418743486,0.10582937403134045,-0.09805865497720127,0.10208467537489006,0.0443348112021995,3.980397708681329,0.9972911368378045,0.9999734582884939,1.0,0.04208768219915798,0.005467555589797225,0.10797305950089708,0.07481228961156344,0.054029398115139175,-0.03653517855507738,0.042761608413773355,0.018571130571409432,3.9803977045426238,0.9949337502794923,0.9995761369101909,1.0,0.04929925697623148,0.006597563429498314,0.11393519553306079,0.08745539241794602,0.062092286195559995,-0.04353220413246995,0.05047368679097423,0.02192044365463316,4.427639561166081,0.9954822789839511,0.9995552252587012,1.0,0.04998012446946976,0.006651689210427108,0.11354356294527253,0.08791786533025844,0.06290741156882629,-0.043364160052282934,0.051209229450440756,0.022239885772843915,4.557293114612762,0.9956133789529054,0.9995761369101909,1.0,0.023629433976740354,0.0035221112399362814,0.08492951045139187,0.04583202448218882,0.03980489445989164,-0.0002702396828245387,0.023215552446663377,0.01008238632192144,3.9803977106275936,0.992843389424817,0.9993324357409079,1.0,0.009236050769686699,0.05924216937273741,0.01809542439877987,ok,
759xd9YjKW5,f155853c7e6c4761bc42e1a304c78b2a,f155853c7e6c4761bc42e1a304c78b2a_i2_4,2,4,/mnt/priorbimda-data/PriorBIMDA-Datasets/Matterport3D/v1/scans/759xd9YjKW5/undistorted_color_images/f155853c7e6c4761bc42e1a304c78b2a_i2_4.jpg,/mnt/priorbimda-data/PriorBIMDA-Datasets/Matterport3D/v1/scans/759xd9YjKW5/undistorted_depth_images/f155853c7e6c4761bc42e1a304c78b2a_d2_4.png,1024,1280,406,504,1.4165615917841592,1253771,0.9565513610839844,-6.209229946136475,-9.876020431518555,1.627369999885559,True,41928,0.2049026507154586,True,,1.0,41928,0.9830553531646729,-0.01708984997815385,1.1042836065529973,0.11628665483612981,log-depth Laplacian fallback,,,,0.10003028302805295,0.027109962699098312,0.2601282111071122,0.24100146249876442,0.11329765739247681,-0.09895547271567048,0.10496155215896204,0.045584222914637554,5.517403003443968,0.9968144102870461,0.998360944702023,0.9988626312141532,0.1146547440183799,0.034507543797971774,0.29710463097197487,0.27758193229717354,0.1284939317935683,-0.11604532268308539,0.12142066489285838,0.05273232475199229,5.517403004266385,0.9970042376159601,0.9983896580795057,0.99903491147905,0.11364821365458429,0.03342948798258726,0.28738339431786974,0.26471412696249763,0.13015653360595297,-0.11418471667356905,0.12055453610074683,0.0523561697969607,6.247058282499316,0.9970018448345033,0.9984175738631695,0.9993627225386454,0.113142360288567,0.03308268085259176,0.28513636844799994,0.2622794910578214,0.12996898555352124,-0.1135471732956553,0.12001237544903823,0.05212071241761858,6.3237462333476335,0.9960287803753636,0.9984167762693507,0.9991760855850071,0.03298197082955055,0.007568042992876156,0.12417102781643287,0.07111820998229969,0.05517455771926897,0.00024130015818100352,0.0319240484053096,0.013864438062438254,5.517403006624226,0.991917981832408,0.9979932539514792,0.9986552568212217,0.00934524741023779,0.06312763877213001,0.018172334879636765,ok,
759xd9YjKW5,f155853c7e6c4761bc42e1a304c78b2a,f155853c7e6c4761bc42e1a304c78b2a_i2_5,2,5,/mnt/priorbimda-data/PriorBIMDA-Datasets/Matterport3D/v1/scans/759xd9YjKW5/undistorted_color_images/f155853c7e6c4761bc42e1a304c78b2a_i2_5.jpg,/mnt/priorbimda-data/PriorBIMDA-Datasets/Matterport3D/v1/scans/759xd9YjKW5/undistorted_depth_images/f155853c7e6c4761bc42e1a304c78b2a_d2_5.png,1024,1280,406,504,1.4165615917841592,1245212,0.9500213623046875,-6.220149993896484,-9.866410255432129,1.6270099878311157,True,124249,0.6072063883024474,True,,1.0,124249,1.0367934703826904,0.03613274873984026,0.9922656651686367,0.04389714866149252,log-depth Laplacian fallback,,,,0.038501636607295706,0.012867291290521752,0.15268634362160585,0.07533752674609616,0.06655687569843965,0.006829264895382708,0.03687230305421981,0.016013437751512098,6.620558015549929,0.991283411981253,0.9972358120544935,0.9982075341387652,0.05677597652609048,0.018935954984761198,0.19918531872755743,0.12024968581304984,0.07892346583206769,0.04296201364416866,0.053492207822830255,0.02323137068227715,6.620558014687146,0.9892042479513529,0.9969145816134121,0.9980742235057163,0.050686398850605746,0.014775362526215278,0.1595784289405216,0.09058904971590408,0.07469868531199514,0.02232992135746739,0.04834829238048645,0.020997396590290304,7.128301480373708,0.9910360645416202,0.9972173413041313,0.9981561372681921,0.05282865221416481,0.014708717062875338,0.15967382248803993,0.09419356714184453,0.07593736572477948,0.02476164642337967,0.0504090471341347,0.021892371008355643,7.17867980872698,0.9910087599541283,0.9972486612721367,0.9982235956608192,0.03758843164361042,0.012307475300320982,0.14689074646070713,0.07089173760027297,0.06621218440494958,-0.0009351587195142955,0.036253716953060275,0.015744789221196452,6.620558014128693,0.9917668637950807,0.9972928304577855,0.9982388541067706,0.009672482497990131,0.060442399233579636,0.018107312731444836,ok,
759xd9YjKW5,f346ec806ac7467c97fab5a2e36793dd,f346ec806ac7467c97fab5a2e36793dd_i0_0,0,0,/mnt/priorbimda-data/PriorBIMDA-Datasets/Matterport3D/v1/scans/759xd9YjKW5/undistorted_color_images/f346ec806ac7467c97fab5a2e36793dd_i0_0.jpg,/mnt/priorbimda-data/PriorBIMDA-Datasets/Matterport3D/v1/scans/759xd9YjKW5/undistorted_depth_images/f346ec806ac7467c97fab5a2e36793dd_d0_0.png,1024,1280,406,504,1.4155678118069965,1241266,0.9470108032226563,-3.0108699798583984,8.578189849853516,1.573099970817566,True,204624,1.0,True,,1.0,204624,0.8595319986343384,-0.1513672254929052,0.829806280814654,0.03519577654866607,log-depth Laplacian fallback,,,,0.20963681182604196,0.0902798087742349,0.4214605848208705,0.3696783791736876,0.19740274438934408,0.18861340927496079,0.18861340927496079,0.08191376286107512,5.824796420580594,0.6932792809921483,0.9992217622975252,1.0,0.05737208244324369,0.0104226581784706,0.14750189094506083,0.10584629153813793,0.06913829292972602,0.037246183869876826,0.055272841841852396,0.02400469021102766,5.824796422509485,0.9989687947627665,1.0,1.0,0.05289356077370715,0.008649228840069703,0.13633992616794557,0.09947748114810544,0.06180475532296798,0.04948570646227712,0.05093659846150668,0.02212148363875401,3.702691772834034,0.9990268000573608,1.0,1.0,0.054159371575407636,0.00859335731736736,0.13531490310901645,0.10081036479858502,0.062059717663070724,0.05062673167141377,0.05218705516457756,0.02266455008475662,3.5893489614284126,0.999034050719185,1.0,1.0,0.0487207403915963,0.00617977532009221,0.10871540184490235,0.08336702428314603,0.05828404107726306,0.002050392095576337,0.04844846193875104,0.021040899676699303,5.824796422666192,0.9991017235628785,1.0,1.0,0.008914370089769363,0.05709501542150974,0.018090415745973587,ok,
759xd9YjKW5,f346ec806ac7467c97fab5a2e36793dd,f346ec806ac7467c97fab5a2e36793dd_i0_1,0,1,/mnt/priorbimda-data/PriorBIMDA-Datasets/Matterport3D/v1/scans/759xd9YjKW5/undistorted_color_images/f346ec806ac7467c97fab5a2e36793dd_i0_1.jpg,/mnt/priorbimda-data/PriorBIMDA-Datasets/Matterport3D/v1/scans/759xd9YjKW5/undistorted_depth_images/f346ec806ac7467c97fab5a2e36793dd_d0_1.png,1024,1280,406,504,1.4155678118069965,1248221,0.9523170471191407,-3.0140199661254883,8.592399597167969,1.5727299451828003,True,204624,1.0,True,,1.0,204624,1.175988793373108,0.1621093199863936,1.1925927990858876,0.01402043970617664,log-depth Laplacian fallback,,,,0.17068946624782622,0.05673623065216114,0.3410170702015635,0.32991474511021573,0.19397939173496037,-0.18825015829665484,0.18825015829665484,0.08175600496565089,4.679617846736639,0.7597388603460445,1.0,1.0,0.037715262560716764,0.003941153986240869,0.0782644768468697,0.06107960453372645,0.05360247893900945,-0.026140838333483078,0.038777317611040626,0.016840775061484733,4.679617847249553,1.0,1.0,1.0,0.025836462002802152,0.002090681109374455,0.06766219031512793,0.05118465013311135,0.032884947350081635,-0.010454529753838628,0.02604604347312115,0.011311652955788723,3.117888018905978,1.0,1.0,1.0,0.025313337496366703,0.002201229726096364,0.07299361403124921,0.053142556145899064,0.03198661779644228,-0.008236870298639367,0.025531564068674704,0.011088217389384767,3.090789034759685,0.9999855794767113,1.0,1.0,0.03462650453817284,0.0034367021835716087,0.07477162043728615,0.057256099917653874,0.04834033078980779,-0.012120448081419101,0.03519036694646442,0.015282982181000078,4.679617846762343,1.0,1.0,1.0,0.007482283748686314,0.058752572163939476,0.01812077034264803,ok,
759xd9YjKW5,f346ec806ac7467c97fab5a2e36793dd,f346ec806ac7467c97fab5a2e36793dd_i0_2,0,2,/mnt/priorbimda-data/PriorBIMDA-Datasets/Matterport3D/v1/scans/759xd9YjKW5/undistorted_color_images/f346ec806ac7467c97fab5a2e36793dd_i0_2.jpg,/mnt/priorbimda-data/PriorBIMDA-Datasets/Matterport3D/v1/scans/759xd9YjKW5/undistorted_depth_images/f346ec806ac7467c97fab5a2e36793dd_d0_2.png,1024,1280,406,504,1.4155678118069965,1251914,0.9551345825195312,-3.0032899379730225,8.602219581604004,1.57260000705719,True,204624,1.0,True,,1.0,204624,0.8445550799369812,-0.16894532291089703,0.8392174084113556,0.00634015514883135,log-depth Laplacian fallback,,,,0.1972945889976513,0.08297207072819432,0.42258804339815187,0.3926441557231139,0.18337137905733686,0.17927835852596485,0.17927835852596485,0.0778596018324994,3.852704013579459,0.883395345047663,0.9983505256750863,0.9990574432429065,0.027876380038361105,0.003619051638883288,0.0826632838979204,0.05218688923326739,0.03988865075105608,0.010333035641580356,0.027310933335289184,0.011860987643143665,3.852704028561702,0.9981995568385688,0.9988633404530982,1.0,0.030317036746717443,0.003419573172781894,0.07915950275056698,0.05534976654573772,0.03959065778584114,0.02603565300294979,0.029510081708417086,0.012816065646479637,2.9825575545587975,0.9982474834533362,0.9989312364906855,1.0,0.031169835606613714,0.003459847809753508,0.07944562082136547,0.056562508296854726,0.04005135016872985,0.02723439749477983,0.03034189887021442,0.01317731924980064,2.9366617841258917,0.9982554712224642,0.9989400230367261,1.0,0.027166843305705814,0.003327548323817366,0.07888009787788172,0.050151171438090565,0.038733397329557676,0.003992899520796864,0.0267752830292857,0.011628357671016571,3.852704014203798,0.9982147335999119,0.9988817123220924,1.0,0.00749997328966856,0.05658263526856899,0.018160909414291382,ok,
759xd9YjKW5,f346ec806ac7467c97fab5a2e36793dd,f346ec806ac7467c97fab5a2e36793dd_i0_3,0,3,/mnt/priorbimda-data/PriorBIMDA-Datasets/Matterport3D/v1/scans/759xd9YjKW5/undistorted_color_images/f346ec806ac7467c97fab5a2e36793dd_i0_3.jpg,/mnt/priorbimda-data/PriorBIMDA-Datasets/Matterport3D/v1/scans/759xd9YjKW5/undistorted_depth_images/f346ec806ac7467c97fab5a2e36793dd_d0_3.png,1024,1280,406,504,1.4155678118069965,1227303,0.9363578796386719,-2.989419937133789,8.59784984588623,1.5728299617767334,True,204624,1.0,True,,1.0,204624,0.9916729927062988,-0.008361870491234547,0.9736208805034444,0.018371420351337438,log-depth Laplacian fallback,,,,0.05397714787043093,0.027397473168363388,0.17780598123232874,0.08737020427784752,0.1034051868426577,0.03709879179737752,0.04729885225095128,0.020541630532945342,9.652104595962365,0.9837204015634281,0.9915440604316945,0.9931435024602726,0.05039715818234807,0.02587496033303107,0.17040240531484127,0.0798223086395182,0.10070810755334546,0.02873692124686258,0.04415438793232323,0.019176007030823512,9.652104580985338,0.9845197151803589,0.9915652450943248,0.9931663167123359,0.037645041827074656,0.025688283203321834,0.16393460922319553,0.053431683352031904,0.10041100971255647,0.02180342130821732,0.03124455037535327,0.013569335817564105,9.801521152735164,0.9749434328768039,0.991525320153214,0.9931019479297288,0.035921362279457976,0.025366186008312447,0.16044340781351377,0.047967836640954574,0.10073747024530309,0.023294539633018686,0.029462836490691268,0.012795547309124992,9.800715450776565,0.9700025177156741,0.9914674697283393,0.9930929851878468,0.04685477359711111,0.02350193565407767,0.1587510353575929,0.07041542508931858,0.09707603282535347,0.010365512317167291,0.04149656475060113,0.018021729089127046,9.65210459097484,0.9862030810647412,0.9916320582610814,0.9932168339847617,0.007813512347638607,0.05717403441667557,0.018096747808158398,ok,
759xd9YjKW5,f346ec806ac7467c97fab5a2e36793dd,f346ec806ac7467c97fab5a2e36793dd_i0_4,0,4,/mnt/priorbimda-data/PriorBIMDA-Datasets/Matterport3D/v1/scans/759xd9YjKW5/undistorted_color_images/f346ec806ac7467c97fab5a2e36793dd_i0_4.jpg,/mnt/priorbimda-data/PriorBIMDA-Datasets/Matterport3D/v1/scans/759xd9YjKW5/undistorted_depth_images/f346ec806ac7467c97fab5a2e36793dd_d0_4.png,1024,1280,406,504,1.4155678118069965,1225333,0.9348548889160156,-2.986269950866699,8.583649635314941,1.573199987411499,True,204624,1.0,True,,1.0,204624,1.0502961874008179,0.04907220763030964,1.0316657382608379,0.017897490070984193,log-depth Laplacian fallback,,,,0.06242880854671326,0.0196416725090859,0.1489911433989864,0.09373291855674996,0.09866490487566024,-0.024115382346825892,0.059964766417932296,0.02604236716392543,9.567241916241839,0.9931749165328935,0.9937894433594786,0.9943672454753116,0.060357853064164316,0.02387506270588204,0.17751574685512633,0.10379590823032542,0.09887393434662876,0.024956825335319885,0.055039572655272845,0.023903382690498118,9.567241902640381,0.9922600631828246,0.9936637632382381,0.9942440136681212,0.03137582100860174,0.015070494310093207,0.125308068891194,0.05032651463593321,0.078848791180534,0.02298302413430438,0.027299989732465463,0.011856234896825186,7.5424879663632485,0.9932402049075639,0.993820455337447,0.9943803031502457,0.03284102696732655,0.015744885381210837,0.12647795767224324,0.050849006956478024,0.08020415137037798,0.026580320369792756,0.028552331940800483,0.012400120207359616,7.567160937948712,0.993188790312511,0.9937576152768268,0.9943419462301268,0.05649460664859285,0.021299621166691762,0.1618392280224905,0.09234182035661409,0.09593250359582892,0.00705928143688027,0.05221400143316457,0.022676252700511868,9.56724191800262,0.9924224680148171,0.9937053845770905,0.9942897155303905,0.008540207520127296,0.059603627771139145,0.018101087771356106,ok,
759xd9YjKW5,f346ec806ac7467c97fab5a2e36793dd,f346ec806ac7467c97fab5a2e36793dd_i0_5,0,5,/mnt/priorbimda-data/PriorBIMDA-Datasets/Matterport3D/v1/scans/759xd9YjKW5/undistorted_color_images/f346ec806ac7467c97fab5a2e36793dd_i0_5.jpg,/mnt/priorbimda-data/PriorBIMDA-Datasets/Matterport3D/v1/scans/759xd9YjKW5/undistorted_depth_images/f346ec806ac7467c97fab5a2e36793dd_d0_5.png,1024,1280,406,504,1.4155678118069965,1225237,0.9347816467285156,-2.996999979019165,8.573820114135742,1.573330044746399,True,204624,1.0,True,,1.0,204624,0.9407901763916016,-0.061035143652917734,0.8991548497699886,0.04526486900516298,log-depth Laplacian fallback,,,,0.11440495826620253,0.023156141925907793,0.18311304659835811,0.1620328061943103,0.11826280188628871,0.10590952992701236,0.10707966924607569,0.046504109477596,5.262377581127038,1.0,1.0,1.0,0.058752195092858416,0.007476532614722366,0.10396855863899249,0.08368022923933885,0.06915903643949792,0.04487438618432715,0.0565916471406149,0.024577440074984996,5.262377586053351,1.0,1.0,1.0,0.05354863552636624,0.004922751001621916,0.08507086944544477,0.07632096364477226,0.05634103204091683,0.05132711228356596,0.05193575009667385,0.022555409680491745,2.323444503459959,1.0,1.0,1.0,0.05443769802057079,0.004930873964478206,0.0849070700636773,0.07729253045897333,0.05657828878049688,0.052352307454243574,0.05280707510692628,0.02293382132438866,2.1455504318138314,1.0,1.0,1.0,0.04350761069011259,0.0037364838997351814,0.07178057262807318,0.05991809009253588,0.0526252245996166,-0.0003904915041662939,0.043559078441399404,0.01891746740389067,5.262377581041925,1.0,1.0,1.0,0.009041868150234222,0.05957401357591152,0.01815276499837637,ok,
759xd9YjKW5,f346ec806ac7467c97fab5a2e36793dd,f346ec806ac7467c97fab5a2e36793dd_i1_0,1,0,/mnt/priorbimda-data/PriorBIMDA-Datasets/Matterport3D/v1/scans/759xd9YjKW5/undistorted_color_images/f346ec806ac7467c97fab5a2e36793dd_i1_0.jpg,/mnt/priorbimda-data/PriorBIMDA-Datasets/Matterport3D/v1/scans/759xd9YjKW5/undistorted_depth_images/f346ec806ac7467c97fab5a2e36793dd_d1_0.png,1024,1280,406,504,1.4121168655554452,1238824,0.945147705078125,-3.0030300617218018,8.58644962310791,1.6062400341033936,True,204624,1.0,True,,1.0,204624,0.930738091468811,-0.07177736086521921,0.9621399187550708,0.03318196766393133,log-depth Laplacian fallback,,,,0.1374865924770078,0.1262608760431633,0.7528115107668854,0.29340772686053185,0.27990067359835347,0.061040183026316974,0.14539712906192084,0.06314517083616718,27.316383936554583,0.7493703706095458,0.9695259375020181,0.972418196612271,0.11427041435153354,0.11396110687435126,0.7557591962367886,0.2801865631318955,0.2733747794957789,-0.010737177769372202,0.1306299748837451,0.05673187726317088,27.31638392575317,0.9685088438712843,0.9703388051894377,0.9707294982983862,0.09539804764302544,0.109495586582426,0.7528238753039143,0.24701988361111182,0.2690197017922268,-0.011345624585239066,0.11324469817003542,0.04918154752004565,26.878035038884345,0.9685968305425146,0.9703388051894377,0.9706092229404661,0.09512576775451372,0.10939152527674918,0.7524546351803796,0.24630337281474163,0.26873082092367556,-0.00945016144466494,0.11289136067471686,0.049028094995579294,26.856460780039942,0.9686162037545285,0.9703388051894377,0.970715775606543,0.1119753780198591,0.11673519825485101,0.750415806184745,0.2553241892507936,0.274084386715147,0.022444775062417006,0.1245929913652812,0.054110048633761114,27.31638393225131,0.9683126900996429,0.9703339618864343,0.9710572284682892,0.008840776048600674,0.05746607854962349,0.01811714470386505,ok,
759xd9YjKW5,f346ec806ac7467c97fab5a2e36793dd,f346ec806ac7467c97fab5a2e36793dd_i1_1,1,1,/mnt/priorbimda-data/PriorBIMDA-Datasets/Matterport3D/v1/scans/759xd9YjKW5/undistorted_color_images/f346ec806ac7467c97fab5a2e36793dd_i1_1.jpg,/mnt/priorbimda-data/PriorBIMDA-Datasets/Matterport3D/v1/scans/759xd9YjKW5/undistorted_depth_images/f346ec806ac7467c97fab5a2e36793dd_d1_1.png,1024,1280,406,504,1.4121168655554452,1284345,0.9798774719238281,-3.0037899017333984,8.58987045288086,1.6061500310897827,True,204624,1.0,True,,1.0,204624,0.9791032075881958,-0.02111822056967375,1.0228104343804123,0.04367238673236258,log-depth Laplacian fallback,,,,0.03707630176322512,0.009833541977342876,0.14849530181918263,0.09563382178014432,0.07006353363108415,-0.02639092303224278,0.03770727030878277,0.016376059422738693,6.490314265411419,0.978895078814493,0.9971471839731536,0.9990119477243264,0.054592082715920906,0.013772347534876902,0.1852180439544369,0.14766106667777631,0.08043342990809596,-0.04750914365457324,0.05618845235748338,0.0244023348055388,6.490314257406732,0.9783337031716556,0.9971425123311882,0.9992400795736348,0.060408788468392406,0.01728751673408747,0.211226932607166,0.16490498861314737,0.08761994804145946,-0.05245894302006725,0.062413022714252586,0.02710563136370222,7.018058557753272,0.9777014742923436,0.997137840689223,0.9991007089216682,0.06336319810646006,0.0190633108887337,0.22371102365301784,0.17386455304885257,0.09142229770505597,-0.05527556086571937,0.06566115016702488,0.028516275192959673,7.281928926220053,0.9770225289933779,0.997107475016448,0.9990446492180839,0.025999901164662744,0.008191846642797138,0.12808626731576983,0.05978976782469188,0.06501644750137099,-0.003836732686250135,0.025951418381665755,0.011270557800720052,6.49031426665365,0.979121653449813,0.9970537511338464,0.9988001666218967,0.007886110804975033,0.05868932604789734,0.01815716363489628,ok,
759xd9YjKW5,f346ec806ac7467c97fab5a2e36793dd,f346ec806ac7467c97fab5a2e36793dd_i1_2,1,2,/mnt/priorbimda-data/PriorBIMDA-Datasets/Matterport3D/v1/scans/759xd9YjKW5/undistorted_color_images/f346ec806ac7467c97fab5a2e36793dd_i1_2.jpg,/mnt/priorbimda-data/PriorBIMDA-Datasets/Matterport3D/v1/scans/759xd9YjKW5/undistorted_depth_images/f346ec806ac7467c97fab5a2e36793dd_d1_2.png,1024,1280,406,504,1.4121168655554452,1228861,0.9375465393066407,-3.0012099742889404,8.592229843139648,1.606119990348816,True,204624,1.0,True,,1.0,204624,0.9216930866241455,-0.08154298868967064,0.9630932518236052,0.043937951525275,log-depth Laplacian fallback,,,,0.08689738357669032,0.032108564801306874,0.25541471159369866,0.19241893403633983,0.11094750205346815,0.07752029197152252,0.08035143452101959,0.03489618462548927,7.9372240390165505,0.9865965312594346,0.9915254857953829,1.0,0.06443299099555735,0.018478506485059665,0.21767832417192198,0.1746902883657816,0.07947411300504947,-0.0040226967357384616,0.06320380974762617,0.027449065808657,7.937224041761485,0.9855793291511408,0.9923311098651516,1.0,0.04880551415687608,0.014545236288828377,0.19192299793451228,0.13641839046744292,0.06901901398361612,-0.0075562550363673445,0.047809690980192214,0.02076348497419715,6.860413472303232,0.9860659586397486,0.9924604979733265,1.0,0.047860293241789115,0.014287893470180568,0.18953694299667737,0.13322855382334498,0.06842504540545871,-0.006603731359372464,0.046817914030238314,0.020332761717553324,6.810563538263429,0.9860130641301172,0.9924686355901928,1.0,0.05931330566776252,0.020696612824839814,0.2041061392757162,0.12362037665630579,0.08884358453388867,0.03991528486235681,0.055384572437934675,0.024053214192365942,7.937224040675135,0.9862864880568266,0.9918200675259448,1.0,0.00821016076952219,0.05812978744506836,0.018125854432582855,ok,
759xd9YjKW5,f346ec806ac7467c97fab5a2e36793dd,f346ec806ac7467c97fab5a2e36793dd_i1_3,1,3,/mnt/priorbimda-data/PriorBIMDA-Datasets/Matterport3D/v1/scans/759xd9YjKW5/undistorted_color_images/f346ec806ac7467c97fab5a2e36793dd_i1_3.jpg,/mnt/priorbimda-data/PriorBIMDA-Datasets/Matterport3D/v1/scans/759xd9YjKW5/undistorted_depth_images/f346ec806ac7467c97fab5a2e36793dd_d1_3.png,1024,1280,406,504,1.4121168655554452,1233513,0.9410957336425781,-2.9978699684143066,8.591179847717285,1.6061700582504272,True,204624,1.0,True,,1.0,204624,0.9357506632804871,-0.06640622337552872,0.9408296454055414,0.005413031889024603,log-depth Laplacian fallback,,,,0.10982310180698406,0.052743623772594485,0.25679365387733544,0.17750069096315416,0.1554307351408325,0.09166861064912414,0.09532636244302894,0.04139971318891689,12.552123026834508,0.9232500995125305,0.9741437666242675,0.9845352258144017,0.06543968264384713,0.03447876331564342,0.19884547345779008,0.09455085731997337,0.12803814840712213,0.025262387200474946,0.0563184481404805,0.02445879125676513,12.55212302379861,0.9578853242730315,0.9763083161669152,0.9885570723616208,0.07980828228230591,0.04288509854309937,0.2215499849490788,0.11514654047865319,0.14290797385518755,0.02655416338300789,0.06820974850498676,0.02962311738772433,14.04192486749003,0.9256335360875808,0.9749512165660191,0.985728565487352,0.08114905469327094,0.042403692935994226,0.22005774585705892,0.11657541305570857,0.14368482514807623,0.027256481232825466,0.06948444619553576,0.03017671156082459,14.107591292859981,0.9224839948991215,0.9749795908109602,0.9876182902004276,0.06550718578684692,0.0351577333630206,0.19979164046072312,0.09218444396098102,0.1292151689416907,0.03067540776447037,0.05603180258545473,0.02433430267395534,12.55212302485645,0.9567519758608138,0.9760886184418,0.9884379005328683,0.00791750755161047,0.06138858012855053,0.018108493648469448,ok,
759xd9YjKW5,f346ec806ac7467c97fab5a2e36793dd,f346ec806ac7467c97fab5a2e36793dd_i1_4,1,4,/mnt/priorbimda-data/PriorBIMDA-Datasets/Matterport3D/v1/scans/759xd9YjKW5/undistorted_color_images/f346ec806ac7467c97fab5a2e36793dd_i1_4.jpg,/mnt/priorbimda-data/PriorBIMDA-Datasets/Matterport3D/v1/scans/759xd9YjKW5/undistorted_depth_images/f346ec806ac7467c97fab5a2e36793dd_d1_4.png,1024,1280,406,504,1.4121168655554452,1284625,0.9800910949707031,-2.997109889984131,8.587770462036133,1.6062599420547485,True,204624,1.0,True,,1.0,204624,0.9819759130477905,-0.018188499393070635,0.9436293470322159,0.039833331402873345,log-depth Laplacian fallback,,,,0.08282416220386869,0.03471048653169281,0.22926347310273956,0.1412186239361705,0.12142763655139412,0.0713105521852433,0.07407069332917494,0.032168493383608665,9.828263359054414,0.9747833025201907,0.98469825824657,0.9903715091952905,0.06687189489292458,0.02938950495255879,0.20808894524068267,0.11013356315452812,0.11172031379719607,0.05312205258007274,0.05947525511936715,0.025829775108129272,9.828263348437478,0.9767371801109274,0.9853988518050014,0.9910697674418605,0.06429683073641018,0.029871962310575692,0.20637064008924072,0.10373406261547281,0.11284554622173286,0.04943004961207236,0.056653301737822605,0.02460421632633628,10.144351875516403,0.9707766858032499,0.9845402354772793,0.9906657584898316,0.06627894907178046,0.030204876733727522,0.20669899929370092,0.10604128734733943,0.11434670812141468,0.05011991102059651,0.05846233010279202,0.02538986736284892,10.277725515643766,0.9704154909020142,0.985172326554442,0.9908339009438553,0.05196920237320395,0.02331493250832507,0.18888351562121655,0.09216541285457762,0.09917694059696686,0.01328869745922204,0.046835985983774205,0.020340610267251192,9.828263359318147,0.9788015957964387,0.9863726768512212,0.992074729979566,0.008899367414414883,0.06040894519537687,0.018085737712681293,ok,
759xd9YjKW5,f346ec806ac7467c97fab5a2e36793dd,f346ec806ac7467c97fab5a2e36793dd_i1_5,1,5,/mnt/priorbimda-data/PriorBIMDA-Datasets/Matterport3D/v1/scans/759xd9YjKW5/undistorted_color_images/f346ec806ac7467c97fab5a2e36793dd_i1_5.jpg,/mnt/priorbimda-data/PriorBIMDA-Datasets/Matterport3D/v1/scans/759xd9YjKW5/undistorted_depth_images/f346ec806ac7467c97fab5a2e36793dd_d1_5.png,1024,1280,406,504,1.4121168655554452,1229844,0.9382965087890625,-2.999690055847168,8.585399627685547,1.6062899827957153,True,204624,1.0,True,,1.0,204624,0.6507123708724976,-0.429687561024454,0.6003379036671649,0.08057504848520364,log-depth Laplacian fallback,,,,0.6602269111017939,0.6223412810746597,1.1223368353069274,0.9396770106751657,0.5540775455313449,0.4164489011105215,0.5372854410830674,0.2333401022693309,36.54753606276061,0.0,0.10204627578782349,0.9443344033877468,0.1233995800004831,0.18786106653781023,0.9730010949128446,0.32251880060273247,0.3657150546845932,-0.013238659953927914,0.16041640183771377,0.06966795812489374,36.54753604630267,0.9394053229515288,0.9394053229515288,0.9394053229515288,0.10019520115847919,0.1787808237481449,0.9588525305991836,0.29289463591581594,0.35112268138759267,-0.03097996940107895,0.13700609967218902,0.059500993074718636,34.975331146498256,0.9394053229515288,0.9394053229515288,0.9440457488917293,0.10626410555945086,0.17949040008776848,0.9599133970492236,0.3008406335477584,0.35216184165410797,-0.02481597180783436,0.14299366695354424,0.0621013605050356,35.12863935031441,0.9394053229515288,0.9394053229515288,0.9441652762464182,0.0804660725726402,0.18887908818875887,0.9906235058232704,0.27867496799432,0.37732379360894164,-0.09381367693483268,0.12522858581780852,0.05438608379722207,36.54753606515903,0.9394053229515288,0.9394053229515288,0.9394053229515288,0.009407803416252136,0.05683873035013676,0.018104315735399723,ok,
759xd9YjKW5,f346ec806ac7467c97fab5a2e36793dd,f346ec806ac7467c97fab5a2e36793dd_i2_0,2,0,/mnt/priorbimda-data/PriorBIMDA-Datasets/Matterport3D/v1/scans/759xd9YjKW5/undistorted_color_images/f346ec806ac7467c97fab5a2e36793dd_i2_0.jpg,/mnt/priorbimda-data/PriorBIMDA-Datasets/Matterport3D/v1/scans/759xd9YjKW5/undistorted_depth_images/f346ec806ac7467c97fab5a2e36793dd_d2_0.png,1024,1280,406,504,1.4165615917841592,1171572,0.8938385009765625,-3.0114901065826416,8.579790115356445,1.6395800113677979,True,204624,1.0,True,,1.0,204624,1.0144466161727905,0.014343258073964743,1.0120488910542131,0.002366377057252669,log-depth Laplacian fallback,,,,0.07359197428087216,0.08631260433745447,0.5772609840252271,0.19663800420893035,0.2561007973463879,-0.07010283368160498,0.09628304554532371,0.04181519538117357,24.631932752276036,0.8950930886023224,0.9334168109172974,0.953893572055324,0.07349941599581614,0.0855476907757133,0.5754822270087527,0.2012659834856238,0.2525516607890548,-0.05575957559588599,0.09513958230084688,0.04131859560383808,24.631932749314753,0.8973456176829081,0.9344914354388804,0.9556928639469021,0.07179179134886242,0.08426888913872964,0.5706513723057891,0.1965407685725365,0.24916043943475508,-0.05543140152881298,0.0930963845003844,0.040431246073660373,24.29162084009047,0.8949001853919349,0.9343975444957715,0.9561469546899379,0.07210007500865082,0.08433975204955527,0.5706416615462977,0.19763730400608862,0.24898129944742675,-0.05424738161114785,0.09332638018044286,0.0405311319283713,24.299981288647878,0.8949206706886133,0.9344615610478912,0.9560769632596204,0.07328296774461636,0.08561838572708584,0.575669736328833,0.2000808686264534,0.2530846563468723,-0.05812600261523573,0.09509679209047638,0.04130001205159472,24.631932749621598,0.8969196942228049,0.9343412099299061,0.9554154588877167,0.00846639834344387,0.05921734031289816,0.018118878826498985,ok,
759xd9YjKW5,f346ec806ac7467c97fab5a2e36793dd,f346ec806ac7467c97fab5a2e36793dd_i2_1,2,1,/mnt/priorbimda-data/PriorBIMDA-Datasets/Matterport3D/v1/scans/759xd9YjKW5/undistorted_color_images/f346ec806ac7467c97fab5a2e36793dd_i2_1.jpg,/mnt/priorbimda-data/PriorBIMDA-Datasets/Matterport3D/v1/scans/759xd9YjKW5/undistorted_depth_images/f346ec806ac7467c97fab5a2e36793dd_d2_1.png,1024,1280,406,504,1.4165615917841592,1191964,0.9093963623046875,-3.014630079269409,8.593990325927734,1.6392099857330322,True,204624,1.0,True,,1.0,204624,1.0691827535629272,0.06689457492706319,1.0851784899744819,0.014849905424508605,log-depth Laplacian fallback,,,,0.08403792532461668,0.020660361911188984,0.19162145980375067,0.15948185434445755,0.10354238633330076,-0.05340622911451726,0.08468878031798524,0.03677986997121768,8.870625941477973,0.9854232174797225,0.9953832498296928,0.997800269135645,0.05356906157977763,0.0153856827501872,0.14346676520284365,0.08411630715956604,0.0897258931171856,0.013488345792547738,0.04978216706465234,0.021620120453364304,8.870625921239874,0.972827199479179,0.9949822310069767,0.9971282689745663,0.05664980604124736,0.014826646156708364,0.1471073711329745,0.09500198672780172,0.0870809097643705,-0.005601475843053409,0.05417545018944923,0.02352809907190228,8.690056567002385,0.9791310811400344,0.9951626055820478,0.9972935424224222,0.056526703892876964,0.015003388499789152,0.1491296730382904,0.09588691919356863,0.08707399529325179,-0.005362740910396879,0.054112740468886686,0.023500864586300272,8.690869729927604,0.980391186310996,0.9951810625153109,0.9973254225798766,0.05275223759955965,0.01663115661877924,0.14920235492715261,0.0808943902239447,0.09312280698558134,0.028338255350081876,0.048179833986963065,0.020924236039552797,8.870625944423196,0.969416022631556,0.9947615867593317,0.9970250779385955,0.0075432537123560905,0.059207153506577015,0.01813845243304968,ok,
759xd9YjKW5,f346ec806ac7467c97fab5a2e36793dd,f346ec806ac7467c97fab5a2e36793dd_i2_2,2,2,/mnt/priorbimda-data/PriorBIMDA-Datasets/Matterport3D/v1/scans/759xd9YjKW5/undistorted_color_images/f346ec806ac7467c97fab5a2e36793dd_i2_2.jpg,/mnt/priorbimda-data/PriorBIMDA-Datasets/Matterport3D/v1/scans/759xd9YjKW5/undistorted_depth_images/f346ec806ac7467c97fab5a2e36793dd_d2_2.png,1024,1280,406,504,1.4165615917841592,1211318,0.9241622924804688,-3.0039000511169434,8.60381031036377,1.6390700340270996,True,204624,1.0,True,,1.0,204624,1.0107383728027344,0.010681125938304843,1.0493235947862811,0.03746463520645247,log-depth Laplacian fallback,,,,0.06531367278601426,0.01689159934150126,0.1786427330013876,0.12930464862668245,0.09096096937611416,-0.05312065614117075,0.06625426457017132,0.028773861505383514,7.383829521985103,0.9771092314322085,0.9946157821480404,0.9994336747245562,0.05628603350844046,0.015311553804367868,0.16855587847601375,0.10939318074813352,0.08516576521200696,-0.042439530228941647,0.05657771517760876,0.024571389500329364,7.383829520034602,0.9804056407978747,0.9941419181420569,0.999427895895215,0.05618566698513289,0.015825739661585445,0.17050696746708938,0.10806385616485285,0.08752320504088287,-0.040600669147178706,0.056564625773187056,0.024565704844217606,7.753642424970186,0.9748125595425808,0.9941576035359831,0.9994262448011174,0.055136557799715546,0.015825409977364223,0.17022109830617682,0.10585996953852629,0.08721919726232179,-0.03911155633210965,0.05541515253191967,0.02406649495843974,7.795815885694078,0.9748026529779958,0.9941864976826894,0.999421291518825,0.042693218378156504,0.013528976305076927,0.15898658644333868,0.08846676547592475,0.07400570088817489,-0.004974929300109998,0.04123908169361262,0.01790990561829337,7.38382952295685,0.9847802146092108,0.9938108737755074,0.9994039550308011,0.008104736916720867,0.057956164702773094,0.01813479606062174,ok,
759xd9YjKW5,f346ec806ac7467c97fab5a2e36793dd,f346ec806ac7467c97fab5a2e36793dd_i2_3,2,3,/mnt/priorbimda-data/PriorBIMDA-Datasets/Matterport3D/v1/scans/759xd9YjKW5/undistorted_color_images/f346ec806ac7467c97fab5a2e36793dd_i2_3.jpg,/mnt/priorbimda-data/PriorBIMDA-Datasets/Matterport3D/v1/scans/759xd9YjKW5/undistorted_depth_images/f346ec806ac7467c97fab5a2e36793dd_d2_3.png,1024,1280,406,504,1.4165615917841592,1238932,0.9452301025390625,-2.99003005027771,8.59943962097168,1.6393100023269653,True,204624,1.0,True,,1.0,204624,0.9814965724945068,-0.018676757381237995,0.9568759358758938,0.02540477713493529,log-depth Laplacian fallback,,,,0.07436264010540397,0.028429464160844777,0.21752640332059026,0.13360255708134322,0.1107130979472715,0.05590714978109141,0.0680044241604111,0.029533946157874722,9.556035088066988,0.9638196446616925,0.9857482089412494,0.9962177100922407,0.06456684618519867,0.02398665891783131,0.1972022320747001,0.11420551721788451,0.10255672946373146,0.03723039224920374,0.0594957366386578,0.02583867011893819,9.556035083269334,0.9662661066144066,0.9871219727959243,0.996477611362044,0.05795443484150984,0.023126061588242198,0.190373172626951,0.09871005062883628,0.10091603978931664,0.033387373438500303,0.052971397230848274,0.023005185516062586,9.523303198805056,0.9662273635679763,0.9871494157871457,0.9964203039391992,0.05594088847115019,0.02210483880459903,0.1859728535822821,0.09451782921952395,0.09914128916244153,0.03306397408435641,0.05113364542726369,0.022207060048658085,9.346533493515045,0.9659819909405843,0.9876006108486988,0.9970684428201063,0.059100568880874685,0.02037176075524696,0.17976845261497434,0.10280036604983343,0.09628928003365618,0.011825598977281788,0.055584430732555944,0.024140011546882573,9.556035086911502,0.968247652009957,0.9898711147988751,0.9972185721250238,0.008368615992367268,0.05870509706437588,0.018098841421306133,ok,
759xd9YjKW5,f346ec806ac7467c97fab5a2e36793dd,f346ec806ac7467c97fab5a2e36793dd_i2_4,2,4,/mnt/priorbimda-data/PriorBIMDA-Datasets/Matterport3D/v1/scans/759xd9YjKW5/undistorted_color_images/f346ec806ac7467c97fab5a2e36793dd_i2_4.jpg,/mnt/priorbimda-data/PriorBIMDA-Datasets/Matterport3D/v1/scans/759xd9YjKW5/undistorted_depth_images/f346ec806ac7467c97fab5a2e36793dd_d2_4.png,1024,1280,406,504,1.4165615917841592,1243796,0.9489410400390625,-2.98688006401062,8.585240364074707,1.639680027961731,True,204624,1.0,True,,1.0,204624,1.066575527191162,0.06445307422880252,1.0430367829169556,0.022316632372804526,log-depth Laplacian fallback,,,,0.05919762451596368,0.01578234277152866,0.1697033400829829,0.10431223470476611,0.08676558723023059,-0.03505794569305056,0.05901297066263946,0.02562900751950281,7.936754734266311,0.9802732924048638,0.9947000955140554,0.9987369311366172,0.05204028004082237,0.020178952058735503,0.20788874775983027,0.10876456845488269,0.08463616916633118,0.029395128360221037,0.04863463618951039,0.02112175412647655,7.936754727114829,0.9763658992310636,0.991857989573853,0.9977608868335321,0.05910087431223522,0.01859651752474399,0.190693419225429,0.11340046994395124,0.08625949122791537,0.02259007638279775,0.056219226838008104,0.024415699992614132,8.324895360254189,0.9778637332810204,0.9922824964865621,0.9979659043766019,0.059289787730845415,0.01818127649561399,0.18868251580345918,0.1133520113876363,0.0858976121119658,0.022531574205136445,0.056506606506322304,0.024540507396774183,8.288985420650807,0.9781073423616091,0.9919552724080155,0.9984265908557352,0.04644148112323947,0.016715760926602218,0.18429931254088439,0.09178646942759378,0.07968257750163216,0.007078530273931122,0.04411718097805907,0.019159848255898167,7.936754731289519,0.9777929821289022,0.9926933355630666,0.9981741378811316,0.007724854163825512,0.05775897856801748,0.01814543828368187,ok,
759xd9YjKW5,f346ec806ac7467c97fab5a2e36793dd,f346ec806ac7467c97fab5a2e36793dd_i2_5,2,5,/mnt/priorbimda-data/PriorBIMDA-Datasets/Matterport3D/v1/scans/759xd9YjKW5/undistorted_color_images/f346ec806ac7467c97fab5a2e36793dd_i2_5.jpg,/mnt/priorbimda-data/PriorBIMDA-Datasets/Matterport3D/v1/scans/759xd9YjKW5/undistorted_depth_images/f346ec806ac7467c97fab5a2e36793dd_d2_5.png,1024,1280,406,504,1.4165615917841592,1148163,0.8759788513183594,-2.997610092163086,8.575409889221191,1.6398099660873413,True,204624,1.0,True,,1.0,204624,1.1656982898712158,0.15332029790235377,1.1456314980964348,0.017364286209337748,log-depth Laplacian fallback,,,,0.17044149527833788,0.13886351701520636,0.6794223273060076,0.3654827318195698,0.3255247801385472,-0.21029361772335642,0.21049900259304508,0.09141855527229782,24.848134100787593,0.8983855079810097,0.9059036042791834,0.9263214369388318,0.0745959338262933,0.09502590924599051,0.5967484196304451,0.19767902057609177,0.25492927656841713,-0.056973319892912926,0.09794063629916668,0.04253507789882143,24.848134109440963,0.8987129876158698,0.9211505683426482,0.9477034184170714,0.10438179118295664,0.10588936404273676,0.6210949197059346,0.2473467215284052,0.27504993080325346,-0.04988337740487617,0.12947873484495528,0.05623190006697836,27.048865612730825,0.8991441110713374,0.9198319402384505,0.9415274660479391,0.10050606365941421,0.10546044471364897,0.6222351013104367,0.2421819650060661,0.27558011197278554,-0.051577002943500885,0.1260700311189966,0.05475151884835147,27.071056662476096,0.8992390453271879,0.9203771589922337,0.9412931787559781,0.07125120045388099,0.09701516803877482,0.6027773726187378,0.19589957030169136,0.25936277591861406,-0.0743375592037164,0.09585583908386051,0.041629661972326704,24.848134099735372,0.8991737235915109,0.9197335221566972,0.9448257782213849,0.007891040295362473,0.05783898662775755,0.01809107046574354,ok,
759xd9YjKW5,f5f240dba39b4c19a1354c89c56d7a59,f5f240dba39b4c19a1354c89c56d7a59_i0_0,0,0,/mnt/priorbimda-data/PriorBIMDA-Datasets/Matterport3D/v1/scans/759xd9YjKW5/undistorted_color_images/f5f240dba39b4c19a1354c89c56d7a59_i0_0.jpg,/mnt/priorbimda-data/PriorBIMDA-Datasets/Matterport3D/v1/scans/759xd9YjKW5/undistorted_depth_images/f5f240dba39b4c19a1354c89c56d7a59_d0_0.png,1024,1280,406,504,1.4155678118069965,1204491,0.9189537048339844,-5.004129886627197,8.049409866333008,1.5716400146484375,True,204624,1.0,True,,1.0,204624,0.9549058079719543,-0.04614257376156347,0.874644358328764,0.08779534910945302,log-depth Laplacian fallback,,,,0.14826059993554344,0.029573271453206127,0.1847497292944772,0.1670319212332457,0.1510972619130315,0.12666353759113486,0.1363262528132763,0.05920573933535361,8.238161689669854,0.9047572792158679,0.9964640665642167,1.0,0.10640609530916695,0.017676542923068556,0.156091098833998,0.12982216154361237,0.11519703309520628,0.08052096395777816,0.10032361973727173,0.0435699944564573,8.238161686473653,0.9853415260055908,0.9968459706216153,1.0,0.109970152956972,0.01655230381816683,0.13878079931236847,0.1209501645970973,0.11986235733908733,0.0900588287394606,0.10280203978650834,0.04464635860767913,7.909735819203806,0.9685925424100305,0.9966483767832222,1.0,0.11376981833693776,0.017454604851065064,0.14085198240910618,0.1238211964750165,0.12399991993692439,0.09359116930702759,0.10602417670409515,0.046045714890923836,8.134293560049917,0.9346454228383607,0.9966442256521635,1.0,0.05758276993495465,0.0125475766751648,0.17572525584434479,0.09543178097020662,0.0827021632251831,-0.007274407328765697,0.058232184419852534,0.025289916362714472,8.23816168822877,0.9893946903712855,0.9990120308080342,1.0,0.008668655529618263,0.05718624498695135,0.018124924041330814,ok,
759xd9YjKW5,f5f240dba39b4c19a1354c89c56d7a59,f5f240dba39b4c19a1354c89c56d7a59_i0_1,0,1,/mnt/priorbimda-data/PriorBIMDA-Datasets/Matterport3D/v1/scans/759xd9YjKW5/undistorted_color_images/f5f240dba39b4c19a1354c89c56d7a59_i0_1.jpg,/mnt/priorbimda-data/PriorBIMDA-Datasets/Matterport3D/v1/scans/759xd9YjKW5/undistorted_depth_images/f5f240dba39b4c19a1354c89c56d7a59_d0_1.png,1024,1280,406,504,1.4155678118069965,993871,0.7582633972167969,-5.014689922332764,8.059419631958008,1.5713800191879272,True,204624,1.0,True,,1.0,204624,0.871364176273346,-0.1376952766862645,0.7726226807643106,0.12026919608206568,log-depth Laplacian fallback,,,,0.2881588255227579,0.07613439669561288,0.266319890419349,0.24767635024893825,0.2575157245698132,0.25165103635885017,0.25175813673562725,0.10933716955852728,5.464525871686013,0.23650453630300108,0.9945153847933987,1.0,0.12699232103530703,0.016452678049784477,0.12416538411312941,0.11076075738173545,0.1263804551625756,0.11395575966710206,0.11885602349652365,0.05161851514550341,5.464525858474322,0.9896566053340926,0.997919247065263,1.0,0.12091123839269308,0.014107652683792788,0.11082689528846783,0.1010124203326539,0.12178106044140724,0.10745300950418077,0.113426168051785,0.04926035888832113,5.731036058801339,0.990460532604332,0.9972491399789308,1.0,0.12398582080827712,0.014699400300201882,0.11267415518492187,0.10306767501511917,0.12472036429664358,0.11015462861494839,0.11610996675262533,0.05042591785463521,5.849040147742434,0.9896867903379815,0.9972612139804864,1.0,0.034930984419996924,0.0026582729534764225,0.05047571588414926,0.030652708637683213,0.05500875745001365,-0.006313405740966097,0.03534538334394497,0.01535030494703042,5.464525875265272,0.9806846160115347,1.0,1.0,0.007429515011608601,0.058990719728171825,0.018147602677345276,ok,
759xd9YjKW5,f5f240dba39b4c19a1354c89c56d7a59,f5f240dba39b4c19a1354c89c56d7a59_i0_2,0,2,/mnt/priorbimda-data/PriorBIMDA-Datasets/Matterport3D/v1/scans/759xd9YjKW5/undistorted_color_images/f5f240dba39b4c19a1354c89c56d7a59_i0_2.jpg,/mnt/priorbimda-data/PriorBIMDA-Datasets/Matterport3D/v1/scans/759xd9YjKW5/undistorted_depth_images/f5f240dba39b4c19a1354c89c56d7a59_d0_2.png,1024,1280,406,504,1.4155678118069965,1191506,0.9090469360351563,-5.011300086975098,8.073570251464844,1.571179986000061,True,204624,1.0,True,,1.0,204624,0.9539737105369568,-0.04711916500269791,1.1745589115472195,0.20801184769279502,log-depth Laplacian fallback,,,,0.1437371717363368,0.03664740801929349,0.24053438674090008,0.20824635627919053,0.172952335510647,-0.14796572140366832,0.15705598904236545,0.06820854939095694,8.95469466150545,0.8269299525138774,0.9993352949964163,1.0,0.1775351475578377,0.05389090244938257,0.2912241561159084,0.2564287113142739,0.21465499882490238,-0.19508488636786653,0.19841156993999307,0.08616904997070012,8.95469465216735,0.6010813206144157,0.9995753273588215,1.0,0.17640179160723884,0.0569413012754168,0.2988517653743478,0.25870029634662467,0.22249651724212954,-0.19581750635264622,0.19885404073210444,0.08636121259411744,10.56418685498728,0.5082257244193483,0.9997171646638792,1.0,0.17652796598882345,0.05776206065177438,0.29987704364781337,0.2584880124593996,0.22594348015058277,-0.19607272926507346,0.19964048738345846,0.0867027620351118,11.22761820739465,0.5155718896925404,0.9998405379410594,1.0,0.06629277166759108,0.008469617397908217,0.09471008929124944,0.07266249215613099,0.09047519682317416,0.012926932665923478,0.0640889701863293,0.027833486102784834,8.954694663718458,0.9866614184066216,0.9980822589227415,0.9996760402381524,0.007639860734343529,0.0578605979681015,0.018114835023880005,ok,
759xd9YjKW5,f5f240dba39b4c19a1354c89c56d7a59,f5f240dba39b4c19a1354c89c56d7a59_i0_3,0,3,/mnt/priorbimda-data/PriorBIMDA-Datasets/Matterport3D/v1/scans/759xd9YjKW5/undistorted_color_images/f5f240dba39b4c19a1354c89c56d7a59_i0_3.jpg,/mnt/priorbimda-data/PriorBIMDA-Datasets/Matterport3D/v1/scans/759xd9YjKW5/undistorted_depth_images/f5f240dba39b4c19a1354c89c56d7a59_d0_3.png,1024,1280,406,504,1.4155678118069965,1248115,0.9522361755371094,-4.997350215911865,8.077699661254883,1.571239948272705,True,204624,1.0,True,,1.0,204624,1.094537615776062,0.09033200539027106,1.1106752103441828,0.01463612260334847,log-depth Laplacian fallback,,,,0.09543037997460103,0.02180269948551494,0.22505435037762012,0.19283766196274682,0.11137793760810001,-0.09900958270037191,0.10130236468818646,0.043995057987830204,5.1011248948952765,0.9994776122392568,1.0,1.0,0.042629147678117194,0.005864972248704241,0.12008981219485566,0.0891879669361305,0.05174406117392726,-0.008677577337937352,0.04281610716832575,0.018594799079782138,5.101124893898642,1.0,1.0,1.0,0.0304968086785146,0.0038688430922979673,0.09838034139149823,0.06385795337277626,0.04382155769848365,-0.018411357955577797,0.03125151495268887,0.013572360495069744,3.976620194779876,1.0,1.0,1.0,0.03004256953927624,0.003962015055031015,0.09876174706841301,0.0629461602538729,0.04482159516281986,-0.017362797645086085,0.03084919248140224,0.013397634065844276,4.132201169928092,1.0,1.0,1.0,0.04195678111014157,0.0061720120397357895,0.12302316085928153,0.088195896884884,0.0513580747034574,0.005958550160501082,0.0415276381204786,0.01803522408219899,5.101124892835602,0.999973560128674,1.0,1.0,0.007874527014791965,0.05914389621466398,0.018162625841796398,ok,
759xd9YjKW5,f5f240dba39b4c19a1354c89c56d7a59,f5f240dba39b4c19a1354c89c56d7a59_i0_4,0,4,/mnt/priorbimda-data/PriorBIMDA-Datasets/Matterport3D/v1/scans/759xd9YjKW5/undistorted_color_images/f5f240dba39b4c19a1354c89c56d7a59_i0_4.jpg,/mnt/priorbimda-data/PriorBIMDA-Datasets/Matterport3D/v1/scans/759xd9YjKW5/undistorted_depth_images/f5f240dba39b4c19a1354c89c56d7a59_d0_4.png,1024,1280,406,504,1.4155678118069965,1253467,0.9563194274902344,-4.986790180206299,8.067689895629883,1.5714900493621826,True,204624,1.0,True,,1.0,204624,1.039074182510376,0.03833010755718755,1.0346021249800055,0.004313175057457527,log-depth Laplacian fallback,,,,0.04056928709402912,0.0040514469078538305,0.08084438323448642,0.06691756048391254,0.05394423378964688,-0.03892757850195829,0.041962242697262515,0.018223970451706137,3.734466482813782,1.0,1.0,1.0,0.031066587748677977,0.0026885972978981207,0.07728148949163513,0.06264212572558647,0.0373494439279362,-0.0005974710529545189,0.031177163031683594,0.013540069866058236,3.734466481395879,1.0,1.0,1.0,0.017684185258434248,0.0009479289799858247,0.04406140792292219,0.033367204581704675,0.023840384993343178,-0.005831770171257771,0.017865179194969938,0.007758748742588215,2.3116107226357356,1.0,1.0,1.0,0.017057101711885635,0.0009219127746706968,0.044739240311998774,0.032598093610172386,0.02298941136475113,-0.004817460563320844,0.01721628327528875,0.007476936825341145,2.2478992606845103,1.0,1.0,1.0,0.03078441186220726,0.0025527112517408743,0.07332911054822326,0.06011773714149184,0.03766613932404064,-0.0049106071223351975,0.03102827028910532,0.013475406569561055,3.734466480326356,1.0,1.0,1.0,0.007778996601700783,0.05819324869662523,0.018112540245056152,ok,
759xd9YjKW5,f5f240dba39b4c19a1354c89c56d7a59,f5f240dba39b4c19a1354c89c56d7a59_i0_5,0,5,/mnt/priorbimda-data/PriorBIMDA-Datasets/Matterport3D/v1/scans/759xd9YjKW5/undistorted_color_images/f5f240dba39b4c19a1354c89c56d7a59_i0_5.jpg,/mnt/priorbimda-data/PriorBIMDA-Datasets/Matterport3D/v1/scans/759xd9YjKW5/undistorted_depth_images/f5f240dba39b4c19a1354c89c56d7a59_d0_5.png,1024,1280,406,504,1.4155678118069965,1223330,0.9333267211914062,-4.990180015563965,8.053549766540527,1.5716899633407593,True,204624,1.0,True,,1.0,204624,0.8495182394981384,-0.16308586723762256,0.8038409503640498,0.055267985065371256,log-depth Laplacian fallback,,,,0.24385780604107374,0.09161735498840666,0.36027667391333235,0.3330215387093416,0.22650395801515205,0.21538635922216517,0.21577514786315116,0.09370995604882482,7.009107830209343,0.5333973662053575,0.9982392322594884,0.998411712293494,0.07329849898755285,0.012928492693486848,0.13974747619858835,0.10304320998685419,0.08745342020056869,0.05230049190704612,0.0700555340066806,0.030424731845887,7.009107825578259,0.9970433161943221,0.9983602135155681,0.998806536257592,0.07091050577105075,0.011223732630847024,0.12879652076591863,0.09989427060526383,0.08075854996119147,0.06148241388494106,0.06778930894391459,0.02944052280637686,5.236273650903919,0.9973899111441721,0.9983536739882125,0.998776290943572,0.07213552233850545,0.011269836888758041,0.1289732039250739,0.10128120054530809,0.08141929340402995,0.0627863934789421,0.06897620256253481,0.02995598415554982,5.183599263368043,0.9969509453704234,0.998361848397407,0.9988286071624173,0.05125069940540704,0.008374532382741285,0.12157165061723815,0.07535422018058756,0.07015386932349124,-0.002967511910809893,0.05128596615222842,0.022273212098989754,7.009107827760026,0.9931465753312679,0.99840272044338,0.999046046446993,0.009203474968671799,0.05816110596060753,0.018156747333705425,ok,
759xd9YjKW5,f5f240dba39b4c19a1354c89c56d7a59,f5f240dba39b4c19a1354c89c56d7a59_i1_0,1,0,/mnt/priorbimda-data/PriorBIMDA-Datasets/Matterport3D/v1/scans/759xd9YjKW5/undistorted_color_images/f5f240dba39b4c19a1354c89c56d7a59_i1_0.jpg,/mnt/priorbimda-data/PriorBIMDA-Datasets/Matterport3D/v1/scans/759xd9YjKW5/undistorted_depth_images/f5f240dba39b4c19a1354c89c56d7a59_d1_0.png,1024,1280,406,504,1.4121168655554452,1278647,0.9755302429199219,-5.001850128173828,8.060689926147461,1.6047300100326538,True,204624,1.0,True,,1.0,204624,0.941249668598175,-0.060546851955027924,0.9533268459330341,0.012749383130176699,log-depth Laplacian fallback,,,,0.155806897922136,0.04208618535991704,0.229210891101115,0.17246263870712722,0.1899643279297341,0.11902539289243408,0.1371329166640818,0.05955606899450926,14.805202373691914,0.6123128588265565,0.99418682404135,0.9988738095815343,0.13356033260836894,0.030319132047056305,0.21289827139294995,0.16635686435003863,0.159182729899146,0.05847854100359753,0.12340841315983851,0.053595592855754506,14.805202376271332,0.7603779620176639,0.9958917512026384,0.9987486773128158,0.1469587985161101,0.03482831195082947,0.21127699144974663,0.16386198048118944,0.1774749117574256,0.087094089630128,0.13295033220476757,0.057739595643734806,15.463493736799983,0.6962195195390127,0.9945544000807103,0.998740856546021,0.1523955807005433,0.037128531331711574,0.21414010832980196,0.16634977656374206,0.18426853412832062,0.09149695598855008,0.13691926951684477,0.059463283217389765,15.994749049181545,0.6729926242348357,0.9945465793139154,0.9987424206993799,0.13383953418623448,0.03128245268641633,0.20608926588308027,0.15173750773301603,0.16429490320423384,0.07122789827377203,0.12198555880817485,0.05297765506227494,14.805202371595517,0.6823822368487941,0.9950823018393662,0.9987721396132005,0.00748488400131464,0.05852217320352793,0.018087767995893955,ok,
759xd9YjKW5,f5f240dba39b4c19a1354c89c56d7a59,f5f240dba39b4c19a1354c89c56d7a59_i1_1,1,1,/mnt/priorbimda-data/PriorBIMDA-Datasets/Matterport3D/v1/scans/759xd9YjKW5/undistorted_color_images/f5f240dba39b4c19a1354c89c56d7a59_i1_1.jpg,/mnt/priorbimda-data/PriorBIMDA-Datasets/Matterport3D/v1/scans/759xd9YjKW5/undistorted_depth_images/f5f240dba39b4c19a1354c89c56d7a59_d1_1.png,1024,1280,406,504,1.4121168655554452,313542,0.23921356201171876,-5.004389762878418,8.06309986114502,1.6046700477600098,True,204624,1.0,True,,1.0,204624,0.8404412865638733,-0.17382818394066074,0.6808709039344545,0.2105543752405073,log-depth Laplacian fallback,,,,0.4294790771159568,0.10135287070507233,0.22975195045942742,0.22349518274725752,0.3622619615538629,0.3546616111619303,0.3546616111619303,0.15402758067054304,7.381646399602339,0.11534020960509278,0.9903553590906481,1.0,0.20139805521535303,0.024881082796107803,0.11384667596747654,0.10490436905159053,0.1953192228220338,0.1808334271769132,0.1808382545398019,0.07853705606365165,7.381646441855172,0.6435884187764319,1.0,1.0,0.2713225917902005,0.04787837956717671,0.1581190377341288,0.14150942859933227,0.2595899004090475,0.23398791059015184,0.23398791059015184,0.10161965840137442,11.241251750598904,0.24933182795287392,1.0,1.0,0.2819674759090515,0.0512276193429476,0.1635634209023051,0.14705149732882897,0.2672408407671106,0.24227659759037973,0.24227659759037973,0.10521938942779657,11.278172384717907,0.24695575074471682,1.0,1.0,0.04834273773371182,0.002795442860913606,0.037854585881661705,0.024905232488818183,0.07957516117232284,-0.02972096747485532,0.05103164413716858,0.02216276145122274,7.381646407109832,1.0,1.0,1.0,0.007680761627852917,0.06021253950893879,0.018133764155209064,ok,
759xd9YjKW5,f5f240dba39b4c19a1354c89c56d7a59,f5f240dba39b4c19a1354c89c56d7a59_i1_2,1,2,/mnt/priorbimda-data/PriorBIMDA-Datasets/Matterport3D/v1/scans/759xd9YjKW5/undistorted_color_images/f5f240dba39b4c19a1354c89c56d7a59_i1_2.jpg,/mnt/priorbimda-data/PriorBIMDA-Datasets/Matterport3D/v1/scans/759xd9YjKW5/undistorted_depth_images/f5f240dba39b4c19a1354c89c56d7a59_d1_2.png,1024,1280,406,504,1.4121168655554452,1198859,0.9146568298339843,-5.003570079803467,8.066499710083008,1.6046199798583984,True,204624,1.0,True,,1.0,204624,0.8445550799369812,-0.16894532291089703,1.026741410412265,0.19533543092791672,log-depth Laplacian fallback,,,,0.0570761271905921,0.007916060701768295,0.0949773643179632,0.06302823109060261,0.08666903236654727,-0.01218586648450746,0.05602782371021594,0.024332574670394957,8.580807554872314,0.9859541447326166,0.994841762042075,0.9992301012879746,0.1689326819470583,0.044842670994273505,0.26070650913251364,0.22806591791605846,0.20042837512891548,-0.18113118929253214,0.1865675501934912,0.08102525755124118,8.580807550743788,0.8620813623620459,0.9952863514391601,0.9994711638316099,0.15963957729373604,0.04227786834680268,0.25915151566351285,0.22032209140152803,0.18935937133738434,-0.1698280581937823,0.1753663823170104,0.07616065215161363,8.375799760869832,0.7383495473612827,0.996102961232305,0.9999883222297201,0.1558842770092007,0.040611993607734334,0.2533763366358874,0.21529361374118325,0.18583176402790055,-0.1656793692450201,0.17106153456202522,0.0742910805261899,8.416526081640573,0.7754314727586814,0.996237255590524,0.9999115825964521,0.05075881266607731,0.007415587105053984,0.08465634710058724,0.04893664550233121,0.08697577604990134,0.01420421724331754,0.048320788540045276,0.020985451824155555,8.58080755639423,0.985508721209083,0.9944580638757352,0.9982391590670796,0.007639635354280472,0.0592294791713357,0.017162032425403595,ok,
759xd9YjKW5,f5f240dba39b4c19a1354c89c56d7a59,f5f240dba39b4c19a1354c89c56d7a59_i1_3,1,3,/mnt/priorbimda-data/PriorBIMDA-Datasets/Matterport3D/v1/scans/759xd9YjKW5/undistorted_color_images/f5f240dba39b4c19a1354c89c56d7a59_i1_3.jpg,/mnt/priorbimda-data/PriorBIMDA-Datasets/Matterport3D/v1/scans/759xd9YjKW5/undistorted_depth_images/f5f240dba39b4c19a1354c89c56d7a59_d1_3.png,1024,1280,406,504,1.4121168655554452,1218329,0.9295112609863281,-5.000219821929932,8.067500114440918,1.604640007019043,True,204624,1.0,True,,1.0,204624,0.9909469485282898,-0.009094279356256323,1.003280270007311,0.012369181014459645,log-depth Laplacian fallback,,,,0.059548116012132446,0.04958508775413061,0.2509790794707983,0.09747255911935239,0.1383438746261247,0.02205533316230266,0.049841154517001794,0.02164573837842121,13.657448489988436,0.9239581426691805,0.9904656295631147,0.9917616670045611,0.06265304856960088,0.048680385225290196,0.2522955551551159,0.11271486826872512,0.13718811462798486,0.012961053934085224,0.05349991730438926,0.023234718867576547,13.657448471840866,0.9237619723408045,0.9904992822135893,0.9917953196550358,0.05609368164735002,0.04715429327768645,0.24816941226615552,0.09531688103223662,0.13391653437241846,0.01856368428701534,0.047123354565913995,0.020465412856746863,13.262363214755943,0.9281950934435608,0.9904360808944054,0.9917772621352688,0.056459228033604154,0.04713220243614725,0.24855845190078263,0.09670793133207756,0.13411740871379854,0.01825293400235836,0.047494933452568916,0.020626787516812847,13.286952141258595,0.9282082261852094,0.9904410056725236,0.9917862908951522,0.0593320613207575,0.05004618361587236,0.2513995524754763,0.09528406916464283,0.13890360448984704,0.0253302468150805,0.04943064549733272,0.02146745657640742,13.65744849397535,0.9240837245111952,0.9904475720433479,0.9917526382446777,0.008298381231725216,0.05715074576437473,0.017745343036949635,ok,
759xd9YjKW5,f5f240dba39b4c19a1354c89c56d7a59,f5f240dba39b4c19a1354c89c56d7a59_i1_4,1,4,/mnt/priorbimda-data/PriorBIMDA-Datasets/Matterport3D/v1/scans/759xd9YjKW5/undistorted_color_images/f5f240dba39b4c19a1354c89c56d7a59_i1_4.jpg,/mnt/priorbimda-data/PriorBIMDA-Datasets/Matterport3D/v1/scans/759xd9YjKW5/undistorted_depth_images/f5f240dba39b4c19a1354c89c56d7a59_d1_4.png,1024,1280,406,504,1.4121168655554452,1247237,0.9515663146972656,-4.997680187225342,8.06509017944336,1.604699969291687,True,204624,1.0,True,,1.0,204624,0.9563056230545044,-0.044677727632942844,0.974640545384814,0.01899118027245386,log-depth Laplacian fallback,,,,0.04169483298521384,0.014656259581393922,0.22413389165554806,0.14315113615798125,0.06387492060749102,0.022862141046506166,0.04068350494929037,0.017668621703960444,5.964333985771537,0.9857428860753811,0.998287414501013,0.9997145690835022,0.036211055933043114,0.011863582550455318,0.19883109318916833,0.1166015365145795,0.06350785623911992,-0.021815586581241393,0.036678586245783865,0.01592930761055644,5.964333983107487,0.9890991046609425,0.998793332782783,0.999680092877296,0.05208000074288664,0.017363751464221512,0.239986525503553,0.16737817711498507,0.0826076336028149,-0.03513143309050682,0.05379549867293149,0.023363088224887852,7.476498872108625,0.9645592617922656,0.9988943560846896,0.9996440131266151,0.05124688201578761,0.017545811272363897,0.2416002684116427,0.16541093017146283,0.08313958493781114,-0.032434051598824114,0.05295104242209667,0.02299634553494159,7.655209259397373,0.9630487228970918,0.9988815277288919,0.9996480219878018,0.029260595394083985,0.0112379042112617,0.19230342690122076,0.09351712671463845,0.05971017706215764,-0.0028244033938937857,0.029124847570567314,0.012648760586170716,5.964333986509121,0.9875829533601072,0.9985030912328611,0.9996969300942804,0.009519558399915695,0.060417307540774345,0.017320794984698296,ok,
759xd9YjKW5,f5f240dba39b4c19a1354c89c56d7a59,f5f240dba39b4c19a1354c89c56d7a59_i1_5,1,5,/mnt/priorbimda-data/PriorBIMDA-Datasets/Matterport3D/v1/scans/759xd9YjKW5/undistorted_color_images/f5f240dba39b4c19a1354c89c56d7a59_i1_5.jpg,/mnt/priorbimda-data/PriorBIMDA-Datasets/Matterport3D/v1/scans/759xd9YjKW5/undistorted_depth_images/f5f240dba39b4c19a1354c89c56d7a59_d1_5.png,1024,1280,406,504,1.4121168655554452,1265896,0.965802001953125,-4.998489856719971,8.061690330505371,1.604740023612976,True,204624,1.0,True,,1.0,204624,1.032751441001892,0.03222654259939605,1.0380701207508178,0.005136793572495517,log-depth Laplacian fallback,,,,0.08281786267911301,0.08845334580209073,0.5083966863508025,0.1795574878348188,0.20484010147653192,-0.05057941803647377,0.08701728690990244,0.03779112753516279,19.849732906013504,0.9586372024242118,0.9620529648565127,0.9645018232145453,0.07706152829072302,0.08784243022675556,0.4982734800665633,0.15927755464105287,0.19934396809466548,-0.018352875424082375,0.0787098350877848,0.03418324705013987,19.84973288973812,0.959269955825755,0.961910773080885,0.9639654442387052,0.05926618927392728,0.08026872291056347,0.48388029082136663,0.13347431024399015,0.19043528459395656,-0.012217598537624916,0.06117655584795022,0.02656864062661088,19.004296331186442,0.9571907960843545,0.9620948324348919,0.9646329556298464,0.062238512922447274,0.07828629872399487,0.4816313170402271,0.13665604662623276,0.18995898275811562,-0.005857214038774046,0.06440541181269256,0.02797091495495889,18.986866032655854,0.9560595815138052,0.9622038461295399,0.9649236588155741,0.07721422479617919,0.08802626630161195,0.49712665483165147,0.1572872529076208,0.19893681263716337,-0.01321611856354058,0.07846649351679659,0.034077565148642054,19.849732903076625,0.9592328279732301,0.9618807548171414,0.9638730195845472,0.007655223831534386,0.0575268417596817,0.017113362438976765,ok,
759xd9YjKW5,f5f240dba39b4c19a1354c89c56d7a59,f5f240dba39b4c19a1354c89c56d7a59_i2_0,2,0,/mnt/priorbimda-data/PriorBIMDA-Datasets/Matterport3D/v1/scans/759xd9YjKW5/undistorted_color_images/f5f240dba39b4c19a1354c89c56d7a59_i2_0.jpg,/mnt/priorbimda-data/PriorBIMDA-Datasets/Matterport3D/v1/scans/759xd9YjKW5/undistorted_depth_images/f5f240dba39b4c19a1354c89c56d7a59_d2_0.png,1024,1280,406,504,1.4165615917841592,1223065,0.9331245422363281,-5.004720211029053,8.050490379333496,1.6381299495697021,True,204624,1.0,True,,1.0,204624,0.9957062602043152,-0.004302984368418241,1.0465300464575809,0.04978295823865334,log-depth Laplacian fallback,,,,0.06632578649348222,0.011171282119713404,0.1405934647063096,0.09207860978913172,0.08986068922944374,-0.04558026708891845,0.06810551125163247,0.0295778477237838,7.744277061736312,0.9826722210185068,0.9971857587290945,1.0,0.06849839010812082,0.011338816014478672,0.13976003543744545,0.09376184084325931,0.09211797603906985,-0.049883251397562056,0.07056812618648992,0.030647347801044934,7.744277073776655,0.9822903933969168,0.9973926160915405,1.0,0.0551230365392939,0.011239514401309996,0.15452949869827437,0.10235229138075777,0.0749864017676868,-0.030074147771270373,0.05570096742682758,0.024190622790143987,6.8691382908606045,0.9798244574082325,0.9981685356052213,1.0,0.05185142309300275,0.01094614622423346,0.15367414260210277,0.09991184901890572,0.07293242654316344,-0.026911315557647652,0.05236127441695886,0.02274021254470715,6.7785838760250225,0.9805071684661076,0.99820205794459,1.0,0.05621198934069612,0.013454321839865392,0.17869692839299833,0.10435139654781296,0.07744283562705181,-0.00010032964129275248,0.05530277555354454,0.024017690256838423,7.744277063691383,0.9865060319770412,0.9957753676215083,1.0,0.008664127439260483,0.059585859067738056,0.0170271759852767,ok,
759xd9YjKW5,f5f240dba39b4c19a1354c89c56d7a59,f5f240dba39b4c19a1354c89c56d7a59_i2_1,2,1,/mnt/priorbimda-data/PriorBIMDA-Datasets/Matterport3D/v1/scans/759xd9YjKW5/undistorted_color_images/f5f240dba39b4c19a1354c89c56d7a59_i2_1.jpg,/mnt/priorbimda-data/PriorBIMDA-Datasets/Matterport3D/v1/scans/759xd9YjKW5/undistorted_depth_images/f5f240dba39b4c19a1354c89c56d7a59_d2_1.png,1024,1280,406,504,1.4165615917841592,914823,0.6979545593261719,-5.015270233154297,8.060500144958496,1.637869954109192,True,204624,1.0,True,,1.0,204624,1.2050528526306152,0.18652342708499323,1.11548993600825,0.07722971419109058,log-depth Laplacian fallback,,,,0.11344343566306281,0.011964120846161165,0.09903187050870367,0.08906080929659381,0.13356323455319583,-0.10875804474528453,0.12114675728759107,0.05261336819047338,7.752951262257938,0.9858070905519428,0.9993157146245777,1.0,0.09057649584284318,0.015146866818456641,0.12727346477284515,0.08317860553104293,0.1098101999190515,0.07776538226276913,0.08427336583907274,0.03659945775532329,7.75295126244674,0.9362390320313329,0.9988587956358771,0.9999191100354932,0.11109010210412766,0.015918397643004532,0.12190745349997498,0.09436092115786894,0.12378611240868964,0.09783685933372949,0.10320833949310514,0.04482281232825301,7.583502212677713,0.9861568849930533,0.9989495235690401,0.9999704860940313,0.11585903318423577,0.016980697901243354,0.12458491343925482,0.09752547985023803,0.12873234935254615,0.10215721871644169,0.10731795966609588,0.046607597692101196,7.8332116235597065,0.9717147470057049,0.9988686336045334,0.9999978137847431,0.059106003718880876,0.006723718527478719,0.08465853323742181,0.05347867500761906,0.07753136325183634,0.0005356893788679195,0.05825183299462521,0.025298449630315502,7.752951260376635,0.984259250150029,0.9992785489652096,1.0,0.010538503527641296,0.05887985602021217,0.017431422136723995,ok,
759xd9YjKW5,f5f240dba39b4c19a1354c89c56d7a59,f5f240dba39b4c19a1354c89c56d7a59_i2_2,2,2,/mnt/priorbimda-data/PriorBIMDA-Datasets/Matterport3D/v1/scans/759xd9YjKW5/undistorted_color_images/f5f240dba39b4c19a1354c89c56d7a59_i2_2.jpg,/mnt/priorbimda-data/PriorBIMDA-Datasets/Matterport3D/v1/scans/759xd9YjKW5/undistorted_depth_images/f5f240dba39b4c19a1354c89c56d7a59_d2_2.png,1024,1280,406,504,1.4165615917841592,1150570,0.8778152465820312,-5.011879920959473,8.074649810791016,1.6376700401306152,True,204624,1.0,True,,1.0,204624,0.9490952491760254,-0.05224611746771671,1.0378921425544978,0.08943798790547425,log-depth Laplacian fallback,,,,0.05440733172314811,0.009304700508894178,0.12408096673632704,0.08570721975020999,0.07430111649676992,-0.03354857499855466,0.05517993930350602,0.02396434315126902,6.629592014772047,0.9938543504523845,0.9977028777040945,0.9990769792363785,0.08837578718051187,0.018000206238782217,0.17886889539175005,0.1379448092442161,0.10842452803917114,-0.08579469247263287,0.09273347958477893,0.04027363847135735,6.629592011612301,0.9945991986580565,0.9979618797639431,0.99913781864641,0.11042355409932417,0.024135067505002966,0.19970339102782647,0.1618402514258815,0.13545303778939355,-0.10056615075967136,0.11729519000664813,0.05094065377368073,9.074125174229152,0.9507548432516058,0.9977585023075519,0.9991073989413942,0.11042751833451571,0.024199272803993508,0.19977772035056512,0.16190775017302272,0.13556755765929165,-0.0990808304041734,0.11720118572568258,0.05089982823318213,9.252865359511505,0.9410961523418827,0.9976672431925045,0.9990987075971041,0.04879171171749703,0.007045044418268747,0.09764490819046907,0.06655727011461168,0.06639595133680454,0.003643257516567946,0.047687362338217194,0.020710358320008664,6.629592015039303,0.9930816899449838,0.9975081915919936,0.9990378681870725,0.007708405144512653,0.056598031893372536,0.017064813524484634,ok,
759xd9YjKW5,f5f240dba39b4c19a1354c89c56d7a59,f5f240dba39b4c19a1354c89c56d7a59_i2_3,2,3,/mnt/priorbimda-data/PriorBIMDA-Datasets/Matterport3D/v1/scans/759xd9YjKW5/undistorted_color_images/f5f240dba39b4c19a1354c89c56d7a59_i2_3.jpg,/mnt/priorbimda-data/PriorBIMDA-Datasets/Matterport3D/v1/scans/759xd9YjKW5/undistorted_depth_images/f5f240dba39b4c19a1354c89c56d7a59_d2_3.png,1024,1280,406,504,1.4165615917841592,1167173,0.8904823303222656,-4.99793004989624,8.078780174255371,1.6377300024032593,True,204624,1.0,True,,1.0,204624,1.0210933685302734,0.02087398312116261,1.0802848772584805,0.0563507984717275,log-depth Laplacian fallback,,,,0.12032398569509373,0.05250514964432715,0.2816530048709564,0.2082093347441811,0.15806114517278116,-0.047969417183300965,0.11938313507197078,0.05184743679406749,15.060631005514157,0.973291020268632,0.9916293471490516,0.9934636938997047,0.11719794247003848,0.051858793006387995,0.27814621482649216,0.20334726485497703,0.15302425678198553,-0.027095434082339477,0.11378117317335032,0.049414535653664375,15.060631001245811,0.9676346180043576,0.9914871231599771,0.9933060480322968,0.11303664927355077,0.047748190248135765,0.2682484771112554,0.19571403076280347,0.15151535991829188,-0.059839308448817644,0.11321123061017808,0.04916701274347687,13.91982810796771,0.9755751718040084,0.991766430512015,0.9936753163412794,0.11283755025997395,0.047503217107351364,0.2679209004693134,0.19545086564571681,0.1514484222444774,-0.0615970974402179,0.11319535734839992,0.049160119073476775,13.835614257155996,0.975225609228452,0.9917835659323854,0.9937447147937795,0.11726702665534437,0.05887946839910595,0.3035513555806846,0.207160826625495,0.1534214281471615,0.029255324304131566,0.10730444012425505,0.04660172622968187,15.060631000915842,0.8930955393930463,0.990741732373864,0.9929470609755366,0.008711499162018299,0.059899372048676014,0.01817779242992401,ok,
759xd9YjKW5,f5f240dba39b4c19a1354c89c56d7a59,f5f240dba39b4c19a1354c89c56d7a59_i2_4,2,4,/mnt/priorbimda-data/PriorBIMDA-Datasets/Matterport3D/v1/scans/759xd9YjKW5/undistorted_color_images/f5f240dba39b4c19a1354c89c56d7a59_i2_4.jpg,/mnt/priorbimda-data/PriorBIMDA-Datasets/Matterport3D/v1/scans/759xd9YjKW5/undistorted_depth_images/f5f240dba39b4c19a1354c89c56d7a59_d2_4.png,1024,1280,406,504,1.4165615917841592,1228115,0.9369773864746094,-4.987380027770996,8.068770408630371,1.6379799842834473,True,204624,1.0,True,,1.0,204624,1.1101466417312622,0.10449211626633288,1.1308472380393504,0.018475003698589093,log-depth Laplacian fallback,,,,0.1143975360400889,0.03640807121536019,0.308006175342718,0.27020086636637836,0.13660179472711126,-0.11779741733960253,0.12255824175584808,0.053226368106329566,6.916515590083893,0.9847750414252737,0.9927197371581652,0.9988022294329114,0.037368603061935866,0.010359880350476124,0.1649024587143283,0.08202328860786672,0.07043330063733524,-0.01330530108407399,0.037872244720921065,0.016447706899585583,6.916515597995415,0.9838891309038649,0.9952968573789914,0.9989227393200149,0.05076276128410846,0.012899764508731485,0.18288994520307136,0.11422537768489367,0.08020367259006764,-0.03843829359939154,0.05249043901176529,0.02279630801548884,7.039266071190761,0.9839241439116043,0.9962039385562427,0.9988812122643238,0.050494007043210276,0.012890367863201933,0.183382977015533,0.11406970221804998,0.07989120127261225,-0.036605849257498824,0.05215050683538383,0.02264867734706503,7.101137824967428,0.983775135064713,0.9964677574982799,0.9988779552403481,0.03333902390036848,0.010553508681627343,0.16714918457635444,0.07581661331671698,0.06935808829664558,0.005169682829794603,0.033202666698397464,0.014419734931586875,6.9165155906746945,0.9826180772973215,0.9956217455205743,0.9989479812558271,0.007249924354255199,0.05943119805306196,0.0181637741625309,ok,
759xd9YjKW5,f5f240dba39b4c19a1354c89c56d7a59,f5f240dba39b4c19a1354c89c56d7a59_i2_5,2,5,/mnt/priorbimda-data/PriorBIMDA-Datasets/Matterport3D/v1/scans/759xd9YjKW5/undistorted_color_images/f5f240dba39b4c19a1354c89c56d7a59_i2_5.jpg,/mnt/priorbimda-data/PriorBIMDA-Datasets/Matterport3D/v1/scans/759xd9YjKW5/undistorted_depth_images/f5f240dba39b4c19a1354c89c56d7a59_d2_5.png,1024,1280,406,504,1.4165615917841592,1222611,0.9327781677246094,-4.990769863128662,8.054619789123535,1.6381800174713135,True,204624,1.0,True,,1.0,204624,0.9990544319152832,-0.0009460154162287128,1.0000555848168975,0.0010015986883475133,log-depth Laplacian fallback,,,,0.039503583438357436,0.03025784788051492,0.3050172234349469,0.09107119160235436,0.12081771966057889,-0.004166690930450214,0.04150308526221784,0.0180245609113414,12.074584908257648,0.9681223218178145,0.9808041969195435,0.9886856898882801,0.0394868841265377,0.030225023628265638,0.30498763759849573,0.09101202471270446,0.12085404361747239,-0.005112706498786258,0.04152374613396017,0.018033533813930382,12.074584916654976,0.9681754867247228,0.9807829309567802,0.9886546088657798,0.04499030382261934,0.030183952925822863,0.30395652513591653,0.10202590335480188,0.11958569743404002,0.001623281226280393,0.04668396700059214,0.02027458926171066,11.957467954732795,0.9674058224570202,0.9813734703842841,0.9894807097269696,0.04535339854096905,0.03023081443891545,0.3054134173299914,0.10298638653401386,0.12030049819469563,0.0018200006542435096,0.04713706220167776,0.020471366007318994,12.028673020541593,0.9674058224570202,0.9813432072834286,0.9893604752451924,0.0395057144517438,0.030259873365905382,0.3050192580341155,0.09107643392693048,0.12081581664595213,-0.004111140949898667,0.041503021792271104,0.018024533346693752,12.07458490877363,0.9681182322095908,0.980805832762833,0.9886897794965038,0.00829868484288454,0.05860111117362976,0.018373805098235607,ok,
759xd9YjKW5,fc30206582bb494190095c4439e2da29,fc30206582bb494190095c4439e2da29_i0_0,0,0,/mnt/priorbimda-data/PriorBIMDA-Datasets/Matterport3D/v1/scans/759xd9YjKW5/undistorted_color_images/fc30206582bb494190095c4439e2da29_i0_0.jpg,/mnt/priorbimda-data/PriorBIMDA-Datasets/Matterport3D/v1/scans/759xd9YjKW5/undistorted_depth_images/fc30206582bb494190095c4439e2da29_d0_0.png,1024,1280,406,504,1.4155678118069965,1239653,0.9457801818847656,-12.115400314331055,-10.280400276184082,1.5695699453353882,True,204624,1.0,True,,1.0,204624,1.044925332069397,0.043945430298747826,1.05738877812863,0.011857021761889547,log-depth Laplacian fallback,,,,0.10965725651141853,0.021153295944115746,0.14942984765753947,0.12384072359043445,0.15837057373044097,-0.09845044011218138,0.12033528283369571,0.05226094931294117,12.405139848235015,0.7961727999690236,0.9988496780954025,0.9996555487705027,0.10727954614299641,0.018382015977305797,0.1505729604910328,0.13649991170660292,0.13549740057027185,-0.05450500974769906,0.11322455992910212,0.04917280159313312,12.405139851571176,0.9117131971608184,0.9987246431057724,0.9994425859494552,0.08637530784017411,0.013153465184036999,0.12036013836409129,0.10159547328652792,0.11724807349464525,-0.06243562018469017,0.09152584489398258,0.03974916938898951,9.924164483904347,0.9679490954323509,0.9987101229134282,0.9994312924665208,0.08543740672910607,0.012966153800644729,0.11968050221270003,0.10086525141852277,0.11606075464584811,-0.06149693577184492,0.09044285855548605,0.03927883439820393,9.842878471076098,0.9675578569164113,0.998695602721084,0.9994070921459473,0.10823012107680809,0.01854693738037999,0.1559856401537389,0.14238161435724167,0.1311777419816246,-0.04264798388440275,0.11289814850480534,0.04903104291273077,12.405139846851142,0.9396024532671643,0.9987036694946085,0.9994022520818325,0.009416420012712479,0.058921266347169876,0.018121257424354553,ok,
759xd9YjKW5,fc30206582bb494190095c4439e2da29,fc30206582bb494190095c4439e2da29_i0_1,0,1,/mnt/priorbimda-data/PriorBIMDA-Datasets/Matterport3D/v1/scans/759xd9YjKW5/undistorted_color_images/fc30206582bb494190095c4439e2da29_i0_1.jpg,/mnt/priorbimda-data/PriorBIMDA-Datasets/Matterport3D/v1/scans/759xd9YjKW5/undistorted_depth_images/fc30206582bb494190095c4439e2da29_d0_1.png,1024,1280,406,504,1.4155678118069965,1200582,0.9159713745117187,-12.111200332641602,-10.266400337219238,1.5696099996566772,True,204624,1.0,True,,1.0,204624,0.9384961724281311,-0.06347650135693113,1.0495059244161828,0.11179600660876549,log-depth Laplacian fallback,,,,0.08883884954550679,0.024098690072738755,0.20449770159818378,0.11977724759041065,0.12341624008517894,-0.04531004618269345,0.0905811696878792,0.039338902159788025,11.479794437046648,0.9378151596475709,0.9953872371899629,0.9968473623625875,0.12363577249030842,0.03168157651242911,0.23496147801906933,0.1531013167090862,0.1581552431096116,-0.10878654751062597,0.1320255349401737,0.057337961294842435,11.479794424892226,0.911966029808876,0.9956112951885002,0.9972455025979067,0.13705202750727663,0.03089995530589725,0.22087207775812953,0.15694533383601467,0.16646541001569665,-0.12268828745046399,0.1467266469848449,0.06372257313368461,11.250918564351233,0.8940980291225422,0.9958020360125339,0.9972071878472274,0.1359175130984999,0.030509284392262002,0.2199110092008708,0.1559765721061499,0.16536764182142066,-0.12128951665631581,0.145492307898158,0.06318650647953891,11.240689529942088,0.8972356740314281,0.9958236921759613,0.9972463355272693,0.08213952026865085,0.023413883184814303,0.1944131066257163,0.11000928099189809,0.11483738514844555,0.003009482505336169,0.07984382887504628,0.03467573429446012,11.479794441880262,0.9541663959646238,0.995096544842418,0.9965608346618556,0.008830256760120392,0.058424754999578,0.01806366629898548,ok,
759xd9YjKW5,fc30206582bb494190095c4439e2da29,fc30206582bb494190095c4439e2da29_i0_2,0,2,/mnt/priorbimda-data/PriorBIMDA-Datasets/Matterport3D/v1/scans/759xd9YjKW5/undistorted_color_images/fc30206582bb494190095c4439e2da29_i0_2.jpg,/mnt/priorbimda-data/PriorBIMDA-Datasets/Matterport3D/v1/scans/759xd9YjKW5/undistorted_depth_images/fc30206582bb494190095c4439e2da29_d0_2.png,1024,1280,406,504,1.4155678118069965,1203087,0.9178825378417969,-12.097100257873535,-10.262999534606934,1.5698800086975098,True,204624,1.0,True,,1.0,204624,0.9435504674911499,-0.05810542594729617,1.0202174425980735,0.07812120954177697,log-depth Laplacian fallback,,,,0.11050316825274088,0.07005688191674769,0.5405779987779323,0.31880586128583044,0.15305811878426678,-0.06046408994161315,0.1158293689758728,0.050304055788557255,14.060896683110661,0.8788441733640211,0.9971573128127891,0.9978871020965233,0.1263140345615446,0.0959170769780754,0.648476227811737,0.38139017939842335,0.18392827856933133,-0.11856951592124249,0.1383805605235783,0.06009791383806904,14.060896682530519,0.6764731062674603,0.9974116585084869,0.9979486105327379,0.1370902945965618,0.08731882206223097,0.6089512523558454,0.37023226296548944,0.18031028073768146,-0.12333083653992478,0.14813576671730735,0.06433454605783394,13.153441412065458,0.7046098910552604,0.9974025153625632,0.9979195187047986,0.13573749431871263,0.08740451178394663,0.6100907920908943,0.3698812152422181,0.17951784862219367,-0.1215323158723928,0.14663243833144143,0.0636816588353639,13.21232537164968,0.7076096741133434,0.9974025153625632,0.9979203498998825,0.11133264425542093,0.06313752605405164,0.5039500146138628,0.3011189855280766,0.14631113745805438,-0.040448329808797874,0.11444364576533307,0.0497022438447746,14.060896685470809,0.9225633723911904,0.996623685568874,0.9978613350489199,0.008375362493097782,0.05799112468957901,0.018107466399669647,ok,
759xd9YjKW5,fc30206582bb494190095c4439e2da29,fc30206582bb494190095c4439e2da29_i0_3,0,3,/mnt/priorbimda-data/PriorBIMDA-Datasets/Matterport3D/v1/scans/759xd9YjKW5/undistorted_color_images/fc30206582bb494190095c4439e2da29_i0_3.jpg,/mnt/priorbimda-data/PriorBIMDA-Datasets/Matterport3D/v1/scans/759xd9YjKW5/undistorted_depth_images/fc30206582bb494190095c4439e2da29_d0_3.png,1024,1280,406,504,1.4155678118069965,1209312,0.9226318359375,-12.0871000289917,-10.273599624633789,1.5701199769973755,True,204624,1.0,True,,1.0,204624,1.1577568054199219,0.1464843445043303,1.2731723964876882,0.09502739126521531,log-depth Laplacian fallback,,,,0.1969535945738208,0.04247969671118941,0.20642101973222252,0.19352082884211858,0.23141504568465418,-0.21459690594807174,0.2202946512068505,0.09567275141193672,8.660884092715387,0.3534960374163161,0.9981328226297267,0.9989183932682385,0.0961496636691061,0.015516221952495565,0.13477349452322268,0.10450354763268849,0.11018353927565402,-0.0681125613347996,0.09820855289311263,0.04265143259718246,8.660884086352128,0.995715745812495,0.9978169405413988,0.9982725715117357,0.09599324102143315,0.014111793091298112,0.11925514415897943,0.09612414142044105,0.11761754142717878,-0.08097639172186785,0.10013290665095113,0.04348716881544149,8.530363436032916,0.9602939522637665,0.997846709534016,0.9983469939932789,0.09199337035339158,0.012911313963879631,0.11346383947152708,0.09151322844427091,0.11372552081418251,-0.07914098237197933,0.09599609675102516,0.041690575103220946,8.167128622505658,0.9707362533407425,0.9978789592760181,0.9984106665608213,0.052144725182065234,0.01855673182426794,0.1676307061231375,0.07295306401549492,0.09069453477152495,0.02691481573137901,0.04766771430001588,0.020701825285437625,8.660884095500448,0.9575262628668202,0.9976077306766161,0.9981088420523405,0.008095585741102695,0.05872542969882488,0.01812721509486437,ok,
759xd9YjKW5,fc30206582bb494190095c4439e2da29,fc30206582bb494190095c4439e2da29_i0_4,0,4,/mnt/priorbimda-data/PriorBIMDA-Datasets/Matterport3D/v1/scans/759xd9YjKW5/undistorted_color_images/fc30206582bb494190095c4439e2da29_i0_4.jpg,/mnt/priorbimda-data/PriorBIMDA-Datasets/Matterport3D/v1/scans/759xd9YjKW5/undistorted_depth_images/fc30206582bb494190095c4439e2da29_d0_4.png,1024,1280,406,504,1.4155678118069965,1250184,0.953814697265625,-12.09119987487793,-10.287500381469727,1.570080041885376,True,204624,1.0,True,,1.0,204624,1.070750117301941,0.06835944706453126,1.1309738872771522,0.054719661630636976,log-depth Laplacian fallback,,,,0.12689449981512926,0.027109761894494537,0.18857894478822798,0.16398556735280406,0.1682779429105871,-0.1363103856735274,0.1398713695280953,0.06074536396230239,9.867595871210488,0.7643874821626256,1.0,1.0,0.08549272270433449,0.014994324407036049,0.14441578156363322,0.11381596148550527,0.11980932726755503,-0.06795093860386535,0.0914120451584186,0.0396997467917921,9.867595879016239,0.9251406193008389,1.0,1.0,0.06477023622674703,0.008027963741113017,0.1026517448247984,0.08189587963935621,0.08689126912763387,-0.061386599464030064,0.06829391679751282,0.029659671212719618,6.149616294415158,0.9982442584451569,1.0,1.0,0.0605139355314691,0.007359013866803615,0.09967141236978314,0.07728756685193125,0.08217231864168495,-0.05850457767222648,0.06369324651875612,0.0276616254975993,5.770185735611136,0.9990769358750392,1.0,1.0,0.0811571346828956,0.01404658235384205,0.15579154291088684,0.12197038934109522,0.09955907991850114,-0.01323123470247361,0.08261288599034769,0.03587832051971043,9.867595868531785,0.9819994496810069,1.0,1.0,0.008521117269992828,0.05827722046524286,0.01809664350003004,ok,
759xd9YjKW5,fc30206582bb494190095c4439e2da29,fc30206582bb494190095c4439e2da29_i0_5,0,5,/mnt/priorbimda-data/PriorBIMDA-Datasets/Matterport3D/v1/scans/759xd9YjKW5/undistorted_color_images/fc30206582bb494190095c4439e2da29_i0_5.jpg,/mnt/priorbimda-data/PriorBIMDA-Datasets/Matterport3D/v1/scans/759xd9YjKW5/undistorted_depth_images/fc30206582bb494190095c4439e2da29_d0_5.png,1024,1280,406,504,1.4155678118069965,1251670,0.9549484252929688,-12.105400085449219,-10.290900230407715,1.5698100328445435,True,204624,1.0,True,,1.0,204624,1.163423776626587,0.15136718947546485,1.158953603122316,0.0038496577376815055,log-depth Laplacian fallback,,,,0.14182503942514585,0.028533926361452806,0.2055993948739467,0.19949493237308888,0.16078349254810928,-0.15400793372058358,0.15400793372058358,0.0668847957841711,4.618319853674326,0.9046873377168103,1.0,1.0,0.03724972316673758,0.0029343804594965254,0.06892622102060306,0.054164598997141336,0.04625863560086742,-0.002640744292339165,0.037451807511471064,0.016265113339534634,4.6183198646654136,1.0,1.0,1.0,0.03904141398121286,0.0030703077714243033,0.07244189253320929,0.059956787580120595,0.04422948173565891,0.009540045527030869,0.03889939246008103,0.016893791494802163,4.318836169556752,1.0,1.0,1.0,0.03267757398738943,0.0026993196876897033,0.06905354462338809,0.05143316760576478,0.041803908088118846,-0.003488124414483823,0.03305535927364219,0.014355760129872287,4.165812909275895,1.0,1.0,1.0,0.03697158583955327,0.0028290454191820607,0.06634641707495464,0.05255580814601494,0.046637042861003696,-0.006490449980862503,0.03731645366040131,0.016206329908910695,4.618319852354336,1.0,1.0,1.0,0.008690300397574902,0.06092328205704689,0.018119907937943935,ok,
759xd9YjKW5,fc30206582bb494190095c4439e2da29,fc30206582bb494190095c4439e2da29_i1_0,1,0,/mnt/priorbimda-data/PriorBIMDA-Datasets/Matterport3D/v1/scans/759xd9YjKW5/undistorted_color_images/fc30206582bb494190095c4439e2da29_i1_0.jpg,/mnt/priorbimda-data/PriorBIMDA-Datasets/Matterport3D/v1/scans/759xd9YjKW5/undistorted_depth_images/fc30206582bb494190095c4439e2da29_d1_0.png,1024,1280,406,504,1.4121168655554452,1172314,0.8944046020507812,-12.105299949645996,-10.277700424194336,1.6030199527740479,True,204624,1.0,True,,1.0,204624,0.9221432209014893,-0.08105473028576672,1.04067989943599,0.12092897929564336,log-depth Laplacian fallback,,,,0.05972963756678322,0.009599172923896183,0.12433327315010205,0.10057837198402515,0.08385400004177776,-0.056324512809998194,0.06294907022980423,0.02733843384174424,6.21211926778842,0.9977130700477859,1.0,1.0,0.1271752124136602,0.03239358750042486,0.24142852191547073,0.23383251598262045,0.15077167850743578,-0.1373792431921145,0.13784060715919785,0.05986341507143349,6.2121192679402375,0.8750155675015396,1.0,1.0,0.12280961670824889,0.030013945703394756,0.23489210539428457,0.22843949060241187,0.1429412621301441,-0.13204889291057886,0.1324397448651652,0.05751785037961576,5.47292819288637,0.9366961411362484,1.0,1.0,0.12004625824937915,0.028876703011815982,0.2297392237285644,0.2225587660199889,0.1405992590237704,-0.12894055267563115,0.1293616885951196,0.056181067526547245,5.605787646474019,0.9378084711092762,1.0,1.0,0.051097975650969636,0.006493020899485325,0.1074970539872293,0.09200513411613012,0.06426237424374379,-0.01645023284065953,0.05217681515730589,0.02266010290610388,6.2121192703706765,0.9990301233287328,1.0,1.0,0.008133607916533947,0.05913717858493328,0.018101013265550137,ok,
759xd9YjKW5,fc30206582bb494190095c4439e2da29,fc30206582bb494190095c4439e2da29_i1_1,1,1,/mnt/priorbimda-data/PriorBIMDA-Datasets/Matterport3D/v1/scans/759xd9YjKW5/undistorted_color_images/fc30206582bb494190095c4439e2da29_i1_1.jpg,/mnt/priorbimda-data/PriorBIMDA-Datasets/Matterport3D/v1/scans/759xd9YjKW5/undistorted_depth_images/fc30206582bb494190095c4439e2da29_d1_1.png,1024,1280,406,504,1.4121168655554452,1303922,0.9948135375976562,-12.104299545288086,-10.274299621582031,1.6030299663543701,True,204624,1.0,True,,1.0,204624,1.00343918800354,0.003433287521186761,1.2950304422220467,0.25510091486138914,log-depth Laplacian fallback,,,,0.24923723942130843,0.0816388949537711,0.32765221107704057,0.295059374720785,0.29015880717798914,-0.242734575648444,0.2807886592698115,0.12194496530189154,15.897188168894305,0.18334608972009062,0.990370589651835,0.9983396246094475,0.24719082789416022,0.0805279533873383,0.32537086665536125,0.2927920109727572,0.2872928221109384,-0.2393012880933608,0.2778900556224107,0.1206861177326007,15.897188164365932,0.1898050650268958,0.9903552513110446,0.9983327223560918,0.22894895293370554,0.07057726471901962,0.30479290511106566,0.2719385067540439,0.2657063385062839,-0.22178030393672224,0.2553428213799241,0.1108939783189087,14.633302808372084,0.35016588415564737,0.9904051009186132,0.9983158501812225,0.22273908878544957,0.06774258934359279,0.30049377431318697,0.26634262517276064,0.2605366520038588,-0.2189018822102464,0.2489361038749357,0.10811157625937931,14.12845108360829,0.38945811175821865,0.9905546497413189,0.9983449930287241,0.10295395093840257,0.050262133026498367,0.24342800566657383,0.12776515715970754,0.15975508807472305,0.01579965180017474,0.09098896530650855,0.039516005546703106,15.897188169219035,0.9218358153325122,0.935770697940521,0.9902379130039987,0.008816812187433243,0.05906938575208187,0.018084358423948288,ok,
759xd9YjKW5,fc30206582bb494190095c4439e2da29,fc30206582bb494190095c4439e2da29_i1_2,1,2,/mnt/priorbimda-data/PriorBIMDA-Datasets/Matterport3D/v1/scans/759xd9YjKW5/undistorted_color_images/fc30206582bb494190095c4439e2da29_i1_2.jpg,/mnt/priorbimda-data/PriorBIMDA-Datasets/Matterport3D/v1/scans/759xd9YjKW5/undistorted_depth_images/fc30206582bb494190095c4439e2da29_d1_2.png,1024,1280,406,504,1.4121168655554452,1120794,0.8550979614257812,-12.100899696350098,-10.273500442504883,1.6030999422073364,True,204624,1.0,True,,1.0,204624,0.9771928191184998,-0.023071288051155478,0.996840183670693,0.019906468960914248,log-depth Laplacian fallback,,,,0.1813227963925617,0.29484282530910544,0.7164872189250876,0.4160966488113859,0.26261223487286217,0.09829001854071182,0.13326828215264205,0.05787767955161812,24.352465616480366,0.8590838280718848,0.8796915401046044,0.9716433171483787,0.17908288379319084,0.2758682395782877,0.7117377506098524,0.44825624722949114,0.2548766672358474,0.0752187304632084,0.13517610280716053,0.05870623553433646,24.35246560181455,0.8651054520277589,0.880702430598308,0.9779424229608652,0.1793723993653021,0.28051928086371375,0.7127175914077594,0.4414219457728996,0.256776718230893,0.07934452928822552,0.1344895271675584,0.05840805952264811,24.42104188961997,0.8644978470619935,0.8806096392378974,0.9773847825737825,0.1794101296568653,0.28053870533222525,0.713456924111707,0.4433733746147368,0.2565926770436285,0.07827743958650285,0.13462823096886567,0.05846829781817482,24.436129882654747,0.864705735398298,0.8806372982010967,0.9774882806296251,0.1806713606448537,0.29186274380995725,0.7144535628903117,0.4185899544087928,0.26144418300297123,0.09512519472311418,0.13318962593033296,0.05784351958830186,24.35246561541166,0.8611270224501558,0.8798084215297369,0.9730155586129119,0.00754830427467823,0.059494227170944214,0.018178180791437626,ok,
759xd9YjKW5,fc30206582bb494190095c4439e2da29,fc30206582bb494190095c4439e2da29_i1_3,1,3,/mnt/priorbimda-data/PriorBIMDA-Datasets/Matterport3D/v1/scans/759xd9YjKW5/undistorted_color_images/fc30206582bb494190095c4439e2da29_i1_3.jpg,/mnt/priorbimda-data/PriorBIMDA-Datasets/Matterport3D/v1/scans/759xd9YjKW5/undistorted_depth_images/fc30206582bb494190095c4439e2da29_d1_3.png,1024,1280,406,504,1.4121168655554452,1199070,0.9148178100585938,-12.09850025177002,-10.276100158691406,1.6031500101089478,True,180982,0.8844612557666744,True,,1.0,180982,0.823381245136261,-0.19433594724814868,0.8340093511305475,0.012825282948647682,log-depth Laplacian fallback,,,,0.24123081724140458,0.17373148751750836,0.46707601232282564,0.2787264607514121,0.24727981115105693,0.17363929188410102,0.20308759573646118,0.0881998221713435,17.60588007368287,0.6271485401185919,0.9881699984154386,0.9888580316411886,0.08613362302199534,0.12070716093296363,0.5633474282848211,0.2026299342809723,0.17727112811844603,-0.02069665540719731,0.07748330683000292,0.03365057259588682,17.605880074379197,0.916988165828517,0.9869473842227726,0.9898846606119743,0.08668410301747165,0.11773525601113154,0.5425862696290729,0.19658185931381147,0.1755251847107587,-0.01677123181640408,0.07669739473181768,0.03330925530838394,17.472211151169848,0.9169172775567732,0.988102446062365,0.9898796567339688,0.08537069287729462,0.11214731520203332,0.5348675286224062,0.1943703827137329,0.17336057545658265,-0.015095510762125421,0.07588454655426015,0.03295623983024562,17.270209806909715,0.9169873318488495,0.9881733343341089,0.9899914100094239,0.08626566493512375,0.12075202428320617,0.5529702708476895,0.19839112112677157,0.17623467266525913,-0.007871374558789768,0.07651144610938203,0.03322849884774262,17.605880072290127,0.9169631464384899,0.9877038037812638,0.9898020966248843,0.008336090482771397,0.05903950706124306,0.01810640934854746,ok,
759xd9YjKW5,fc30206582bb494190095c4439e2da29,fc30206582bb494190095c4439e2da29_i1_4,1,4,/mnt/priorbimda-data/PriorBIMDA-Datasets/Matterport3D/v1/scans/759xd9YjKW5/undistorted_color_images/fc30206582bb494190095c4439e2da29_i1_4.jpg,/mnt/priorbimda-data/PriorBIMDA-Datasets/Matterport3D/v1/scans/759xd9YjKW5/undistorted_depth_images/fc30206582bb494190095c4439e2da29_d1_4.png,1024,1280,406,504,1.4121168655554452,1218508,0.9296478271484375,-12.099499702453613,-10.279399871826172,1.6031399965286255,True,180192,0.8806005160684963,True,,1.0,180192,0.9525773525238037,-0.0485839652798904,0.9903417354758599,0.038878757212295965,log-depth Laplacian fallback,,,,0.050363514177052066,0.04858916800084686,0.3685441486525597,0.1589931767746541,0.10338933137813536,0.017516932723240633,0.045364342922688615,0.019701483806490498,10.189460687782915,0.970339956733973,0.9854083846802811,0.9918334553404655,0.06271300025163302,0.04735647069438392,0.38531992687512956,0.2016053292371113,0.10652544976845607,-0.03106703250406627,0.0602656061442512,0.02617302019700299,10.189460702001432,0.9734995584764319,0.9865286071162438,0.9927132197736904,0.06695384662096741,0.048735590375949184,0.38552499741658697,0.20524288532194096,0.10921781751040059,-0.0333903722132137,0.06456704831764092,0.028041112797132076,10.398853160420245,0.9743883503432066,0.9864883940031579,0.9926508484146185,0.06822985472346801,0.048091319818133776,0.38362350420603397,0.20979195897031888,0.1091687460257468,-0.03526127431138624,0.06603884745779504,0.02868030704217096,10.331726691493142,0.9746017260452947,0.9867460861972183,0.9927796945116487,0.04875474684877549,0.04709641701344849,0.3659456436688289,0.15430620494414002,0.1021936091677952,0.007811712024226214,0.04423471017633725,0.01921089053817289,10.189460687391966,0.9709710564066876,0.9856463806556871,0.9919828183319273,0.009215651080012321,0.057778473012149334,0.018065176904201508,ok,
759xd9YjKW5,fc30206582bb494190095c4439e2da29,fc30206582bb494190095c4439e2da29_i1_5,1,5,/mnt/priorbimda-data/PriorBIMDA-Datasets/Matterport3D/v1/scans/759xd9YjKW5/undistorted_color_images/fc30206582bb494190095c4439e2da29_i1_5.jpg,/mnt/priorbimda-data/PriorBIMDA-Datasets/Matterport3D/v1/scans/759xd9YjKW5/undistorted_depth_images/fc30206582bb494190095c4439e2da29_d1_5.png,1024,1280,406,504,1.4121168655554452,1247126,0.9514816284179688,-12.102899551391602,-10.280200004577637,1.6030800342559814,True,204624,1.0,True,,1.0,204624,0.9973332285881042,-0.0026703335811809393,1.013920864953429,0.016495193252462122,log-depth Laplacian fallback,,,,0.02239755835160982,0.004651857647462113,0.09907850799518533,0.060637475992067195,0.04146733465667444,-0.013474175148569174,0.02209967141562417,0.009597765347680604,3.9217170316002075,0.9946789658783475,0.9983794740868204,0.9995277141203054,0.023997168430848998,0.0048472685239306125,0.10209084886995472,0.06526972842093032,0.04241027724611431,-0.016144508801978433,0.023761170379283915,0.010319345179286005,3.9217170367520424,0.9947278783378745,0.9983858888356109,0.9995381380870898,0.028934375343927003,0.00592837366179798,0.11736452186428262,0.08143348308826215,0.046933616914209095,-0.019115249457661354,0.028901693460649754,0.012551845987619475,4.286457319070273,0.9948345235365151,0.9983906998972036,0.9995565804898623,0.02857315101717446,0.00592140548153499,0.11703185941090034,0.08038158087941441,0.046763810078047516,-0.01970315710604166,0.028513418466000157,0.012383220299982161,4.24103705839779,0.9948337216929164,0.9983754648688264,0.9995397417742874,0.018506477109157995,0.0043187182917267435,0.0938479744945022,0.050890947389597076,0.03921873854080256,0.00035072227013356307,0.01793478249513493,0.007788977071772134,3.921717030359361,0.9945033621302097,0.9983498058736647,0.999505262499539,0.008160650730133057,0.06038707494735718,0.018143153749406338,ok,
759xd9YjKW5,fc30206582bb494190095c4439e2da29,fc30206582bb494190095c4439e2da29_i2_0,2,0,/mnt/priorbimda-data/PriorBIMDA-Datasets/Matterport3D/v1/scans/759xd9YjKW5/undistorted_color_images/fc30206582bb494190095c4439e2da29_i2_0.jpg,/mnt/priorbimda-data/PriorBIMDA-Datasets/Matterport3D/v1/scans/759xd9YjKW5/undistorted_depth_images/fc30206582bb494190095c4439e2da29_d2_0.png,1024,1280,406,504,1.4165615917841592,1211119,0.9240104675292968,-12.116700172424316,-10.280099868774414,1.6360599994659424,True,204624,1.0,True,,1.0,204624,1.002123236656189,0.0021209857747793845,1.059497078553995,0.055673355565847155,log-depth Laplacian fallback,,,,0.05970279941171851,0.008260700786567956,0.11933197189184201,0.10751136303012765,0.07618077139707387,-0.05542886856550309,0.061803244238420645,0.02684080793646501,5.226041006537751,0.9768660222488459,0.9998191754897743,1.0,0.057833462357212324,0.007894002316086795,0.11628799797525897,0.10386951087531364,0.07465173019996431,-0.053307882689015255,0.05980926130575744,0.02597483215180013,5.226041011188538,0.9769948287492807,0.9998563312110536,1.0,0.057529269808742234,0.007842076669696435,0.11649650055042296,0.10372784325845394,0.07376962349540256,-0.053047538445382326,0.05945898490586074,0.02582270904418407,5.126320332889015,0.978494268523572,0.9999661470095011,1.0,0.056385608394649886,0.007660538099555763,0.11517056911941743,0.10150527635156999,0.07279799520968366,-0.05173846631301757,0.05825012445836078,0.025297707622443724,5.121210023154559,0.9792613277473147,0.9999554131344649,1.0,0.022991058139625944,0.0039034497469329025,0.07845847441855461,0.03850851227340564,0.05231391879656435,0.002365510051953493,0.022933579141572513,0.009959926871476453,5.226041008304121,0.9796196740369856,1.0,1.0,0.008744089864194393,0.059218660928308964,0.01815788447856903,ok,
759xd9YjKW5,fc30206582bb494190095c4439e2da29,fc30206582bb494190095c4439e2da29_i2_1,2,1,/mnt/priorbimda-data/PriorBIMDA-Datasets/Matterport3D/v1/scans/759xd9YjKW5/undistorted_color_images/fc30206582bb494190095c4439e2da29_i2_1.jpg,/mnt/priorbimda-data/PriorBIMDA-Datasets/Matterport3D/v1/scans/759xd9YjKW5/undistorted_depth_images/fc30206582bb494190095c4439e2da29_d2_1.png,1024,1280,406,504,1.4165615917841592,1225263,0.9348014831542969,-12.112600326538086,-10.266200065612793,1.6360900402069092,True,204624,1.0,True,,1.0,204624,0.977550745010376,-0.022705075415959106,1.2501446061763903,0.24596430498029437,log-depth Laplacian fallback,,,,0.19314320945165422,0.06138611696491122,0.32416296707308867,0.3055077035867579,0.2181610552210793,-0.21367070070647248,0.21516073946059422,0.09344312186995933,4.40349596886368,0.49835586319018854,1.0,1.0,0.21083415650397655,0.07274667482871532,0.3526005127959813,0.3328770806093321,0.24044247807432817,-0.23637577624563405,0.23743848707453988,0.10311822472792925,4.4034959598002725,0.3332688573800074,1.0,1.0,0.20908988024280153,0.07187751510670012,0.3497649305568111,0.3301876820649201,0.23925186586572883,-0.23435495381718507,0.23542264559906786,0.10224275589874002,4.815818665167694,0.296838311448236,1.0,1.0,0.20820673507818266,0.07151953528473791,0.34908672063866847,0.32920460353505526,0.23839849599934362,-0.23342345268640266,0.23436010508689498,0.10178130041750472,4.844929958944503,0.303008415336136,1.0,1.0,0.030100747739237776,0.0032233974110088964,0.06997115061628931,0.04048597740573204,0.04506681131851438,0.009588524641795045,0.029309151989468655,0.012728802978289953,4.403495972079758,0.9899441997350773,0.9995078607613223,1.0,0.008107678964734077,0.05766787566244602,0.018086218275129795,ok,
759xd9YjKW5,fc30206582bb494190095c4439e2da29,fc30206582bb494190095c4439e2da29_i2_2,2,2,/mnt/priorbimda-data/PriorBIMDA-Datasets/Matterport3D/v1/scans/759xd9YjKW5/undistorted_color_images/fc30206582bb494190095c4439e2da29_i2_2.jpg,/mnt/priorbimda-data/PriorBIMDA-Datasets/Matterport3D/v1/scans/759xd9YjKW5/undistorted_depth_images/fc30206582bb494190095c4439e2da29_d2_2.png,1024,1280,406,504,1.4165615917841592,1244971,0.9498374938964844,-12.098400115966797,-10.262800216674805,1.6363699436187744,True,204624,1.0,True,,1.0,204624,0.9714838266372681,-0.028930658128985137,1.1915887272237846,0.20421813973963668,log-depth Laplacian fallback,,,,0.159181238891405,0.05785741266415629,0.3556233948739573,0.33625787568496174,0.18087559984777882,-0.1643242432097827,0.17204681994797888,0.07471898453240959,7.5587867504156945,0.9058765224250204,0.9963605577961254,0.9979212367195702,0.18253319570157772,0.07409719131881971,0.4091956353824653,0.38998368503545133,0.2075114034463532,-0.1932549012517373,0.2003432542638719,0.08700796981333969,7.558786742894941,0.6934394455774472,0.9966376726847452,0.9980529666956097,0.18453773273776874,0.07397028283791483,0.4026256223715151,0.3862922952772639,0.21243428040672674,-0.1959839027187665,0.2031922542225378,0.0882452747743308,8.196727009633094,0.6538337037569549,0.9965613656864296,0.998009592191304,0.1852005807480096,0.07453577110538909,0.40422442712360424,0.3878211953581554,0.2133064004823047,-0.19682158288142154,0.20402241428162265,0.0886058087070879,8.222460093408221,0.6445620018458261,0.9965677915389194,0.9980120018859877,0.04355700993866022,0.0201103321142278,0.20209433468385063,0.10452929482681068,0.076378785695538,0.010963265387629971,0.040731041831075135,0.01768926670940646,7.558786752095416,0.9902712593305386,0.9944769797850713,0.9968111707019681,0.007751285098493099,0.05865857005119324,0.01809760183095932,ok,
759xd9YjKW5,fc30206582bb494190095c4439e2da29,fc30206582bb494190095c4439e2da29_i2_3,2,3,/mnt/priorbimda-data/PriorBIMDA-Datasets/Matterport3D/v1/scans/759xd9YjKW5/undistorted_color_images/fc30206582bb494190095c4439e2da29_i2_3.jpg,/mnt/priorbimda-data/PriorBIMDA-Datasets/Matterport3D/v1/scans/759xd9YjKW5/undistorted_depth_images/fc30206582bb494190095c4439e2da29_d2_3.png,1024,1280,406,504,1.4165615917841592,1214707,0.9267478942871094,-12.088399887084961,-10.27340030670166,1.6366000175476074,True,198639,0.9707512315270936,True,,1.0,198639,0.9933692812919617,-0.006652799585514996,1.0150154575604045,0.021556641086854914,log-depth Laplacian fallback,,,,0.029912590126254576,0.028170861975299923,0.1644057626328333,0.04212773543980386,0.08134164392958076,-0.011358079291553877,0.025147799417692147,0.010921550519113518,8.054475198281686,0.9938553083171497,0.9960476065421537,0.9971787435159261,0.03492683147781029,0.02807073370144517,0.16526344585839822,0.04974735864960989,0.08253392516583753,-0.01801087887907862,0.030377043051812165,0.013192582173939545,8.054475181713102,0.9939252840396903,0.9961134660457213,0.9971877991976666,0.04172984173318119,0.028609382790010678,0.16763333634637012,0.05674764940245429,0.08689973959023545,-0.020519456600868857,0.03748444688521371,0.016279288439443852,8.444238652273983,0.993621507079485,0.9959562264809538,0.9971902689290504,0.04131333065945844,0.026484608865232736,0.16282577143928456,0.05811216302434147,0.08519221932187704,-0.018252225919753215,0.03730402174013009,0.016200930794537438,8.321400412166865,0.9936075119349769,0.9960179697655483,0.9972363705815477,0.025004351363068073,0.028932966442220088,0.1657793365495502,0.036068863987272305,0.0806227615943545,0.0035457872017337177,0.01984251487336433,0.008617494716585333,8.054475203400992,0.993700538483766,0.9959109480722512,0.9971433440327585,0.008665750734508038,0.05812476482242346,0.018176804296672344,ok,
759xd9YjKW5,fc30206582bb494190095c4439e2da29,fc30206582bb494190095c4439e2da29_i2_4,2,4,/mnt/priorbimda-data/PriorBIMDA-Datasets/Matterport3D/v1/scans/759xd9YjKW5/undistorted_color_images/fc30206582bb494190095c4439e2da29_i2_4.jpg,/mnt/priorbimda-data/PriorBIMDA-Datasets/Matterport3D/v1/scans/759xd9YjKW5/undistorted_depth_images/fc30206582bb494190095c4439e2da29_d2_4.png,1024,1280,406,504,1.4165615917841592,1246871,0.9512870788574219,-12.092599868774414,-10.287300109863281,1.6365699768066406,True,199330,0.9741281570099304,True,,1.0,199330,1.0080276727676392,0.007995622414845421,0.9975691583142441,0.010429423392938786,log-depth Laplacian fallback,,,,0.04520563991206437,0.02134290632604906,0.1975538145125162,0.08545042725446415,0.12208193590528534,-0.003749810868031564,0.04734293545350415,0.02056077562455867,12.202433360947394,0.9550113844976745,0.9674248579043061,0.9987296199847459,0.04711342781112693,0.022197884007277506,0.20317992012687972,0.09094769412241178,0.12209817737463223,0.004245811504916235,0.048882883711402356,0.021229566655380398,12.202433365059559,0.9543376981259489,0.9673101708195956,0.9987793444550399,0.04805093826582356,0.022312803854577935,0.2053073977782646,0.09361496265386506,0.11834338062048316,0.0019048886036046207,0.04939006766038059,0.02144983384573155,11.832804881384805,0.9555952460198368,0.9670936287715409,0.9987183918785504,0.04786867631502355,0.02169386418695482,0.2023555616248465,0.09333713600044757,0.11667464684417687,0.002583241201316606,0.0491876152139323,0.021361909865391236,11.664604614434735,0.9558743446595518,0.9675972895351644,0.9988234548722362,0.04500649779161804,0.021138225022674217,0.1961228475376289,0.0845313423877783,0.12218091190099202,-0.006183626426632139,0.04725353686533064,0.02052195031102499,12.20243336272476,0.9552295305609001,0.9674649582835755,0.9986069128241815,0.009130677208304405,0.060027928091585636,0.018097711727023125,ok,
759xd9YjKW5,fc30206582bb494190095c4439e2da29,fc30206582bb494190095c4439e2da29_i2_5,2,5,/mnt/priorbimda-data/PriorBIMDA-Datasets/Matterport3D/v1/scans/759xd9YjKW5/undistorted_color_images/fc30206582bb494190095c4439e2da29_i2_5.jpg,/mnt/priorbimda-data/PriorBIMDA-Datasets/Matterport3D/v1/scans/759xd9YjKW5/undistorted_depth_images/fc30206582bb494190095c4439e2da29_d2_5.png,1024,1280,406,504,1.4165615917841592,1252184,0.955340576171875,-12.10669994354248,-10.29069995880127,1.6362899541854858,True,204624,1.0,True,,1.0,204624,1.0268431901931763,0.02648923203749067,1.0243439551261257,0.0024368681419696947,log-depth Laplacian fallback,,,,0.03348740730848201,0.009423958508415483,0.13182285365401444,0.06982373312006854,0.05850715216037213,-0.012802263635870961,0.03234940838609099,0.0140491695549141,5.708930635166793,0.9905636871258537,0.9956771528784907,0.9988100790299189,0.027121320304543485,0.010342516236267234,0.1408039746771588,0.06178325621853259,0.058707086385935255,0.013686968517774102,0.025216506732366622,0.010951389726743012,5.708930622033451,0.9886526261316229,0.9954495505452873,0.9985832753013935,0.031579219977144836,0.011336565299929142,0.14677772049547047,0.07032775353881725,0.062048741925282466,0.012357664034199163,0.029583279980908903,0.012847855252307677,6.080571119663157,0.9888506800917437,0.9953521207745827,0.9983948045974074,0.030773878724433545,0.011457543438719386,0.14692835534500748,0.06829524967499886,0.0624235940786738,0.01462221275164023,0.02868958209282787,0.01245972719102548,6.068686836495033,0.9887149172964995,0.9953105933313315,0.998295777617347,0.026934928758449033,0.01011615475009213,0.13872050152324467,0.06058023809167322,0.058187231630009266,0.011250112300311928,0.02509592740905936,0.010899022791999058,5.7089306336604935,0.988847485673032,0.9954591338014221,0.9986000459996295,0.007981371134519577,0.05982848908752203,0.018119278363883495,ok,
759xd9YjKW5,fffe7407b0324ceca095d418d02e2ea3,fffe7407b0324ceca095d418d02e2ea3_i0_0,0,0,/mnt/priorbimda-data/PriorBIMDA-Datasets/Matterport3D/v1/scans/759xd9YjKW5/undistorted_color_images/fffe7407b0324ceca095d418d02e2ea3_i0_0.jpg,/mnt/priorbimda-data/PriorBIMDA-Datasets/Matterport3D/v1/scans/759xd9YjKW5/undistorted_depth_images/fffe7407b0324ceca095d418d02e2ea3_d0_0.png,1024,1280,406,504,1.4155678118069965,1214575,0.9266471862792969,-3.2681000232696533,5.966989994049072,1.581220030784607,True,204624,1.0,True,,1.0,204624,1.0660549402236938,0.0639648630869637,1.0068243639602503,0.05716367969643973,log-depth Laplacian fallback,,,,0.07567483255063842,0.011004972473200161,0.11936580961331075,0.09935904341982855,0.0929475964697658,-0.0049493823929783924,0.0754949196766304,0.032787027027289806,9.281572767281682,0.9883942943004754,1.0,1.0,0.09281887833825873,0.018509157637037914,0.1604007692236237,0.12667926894026707,0.10998902797347777,0.05901548083724576,0.08741975855308556,0.03796591874891969,9.281572763330121,0.9521519873206677,1.0,1.0,0.09205464806705686,0.0203449029156059,0.1628851272147572,0.12096831122007684,0.1164353011579436,0.06576788323176039,0.08535258420314781,0.03706815633560977,9.60820737232214,0.9247284029392998,0.9999769466685878,1.0,0.09466352516076942,0.021155341887346347,0.1655586065114164,0.12362688224229224,0.1188787633035709,0.06593843994961712,0.08775558926300468,0.03811176817309119,9.891553215545661,0.918562460119795,0.9999423666714694,1.0,0.07602701252479857,0.011204168375891213,0.12067262398247047,0.1000855244926821,0.09283419900270992,0.0018518111499271845,0.07533141511614268,0.032716017898904014,9.28157276539906,0.9861507111541074,1.0,1.0,0.007870000787079334,0.05830480344593525,0.018086640164256096,ok,
759xd9YjKW5,fffe7407b0324ceca095d418d02e2ea3,fffe7407b0324ceca095d418d02e2ea3_i0_1,0,1,/mnt/priorbimda-data/PriorBIMDA-Datasets/Matterport3D/v1/scans/759xd9YjKW5/undistorted_color_images/fffe7407b0324ceca095d418d02e2ea3_i0_1.jpg,/mnt/priorbimda-data/PriorBIMDA-Datasets/Matterport3D/v1/scans/759xd9YjKW5/undistorted_depth_images/fffe7407b0324ceca095d418d02e2ea3_d0_1.png,1024,1280,406,504,1.4155678118069965,1241622,0.9472824096679687,-3.263969898223877,5.95304012298584,1.5809400081634521,True,204624,1.0,True,,1.0,204624,1.0533778667449951,0.05200201659237323,1.1012599809767756,0.04445294495083514,log-depth Laplacian fallback,,,,0.09786422522781878,0.020492399351486324,0.1827643483963844,0.16262113702417588,0.12697160446474992,-0.1048751467376987,0.10544405150570979,0.04579376971845206,7.1575079022653325,0.9482902203730282,1.0,1.0,0.06544805060839877,0.01035979794621974,0.1301659373901114,0.10752528888864994,0.08898629010738977,-0.052873130204644216,0.06894322860696653,0.029941663748599984,7.157507896914453,0.9989811714032129,1.0,1.0,0.07328211898615233,0.011168055704705119,0.13980145481503387,0.12563599435138634,0.08855825057537349,-0.07596015751691074,0.07702104131785571,0.033449813234787094,4.552601690217087,0.9967091433624726,1.0,1.0,0.07122504110663276,0.01058196954512553,0.1361874774755308,0.1220770806640079,0.08611339943818985,-0.07383785809578611,0.0747629130353896,0.0324691205822824,4.431126577550894,0.9967349161016799,1.0,1.0,0.06198169558297207,0.009568378676517424,0.14609930397315188,0.12300051463842544,0.07206866154856094,-0.008420216209592211,0.06269452442665517,0.02722788600404497,7.15750790176633,0.9997664345509342,1.0,1.0,0.007662351243197918,0.05682502966374159,0.018095429986715317,ok,
759xd9YjKW5,fffe7407b0324ceca095d418d02e2ea3,fffe7407b0324ceca095d418d02e2ea3_i0_2,0,2,/mnt/priorbimda-data/PriorBIMDA-Datasets/Matterport3D/v1/scans/759xd9YjKW5/undistorted_color_images/fffe7407b0324ceca095d418d02e2ea3_i0_2.jpg,/mnt/priorbimda-data/PriorBIMDA-Datasets/Matterport3D/v1/scans/759xd9YjKW5/undistorted_depth_images/fffe7407b0324ceca095d418d02e2ea3_d0_2.png,1024,1280,406,504,1.4155678118069965,1226275,0.9355735778808594,-3.273979902267456,5.942490100860596,1.580680012702942,True,204624,1.0,True,,1.0,204624,1.0508091449737549,0.04956048165943557,1.0522941098241168,0.0014121656592485793,log-depth Laplacian fallback,,,,0.06497690686634587,0.010792039352269722,0.13377675116456017,0.10572715450219283,0.08538108785560106,-0.05067583760981287,0.06759426687277567,0.02935581711114223,6.871600720319641,0.9922138182707794,0.9994006238404926,0.9997251839921714,0.05467417802945954,0.008660223853177466,0.12286310846175781,0.09180296496419896,0.06872505856181582,-0.0011153559388962563,0.05442620019741773,0.023636998416700198,6.871600727235673,0.9956241462967116,0.9993802368962916,0.9995963385048215,0.03727593772136048,0.0061609963902183335,0.10895822666603558,0.06604573578774359,0.05526746568657007,-0.008971720921752043,0.037167717622882505,0.016141734668556118,5.4534401868163895,0.9936400888870767,0.9994022547960286,0.9997684043138774,0.03272619113655372,0.005762750818031663,0.10669310028145708,0.05925694510014725,0.053257616325706345,-0.006477792362878683,0.03262220072206741,0.014167641761134154,5.2862197294470965,0.9869393080671138,0.9994250881735337,1.0,0.05474200169060574,0.008724599003884514,0.12350738416492026,0.09215696510628277,0.06871664834198116,0.00029683373597002915,0.05441676786225916,0.023632902005589367,6.8716007226036435,0.9955972355303664,0.9993777904629875,0.9995963385048215,0.00796220451593399,0.05963202565908432,0.01810622774064541,ok,
759xd9YjKW5,fffe7407b0324ceca095d418d02e2ea3,fffe7407b0324ceca095d418d02e2ea3_i0_3,0,3,/mnt/priorbimda-data/PriorBIMDA-Datasets/Matterport3D/v1/scans/759xd9YjKW5/undistorted_color_images/fffe7407b0324ceca095d418d02e2ea3_i0_3.jpg,/mnt/priorbimda-data/PriorBIMDA-Datasets/Matterport3D/v1/scans/759xd9YjKW5/undistorted_depth_images/fffe7407b0324ceca095d418d02e2ea3_d0_3.png,1024,1280,406,504,1.4155678118069965,1238545,0.9449348449707031,-3.288130044937134,5.945889949798584,1.5807100534439087,True,204624,1.0,True,,1.0,204624,0.9828153252601624,-0.017334044988881196,1.0184049678070481,0.03557169128895463,log-depth Laplacian fallback,,,,0.0303556101951294,0.003082165352227838,0.08112649090091471,0.055667418763582,0.039710556610623636,-0.014719481344902129,0.03057885160796177,0.013280226516276186,3.688177294087992,0.9983892389860684,1.0,1.0,0.039619926751373276,0.004225504163341877,0.09342145368358991,0.07138535394245044,0.04886403303157849,-0.03205352638389014,0.04044209621863245,0.017563779224352434,3.688177287588617,0.9986363030814382,1.0,1.0,0.022915784619895938,0.003100737966523293,0.0882632316110732,0.04934103396426386,0.03690771171397268,-0.018136657449736575,0.023300447611012808,0.010119255823338669,3.2144063845640787,0.9985273042158339,1.0,1.0,0.022098104555633772,0.0031681842181100033,0.0894139354486276,0.04791790995538877,0.03715180322798851,-0.013993384170115104,0.022455307985086433,0.009752216347361068,3.4415718539044757,0.9984578679014489,1.0,1.0,0.02765345455539556,0.003093785077777954,0.08291618221620163,0.0544121793603398,0.03704919175527512,0.0035181579099113724,0.0273582882617555,0.011881553626398917,3.688177293244014,0.9975140184652153,1.0,1.0,0.008377446793019772,0.05882016848772764,0.018419355154037476,ok,
759xd9YjKW5,fffe7407b0324ceca095d418d02e2ea3,fffe7407b0324ceca095d418d02e2ea3_i0_4,0,4,/mnt/priorbimda-data/PriorBIMDA-Datasets/Matterport3D/v1/scans/759xd9YjKW5/undistorted_color_images/fffe7407b0324ceca095d418d02e2ea3_i0_4.jpg,/mnt/priorbimda-data/PriorBIMDA-Datasets/Matterport3D/v1/scans/759xd9YjKW5/undistorted_depth_images/fffe7407b0324ceca095d418d02e2ea3_d0_4.png,1024,1280,406,504,1.4155678118069965,1233123,0.9407981872558594,-3.292259931564331,5.959839820861816,1.580989956855774,True,204624,1.0,True,,1.0,204624,0.9484003782272339,-0.05297852598536316,0.9373741107244695,0.011694286062727897,log-depth Laplacian fallback,,,,0.07780105264981003,0.017695466310660043,0.18680878063303386,0.14358850544509183,0.0900309962001097,0.05447643643748133,0.0741235856664288,0.03219146423381301,7.16791332945455,0.9900642514980258,0.9984340572676043,1.0,0.05555631344953627,0.00900286481760205,0.12588972353345632,0.09352686338955307,0.07169478285223568,0.0014979103628031641,0.05531200592212215,0.02402169895497765,7.167913331489322,0.9926690200409853,0.9995929035465237,1.0,0.03178834087450611,0.0052032532095540795,0.10001730058301493,0.057287557185436565,0.049799459302091564,0.013577941873424827,0.030953300357230634,0.013442847541839234,4.7912687685649304,0.992838508405082,0.9996042568340708,1.0,0.029642493264950942,0.0049829451328214525,0.09798121296887692,0.053735349558340265,0.04863384801309988,0.01390973012268839,0.02884387693479209,0.012526736589476688,4.660225939238648,0.9924687156106893,0.9996050677831814,1.0,0.05413380032254318,0.008545894427374056,0.12043909169125079,0.08868296399242118,0.07240071912091933,-0.010196371052437456,0.054529336594016924,0.023681789984626597,7.167913327173586,0.9925084521171043,0.9996180429689495,1.0,0.0076407818123698235,0.05828518886119127,0.018160506151616573,ok,
759xd9YjKW5,fffe7407b0324ceca095d418d02e2ea3,fffe7407b0324ceca095d418d02e2ea3_i0_5,0,5,/mnt/priorbimda-data/PriorBIMDA-Datasets/Matterport3D/v1/scans/759xd9YjKW5/undistorted_color_images/fffe7407b0324ceca095d418d02e2ea3_i0_5.jpg,/mnt/priorbimda-data/PriorBIMDA-Datasets/Matterport3D/v1/scans/759xd9YjKW5/undistorted_depth_images/fffe7407b0324ceca095d418d02e2ea3_d0_5.png,1024,1280,406,504,1.4155678118069965,1186257,0.9050422668457031,-3.2822399139404297,5.9703898429870605,1.5812400579452515,True,204624,1.0,True,,1.0,204624,0.9878671765327454,-0.012207026979441026,0.9348303486998353,0.0551831844180061,log-depth Laplacian fallback,,,,0.0924521416750577,0.01294796464804215,0.12652087707187692,0.11126235593518179,0.10254774163287858,0.03523537527911098,0.09096338854720266,0.03950489770127158,9.630424519689583,0.9955009749152165,0.9998398323466163,1.0,0.08556419884142794,0.011706787102573371,0.12044676362270708,0.10312376724460104,0.09901925299371736,0.023028348214977942,0.08516138645334663,0.0369851202079188,9.630424519159853,0.9935410286303895,1.0,1.0,0.07533950185222933,0.009427277865313203,0.10558631997671748,0.08823804547898566,0.09012524242325264,0.019718119179777113,0.07482080276361118,0.03249426177180792,8.794177106393846,0.9956417538526643,1.0,1.0,0.07392561751373233,0.009123671475299246,0.1034180579169783,0.08600057794905028,0.08911479821584753,0.0186296726750316,0.07348006308503174,0.03191198592773213,8.714575467039348,0.9954385938291618,1.0,1.0,0.06474748750856965,0.010847143915870083,0.11682553964131132,0.07881692230604924,0.10153048720750478,-0.03215481594837296,0.0683731746530551,0.029694092462029104,9.630424520196165,0.9340522332007314,1.0,1.0,0.009369348175823689,0.0609506256878376,0.018113616853952408,ok,
759xd9YjKW5,fffe7407b0324ceca095d418d02e2ea3,fffe7407b0324ceca095d418d02e2ea3_i1_0,1,0,/mnt/priorbimda-data/PriorBIMDA-Datasets/Matterport3D/v1/scans/759xd9YjKW5/undistorted_color_images/fffe7407b0324ceca095d418d02e2ea3_i1_0.jpg,/mnt/priorbimda-data/PriorBIMDA-Datasets/Matterport3D/v1/scans/759xd9YjKW5/undistorted_depth_images/fffe7407b0324ceca095d418d02e2ea3_d1_0.png,1024,1280,406,504,1.4121168655554452,1227373,0.9364112854003906,-3.275820016860962,5.958280086517334,1.6142699718475342,True,204624,1.0,True,,1.0,204624,0.9871439337730408,-0.012939420623466239,0.9756044742895101,0.011758605834812327,log-depth Laplacian fallback,,,,0.07242193251859974,0.011701244397666061,0.12362887014483005,0.09300449292704843,0.10216903010229907,-0.004084463558308948,0.07400088963299421,0.03213817802354094,10.208735411149286,0.9369010072732576,0.9993066492419175,1.0,0.06852328329404668,0.011599680080245076,0.12325005869348177,0.08809494155330203,0.10349705548131172,-0.01702388407972202,0.07101259645586805,0.03084037878640592,10.208735408532196,0.9075252592325235,0.9993408686682859,1.0,0.07425045226716305,0.013417264297564629,0.13278212249969876,0.09642315494428746,0.1115174497295165,-0.019251757382411253,0.07728158177472462,0.03356296451751782,10.984312191422827,0.892382348316282,0.998837354251723,1.0,0.07537520963182527,0.013648683202599682,0.13434241189193652,0.09854044949510925,0.11240021929521445,-0.020722325105856667,0.0784907259043165,0.03408808914082527,11.047350152783011,0.8896105747804457,0.9987746186367144,1.0,0.06654972570136226,0.011919940191641623,0.125615952326943,0.08613871420621402,0.10606724086701123,-0.028782489779070664,0.06983113890449723,0.030327278291242637,10.208735410058521,0.8902656323709256,0.9991811780119002,1.0,0.009393983520567417,0.06018996890634298,0.018098591826856136,ok,
759xd9YjKW5,fffe7407b0324ceca095d418d02e2ea3,fffe7407b0324ceca095d418d02e2ea3_i1_1,1,1,/mnt/priorbimda-data/PriorBIMDA-Datasets/Matterport3D/v1/scans/759xd9YjKW5/undistorted_color_images/fffe7407b0324ceca095d418d02e2ea3_i1_1.jpg,/mnt/priorbimda-data/PriorBIMDA-Datasets/Matterport3D/v1/scans/759xd9YjKW5/undistorted_depth_images/fffe7407b0324ceca095d418d02e2ea3_d1_1.png,1024,1280,406,504,1.4121168655554452,1144193,0.8729499816894531,-3.27482008934021,5.954919815063477,1.6141999959945679,True,204624,1.0,True,,1.0,204624,1.0111703872680664,0.011108459238835395,1.0694446838753386,0.056031067482201616,log-depth Laplacian fallback,,,,0.07402472469585383,0.03538708557139397,0.3954930992237824,0.2813446338357722,0.10268355885879375,-0.07571351853796277,0.07851172950673728,0.034097210889456726,6.9364085595565435,0.9420578521280938,0.9968466858301004,0.9990499854482592,0.06431330379902457,0.03048195601443989,0.36888145913986536,0.2456110234985667,0.09479024239625175,-0.06460505925973703,0.06803220034967393,0.02954600920359987,6.936408560332954,0.9450398665260145,0.9969926402276539,0.9990875665206831,0.06976668302095748,0.03522108952976877,0.39064120608719943,0.25481497997920227,0.10444368491856068,-0.06978484030885442,0.07433910610242662,0.03228506356990423,7.770816805481434,0.9457775043196384,0.997088777854785,0.9990333798581184,0.07110378371972105,0.03624459643939298,0.39694791687970254,0.26017035073057526,0.10589172220369333,-0.0712399277757054,0.07582435753503201,0.032930100071323666,7.834493935013569,0.9473559093614451,0.9970275993647925,0.9989660835191266,0.034697481065629227,0.01764659469101714,0.2822219522886205,0.1328286904043161,0.06989198913505329,-0.00857401758094223,0.035898859204134784,0.01559067645897751,6.936408557586629,0.97675566971656,0.9975196492200179,0.9991469970538187,0.008884432725608349,0.05986337084323168,0.018111503683030605,ok,
759xd9YjKW5,fffe7407b0324ceca095d418d02e2ea3,fffe7407b0324ceca095d418d02e2ea3_i1_2,1,2,/mnt/priorbimda-data/PriorBIMDA-Datasets/Matterport3D/v1/scans/759xd9YjKW5/undistorted_color_images/fffe7407b0324ceca095d418d02e2ea3_i1_2.jpg,/mnt/priorbimda-data/PriorBIMDA-Datasets/Matterport3D/v1/scans/759xd9YjKW5/undistorted_depth_images/fffe7407b0324ceca095d418d02e2ea3_d1_2.png,1024,1280,406,504,1.4121168655554452,1203726,0.9183700561523438,-3.2772300243377686,5.952380180358887,1.6141400337219238,True,204624,1.0,True,,1.0,204624,1.088674545288086,0.08496094279955513,0.9119882792547385,0.17708908348431024,log-depth Laplacian fallback,,,,0.10498055006720271,0.03935692799953809,0.3010582912855304,0.2059506729739091,0.11780996882375785,0.06332715044149351,0.09969678478859108,0.04329776349718118,9.934213995689467,0.9731857582207246,0.993811714626086,0.9976738892405747,0.1761546030502012,0.08129357708305883,0.4014880249445965,0.31376807247448163,0.1784887092144084,0.14828809310846677,0.15909323399074443,0.0690933136303232,9.934213989682487,0.9783098479222015,0.9923379573092216,0.9959924434630473,0.1769402764974606,0.07901114094097333,0.39168109034263565,0.31336982748227726,0.17932788463121097,0.1370250383903843,0.1606854684958278,0.06978481228977683,11.56833136645844,0.9783098479222015,0.9928513631839804,0.9966379391987877,0.1836203951504214,0.08325090287820397,0.4001001984053342,0.3243716229882837,0.18512366394560653,0.14141438459257372,0.1663041473102405,0.0722249734944629,11.946858492067909,0.92165492811487,0.9929734839988502,0.9967193530753676,0.05441939104653508,0.03301192277917254,0.32691139887355625,0.15310438544709534,0.10343287258676225,-0.028801013157975137,0.05615186850620286,0.024386446640800894,9.934213996398274,0.9625654010962628,0.9950345842824696,0.9984024603605804,0.0077680861577391624,0.05860747955739498,0.018074878491461277,ok,
759xd9YjKW5,fffe7407b0324ceca095d418d02e2ea3,fffe7407b0324ceca095d418d02e2ea3_i1_3,1,3,/mnt/priorbimda-data/PriorBIMDA-Datasets/Matterport3D/v1/scans/759xd9YjKW5/undistorted_color_images/fffe7407b0324ceca095d418d02e2ea3_i1_3.jpg,/mnt/priorbimda-data/PriorBIMDA-Datasets/Matterport3D/v1/scans/759xd9YjKW5/undistorted_depth_images/fffe7407b0324ceca095d418d02e2ea3_d1_3.png,1024,1280,406,504,1.4121168655554452,1272907,0.9711509704589844,-3.280639886856079,5.953199863433838,1.6141400337219238,True,204624,1.0,True,,1.0,204624,0.9897984862327576,-0.010253905832304473,0.9943425884933943,0.004580430558343112,log-depth Laplacian fallback,,,,0.03041635312610368,0.005673522055498881,0.11765791923964307,0.0734061749983748,0.05041885860331939,-0.0025400330608996934,0.03088454312535604,0.013412986655445148,5.035483626138656,0.9984900703664918,0.9999222252686174,1.0,0.02977065096320191,0.005970753395005249,0.12182427039247902,0.07334193062357654,0.05195473426448664,-0.012793938875670628,0.030542674108412035,0.013264514827852673,5.035483631726973,0.9986440486225624,0.9999222252686174,1.0,0.033696196742937466,0.007412143932807965,0.13392756639731834,0.08080219314393484,0.059276854991182466,-0.016698744230153318,0.0348595439832529,0.015139307593590437,5.687615914231194,0.9983824427079119,0.9999222252686174,1.0,0.03411328664649583,0.007590800903571816,0.13572072014796022,0.08214155431993087,0.06000839639744236,-0.016391877170060905,0.035309457006351797,0.015334702336858703,5.772619856732478,0.9984091532217201,0.9999222252686174,1.0,0.02937023758669729,0.005767863483073271,0.11911328190482022,0.07124464260204295,0.0510203060851289,-0.008213531368953638,0.030007214276208494,0.01303196757744583,5.035483626695111,0.9985859139748623,0.9999222252686174,1.0,0.008386556059122086,0.059956436045467854,0.01812855713069439,ok,
759xd9YjKW5,fffe7407b0324ceca095d418d02e2ea3,fffe7407b0324ceca095d418d02e2ea3_i1_4,1,4,/mnt/priorbimda-data/PriorBIMDA-Datasets/Matterport3D/v1/scans/759xd9YjKW5/undistorted_color_images/fffe7407b0324ceca095d418d02e2ea3_i1_4.jpg,/mnt/priorbimda-data/PriorBIMDA-Datasets/Matterport3D/v1/scans/759xd9YjKW5/undistorted_depth_images/fffe7407b0324ceca095d418d02e2ea3_d1_4.png,1024,1280,406,504,1.4121168655554452,1272141,0.9705665588378907,-3.281630039215088,5.956560134887695,1.6142100095748901,True,204624,1.0,True,,1.0,204624,0.9421693086624146,-0.059570287368571596,0.9507660267119434,0.009083011967734943,log-depth Laplacian fallback,,,,0.07230713419505828,0.03290290781507798,0.2654219639501591,0.16661213004538225,0.10365852205842764,0.04802032998890203,0.06723246695727798,0.029198689404288516,9.186477618268324,0.9739344931104336,0.9849277713712552,0.9954525481059097,0.04121710218704913,0.021940055008365048,0.20470013593297395,0.07591303656179775,0.09258800469336845,-0.011549957382165037,0.03919117825767995,0.017020512456597102,9.186477615261133,0.9670445335855067,0.986791558482904,0.9995236377099709,0.038663894870902084,0.01968783402100002,0.1981696806736684,0.0772047406265866,0.08406000271262254,-0.011428282879251472,0.036416916240570814,0.01581566577121282,8.327951973011082,0.9761237158459636,0.9869409129962795,0.9995896681264105,0.03828873192651296,0.01873306667501358,0.19410640176218344,0.07766878537494405,0.08224674842305921,-0.009894123901110104,0.03616656786020549,0.015706940851066737,8.164945767361516,0.976950668204232,0.9872301891063963,0.9996156086471547,0.039182584499324935,0.022399861928968683,0.20738537023133258,0.07240028434675719,0.09189789397748045,-0.0024669451318393323,0.03679499649012378,0.015979863937310292,9.186477616155571,0.9684806951430698,0.9865085709838768,0.9995016275711576,0.008687241934239864,0.05965682864189148,0.018074827268719673,ok,
759xd9YjKW5,fffe7407b0324ceca095d418d02e2ea3,fffe7407b0324ceca095d418d02e2ea3_i1_5,1,5,/mnt/priorbimda-data/PriorBIMDA-Datasets/Matterport3D/v1/scans/759xd9YjKW5/undistorted_color_images/fffe7407b0324ceca095d418d02e2ea3_i1_5.jpg,/mnt/priorbimda-data/PriorBIMDA-Datasets/Matterport3D/v1/scans/759xd9YjKW5/undistorted_depth_images/fffe7407b0324ceca095d418d02e2ea3_d1_5.png,1024,1280,406,504,1.4121168655554452,1198821,0.9146278381347657,-3.2792201042175293,5.959099769592285,1.6142699718475342,True,204624,1.0,True,,1.0,204624,1.0240893363952637,0.023803765385403734,0.8695987763852552,0.1635271156622036,log-depth Laplacian fallback,,,,0.14288317484395577,0.023991788300654928,0.14687448622839225,0.13101791607648267,0.15152885186861229,0.07872294869264568,0.13329079880632352,0.05788745841006283,12.947467048714556,0.974326442396321,1.0,1.0,0.15563357952191467,0.02923249494258177,0.16080231656862468,0.14124860046082152,0.16515270929637713,0.10252671394272757,0.1424922019277672,0.061883577011473206,12.947467055775721,0.7766872619014848,1.0,1.0,0.15311580333855876,0.029379776763193314,0.16108905337425258,0.13813746656635065,0.16518400764943247,0.1064030153175538,0.13960936427213053,0.0606315765254073,12.634933602698581,0.7308697461923006,1.0,1.0,0.15319584648352605,0.029456994289118105,0.16129945765200931,0.13809512463709087,0.16538700197807943,0.10712472217453227,0.13961718647838692,0.06063497366642076,12.60045805608928,0.7357386966027455,1.0,1.0,0.11189241572334101,0.01907125990836248,0.14738795495067353,0.11977849534774146,0.14312489354241012,-0.061000367656599684,0.11956573131915829,0.05192673733663729,12.94746704853343,0.7881385127554489,1.0,1.0,0.009569691494107246,0.05998768284916878,0.018116004765033722,ok,
759xd9YjKW5,fffe7407b0324ceca095d418d02e2ea3,fffe7407b0324ceca095d418d02e2ea3_i2_0,2,0,/mnt/priorbimda-data/PriorBIMDA-Datasets/Matterport3D/v1/scans/759xd9YjKW5/undistorted_color_images/fffe7407b0324ceca095d418d02e2ea3_i2_0.jpg,/mnt/priorbimda-data/PriorBIMDA-Datasets/Matterport3D/v1/scans/759xd9YjKW5/undistorted_depth_images/fffe7407b0324ceca095d418d02e2ea3_d2_0.png,1024,1280,406,504,1.4165615917841592,1134027,0.8651939392089844,-3.268320083618164,5.965590000152588,1.6476999521255493,True,204624,1.0,True,,1.0,204624,1.0972131490707397,0.09277346421542502,1.111526060345234,0.012960436036407522,log-depth Laplacian fallback,,,,0.10201799622879322,0.013980650286805939,0.13367104978243471,0.12723252351556874,0.11652043119621777,-0.10476065099906295,0.10818766803753935,0.04698530723868414,5.101192888339989,0.9953960531803916,1.0,1.0,0.03800332981688696,0.0032578086709869943,0.06427347954395012,0.04640584343555152,0.05240142683851068,-0.011987186733685783,0.03811392891006109,0.016552669009292344,5.101192888848191,0.99505655509084,1.0,1.0,0.04580482542023414,0.004026578108937952,0.07011172910533459,0.054568834490229215,0.06074912227981278,-0.03256571042615061,0.04678132775065163,0.020316872498215465,5.128284666638301,0.9948537380503286,1.0,1.0,0.04743058560522609,0.004254977489097522,0.07234975144354343,0.05687932482018053,0.06235516337428875,-0.03306652238130199,0.04847916562921069,0.02105423412003997,5.286559842696473,0.9947849566191986,1.0,1.0,0.03667143669903894,0.003451305014665749,0.06907388605489401,0.04745772698282542,0.05102121147954463,0.0009732061085749671,0.036301797575589864,0.015765670370247526,5.101192890599854,0.9949560283838039,1.0,1.0,0.008114753291010857,0.059466518461704254,0.018116203136742115,ok,
759xd9YjKW5,fffe7407b0324ceca095d418d02e2ea3,fffe7407b0324ceca095d418d02e2ea3_i2_1,2,1,/mnt/priorbimda-data/PriorBIMDA-Datasets/Matterport3D/v1/scans/759xd9YjKW5/undistorted_color_images/fffe7407b0324ceca095d418d02e2ea3_i2_1.jpg,/mnt/priorbimda-data/PriorBIMDA-Datasets/Matterport3D/v1/scans/759xd9YjKW5/undistorted_depth_images/fffe7407b0324ceca095d418d02e2ea3_d2_1.png,1024,1280,406,504,1.4165615917841592,1209685,0.9229164123535156,-3.2641899585723877,5.9516401290893555,1.647420048713684,True,204624,1.0,True,,1.0,204624,1.1521174907684326,0.141601545587489,1.0769696259249641,0.06745035029471946,log-depth Laplacian fallback,,,,0.06971862546536244,0.012161578487070947,0.16758152753521563,0.15608325723690453,0.07743433369011185,-0.06956005102025647,0.07231265225795343,0.03140498584741789,3.402168920102158,0.9978358002289852,0.9996263490082129,1.0,0.07568243894684543,0.017432264761646533,0.21097969207466075,0.18210995924277837,0.07967089973742361,0.07204149447546157,0.07238911999812245,0.0314381953650169,3.4021689239551955,0.9944018484150833,0.9993155242893811,0.9998520275939604,0.04600154813560456,0.009215025315123469,0.15587363055332484,0.11461885571886299,0.056856008042677465,0.03680169544416949,0.04448204579277956,0.019318307031571915,4.333867629477854,0.9953103493884772,0.9993758705778777,0.9998760007770618,0.04659403238040557,0.00909364991517743,0.15438084926771475,0.11564818519361972,0.05669776726072997,0.03779843660206353,0.04509215124563257,0.019583272463125086,4.226008758618097,0.9952929894972659,0.9993742172549052,0.999876827438548,0.02104793166490283,0.0030365919209634287,0.0832576294171073,0.04684329207969363,0.03433007315653088,0.004591142069814142,0.020667965961329728,0.008975983569169732,3.4021689220665468,0.9959286921801956,0.9994428301582643,1.0,0.008114363998174667,0.061149642802774906,0.018079593777656555,ok,
759xd9YjKW5,fffe7407b0324ceca095d418d02e2ea3,fffe7407b0324ceca095d418d02e2ea3_i2_2,2,2,/mnt/priorbimda-data/PriorBIMDA-Datasets/Matterport3D/v1/scans/759xd9YjKW5/undistorted_color_images/fffe7407b0324ceca095d418d02e2ea3_i2_2.jpg,/mnt/priorbimda-data/PriorBIMDA-Datasets/Matterport3D/v1/scans/759xd9YjKW5/undistorted_depth_images/fffe7407b0324ceca095d418d02e2ea3_d2_2.png,1024,1280,406,504,1.4165615917841592,1228999,0.9376518249511718,-3.274209976196289,5.941090106964111,1.6471699476242065,True,204624,1.0,True,,1.0,204624,1.1139476299285889,0.10791012956395213,1.0857704167396303,0.02562033303475296,log-depth Laplacian fallback,,,,0.09545382457478413,0.02159649468350131,0.1930854467981903,0.16234370111038568,0.11619315599121859,-0.08404081046234822,0.09857712136256278,0.04281149984966817,8.023709663261327,0.9855964081337739,0.992712768684108,0.9994312444517855,0.051651275224427404,0.01650124882282985,0.16576477060444691,0.08606153193268525,0.08371222175270732,0.02386931908521656,0.04836344538897069,0.021003977458259233,8.023709663978726,0.9816875359540569,0.9885427083341809,0.9990984532941036,0.05504510502875392,0.017282733908915833,0.1654951501728555,0.08970570014771975,0.08735188636666556,0.02663118200551896,0.0513043776395276,0.022281208106327412,8.319334226248982,0.982416584553771,0.9885776961576047,0.9985240020537038,0.056661324458150204,0.017669360178053532,0.16749794406808474,0.09402864548459179,0.0884084545322449,0.030604738780880728,0.05275004422244747,0.022909053125961438,8.294217743062976,0.9827615807661357,0.9885443356748053,0.997642797105612,0.04419836489527764,0.013893696897403367,0.1485382430441377,0.0668696740038791,0.0802562015140853,-0.0017510583090290979,0.04211726599829031,0.01829129621590894,8.02370966340872,0.9831106453300613,0.9890374198839869,0.9992009757534384,0.008333954028785229,0.05821370054036379,0.018149135634303093,ok,
759xd9YjKW5,fffe7407b0324ceca095d418d02e2ea3,fffe7407b0324ceca095d418d02e2ea3_i2_3,2,3,/mnt/priorbimda-data/PriorBIMDA-Datasets/Matterport3D/v1/scans/759xd9YjKW5/undistorted_color_images/fffe7407b0324ceca095d418d02e2ea3_i2_3.jpg,/mnt/priorbimda-data/PriorBIMDA-Datasets/Matterport3D/v1/scans/759xd9YjKW5/undistorted_depth_images/fffe7407b0324ceca095d418d02e2ea3_d2_3.png,1024,1280,406,504,1.4165615917841592,1221911,0.9322441101074219,-3.2883501052856445,5.9444899559021,1.647189974784851,True,204624,1.0,True,,1.0,204624,1.049014925956726,0.04785155806100306,1.000477989226528,0.0473736830349357,log-depth Laplacian fallback,,,,0.06874961888522402,0.024009933354835963,0.1832710099936484,0.09966630253393856,0.10895728140130075,-0.0010649594019230004,0.06445680296836087,0.027993233850284262,10.895207676696435,0.9663829853401762,0.9763820769270429,0.9993919360739039,0.07749579734432038,0.03360100397447872,0.234930004042704,0.14019637390861076,0.1185729345942218,0.04678659871006506,0.06974727794205973,0.030290857938008914,10.895207661824964,0.963869709004993,0.9743262807192995,0.996098733868506,0.08508815294634638,0.0358690786268559,0.23560970604323367,0.14049743691220126,0.12456643270295731,0.04168958030030775,0.07717420897021823,0.0335163331010142,11.738302709814816,0.9636872079881431,0.9739866487821126,0.9954112860920312,0.08582475452961293,0.03609378234347997,0.23573867969365284,0.14111331165594873,0.12523539541964027,0.041786947662427444,0.0778560661792189,0.03381245992432917,11.805827065890472,0.9634940678985622,0.9739580051247595,0.9955888767676205,0.06878190448613726,0.0240610556474434,0.18359817589642324,0.09997117753292714,0.10895365829390125,-0.0005870443568344698,0.0644562244229023,0.027992982591184074,10.895207677941391,0.9663518865121928,0.9763526148794798,0.9993894809032736,0.008847067132592201,0.06053691450506449,0.018102583475410938,ok,
759xd9YjKW5,fffe7407b0324ceca095d418d02e2ea3,fffe7407b0324ceca095d418d02e2ea3_i2_4,2,4,/mnt/priorbimda-data/PriorBIMDA-Datasets/Matterport3D/v1/scans/759xd9YjKW5/undistorted_color_images/fffe7407b0324ceca095d418d02e2ea3_i2_4.jpg,/mnt/priorbimda-data/PriorBIMDA-Datasets/Matterport3D/v1/scans/759xd9YjKW5/undistorted_depth_images/fffe7407b0324ceca095d418d02e2ea3_d2_4.png,1024,1280,406,504,1.4165615917841592,1231089,0.9392463684082031,-3.292479991912842,5.958439826965332,1.6474699974060059,True,204624,1.0,True,,1.0,204624,1.049014925956726,0.04785155806100306,1.0475910714271552,0.0013582473294893246,log-depth Laplacian fallback,,,,0.07444500168039035,0.020636766025347662,0.17447985997304727,0.1061608888193391,0.11193469037251437,-0.05166063604793304,0.07473143613953712,0.03245545034010623,9.93003202004589,0.978612431757574,0.9881495164037694,0.9979782127855906,0.056845967477894103,0.020436904851974927,0.17713273596258886,0.08833342238063499,0.0993733498376415,-0.003809077972383749,0.05417200865223652,0.023526604431281538,9.930032015534787,0.9762186162007783,0.9864908223532174,0.9966387482952086,0.05809648308565479,0.022108533740036497,0.18911559606612754,0.09857285358100051,0.0978846289460479,0.01068096674813232,0.054292371369038764,0.023578877295015628,9.730014148618062,0.9753023542570846,0.9856988406199714,0.9955291615797071,0.056606424242171494,0.02157583526465039,0.1856045362302103,0.09461288793094312,0.09682264758193009,0.010761816483522134,0.05279925750534522,0.022930426183160293,9.622270205491851,0.9755200476976076,0.9859067865930083,0.9958085889809754,0.05675081667793773,0.02032957707134886,0.17638610869729843,0.0875861208163941,0.09943467531945847,-0.005167307376474411,0.05415399896368804,0.023518782922924145,9.930032019265173,0.9762974082296243,0.9865517440250055,0.9966907347884678,0.0075805652886629105,0.05755232647061348,0.01809260156005621,ok,
759xd9YjKW5,fffe7407b0324ceca095d418d02e2ea3,fffe7407b0324ceca095d418d02e2ea3_i2_5,2,5,/mnt/priorbimda-data/PriorBIMDA-Datasets/Matterport3D/v1/scans/759xd9YjKW5/undistorted_color_images/fffe7407b0324ceca095d418d02e2ea3_i2_5.jpg,/mnt/priorbimda-data/PriorBIMDA-Datasets/Matterport3D/v1/scans/759xd9YjKW5/undistorted_depth_images/fffe7407b0324ceca095d418d02e2ea3_d2_5.png,1024,1280,406,504,1.4165615917841592,1182947,0.9025169372558594,-3.2824699878692627,5.968979835510254,1.6477299928665161,True,204624,1.0,True,,1.0,204624,0.9776701331138611,-0.022582953046083407,0.9556883515294209,0.0227404581556722,log-depth Laplacian fallback,,,,0.06313738896405797,0.008316695962520576,0.09309226378852266,0.06741069853971171,0.08282723067001148,0.05299219447821174,0.059581955076654515,0.02587611431079851,6.365671578746955,0.9893689235443346,0.9995063176963972,1.0,0.05273386684909385,0.005829348819455066,0.0769346997154837,0.05552370604573425,0.07054714336480775,0.030409241498796487,0.05047257466255823,0.02191996066339892,6.365671581540012,0.9900528087902501,1.0,1.0,0.049958493603550806,0.0049160246594011124,0.07023132569154011,0.052086409552160665,0.06574960282534989,0.01981185674360241,0.048403390457739885,0.021021325381204967,6.269370466053377,0.9903901020079513,1.0,1.0,0.04900693101569743,0.004700754762075775,0.06836591712293293,0.05076678308510158,0.06478157673999707,0.019558401989901962,0.04751124619784651,0.020633872052071595,6.175857508493479,0.9903875659687205,1.0,1.0,0.04863496666166921,0.004545805656940476,0.06705055128180021,0.04992541368900548,0.06411698520874935,0.007668789359377342,0.047515367475526406,0.02063566190022637,6.365671576527086,0.9908820936187336,1.0,1.0,0.008062317967414856,0.057491447776556015,0.01817540917545557,ok,
