scene_id,panorama_id,frame_id,camera_index,yaw_index,rgb_path,depth_path,height,width,process_height,process_width,focal_scale,gt_valid_pixels,gt_valid_fraction,camera_x,camera_y,camera_z,camera_in_bim_aabb,bim_hit_pixels,bim_hit_fraction,three_rule_pass,filter_reasons,deterministic_scale,deterministic_scale_support,learned_scale,learned_log_scale,oracle_frame_scale,scale_abs_log_error,confidence_source,round_1_log_scale,round_2_log_scale,round_3_log_scale,raw_abs_rel,raw_sq_rel,raw_rmse_m,raw_mae_m,raw_rmse_log,raw_mean_log_error,raw_mean_abs_log_error,raw_log10_error,raw_silog_x100,raw_delta1,raw_delta2,raw_delta3,scale_abs_rel,scale_sq_rel,scale_rmse_m,scale_mae_m,scale_rmse_log,scale_mean_log_error,scale_mean_abs_log_error,scale_log10_error,scale_silog_x100,scale_delta1,scale_delta2,scale_delta3,scale_low_abs_rel,scale_low_sq_rel,scale_low_rmse_m,scale_low_mae_m,scale_low_rmse_log,scale_low_mean_log_error,scale_low_mean_abs_log_error,scale_low_log10_error,scale_low_silog_x100,scale_low_delta1,scale_low_delta2,scale_low_delta3,final_abs_rel,final_sq_rel,final_rmse_m,final_mae_m,final_rmse_log,final_mean_log_error,final_mean_abs_log_error,final_log10_error,final_silog_x100,final_delta1,final_delta2,final_delta3,oracle_frame_scale_abs_rel,oracle_frame_scale_sq_rel,oracle_frame_scale_rmse_m,oracle_frame_scale_mae_m,oracle_frame_scale_rmse_log,oracle_frame_scale_mean_log_error,oracle_frame_scale_mean_abs_log_error,oracle_frame_scale_log10_error,oracle_frame_scale_silog_x100,oracle_frame_scale_delta1,oracle_frame_scale_delta2,oracle_frame_scale_delta3,bim_render_seconds,da3_inference_seconds,model_inference_seconds,status,error
759xd9YjKW5,013de08029c64d4caa3807ff21822447,013de08029c64d4caa3807ff21822447_i0_0,0,0,/home/bgao491/Matterport3D/v1/scans/759xd9YjKW5/undistorted_color_images/013de08029c64d4caa3807ff21822447_i0_0.jpg,/home/bgao491/Matterport3D/v1/scans/759xd9YjKW5/undistorted_depth_images/013de08029c64d4caa3807ff21822447_d0_0.png,1024,1280,406,504,1.4155678118069965,1168765,0.8916969299316406,-6.383389949798584,-13.631799697875977,1.5737500190734863,True,95002,0.4642759402611619,True,,1.0,95002,1.0618988275527954,0.060058652323837745,1.1300445224736297,0.062198380043376696,log-depth Laplacian fallback,,,,0.11655454905682693,0.02535675337933058,0.2137702052035813,0.19984751248786736,0.12971933445501865,-0.12303183066710716,0.12426580886119279,0.05396795507766021,4.111294655158227,0.9961104242512395,0.9993317732820541,0.9998716594011627,0.0639954523910709,0.009251756721048755,0.1277511813159851,0.10925700407255894,0.07520568846829338,-0.06297317847676838,0.06630097313960628,0.028794146779346736,4.111294650743331,0.998769641459147,0.999141829195775,0.9997578640701937,0.0639954523910709,0.009251756721048755,0.1277511813159851,0.10925700407255894,0.07520568846829338,-0.06297317847676838,0.06630097313960628,0.028794146779346736,4.111294650743331,0.998769641459147,0.999141829195775,0.9997578640701937,0.06261890895265454,0.01119023916812854,0.14657616149821345,0.11527874420605234,0.07934283995474624,-0.04390671925901128,0.06485673581567857,0.028166922479006214,6.608695980293573,0.9987088935756975,0.999141829195775,0.9996817153148837,0.026821732784831392,0.00362028542894304,0.08057548354801475,0.04943380237647161,0.04112024573516984,-0.0007747478161691758,0.02654064756744527,0.011526456784680448,4.111294656360809,0.9986584129401548,0.9989869648731781,0.999620967431434,0.02837271010503173,0.4593629939481616,0.1343867110554129,ok,
759xd9YjKW5,013de08029c64d4caa3807ff21822447,013de08029c64d4caa3807ff21822447_i1_0,1,0,/home/bgao491/Matterport3D/v1/scans/759xd9YjKW5/undistorted_color_images/013de08029c64d4caa3807ff21822447_i1_0.jpg,/home/bgao491/Matterport3D/v1/scans/759xd9YjKW5/undistorted_depth_images/013de08029c64d4caa3807ff21822447_d1_0.png,1024,1280,406,504,1.4121168655554452,1207296,0.92109375,-6.374410152435303,-13.636699676513672,1.60725998878479,True,204624,1.0,True,,1.0,204624,0.9605173468589783,-0.040283236698214986,0.888053177148513,0.07844041690848438,log-depth Laplacian fallback,,,,0.1208589010513384,0.06612531973482814,0.2937635585662364,0.15279394158024334,0.1534758055264261,0.09349155677216262,0.10632197804936126,0.04617504837187628,12.171339981408314,0.9855014843087362,0.9919423240033927,0.9930249085559797,0.10320771237133558,0.05576957587821321,0.2869468787241766,0.16422285260290992,0.13283552615597893,0.053208320030142905,0.09315939249763636,0.040458610099182675,12.17133997910898,0.9856919926844784,0.9921485700275657,0.99318394163486,0.10320771237133558,0.05576957587821321,0.2869468787241766,0.16422285260290992,0.13283552615597893,0.053208320030142905,0.09315939249763636,0.040458610099182675,12.17133997910898,0.9856919926844784,0.9921485700275657,0.99318394163486,0.09755432014898635,0.05582596485346519,0.284902369963159,0.15289087930873535,0.12964068914615348,0.05092801101053417,0.08783800952879064,0.038147562839719026,11.921848001379864,0.9855826574427481,0.9921402870547074,0.9931450116624257,0.07743531555771302,0.055807451284033895,0.35484256531390457,0.20271864798686415,0.12430128841293969,-0.025232094955475265,0.07437039215348934,0.03229865092924133,12.171339977699535,0.988523112807464,0.9925155057251909,0.9935351396840543,0.010760366916656494,0.27819960098713636,0.07395644788630307,ok,
759xd9YjKW5,013de08029c64d4caa3807ff21822447,013de08029c64d4caa3807ff21822447_i1_1,1,1,/home/bgao491/Matterport3D/v1/scans/759xd9YjKW5/undistorted_color_images/013de08029c64d4caa3807ff21822447_i1_1.jpg,/home/bgao491/Matterport3D/v1/scans/759xd9YjKW5/undistorted_depth_images/013de08029c64d4caa3807ff21822447_d1_1.png,1024,1280,406,504,1.4121168655554452,1117456,0.85255126953125,-6.371419906616211,-13.634900093078613,1.607300043106079,True,101967,0.49831398076471967,True,,1.0,101967,0.9577075242996216,-0.04321284585013209,1.014174453972478,0.05728778155877113,log-depth Laplacian fallback,,,,0.04051656579137402,0.015609738908390354,0.2433514375503746,0.14007042188323415,0.06617501824399537,-0.01778266757436398,0.041007760656773785,0.017809444168446115,6.374095836691494,0.9912390286507925,0.9978612133274152,0.9994469580905199,0.06677896171819858,0.024541890991058232,0.3108581962655348,0.23351509505279988,0.08822336678611396,-0.06099551356647877,0.06954850858974437,0.030204533505126883,6.3740958353626125,0.9928489354390687,0.9978522644292035,0.9996787345542016,0.06677896171819858,0.024541890991058232,0.3108581962655348,0.23351509505279988,0.08822336678611396,-0.06099551356647877,0.06954850858974437,0.030204533505126883,6.3740958353626125,0.9928489354390687,0.9978522644292035,0.9996787345542016,0.0664087044211867,0.02671984518093865,0.31571281008401214,0.2289476566712969,0.09334047175291207,-0.053319743731857966,0.06929534757250463,0.03009458707230666,7.661232665456108,0.9772921707879326,0.9977502469895907,0.9994675405564067,0.03740444437080182,0.015506637108637715,0.24311004333013936,0.1313241860146667,0.06384870399990858,-0.003707724570253035,0.03735591928919514,0.0162234696137207,6.374095842532558,0.9906788276227431,0.9978674775561633,0.9993995289299982,0.021173507906496525,0.275095788994804,0.0710134080145508,ok,
759xd9YjKW5,013de08029c64d4caa3807ff21822447,013de08029c64d4caa3807ff21822447_i1_5,1,5,/home/bgao491/Matterport3D/v1/scans/759xd9YjKW5/undistorted_color_images/013de08029c64d4caa3807ff21822447_i1_5.jpg,/home/bgao491/Matterport3D/v1/scans/759xd9YjKW5/undistorted_depth_images/013de08029c64d4caa3807ff21822447_d1_5.png,1024,1280,406,504,1.4121168655554452,1305329,0.9958869934082031,-6.374330043792725,-13.640199661254883,1.607300043106079,True,62251,0.3042214012041598,True,,1.0,62251,1.0009387731552124,0.0009383327832786116,0.9339861391266374,0.06923201398219789,log-depth Laplacian fallback,,,,0.06313703807606083,0.006351610654567403,0.09324853242237759,0.08440284544987502,0.06839109549663863,0.05581249026779139,0.06083437410923451,0.026420032985678615,3.9526040445989987,0.9995349831345202,1.0,1.0,0.06388376533902547,0.006497638344269962,0.09422532088310709,0.08530677550745855,0.06915897469492029,0.05675082290910589,0.06152150816609889,0.02671845151490259,3.952604053016097,0.999536515315296,1.0,1.0,0.06388376533902547,0.006497638344269962,0.09422532088310709,0.08530677550745855,0.06915897469492029,0.05675082290910589,0.06152150816609889,0.02671845151490259,3.952604053016097,0.999536515315296,1.0,1.0,0.06959673705972125,0.007372978355362367,0.09969473237448553,0.09255678685325568,0.07434016399498249,0.062477803017145006,0.06683179703712085,0.029024680668899686,4.028627698052671,0.9995311526825804,1.0,1.0,0.030008216460567113,0.00395100598879706,0.1025062399373986,0.0628764698897568,0.04144982889120919,-0.012481203519276349,0.030598202175046947,0.013288630360782969,3.952604045209846,0.9996927977544359,1.0,1.0,0.018316627945750952,0.26813028496690094,0.07051838701590896,ok,
759xd9YjKW5,013de08029c64d4caa3807ff21822447,013de08029c64d4caa3807ff21822447_i2_0,2,0,/home/bgao491/Matterport3D/v1/scans/759xd9YjKW5/undistorted_color_images/013de08029c64d4caa3807ff21822447_i2_0.jpg,/home/bgao491/Matterport3D/v1/scans/759xd9YjKW5/undistorted_depth_images/013de08029c64d4caa3807ff21822447_d2_0.png,1024,1280,406,504,1.4165615917841592,1225524,0.9350006103515625,-6.384799957275391,-13.630999565124512,1.6402299404144287,True,145023,0.7087291813277035,True,,1.0,145023,1.0510658025741577,0.049804699425081325,1.0422239069894506,0.008447897230075774,log-depth Laplacian fallback,,,,0.054188804112066065,0.011800722029057645,0.13359873843467202,0.08771152979912504,0.07387301654672836,-0.04336636339952792,0.054123552021515746,0.023505559983947866,5.980452406978327,0.9888366119308964,0.9979665840897445,0.9986903561252166,0.02883584431267247,0.010050994084463537,0.11858230044247747,0.04578476749428482,0.06015008939321656,0.006438335959616429,0.026972817632067117,0.011714145858989493,5.980452394328588,0.9870022945287077,0.9975920504208812,0.9985916228486753,0.02883584431267247,0.010050994084463537,0.11858230044247747,0.04578476749428482,0.06015008939321656,0.006438335959616429,0.026972817632067117,0.011714145858989493,5.980452394328588,0.9870022945287077,0.9975920504208812,0.9985916228486753,0.04185963069098341,0.01198879265748766,0.12815988392484637,0.061652761173044565,0.0694677926885832,0.018435989134634526,0.039427754664246084,0.01712325628451728,6.697677601715099,0.9864661973164133,0.9975969462858336,0.9985679595014051,0.027971718833878174,0.009747096273847464,0.11587297531671531,0.0428291421091037,0.05983827659211252,-0.0020095387769641215,0.026347805216414624,0.011442706415750584,5.980452407149512,0.9872838067634743,0.9976524327552949,0.9986022305560723,0.010910977143794298,0.2683561691083014,0.07414436712861061,ok,
759xd9YjKW5,013de08029c64d4caa3807ff21822447,013de08029c64d4caa3807ff21822447_i2_5,2,5,/home/bgao491/Matterport3D/v1/scans/759xd9YjKW5/undistorted_color_images/013de08029c64d4caa3807ff21822447_i2_5.jpg,/home/bgao491/Matterport3D/v1/scans/759xd9YjKW5/undistorted_depth_images/013de08029c64d4caa3807ff21822447_d2_5.png,1024,1280,406,504,1.4165615917841592,1233108,0.9407867431640625,-6.384479999542236,-13.645600318908691,1.6404099464416504,True,65859,0.3218537414965986,True,,1.0,65859,1.0268431901931763,0.02648923203749067,0.9964088948133394,0.03008680072108667,log-depth Laplacian fallback,,,,0.026424152688847766,0.003306461142102104,0.07057579888134778,0.04195783863155925,0.04563992130738383,0.005203392572463297,0.025663869328052123,0.011145676833459153,4.534233256771229,0.9897843497893128,1.0,1.0,0.03790324392223787,0.005286430055234314,0.0950889757654096,0.0642686679786686,0.055320426440239864,0.03169262458619575,0.03632250488439467,0.015774663440196512,4.534233263042882,0.9888476921729483,0.9999967561640992,1.0,0.03790324392223787,0.005286430055234314,0.0950889757654096,0.0642686679786686,0.055320426440239864,0.03169262458619575,0.03632250488439467,0.015774663440196512,4.534233263042882,0.9888476921729483,0.9999967561640992,1.0,0.051405087359365186,0.00742093254904821,0.10836265310068378,0.08108070018607581,0.06783113074265135,0.04283447096021335,0.049045538258476566,0.02130020662763119,5.2595345757826335,0.9825862779253723,0.9984299834239986,1.0,0.026126644628930103,0.0032351905435065243,0.06940033621938378,0.04115404767535274,0.04537075868085534,0.0016058087797105596,0.025460770259720263,0.011057472028802938,4.53423325540208,0.9899303224048502,1.0,1.0,0.011697181034833193,0.27459370414726436,0.07389903604052961,ok,
759xd9YjKW5,03bb2fc19b214b91a81c958303f98892,03bb2fc19b214b91a81c958303f98892_i0_0,0,0,/home/bgao491/Matterport3D/v1/scans/759xd9YjKW5/undistorted_color_images/03bb2fc19b214b91a81c958303f98892_i0_0.jpg,/home/bgao491/Matterport3D/v1/scans/759xd9YjKW5/undistorted_depth_images/03bb2fc19b214b91a81c958303f98892_d0_0.png,1024,1280,406,504,1.4155678118069965,1239409,0.9455940246582031,-8.204360008239746,-3.7431600093841553,1.5707900524139404,True,120351,0.5881568144499179,True,,1.0,120351,0.924397349357605,-0.07861326800531607,0.9625820850667597,0.04047733473495795,log-depth Laplacian fallback,,,,0.04995287065369969,0.008254497069623097,0.13534518887385588,0.1011127684740489,0.06036836367811804,0.04310327650349838,0.04839246544243935,0.021016580707345214,4.226638011276204,0.9958681920173243,1.0,1.0,0.043844632384604475,0.005802125367623238,0.11888961833567625,0.08636927940058392,0.055203318627908615,-0.03550999153492697,0.04513302179971169,0.019601022319233958,4.226638012325893,0.9964047380646743,0.9994981479075914,1.0,0.043844632384604475,0.005802125367623238,0.11888961833567625,0.08636927940058392,0.055203318627908615,-0.03550999153492697,0.04513302179971169,0.019601022319233958,4.226638012325893,0.9964047380646743,0.9994981479075914,1.0,0.04403520401568056,0.005786071708216856,0.11478551724890627,0.08077007987350887,0.059606829996496774,-0.037678077645379726,0.04561866433836606,0.01981193419394903,4.618805740859864,0.9965774010032201,0.9994916932183,1.0,0.03048771150437978,0.003984369672634413,0.09908341138042497,0.06272778122915931,0.04255727505927859,0.004967370534246768,0.030354251862386168,0.013182684086135826,4.226638014363889,0.9961376752952416,0.9997555286430871,1.0,0.011718559078872204,0.28018422704190016,0.0750048360787332,ok,
759xd9YjKW5,03bb2fc19b214b91a81c958303f98892,03bb2fc19b214b91a81c958303f98892_i0_1,0,1,/home/bgao491/Matterport3D/v1/scans/759xd9YjKW5/undistorted_color_images/03bb2fc19b214b91a81c958303f98892_i0_1.jpg,/home/bgao491/Matterport3D/v1/scans/759xd9YjKW5/undistorted_depth_images/03bb2fc19b214b91a81c958303f98892_d0_1.png,1024,1280,406,504,1.4155678118069965,1208895,0.9223136901855469,-8.191080093383789,-3.7490999698638916,1.5705499649047852,True,94966,0.4641000078192196,True,,1.0,94966,0.9248487949371338,-0.07812501976438847,1.1873661367422608,0.24986254338300146,log-depth Laplacian fallback,,,,0.18050195274790387,0.09861736996448427,0.47472653157442485,0.3637973295444141,0.24923140382111744,-0.2035789236046525,0.20682320836343931,0.08982217812176822,14.37773087612088,0.5502942770050335,0.9481129461202172,0.9984936657029767,0.24163550558482141,0.14371821245046218,0.5698223947599211,0.46161222864470086,0.31627365731935586,-0.28170394352770417,0.2844766413138517,0.12354663555297649,14.377730876289696,0.4693658258161379,0.8276028935515491,0.9986103011427792,0.24163550558482141,0.14371821245046218,0.5698223947599211,0.46161222864470086,0.31627365731935586,-0.28170394352770417,0.2844766413138517,0.12354663555297649,14.377730876289696,0.4693658258161379,0.8276028935515491,0.9986103011427792,0.25519642529859904,0.14742862376046384,0.5687166995276329,0.47149161483201946,0.3273389316645944,-0.29824284031213977,0.30107488340339084,0.13075516050175762,13.491473005519254,0.421129213041662,0.8128902841024241,0.998568113856042,0.11943173444462576,0.037898572144806394,0.2721088796688696,0.21051804390956044,0.14726095797200345,-0.03184140740341599,0.12314593713509309,0.053481600966575615,14.377730877089698,0.8658022408894073,0.9975688542015643,0.998447342407736,0.01166636892594397,0.2668777701910585,0.07407478289678693,ok,
759xd9YjKW5,03bb2fc19b214b91a81c958303f98892,03bb2fc19b214b91a81c958303f98892_i0_5,0,5,/home/bgao491/Matterport3D/v1/scans/759xd9YjKW5/undistorted_color_images/03bb2fc19b214b91a81c958303f98892_i0_5.jpg,/home/bgao491/Matterport3D/v1/scans/759xd9YjKW5/undistorted_depth_images/03bb2fc19b214b91a81c958303f98892_d0_5.png,1024,1280,406,504,1.4155678118069965,1258031,0.9598014831542969,-8.216139793395996,-3.751689910888672,1.5712699890136719,True,47231,0.23081847681601375,True,,1.0,47231,0.9605173468589783,-0.040283236698214986,1.0429941346652714,0.08237878917780855,log-depth Laplacian fallback,,,,0.09712395468223987,0.049425466883139084,0.36075622063849244,0.2693181723092984,0.13820559120555362,-0.03842657069684765,0.09669618328210058,0.041994618820521745,13.275610759945009,0.8800975492654791,0.9911512514397499,1.0,0.12212684320456248,0.061444871106312506,0.4241879911864912,0.3569164534711758,0.1543354069806035,-0.07870980734889263,0.1260787674997979,0.054755313010325275,13.275610748650596,0.8255464293010267,0.9885956705359407,1.0,0.12212684320456248,0.061444871106312506,0.4241879911864912,0.3569164534711758,0.1543354069806035,-0.07870980734889263,0.1260787674997979,0.054755313010325275,13.275610748650596,0.8255464293010267,0.9885956705359407,1.0,0.11206961405950305,0.05566109411610602,0.4038629919671922,0.3267739899967635,0.14791864506113492,-0.06999576020338333,0.11616120829776985,0.05044817177493567,13.030932088792598,0.8412710020659269,0.9887808805983318,1.0,0.08685916008652432,0.04633981472769675,0.3282859230088156,0.22281629237039727,0.13280679795106753,0.003668988379194044,0.08265604810869973,0.03589706558953803,13.275610760446774,0.9097001584221692,0.9927004978414682,0.9996383236979057,0.012614869978278875,0.26989275799132884,0.07392765604890883,ok,
759xd9YjKW5,03bb2fc19b214b91a81c958303f98892,03bb2fc19b214b91a81c958303f98892_i1_0,1,0,/home/bgao491/Matterport3D/v1/scans/759xd9YjKW5/undistorted_color_images/03bb2fc19b214b91a81c958303f98892_i1_0.jpg,/home/bgao491/Matterport3D/v1/scans/759xd9YjKW5/undistorted_depth_images/03bb2fc19b214b91a81c958303f98892_d1_0.png,1024,1280,406,504,1.4121168655554452,1191344,0.90892333984375,-8.202329635620117,-3.7535300254821777,1.604200005531311,True,204624,1.0,True,,1.0,204624,1.0012444257736206,0.0012436521176393592,0.9910319685151947,0.01025213844529588,log-depth Laplacian fallback,,,,0.05506737526796579,0.043399896710487565,0.4170631144781235,0.12829316368417576,0.12983131995093083,-0.008961062856587317,0.05772301244829767,0.025068785785128396,12.952170085619343,0.9736826642850428,0.9807939604346015,0.9862726466914677,0.05539255777387983,0.043446905013399865,0.41691544465654334,0.12888484697346025,0.1297514139672879,-0.0077174107124337605,0.057979510957479684,0.02518018167228256,12.952170087829346,0.9736625189701715,0.9812027424488645,0.9862650921983911,0.05539255777387983,0.043446905013399865,0.41691544465654334,0.12888484697346025,0.1297514139672879,-0.0077174107124337605,0.057979510957479684,0.02518018167228256,12.952170087829346,0.9736625189701715,0.9812027424488645,0.9862650921983911,0.065579516931763,0.04401333317278706,0.409699269857076,0.14183332565698836,0.13152558904219214,-0.010617184952622491,0.06778636296090759,0.02943924338221313,13.109636133996021,0.9735676681126526,0.9845854765709988,0.9863649793846277,0.053590633744774796,0.043240758856440575,0.41861531254865075,0.12564811773903287,0.13076229024546393,-0.01796957322169241,0.056734436882542816,0.024639452871976674,12.952170083993334,0.9738606145664057,0.9781213486616795,0.986332243247962,0.011205428978428245,0.2693892668467015,0.07367800013162196,ok,
759xd9YjKW5,03bb2fc19b214b91a81c958303f98892,03bb2fc19b214b91a81c958303f98892_i1_1,1,1,/home/bgao491/Matterport3D/v1/scans/759xd9YjKW5/undistorted_color_images/03bb2fc19b214b91a81c958303f98892_i1_1.jpg,/home/bgao491/Matterport3D/v1/scans/759xd9YjKW5/undistorted_depth_images/03bb2fc19b214b91a81c958303f98892_d1_1.png,1024,1280,406,504,1.4121168655554452,968302,0.7387557983398437,-8.199130058288574,-3.754960060119629,1.604140043258667,True,163024,0.7967002893111268,True,,1.0,163024,0.9675782322883606,-0.03295899710084614,1.0422137619420209,0.07430606521017383,log-depth Laplacian fallback,,,,0.05674408092447868,0.03751051797534377,0.2526402626106871,0.09774433388663703,0.11414733166475012,-0.03578598897468569,0.05203645558491634,0.022599145518332822,10.839269495351678,0.9858928309556316,0.9877713771116863,0.993522681973186,0.08644912245890368,0.041199766524870104,0.2792226867197303,0.1432961664407105,0.12835439004428525,-0.06874498622161818,0.08409992552105056,0.036524133582266735,10.83926949246583,0.9858566852077141,0.9878064901239489,0.9935929079977115,0.08644912245890368,0.041199766524870104,0.2792226867197303,0.1432961664407105,0.12835439004428525,-0.06874498622161818,0.08409992552105056,0.036524133582266735,10.83926949246583,0.9858566852077141,0.9878064901239489,0.9935929079977115,0.11046230217161276,0.04427410724226812,0.26389808356359934,0.14080843690263817,0.14750694971644693,-0.09372754237352493,0.10977258390964614,0.047673627456221,11.390104483835735,0.9858391287015827,0.9877610497551383,0.993508223674019,0.041404898275369854,0.03719436878938912,0.23486679889709852,0.05707717063135438,0.10853525830230445,0.005561113309724891,0.03480908143226322,0.015117391986152862,10.839269492684618,0.985991973578491,0.9877269694785304,0.993316134842229,0.011605940060690045,0.26938010612502694,0.07506237411871552,ok,
759xd9YjKW5,03bb2fc19b214b91a81c958303f98892,03bb2fc19b214b91a81c958303f98892_i1_3,1,3,/home/bgao491/Matterport3D/v1/scans/759xd9YjKW5/undistorted_color_images/03bb2fc19b214b91a81c958303f98892_i1_3.jpg,/home/bgao491/Matterport3D/v1/scans/759xd9YjKW5/undistorted_depth_images/03bb2fc19b214b91a81c958303f98892_d1_3.png,1024,1280,406,504,1.4121168655554452,1154410,0.8807449340820312,-8.201600074768066,-3.760499954223633,1.6043100357055664,True,85966,0.4201168973336461,True,,1.0,85966,0.9572399258613586,-0.04370121272152298,0.9740863437161489,0.017445882032076233,log-depth Laplacian fallback,,,,0.0809710573371914,0.0598442823371842,0.4724836087167506,0.31561934176986267,0.11059954892570423,0.02299807834676693,0.07615643919980378,0.03307432130587527,10.818201613449997,0.9690248698469348,0.9920652108003223,0.9975372701206677,0.07766540988428826,0.05831706397292448,0.4929657305613853,0.31787682426150216,0.11014521498253704,-0.020703134541522308,0.07623306891680867,0.0331076011691203,10.818201608264161,0.9806351296333192,0.9937249330827003,0.9977633596382568,0.07766540988428826,0.05831706397292448,0.4929657305613853,0.31787682426150216,0.11014521498253704,-0.020703134541522308,0.07623306891680867,0.0331076011691203,10.818201608264161,0.9806351296333192,0.9937249330827003,0.9977633596382568,0.07428230861262951,0.05489590410624107,0.47249147235203154,0.30178048851458195,0.10613170430731571,-0.01790108476226542,0.07281050184070265,0.03162119917402372,10.461113623085108,0.9814130161727636,0.9940272520161815,0.9977434360409213,0.07598753758335906,0.056862152124991946,0.4744384983289002,0.3025360744528256,0.10823104130811405,-0.0032572517953535223,0.07322356945754264,0.031800592160670244,10.81820161273599,0.9787120693687684,0.9929661038972288,0.9976862639790023,0.012013136874884367,0.2553159990347922,0.07378543401136994,ok,
759xd9YjKW5,03bb2fc19b214b91a81c958303f98892,03bb2fc19b214b91a81c958303f98892_i1_4,1,4,/home/bgao491/Matterport3D/v1/scans/759xd9YjKW5/undistorted_color_images/03bb2fc19b214b91a81c958303f98892_i1_4.jpg,/home/bgao491/Matterport3D/v1/scans/759xd9YjKW5/undistorted_depth_images/03bb2fc19b214b91a81c958303f98892_d1_4.png,1024,1280,406,504,1.4121168655554452,1140267,0.8699546813964844,-8.20479965209961,-3.7590699195861816,1.6043699979782104,True,158657,0.7753587067010712,True,,1.0,158657,0.9944307804107666,-0.005584785512916634,1.0386231479015207,0.04348072529278797,log-depth Laplacian fallback,,,,0.06846941388396664,0.07889292341538906,0.533039076660258,0.2932741652065981,0.11053612651564244,-0.02511977486028826,0.06480715791531484,0.02814539107045388,10.764400668894922,0.9789014327346139,0.9890367782282571,0.9932243939358063,0.07099700040049865,0.07949800488528572,0.5381191340089451,0.30756735598461166,0.11193749238928564,-0.03070456039792711,0.06772402618073917,0.029412170862566357,10.764400667557588,0.9791478662453619,0.9891244769865304,0.993323493532655,0.07099700040049865,0.07949800488528572,0.5381191340089451,0.30756735598461166,0.11193749238928564,-0.03070456039792711,0.06772402618073917,0.029412170862566357,10.764400667557588,0.9791478662453619,0.9891244769865304,0.993323493532655,0.06692376061343956,0.07800999779841157,0.5276652475063756,0.2854129485825917,0.1097189348826264,-0.02817368537105649,0.06330535353868001,0.02749316571678323,10.604003076381453,0.9794504269614046,0.9891621874525879,0.9929192022570152,0.060853911257232794,0.08241806718578153,0.5335789102519494,0.23881165100544446,0.10839954457105076,0.012776113569805386,0.05479931270591056,0.023799039120267717,10.764400673173894,0.9760591159789769,0.9881580366703587,0.9925105260434618,0.01976070087403059,0.2785411940421909,0.07074145483784378,ok,
759xd9YjKW5,03bb2fc19b214b91a81c958303f98892,03bb2fc19b214b91a81c958303f98892_i1_5,1,5,/home/bgao491/Matterport3D/v1/scans/759xd9YjKW5/undistorted_color_images/03bb2fc19b214b91a81c958303f98892_i1_5.jpg,/home/bgao491/Matterport3D/v1/scans/759xd9YjKW5/undistorted_depth_images/03bb2fc19b214b91a81c958303f98892_d1_5.png,1024,1280,406,504,1.4121168655554452,1224927,0.9345451354980469,-8.205160140991211,-3.7555899620056152,1.6043100357055664,True,178766,0.8736316365626711,True,,1.0,178766,0.9987724423408508,-0.0012283117252219957,1.0290576771072812,0.029871818616876305,log-depth Laplacian fallback,,,,0.039089097172740145,0.016607143698192297,0.2089624963901519,0.14408339298671843,0.0656984395772018,-0.017816362531816995,0.03765965618532206,0.016355380871659046,6.323655737794478,0.9905194350357205,0.9966169412544584,0.9981590739693059,0.03993723661475871,0.016786770693113743,0.21127340747273857,0.14792972539238872,0.06604212145699971,-0.01904467449762784,0.038556328681779356,0.016744800788944855,6.323655730525268,0.9905545391684566,0.9966340851332365,0.9981615230948456,0.03993723661475871,0.016786770693113743,0.21127340747273857,0.14792972539238872,0.06604212145699971,-0.01904467449762784,0.038556328681779356,0.016744800788944855,6.323655730525268,0.9905545391684566,0.9966340851332365,0.9981615230948456,0.04596552434332857,0.02138621829405859,0.2533459857050494,0.17558067323831952,0.07371890566234278,-0.020059595943518704,0.044867980173241354,0.019485916203383236,7.0937223392490925,0.990738223583936,0.9965067306051708,0.9981394809649882,0.02694968300083739,0.015796007582469056,0.18740251060448881,0.08470988565948935,0.06415674620977369,0.010827090717051282,0.02461824213878114,0.010691566715030755,6.3236557392303165,0.9892752792615397,0.996227530293642,0.9981394809649882,0.0185362808406353,0.3889346159994602,0.07044819579459727,ok,
759xd9YjKW5,03bb2fc19b214b91a81c958303f98892,03bb2fc19b214b91a81c958303f98892_i2_0,2,0,/home/bgao491/Matterport3D/v1/scans/759xd9YjKW5/undistorted_color_images/03bb2fc19b214b91a81c958303f98892_i2_0.jpg,/home/bgao491/Matterport3D/v1/scans/759xd9YjKW5/undistorted_depth_images/03bb2fc19b214b91a81c958303f98892_d2_0.png,1024,1280,406,504,1.4165615917841592,1224545,0.9342536926269531,-8.202569961547852,-3.7419300079345703,1.6372599601745605,True,204624,1.0,True,,1.0,204624,0.9799402952194214,-0.020263632418904127,0.9816447803542556,0.0017378655507183753,log-depth Laplacian fallback,,,,0.03342336375875325,0.008621436384607974,0.1371073512949024,0.062227316275929874,0.05474107025284363,0.020542434357762266,0.03221474709663878,0.013990686899979019,5.07404489838609,0.9928218236161186,0.9980311054309968,0.999228284791494,0.027967496727110006,0.0071596276211585,0.12360168263286334,0.0499589903788465,0.05074121506716035,0.0002788017507427268,0.027360517007457157,0.01188252155835871,5.074044911188316,0.9934849270545386,0.9981078686369222,0.9992201184929913,0.027967496727110006,0.0071596276211585,0.12360168263286334,0.0499589903788465,0.05074121506716035,0.0002788017507427268,0.027360517007457157,0.01188252155835871,5.074044911188316,0.9934849270545386,0.9981078686369222,0.9992201184929913,0.03669259594949261,0.008831131562414725,0.13540340116526842,0.06311045707062363,0.0601313386380156,0.004205002697165209,0.03598087411974772,0.015626295084261946,5.998412989046804,0.9922232339358701,0.9981054187473715,0.9992576834661038,0.02797745762066469,0.007226690888697859,0.12437124524993735,0.050236801233767434,0.050780510343470815,0.0020166969179763535,0.027321875749225604,0.01186573987313496,5.0740448995691505,0.993413880257565,0.9981021522279704,0.9992176686034404,0.010177502874284983,0.26775701995939016,0.07078871596604586,ok,
759xd9YjKW5,03bb2fc19b214b91a81c958303f98892,03bb2fc19b214b91a81c958303f98892_i2_1,2,1,/home/bgao491/Matterport3D/v1/scans/759xd9YjKW5/undistorted_color_images/03bb2fc19b214b91a81c958303f98892_i2_1.jpg,/home/bgao491/Matterport3D/v1/scans/759xd9YjKW5/undistorted_depth_images/03bb2fc19b214b91a81c958303f98892_d2_1.png,1024,1280,406,504,1.4165615917841592,1170496,0.893017578125,-8.189290046691895,-3.7478699684143066,1.6370099782943726,True,105798,0.5170361247947455,True,,1.0,105798,0.9484003782272339,-0.05297852598536316,1.011831921408021,0.06474099749170543,log-depth Laplacian fallback,,,,0.03172884226618703,0.0074447434787142915,0.09719252096961525,0.049513076474162226,0.0561190325627414,-0.0012849312603993221,0.03035177665038167,0.013181609115220715,5.610432039900385,0.9960896918913008,0.9977479632566023,0.998193073705506,0.05984350855569272,0.01284383083385092,0.15243135771979469,0.11346128717114966,0.07805265888535796,-0.05426345727958877,0.06070459780653573,0.026363671853534706,5.610432036073777,0.9961435152277325,0.9978445035267101,0.9983852999070479,0.05984350855569272,0.01284383083385092,0.15243135771979469,0.11346128717114966,0.07805265888535796,-0.05426345727958877,0.06070459780653573,0.026363671853534706,5.610432036073777,0.9961435152277325,0.9978445035267101,0.9983852999070479,0.06694225535694595,0.012294247783977587,0.1386505353399958,0.11078708146806882,0.0818370695016029,-0.06293545016369481,0.06806608108208681,0.029560723418729618,5.231094586511765,0.99620844496692,0.9978393774946689,0.9983306222319427,0.030652523056217962,0.007485101077929508,0.09398812527519766,0.0415569904615624,0.05707427402877664,0.010477498930042566,0.028910824366171033,0.012555811489502158,5.610432044043351,0.9960495379736454,0.997732585160479,0.9981589001585652,0.012367564020678401,0.27931337617337704,0.07429620111361146,ok,
759xd9YjKW5,03bb2fc19b214b91a81c958303f98892,03bb2fc19b214b91a81c958303f98892_i2_3,2,3,/home/bgao491/Matterport3D/v1/scans/759xd9YjKW5/undistorted_color_images/03bb2fc19b214b91a81c958303f98892_i2_3.jpg,/home/bgao491/Matterport3D/v1/scans/759xd9YjKW5/undistorted_depth_images/03bb2fc19b214b91a81c958303f98892_d2_3.png,1024,1280,406,504,1.4165615917841592,1258695,0.9603080749511719,-8.199569702148438,-3.7708699703216553,1.637719988822937,True,129290,0.6318418171866448,True,,1.0,129290,1.0738916397094727,0.07128909687126007,1.1506377009001525,0.06902721433497076,log-depth Laplacian fallback,,,,0.13238530557086906,0.042426998130953714,0.339264629901431,0.2884077496930739,0.14895689082607136,-0.13599971388902898,0.1420061985480849,0.06167250842549083,6.076374862261543,0.9849145344980317,0.9979685308990661,0.999302452142894,0.07220208316758997,0.017170545338140733,0.2194403766688064,0.15688824516506322,0.08876765794518807,-0.0647106170730068,0.07452158118583056,0.032364311491711414,6.07637485274287,0.9871120485900079,0.997630879601492,0.9993938166116494,0.07220208316758997,0.017170545338140733,0.2194403766688064,0.15688824516506322,0.08876765794518807,-0.0647106170730068,0.07452158118583056,0.032364311491711414,6.07637485274287,0.9871120485900079,0.997630879601492,0.9993938166116494,0.07281423103295291,0.01729555686512108,0.21263033422597333,0.154133297919458,0.09075017781200329,-0.05995178890223799,0.0750199673324366,0.03258075784503943,6.812765796893144,0.9868864180758643,0.9972829001465804,0.9994097060844764,0.031190423982746525,0.0101816562666671,0.16509280888708097,0.06810058416536878,0.060916881875054216,0.004316636397742557,0.03022583660396498,0.01312691404801132,6.076374863015771,0.9846356742499176,0.9965511899228964,0.9994621413448055,0.011960262898355722,0.26650821208022535,0.07442546682432294,ok,
759xd9YjKW5,03bb2fc19b214b91a81c958303f98892,03bb2fc19b214b91a81c958303f98892_i2_4,2,4,/home/bgao491/Matterport3D/v1/scans/759xd9YjKW5/undistorted_color_images/03bb2fc19b214b91a81c958303f98892_i2_4.jpg,/home/bgao491/Matterport3D/v1/scans/759xd9YjKW5/undistorted_depth_images/03bb2fc19b214b91a81c958303f98892_d2_4.png,1024,1280,406,504,1.4165615917841592,1247857,0.9520393371582031,-8.212849617004395,-3.764930009841919,1.6379599571228027,True,204624,1.0,True,,1.0,204624,1.071796178817749,0.0693359128714262,1.1310155682766174,0.05378004922230019,log-depth Laplacian fallback,,,,0.1283041130136097,0.03667774079195612,0.28903195689294126,0.27389537828797617,0.14885065568869113,-0.13401756712976318,0.13830050631324228,0.06006314673626699,6.47750677311317,0.900975031594165,0.9999799656531158,1.0,0.0684818439942424,0.01378300750693934,0.16912964000615335,0.1317534237194392,0.09153974971320931,-0.06468165418800878,0.07164133803299301,0.031113437783894433,6.477506764998281,0.9917033762682743,0.9994422437827412,1.0,0.0684818439942424,0.01378300750693934,0.16912964000615335,0.1317534237194392,0.09153974971320931,-0.06468165418800878,0.07164133803299301,0.031113437783894433,6.477506764998281,0.9917033762682743,0.9994422437827412,1.0,0.07454083306552638,0.016818707085463284,0.181522962747377,0.13823329518338,0.10485754027545785,-0.0707361969032839,0.07882258423014338,0.03423221338050556,7.74047427505519,0.9887743547537899,0.9992250714625154,1.0,0.04715278028863188,0.009319529200382825,0.14827932636967278,0.09874736535685553,0.06568603315489956,-0.010901630766239623,0.047457407568918336,0.020610490232614853,6.477506772102321,0.9897632501159989,0.9991216942325923,1.0,0.010015687206760049,0.27345922496169806,0.07047821604646742,ok,
759xd9YjKW5,03bb2fc19b214b91a81c958303f98892,03bb2fc19b214b91a81c958303f98892_i2_5,2,5,/home/bgao491/Matterport3D/v1/scans/759xd9YjKW5/undistorted_color_images/03bb2fc19b214b91a81c958303f98892_i2_5.jpg,/home/bgao491/Matterport3D/v1/scans/759xd9YjKW5/undistorted_depth_images/03bb2fc19b214b91a81c958303f98892_d2_5.png,1024,1280,406,504,1.4165615917841592,1245695,0.9503898620605469,-8.214349746704102,-3.750459909439087,1.6377300024032593,True,204624,1.0,True,,1.0,204624,0.9980564117431641,-0.0019454794753894162,1.0168676544658628,0.018672454805172378,log-depth Laplacian fallback,,,,0.03555035072628837,0.013652029282285006,0.16164298444900138,0.07787928927708826,0.06611412404527259,-0.005522542271627337,0.03373290447366831,0.014650014271483661,6.588307009491726,0.9874166629873283,0.9953158678488715,0.9978983619585854,0.03608108613337716,0.013610281624032829,0.16117241036106872,0.07843723806533476,0.06630497930661018,-0.007468021774759193,0.03433330872563115,0.014910766525022365,6.588307014417078,0.9874881090475598,0.9953511894966264,0.9979063896058024,0.03608108613337716,0.013610281624032829,0.16117241036106872,0.07843723806533476,0.06630497930661018,-0.007468021774759193,0.03433330872563115,0.014910766525022365,6.588307014417078,0.9874881090475598,0.9953511894966264,0.9979063896058024,0.03626843012458727,0.013803723253802714,0.16154416004933667,0.07644975519941472,0.0677329253836398,-0.008203382703119289,0.03464402161804577,0.015045707419654239,6.723431931128536,0.9876446481682916,0.9954290576746314,0.9979673997246516,0.03348305943812921,0.014783795961998684,0.1719388200390877,0.0791580949167978,0.06682901968477059,0.011204416514475358,0.03109477540096093,0.013504289372658313,6.58830700756849,0.9868619525646326,0.9950613914320922,0.997829324192519,0.01004269695840776,0.26962449378333986,0.07302831509150565,ok,
759xd9YjKW5,095e289950a64f99bc690533335dbea5,095e289950a64f99bc690533335dbea5_i0_0,0,0,/home/bgao491/Matterport3D/v1/scans/759xd9YjKW5/undistorted_color_images/095e289950a64f99bc690533335dbea5_i0_0.jpg,/home/bgao491/Matterport3D/v1/scans/759xd9YjKW5/undistorted_depth_images/095e289950a64f99bc690533335dbea5_d0_0.png,1024,1280,406,504,1.4155678118069965,1197905,0.9139289855957031,-1.7330600023269653,3.4803500175476074,1.57014000415802,True,204624,1.0,True,,1.0,204624,0.941479504108429,-0.06030270052344926,1.1657728053250762,0.21368691983065274,log-depth Laplacian fallback,,,,0.14918209042151756,0.052798528721982096,0.30058609980947754,0.2432986282148831,0.19620060392759425,-0.14892247977594045,0.16203644283194057,0.07037153298914353,12.773712067734,0.7698665587003978,0.9843076036914447,0.9898147181955164,0.19712077645544412,0.07720751073070481,0.36922110962345017,0.32760391749141554,0.2451365906278832,-0.20922518023483358,0.22042914140487738,0.09573115976280976,12.77371207612094,0.5350190540986138,0.9839770265588673,0.9895367328794854,0.19712077645544412,0.07720751073070481,0.36922110962345017,0.32760391749141554,0.2451365906278832,-0.20922518023483358,0.22042914140487738,0.09573115976280976,12.77371207612094,0.5350190540986138,0.9839770265588673,0.9895367328794854,0.2181595938567098,0.09924127613657362,0.41937582087340874,0.3660553646383902,0.2819771158465746,-0.23720795135264042,0.24938693027794198,0.10830736767850113,15.24581308957837,0.4308263176128324,0.9838977214386784,0.9895876551145542,0.08253379427626988,0.03316248804128414,0.22898207555546948,0.13465811937080746,0.1278150188564587,0.004461731287422169,0.079513706592419,0.03453236400876176,12.773712067835149,0.9752042106844867,0.9839628351163072,0.9907855798247774,0.010301869828253984,0.27578901615925133,0.07067076512612402,ok,
759xd9YjKW5,095e289950a64f99bc690533335dbea5,095e289950a64f99bc690533335dbea5_i0_1,0,1,/home/bgao491/Matterport3D/v1/scans/759xd9YjKW5/undistorted_color_images/095e289950a64f99bc690533335dbea5_i0_1.jpg,/home/bgao491/Matterport3D/v1/scans/759xd9YjKW5/undistorted_depth_images/095e289950a64f99bc690533335dbea5_d0_1.png,1024,1280,406,504,1.4155678118069965,1235407,0.9425407409667969,-1.7387900352478027,3.4669899940490723,1.5693999528884888,True,204624,1.0,True,,1.0,204624,0.9528099298477173,-0.04833983924082166,1.0310509574720879,0.07891846834241027,log-depth Laplacian fallback,,,,0.049457043326262676,0.00620473951084478,0.11394183173775446,0.092833474880729,0.06139264288516698,-0.029621856953983953,0.050716582686044925,0.022025932001539312,5.377361984303601,0.9999562897085738,1.0,1.0,0.07674875869441267,0.01234502905337237,0.14243177968935714,0.13078098869045482,0.094708121380527,-0.077961696172463,0.08098183190375445,0.03516996273021729,5.3773619790202005,1.0,1.0,1.0,0.07674875869441267,0.01234502905337237,0.14243177968935714,0.13078098869045482,0.094708121380527,-0.077961696172463,0.08098183190375445,0.03516996273021729,5.3773619790202005,1.0,1.0,1.0,0.06991110875565403,0.010726633137688462,0.15285321011843753,0.14102288361935356,0.0779046440105158,-0.07262302474522568,0.07284635455731345,0.031636769811009026,2.819627342858509,0.999996762200635,1.0,1.0,0.04510185282189542,0.007116187408108348,0.14188235743763042,0.10132959490913611,0.05378213030674171,0.0009567362615598523,0.04494676755265443,0.01952013312750594,5.377361988984155,0.9996778389631918,1.0,1.0,0.010658256011083722,0.2723462269641459,0.07389126298949122,ok,
759xd9YjKW5,095e289950a64f99bc690533335dbea5,095e289950a64f99bc690533335dbea5_i0_2,0,2,/home/bgao491/Matterport3D/v1/scans/759xd9YjKW5/undistorted_color_images/095e289950a64f99bc690533335dbea5_i0_2.jpg,/home/bgao491/Matterport3D/v1/scans/759xd9YjKW5/undistorted_depth_images/095e289950a64f99bc690533335dbea5_d0_2.png,1024,1280,406,504,1.4155678118069965,1259969,0.9612800598144531,-1.7532299757003784,3.465290069580078,1.5687700510025024,True,204624,1.0,True,,1.0,204624,1.2204488515853882,0.19921870221802285,1.3106117730247417,0.07127532829236,log-depth Laplacian fallback,,,,0.2420842197634851,0.12072898996510935,0.5344993105332504,0.5083429122344397,0.28313254750343275,-0.27848303851517536,0.27848303851517536,0.12094364693079145,5.110026139990823,0.11909578727730603,1.0,1.0,0.0761666823405423,0.012855949684779227,0.15518606589496006,0.14003086650427912,0.0943083862819114,-0.07926433637742916,0.08038809811677675,0.03491210742281336,5.110026126884259,0.9999976189890386,1.0,1.0,0.0761666823405423,0.012855949684779227,0.15518606589496006,0.14003086650427912,0.0943083862819114,-0.07926433637742916,0.08038809811677675,0.03491210742281336,5.110026126884259,0.9999976189890386,1.0,1.0,0.06825438147048896,0.010255124725429507,0.14544374391465298,0.13048156717464715,0.0802780680606519,-0.06857185671205797,0.07131123792160919,0.030970077127044773,4.17428877608108,0.9999936506374363,1.0,1.0,0.04212544671246649,0.0050559922170330075,0.10922250949409162,0.08757460642654423,0.051720997173057975,-0.007989044767288091,0.04257033111458357,0.018488059895857955,5.110026137195129,0.9999301570117995,1.0,1.0,0.017726622987538576,0.2699638658668846,0.07078891014680266,ok,
759xd9YjKW5,095e289950a64f99bc690533335dbea5,095e289950a64f99bc690533335dbea5_i0_3,0,3,/home/bgao491/Matterport3D/v1/scans/759xd9YjKW5/undistorted_color_images/095e289950a64f99bc690533335dbea5_i0_3.jpg,/home/bgao491/Matterport3D/v1/scans/759xd9YjKW5/undistorted_depth_images/095e289950a64f99bc690533335dbea5_d0_3.png,1024,1280,406,504,1.4155678118069965,906686,0.6917465209960938,-1.761929988861084,3.47694993019104,1.5688799619674683,True,204624,1.0,True,,1.0,204624,0.7872118949890137,-0.23925782285391944,0.7659842751336556,0.027335815144481246,log-depth Laplacian fallback,,,,0.27409974667789894,0.14712428524891952,0.5287588545352667,0.4881172313616779,0.25516729640556485,0.23745238734815058,0.23814336479533277,0.10342434923248621,9.341687694195967,0.4059531083528366,0.9984481948546685,0.9999757358115158,0.07720032654228763,0.019808644777946565,0.2530105939908385,0.16617338777916238,0.09343432184766462,-0.0018054355780299186,0.0780991266466338,0.03391801974409627,9.341687696292658,0.9745523808683492,0.9998268419276354,1.0,0.07720032654228763,0.019808644777946565,0.2530105939908385,0.16617338777916238,0.09343432184766462,-0.0018054355780299186,0.0780991266466338,0.03391801974409627,9.341687696292658,0.9745523808683492,0.9998268419276354,1.0,0.05162666989356943,0.008374172708784334,0.15626583582096684,0.10065548733495941,0.06557614484290812,0.007656206585075287,0.05168920283458998,0.022448335565040358,6.512766902925909,0.9920832570481953,0.9998886053165043,1.0,0.07307616978307584,0.022690457011599285,0.281646464108189,0.16835302031803448,0.09785664890679065,-0.029141222334082277,0.07601991180881411,0.03301502821333981,9.34168769342161,0.9560354963019171,0.9997463289385741,1.0,0.01050993800163269,0.2650731548201293,0.07524012983776629,ok,
759xd9YjKW5,095e289950a64f99bc690533335dbea5,095e289950a64f99bc690533335dbea5_i0_4,0,4,/home/bgao491/Matterport3D/v1/scans/759xd9YjKW5/undistorted_color_images/095e289950a64f99bc690533335dbea5_i0_4.jpg,/home/bgao491/Matterport3D/v1/scans/759xd9YjKW5/undistorted_depth_images/095e289950a64f99bc690533335dbea5_d0_4.png,1024,1280,406,504,1.4155678118069965,898950,0.6858444213867188,-1.7562099695205688,3.490299940109253,1.5696300268173218,True,204624,1.0,True,,1.0,204624,0.98293536901474,-0.0172119097098995,1.072251785176947,0.08697281901210227,log-depth Laplacian fallback,,,,0.10663752820569719,0.031383091031919295,0.20612967958522627,0.1407293563253046,0.18500018369499024,-0.08262749317520734,0.11693569452364007,0.05078452686914121,16.55227033937073,0.908050503365037,0.9755225540908838,0.9765893542466211,0.11384823495827016,0.03428681786446846,0.2199392881880256,0.15472492937791985,0.19330202196208987,-0.09983940302705321,0.1260413214860152,0.054739050413170176,16.552270327007687,0.8743078035485845,0.9756349073919572,0.9763557483731019,0.11384823495827016,0.03428681786446846,0.2199392881880256,0.15472492937791985,0.19330202196208987,-0.09983940302705321,0.1260413214860152,0.054739050413170176,16.552270327007687,0.8743078035485845,0.9756349073919572,0.9763557483731019,0.10784675625103085,0.03210574545631086,0.2066298859758052,0.14001397919748335,0.19218794055734073,-0.08240886831791595,0.11891286345248339,0.05164320042472841,17.36231059457016,0.8978052171978419,0.9755069803659825,0.9762511819344791,0.09492871390555747,0.026885119945884963,0.17515763065501785,0.10665046963717438,0.16602202876224428,-0.012866573078815478,0.09836136971425286,0.04271780009934565,16.552270337189086,0.9717792980699705,0.9751754825073697,0.9770487791312086,0.010513248853385448,0.27642997493967414,0.07460670708678663,ok,
759xd9YjKW5,095e289950a64f99bc690533335dbea5,095e289950a64f99bc690533335dbea5_i0_5,0,5,/home/bgao491/Matterport3D/v1/scans/759xd9YjKW5/undistorted_color_images/095e289950a64f99bc690533335dbea5_i0_5.jpg,/home/bgao491/Matterport3D/v1/scans/759xd9YjKW5/undistorted_depth_images/095e289950a64f99bc690533335dbea5_d0_5.png,1024,1280,406,504,1.4155678118069965,1224229,0.9340126037597656,-1.7417700290679932,3.492000102996826,1.5702500343322754,True,204624,1.0,True,,1.0,204624,0.9739773869514465,-0.02636719229140638,1.0736373353310464,0.09741945475198281,log-depth Laplacian fallback,,,,0.09496657573522922,0.025102439571463193,0.1861762920545044,0.14477159001521797,0.1372662587101307,-0.07308871977942286,0.09989976503570208,0.04338591669843681,11.618977933226974,0.9416800288181378,0.9943695174677286,0.9967604100213278,0.10886269508844733,0.029470327405861467,0.20317346995041569,0.16620688517458704,0.15294294108179696,-0.09945591207259014,0.11647715061872967,0.05058538378152823,11.618977915702928,0.9173790197748951,0.9894390673640308,0.9965227093950559,0.10886269508844733,0.029470327405861467,0.20317346995041569,0.16620688517458704,0.15294294108179696,-0.09945591207259014,0.11647715061872967,0.05058538378152823,11.618977915702928,0.9173790197748951,0.9894390673640308,0.9965227093950559,0.10868283253177555,0.029532930750262056,0.20332101021980323,0.16602696023682845,0.1535503077181826,-0.09859068216917355,0.11632403442853945,0.05051888626503862,11.771819905930252,0.9188599518554127,0.9829174116934005,0.996515357829295,0.07999832400045608,0.025059938106615356,0.20341623011983423,0.1389484039055558,0.11620762392675484,-0.0020364284724866525,0.07895514844345931,0.0342897852868465,11.618977931719522,0.95631046152313,0.9944561025755803,0.9970748936677697,0.012408006004989147,0.27198653598316014,0.07147379708476365,ok,
759xd9YjKW5,095e289950a64f99bc690533335dbea5,095e289950a64f99bc690533335dbea5_i1_0,1,0,/home/bgao491/Matterport3D/v1/scans/759xd9YjKW5/undistorted_color_images/095e289950a64f99bc690533335dbea5_i1_0.jpg,/home/bgao491/Matterport3D/v1/scans/759xd9YjKW5/undistorted_depth_images/095e289950a64f99bc690533335dbea5_d1_0.png,1024,1280,406,504,1.4121168655554452,1170663,0.8931449890136719,-1.7453199625015259,3.477760076522827,1.6028599739074707,True,204624,1.0,True,,1.0,204624,0.9384961724281311,-0.06347650135693113,1.0552463637751512,0.11725076118939112,log-depth Laplacian fallback,,,,0.09896509576601474,0.05219434763057481,0.3019631957945407,0.2052647092679776,0.1518199377921528,-0.04379420158477337,0.09707890236635192,0.042160831606931196,14.536630083607886,0.9661900991147752,0.9813550099388124,0.9905822597963718,0.12990398566731484,0.06471426764200383,0.3600299737842218,0.2752655642406869,0.18066091196026893,-0.1072707029313039,0.13517590603661653,0.058706150077975014,14.536630078164606,0.8246147695792897,0.9825594556247187,0.9906668272594248,0.12990398566731484,0.06471426764200383,0.3600299737842218,0.2752655642406869,0.18066091196026893,-0.1072707029313039,0.13517590603661653,0.058706150077975014,14.536630078164606,0.8246147695792897,0.9825594556247187,0.9906668272594248,0.13129242623172496,0.06524163771797532,0.3626988163500444,0.2789056209674103,0.18271557064150395,-0.10333314120193486,0.1368869862892642,0.05944926278979356,15.06892221898813,0.8150150811975778,0.9825568929743231,0.9905070887181024,0.0922351576554903,0.05510055559297402,0.30409084340637943,0.186683595853968,0.14570848559982758,0.009980048159513599,0.08530520434280989,0.03704757952371166,14.536630082150728,0.968485379652385,0.980334220864587,0.9889079948712823,0.009900744073092937,0.2694296420086175,0.07099637505598366,ok,
759xd9YjKW5,095e289950a64f99bc690533335dbea5,095e289950a64f99bc690533335dbea5_i1_1,1,1,/home/bgao491/Matterport3D/v1/scans/759xd9YjKW5/undistorted_color_images/095e289950a64f99bc690533335dbea5_i1_1.jpg,/home/bgao491/Matterport3D/v1/scans/759xd9YjKW5/undistorted_depth_images/095e289950a64f99bc690533335dbea5_d1_1.png,1024,1280,406,504,1.4121168655554452,841746,0.6422012329101563,-1.746690034866333,3.4745500087738037,1.602679967880249,True,204624,1.0,True,,1.0,204624,0.9707725048065186,-0.029663127732545088,0.9891118085268102,0.018715226083122337,log-depth Laplacian fallback,,,,0.03944507393097153,0.017000523624481456,0.22529087878080364,0.12502973447834856,0.06621187906697869,0.028979923328145446,0.037197456841406795,0.016154650247057343,5.953299063103602,0.9861632844112119,0.9970406749779624,0.998870205501422,0.03899434687809532,0.013666053732814317,0.2037259851643449,0.12293236250980741,0.0595369107493378,-0.0006832044454021062,0.0378718564618449,0.016447538280811254,5.953299062923344,0.9910174803325469,0.997454101355991,0.9990745426767694,0.03899434687809532,0.013666053732814317,0.2037259851643449,0.12293236250980741,0.0595369107493378,-0.0006832044454021062,0.0378718564618449,0.016447538280811254,5.953299062923344,0.9910174803325469,0.997454101355991,0.9990745426767694,0.06260579297801365,0.02410017649485899,0.2675562617845578,0.19602697947359565,0.08231740198671066,-0.005197209809715971,0.06089940329884184,0.0264482748038877,8.21531720631377,0.9858650946960247,0.9971119553879674,0.9987917970504167,0.03740545037100408,0.015018920632373348,0.21114602283358758,0.11719626595822247,0.06220393704636641,0.018031993978280286,0.03557483456212465,0.015449954344951822,5.953299066261983,0.987979746859504,0.9971903638389727,0.9989509899660943,0.01092801708728075,0.27642740891315043,0.0756152889225632,ok,
759xd9YjKW5,095e289950a64f99bc690533335dbea5,095e289950a64f99bc690533335dbea5_i1_2,1,2,/home/bgao491/Matterport3D/v1/scans/759xd9YjKW5/undistorted_color_images/095e289950a64f99bc690533335dbea5_i1_2.jpg,/home/bgao491/Matterport3D/v1/scans/759xd9YjKW5/undistorted_depth_images/095e289950a64f99bc690533335dbea5_d1_2.png,1024,1280,406,504,1.4121168655554452,1140518,0.8701461791992188,-1.7501699924468994,3.474139928817749,1.6025300025939941,True,204624,1.0,True,,1.0,204624,0.9713652729988098,-0.02905269914455099,1.0008691080068157,0.02992142969568696,log-depth Laplacian fallback,,,,0.01768932412109546,0.005691192953938272,0.15364945776704877,0.06990693377177999,0.03522138603187201,0.0027719940295652928,0.017294976125755857,0.007511112696064255,3.5112135838000555,0.992969861063131,1.0,1.0,0.03315205476228254,0.008415664794739092,0.19467073093416282,0.1435761685858965,0.04385815279782956,-0.02628070536610035,0.03344722109908147,0.014525943558329103,3.511213596889242,0.9940623471089453,0.9999833409029932,1.0,0.03315205476228254,0.008415664794739092,0.19467073093416282,0.1435761685858965,0.04385815279782956,-0.02628070536610035,0.03344722109908147,0.014525943558329103,3.511213596889242,0.9940623471089453,0.9999833409029932,1.0,0.03343104081514596,0.008481901746736045,0.18751889819986045,0.13439093697233065,0.04613952819182191,-0.026187324503900804,0.033849318093724594,0.014700572064292499,3.798789408602858,0.9941491497722964,1.0,1.0,0.01768017261305673,0.005720391257582898,0.15391379778820638,0.0697291884277117,0.03530038667393725,0.0036407714966203747,0.01727046404249848,0.007500467233565616,3.5112135825649844,0.9929400500474346,1.0,1.0,0.014509062049910426,0.27160152699798346,0.07117867702618241,ok,
759xd9YjKW5,095e289950a64f99bc690533335dbea5,095e289950a64f99bc690533335dbea5_i1_3,1,3,/home/bgao491/Matterport3D/v1/scans/759xd9YjKW5/undistorted_color_images/095e289950a64f99bc690533335dbea5_i1_3.jpg,/home/bgao491/Matterport3D/v1/scans/759xd9YjKW5/undistorted_depth_images/095e289950a64f99bc690533335dbea5_d1_3.png,1024,1280,406,504,1.4121168655554452,664999,0.5073539733886718,-1.7522599697113037,3.4769399166107178,1.602560043334961,True,204624,1.0,True,,1.0,204624,0.9920968413352966,-0.007934554148205153,1.0467838405207104,0.0536570086764551,log-depth Laplacian fallback,,,,0.19278358227206865,0.2961545063044671,0.647751716839238,0.3725041798636507,0.26370888659162606,0.04168989217534114,0.14937053658052551,0.06487079979585006,26.039264536043166,0.7985711256708656,0.9454450307444071,0.9705638655095722,0.19468219094918324,0.2920976236403745,0.6509367235818017,0.3900525697653647,0.26257142391476546,0.03375533802359249,0.15280625831628275,0.06636291478704451,26.03926454636161,0.7999936842010289,0.9469533036891785,0.9708195049917369,0.19468219094918324,0.2920976236403745,0.6509367235818017,0.3900525697653647,0.26257142391476546,0.03375533802359249,0.15280625831628275,0.06636291478704451,26.03926454636161,0.7999936842010289,0.9469533036891785,0.9708195049917369,0.1819144482436563,0.30428936426253317,0.6618766228386704,0.3387108296535742,0.26434668420042284,0.0695458550008237,0.13576726723253826,0.05896297498217552,25.503439669966575,0.7737365018594012,0.9464811225280038,0.9701383009598511,0.18766624510735663,0.32976504744176766,0.6593336750721546,0.3032812369052468,0.27467297313651173,0.08741231268774964,0.13561615688634474,0.0588973485926652,26.039264536893125,0.7804282412454756,0.9317412507387229,0.9686330355383993,0.015450173988938332,0.276939305011183,0.07101607206277549,ok,
759xd9YjKW5,095e289950a64f99bc690533335dbea5,095e289950a64f99bc690533335dbea5_i1_4,1,4,/home/bgao491/Matterport3D/v1/scans/759xd9YjKW5/undistorted_color_images/095e289950a64f99bc690533335dbea5_i1_4.jpg,/home/bgao491/Matterport3D/v1/scans/759xd9YjKW5/undistorted_depth_images/095e289950a64f99bc690533335dbea5_d1_4.png,1024,1280,406,504,1.4121168655554452,747224,0.570086669921875,-1.7508800029754639,3.4801599979400635,1.6027400493621826,True,204624,1.0,True,,1.0,204624,0.9731454253196716,-0.027221747204081676,1.0103397974556982,0.03750845460076996,log-depth Laplacian fallback,,,,0.11669159344509347,0.09070424043440871,0.3059943996297295,0.1484158828935286,0.17289862334631065,0.051952001731708435,0.09672276480901515,0.042006163030981335,16.490883381771262,0.9832647238311403,0.9857900709827307,0.9866546042418338,0.11576351748568621,0.08684554509548585,0.31760426928878116,0.1803467897431758,0.16675283786580689,0.024730254428548783,0.09895791182265117,0.042976875045245964,16.490883376035175,0.984224275451538,0.9858529704613342,0.9867777266254831,0.11576351748568621,0.08684554509548585,0.31760426928878116,0.1803467897431758,0.16675283786580689,0.024730254428548783,0.09895791182265117,0.042976875045245964,16.490883376035175,0.984224275451538,0.9858529704613342,0.9867777266254831,0.11676056152493845,0.08717448937483116,0.3183713324830807,0.18167640268587268,0.1673248968906294,0.02501481555981459,0.0998923632072376,0.04338270212517871,16.544449257067527,0.984204201149856,0.9858154984315279,0.9867817414858195,0.11741706136215242,0.09302373891960507,0.3048797804938706,0.13726037709350555,0.17626283670103254,0.06223876724164345,0.09624473585094688,0.0417985576923023,16.490883376622186,0.9818849501622003,0.9857606286735973,0.9866077642045759,0.010352281155064702,0.2741987269837409,0.07429726305417717,ok,
759xd9YjKW5,095e289950a64f99bc690533335dbea5,095e289950a64f99bc690533335dbea5_i1_5,1,5,/home/bgao491/Matterport3D/v1/scans/759xd9YjKW5/undistorted_color_images/095e289950a64f99bc690533335dbea5_i1_5.jpg,/home/bgao491/Matterport3D/v1/scans/759xd9YjKW5/undistorted_depth_images/095e289950a64f99bc690533335dbea5_d1_5.png,1024,1280,406,504,1.4121168655554452,1217466,0.9288528442382813,-1.7474100589752197,3.480570077896118,1.6028900146484375,True,204624,1.0,True,,1.0,204624,0.9735018610954285,-0.026855542414721413,1.0174277658546989,0.04413318644030434,log-depth Laplacian fallback,,,,0.04602445927926956,0.026816231192410975,0.20486057697899338,0.10835398801508318,0.09480860685646701,-0.01114795455727819,0.042365142975462754,0.018398947819285784,9.415091631658708,0.9847149735598366,0.9936228198569816,0.9956721584011381,0.06455462149182487,0.03031229233603911,0.24160933735553825,0.1737110837234212,0.10153157548676058,-0.03800349701257061,0.06236880503369386,0.02708642786903299,9.415091627615366,0.986678067395722,0.9935702516538449,0.9957666168911493,0.06455462149182487,0.03031229233603911,0.24160933735553825,0.1737110837234212,0.10153157548676058,-0.03800349701257061,0.06236880503369386,0.02708642786903299,9.415091627615366,0.986678067395722,0.9935702516538449,0.9957666168911493,0.06419217355153557,0.030218263743101107,0.24070094825197094,0.17234883088292743,0.10137482590908521,-0.03763380115150322,0.06198743252891854,0.026920799894659436,9.413050695171279,0.9868177016853037,0.9935382179050586,0.9957748306728894,0.04175888220369326,0.02686937831829311,0.19738148969692948,0.0921164265805603,0.09435024414757778,0.0061297250960149164,0.03735561612074189,0.01622333794933436,9.41509163043824,0.9832857755370581,0.9936178915879376,0.9956195901980014,0.009973677108064294,0.27167651895433664,0.07456070301122963,ok,
759xd9YjKW5,095e289950a64f99bc690533335dbea5,095e289950a64f99bc690533335dbea5_i2_0,2,0,/home/bgao491/Matterport3D/v1/scans/759xd9YjKW5/undistorted_color_images/095e289950a64f99bc690533335dbea5_i2_0.jpg,/home/bgao491/Matterport3D/v1/scans/759xd9YjKW5/undistorted_depth_images/095e289950a64f99bc690533335dbea5_d2_0.png,1024,1280,406,504,1.4165615917841592,1229155,0.9377708435058594,-1.735640048980713,3.477760076522827,1.6365400552749634,True,204624,1.0,True,,1.0,204624,0.9614558815956116,-0.03930659998201335,1.1087090237734398,0.14250289680291167,log-depth Laplacian fallback,,,,0.11912496588774943,0.0344715196107468,0.21566433437984367,0.17156333276155764,0.14660211951140995,-0.08748049666520015,0.11988598381083926,0.05206582122659013,11.764074187307571,0.9657903193657431,0.9839418136850112,0.9944205572120685,0.14969028825787503,0.04324978851779254,0.25147658451562116,0.2212937291529586,0.1729575439140654,-0.12678709666431193,0.1557373721506376,0.06763588135113503,11.764074173610215,0.9635896205116523,0.9851035874238806,0.9956571791189882,0.14969028825787503,0.04324978851779254,0.25147658451562116,0.2212937291529586,0.1729575439140654,-0.12678709666431193,0.1557373721506376,0.06763588135113503,11.764074173610215,0.9635896205116523,0.9851035874238806,0.9956571791189882,0.16783436525964665,0.051050423273906145,0.2854069854011038,0.2552059961799409,0.1926961803839946,-0.15443926552652146,0.17896123044392764,0.07772187485641399,11.524031932535413,0.841328392269486,0.9878111385463998,0.9973925176238961,0.06150765705945896,0.031584467887668936,0.19513917932627475,0.08614744425928482,0.1186858425158242,0.015715758559731487,0.053708114075544225,0.02332513757643924,11.764074186515167,0.964049285891527,0.9787520695111682,0.9893585430641375,0.010037270840257406,0.2701795839238912,0.07302031200379133,ok,
759xd9YjKW5,095e289950a64f99bc690533335dbea5,095e289950a64f99bc690533335dbea5_i2_1,2,1,/home/bgao491/Matterport3D/v1/scans/759xd9YjKW5/undistorted_color_images/095e289950a64f99bc690533335dbea5_i2_1.jpg,/home/bgao491/Matterport3D/v1/scans/759xd9YjKW5/undistorted_depth_images/095e289950a64f99bc690533335dbea5_d2_1.png,1024,1280,406,504,1.4165615917841592,1171042,0.8934341430664062,-1.7413699626922607,3.464400053024292,1.6357899904251099,True,204624,1.0,True,,1.0,204624,1.0319952964782715,0.03149410937289123,1.0315272497298507,0.0004536386164594418,log-depth Laplacian fallback,,,,0.05784096614199361,0.021980505997011335,0.17875028820266498,0.1056075062416017,0.10128398525102161,-0.01767553783415826,0.05411277296916178,0.023500878700990404,9.972973995054033,0.9761204124190251,0.9847127600888781,0.9946603110733859,0.0496724868864329,0.02282648434391393,0.17832598783033704,0.08748347139969144,0.10068254050463672,0.013818571583556885,0.04430315696770603,0.019240616601968314,9.972974000697048,0.9751853477501234,0.984037293282393,0.993446007914319,0.0496724868864329,0.02282648434391393,0.17832598783033704,0.08748347139969144,0.10068254050463672,0.013818571583556885,0.04430315696770603,0.019240616601968314,9.972974000697048,0.9751853477501234,0.984037293282393,0.993446007914319,0.05250446727277706,0.02433230127036427,0.19157257036356629,0.0962849124969564,0.10368351493270737,0.014479656216104277,0.04735091809581532,0.020564242442065433,10.266747695674802,0.9751076391794659,0.9839843489815053,0.9941061037947401,0.04964788834659596,0.022783462832544878,0.17813263486025294,0.08740484965591888,0.10062128635633151,0.013364963086553954,0.044301084571346634,0.019239716571665146,9.972973994600565,0.9751947410938293,0.9840466866260988,0.9934707721840891,0.009697265923023224,0.26666786801069975,0.07076587900519371,ok,
759xd9YjKW5,095e289950a64f99bc690533335dbea5,095e289950a64f99bc690533335dbea5_i2_2,2,2,/home/bgao491/Matterport3D/v1/scans/759xd9YjKW5/undistorted_color_images/095e289950a64f99bc690533335dbea5_i2_2.jpg,/home/bgao491/Matterport3D/v1/scans/759xd9YjKW5/undistorted_depth_images/095e289950a64f99bc690533335dbea5_d2_2.png,1024,1280,406,504,1.4165615917841592,1260982,0.9620529174804687,-1.755810022354126,3.4626998901367188,1.6351699829101562,True,204624,1.0,True,,1.0,204624,1.1155805587768555,0.10937494992237588,1.1442740129074251,0.02539543612669505,log-depth Laplacian fallback,,,,0.12903371092680435,0.03757447922213885,0.2877407668170686,0.28036130409018667,0.14446045801889387,-0.13255096687445983,0.1376208100078831,0.05976795838147943,5.743748873057084,0.9785222945291844,0.9976724489326573,0.9986724632072465,0.03896650470189981,0.007628767893484158,0.10927687813809922,0.07521721145991692,0.06193700730604853,-0.02317601688428871,0.038613609853197735,0.0167696776856088,5.743748876307767,0.9938444799370649,0.9969912338161845,0.9983100472488902,0.03896650470189981,0.007628767893484158,0.10927687813809922,0.07521721145991692,0.06193700730604853,-0.02317601688428871,0.038613609853197735,0.0167696776856088,5.743748876307767,0.9938444799370649,0.9969912338161845,0.9983100472488902,0.03362807262500853,0.007357188051805528,0.10651497421137901,0.06627959539409055,0.05852984292728097,-0.014424339436467606,0.03281581488035191,0.014251727321695459,5.672460616799158,0.9935518508590924,0.996800112927861,0.998180782913634,0.03252125945524479,0.007706847200865638,0.11623195909589952,0.06960247593980633,0.05748035203866681,0.002219404697961663,0.03129139568556341,0.013589680477291421,5.7437488744510174,0.9933567648071107,0.9968183526806885,0.9981696804553911,0.009666029131039977,0.2765465790871531,0.07145602814853191,ok,
759xd9YjKW5,095e289950a64f99bc690533335dbea5,095e289950a64f99bc690533335dbea5_i2_3,2,3,/home/bgao491/Matterport3D/v1/scans/759xd9YjKW5/undistorted_color_images/095e289950a64f99bc690533335dbea5_i2_3.jpg,/home/bgao491/Matterport3D/v1/scans/759xd9YjKW5/undistorted_depth_images/095e289950a64f99bc690533335dbea5_d2_3.png,1024,1280,406,504,1.4165615917841592,924524,0.7053558349609375,-1.7645200490951538,3.4743599891662598,1.6352800130844116,True,204624,1.0,True,,1.0,204624,1.1398074626922607,0.13085935576727095,1.224905840061792,0.07200462001945424,log-depth Laplacian fallback,,,,0.18550044422157405,0.05774471035723168,0.32751577347719907,0.28559803564749664,0.21478551824962874,-0.1992000647587155,0.2056583331040866,0.08931627922452567,8.032529520571439,0.7426870476050378,0.9982358489341542,0.9998896729560293,0.08009576234133144,0.0166482177643129,0.16895748691988188,0.12217278094235953,0.10546376413614138,-0.06834070894276745,0.08281601967317102,0.035966540357249305,8.032529518752861,0.9744820037121805,0.9967150663476556,0.9988285863860754,0.08009576234133144,0.0166482177643129,0.16895748691988188,0.12217278094235953,0.10546376413614138,-0.06834070894276745,0.08281601967317102,0.035966540357249305,8.032529518752861,0.9744820037121805,0.9967150663476556,0.9988285863860754,0.07763083224191011,0.015233731528274503,0.15561665533192162,0.11218322365746251,0.10421785491689468,-0.06656786506423526,0.080211645382358,0.03483547497393852,8.018778351013747,0.9513987738555192,0.9964825142451683,0.9988145250961575,0.04949917347183278,0.011257412193356148,0.13052834952378983,0.07018216668257946,0.08040881383922904,0.003663917939259304,0.04793207451283929,0.02081663546710161,8.03252951962591,0.9846602143373239,0.994855731165443,0.9984597479351537,0.009887903928756714,0.2690953151322901,0.07413104805164039,ok,
759xd9YjKW5,095e289950a64f99bc690533335dbea5,095e289950a64f99bc690533335dbea5_i2_4,2,4,/home/bgao491/Matterport3D/v1/scans/759xd9YjKW5/undistorted_color_images/095e289950a64f99bc690533335dbea5_i2_4.jpg,/home/bgao491/Matterport3D/v1/scans/759xd9YjKW5/undistorted_depth_images/095e289950a64f99bc690533335dbea5_d2_4.png,1024,1280,406,504,1.4165615917841592,934722,0.7131362915039062,-1.7587900161743164,3.4877099990844727,1.6360299587249756,True,204624,1.0,True,,1.0,204624,0.9768350124359131,-0.02343751281091352,1.1416225973040879,0.15588809421042962,log-depth Laplacian fallback,,,,0.12235320164386858,0.033400439233155055,0.2531582193758596,0.21235600231831736,0.14339992580640626,-0.11648253423384863,0.12930452121160213,0.05615624004734079,8.363825643653207,0.9960448133241755,0.9967744420266132,0.9972922430412465,0.13733362518042322,0.04180461425159351,0.2884778753386239,0.24328061968387155,0.16301220060178218,-0.13992004713082712,0.14732610149196068,0.06398291291827699,8.363825653337587,0.9928920042536712,0.9968247243565467,0.9973371761871445,0.13733362518042322,0.04180461425159351,0.2884778753386239,0.24328061968387155,0.16301220060178218,-0.13992004713082712,0.14732610149196068,0.06398291291827699,8.363825653337587,0.9928920042536712,0.9968247243565467,0.9973371761871445,0.12665414506648326,0.03593619731519151,0.2649077715080797,0.2221671973228463,0.14900603049204564,-0.12413567486334533,0.13447658365089302,0.058402438224783894,8.242045467733266,0.9952820196807179,0.9967926292523338,0.9973082905933529,0.04026164947498339,0.013002269187089228,0.11167384915143877,0.03662493419386383,0.08514889873830166,0.015967999874415842,0.03663050745267713,0.01590842725601363,8.36382564162848,0.9952509944133122,0.996519820866525,0.9969531047733978,0.01052524195984006,0.27276945603080094,0.07106009009294212,ok,
759xd9YjKW5,095e289950a64f99bc690533335dbea5,095e289950a64f99bc690533335dbea5_i2_5,2,5,/home/bgao491/Matterport3D/v1/scans/759xd9YjKW5/undistorted_color_images/095e289950a64f99bc690533335dbea5_i2_5.jpg,/home/bgao491/Matterport3D/v1/scans/759xd9YjKW5/undistorted_depth_images/095e289950a64f99bc690533335dbea5_d2_5.png,1024,1280,406,504,1.4165615917841592,1216025,0.9277534484863281,-1.7443499565124512,3.489409923553467,1.6366499662399292,True,204624,1.0,True,,1.0,204624,0.9739773869514465,-0.02636719229140638,1.0943778453687163,0.11655321634026383,log-depth Laplacian fallback,,,,0.09946428663759656,0.02143385774678259,0.18960910872658818,0.17079295913197856,0.1230470983005112,-0.09754556065058094,0.10477808207399586,0.04550454286914243,7.50030132563986,0.9613807281922658,0.9963224440287001,0.9992738636130014,0.1223201978935721,0.029634266591976887,0.23070612847993602,0.21843993472826526,0.14484413114460587,-0.12391275289834117,0.13055904063882356,0.05670107091202352,7.500301324740513,0.8973861557122592,0.9964203038588845,0.9994177751279785,0.1223201978935721,0.029634266591976887,0.23070612847993602,0.21843993472826526,0.14484413114460587,-0.12391275289834117,0.13055904063882356,0.05670107091202352,7.500301324740513,0.8973861557122592,0.9964203038588845,0.9994177751279785,0.12263390048635486,0.029775681188559104,0.23209760624588674,0.2199917519461405,0.14469719640988266,-0.12421589655336385,0.13085711508487588,0.05683052299914038,7.421381065761394,0.8994551921218725,0.9964005674225448,0.9994218868855492,0.04577963982749726,0.011580186244769535,0.1407572592119579,0.08041978424139162,0.07536321628941386,-0.007359509241982265,0.045112462037500245,0.019592093327956285,7.50030132274841,0.989848892909274,0.9956514051931498,0.9985419707654036,0.010183172998949885,0.27373495791107416,0.07103818515315652,ok,
759xd9YjKW5,112b976211e448f08cc955a8f4315e0c,112b976211e448f08cc955a8f4315e0c_i0_0,0,0,/home/bgao491/Matterport3D/v1/scans/759xd9YjKW5/undistorted_color_images/112b976211e448f08cc955a8f4315e0c_i0_0.jpg,/home/bgao491/Matterport3D/v1/scans/759xd9YjKW5/undistorted_depth_images/112b976211e448f08cc955a8f4315e0c_d0_0.png,1024,1280,406,504,1.4155678118069965,1226485,0.9357337951660156,-6.876299858093262,0.9852349758148193,1.5886000394821167,True,204624,1.0,True,,1.0,204624,1.012961745262146,0.012878460745130254,1.0849791495899863,0.06868230909488977,log-depth Laplacian fallback,,,,0.08597786466692861,0.01742013292870233,0.16237162038657055,0.12889036417377764,0.10692758695333558,-0.0641915891623042,0.08860730677718873,0.03848166438964171,8.55157806049918,0.9916493067587455,0.9938768105602596,0.9984337354309266,0.07972165663250592,0.016417558470756852,0.16145557866716165,0.12351102159640061,0.0997295637574956,-0.05131312838109496,0.08128477948914503,0.03530153119485829,8.551578066652754,0.9915424974622601,0.9938384896676274,0.9982731138171278,0.07972165663250592,0.016417558470756852,0.16145557866716165,0.12351102159640061,0.0997295637574956,-0.05131312838109496,0.08128477948914503,0.03530153119485829,8.551578066652754,0.9915424974622601,0.9938384896676274,0.9982731138171278,0.07627592452370328,0.015828270044459216,0.1594364871765195,0.11828562797311142,0.09975744447827088,-0.04952698567535464,0.07806220451415158,0.03390198466569914,8.659460386622548,0.9916028324847023,0.9949881164465934,0.9988707566745618,0.05974779642948156,0.02036394392720157,0.20831651779293053,0.11786188018386771,0.08726189337767103,0.01736920548877319,0.056690287722036964,0.024620279135188324,8.551578062875178,0.9902143116303909,0.9935808428150364,0.9980179129789603,0.017549511045217514,0.2830684268847108,0.07440412603318691,ok,
759xd9YjKW5,112b976211e448f08cc955a8f4315e0c,112b976211e448f08cc955a8f4315e0c_i0_1,0,1,/home/bgao491/Matterport3D/v1/scans/759xd9YjKW5/undistorted_color_images/112b976211e448f08cc955a8f4315e0c_i0_1.jpg,/home/bgao491/Matterport3D/v1/scans/759xd9YjKW5/undistorted_depth_images/112b976211e448f08cc955a8f4315e0c_d0_1.png,1024,1280,406,504,1.4155678118069965,1236398,0.9432968139648438,-6.890500068664551,0.9820590019226074,1.58843994140625,True,204624,1.0,True,,1.0,204624,1.1101466417312622,0.10449211626633288,1.1624112557712467,0.04600440017755421,log-depth Laplacian fallback,,,,0.13106510272699556,0.03422917224310623,0.25528486385527477,0.2204574828590159,0.15582072262357538,-0.1349547694443781,0.14189632301321026,0.06162479008699863,7.789292524451735,0.9239573341270367,1.0,1.0,0.0678273244908545,0.013262391766313027,0.16443589291601068,0.12290410813225174,0.08363779672916424,-0.03046265310230118,0.06855302883833152,0.02977220214224189,7.789292527359501,0.9931114414614064,0.9997735357061399,1.0,0.0678273244908545,0.013262391766313027,0.16443589291601068,0.12290410813225174,0.08363779672916424,-0.03046265310230118,0.06855302883833152,0.02977220214224189,7.789292527359501,0.9931114414614064,0.9997735357061399,1.0,0.045788661294104444,0.006787133022294901,0.11411223414463656,0.0820395656502769,0.061024509303040216,-0.016045516265792654,0.04619482884632719,0.020062159260425063,5.8877263382744145,0.9930879862309709,1.0,1.0,0.06000164191736285,0.015137915676021248,0.17961959287845713,0.11673501434299854,0.07942828566225445,0.015541710133933998,0.057854227122291546,0.025125771593988683,7.789292528437657,0.9928647571413088,0.9979157196954379,1.0,0.012833473039790988,0.2730501799378544,0.07424433599226177,ok,
759xd9YjKW5,112b976211e448f08cc955a8f4315e0c,112b976211e448f08cc955a8f4315e0c_i0_2,0,2,/home/bgao491/Matterport3D/v1/scans/759xd9YjKW5/undistorted_color_images/112b976211e448f08cc955a8f4315e0c_i0_2.jpg,/home/bgao491/Matterport3D/v1/scans/759xd9YjKW5/undistorted_depth_images/112b976211e448f08cc955a8f4315e0c_d0_2.png,1024,1280,406,504,1.4155678118069965,1237639,0.9442436218261718,-6.900350093841553,0.9927679896354675,1.5883699655532837,True,204624,1.0,True,,1.0,204624,1.1409211158752441,0.1318359325348499,1.1337589077008756,0.006297353270985628,log-depth Laplacian fallback,,,,0.11945756979739783,0.027754894092996033,0.24638844335793247,0.21856213314541464,0.13400031149556121,-0.1275517072987343,0.1279590913023444,0.055571927261962584,4.106878919673,0.9808142762146312,1.0,1.0,0.030424784259936458,0.0026032231234424715,0.0690825427212489,0.05059581352585405,0.04129164588853062,0.0042842253975138925,0.03026537418426974,0.013144085000965486,4.106878903653119,0.9991419145647479,0.9999773762785432,1.0,0.030424784259936458,0.0026032231234424715,0.0690825427212489,0.05059581352585405,0.04129164588853062,0.0042842253975138925,0.03026537418426974,0.013144085000965486,4.106878903653119,0.9991419145647479,0.9999773762785432,1.0,0.02568514751279056,0.0019496445283624614,0.0589313035619028,0.04305147274257354,0.035415618078666666,0.0007674184325958778,0.02556900797289945,0.011104479070370482,3.540730253554051,0.9991306027040195,0.9999789922586473,1.0,0.029584193913765724,0.0025077908123103156,0.06744789793595946,0.048339109274489526,0.04111809997737087,-0.002013132591801384,0.029613086396578808,0.012860800014158427,4.106878915815383,0.9991629223061006,0.9999789922586473,1.0,0.010963100008666515,0.2752519219648093,0.0709303249605,ok,
759xd9YjKW5,112b976211e448f08cc955a8f4315e0c,112b976211e448f08cc955a8f4315e0c_i0_3,0,3,/home/bgao491/Matterport3D/v1/scans/759xd9YjKW5/undistorted_color_images/112b976211e448f08cc955a8f4315e0c_i0_3.jpg,/home/bgao491/Matterport3D/v1/scans/759xd9YjKW5/undistorted_depth_images/112b976211e448f08cc955a8f4315e0c_d0_3.png,1024,1280,406,504,1.4155678118069965,1196620,0.9129486083984375,-6.895999908447266,1.0066499710083008,1.5884499549865723,True,192924,0.9428219563687544,True,,1.0,192924,1.0122817754745483,0.012206966373035737,1.0726957456125719,0.05796790218513187,log-depth Laplacian fallback,,,,0.08062492723511984,0.02906504022903337,0.3537974111142715,0.16626200420011364,0.10499977292575585,-0.0545646762116746,0.08335231397934037,0.036199450015094815,8.970868644883506,0.9727465695041032,0.9967775902124317,0.9988350520633117,0.0759046330791959,0.027791865335536563,0.3456032661881282,0.1610215579048184,0.09920596761155875,-0.0423577099507285,0.07767731317962939,0.03373482848298381,8.970868641037834,0.9729312563721147,0.99680433220237,0.9988141598836724,0.0759046330791959,0.027791865335536563,0.3456032661881282,0.1610215579048184,0.09920596761155875,-0.0423577099507285,0.07767731317962939,0.03373482848298381,8.970868641037834,0.9729312563721147,0.99680433220237,0.9988141598836724,0.058262636646730495,0.02304587667758629,0.3326687176119645,0.12187755632806171,0.08921789757477079,-0.046722153537906576,0.06036469344791347,0.026216053266210175,7.600574725928675,0.9734752887299226,0.9971310858919289,0.9988935501663018,0.06490472094613707,0.02893830512425687,0.3295754278695149,0.15656822016252078,0.09105671935004163,0.015610179763207652,0.06271006115898897,0.027234633521164363,8.970868646096982,0.981733549497752,0.9966839932476476,0.9986988350520634,0.018536468036472797,0.29085389291867614,0.07383369700983167,ok,
759xd9YjKW5,112b976211e448f08cc955a8f4315e0c,112b976211e448f08cc955a8f4315e0c_i0_4,0,4,/home/bgao491/Matterport3D/v1/scans/759xd9YjKW5/undistorted_color_images/112b976211e448f08cc955a8f4315e0c_i0_4.jpg,/home/bgao491/Matterport3D/v1/scans/759xd9YjKW5/undistorted_depth_images/112b976211e448f08cc955a8f4315e0c_d0_4.png,1024,1280,406,504,1.4155678118069965,1223386,0.9333694458007813,-6.881800174713135,1.0098299980163574,1.5886199474334717,True,204624,1.0,True,,1.0,204624,0.9818560481071472,-0.01831057189536525,1.0503744493548648,0.06745729092476217,log-depth Laplacian fallback,,,,0.09151346947228384,0.02397249300730471,0.22313911915776172,0.15229863893471585,0.12209708242539091,-0.043854685093258114,0.09513452551315192,0.041316399468846,11.394939285561758,0.9634301847495393,0.9902287585439101,1.0,0.09553302103271058,0.02501971629625141,0.22474443524617677,0.15326105786102676,0.129803633634609,-0.06216525699383788,0.1008635294107741,0.043804474248385565,11.394939283575797,0.9557940012391837,0.9893050925872946,1.0,0.09553302103271058,0.02501971629625141,0.22474443524617677,0.15326105786102676,0.129803633634609,-0.06216525699383788,0.1008635294107741,0.043804474248385565,11.394939283575797,0.9557940012391837,0.9893050925872946,1.0,0.07947594340425929,0.02129923965742254,0.20059805724340343,0.11750582114656653,0.12501635554239074,-0.07267834222434809,0.0853027013871702,0.0370464925038889,10.171994752565496,0.926415701994301,0.9927945881348977,1.0,0.08989761524520067,0.02639462834171862,0.23946292498419106,0.16363186876460925,0.1140722155050271,0.005292089664156426,0.08911128343844116,0.03870053867263162,11.394939287776777,0.9729921709092633,0.9915505000057219,1.0,0.017125252867117524,0.28561466094106436,0.07439070590771735,ok,
759xd9YjKW5,112b976211e448f08cc955a8f4315e0c,112b976211e448f08cc955a8f4315e0c_i0_5,0,5,/home/bgao491/Matterport3D/v1/scans/759xd9YjKW5/undistorted_color_images/112b976211e448f08cc955a8f4315e0c_i0_5.jpg,/home/bgao491/Matterport3D/v1/scans/759xd9YjKW5/undistorted_depth_images/112b976211e448f08cc955a8f4315e0c_d0_5.png,1024,1280,406,504,1.4155678118069965,1247737,0.9519477844238281,-6.871950149536133,0.999118983745575,1.5886900424957275,True,204624,1.0,True,,1.0,204624,0.9894360899925232,-0.010620104208825702,1.1220633534613018,0.12578937447577423,log-depth Laplacian fallback,,,,0.10383610043257889,0.022687493053511604,0.2163817148566981,0.18204073223396577,0.12243112023643724,-0.10791554891541127,0.11086870388255003,0.048149666311957086,5.782398727720553,0.9919157642996882,1.0,1.0,0.1123782024803219,0.02604592004151961,0.23146482229358226,0.19687818824117861,0.1318875072938875,-0.11853565317049058,0.12055871479728517,0.05235798458180889,5.782398730319796,0.9875390406792457,1.0,1.0,0.1123782024803219,0.02604592004151961,0.23146482229358226,0.19687818824117861,0.1318875072938875,-0.11853565317049058,0.12055871479728517,0.05235798458180889,5.782398730319796,0.9875390406792457,1.0,1.0,0.09031382537323913,0.016880979953362806,0.1824252465816515,0.15512378522921602,0.10775643386824683,-0.085913418000365,0.09553548451345666,0.04149053375014781,6.504101511735816,0.9950382171883979,1.0,1.0,0.045798488221515846,0.008677095760695747,0.15386100545004458,0.09730623831412274,0.05827718728883197,0.0072537613778842465,0.04509048225802745,0.019582547631017803,5.782398727319237,0.9980332393765673,1.0,1.0,0.017280437983572483,0.2699234171304852,0.07404070417396724,ok,
759xd9YjKW5,112b976211e448f08cc955a8f4315e0c,112b976211e448f08cc955a8f4315e0c_i1_0,1,0,/home/bgao491/Matterport3D/v1/scans/759xd9YjKW5/undistorted_color_images/112b976211e448f08cc955a8f4315e0c_i1_0.jpg,/home/bgao491/Matterport3D/v1/scans/759xd9YjKW5/undistorted_depth_images/112b976211e448f08cc955a8f4315e0c_d1_0.png,1024,1280,406,504,1.4121168655554452,1101225,0.8401679992675781,-6.8841400146484375,0.9932699799537659,1.6217999458312988,True,204624,1.0,True,,1.0,204624,0.9960405826568604,-0.003967276588201812,1.2466433845655294,0.224421923689948,log-depth Laplacian fallback,,,,0.14593727070848664,0.04876561342864458,0.27567998418143386,0.21867116210089846,0.20597566727482963,-0.15447815306102536,0.16335572381851635,0.07094448944169328,13.624417688901696,0.5075820109423597,0.9841249517582692,0.9979277622647507,0.1488735785786213,0.04996925455838101,0.2798594894458877,0.22571428395586335,0.20896753310820573,-0.15844542958289443,0.1668767863349292,0.07247366746300778,13.624417689435797,0.49131194805784467,0.9833884991713774,0.9979540965742696,0.1488735785786213,0.04996925455838101,0.2798594894458877,0.22571428395586335,0.20896753310820573,-0.15844542958289443,0.1668767863349292,0.07247366746300778,13.624417689435797,0.49131194805784467,0.9833884991713774,0.9979540965742696,0.12902936598941572,0.038549299245248574,0.2476110086690602,0.19698148178175798,0.1793089569245297,-0.1345827253733152,0.14213627529261905,0.061729000037865966,11.848709661584955,0.8123044791028173,0.9963231855433722,0.9983600081727168,0.12577291767635818,0.09511317018267108,0.5807405958785669,0.39382400472885815,0.1513782602725814,0.06597652573533154,0.11535787482201462,0.05009928847928701,13.624417688491688,0.9332615950418852,0.995388771595269,0.9973384185793094,0.01613670983351767,0.267912674928084,0.07414641696959734,ok,
759xd9YjKW5,112b976211e448f08cc955a8f4315e0c,112b976211e448f08cc955a8f4315e0c_i1_1,1,1,/home/bgao491/Matterport3D/v1/scans/759xd9YjKW5/undistorted_color_images/112b976211e448f08cc955a8f4315e0c_i1_1.jpg,/home/bgao491/Matterport3D/v1/scans/759xd9YjKW5/undistorted_depth_images/112b976211e448f08cc955a8f4315e0c_d1_1.png,1024,1280,406,504,1.4121168655554452,1121969,0.8559944152832031,-6.88755989074707,0.9925060272216797,1.6217600107192993,True,204624,1.0,True,,1.0,204624,1.0009198188781738,0.0009193961040200753,0.9859419243338136,0.015077222488176693,log-depth Laplacian fallback,,,,0.09228034583979589,0.2297457788283025,1.0937008893354774,0.3850118571190365,0.23067554118506847,-0.007643909985932188,0.09725070875303961,0.04223544617262535,23.054885803480175,0.9201947647394892,0.9377888337378305,0.9434298095580181,0.09254137292661845,0.23001456628215255,1.0937390620322092,0.3858041063199487,0.23064690561881424,-0.006724513717976841,0.09742677482279777,0.04231191069517177,23.05488581337824,0.9201395047456747,0.9377656601920374,0.94342089665579,0.09254137292661845,0.23001456628215255,1.0937390620322092,0.3858041063199487,0.23064690561881424,-0.006724513717976841,0.09742677482279777,0.04231191069517177,23.05488581337824,0.9201395047456747,0.9377656601920374,0.94342089665579,0.07847982202689067,0.20081200171988683,1.0313566397356968,0.34621382103235043,0.2120819352111531,-0.012313312838183004,0.0829423278009999,0.03602139528018494,21.172418277054884,0.9211609233410192,0.9385294959129887,0.9443719033235322,0.08978151764893134,0.22633686974194678,1.0943211339539616,0.37814900190095196,0.23157739673977232,-0.021801713914447178,0.09603770631009285,0.04170864590511843,23.054885805651374,0.9211074459276504,0.9383592594804313,0.9435233950314135,0.018382659880444407,0.2712117040064186,0.07409488596022129,ok,
759xd9YjKW5,112b976211e448f08cc955a8f4315e0c,112b976211e448f08cc955a8f4315e0c_i1_2,1,2,/home/bgao491/Matterport3D/v1/scans/759xd9YjKW5/undistorted_color_images/112b976211e448f08cc955a8f4315e0c_i1_2.jpg,/home/bgao491/Matterport3D/v1/scans/759xd9YjKW5/undistorted_depth_images/112b976211e448f08cc955a8f4315e0c_d1_2.png,1024,1280,406,504,1.4121168655554452,1167842,0.8909927368164062,-6.88992977142334,0.9950820207595825,1.6217399835586548,True,204624,1.0,True,,1.0,204624,0.992914617061615,-0.0071106034660825485,0.9978658817984309,0.004974204789150694,log-depth Laplacian fallback,,,,0.012894209014156917,0.003348674592517959,0.1264066828316806,0.058910704208678624,0.025375822585601563,0.0014657340770581955,0.012776201428411875,0.005548633780043723,2.533345605146042,0.9990161340318297,0.999642931149933,0.9997876425064349,0.013503302923542513,0.0035103614300008644,0.13159343202725374,0.061989237301264564,0.025954740333236456,-0.005644869485508725,0.01347708770338495,0.005853024821706259,2.533345602671108,0.9990375410372293,0.9996489251114449,0.9998321690776664,0.013503302923542513,0.0035103614300008644,0.13159343202725374,0.061989237301264564,0.025954740333236456,-0.005644869485508725,0.01347708770338495,0.005853024821706259,2.533345602671108,0.9990375410372293,0.9996489251114449,0.9998321690776664,0.017168868436712795,0.004476886514034533,0.15387003889744483,0.07842740487597596,0.029534721452415643,-0.007992454770092866,0.017273719012770722,0.00750188084919362,2.843273532426665,0.9991454323444439,0.9996634818751167,0.9999323538629369,0.012712801475168723,0.003350580273491527,0.12713655064998217,0.058190743151255754,0.02534233258299067,-0.0006706907736792772,0.012622092700019426,0.005481705209689755,2.5333456034126334,0.9990289782350694,0.9996446437103649,0.9998013429898908,0.011222928995266557,0.27530577406287193,0.07578081707470119,ok,
759xd9YjKW5,112b976211e448f08cc955a8f4315e0c,112b976211e448f08cc955a8f4315e0c_i1_3,1,3,/home/bgao491/Matterport3D/v1/scans/759xd9YjKW5/undistorted_color_images/112b976211e448f08cc955a8f4315e0c_i1_3.jpg,/home/bgao491/Matterport3D/v1/scans/759xd9YjKW5/undistorted_depth_images/112b976211e448f08cc955a8f4315e0c_d1_3.png,1024,1280,406,504,1.4121168655554452,1263757,0.9641700744628906,-6.888879776000977,0.9984220266342163,1.6217600107192993,True,193577,0.9460131753850965,True,,1.0,193577,0.9985819458961487,-0.001419060494095101,1.0352042912684762,0.036017850602085136,log-depth Laplacian fallback,,,,0.06397101577894253,0.05640165788632351,0.4393141092749178,0.23975628593508141,0.10972178649696958,-0.02182007140212656,0.06066945377893116,0.026348408996274213,10.753025116725373,0.9651982145301667,0.9894156867182536,0.9920016268950439,0.06457362613313825,0.056582498356699165,0.44106140206945793,0.24261781350954403,0.11001278190883258,-0.023239131927500132,0.06136326636750736,0.02664972797496786,10.75302512346019,0.9652053361524408,0.9894299299628014,0.9920166614309555,0.06457362613313825,0.056582498356699165,0.44106140206945793,0.24261781350954403,0.11001278190883258,-0.023239131927500132,0.06136326636750736,0.02664972797496786,10.75302512346019,0.9652053361524408,0.9894299299628014,0.9920166614309555,0.06204079012201459,0.05469802862185619,0.4329049067897511,0.23117240914175513,0.10795168890487802,-0.015885254278281583,0.05866435848799969,0.025477607175732473,10.677652285933412,0.9653113691951855,0.9895177633041795,0.9921298160959742,0.05738013440250293,0.0561708518749807,0.41337313950035587,0.19344282852238767,0.10828689008710249,0.012778718801827665,0.05202575958153716,0.022594500303086823,10.753025114134177,0.9660306530448496,0.989092048550473,0.9916795713099907,0.020378323970362544,0.2763226160313934,0.07426975201815367,ok,
759xd9YjKW5,112b976211e448f08cc955a8f4315e0c,112b976211e448f08cc955a8f4315e0c_i1_4,1,4,/home/bgao491/Matterport3D/v1/scans/759xd9YjKW5/undistorted_color_images/112b976211e448f08cc955a8f4315e0c_i1_4.jpg,/home/bgao491/Matterport3D/v1/scans/759xd9YjKW5/undistorted_depth_images/112b976211e448f08cc955a8f4315e0c_d1_4.png,1024,1280,406,504,1.4121168655554452,1301611,0.9930503845214844,-6.885469913482666,0.9991859793663025,1.6217999458312988,True,204624,1.0,True,,1.0,204624,0.9172036051750183,-0.08642579737482355,1.0669630927902656,0.1512421793963576,log-depth Laplacian fallback,,,,0.14947267835732875,0.06202295529816809,0.332995634301075,0.24347220051881724,0.18110702167815967,-0.044699582702182154,0.1498678579805775,0.06508678373562504,17.550413273591072,0.9605673277192648,0.9802967245974412,0.9945613551206928,0.1656615565957147,0.06391011084879854,0.33239009854394663,0.2670608638051703,0.21907890339625838,-0.1311253801065913,0.17942054120534978,0.0779213509855784,17.550413272971397,0.5005566179142616,0.9848687511092024,0.9957160779987262,0.1656615565957147,0.06391011084879854,0.33239009854394663,0.2670608638051703,0.21907890339625838,-0.1311253801065913,0.17942054120534978,0.0779213509855784,17.550413272971397,0.5005566179142616,0.9848687511092024,0.9957160779987262,0.16822543506876353,0.06767756157308845,0.33195128950285824,0.2611794664066654,0.23596802294966696,-0.14533287966112535,0.18568534771503578,0.0806421218829267,18.59012155532594,0.5505838533939864,0.9889098970429722,0.9951099061086607,0.1551469740108378,0.08317533056708787,0.42239670820466096,0.30530327672441226,0.17665329210361513,0.02011678414313469,0.14570021499248473,0.06327679938335358,17.550413273420002,0.9087354055858471,0.9757946114468916,0.9904933194326108,0.012280962895601988,0.2673221619334072,0.07439187588170171,ok,
759xd9YjKW5,112b976211e448f08cc955a8f4315e0c,112b976211e448f08cc955a8f4315e0c_i1_5,1,5,/home/bgao491/Matterport3D/v1/scans/759xd9YjKW5/undistorted_color_images/112b976211e448f08cc955a8f4315e0c_i1_5.jpg,/home/bgao491/Matterport3D/v1/scans/759xd9YjKW5/undistorted_depth_images/112b976211e448f08cc955a8f4315e0c_d1_5.png,1024,1280,406,504,1.4121168655554452,976596,0.7450836181640625,-6.8831000328063965,0.9966099858283997,1.6218199729919434,True,204624,1.0,True,,1.0,204624,0.9828153252601624,-0.017334044988881196,1.043756614607776,0.06016037950049581,log-depth Laplacian fallback,,,,0.047133823769565895,0.01689203656113575,0.26726934450815065,0.1859600303993828,0.06428189914615545,-0.03733731652582254,0.04752747826029997,0.02064092154722503,5.232673649757875,0.9932449037268225,0.9979602619711734,0.9992402180635596,0.06118320468949695,0.022377440883397406,0.31347552871647677,0.24579631958049453,0.07567724307920252,-0.05467136154204027,0.06251216861829646,0.027148689882731766,5.232673644713787,0.9936012435029429,0.9979930288471385,0.9992473858176769,0.06118320468949695,0.022377440883397406,0.31347552871647677,0.24579631958049453,0.07567724307920252,-0.05467136154204027,0.06251216861829646,0.027148689882731766,5.232673644713787,0.9936012435029429,0.9979930288471385,0.9992473858176769,0.055395801911872114,0.019918281811919944,0.29033119512797656,0.21710348936214993,0.07187679641181953,-0.04760691208072112,0.056386956064588975,0.02448854387017211,5.3850309047995655,0.9934179537905131,0.997975621444282,0.9992422659933073,0.027530169687131407,0.013609616952146701,0.2371771705561715,0.11036695187882103,0.05261384386773854,0.005489007998663842,0.026434948602744045,0.011480552307567822,5.232673654767104,0.9917212439944461,0.9978855125353779,0.9992074511875945,0.017425477970391512,0.2859699798282236,0.07432280504144728,ok,
759xd9YjKW5,112b976211e448f08cc955a8f4315e0c,112b976211e448f08cc955a8f4315e0c_i2_0,2,0,/home/bgao491/Matterport3D/v1/scans/759xd9YjKW5/undistorted_color_images/112b976211e448f08cc955a8f4315e0c_i2_0.jpg,/home/bgao491/Matterport3D/v1/scans/759xd9YjKW5/undistorted_depth_images/112b976211e448f08cc955a8f4315e0c_d2_0.png,1024,1280,406,504,1.4165615917841592,1238493,0.9448951721191406,-6.877019882202148,0.985040009021759,1.6550999879837036,True,204624,1.0,True,,1.0,204624,0.9905236959457397,-0.009521489913392463,1.0185397574670916,0.027891481150044414,log-depth Laplacian fallback,,,,0.02943931864966765,0.004226297800092801,0.09091889705400627,0.05835422868345041,0.043311566955657334,-0.018128945798011515,0.02950816972246082,0.012815235281529344,3.933488472599289,0.9957852002393232,0.999059340666439,0.9997117464531491,0.03487036187327242,0.005053064095633015,0.10107314457928776,0.07189258559095993,0.04808097075757906,-0.02765043564844506,0.03524396088506749,0.01530625773279886,3.933488473915199,0.9963762411253031,0.9991029420432735,0.9997278951112359,0.03487036187327242,0.005053064095633015,0.10107314457928776,0.07189258559095993,0.04808097075757906,-0.02765043564844506,0.03524396088506749,0.01530625773279886,3.933488473915199,0.9963762411253031,0.9991029420432735,0.9997278951112359,0.028660872911129984,0.00449678109814105,0.09272783941588157,0.05483370998760341,0.04567731330055241,-0.016631389026868986,0.028820613450867907,0.012516633386778568,4.254190697881048,0.9966015149056151,0.9989826345405263,0.9997117464531491,0.024638433411197643,0.0036737673412754837,0.0834473614158302,0.045597019558975216,0.03933562346901415,0.00024107379636094286,0.024225294787925816,0.010520911848875786,3.933488473506393,0.9954452709865942,0.9989697156140568,0.9996867160331144,0.016714097931981087,0.267323279986158,0.0726241790689528,ok,
759xd9YjKW5,112b976211e448f08cc955a8f4315e0c,112b976211e448f08cc955a8f4315e0c_i2_1,2,1,/home/bgao491/Matterport3D/v1/scans/759xd9YjKW5/undistorted_color_images/112b976211e448f08cc955a8f4315e0c_i2_1.jpg,/home/bgao491/Matterport3D/v1/scans/759xd9YjKW5/undistorted_depth_images/112b976211e448f08cc955a8f4315e0c_d2_1.png,1024,1280,406,504,1.4165615917841592,1257700,0.9595489501953125,-6.8912200927734375,0.9818639755249023,1.6549400091171265,True,204624,1.0,True,,1.0,204624,1.0007823705673218,0.0007820646750065033,1.0086193198130178,0.007800320881360672,log-depth Laplacian fallback,,,,0.029457499508393475,0.0070099866899123175,0.1349842835155412,0.07006939807301761,0.0463860103275137,-0.005638268692916655,0.028992420719696252,0.012591248335581576,4.604206642029312,0.9927709310646418,0.9986340144708595,0.9996024489146855,0.029352128253257594,0.007029654996197646,0.13542669443463598,0.07011689223289262,0.04629745776942274,-0.004856203993375472,0.02886405379748389,0.012535499289605857,4.604206640330347,0.9927351514669635,0.9986332193686889,0.9996016538125149,0.029352128253257594,0.007029654996197646,0.13542669443463598,0.07011689223289262,0.04629745776942274,-0.004856203993375472,0.02886405379748389,0.012535499289605857,4.604206640330347,0.9927351514669635,0.9986332193686889,0.9996016538125149,0.03022059376834701,0.007513884612991146,0.14202821420871153,0.07446483345434379,0.047313744991078203,0.0023739918456675987,0.029507716349692122,0.012815038384237651,4.725414931831364,0.9922644509819512,0.998645941003419,0.9996048342211974,0.028958913758267046,0.007390533812045909,0.14132556114664763,0.07225332591163436,0.04613609907495931,0.0029441056079186996,0.02824420340511825,0.01226630168459589,4.604206641783016,0.9923837163075455,0.9985863083406218,0.999580186053908,0.010919668013229966,0.27053493494167924,0.07479711808264256,ok,
759xd9YjKW5,112b976211e448f08cc955a8f4315e0c,112b976211e448f08cc955a8f4315e0c_i2_2,2,2,/home/bgao491/Matterport3D/v1/scans/759xd9YjKW5/undistorted_color_images/112b976211e448f08cc955a8f4315e0c_i2_2.jpg,/home/bgao491/Matterport3D/v1/scans/759xd9YjKW5/undistorted_depth_images/112b976211e448f08cc955a8f4315e0c_d2_2.png,1024,1280,406,504,1.4165615917841592,1249286,0.9531295776367188,-6.9010701179504395,0.9925730228424072,1.654860019683838,True,204624,1.0,True,,1.0,204624,1.0982850790023804,0.09374994418075512,1.1771849327863788,0.0693759939184387,log-depth Laplacian fallback,,,,0.15051452072444255,0.0600999392841654,0.4186154442816686,0.4000871950356017,0.16352733262545757,-0.16296305582287574,0.16315421085599954,0.07085697347404014,1.3573170317480152,0.9998807318740465,0.9999255574784317,1.0,0.06719760223768019,0.012106771343653483,0.1862300128772243,0.17678653597672372,0.07053145247506035,-0.06921311171450317,0.06957148125522067,0.030214510406977844,1.3573170412155016,0.9998351058124401,0.9999015437617967,1.0,0.06719760223768019,0.012106771343653483,0.1862300128772243,0.17678653597672372,0.07053145247506035,-0.06921311171450317,0.06957148125522067,0.030214510406977844,1.3573170412155016,0.9998351058124401,0.9999015437617967,1.0,0.06258574959244663,0.010154572600484097,0.16403624551024987,0.157519058484534,0.06691194552179666,-0.06432521300924952,0.06471730853682477,0.028106369981173218,1.8424858882134207,0.999805488895257,0.9999047455906814,1.0,0.00827068815863463,0.0006736696537570107,0.04585443328979085,0.02376631266348888,0.013574147679533017,0.00016288786607072356,0.008221596008612704,0.003570593778978296,1.3573170328587885,0.9994861064640123,0.999892738732364,1.0,0.011802288936451077,0.2745820330455899,0.07072964310646057,ok,
759xd9YjKW5,112b976211e448f08cc955a8f4315e0c,112b976211e448f08cc955a8f4315e0c_i2_3,2,3,/home/bgao491/Matterport3D/v1/scans/759xd9YjKW5/undistorted_color_images/112b976211e448f08cc955a8f4315e0c_i2_3.jpg,/home/bgao491/Matterport3D/v1/scans/759xd9YjKW5/undistorted_depth_images/112b976211e448f08cc955a8f4315e0c_d2_3.png,1024,1280,406,504,1.4165615917841592,1262407,0.9631401062011719,-6.896719932556152,1.0064599514007568,1.6549500226974487,True,204624,1.0,True,,1.0,204624,1.0775684118270874,0.07470703223511889,1.1544529630409066,0.06891957447004783,log-depth Laplacian fallback,,,,0.1290312309061389,0.04186167156524422,0.30788362303622124,0.29510510812321167,0.14640352350339875,-0.13303100846915633,0.13802838027467068,0.059944963899333126,6.112890052904177,0.9952558881565137,0.9982842300462529,0.9992949975720984,0.0666234956625741,0.016535054977924877,0.1884053528803484,0.14355940875527812,0.08448922220030128,-0.05832397632883112,0.06837392867481297,0.029694419929517782,6.112890031078449,0.9942150194034095,0.9970524561413237,0.9989638840722525,0.0666234956625741,0.016535054977924877,0.1884053528803484,0.14355940875527812,0.08448922220030128,-0.05832397632883112,0.06837392867481297,0.029694419929517782,6.112890031078449,0.9942150194034095,0.9970524561413237,0.9989638840722525,0.06363671663136501,0.015868284030292733,0.18429813978135814,0.13590177941729528,0.08281953800061129,-0.055988790248409026,0.06525894070939979,0.02834159784494382,6.102729914681097,0.9941880867263886,0.9970247313267433,0.9989995302624273,0.04019985854108327,0.014471495146222053,0.1959377482198434,0.10746567656001221,0.062040377132127976,0.010595560890069734,0.0385344032714118,0.016735278704208757,6.112890056365723,0.9931575157615571,0.99620882964052,0.9986771302757351,0.01670115697197616,0.2716748691163957,0.07087429310195148,ok,
759xd9YjKW5,112b976211e448f08cc955a8f4315e0c,112b976211e448f08cc955a8f4315e0c_i2_4,2,4,/home/bgao491/Matterport3D/v1/scans/759xd9YjKW5/undistorted_color_images/112b976211e448f08cc955a8f4315e0c_i2_4.jpg,/home/bgao491/Matterport3D/v1/scans/759xd9YjKW5/undistorted_depth_images/112b976211e448f08cc955a8f4315e0c_d2_4.png,1024,1280,406,504,1.4165615917841592,1246603,0.9510826110839844,-6.8825201988220215,1.0096299648284912,1.6551100015640259,True,204624,1.0,True,,1.0,204624,1.0549219846725464,0.05346681601604738,1.104134009095064,0.045594509522163935,log-depth Laplacian fallback,,,,0.09292066980752837,0.01961546931691044,0.19945648689804518,0.17813403888545956,0.10392716019482441,-0.09101536036371785,0.09698693825356608,0.042120892100215135,5.0170298026055935,0.9910661212912211,0.9982207647502854,1.0,0.047382410142580454,0.009000358511150197,0.13672889980477626,0.08958160305256944,0.0626653969715192,-0.03754854430530685,0.04772881801138658,0.02072836229010972,5.017029796752752,0.9927490949404101,0.9977001499274428,0.999845981439159,0.047382410142580454,0.009000358511150197,0.13672889980477626,0.08958160305256944,0.0626653969715192,-0.03754854430530685,0.04772881801138658,0.02072836229010972,5.017029796752752,0.9927490949404101,0.9977001499274428,0.999845981439159,0.04684368742963573,0.008773326194684971,0.13323410647411965,0.08571565500914104,0.06315967810094449,-0.0370300721805401,0.04725053562151338,0.020520646887396302,5.116560067192523,0.992753105840432,0.9977290284076005,0.9998901013393999,0.026712885387029844,0.008312008976361123,0.14236299076586276,0.06140599106464117,0.05081137367626534,0.008045923934688923,0.025502369877538268,0.011075538513270575,5.017029801492383,0.9916091971541862,0.997151458804447,0.9995106701973283,0.011518928920850158,0.278766913106665,0.07443690090440214,ok,
759xd9YjKW5,112b976211e448f08cc955a8f4315e0c,112b976211e448f08cc955a8f4315e0c_i2_5,2,5,/home/bgao491/Matterport3D/v1/scans/759xd9YjKW5/undistorted_color_images/112b976211e448f08cc955a8f4315e0c_i2_5.jpg,/home/bgao491/Matterport3D/v1/scans/759xd9YjKW5/undistorted_depth_images/112b976211e448f08cc955a8f4315e0c_d2_5.png,1024,1280,406,504,1.4165615917841592,1253161,0.9560859680175782,-6.8726701736450195,0.9989240169525146,1.6551899909973145,True,204624,1.0,True,,1.0,204624,0.9082901477813721,-0.09619140541007093,1.1348087452803628,0.22265553578373118,log-depth Laplacian fallback,,,,0.12173912168379458,0.03537294829546517,0.2972861669732636,0.289079438855667,0.1346674114683656,-0.12819543000193895,0.1301986750222711,0.0565445661132871,4.124613240302734,0.9848335529113976,1.0,1.0,0.20111968228987198,0.09754422824257915,0.504795491599995,0.4888406848253302,0.22814621492220488,-0.22438683551410585,0.22515935755265445,0.09778546653399915,4.124613231921879,0.5060586788130177,0.9986474204032841,1.0,0.20111968228987198,0.09754422824257915,0.504795491599995,0.4888406848253302,0.22814621492220488,-0.22438683551410585,0.22515935755265445,0.09778546653399915,4.124613231921879,0.5060586788130177,0.9986474204032841,1.0,0.2023770856270008,0.09743102919788728,0.4868283878868697,0.4747691478665711,0.24017913906218435,-0.22779026938235725,0.22869996941184906,0.09932313472700852,7.614205155737013,0.5921784990116992,0.9974488513447195,1.0,0.02639970050583633,0.003872234673115355,0.09664204038376915,0.06166128468658976,0.04128245066990501,-0.0017312700982078286,0.026336661656544767,0.011437866829190341,4.12461323903247,0.9946782576221251,1.0,1.0,0.01736218691803515,0.2893231331836432,0.07484706002287567,ok,
759xd9YjKW5,146714339e954166a2f701202e030c29,146714339e954166a2f701202e030c29_i0_0,0,0,/home/bgao491/Matterport3D/v1/scans/759xd9YjKW5/undistorted_color_images/146714339e954166a2f701202e030c29_i0_0.jpg,/home/bgao491/Matterport3D/v1/scans/759xd9YjKW5/undistorted_depth_images/146714339e954166a2f701202e030c29_d0_0.png,1024,1280,406,504,1.4155678118069965,1243696,0.94886474609375,-7.065859794616699,-4.934760093688965,1.567520022392273,True,76719,0.3749266948158574,True,,1.0,76719,0.9750480651855469,-0.025268511573175993,1.3694306278787527,0.33966356493905564,log-depth Laplacian fallback,,,,0.21618339580504126,0.12144610981181468,0.5350753729947106,0.47710162337956963,0.278745900180335,-0.22650008660341245,0.2487164844750577,0.10801619676589336,16.247149791884098,0.3210945440043226,0.9959740965637905,0.999738682121676,0.23013215534119066,0.13769954826476674,0.5746919988449166,0.5152076355209755,0.2996404757152174,-0.2517685981726617,0.2683039433896845,0.11652292208702246,16.247149799584726,0.319753380247263,0.9963174280531577,0.999865722813292,0.23013215534119066,0.13769954826476674,0.5746919988449166,0.5152076355209755,0.2996404757152174,-0.2517685981726617,0.2683039433896845,0.11652292208702246,16.247149799584726,0.319753380247263,0.9963174280531577,0.999865722813292,0.22553316065273132,0.1332456308054538,0.5626588243137243,0.5000324465581807,0.2976535956931516,-0.253564229670439,0.2636430611732623,0.11449872665962926,15.589369602616717,0.315888287813099,0.9797136920919581,0.999918790443967,0.13725146385376763,0.14004973004818602,0.6545251235175288,0.40192400186979244,0.1847228115014116,0.08789499109065792,0.11836203984759282,0.0514039807726224,16.247149790089093,0.7197916532657498,0.9843932922514826,0.994880581749881,0.01219087396748364,0.2741638550069183,0.07385518797673285,ok,
759xd9YjKW5,146714339e954166a2f701202e030c29,146714339e954166a2f701202e030c29_i0_4,0,4,/home/bgao491/Matterport3D/v1/scans/759xd9YjKW5/undistorted_color_images/146714339e954166a2f701202e030c29_i0_4.jpg,/home/bgao491/Matterport3D/v1/scans/759xd9YjKW5/undistorted_depth_images/146714339e954166a2f701202e030c29_d0_4.png,1024,1280,406,504,1.4155678118069965,1242337,0.9478279113769531,-7.06790018081665,-4.959869861602783,1.5682200193405151,True,53634,0.26211001642036125,True,,1.0,53634,0.9302837252616882,-0.0722656584360119,1.3034066152063393,0.3372469686855537,log-depth Laplacian fallback,,,,0.21741331141581208,0.1352997339628353,0.588071831598445,0.5074660735825636,0.29467744857742034,-0.23011903715243853,0.252823197080784,0.10979971938932277,18.40652803766447,0.4309724334057506,0.8948513970041945,0.9991057176917374,0.26012030606573294,0.1887344188910085,0.7211546167071685,0.6342315660144365,0.3540007507670157,-0.30238469553748026,0.3127426003509478,0.13582238558849066,18.40652803988741,0.35316423804491054,0.6940934706122412,0.9997311518533216,0.26012030606573294,0.1887344188910085,0.7211546167071685,0.6342315660144365,0.3540007507670157,-0.30238469553748026,0.3127426003509478,0.13582238558849066,18.40652803988741,0.35316423804491054,0.6940934706122412,0.9997311518533216,0.26702119206544345,0.19034660203891898,0.7174568406999874,0.6414203026562488,0.3589168743099725,-0.3136697486827124,0.3215284687059528,0.13963803973379774,17.444945235157554,0.34905504706049967,0.6887253619589532,0.9999983901308582,0.16217577381678977,0.1198458222878796,0.5949944627087477,0.453556384903341,0.18733767508053406,0.03486225851827159,0.151750324691637,0.06590432864060476,18.406528036429073,0.8271974512551747,0.9880137193048263,0.9941127085484857,0.011705043027177453,0.2719981281552464,0.07233040011487901,ok,
759xd9YjKW5,146714339e954166a2f701202e030c29,146714339e954166a2f701202e030c29_i0_5,0,5,/home/bgao491/Matterport3D/v1/scans/759xd9YjKW5/undistorted_color_images/146714339e954166a2f701202e030c29_i0_5.jpg,/home/bgao491/Matterport3D/v1/scans/759xd9YjKW5/undistorted_depth_images/146714339e954166a2f701202e030c29_d0_5.png,1024,1280,406,504,1.4155678118069965,1238675,0.9450340270996094,-7.074130058288574,-4.946720123291016,1.5679099559783936,True,68848,0.33646102119008525,True,,1.0,68848,0.9488635659217834,-0.05249025685951987,1.2061472631438614,0.23992145645268492,log-depth Laplacian fallback,,,,0.19852664051253,0.10799103080414618,0.6060611599926674,0.5413101846993211,0.24698477715592468,-0.21275208098354767,0.22393362411235376,0.09725313726459223,12.545131399842626,0.6432599350112015,0.985221305023513,0.9997771812622358,0.23760621752982614,0.15486011760278523,0.7422810601736904,0.665983550942798,0.2934135817730744,-0.26524233782960843,0.2744677567998348,0.11919983223853194,12.545131402894317,0.31710739298040247,0.9227408319373525,1.0,0.23760621752982614,0.15486011760278523,0.7422810601736904,0.665983550942798,0.2934135817730744,-0.26524233782960843,0.2744677567998348,0.11919983223853194,12.545131402894317,0.31710739298040247,0.9227408319373525,1.0,0.23973366944613955,0.14902196763545228,0.7106751504193939,0.6515335504772478,0.29745933084025133,-0.2688896805487506,0.27769017456151845,0.12059931049081828,12.720217450311516,0.370970593577815,0.8720269642965265,1.0,0.08326819040295019,0.033076926961345135,0.2630070743088284,0.15344664175079686,0.12798115922346662,-0.025320839941956635,0.08410566450880268,0.036526625992979185,12.545131398600864,0.9391842089329324,0.9892183179607241,0.9971380709225584,0.012167026055976748,0.29641294409520924,0.07398454495705664,ok,
759xd9YjKW5,146714339e954166a2f701202e030c29,146714339e954166a2f701202e030c29_i1_0,1,0,/home/bgao491/Matterport3D/v1/scans/759xd9YjKW5/undistorted_color_images/146714339e954166a2f701202e030c29_i1_0.jpg,/home/bgao491/Matterport3D/v1/scans/759xd9YjKW5/undistorted_depth_images/146714339e954166a2f701202e030c29_d1_0.png,1024,1280,406,504,1.4121168655554452,1150906,0.8780715942382813,-7.060890197753906,-4.9438300132751465,1.6009999513626099,True,195647,0.9561292907967784,True,,1.0,195647,0.9837756156921387,-0.01635744076651571,0.9908503939633095,0.007165719998883529,log-depth Laplacian fallback,,,,0.045087720697665014,0.04338709321440311,0.38740075185478967,0.16177411482248966,0.09103324555328274,0.024756521357765775,0.04069539890291982,0.017673787182389742,8.76023198678366,0.9772909342726512,0.988146729619969,0.9957720265599449,0.043785066917860965,0.04044986091245741,0.37868417458797926,0.16516179862735111,0.08800403979770577,0.008399080677910151,0.040109415854437044,0.0174192979779448,8.760231997203121,0.9778009672379847,0.9883630809119076,0.9962455665362766,0.043785066917860965,0.04044986091245741,0.37868417458797926,0.16516179862735111,0.08800403979770577,0.008399080677910151,0.040109415854437044,0.0174192979779448,8.760231997203121,0.9778009672379847,0.9883630809119076,0.9962455665362766,0.04574577860434642,0.03893425057893406,0.37824762443699406,0.1797421295467809,0.08738781631930848,0.006430905117527828,0.04253189218237183,0.01847136607970813,8.715086861544497,0.9780633692065208,0.9885803010845369,0.9965183950730989,0.043433154984874205,0.04147391117360082,0.38097174694817215,0.16027895482049706,0.08897431827284696,0.015564795611105747,0.039445766320025784,0.017131078647232328,8.760231988767405,0.9776532575205968,0.9882892260532137,0.9960100998691466,0.011289741145446897,0.2708306359127164,0.07073974795639515,ok,
759xd9YjKW5,146714339e954166a2f701202e030c29,146714339e954166a2f701202e030c29_i1_1,1,1,/home/bgao491/Matterport3D/v1/scans/759xd9YjKW5/undistorted_color_images/146714339e954166a2f701202e030c29_i1_1.jpg,/home/bgao491/Matterport3D/v1/scans/759xd9YjKW5/undistorted_depth_images/146714339e954166a2f701202e030c29_d1_1.png,1024,1280,406,504,1.4121168655554452,1070023,0.8163627624511719,-7.057409763336182,-4.944119930267334,1.6009800434112549,True,180500,0.8821057158495582,True,,1.0,180500,1.0411056280136108,0.04028325231779871,1.044369021945532,0.0031296439835800036,log-depth Laplacian fallback,,,,0.06238935690120336,0.02959787260585111,0.3501932727310229,0.20318252389046149,0.10271506349898848,-0.04244315164155813,0.06632495783275565,0.028804563199231647,9.35358922998703,0.968255822538394,0.9824947688040351,1.0,0.046166062775840545,0.023716358076274355,0.30611260818576197,0.13733109140118532,0.09356082694896006,-0.002159899344623655,0.04795136559318425,0.020825013476845372,9.353589243811355,0.972583766890992,0.9833143773545054,0.9999990654406494,0.046166062775840545,0.023716358076274355,0.30611260818576197,0.13733109140118532,0.09356082694896006,-0.002159899344623655,0.04795136559318425,0.020825013476845372,9.353589243811355,0.972583766890992,0.9833143773545054,0.9999990654406494,0.04898825663045892,0.02257078008320943,0.30287747496968886,0.1539515848630592,0.08692535613717499,0.008864671939001166,0.050149579449675144,0.02177968562476264,8.64721639083271,0.9723716219184073,0.9911515920685817,1.0,0.04610838120008456,0.0236301181972461,0.30427047046034106,0.13575946463464403,0.09354091873893251,0.0009697067060900655,0.04774939485815793,0.02073729870111748,9.353589229503154,0.9727267544716328,0.9833255920667126,0.9999962617625976,0.018772799987345934,0.26819156506098807,0.07397370808757842,ok,
759xd9YjKW5,146714339e954166a2f701202e030c29,146714339e954166a2f701202e030c29_i1_4,1,4,/home/bgao491/Matterport3D/v1/scans/759xd9YjKW5/undistorted_color_images/146714339e954166a2f701202e030c29_i1_4.jpg,/home/bgao491/Matterport3D/v1/scans/759xd9YjKW5/undistorted_depth_images/146714339e954166a2f701202e030c29_d1_4.png,1024,1280,406,504,1.4121168655554452,1234653,0.9419654846191406,-7.061379909515381,-4.9498701095581055,1.6011699438095093,True,160500,0.7843654703260614,True,,1.0,160500,0.998909592628479,-0.001091002298153174,1.0073622678996879,0.008426300992310704,log-depth Laplacian fallback,,,,0.07390082534027624,0.062487615982532024,0.3881023262059181,0.22008583253565075,0.12750368982753726,0.016406213705754902,0.06597040465109923,0.028650582708897022,12.64437703941081,0.9347954445500072,0.9850030737381272,0.9950002146352052,0.07401516893229174,0.06238719131962471,0.38868229019719874,0.22143602276246419,0.12736790308489274,0.01531521134779926,0.06616543417806896,0.028735282956268166,12.644377026020248,0.9350092698110319,0.9850395212258019,0.9950156035744456,0.07401516893229174,0.06238719131962471,0.38868229019719874,0.22143602276246419,0.12736790308489274,0.01531521134779926,0.06616543417806896,0.028735282956268166,12.644377026020248,0.9350092698110319,0.9850395212258019,0.9950156035744456,0.08328313236589875,0.06914676686222215,0.4042903244118544,0.2461379300649261,0.13502794746629274,0.023674974535848423,0.07408208423145266,0.03217344038961181,13.293623350195702,0.9274921779641729,0.9873988885946092,0.9946462690326756,0.07385679671627154,0.06343504289852518,0.3858300106802033,0.21444404389333996,0.12865335391665314,0.023741491158189066,0.06538520856563387,0.02839643527814803,12.644377039454827,0.9335910575684018,0.9848013976396607,0.9949135506089565,0.019428540021181107,0.27433780301362276,0.07196307717822492,ok,
759xd9YjKW5,146714339e954166a2f701202e030c29,146714339e954166a2f701202e030c29_i1_5,1,5,/home/bgao491/Matterport3D/v1/scans/759xd9YjKW5/undistorted_color_images/146714339e954166a2f701202e030c29_i1_5.jpg,/home/bgao491/Matterport3D/v1/scans/759xd9YjKW5/undistorted_depth_images/146714339e954166a2f701202e030c29_d1_5.png,1024,1280,406,504,1.4121168655554452,1208689,0.9221565246582031,-7.062880039215088,-4.946710109710693,1.6010899543762207,True,158651,0.7753293846274142,True,,1.0,158651,0.9757623672485352,-0.0245361983939612,0.9917273602496134,0.0162291504636354,log-depth Laplacian fallback,,,,0.06518952965115837,0.06431145004639605,0.3591757163318595,0.18890462329285448,0.1255530416417288,0.03159639972853411,0.05509560100367538,0.023927715493039473,12.151227834949182,0.9574448017645565,0.9880713731985648,0.9932803227298337,0.0665107084763714,0.060303674020749785,0.3565577759629317,0.20998303446524438,0.12171721413760717,0.007060201380756793,0.057999061291810344,0.02518867227460173,12.151227828447327,0.9636151234933056,0.989176703022862,0.9937519080590623,0.0665107084763714,0.060303674020749785,0.3565577759629317,0.20998303446524438,0.12171721413760717,0.007060201380756793,0.057999061291810344,0.02518867227460173,12.151227828447327,0.9636151234933056,0.989176703022862,0.9937519080590623,0.0626015645955353,0.06372219674317109,0.35254853952608345,0.18639058713733409,0.12250875263067555,0.014080567949395488,0.05339097386142222,0.023187405331456426,12.169688606265368,0.964469768484697,0.9888441112643533,0.9931818689505737,0.06377046978717643,0.06230332343779364,0.3538258291152399,0.18615561057242536,0.12372399648954899,0.02328934360773817,0.054211040663790636,0.023543555818517078,12.151227831650033,0.9596521520424195,0.9884718070570676,0.9934482732944537,0.011323556071147323,0.2663659017998725,0.07415451412089169,ok,
759xd9YjKW5,146714339e954166a2f701202e030c29,146714339e954166a2f701202e030c29_i2_0,2,0,/home/bgao491/Matterport3D/v1/scans/759xd9YjKW5/undistorted_color_images/146714339e954166a2f701202e030c29_i2_0.jpg,/home/bgao491/Matterport3D/v1/scans/759xd9YjKW5/undistorted_depth_images/146714339e954166a2f701202e030c29_d2_0.png,1024,1280,406,504,1.4165615917841592,1257660,0.9595184326171875,-7.065390110015869,-4.9329400062561035,1.6339999437332153,True,138179,0.6752824693095629,True,,1.0,138179,1.023964285850525,0.023681648909999103,1.03349148638776,0.009261213544823448,log-depth Laplacian fallback,,,,0.04380446771641298,0.00788628236162594,0.1310607198857858,0.0916143847323593,0.05927152778433736,-0.03534946215789979,0.04460732249003432,0.019372714009900736,4.757656493523557,0.9958820348901929,0.9988510408218437,0.9999761461762321,0.033887720037312316,0.006480354826295686,0.12371673184798072,0.07410719664209477,0.04898640016207071,-0.011667813425275947,0.033795111596903925,0.014677030481839966,4.757656493181776,0.9953532751300034,0.9987071227517771,0.99989583830288,0.033887720037312316,0.006480354826295686,0.12371673184798072,0.07410719664209477,0.04898640016207071,-0.011667813425275947,0.033795111596903925,0.014677030481839966,4.757656493181776,0.9953532751300034,0.9987071227517771,0.99989583830288,0.0324239531505408,0.0063311182197317685,0.12326721905403323,0.07239902667803022,0.0474340564549251,-0.006108130683818469,0.032149851332096815,0.013962503027539562,4.703913744233005,0.9953278310513175,0.9987047373694004,0.9998918626655853,0.03342890142337938,0.006641630529422456,0.12813595198285038,0.07669405997005156,0.04763739315546808,-0.002406594024872021,0.033025820944026694,0.014342931796315638,4.757656494376288,0.9949127745177552,0.998615683094,0.9998664185868995,0.012459301855415106,0.28133004903793335,0.07508560316637158,ok,
759xd9YjKW5,146714339e954166a2f701202e030c29,146714339e954166a2f701202e030c29_i2_1,2,1,/home/bgao491/Matterport3D/v1/scans/759xd9YjKW5/undistorted_color_images/146714339e954166a2f701202e030c29_i2_1.jpg,/home/bgao491/Matterport3D/v1/scans/759xd9YjKW5/undistorted_depth_images/146714339e954166a2f701202e030c29_d2_1.png,1024,1280,406,504,1.4165615917841592,1196175,0.9126091003417969,-7.05088996887207,-4.934120178222656,1.633929967880249,True,41881,0.20467296113847838,True,,1.0,41881,0.9830553531646729,-0.01708984997815385,1.1562513402977925,0.16227301899844912,log-depth Laplacian fallback,,,,0.14005026041204244,0.052724767871705415,0.37410416003815866,0.32436412546216953,0.16415994693837796,-0.1505443439663637,0.15234497043555253,0.06616258000587454,6.5459061088196435,0.9723201036637615,0.9858958764394842,0.9967822434008402,0.15441289818721748,0.06230905052590769,0.40453832236859427,0.35699924828263885,0.17996141704917124,-0.16763419382436012,0.16922409894118964,0.07349309237520855,6.545906115430165,0.9714088657596087,0.9840951365811859,0.9956344180408385,0.15441289818721748,0.06230905052590769,0.40453832236859427,0.35699924828263885,0.17996141704917124,-0.16763419382436012,0.16922409894118964,0.07349309237520855,6.545906115430165,0.9714088657596087,0.9840951365811859,0.9956344180408385,0.15033602386208803,0.05832937613168657,0.3880402942084428,0.3420707747817007,0.17647569282687886,-0.16313597617456346,0.16458650322760546,0.07147901014750077,6.730767739492402,0.9639275189667064,0.9839480009195979,0.9965013480468995,0.02497005988852272,0.00988138428572345,0.1765222538783347,0.059958631963488884,0.06567823950530521,-0.005361200020032195,0.025975315081901346,0.011280936005768061,6.545906109058884,0.9743841829163793,0.9945509645327816,0.9999966560076912,0.012109680799767375,0.2739748831372708,0.0714939208701253,ok,
759xd9YjKW5,146714339e954166a2f701202e030c29,146714339e954166a2f701202e030c29_i2_4,2,4,/home/bgao491/Matterport3D/v1/scans/759xd9YjKW5/undistorted_color_images/146714339e954166a2f701202e030c29_i2_4.jpg,/home/bgao491/Matterport3D/v1/scans/759xd9YjKW5/undistorted_depth_images/146714339e954166a2f701202e030c29_d2_4.png,1024,1280,406,504,1.4165615917841592,1229118,0.9377426147460938,-7.067430019378662,-4.958049774169922,1.6346999406814575,True,150013,0.7331153725858159,True,,1.0,150013,1.043395757675171,0.04248054573165511,1.0845845977984414,0.038716508779539575,log-depth Laplacian fallback,,,,0.0877986192556455,0.03363912089177973,0.26287051318670657,0.15796750773387427,0.12367454550528681,-0.07100892326704125,0.08949329312597364,0.038866443371960574,10.125772080387106,0.9857987597610645,0.9936303918744986,0.9964649447815426,0.06010851817447852,0.02932615844961611,0.2434677812935386,0.10419795381726056,0.10519978306230521,-0.02852837762236431,0.05871170959991358,0.025498171502348635,10.12577208245962,0.9850649001967264,0.9931397961790487,0.9961329994353675,0.06010851817447852,0.02932615844961611,0.2434677812935386,0.10419795381726056,0.10519978306230521,-0.02852837762236431,0.05871170959991358,0.025498171502348635,10.12577208245962,0.9850649001967264,0.9931397961790487,0.9961329994353675,0.05988736502699254,0.030379717728735014,0.24501381284997906,0.10332382211971154,0.1052634123575598,-0.02693397629396782,0.05832601270422469,0.025330665468863728,10.175925954012074,0.9846060345711315,0.9930380972372058,0.995444700996975,0.051358469709172946,0.031499945296755844,0.2547523204198369,0.10086706252426708,0.10176897352264092,0.010188127516586164,0.04786727416133542,0.020788493032018074,10.125772083924153,0.9824736111585706,0.9923628162633693,0.9951745886074405,0.018682831898331642,0.2674291671719402,0.07131651602685452,ok,
759xd9YjKW5,146714339e954166a2f701202e030c29,146714339e954166a2f701202e030c29_i2_5,2,5,/home/bgao491/Matterport3D/v1/scans/759xd9YjKW5/undistorted_color_images/146714339e954166a2f701202e030c29_i2_5.jpg,/home/bgao491/Matterport3D/v1/scans/759xd9YjKW5/undistorted_depth_images/146714339e954166a2f701202e030c29_d2_5.png,1024,1280,406,504,1.4165615917841592,1227633,0.9366096496582031,-7.073659896850586,-4.944910049438477,1.6343799829483032,True,204624,1.0,True,,1.0,204624,1.05234956741333,0.0510253475356624,1.04755432514863,0.004567114349209901,log-depth Laplacian fallback,,,,0.06723380559304078,0.014129438307181563,0.15759463148043115,0.11860696231089247,0.08663480068504147,-0.037071561033696764,0.06692801115516712,0.029066465929448372,7.830254179949561,0.9906462273334131,0.9968622544359755,0.9986852748337655,0.04568278320584881,0.012277697144741872,0.1364390934511142,0.07215249412961984,0.0795361315041723,0.013953786408692754,0.0426907762100651,0.018540368536197872,7.830254184577644,0.9796901842814587,0.996189414914718,0.9982584371713696,0.04568278320584881,0.012277697144741872,0.1364390934511142,0.07215249412961984,0.0795361315041723,0.013953786408692754,0.0426907762100651,0.018540368536197872,7.830254184577644,0.9796901842814587,0.996189414914718,0.9982584371713696,0.044911235278063635,0.012071558215358037,0.14169548799723544,0.07612710563262519,0.07504400167961116,0.008051203407481586,0.042480598764826474,0.01844908963151023,7.461085920816648,0.9883295740665167,0.996253766394354,0.9982038606000327,0.04523890052765831,0.012032818759190156,0.13503185708650642,0.07144175782132209,0.07886316336070806,0.009386718505119292,0.04245435820947233,0.018437693503117848,7.830254179120481,0.9821778984435903,0.9962545809700456,0.9983064971371738,0.010137846926227212,0.2729389888700098,0.0712712628301233,ok,
759xd9YjKW5,14af8cbc71694b0ab5ca408ceb1c2cdb,14af8cbc71694b0ab5ca408ceb1c2cdb_i0_0,0,0,/home/bgao491/Matterport3D/v1/scans/759xd9YjKW5/undistorted_color_images/14af8cbc71694b0ab5ca408ceb1c2cdb_i0_0.jpg,/home/bgao491/Matterport3D/v1/scans/759xd9YjKW5/undistorted_depth_images/14af8cbc71694b0ab5ca408ceb1c2cdb_d0_0.png,1024,1280,406,504,1.4155678118069965,1245698,0.9503921508789063,-1.7834800481796265,5.119219779968262,1.5794899463653564,True,204624,1.0,True,,1.0,204624,0.994097113609314,-0.005920377289715497,1.0788077947925703,0.08177691497583228,log-depth Laplacian fallback,,,,0.08452866750210654,0.01399525603915299,0.14976305315817276,0.1394934734873776,0.10182608913353358,-0.08503181500071713,0.08928756368904492,0.038777096212737394,5.601912946408702,0.9998314198144334,1.0,1.0,0.08924681657512434,0.015426574559888839,0.1580127444237157,0.14835789001134098,0.10681968054523253,-0.09095219231371787,0.09452011418652219,0.04104956402007187,5.601912945694538,0.999871557953854,1.0,1.0,0.08924681657512434,0.015426574559888839,0.1580127444237157,0.14835789001134098,0.10681968054523253,-0.09095219231371787,0.09452011418652219,0.04104956402007187,5.601912945694538,0.999871557953854,1.0,1.0,0.08597458328846082,0.014431941129923145,0.16233426218048894,0.1514962248935288,0.09733043554121133,-0.08288498516549661,0.09017779779906432,0.039163719974320874,5.102247462400565,0.9978237100806134,1.0,1.0,0.046131112964655906,0.00572092471703079,0.10449206717398972,0.08265533667726128,0.056765552668831154,-0.009175243920819223,0.04638803442041954,0.020146067375126323,5.601912948976728,0.9961025866622568,1.0,1.0,0.010950175812467933,0.27277087210677564,0.07437474909238517,ok,
759xd9YjKW5,14af8cbc71694b0ab5ca408ceb1c2cdb,14af8cbc71694b0ab5ca408ceb1c2cdb_i0_1,0,1,/home/bgao491/Matterport3D/v1/scans/759xd9YjKW5/undistorted_color_images/14af8cbc71694b0ab5ca408ceb1c2cdb_i0_1.jpg,/home/bgao491/Matterport3D/v1/scans/759xd9YjKW5/undistorted_depth_images/14af8cbc71694b0ab5ca408ceb1c2cdb_d0_1.png,1024,1280,406,504,1.4155678118069965,1211658,0.9244216918945313,-1.78233003616333,5.104720115661621,1.579069972038269,True,204624,1.0,True,,1.0,204624,1.003806710243225,0.003799483057182732,1.1167476004408177,0.1066210494919812,log-depth Laplacian fallback,,,,0.11174608677342118,0.03560105189744064,0.2765186897595904,0.19853887323916006,0.1515590243291351,-0.10716536157577837,0.12076319356063352,0.05244678858039749,10.717146604358852,0.9064405962738661,0.9920678937455949,0.9974770108396924,0.10954805541480239,0.03464872886065359,0.27339682326575687,0.19537740519365124,0.14889670242768485,-0.10336587845995232,0.11814477502203574,0.05130962385777125,10.717146618405897,0.9107768033554022,0.9920951291536061,0.9974745348935096,0.10954805541480239,0.03464872886065359,0.27339682326575687,0.19537740519365124,0.14889670242768485,-0.10336587845995232,0.11814477502203574,0.05130962385777125,10.717146618405897,0.9107768033554022,0.9920951291536061,0.9974745348935096,0.08892475150726677,0.03103911807294888,0.2706516276163404,0.164008726667844,0.13703793400419884,-0.0912032233242171,0.09620725063279337,0.04178227806890532,10.228082621592444,0.9079484474992118,0.9921380455541084,0.9975983322026513,0.07539075040179492,0.0275037441623019,0.2620422254906529,0.1662735714273603,0.10722089054869369,0.0032551864607995975,0.07469347995611515,0.03243896617909197,10.717146603065752,0.9711436725544667,0.9928676243626502,0.9972937908221627,0.010500617092475295,0.275613407837227,0.07062942604534328,ok,
759xd9YjKW5,14af8cbc71694b0ab5ca408ceb1c2cdb,14af8cbc71694b0ab5ca408ceb1c2cdb_i0_2,0,2,/home/bgao491/Matterport3D/v1/scans/759xd9YjKW5/undistorted_color_images/14af8cbc71694b0ab5ca408ceb1c2cdb_i0_2.jpg,/home/bgao491/Matterport3D/v1/scans/759xd9YjKW5/undistorted_depth_images/14af8cbc71694b0ab5ca408ceb1c2cdb_d0_2.png,1024,1280,406,504,1.4155678118069965,1230277,0.9386268615722656,-1.794319987297058,5.096479892730713,1.5787400007247925,True,204624,1.0,True,,1.0,204624,1.0128380060195923,0.012756297394454245,1.0283388330189176,0.015188419435024867,log-depth Laplacian fallback,,,,0.05340079939785461,0.009933973290363305,0.13467799346834763,0.09638439429915022,0.06983511112141634,-0.0174873558862081,0.05333978668635432,0.023165175023780227,6.761017031075777,0.9952327809103153,0.9988311575360671,0.9993082858575751,0.051427807376721556,0.009372631030326196,0.1263182162169839,0.08868210439215153,0.06777549748067033,-0.004731058669643672,0.050699835443493914,0.022018658766512315,6.761017040813268,0.9950060027132102,0.9987970188827394,0.9992993447817037,0.051427807376721556,0.009372631030326196,0.1263182162169839,0.08868210439215153,0.06777549748067033,-0.004731058669643672,0.050699835443493914,0.022018658766512315,6.761017040813268,0.9950060027132102,0.9987970188827394,0.9992993447817037,0.056907947852027706,0.011640199630533787,0.14307330270803967,0.09857042974169157,0.07812154695069641,0.013334201148505097,0.055340048076174216,0.024033877507743134,7.697515948473941,0.993946078809894,0.9989278837204955,0.9993261680093182,0.05095899459589022,0.009470743464484448,0.12240120679419811,0.08275001700811804,0.0684141115005905,0.010457319048104735,0.04945609323638022,0.021478508389052672,6.761017032031036,0.9947694706151542,0.9987523135033818,0.9992822754550398,0.01057757600210607,0.27156232693232596,0.07437948184087873,ok,
759xd9YjKW5,14af8cbc71694b0ab5ca408ceb1c2cdb,14af8cbc71694b0ab5ca408ceb1c2cdb_i0_3,0,3,/home/bgao491/Matterport3D/v1/scans/759xd9YjKW5/undistorted_color_images/14af8cbc71694b0ab5ca408ceb1c2cdb_i0_3.jpg,/home/bgao491/Matterport3D/v1/scans/759xd9YjKW5/undistorted_depth_images/14af8cbc71694b0ab5ca408ceb1c2cdb_d0_3.png,1024,1280,406,504,1.4155678118069965,1208494,0.9220077514648437,-1.8074599504470825,5.1027398109436035,1.5788300037384033,True,204624,1.0,True,,1.0,204624,1.088674545288086,0.08496094279955513,1.1109141364677957,0.020222279963830844,log-depth Laplacian fallback,,,,0.09708728902494626,0.016655783118617297,0.1737904995879784,0.1546573718558771,0.10733560600439192,-0.10018409433227629,0.10235968415216123,0.04445424599664334,3.8523753181013114,0.9964128907549397,0.99978899357382,1.0,0.030177037216818536,0.002921591168151387,0.07155558564540504,0.04616368177144068,0.0414225048555157,-0.015223151558167863,0.03031869739039101,0.013167242975141331,3.8523753258765856,0.9959867405216741,0.999654114956301,1.0,0.030177037216818536,0.002921591168151387,0.07155558564540504,0.04616368177144068,0.0414225048555157,-0.015223151558167863,0.03031869739039101,0.013167242975141331,3.8523753258765856,0.9959867405216741,0.999654114956301,1.0,0.02964204037877287,0.004062757261849031,0.09637364359085067,0.05451349474489356,0.04438375646054679,-0.024016458641973576,0.03003025181886561,0.013041972655098422,3.732462393444175,0.9957715967145886,0.9997294152887809,1.0,0.026309379541460738,0.002635044761653598,0.066784082231637,0.038208211630275386,0.0388467581338424,0.004999105596767094,0.025893034821804134,0.01124520214283828,3.852375320164979,0.9956358906208885,0.9996102587187028,0.9999958626190945,0.010326511925086379,0.2728676609694958,0.07398023386485875,ok,
759xd9YjKW5,14af8cbc71694b0ab5ca408ceb1c2cdb,14af8cbc71694b0ab5ca408ceb1c2cdb_i0_4,0,4,/home/bgao491/Matterport3D/v1/scans/759xd9YjKW5/undistorted_color_images/14af8cbc71694b0ab5ca408ceb1c2cdb_i0_4.jpg,/home/bgao491/Matterport3D/v1/scans/759xd9YjKW5/undistorted_depth_images/14af8cbc71694b0ab5ca408ceb1c2cdb_d0_4.png,1024,1280,406,504,1.4155678118069965,1240293,0.9462684631347656,-1.8085999488830566,5.117239952087402,1.579259991645813,True,204624,1.0,True,,1.0,204624,1.071796178817749,0.0693359128714262,1.1192271987054165,0.04330253311934108,log-depth Laplacian fallback,,,,0.10806218850252104,0.022412323729833494,0.20816662585275142,0.19914893087862723,0.1214056770060936,-0.11341902905622553,0.11504820767381886,0.049964801745598884,4.330660754724379,0.9999782309502674,1.0,1.0,0.050190360891358615,0.00573581946275463,0.09987210013386937,0.08622170168742357,0.061796305536798615,-0.04408311609990793,0.05170353532253223,0.022454560085465612,4.33066074972331,0.9999758121669637,1.0,1.0,0.050190360891358615,0.00573581946275463,0.09987210013386937,0.08622170168742357,0.061796305536798615,-0.04408311609990793,0.05170353532253223,0.022454560085465612,4.33066074972331,0.9999758121669637,1.0,1.0,0.038224555757773296,0.004875449683893931,0.10889821789041215,0.08043857126219399,0.047379297569626694,-0.03042965651054178,0.03886535808889273,0.016879010555200025,3.63157519933386,0.9994323921847499,1.0,1.0,0.032866716790590576,0.003668355981223287,0.08581040633103593,0.06076944110299319,0.04331364230636869,-0.0007806078163249795,0.032717483636944614,0.014209022605284982,4.330660759377423,0.9981415681617166,1.0,1.0,0.015300351893529296,0.25729983602650464,0.07434678194113076,ok,
759xd9YjKW5,14af8cbc71694b0ab5ca408ceb1c2cdb,14af8cbc71694b0ab5ca408ceb1c2cdb_i0_5,0,5,/home/bgao491/Matterport3D/v1/scans/759xd9YjKW5/undistorted_color_images/14af8cbc71694b0ab5ca408ceb1c2cdb_i0_5.jpg,/home/bgao491/Matterport3D/v1/scans/759xd9YjKW5/undistorted_depth_images/14af8cbc71694b0ab5ca408ceb1c2cdb_d0_5.png,1024,1280,406,504,1.4155678118069965,1240018,0.9460586547851563,-1.7966099977493286,5.1254801750183105,1.5795899629592896,True,204624,1.0,True,,1.0,204624,0.9938240647315979,-0.00619508524333876,0.9724566510039447,0.021734694042824652,log-depth Laplacian fallback,,,,0.042343962446658855,0.004137673222051279,0.08409932797988445,0.07084866257926739,0.04889221031401361,0.020149711185377922,0.04172905772680089,0.018122699505771885,4.454702423883771,0.9998000029031837,1.0,1.0,0.039905427650982275,0.0036294994732519186,0.07803362677618299,0.06586119544722203,0.046681569850869915,0.013954626075616868,0.039545045305575115,0.017174194962825358,4.454702430950199,0.9998588730163595,1.0,1.0,0.039905427650982275,0.0036294994732519186,0.07803362677618299,0.06586119544722203,0.046681569850869915,0.013954626075616868,0.039545045305575115,0.017174194962825358,4.454702430950199,0.9998588730163595,1.0,1.0,0.031135024362947555,0.003107865248619318,0.07386649671244912,0.05331744307833988,0.04116556468706513,0.017266351116730208,0.03051366363824772,0.01325191574074288,3.7369463939408245,0.9998008093430902,1.0,1.0,0.035399230520207756,0.00289528429436529,0.06657955290643144,0.054928194230063135,0.04522131248902354,-0.007780085518883868,0.03584466204026148,0.015567138929772512,4.454702428388197,1.0,1.0,1.0,0.011061954079195857,0.2649042150005698,0.07398231816478074,ok,
759xd9YjKW5,14af8cbc71694b0ab5ca408ceb1c2cdb,14af8cbc71694b0ab5ca408ceb1c2cdb_i1_0,1,0,/home/bgao491/Matterport3D/v1/scans/759xd9YjKW5/undistorted_color_images/14af8cbc71694b0ab5ca408ceb1c2cdb_i1_0.jpg,/home/bgao491/Matterport3D/v1/scans/759xd9YjKW5/undistorted_depth_images/14af8cbc71694b0ab5ca408ceb1c2cdb_d1_0.png,1024,1280,406,504,1.4121168655554452,1171992,0.894158935546875,-1.7928199768066406,5.111969947814941,1.612470030784607,True,204624,1.0,True,,1.0,204624,0.9985591173171997,-0.001441921752491379,0.9923404548670676,0.006247108353748896,log-depth Laplacian fallback,,,,0.030912017667424664,0.006008576867178139,0.1222954553905184,0.07518241833691379,0.051002626892798164,-0.003955821183195472,0.031382639782403646,0.013629307285055368,5.084898650644436,0.9981296800660755,0.9993267872135646,1.0,0.030510500099797572,0.006025832315285859,0.12257745971938863,0.07422943786745294,0.05113467566630877,-0.005397742932005988,0.03102539861305465,0.013474159416498441,5.084898648683737,0.9982670530174267,0.9993447054246104,1.0,0.030510500099797572,0.006025832315285859,0.12257745971938863,0.07422943786745294,0.05113467566630877,-0.005397742932005988,0.03102539861305465,0.013474159416498441,5.084898648683737,0.9982670530174267,0.9993447054246104,1.0,0.03914755087513063,0.006889965138243385,0.13150242600156137,0.09853501632952141,0.05286875517607566,0.007956235386246248,0.039011688413822763,0.01694256100785224,5.226665851521857,0.9969368391593116,0.9992218376917249,1.0,0.029563142418003913,0.006224560149356172,0.12516563210477374,0.07251234837250958,0.05216533531988362,-0.011644860692237607,0.03026493071503273,0.013143892404722943,5.084898650410132,0.9986868511047857,0.9993924873207326,1.0,0.011329688131809235,0.2783214880619198,0.07404893613420427,ok,
759xd9YjKW5,14af8cbc71694b0ab5ca408ceb1c2cdb,14af8cbc71694b0ab5ca408ceb1c2cdb_i1_1,1,1,/home/bgao491/Matterport3D/v1/scans/759xd9YjKW5/undistorted_color_images/14af8cbc71694b0ab5ca408ceb1c2cdb_i1_1.jpg,/home/bgao491/Matterport3D/v1/scans/759xd9YjKW5/undistorted_depth_images/14af8cbc71694b0ab5ca408ceb1c2cdb_d1_1.png,1024,1280,406,504,1.4121168655554452,1102938,0.8414749145507813,-1.7925399541854858,5.108479976654053,1.6123700141906738,True,204624,1.0,True,,1.0,204624,1.0598268508911133,0.05810554656527205,1.0882371915200002,0.026453585020190108,log-depth Laplacian fallback,,,,0.10693083505338573,0.060729753188089625,0.37897376501144886,0.27479470509758835,0.1566515370791673,-0.08749087714173738,0.10979891621048264,0.047685063429170116,12.994248914898906,0.9263050144251083,0.9797821817726835,0.9911735745798947,0.06623512256403807,0.04992238438096269,0.31373173103844104,0.1544189730962568,0.13322367723993903,-0.029385330689260993,0.06417509199200122,0.027870888327759705,12.994248926973128,0.9497759620214373,0.9844587819079585,0.9910266941568792,0.06623512256403807,0.04992238438096269,0.31373173103844104,0.1544189730962568,0.13322367723993903,-0.029385330689260993,0.06417509199200122,0.027870888327759705,12.994248926973128,0.9497759620214373,0.9844587819079585,0.9910266941568792,0.06804859873099868,0.04934680497617547,0.3234164530332699,0.16585368690065064,0.1334726314482692,-0.03343874862655639,0.06669493464709568,0.028965242088131646,12.921607266905877,0.9505411908919631,0.9845222487574098,0.991489095488595,0.06107840229337629,0.05066891465650563,0.30735154177822843,0.1314404749469246,0.12997555828360238,-0.0029317686303628504,0.05735653625970729,0.024909627198674678,12.994248913974268,0.9576213712828826,0.9845313154501885,0.9909188005128121,0.009897205978631973,0.27437098580412567,0.07080209092237055,ok,
759xd9YjKW5,14af8cbc71694b0ab5ca408ceb1c2cdb,14af8cbc71694b0ab5ca408ceb1c2cdb_i1_2,1,2,/home/bgao491/Matterport3D/v1/scans/759xd9YjKW5/undistorted_color_images/14af8cbc71694b0ab5ca408ceb1c2cdb_i1_2.jpg,/home/bgao491/Matterport3D/v1/scans/759xd9YjKW5/undistorted_depth_images/14af8cbc71694b0ab5ca408ceb1c2cdb_d1_2.png,1024,1280,406,504,1.4121168655554452,1030242,0.7860122680664062,-1.7954299449920654,5.106500148773193,1.6122900247573853,True,204624,1.0,True,,1.0,204624,0.8781983852386475,-0.12988275957330508,0.9418142719537909,0.06993557219723934,log-depth Laplacian fallback,,,,0.225623725285334,0.19720998307860038,0.5464181399586149,0.33709026487777216,0.2733036766963726,0.17283045291261184,0.18002058958564082,0.07818194868601382,21.171805365102156,0.6374084923736365,0.9746777941493358,0.9854335195031847,0.19464466885518422,0.13291652251791605,0.5544366111126283,0.44128501091953193,0.21603018006064073,0.042947693409841295,0.17500826551538057,0.07600512400078893,21.17180538541934,0.6353206334045788,0.9817965099462068,0.9895277031998307,0.19464466885518422,0.13291652251791605,0.5544366111126283,0.44128501091953193,0.21603018006064073,0.042947693409841295,0.17500826551538057,0.07600512400078893,21.17180538541934,0.6353206334045788,0.9817965099462068,0.9895277031998307,0.1903347099718306,0.12217369316277354,0.49332406711473226,0.38842477196713276,0.21686228339892588,0.053882123831626716,0.1685083140104125,0.07318223092954261,21.006181635982607,0.7245025925947496,0.9818974571023119,0.9894966425364138,0.1951818341135523,0.15172149831062554,0.49555640244530874,0.32530928791605024,0.23993157177331398,0.11288323561260444,0.1620082658422801,0.07035929587801733,21.171805367337512,0.6396846566146595,0.9787127684563433,0.9876514450003009,0.010244315955787897,0.274995984043926,0.07486281800083816,ok,
759xd9YjKW5,14af8cbc71694b0ab5ca408ceb1c2cdb,14af8cbc71694b0ab5ca408ceb1c2cdb_i1_3,1,3,/home/bgao491/Matterport3D/v1/scans/759xd9YjKW5/undistorted_color_images/14af8cbc71694b0ab5ca408ceb1c2cdb_i1_3.jpg,/home/bgao491/Matterport3D/v1/scans/759xd9YjKW5/undistorted_depth_images/14af8cbc71694b0ab5ca408ceb1c2cdb_d1_3.png,1024,1280,406,504,1.4121168655554452,1286607,0.9816032409667969,-1.7985800504684448,5.1080098152160645,1.6123199462890625,True,204624,1.0,True,,1.0,204624,1.043905258178711,0.04296873647155252,0.9411684444988949,0.10360188604427273,log-depth Laplacian fallback,,,,0.060259342985113686,0.011823181481289623,0.14940982847796055,0.08823159035346112,0.07537708759708357,0.045920622329141514,0.057616125323937645,0.025022365296832317,5.977459142079317,0.9920721712224478,0.9973161967873639,0.9981167520462737,0.09788909960052791,0.02089307487619717,0.1914468307123296,0.1445671132914425,0.10711825193891354,0.08888935874537175,0.0919032633603877,0.03991308014631765,5.977459159446561,0.9934090207810155,0.9971257734490796,0.9979247742317584,0.09788909960052791,0.02089307487619717,0.1914468307123296,0.1445671132914425,0.10711825193891354,0.08888935874537175,0.0919032633603877,0.03991308014631765,5.977459159446561,0.9934090207810155,0.9971257734490796,0.9979247742317584,0.13128450437005976,0.03013939688390778,0.2170817520342042,0.17678730826563743,0.14003827496056642,0.1101773550955193,0.12118809587600252,0.0526313213113101,8.64388158068298,0.9934758632589439,0.9971910614507771,0.9979488686133372,0.037708452830454216,0.01203616316637445,0.19350324307254876,0.10319943036282672,0.06155859619595111,-0.014712545348392909,0.037861103311658,0.016442868247021993,5.9774591382858056,0.9903078407003848,0.9974809712678386,0.9988108256833672,0.010191624984145164,0.26136105600744486,0.07389511121436954,ok,
759xd9YjKW5,14af8cbc71694b0ab5ca408ceb1c2cdb,14af8cbc71694b0ab5ca408ceb1c2cdb_i1_4,1,4,/home/bgao491/Matterport3D/v1/scans/759xd9YjKW5/undistorted_color_images/14af8cbc71694b0ab5ca408ceb1c2cdb_i1_4.jpg,/home/bgao491/Matterport3D/v1/scans/759xd9YjKW5/undistorted_depth_images/14af8cbc71694b0ab5ca408ceb1c2cdb_d1_4.png,1024,1280,406,504,1.4121168655554452,1281581,0.9777687072753907,-1.79885995388031,5.111499786376953,1.6124199628829956,True,204624,1.0,True,,1.0,204624,0.9675782322883606,-0.03295899710084614,0.9629892904109144,0.004753991213629599,log-depth Laplacian fallback,,,,0.054822321029136395,0.028140705872224316,0.26511448471671484,0.160501610272623,0.086815805820817,0.028121340835530407,0.05141717086860552,0.022330193583312008,8.213509803932622,0.9819722670670055,0.9902940196522888,0.9953401306667312,0.040433966815042445,0.023079503609723266,0.2308828514260464,0.10701444341896285,0.08227744075462787,-0.004837656180628769,0.03856153015640497,0.016747059760672516,8.213509809946856,0.9838332497126596,0.9910914721738228,0.9968811959603021,0.040433966815042445,0.023079503609723266,0.2308828514260464,0.10701444341896285,0.08227744075462787,-0.004837656180628769,0.03856153015640497,0.016747059760672516,8.213509809946856,0.9838332497126596,0.9910914721738228,0.9968811959603021,0.044225532914551884,0.02361120824702043,0.23595283301015074,0.11942575686715458,0.08350888219545215,-0.010923806231361423,0.042533482136934996,0.018472056588201394,8.279132722063085,0.9839159600524664,0.9908776737482844,0.9971933104501394,0.03993353421871112,0.02295332691838593,0.23029564962450746,0.10508453337758798,0.0826932549896072,-0.009591667949407459,0.03825188157744337,0.01661258109150031,8.21350980198143,0.9842421196943463,0.9912373856978217,0.9970536392159371,0.014240756165236235,0.27412904403172433,0.07421596790663898,ok,
759xd9YjKW5,14af8cbc71694b0ab5ca408ceb1c2cdb,14af8cbc71694b0ab5ca408ceb1c2cdb_i1_5,1,5,/home/bgao491/Matterport3D/v1/scans/759xd9YjKW5/undistorted_color_images/14af8cbc71694b0ab5ca408ceb1c2cdb_i1_5.jpg,/home/bgao491/Matterport3D/v1/scans/759xd9YjKW5/undistorted_depth_images/14af8cbc71694b0ab5ca408ceb1c2cdb_d1_5.png,1024,1280,406,504,1.4121168655554452,1292691,0.9862449645996094,-1.7959799766540527,5.113480091094971,1.6124999523162842,True,204624,1.0,True,,1.0,204624,0.9885306358337402,-0.01153564460716255,0.9508007166092806,0.03891514519834824,log-depth Laplacian fallback,,,,0.05310095260702584,0.006154641722262962,0.10514843624170395,0.09333847303228517,0.05789079752957537,0.04013819131210582,0.052026440458418824,0.022594796004159385,4.171654392208303,0.9990809868715725,1.0,1.0,0.043220460069586124,0.004643063942389632,0.09209165589520694,0.07636983626849686,0.050580388610068513,0.028602546654101717,0.0427005659960425,0.01854462018622688,4.171654392259123,0.9992658725093623,1.0,1.0,0.043220460069586124,0.004643063942389632,0.09209165589520694,0.07636983626849686,0.050580388610068513,0.028602546654101717,0.0427005659960425,0.01854462018622688,4.171654392259123,0.9992658725093623,1.0,1.0,0.04948408422579207,0.006224033027953164,0.10372818650792995,0.08491882827198216,0.05874311088148848,0.03372712039345577,0.04828430561251738,0.020969607490046505,4.809609574591466,0.9992589102886923,1.0,1.0,0.021938036886559594,0.0032320990271370374,0.07987464475766269,0.04134620844263928,0.04297231340885402,-0.010312598265953252,0.02259559338527356,0.009813141522553923,4.171654392101331,0.9994051169227604,1.0,1.0,0.01234674802981317,0.2650139220058918,0.07153285597451031,ok,
759xd9YjKW5,14af8cbc71694b0ab5ca408ceb1c2cdb,14af8cbc71694b0ab5ca408ceb1c2cdb_i2_0,2,0,/home/bgao491/Matterport3D/v1/scans/759xd9YjKW5/undistorted_color_images/14af8cbc71694b0ab5ca408ceb1c2cdb_i2_0.jpg,/home/bgao491/Matterport3D/v1/scans/759xd9YjKW5/undistorted_depth_images/14af8cbc71694b0ab5ca408ceb1c2cdb_d2_0.png,1024,1280,406,504,1.4165615917841592,1237241,0.9439399719238282,-1.7839399576187134,5.117239952087402,1.6459599733352661,True,204624,1.0,True,,1.0,204624,1.0624173879623413,0.060546866287520346,1.00280441650622,0.05774637482068612,log-depth Laplacian fallback,,,,0.03315518619104596,0.0067228959395928345,0.09922690384449466,0.05140135531049549,0.05692187925739906,-0.00490510977143302,0.032303989060178104,0.014029444192298368,5.6710142270356805,0.993128258762844,0.9956047366681188,0.9981119280722187,0.06153624336824497,0.014852809663395678,0.1634131053099718,0.11532229720218024,0.07944838146995283,0.05564175657603293,0.05811587977024324,0.02523940589516947,5.67101423321141,0.9926319932818263,0.9950333039399761,0.9976900215883566,0.06153624336824497,0.014852809663395678,0.1634131053099718,0.11532229720218024,0.07944838146995283,0.05564175657603293,0.05811587977024324,0.02523940589516947,5.67101423321141,0.9926319932818263,0.9950333039399761,0.9976900215883566,0.06985580971877879,0.019795949232454972,0.19277720218693814,0.1311904138023472,0.09067619200149415,0.059434370623996306,0.0654673726912965,0.028432118704533705,6.848158427213319,0.9923563800423685,0.9948853941956337,0.997512206595158,0.033161072015742636,0.006794594089454103,0.10019417276810005,0.052146756422814314,0.05674918263188951,-0.0021046362349882454,0.03221705862528081,0.01399169078411302,5.671014226490642,0.9931032030138025,0.9955441179204375,0.9980941465728989,0.010371851036325097,0.2728635109961033,0.07433367404155433,ok,
759xd9YjKW5,14af8cbc71694b0ab5ca408ceb1c2cdb,14af8cbc71694b0ab5ca408ceb1c2cdb_i2_1,2,1,/home/bgao491/Matterport3D/v1/scans/759xd9YjKW5/undistorted_color_images/14af8cbc71694b0ab5ca408ceb1c2cdb_i2_1.jpg,/home/bgao491/Matterport3D/v1/scans/759xd9YjKW5/undistorted_depth_images/14af8cbc71694b0ab5ca408ceb1c2cdb_d2_1.png,1024,1280,406,504,1.4165615917841592,1230037,0.9384437561035156,-1.7827999591827393,5.1027398109436035,1.6455399990081787,True,204624,1.0,True,,1.0,204624,1.0495272874832153,0.04833986040096884,1.026942493148846,0.021753926008843457,log-depth Laplacian fallback,,,,0.043137543408139536,0.007637659789961891,0.10851324117756157,0.061864120800682154,0.07299746753757817,-0.03835063769103895,0.04425979866008861,0.019221786328225424,6.211166440847034,0.9909588085561654,0.9973309745966992,0.9985569539778072,0.04028929427067352,0.007416170511995655,0.11159390576801013,0.06593514666313516,0.06290980398848571,0.009989222848174342,0.039628720424666926,0.017210534605319534,6.211166448227904,0.9933457286244235,0.9971700038291531,0.9982512721162047,0.04028929427067352,0.007416170511995655,0.11159390576801013,0.06593514666313516,0.06290980398848571,0.009989222848174342,0.039628720424666926,0.017210534605319534,6.211166448227904,0.9933457286244235,0.9971700038291531,0.9982512721162047,0.039611142284567386,0.00824757787968669,0.12041681756843527,0.06755938423856772,0.06666811001233476,0.0012384675735833547,0.03917735678118644,0.017014509865624212,6.66566057543133,0.9923010446027233,0.9969610670248131,0.9982683447733686,0.0345490460523025,0.006502380040089613,0.10081579609463448,0.050898244857624494,0.06321603543188814,-0.011764704860578741,0.03468361521353842,0.015062902699695402,6.211166440588444,0.9930587453873339,0.9973090240374883,0.9984114299000761,0.010024948976933956,0.2711548369843513,0.07437783689238131,ok,
759xd9YjKW5,14af8cbc71694b0ab5ca408ceb1c2cdb,14af8cbc71694b0ab5ca408ceb1c2cdb_i2_2,2,2,/home/bgao491/Matterport3D/v1/scans/759xd9YjKW5/undistorted_color_images/14af8cbc71694b0ab5ca408ceb1c2cdb_i2_2.jpg,/home/bgao491/Matterport3D/v1/scans/759xd9YjKW5/undistorted_depth_images/14af8cbc71694b0ab5ca408ceb1c2cdb_d2_2.png,1024,1280,406,504,1.4165615917841592,1231692,0.9397064208984375,-1.7947900295257568,5.0945000648498535,1.6452100276947021,True,204624,1.0,True,,1.0,204624,1.032751441001892,0.03222654259939605,1.0593662427928487,0.025444302562883915,log-depth Laplacian fallback,,,,0.0680251872549422,0.026992787995448894,0.2198250071759541,0.11682338920454494,0.10007251011137315,-0.041967673345039994,0.06627077693562215,0.02878103273458198,9.08472436235404,0.9811462605911218,0.9878938890566797,0.9962360720050143,0.04912186579967695,0.027218935621540954,0.22469342836645273,0.09239978810102832,0.09136799931948876,-0.009741130709062795,0.045506123147936464,0.01976305817595866,9.084724361341435,0.9800607619437327,0.9868230044524118,0.9952544954420424,0.04912186579967695,0.027218935621540954,0.22469342836645273,0.09239978810102832,0.09136799931948876,-0.009741130709062795,0.045506123147936464,0.01976305817595866,9.084724361341435,0.9800607619437327,0.9868230044524118,0.9952544954420424,0.050192125817429475,0.027811289899578043,0.22715884240790946,0.09447323862059799,0.093128679032831,-0.006893031297240163,0.04660056024527834,0.020238366168124435,9.287323068535585,0.9799584636418845,0.9867832217794709,0.9950141756218276,0.04457515690792544,0.03028502891002599,0.2424426288473975,0.09262331219806773,0.09219441844576516,0.015703156174135362,0.039789889669449026,0.01728052951898092,9.084724364956573,0.9792813463106036,0.9859632115821163,0.9943687220506425,0.010280817048624158,0.2643251752015203,0.0753334048204124,ok,
759xd9YjKW5,14af8cbc71694b0ab5ca408ceb1c2cdb,14af8cbc71694b0ab5ca408ceb1c2cdb_i2_3,2,3,/home/bgao491/Matterport3D/v1/scans/759xd9YjKW5/undistorted_color_images/14af8cbc71694b0ab5ca408ceb1c2cdb_i2_3.jpg,/home/bgao491/Matterport3D/v1/scans/759xd9YjKW5/undistorted_depth_images/14af8cbc71694b0ab5ca408ceb1c2cdb_d2_3.png,1024,1280,406,504,1.4165615917841592,1231535,0.9395866394042969,-1.807919979095459,5.100759983062744,1.645300030708313,True,204624,1.0,True,,1.0,204624,1.047223687171936,0.04614255488785003,1.0368135521141457,0.009990437259654317,log-depth Laplacian fallback,,,,0.04294271046153205,0.01080326724583526,0.14047055749982482,0.07701233486256158,0.06555655760094209,-0.0291993140579245,0.0426079053147397,0.018504378163647688,5.869465310428481,0.9923761809449183,0.9960853731319045,0.9983451546241073,0.03498407333056403,0.011279227158847327,0.14682786225994254,0.06429957413138403,0.06109120812129935,0.016943240883999892,0.03298704441868688,0.014326091365333188,5.869465306198399,0.9905914164031067,0.9956257840824662,0.9977142346746134,0.03498407333056403,0.011279227158847327,0.14682786225994254,0.06429957413138403,0.06109120812129935,0.016943240883999892,0.03298704441868688,0.014326091365333188,5.869465306198399,0.9905914164031067,0.9956257840824662,0.9977142346746134,0.0338114241753874,0.012157550224373441,0.15220637612599933,0.060756393234629884,0.06304898272398811,-0.003418650285200602,0.03209796134987336,0.01393996749459386,6.295623124645605,0.9897315139236806,0.9954414612658187,0.9974657642697934,0.03389185489792509,0.010529344134595288,0.1408746064448958,0.06265458241047303,0.05910501710225768,0.0069527509542354265,0.03223755413864085,0.014000591872469067,5.869465308549452,0.9911825486080379,0.9957354033787104,0.9978295379343665,0.010299589019268751,0.27071436401456594,0.07452312717214227,ok,
759xd9YjKW5,14af8cbc71694b0ab5ca408ceb1c2cdb,14af8cbc71694b0ab5ca408ceb1c2cdb_i2_4,2,4,/home/bgao491/Matterport3D/v1/scans/759xd9YjKW5/undistorted_color_images/14af8cbc71694b0ab5ca408ceb1c2cdb_i2_4.jpg,/home/bgao491/Matterport3D/v1/scans/759xd9YjKW5/undistorted_depth_images/14af8cbc71694b0ab5ca408ceb1c2cdb_d2_4.png,1024,1280,406,504,1.4165615917841592,1246865,0.9512825012207031,-1.8090699911117554,5.115260124206543,1.6457200050354004,True,204624,1.0,True,,1.0,204624,1.024964690208435,0.024658163419869112,1.0096574010721244,0.015047096969643637,log-depth Laplacian fallback,,,,0.03715149060356503,0.020118415019183804,0.2026580422881871,0.07483530185289484,0.07753841085997264,0.007012170211387373,0.034041334223031586,0.014783963609686939,7.722068782144105,0.9787980254478231,0.9892442245150839,0.9979011360492114,0.040306083807668744,0.02360991215242791,0.2204170138334087,0.0843197054365876,0.08346283402394128,0.031670333613052326,0.03627609681489945,0.01575450867169896,7.722068785076922,0.9775428775368624,0.9884494311733828,0.9968930076632193,0.040306083807668744,0.02360991215242791,0.2204170138334087,0.0843197054365876,0.08346283402394128,0.031670333613052326,0.03627609681489945,0.01575450867169896,7.722068785076922,0.9775428775368624,0.9884494311733828,0.9968930076632193,0.047024944170379765,0.02823487265247915,0.24327583813549433,0.10061116866688202,0.09013695817454422,0.03893761105422382,0.04227144048472284,0.01835825334461685,8.129288821508016,0.9767232218403756,0.9870290689048132,0.9955007157952144,0.036371232432930396,0.021151240789632243,0.20804081947136494,0.07395371839561918,0.07898965768492755,0.01662321871385197,0.03290940353868504,0.01429237235957825,7.722068777713311,0.9782678958828742,0.9889474802805436,0.9975891535972218,0.010590318823233247,0.27562766103073955,0.07121533690951765,ok,
759xd9YjKW5,14af8cbc71694b0ab5ca408ceb1c2cdb,14af8cbc71694b0ab5ca408ceb1c2cdb_i2_5,2,5,/home/bgao491/Matterport3D/v1/scans/759xd9YjKW5/undistorted_color_images/14af8cbc71694b0ab5ca408ceb1c2cdb_i2_5.jpg,/home/bgao491/Matterport3D/v1/scans/759xd9YjKW5/undistorted_depth_images/14af8cbc71694b0ab5ca408ceb1c2cdb_d2_5.png,1024,1280,406,504,1.4165615917841592,1223588,0.9335235595703125,-1.7970800399780273,5.123499870300293,1.646049976348877,True,204624,1.0,True,,1.0,204624,1.0482468605041504,0.0471191120765566,1.0735704667094499,0.023870866126711687,log-depth Laplacian fallback,,,,0.07177035088279131,0.011151927611820652,0.13563898763290408,0.12367124153120693,0.08795395041777147,-0.07211705176280184,0.07491551944641374,0.032535396704493215,5.034906393502429,0.9842496003556753,0.9988868802243892,1.0,0.03442836410979999,0.004274494851678274,0.07783938744523128,0.05715996036262882,0.05621321217074979,-0.024997939673046365,0.03512347370798764,0.01525393081665298,5.0349063890567685,0.9839611045548011,0.9987136192901532,0.9996943415594138,0.03442836410979999,0.004274494851678274,0.07783938744523128,0.05715996036262882,0.05621321217074979,-0.024997939673046365,0.03512347370798764,0.01525393081665298,5.0349063890567685,0.9839611045548011,0.9987136192901532,0.9996943415594138,0.03693870486440669,0.004630969386871105,0.0812504842296488,0.06119041129756582,0.05869173545157217,-0.027244656628175733,0.03774666823029204,0.016393169722648628,5.198507954721367,0.9839937952971098,0.9987217919757304,0.9995913657211414,0.028191607388371513,0.0035431214595039303,0.06896543110915633,0.04618431804890358,0.0503616767276226,-0.001127051967007448,0.028168024313656153,0.012233217525537509,5.0349063910674925,0.9839627390919166,0.9986400651199587,0.9995218978937355,0.01750092813745141,0.2683251150883734,0.07096953084692359,ok,
759xd9YjKW5,217b34f2c019478ea2b734c13e16b62b,217b34f2c019478ea2b734c13e16b62b_i0_0,0,0,/home/bgao491/Matterport3D/v1/scans/759xd9YjKW5/undistorted_color_images/217b34f2c019478ea2b734c13e16b62b_i0_0.jpg,/home/bgao491/Matterport3D/v1/scans/759xd9YjKW5/undistorted_depth_images/217b34f2c019478ea2b734c13e16b62b_d0_0.png,1024,1280,406,504,1.4155678118069965,1205119,0.9194328308105468,-11.609399795532227,-3.305619955062866,1.5750999450683594,True,130926,0.6398369692704668,True,,1.0,130926,1.1248793601989746,0.11767579452756992,1.5113486237289093,0.2953265859947936,log-depth Laplacian fallback,,,,0.31274122136132665,0.2135066803467346,0.6150666256344646,0.5281866743576993,0.45786018739349177,-0.35378534568550185,0.39786012010496297,0.17278845473095059,29.064046583054015,0.27718424487540233,0.5279686072495745,0.9127911849369232,0.2968056380690502,0.1546265045247056,0.5135268048620769,0.46093291514541157,0.37445907726327693,-0.23610955120303653,0.3460416964539423,0.1502839992783873,29.064046582601932,0.2288520884659523,0.6735865918635421,0.9971728932993339,0.2968056380690502,0.1546265045247056,0.5135268048620769,0.46093291514541157,0.37445907726327693,-0.23610955120303653,0.3460416964539423,0.1502839992783873,29.064046582601932,0.2288520884659523,0.6735865918635421,0.9971728932993339,0.2984765863482308,0.16216841598538273,0.5277710577911493,0.4639834796610717,0.38862133930318327,-0.23904751240331282,0.35130807944342224,0.15257116035030743,30.64030551015898,0.3602681560908093,0.6611554543576195,0.9792136710150616,0.2689225694120498,0.11298342240100734,0.3345010359144515,0.2897386868023124,0.29661175997354483,0.05921702250464674,0.23684387955616357,0.10285998996380016,29.064046586855024,0.5815674634621145,0.7667226224132223,0.9991876320927643,0.011968706967309117,0.281189656117931,0.0744476190302521,ok,
759xd9YjKW5,217b34f2c019478ea2b734c13e16b62b,217b34f2c019478ea2b734c13e16b62b_i0_1,0,1,/home/bgao491/Matterport3D/v1/scans/759xd9YjKW5/undistorted_color_images/217b34f2c019478ea2b734c13e16b62b_i0_1.jpg,/home/bgao491/Matterport3D/v1/scans/759xd9YjKW5/undistorted_depth_images/217b34f2c019478ea2b734c13e16b62b_d0_1.png,1024,1280,406,504,1.4155678118069965,1203328,0.91806640625,-11.607600212097168,-3.2911899089813232,1.575369954109192,True,120574,0.5892466181875049,True,,1.0,120574,1.1144917011260986,0.1083984275406915,1.1888086602603485,0.06455325228992943,log-depth Laplacian fallback,,,,0.15691926765740216,0.03641819187044262,0.23903849407862757,0.22410024851074176,0.1731667672800069,-0.1654322334921884,0.16996617073929038,0.07381537006229978,5.117524217816776,0.9952008097542815,0.9969667455589831,1.0,0.062120434206012376,0.008240129438603302,0.10586827544849851,0.08662478197589889,0.07662741307541561,-0.05703380585652017,0.06321631145162167,0.027454495229716623,5.1175242296946095,0.9947279544729284,0.9961847476332305,0.9999867035421763,0.062120434206012376,0.008240129438603302,0.10586827544849851,0.08662478197589889,0.07662741307541561,-0.05703380585652017,0.06321631145162167,0.027454495229716623,5.1175242296946095,0.9947279544729284,0.9961847476332305,0.9999867035421763,0.06304121334067112,0.009523977523549521,0.11553880821088905,0.09239433156662248,0.07906505890750667,-0.049611973097581225,0.06382026665339531,0.027716789641163694,6.156245337388998,0.9944836320604191,0.9958199260716945,0.9974786591851931,0.024568819310575783,0.004534252733149117,0.06930111598009933,0.033977408483321314,0.05172473030995675,0.00751946259889029,0.023153769831795207,0.010055554473206642,5.117524213779206,0.9943706121689182,0.9957467955536645,0.9973556669503244,0.021319407038390636,0.2759932840708643,0.07485645194537938,ok,
759xd9YjKW5,217b34f2c019478ea2b734c13e16b62b,217b34f2c019478ea2b734c13e16b62b_i0_2,0,2,/home/bgao491/Matterport3D/v1/scans/759xd9YjKW5/undistorted_color_images/217b34f2c019478ea2b734c13e16b62b_i0_2.jpg,/home/bgao491/Matterport3D/v1/scans/759xd9YjKW5/undistorted_depth_images/217b34f2c019478ea2b734c13e16b62b_d0_2.png,1024,1280,406,504,1.4155678118069965,1239287,0.9455009460449219,-11.594099998474121,-3.2855799198150635,1.575659990310669,True,108843,0.5319170771756979,True,,1.0,108843,0.9430898427963257,-0.058593727507975306,0.9873488098421775,0.045861829622219324,log-depth Laplacian fallback,,,,0.0719309242023869,0.015719965655277154,0.18568818975956172,0.14806609619048622,0.08512976839167909,0.006176446962935398,0.07146362738820818,0.03103625903148892,8.490541189662158,0.9941982769124504,0.9990623640851554,0.9998305477262329,0.07322552027379266,0.02165433038484038,0.23287471240246543,0.16869656150369988,0.09978226435744889,-0.05241728057193532,0.07691443600466233,0.03340351513552563,8.490541194613465,0.9645594603994071,0.9991043236958025,0.9998337753885904,0.07322552027379266,0.02165433038484038,0.23287471240246543,0.16869656150369988,0.09978226435744889,-0.05241728057193532,0.07691443600466233,0.03340351513552563,8.490541194613465,0.9645594603994071,0.9991043236958025,0.9998337753885904,0.06276142657155788,0.016242802050309788,0.20129477989429323,0.14395531059453356,0.08572930542439254,-0.04412928815449562,0.06548958574878641,0.02844176571282778,7.349911384177549,0.9811375411829544,0.9991341795726091,0.999841844544484,0.07074874929308202,0.015890784888787667,0.19093311982677902,0.14962854658451127,0.08515810653343937,-0.00655546602948179,0.07118911753573569,0.03091704091733203,8.490541192113092,0.9894358611040057,0.9990688194098704,0.9998313546418223,0.01169979409314692,0.27811062382534146,0.07103286497294903,ok,
759xd9YjKW5,217b34f2c019478ea2b734c13e16b62b,217b34f2c019478ea2b734c13e16b62b_i0_3,0,3,/home/bgao491/Matterport3D/v1/scans/759xd9YjKW5/undistorted_color_images/217b34f2c019478ea2b734c13e16b62b_i0_3.jpg,/home/bgao491/Matterport3D/v1/scans/759xd9YjKW5/undistorted_depth_images/217b34f2c019478ea2b734c13e16b62b_d0_3.png,1024,1280,406,504,1.4155678118069965,1253166,0.9560897827148438,-11.582599639892578,-3.2943999767303467,1.5756700038909912,True,50623,0.24739522245679882,True,,1.0,50623,0.9795814752578735,-0.02062986459959691,1.0732981560204764,0.09136616105676228,log-depth Laplacian fallback,,,,0.06919178750035958,0.021946351710575233,0.25144344408752795,0.192982648870941,0.09695402872323146,-0.06876289310623941,0.07304604036832754,0.03172349225684682,6.83501881294052,0.9778584800417502,0.9946096526717131,1.0,0.08653718279973009,0.029571171339132788,0.2925597532373772,0.24284388644259722,0.11252916656017362,-0.08939275757287045,0.09199182481138686,0.039951541895795986,6.835018815076744,0.9781066514731488,0.9864910155558003,1.0,0.08653718279973009,0.029571171339132788,0.2925597532373772,0.24284388644259722,0.11252916656017362,-0.08939275757287045,0.09199182481138686,0.039951541895795986,6.835018815076744,0.9781066514731488,0.9864910155558003,1.0,0.07278408807639324,0.02568130878100638,0.275710368797879,0.20636108078880586,0.10642015678281747,-0.07502730271111276,0.077554391126991,0.033681444113818695,7.547286676398681,0.9785144186803664,0.9802979014751437,1.0,0.036956242843236384,0.011522499197191784,0.18144714527549963,0.10105206101803041,0.06837866856949963,0.001973348039454019,0.037352007822067844,0.01622177088513116,6.835018809668822,0.9770820465923908,0.9979874972669224,0.999975262654748,0.013391184154897928,0.2743726649787277,0.07411296502687037,ok,
759xd9YjKW5,217b34f2c019478ea2b734c13e16b62b,217b34f2c019478ea2b734c13e16b62b_i0_4,0,4,/home/bgao491/Matterport3D/v1/scans/759xd9YjKW5/undistorted_color_images/217b34f2c019478ea2b734c13e16b62b_i0_4.jpg,/home/bgao491/Matterport3D/v1/scans/759xd9YjKW5/undistorted_depth_images/217b34f2c019478ea2b734c13e16b62b_d0_4.png,1024,1280,406,504,1.4155678118069965,1250788,0.9542755126953125,-11.584400177001953,-3.3088300228118896,1.5753999948501587,True,45402,0.22188013136288998,True,,1.0,45402,0.9642767310142517,-0.03637696019948936,1.3052822411863565,0.3027962543608513,log-depth Laplacian fallback,,,,0.22677259213559608,0.18418994455380241,0.8159017223331244,0.7658313324318496,0.26710917017659624,-0.2541403802612614,0.25858369677961335,0.1123014726215298,8.221907268445268,0.29280741420608447,0.9996402268010246,0.9999992005040023,0.2537050864675758,0.22757068595485552,0.9069333022890242,0.8559865020345249,0.3019276420253641,-0.29051734046408456,0.29425811838679267,0.12779467707061787,8.221907265757492,0.16079943203804323,0.9992716591460743,0.9999976015120068,0.2537050864675758,0.22757068595485552,0.9069333022890242,0.8559865020345249,0.3019276420253641,-0.29051734046408456,0.29425811838679267,0.12779467707061787,8.221907265757492,0.16079943203804323,0.9992716591460743,0.9999976015120068,0.2478208883238966,0.219639364875937,0.893709000101693,0.8362826857499295,0.295715678713437,-0.2831832823222974,0.28678146633703133,0.12454760834229583,8.517623641673014,0.2096974067547818,0.9991853135783202,0.9999992005040023,0.058443791450625254,0.022056333261979356,0.24706497063169774,0.17481223631007015,0.08313090597493462,0.012278909276068214,0.056209927280461654,0.02441166124608757,8.22190726972976,0.9883169649852733,0.9939590082412048,0.9991285493624819,0.012475477997213602,0.27733688219450414,0.07096074195578694,ok,
759xd9YjKW5,217b34f2c019478ea2b734c13e16b62b,217b34f2c019478ea2b734c13e16b62b_i0_5,0,5,/home/bgao491/Matterport3D/v1/scans/759xd9YjKW5/undistorted_color_images/217b34f2c019478ea2b734c13e16b62b_i0_5.jpg,/home/bgao491/Matterport3D/v1/scans/759xd9YjKW5/undistorted_depth_images/217b34f2c019478ea2b734c13e16b62b_d0_5.png,1024,1280,406,504,1.4155678118069965,1253849,0.9566108703613281,-11.597900390625,-3.3144400119781494,1.5751099586486816,True,59276,0.2896825396825397,True,,1.0,59276,0.9951291084289551,-0.004882793026253312,1.1474950290769692,0.1424641240103653,log-depth Laplacian fallback,,,,0.1283379200447059,0.05601449648516868,0.3965347702643049,0.3452377960676437,0.15412216936615175,-0.12623100586921857,0.13745194572182978,0.05969462155385597,8.842723702216459,0.9303592378348589,0.9970498839971959,0.9996993258358862,0.1320623590828959,0.05843949073364951,0.4051363403687382,0.35585742164889494,0.15814614910178146,-0.1311137988094222,0.14181210865442984,0.06158821625568331,8.842723696624954,0.9062853661007028,0.997116080165953,0.9997719023582584,0.1320623590828959,0.05843949073364951,0.4051363403687382,0.35585742164889494,0.15814614910178146,-0.1311137988094222,0.14181210865442984,0.06158821625568331,8.842723696624954,0.9062853661007028,0.997116080165953,0.9997719023582584,0.1261513849375419,0.05700292048662384,0.40030642288584994,0.3419680261259896,0.15712252948112534,-0.12350467417748558,0.13555813525379967,0.058872150117819884,9.712921664906101,0.8823375063504457,0.9967747312475426,0.9995613506889586,0.06109827610625502,0.03814979947375159,0.38382692224778203,0.2073925155709999,0.08915271264925959,0.011350327106841094,0.05831657087060207,0.025326564932622392,8.842723702168444,0.9864648773496649,0.9924384834218475,0.9977038702427485,0.012295887107029557,0.27749514509923756,0.07405677600763738,ok,
759xd9YjKW5,217b34f2c019478ea2b734c13e16b62b,217b34f2c019478ea2b734c13e16b62b_i1_0,1,0,/home/bgao491/Matterport3D/v1/scans/759xd9YjKW5/undistorted_color_images/217b34f2c019478ea2b734c13e16b62b_i1_0.jpg,/home/bgao491/Matterport3D/v1/scans/759xd9YjKW5/undistorted_depth_images/217b34f2c019478ea2b734c13e16b62b_d1_0.png,1024,1280,406,504,1.4121168655554452,1094376,0.834942626953125,-11.599699974060059,-3.301919937133789,1.6085599660873413,True,204624,1.0,True,,1.0,204624,1.0728434324264526,0.07031253727624621,0.8110026762480502,0.27979646221247156,log-depth Laplacian fallback,,,,0.22884095312220296,0.052848162071032025,0.25797679470529733,0.23871957381362013,0.22245595954874534,0.04696567234115022,0.22013234289071973,0.09560226180587413,21.744166932834364,0.5467654626928953,0.9999634494908514,1.0,0.256257384669829,0.06065032914312241,0.23503794340187123,0.22843088621146504,0.2470527434029498,0.1172782095967226,0.23050648783318978,0.10010769570885332,21.744166936608764,0.4256151450689708,0.995761054701492,1.0,0.256257384669829,0.06065032914312241,0.23503794340187123,0.22843088621146504,0.2470527434029498,0.1172782095967226,0.23050648783318978,0.10010769570885332,21.744166936608764,0.4256151450689708,0.995761054701492,1.0,0.28875900461319054,0.07797748155241832,0.26630235780963585,0.25329853921046575,0.2767484701159757,0.1387752596385499,0.2548310678875276,0.11067172660106624,23.943922615934543,0.4166922520230707,0.9946480916979173,1.0,0.15924568136415013,0.08742195810560602,0.4022968329289975,0.266552278790174,0.2714646639861198,-0.16251825820332166,0.19079407272654755,0.08286081296498733,21.74416692900774,0.5735515033224413,0.9573629173154382,0.999968018304495,0.011952759930863976,0.27436339808627963,0.07498192600905895,ok,
759xd9YjKW5,217b34f2c019478ea2b734c13e16b62b,217b34f2c019478ea2b734c13e16b62b_i1_1,1,1,/home/bgao491/Matterport3D/v1/scans/759xd9YjKW5/undistorted_color_images/217b34f2c019478ea2b734c13e16b62b_i1_1.jpg,/home/bgao491/Matterport3D/v1/scans/759xd9YjKW5/undistorted_depth_images/217b34f2c019478ea2b734c13e16b62b_d1_1.png,1024,1280,406,504,1.4121168655554452,1305263,0.9958366394042969,-11.599300384521484,-3.298449993133545,1.6086299419403076,True,204624,1.0,True,,1.0,204624,0.9995328187942505,-0.0004672903688896501,1.1714017505286636,0.15866839943150365,log-depth Laplacian fallback,,,,0.1620362427725647,0.025397943084832307,0.16284855589874253,0.1509926976230892,0.1745038200356354,-0.10526331140677103,0.17096210148799543,0.0742478972908202,13.918052478242268,0.907099182310385,0.9992269757129406,0.9999969354835002,0.16223551829554414,0.025417663316707743,0.1627814831254865,0.15107570710211346,0.1747860939113553,-0.1057306018800765,0.17123714156805642,0.07436734567989288,13.918052468239184,0.9050344643186852,0.9992285079711904,0.9999969354835002,0.16223551829554414,0.025417663316707743,0.1627814831254865,0.15107570710211346,0.1747860939113553,-0.1057306018800765,0.17123714156805642,0.07436734567989288,13.918052468239184,0.9050344643186852,0.9992285079711904,0.9999969354835002,0.09136299892994881,0.00929866374141806,0.10069657335566433,0.08699525996415437,0.09981888769934233,-0.050939848050958254,0.0937136598629765,0.04069932535744897,8.584254319438118,0.9962153221228213,0.9992583870070629,0.9999954032252504,0.10165289231134708,0.04367630521294077,0.252195074533311,0.13263736320144726,0.14890811893444883,0.052937787950078384,0.09038520212532654,0.03925379452873937,13.918052482854234,0.7946367896738052,0.9986431853197402,0.9999823790301265,0.010929453885182738,0.27293184702284634,0.07347728405147791,ok,
759xd9YjKW5,217b34f2c019478ea2b734c13e16b62b,217b34f2c019478ea2b734c13e16b62b_i1_2,1,2,/home/bgao491/Matterport3D/v1/scans/759xd9YjKW5/undistorted_color_images/217b34f2c019478ea2b734c13e16b62b_i1_2.jpg,/home/bgao491/Matterport3D/v1/scans/759xd9YjKW5/undistorted_depth_images/217b34f2c019478ea2b734c13e16b62b_d1_2.png,1024,1280,406,504,1.4121168655554452,1242476,0.9479339599609375,-11.595999717712402,-3.297100067138672,1.6086900234222412,True,204624,1.0,True,,1.0,204624,0.9605173468589783,-0.040283236698214986,0.9484748621770891,0.0126167559726666,log-depth Laplacian fallback,,,,0.08373360749184885,0.0923378753954643,0.4245587284819703,0.20753591067389113,0.12741330223098685,0.03757928914744813,0.07290921031079661,0.03166406771790262,12.174541721386182,0.9805428837257218,0.9925632366339471,0.9936876044285765,0.06914103574540595,0.0901795847649746,0.4810579569844791,0.24274167185928566,0.12177544061460525,-0.002703947452759792,0.061389969806490384,0.026661325131166005,12.174541718296407,0.9894863160334687,0.9926887923790882,0.993761650124429,0.06914103574540595,0.0901795847649746,0.4810579569844791,0.24274167185928566,0.12177544061460525,-0.002703947452759792,0.061389969806490384,0.026661325131166005,12.174541718296407,0.9894863160334687,0.9926887923790882,0.993761650124429,0.06675573294463179,0.08857417814201296,0.4744026007185578,0.2370378880323464,0.12028879754676604,-0.004794283688292847,0.059182267431254425,0.025702532171916325,12.019321802482466,0.9897205257888281,0.9927604235413803,0.9937841857709928,0.06628384220229248,0.09144072550011102,0.5056522193924421,0.2560495536170987,0.12270562277295761,-0.015320680487060638,0.059383991135836006,0.025790139663685197,12.174541720127609,0.9895708247080829,0.9927491557180984,0.9937922342161941,0.010251211002469063,0.2673454210162163,0.07254102500155568,ok,
759xd9YjKW5,217b34f2c019478ea2b734c13e16b62b,217b34f2c019478ea2b734c13e16b62b_i1_3,1,3,/home/bgao491/Matterport3D/v1/scans/759xd9YjKW5/undistorted_color_images/217b34f2c019478ea2b734c13e16b62b_i1_3.jpg,/home/bgao491/Matterport3D/v1/scans/759xd9YjKW5/undistorted_depth_images/217b34f2c019478ea2b734c13e16b62b_d1_3.png,1024,1280,406,504,1.4121168655554452,1205795,0.9199485778808594,-11.593199729919434,-3.2992300987243652,1.6087000370025635,True,163431,0.79868930330753,True,,1.0,163431,0.9689966440200806,-0.031494130440938316,1.0067504415078254,0.0382218897378976,log-depth Laplacian fallback,,,,0.04449962963711738,0.05627500235024383,0.4434796539038981,0.1829817623326482,0.09710931590729054,-0.007670245734656048,0.04128786979317052,0.01793109402071392,9.680592216570194,0.9702412101559552,0.9899361002492132,0.9960557142797906,0.06274897956955858,0.05997548957772977,0.4823606593606087,0.25752174485012963,0.10442813293197863,-0.039164376255437006,0.06118992166276811,0.02657444532623246,9.680592223713154,0.9632010416364307,0.9908732413055287,0.9964828183895272,0.06274897956955858,0.05997548957772977,0.4823606593606087,0.25752174485012963,0.10442813293197863,-0.039164376255437006,0.06118992166276811,0.02657444532623246,9.680592223713154,0.9632010416364307,0.9908732413055287,0.9964828183895272,0.06390479563763297,0.060236021964388695,0.49320186230777435,0.2657511723980788,0.10565941470151605,-0.042446903167687317,0.06286038047820126,0.027299916372021702,9.675831915933596,0.9662737032414299,0.9921437723659494,0.9963982268959484,0.04366995130198233,0.056467096097039385,0.4395640604712844,0.17855783116594587,0.09681050976371049,-0.0009424636756408119,0.04016277706694468,0.017442472458084547,9.680592214802553,0.971332606288797,0.9897536480081606,0.9959570242039484,0.012607332086190581,0.27530898596160114,0.07152185402810574,ok,
759xd9YjKW5,217b34f2c019478ea2b734c13e16b62b,217b34f2c019478ea2b734c13e16b62b_i1_4,1,4,/home/bgao491/Matterport3D/v1/scans/759xd9YjKW5/undistorted_color_images/217b34f2c019478ea2b734c13e16b62b_i1_4.jpg,/home/bgao491/Matterport3D/v1/scans/759xd9YjKW5/undistorted_depth_images/217b34f2c019478ea2b734c13e16b62b_d1_4.png,1024,1280,406,504,1.4121168655554452,1074836,0.8200347900390625,-11.593700408935547,-3.3027000427246094,1.6086299419403076,True,83121,0.4062133474079287,True,,1.0,83121,0.9479374289512634,-0.05346678212139021,1.0130154590509437,0.06639826793382718,log-depth Laplacian fallback,,,,0.050721166578736765,0.031928887209188794,0.3756373707293053,0.2308968390808243,0.07957314811274234,-0.006618763015772729,0.04930443996107529,0.02141264620842518,7.929740144994329,0.9812538843135139,0.994765713094835,0.9988100510217373,0.07853889557261763,0.04804745259516784,0.502000281833415,0.3845037785183542,0.09949045504637195,-0.0600855453213133,0.08041566716882341,0.03492408050998849,7.929740152599305,0.985703865519949,0.9960831233788224,0.9994715472872141,0.07853889557261763,0.04804745259516784,0.502000281833415,0.3845037785183542,0.09949045504637195,-0.0600855453213133,0.08041566716882341,0.03492408050998849,7.929740152599305,0.985703865519949,0.9960831233788224,0.9994715472872141,0.07185436366314925,0.04504021027416447,0.47081778404204705,0.3401458669686755,0.09595022980131793,-0.05082991201923842,0.07283950793965044,0.03163379636273829,8.138038242133176,0.9853307853477181,0.9952402040869491,0.9986156027524199,0.04926269085530959,0.03179148353342714,0.3646985636193177,0.216016354398401,0.07954828069946517,0.006312771780417117,0.04720306388009829,0.020500030172053377,7.929740143717996,0.9796434060638088,0.994498695614959,0.9986956149589332,0.01317551895044744,0.27655882481485605,0.07457844796590507,ok,
759xd9YjKW5,217b34f2c019478ea2b734c13e16b62b,217b34f2c019478ea2b734c13e16b62b_i1_5,1,5,/home/bgao491/Matterport3D/v1/scans/759xd9YjKW5/undistorted_color_images/217b34f2c019478ea2b734c13e16b62b_i1_5.jpg,/home/bgao491/Matterport3D/v1/scans/759xd9YjKW5/undistorted_depth_images/217b34f2c019478ea2b734c13e16b62b_d1_5.png,1024,1280,406,504,1.4121168655554452,1144012,0.8728118896484375,-11.59689998626709,-3.3040499687194824,1.6085599660873413,True,183300,0.8957893502228478,True,,1.0,183300,0.9567726850509644,-0.04418944442596607,0.9925139290995564,0.036675212263929474,log-depth Laplacian fallback,,,,0.040258835350047,0.023732694431243033,0.3238594641193754,0.17934893451361367,0.06823691912741778,0.013821808080651048,0.03843870886747608,0.016693719152630453,6.682241205900461,0.9824075271937707,0.9969886679510355,0.9987937189470041,0.0508277190322617,0.02524420132139755,0.35610907575613304,0.22319415596394404,0.07339910140419115,-0.030367636211703734,0.05088612052628845,0.02209956135003087,6.682241209247356,0.9843891497641634,0.9976451295965427,0.9988846270843312,0.0508277190322617,0.02524420132139755,0.35610907575613304,0.22319415596394404,0.07339910140419115,-0.030367636211703734,0.05088612052628845,0.02209956135003087,6.682241209247356,0.9843891497641634,0.9976451295965427,0.9988846270843312,0.04972684301414699,0.025897406995633934,0.35788729313842715,0.21939922247526172,0.07504013932056079,-0.02602842789466738,0.04985492433329302,0.02165171853365331,7.038141409904518,0.9847781316979193,0.9976031719946994,0.9988592776998843,0.039334274732472765,0.02275630289572325,0.3196807590107092,0.17419591171407794,0.06711945019158398,0.0063076016124161615,0.03781240964598363,0.016421720856715998,6.682241207798151,0.9827694115096695,0.9971005548892844,0.99880508246417,0.011535014025866985,0.26910274499095976,0.07388999010436237,ok,
759xd9YjKW5,217b34f2c019478ea2b734c13e16b62b,217b34f2c019478ea2b734c13e16b62b_i2_0,2,0,/home/bgao491/Matterport3D/v1/scans/759xd9YjKW5/undistorted_color_images/217b34f2c019478ea2b734c13e16b62b_i2_0.jpg,/home/bgao491/Matterport3D/v1/scans/759xd9YjKW5/undistorted_depth_images/217b34f2c019478ea2b734c13e16b62b_d2_0.png,1024,1280,406,504,1.4165615917841592,1127475,0.8601951599121094,-11.610400199890137,-3.3067500591278076,1.6415899991989136,True,204624,1.0,True,,1.0,204624,0.9986505508422852,-0.00135036048418089,1.0721954545537247,0.07105873352231364,log-depth Laplacian fallback,,,,0.06877651435164914,0.010336495370752912,0.11706570972215467,0.08544289342040574,0.08640779611430807,-0.034890044251964424,0.06883299912828754,0.02989379169426662,7.905056635741325,0.9925399676267767,0.9954987915474844,0.9971068094636245,0.06933285384297143,0.01035465657489052,0.11677731120624871,0.08574370162693576,0.08696182489927218,-0.03624040472197878,0.0694825858615583,0.030175903628043683,7.905056644578109,0.992558593316925,0.9955032262356149,0.9971254351537728,0.06933285384297143,0.01035465657489052,0.11677731120624871,0.08574370162693576,0.08696182489927218,-0.03624040472197878,0.0694825858615583,0.030175903628043683,7.905056644578109,0.992558593316925,0.9955032262356149,0.9971254351537728,0.06252941950926466,0.008629386570032862,0.09806165920289434,0.06904039002635289,0.08665902122047384,-0.05014145364625809,0.06375605248711981,0.027688901783090244,7.06797041952687,0.9930756779529479,0.9956105456883745,0.9985214749772722,0.05388047597292663,0.016923575849165356,0.17600682780414476,0.09919254859024206,0.08637884705081665,0.03481828791779932,0.04981356704791271,0.02163375729282615,7.905056637559029,0.9896600811547928,0.9948672919576931,0.996354686356682,0.010870025958865881,0.26528284000232816,0.07473149988800287,ok,
759xd9YjKW5,217b34f2c019478ea2b734c13e16b62b,217b34f2c019478ea2b734c13e16b62b_i2_1,2,1,/home/bgao491/Matterport3D/v1/scans/759xd9YjKW5/undistorted_color_images/217b34f2c019478ea2b734c13e16b62b_i2_1.jpg,/home/bgao491/Matterport3D/v1/scans/759xd9YjKW5/undistorted_depth_images/217b34f2c019478ea2b734c13e16b62b_d2_1.png,1024,1280,406,504,1.4165615917841592,1207277,0.9210792541503906,-11.608499526977539,-3.2923200130462646,1.641860008239746,True,204624,1.0,True,,1.0,204624,1.0510658025741577,0.049804699425081325,1.0355601580548979,0.014862203600063711,log-depth Laplacian fallback,,,,0.03652118375350883,0.002029272376014869,0.04889024398079026,0.03938498269562349,0.0448646334097516,-0.03499910069175584,0.03732608324782062,0.0162105119855899,2.8069525855627404,0.998377340080197,1.0,1.0,0.02359677021305492,0.0016240441102402204,0.05030212966589164,0.03183801729676065,0.03173490259774822,0.014805598633132465,0.023207915149061138,0.010079069485716142,2.80695260380925,0.9974678553471987,1.0,1.0,0.02359677021305492,0.0016240441102402204,0.05030212966589164,0.03183801729676065,0.03173490259774822,0.014805598633132465,0.023207915149061138,0.010079069485716142,2.80695260380925,0.9974678553471987,1.0,1.0,0.02616116693350975,0.0016535775787828437,0.04846408048878432,0.03245235906451952,0.03478661865299531,-0.0003796821278567784,0.02611835795947156,0.011343058738172377,3.478454655146028,0.9976227493773178,1.0,1.0,0.019063762392999596,0.0011116164614758616,0.04022951152351939,0.023471620857000663,0.028069583000349042,-5.663090952779915e-05,0.01898234307535051,0.008243926851219123,2.806952587333049,0.9977088936507529,1.0,1.0,0.016145566012710333,0.2664202160667628,0.07431790279224515,ok,
759xd9YjKW5,217b34f2c019478ea2b734c13e16b62b,217b34f2c019478ea2b734c13e16b62b_i2_2,2,2,/home/bgao491/Matterport3D/v1/scans/759xd9YjKW5/undistorted_color_images/217b34f2c019478ea2b734c13e16b62b_i2_2.jpg,/home/bgao491/Matterport3D/v1/scans/759xd9YjKW5/undistorted_depth_images/217b34f2c019478ea2b734c13e16b62b_d2_2.png,1024,1280,406,504,1.4165615917841592,1224717,0.9343849182128906,-11.595100402832031,-3.286710023880005,1.6421400308609009,True,204624,1.0,True,,1.0,204624,1.055694818496704,0.05419914588050873,1.0541647393014624,0.0014504088272797797,log-depth Laplacian fallback,,,,0.054358938978636875,0.014150939047383385,0.17015078139924372,0.1181770735935313,0.07003139040242451,-0.049387735076391784,0.054561695426055275,0.02369584324682169,4.9651256436478395,0.996928269959509,0.9977545833037347,0.9983490063418733,0.019098740072795363,0.009913655109992384,0.1254279238362931,0.037185222426042164,0.049883834485628144,0.004811410734400876,0.017563280641236325,0.0076276358666071435,4.965125647689527,0.9957655523684247,0.9976149592109851,0.9982134648249351,0.019098740072795363,0.009913655109992384,0.1254279238362931,0.037185222426042164,0.049883834485628144,0.004811410734400876,0.017563280641236325,0.0076276358666071435,4.965125647689527,0.9957655523684247,0.9976149592109851,0.9982134648249351,0.022240602431515075,0.010314409498428986,0.1299385965972053,0.044939839279093896,0.05140620274448673,0.011106939987331895,0.020607847827660834,0.008949874595455008,5.019196713344758,0.9956479741850567,0.9976157757261473,0.9982110152794482,0.019016324858499457,0.009869221656338037,0.12532479531935833,0.03717440288433162,0.04976488499299206,0.0033610284869613474,0.017508492736928276,0.007603841782091117,4.965125643803549,0.9957982129749159,0.9976182252716341,0.9982175474007464,0.010490922955796123,0.2672702909912914,0.07453935290686786,ok,
759xd9YjKW5,217b34f2c019478ea2b734c13e16b62b,217b34f2c019478ea2b734c13e16b62b_i2_3,2,3,/home/bgao491/Matterport3D/v1/scans/759xd9YjKW5/undistorted_color_images/217b34f2c019478ea2b734c13e16b62b_i2_3.jpg,/home/bgao491/Matterport3D/v1/scans/759xd9YjKW5/undistorted_depth_images/217b34f2c019478ea2b734c13e16b62b_d2_3.png,1024,1280,406,504,1.4165615917841592,1233111,0.9407890319824219,-11.583499908447266,-3.2955400943756104,1.6421500444412231,True,198494,0.9700426147470482,True,,1.0,198494,1.0254652500152588,0.025146412061725194,1.0292208280375983,0.0036556262728324254,log-depth Laplacian fallback,,,,0.055571080574818854,0.026209305826563934,0.216731033753484,0.10578001393015063,0.09971393641551421,-0.015617816293424666,0.05131031727750367,0.02228378765832492,9.848326218044388,0.9741645318223583,0.9873125776998177,0.9944635965456475,0.0448237453711478,0.02747068527231782,0.2222829026195201,0.08334354163349202,0.09894315054056435,0.009528595823023955,0.039327184426974145,0.017079579185426377,9.848326203235873,0.9714891846719395,0.9853954753465016,0.9940078387103838,0.0448237453711478,0.02747068527231782,0.2222829026195201,0.08334354163349202,0.09894315054056435,0.009528595823023955,0.039327184426974145,0.017079579185426377,9.848326203235873,0.9714891846719395,0.9853954753465016,0.9940078387103838,0.04699332172049424,0.02699531212644536,0.22020289605000518,0.08802762431487125,0.09903348464543439,0.004944510536298519,0.04193773423131916,0.018213326560187027,9.890997369615423,0.971487562757935,0.9854676505197018,0.9939737785162893,0.04479594142234558,0.02790830662406154,0.22461759146467053,0.08423760076368764,0.09936184592690508,0.013184213707126535,0.03913569559422989,0.016996416642019438,9.848326220697018,0.9711923744091164,0.9850500076635437,0.9939421511932016,0.010393190896138549,0.2745066999923438,0.07100606290623546,ok,
759xd9YjKW5,217b34f2c019478ea2b734c13e16b62b,217b34f2c019478ea2b734c13e16b62b_i2_4,2,4,/home/bgao491/Matterport3D/v1/scans/759xd9YjKW5/undistorted_color_images/217b34f2c019478ea2b734c13e16b62b_i2_4.jpg,/home/bgao491/Matterport3D/v1/scans/759xd9YjKW5/undistorted_depth_images/217b34f2c019478ea2b734c13e16b62b_d2_4.png,1024,1280,406,504,1.4165615917841592,1250237,0.9538551330566406,-11.585399627685547,-3.309959888458252,1.6418800354003906,True,189529,0.9262305496911408,True,,1.0,189529,1.0613805055618286,0.0595704245215143,1.1277571402281414,0.06066040415753207,log-depth Laplacian fallback,,,,0.11560705185860887,0.03575936476602166,0.3183266483292329,0.2734976891938551,0.1285047529166063,-0.11173274020023793,0.12224647341773201,0.05309096883745358,6.347650186883463,0.9907505536950194,0.998830621714123,1.0,0.06825890266421146,0.015735053223548384,0.20785237098477252,0.15904567485161392,0.08215943939089236,-0.05216231573394665,0.06941869705583932,0.030148157072264523,6.3476501938101295,0.9891412588173283,0.9983315163445011,0.9999016186531033,0.06825890266421146,0.015735053223548384,0.20785237098477252,0.15904567485161392,0.08215943939089236,-0.05216231573394665,0.06941869705583932,0.030148157072264523,6.3476501938101295,0.9891412588173283,0.9983315163445011,0.9999016186531033,0.06788264648954917,0.01603225190968452,0.2098678272953152,0.15342237666937972,0.08451458461990481,-0.053388991982977745,0.06927081164904869,0.030083931256141335,6.551588012471929,0.9879430859908961,0.9980491698773912,0.9998976194113596,0.034920691661891025,0.009479422080581298,0.1441126903570163,0.07267966886762114,0.06404283390726272,0.008498134035433506,0.033190484660042485,0.014414444339550983,6.347650189470939,0.9805484880066739,0.9972341244100119,0.9995960765838797,0.010689670918509364,0.26983480202034116,0.0712315181735903,ok,
759xd9YjKW5,217b34f2c019478ea2b734c13e16b62b,217b34f2c019478ea2b734c13e16b62b_i2_5,2,5,/home/bgao491/Matterport3D/v1/scans/759xd9YjKW5/undistorted_color_images/217b34f2c019478ea2b734c13e16b62b_i2_5.jpg,/home/bgao491/Matterport3D/v1/scans/759xd9YjKW5/undistorted_depth_images/217b34f2c019478ea2b734c13e16b62b_d2_5.png,1024,1280,406,504,1.4165615917841592,1206735,0.9206657409667969,-11.598799705505371,-3.315570116043091,1.6416000127792358,True,204624,1.0,True,,1.0,204624,1.05234956741333,0.0510253475356624,1.1048294234634266,0.0486656076117009,log-depth Laplacian fallback,,,,0.09527920726127873,0.022098344213081232,0.22123103407451417,0.20299489381718377,0.10517068080124539,-0.09410104359408428,0.09957791411821469,0.04324613862097651,4.696664449054984,0.9946085926073247,0.9984255035281151,0.999403348705391,0.05018801770445401,0.0095939071070579,0.14269148677634366,0.1045971607385167,0.06372896732054793,-0.043075696104768066,0.05077417280422098,0.022050943072075325,4.696664434290718,0.9934890427475792,0.998150380986712,0.9991953494346315,0.05018801770445401,0.0095939071070579,0.14269148677634366,0.1045971607385167,0.06372896732054793,-0.043075696104768066,0.05077417280422098,0.022050943072075325,4.696664434290718,0.9934890427475792,0.998150380986712,0.9991953494346315,0.055925123443275396,0.011385794621568761,0.15464436367985812,0.11508020895801496,0.07157857401773765,-0.04878293170579391,0.057016367633324294,0.02476189384131991,5.2380510045250555,0.9932288364885414,0.9981462375749439,0.9992144091287648,0.02237824723026686,0.007114115767276808,0.12401974971195162,0.051231918494323535,0.04729812763451053,0.005589917997918917,0.021377848620242758,0.009284281690734478,4.696664448847704,0.9919543230286683,0.997824708821738,0.9989914935756401,0.010113567113876343,0.26739080785773695,0.07465996104292572,ok,
759xd9YjKW5,39a9ff1fe32d41b8bb16f7f102414c80,39a9ff1fe32d41b8bb16f7f102414c80_i0_0,0,0,/home/bgao491/Matterport3D/v1/scans/759xd9YjKW5/undistorted_color_images/39a9ff1fe32d41b8bb16f7f102414c80_i0_0.jpg,/home/bgao491/Matterport3D/v1/scans/759xd9YjKW5/undistorted_depth_images/39a9ff1fe32d41b8bb16f7f102414c80_d0_0.png,1024,1280,406,504,1.4155678118069965,1203370,0.9180984497070312,-0.1562730073928833,2.3353700637817383,1.5817099809646606,True,204624,1.0,True,,1.0,204624,1.1058186292648315,0.10058590164615833,1.3211082403678558,0.17788505874156008,log-depth Laplacian fallback,,,,0.2528039571135367,0.10337642043422066,0.40311810738448967,0.3785623755679751,0.31440053341386764,-0.29426813166621524,0.2963612595933369,0.12870805969128338,11.069761558678454,0.2760597322519258,0.9082094451415608,0.9979598959588489,0.17528292968632872,0.055848963746893326,0.29516648053663047,0.2591422084076984,0.22308466624427292,-0.19368223001991444,0.19726761106728008,0.08567223494475652,11.069761554718145,0.6151998138560875,0.9958865519333205,0.9986762176221777,0.17528292968632872,0.055848963746893326,0.29516648053663047,0.2591422084076984,0.22308466624427292,-0.19368223001991444,0.19726761106728008,0.08567223494475652,11.069761554718145,0.6151998138560875,0.9958865519333205,0.9986762176221777,0.1262903145372009,0.037061573770299526,0.25400336255539796,0.19526312694836287,0.17441564585075356,-0.137258583053139,0.1396980973719547,0.0606701128210231,10.761458495845266,0.8087271578982358,0.9893299650149164,0.9982366188287891,0.08714653084008801,0.020421787841833128,0.18802234061392095,0.13553969173353256,0.11181910909884996,-0.015797185192768005,0.08830186987330205,0.038349014827714106,11.069761560054443,0.9808280080108362,0.996001229879422,0.9985000457049785,0.011603531194850802,0.2762978409882635,0.07414645492099226,ok,
759xd9YjKW5,39a9ff1fe32d41b8bb16f7f102414c80,39a9ff1fe32d41b8bb16f7f102414c80_i0_1,0,1,/home/bgao491/Matterport3D/v1/scans/759xd9YjKW5/undistorted_color_images/39a9ff1fe32d41b8bb16f7f102414c80_i0_1.jpg,/home/bgao491/Matterport3D/v1/scans/759xd9YjKW5/undistorted_depth_images/39a9ff1fe32d41b8bb16f7f102414c80_d0_1.png,1024,1280,406,504,1.4155678118069965,1226134,0.9354660034179687,-0.14512699842453003,2.3260200023651123,1.5814599990844727,True,204624,1.0,True,,1.0,204624,1.04263174533844,0.04174804113160651,0.9869303902557778,0.05490380975726966,log-depth Laplacian fallback,,,,0.035664706214940146,0.00274347244707763,0.06271997839543424,0.05104154755171976,0.04502533197632528,-0.0011880724094612371,0.03598954757832428,0.015630061919460782,4.500965455908518,1.0,1.0,1.0,0.055634428058774804,0.00549521990228386,0.08871279147386638,0.07832043745393685,0.06058861328542057,0.040559968778541,0.05412375901148961,0.02350564987855131,4.500965443695409,1.0,1.0,1.0,0.055634428058774804,0.00549521990228386,0.08871279147386638,0.07832043745393685,0.06058861328542057,0.040559968778541,0.05412375901148961,0.02350564987855131,4.500965443695409,1.0,1.0,1.0,0.07483369528358777,0.011785956810606485,0.12385191046561805,0.09930555997795291,0.0899179558790847,0.06725676031836886,0.07063746308647421,0.0306774604341004,5.968054105778958,0.9996329928050278,1.0,1.0,0.03382771690192892,0.0029450575947908377,0.06531737391449931,0.04889937408575156,0.047239976294237325,-0.014343861245268413,0.03460685053744736,0.015029564224463986,4.5009654573842175,1.0,1.0,1.0,0.010658868821337819,0.26333228894509375,0.07095466693863273,ok,
759xd9YjKW5,39a9ff1fe32d41b8bb16f7f102414c80,39a9ff1fe32d41b8bb16f7f102414c80_i0_2,0,2,/home/bgao491/Matterport3D/v1/scans/759xd9YjKW5/undistorted_color_images/39a9ff1fe32d41b8bb16f7f102414c80_i0_2.jpg,/home/bgao491/Matterport3D/v1/scans/759xd9YjKW5/undistorted_depth_images/39a9ff1fe32d41b8bb16f7f102414c80_d0_2.png,1024,1280,406,504,1.4155678118069965,1190341,0.9081581115722657,-0.14764900505542755,2.311690092086792,1.581529974937439,True,204624,1.0,True,,1.0,204624,0.9163083434104919,-0.08740235150785204,0.9470306965570833,0.032978579713468875,log-depth Laplacian fallback,,,,0.06248797222584373,0.01005018900200442,0.13958246095237078,0.11665851626006458,0.06995295967846912,0.05170480108238548,0.060155356367996245,0.026125139327544407,4.711719551085863,0.9999546348483334,1.0,1.0,0.04444537798015489,0.004716966618991866,0.08578415486018323,0.07065269697532309,0.059112986859758625,-0.035697550420618535,0.04594300527834555,0.01995279367443745,4.711719547521258,0.9999974797137963,1.0,1.0,0.04444537798015489,0.004716966618991866,0.08578415486018323,0.07065269697532309,0.059112986859758625,-0.035697550420618535,0.04594300527834555,0.01995279367443745,4.711719547521258,0.9999974797137963,1.0,1.0,0.05611564817040198,0.006639422216959922,0.10799494182226517,0.09411906487183182,0.06632976871133121,-0.04417359467726175,0.057890988935732836,0.025141737046710976,4.948061994950837,0.9999974797137963,1.0,1.0,0.03730946980610244,0.003412848105350612,0.07485992622421367,0.061798701838198966,0.04719557988620721,-0.0027189426829179416,0.037510807371133555,0.01629073665301914,4.711719549678625,0.9999806778057716,1.0,1.0,0.010928462026640773,0.2700795989949256,0.07468492793850601,ok,
759xd9YjKW5,39a9ff1fe32d41b8bb16f7f102414c80,39a9ff1fe32d41b8bb16f7f102414c80_i0_3,0,3,/home/bgao491/Matterport3D/v1/scans/759xd9YjKW5/undistorted_color_images/39a9ff1fe32d41b8bb16f7f102414c80_i0_3.jpg,/home/bgao491/Matterport3D/v1/scans/759xd9YjKW5/undistorted_depth_images/39a9ff1fe32d41b8bb16f7f102414c80_d0_3.png,1024,1280,406,504,1.4155678118069965,1213536,0.9258544921875,-0.16131700575351715,2.3067100048065186,1.5818500518798828,True,204624,1.0,True,,1.0,204624,0.9881083369255066,-0.01196293448708362,1.081653055057226,0.09045341197340781,log-depth Laplacian fallback,,,,0.0749174961793434,0.012132848933834992,0.13601811132519384,0.11952414771122645,0.0976276321592514,-0.07650016582244487,0.07941939525725218,0.03449140511631793,6.065376484737394,0.9966206194130212,1.0,1.0,0.0845738647463657,0.014724551685391524,0.15119272970798636,0.1376603447510184,0.10725949507589692,-0.088463100227757,0.09002858326070955,0.03909891692369364,6.065376478035124,0.9914019856024049,1.0,1.0,0.0845738647463657,0.014724551685391524,0.15119272970798636,0.1376603447510184,0.10725949507589692,-0.088463100227757,0.09002858326070955,0.03909891692369364,6.065376478035124,0.9914019856024049,1.0,1.0,0.07170841717626183,0.01188344227793265,0.14658681164969065,0.1266364638560746,0.09084145845116592,-0.07525923158291907,0.075658996767969,0.032858284802664874,5.087453818054236,0.999777509690689,1.0,1.0,0.05236978651406813,0.0077268601036424465,0.136420709018692,0.10720416839742568,0.06068640974045899,0.001990259793413756,0.05228050071062138,0.0227051329697619,6.065376487194835,0.9999934076945389,1.0,1.0,0.015842502936720848,0.27091971202753484,0.07081162882968783,ok,
759xd9YjKW5,39a9ff1fe32d41b8bb16f7f102414c80,39a9ff1fe32d41b8bb16f7f102414c80_i0_4,0,4,/home/bgao491/Matterport3D/v1/scans/759xd9YjKW5/undistorted_color_images/39a9ff1fe32d41b8bb16f7f102414c80_i0_4.jpg,/home/bgao491/Matterport3D/v1/scans/759xd9YjKW5/undistorted_depth_images/39a9ff1fe32d41b8bb16f7f102414c80_d0_4.png,1024,1280,406,504,1.4155678118069965,1249448,0.953253173828125,-0.17246200144290924,2.3160600662231445,1.5821000337600708,True,204624,1.0,True,,1.0,204624,1.1863702535629272,0.17089843867065385,1.2175595843604379,0.0259500760328725,log-depth Laplacian fallback,,,,0.181584112913317,0.0606374655164041,0.34540797347103624,0.334561319054379,0.20568182753243047,-0.20122667594031377,0.20127686913929257,0.08741343360195768,4.257744786964595,0.7044118682810329,1.0,1.0,0.03927962144675087,0.003921327577855544,0.08204711596118762,0.06613567315943687,0.052274669179134266,-0.030328237275828267,0.040394513747449984,0.017543114419682555,4.257744780431292,0.9998047137615971,1.0,1.0,0.03927962144675087,0.003921327577855544,0.08204711596118762,0.06613567315943687,0.052274669179134266,-0.030328237275828267,0.040394513747449984,0.017543114419682555,4.257744780431292,0.9998047137615971,1.0,1.0,0.02802068906196391,0.002458448008102456,0.06828822084002645,0.05075501258801069,0.03870340366527921,-0.019194479546259913,0.028575936289185075,0.012410371445611957,3.3608412789445414,0.9999799911640981,1.0,1.0,0.03366757644713718,0.003286834304712078,0.08234306509855108,0.06292743780910875,0.042801955900693925,-0.004378168088205644,0.033864702840201016,0.014707253574792679,4.2577447940387,0.9996662526171557,1.0,1.0,0.015049798181280494,0.271631448995322,0.07434643199667335,ok,
759xd9YjKW5,39a9ff1fe32d41b8bb16f7f102414c80,39a9ff1fe32d41b8bb16f7f102414c80_i0_5,0,5,/home/bgao491/Matterport3D/v1/scans/759xd9YjKW5/undistorted_color_images/39a9ff1fe32d41b8bb16f7f102414c80_i0_5.jpg,/home/bgao491/Matterport3D/v1/scans/759xd9YjKW5/undistorted_depth_images/39a9ff1fe32d41b8bb16f7f102414c80_d0_5.png,1024,1280,406,504,1.4155678118069965,1234534,0.9418746948242187,-0.16993899643421173,2.330389976501465,1.5820300579071045,True,204624,1.0,True,,1.0,204624,1.116125464439392,0.10986328097287854,1.1535189848876517,0.032953976030203225,log-depth Laplacian fallback,,,,0.1303719825336704,0.035146978396386655,0.25332378356371976,0.22503192866378108,0.15570460617706414,-0.13167949834274195,0.1408099966596952,0.06115300454612099,8.309292449395711,0.922240294718493,0.9980923976172386,0.9993131011377573,0.06568602019813462,0.016750512887587617,0.19247830902139848,0.12817615184365289,0.08590914646733738,-0.021816217566247718,0.0654157325220019,0.02840969166396452,8.30929244752438,0.9936283650349038,0.9980073452817014,0.9992499194027868,0.06568602019813462,0.016750512887587617,0.19247830902139848,0.12817615184365289,0.08590914646733738,-0.021816217566247718,0.0654157325220019,0.02840969166396452,8.30929244752438,0.9936283650349038,0.9980073452817014,0.9992499194027868,0.04127542132609001,0.008335957443547705,0.13471706965563732,0.08324566604427261,0.059286591558421226,-0.001986075518044712,0.04088419245935169,0.01775577918216699,5.925331587895893,0.9949049600902041,0.9980599967275101,0.9992839403370016,0.05735878444682165,0.01953843940149351,0.21645982988602394,0.12320083093834536,0.08383605859019987,0.011137801570237447,0.05510954646311779,0.02393377192912292,8.309292446485104,0.9902862132594161,0.9972710350626228,0.9991713472451954,0.010218386072665453,0.2695937091484666,0.0742312150541693,ok,
759xd9YjKW5,39a9ff1fe32d41b8bb16f7f102414c80,39a9ff1fe32d41b8bb16f7f102414c80_i1_0,1,0,/home/bgao491/Matterport3D/v1/scans/759xd9YjKW5/undistorted_color_images/39a9ff1fe32d41b8bb16f7f102414c80_i1_0.jpg,/home/bgao491/Matterport3D/v1/scans/759xd9YjKW5/undistorted_depth_images/39a9ff1fe32d41b8bb16f7f102414c80_d1_0.png,1024,1280,406,504,1.4121168655554452,1228884,0.9375640869140625,-0.15742500126361847,2.3245201110839844,1.6150000095367432,True,204624,1.0,True,,1.0,204624,0.9581752419471741,-0.042724592951693646,1.3874109531005914,0.37016397958513403,log-depth Laplacian fallback,,,,0.2487158502911472,0.10676053263017858,0.43787009091969936,0.3839287231971255,0.30533904235487574,-0.27193441822214004,0.2852895820294545,0.12389969121987716,13.886541316101294,0.26265375739288654,0.9877449783706191,0.9938977153254498,0.2790718844591831,0.1295716233339145,0.49498030474160254,0.44160544237119276,0.34393879735340305,-0.314659011233732,0.326924614750156,0.14198155618433936,13.886541316798558,0.23030489452218436,0.9736329873283401,0.9942313513724648,0.2790718844591831,0.1295716233339145,0.49498030474160254,0.44160544237119276,0.34393879735340305,-0.314659011233732,0.326924614750156,0.14198155618433936,13.886541316798558,0.23030489452218436,0.9736329873283401,0.9942313513724648,0.2757642185131539,0.1262307091508336,0.48971455395024255,0.43776887293903044,0.33724416388098405,-0.3106146108907272,0.32212049295247425,0.13989515259721488,13.134759066304246,0.20087900892191615,0.9872355730890792,0.9942525087803242,0.09290025553676051,0.09523512796223187,0.4953942748661865,0.23870455863235643,0.1495473440050298,0.05550500102446954,0.08013342442633922,0.03480150404437036,13.886541311727827,0.9258782765501056,0.9875716503754626,0.9905833260096152,0.010055823950096965,0.2666013380512595,0.07133016781881452,ok,
759xd9YjKW5,39a9ff1fe32d41b8bb16f7f102414c80,39a9ff1fe32d41b8bb16f7f102414c80_i1_1,1,1,/home/bgao491/Matterport3D/v1/scans/759xd9YjKW5/undistorted_color_images/39a9ff1fe32d41b8bb16f7f102414c80_i1_1.jpg,/home/bgao491/Matterport3D/v1/scans/759xd9YjKW5/undistorted_depth_images/39a9ff1fe32d41b8bb16f7f102414c80_d1_1.png,1024,1280,406,504,1.4121168655554452,1303990,0.9948654174804688,-0.1547439992427826,2.322269916534424,1.6149400472640991,True,204624,1.0,True,,1.0,204624,1.1276289224624634,0.12011712950537742,0.9965374386053896,0.12358569943966145,log-depth Laplacian fallback,,,,0.06261590050971919,0.005888957630474669,0.0800856826468691,0.06897436044860823,0.07346567702231549,0.01560325141125223,0.06116233401463461,0.026562464162879384,7.1789583128365,0.9998427902054463,1.0,1.0,0.14835695435791446,0.027792934669074967,0.16629063228520088,0.1544737587285538,0.15353750682681525,0.13572038082170743,0.13573646909066078,0.05894959951910529,7.178958303406592,0.755144594667137,1.0,1.0,0.14835695435791446,0.027792934669074967,0.16629063228520088,0.1544737587285538,0.15353750682681525,0.13572038082170743,0.13573646909066078,0.05894959951910529,7.178958303406592,0.755144594667137,1.0,1.0,0.1618788118363432,0.03338818288420047,0.18365178829666023,0.16865770276732303,0.1657995041657816,0.14710737055909762,0.14711743020988757,0.06389228813194091,7.647808253877297,0.8087017538478056,1.0,1.0,0.06233123816307186,0.005833899167235514,0.08054271834699471,0.06934322517308852,0.07280793185730507,0.012134689850274934,0.061094326211926994,0.02653292874943709,7.178958311325963,0.9998650296397978,1.0,1.0,0.010062610963359475,0.2656197249889374,0.07449864502996206,ok,
759xd9YjKW5,39a9ff1fe32d41b8bb16f7f102414c80,39a9ff1fe32d41b8bb16f7f102414c80_i1_2,1,2,/home/bgao491/Matterport3D/v1/scans/759xd9YjKW5/undistorted_color_images/39a9ff1fe32d41b8bb16f7f102414c80_i1_2.jpg,/home/bgao491/Matterport3D/v1/scans/759xd9YjKW5/undistorted_depth_images/39a9ff1fe32d41b8bb16f7f102414c80_d1_2.png,1024,1280,406,504,1.4121168655554452,676467,0.5161033630371094,-0.155349999666214,2.318819999694824,1.614959955215454,True,204624,1.0,True,,1.0,204624,0.9773121476173401,-0.02294918194140444,1.0256156870123305,0.04824228445753901,log-depth Laplacian fallback,,,,0.03683381332830234,0.013692478457796647,0.2071671611099165,0.09654037500625162,0.07675321548159189,-0.033635456624338624,0.03926701212002465,0.017053446684554815,6.899066708211997,0.9685158329970271,0.9957810210993293,0.9993318225427109,0.054825329342529594,0.017830046598595387,0.2315055791838152,0.13451038165534768,0.08922742559023042,-0.05658463863979274,0.058293996099749064,0.025316760834210715,6.899066710406691,0.9624564095513898,0.995581454823369,0.9991159953109316,0.054825329342529594,0.017830046598595387,0.2315055791838152,0.13451038165534768,0.08922742559023042,-0.05658463863979274,0.058293996099749064,0.025316760834210715,6.899066710406691,0.9624564095513898,0.995581454823369,0.9991159953109316,0.04761901208643746,0.016118438442544375,0.22177028842268723,0.12114128907080303,0.08414260786445536,-0.04726171427096126,0.05066890482438843,0.02200522576931295,6.961543523099975,0.9719690687054948,0.9955533677178635,0.9991041691612451,0.03094160503001583,0.011428886511333903,0.19039576439584113,0.07693598762315582,0.06949321498093808,-0.008342349136796035,0.032545660827712763,0.014134400907370477,6.8990667044656675,0.9758184804284614,0.9958105864735456,0.999589041298393,0.016511534107849002,0.27654694812372327,0.07446771301329136,ok,
759xd9YjKW5,39a9ff1fe32d41b8bb16f7f102414c80,39a9ff1fe32d41b8bb16f7f102414c80_i1_3,1,3,/home/bgao491/Matterport3D/v1/scans/759xd9YjKW5/undistorted_color_images/39a9ff1fe32d41b8bb16f7f102414c80_i1_3.jpg,/home/bgao491/Matterport3D/v1/scans/759xd9YjKW5/undistorted_depth_images/39a9ff1fe32d41b8bb16f7f102414c80_d1_3.png,1024,1280,406,504,1.4121168655554452,768223,0.5861076354980469,-0.15863800048828125,2.3176300525665283,1.6150399446487427,True,204624,1.0,True,,1.0,204624,0.970890998840332,-0.029541073593155828,0.9987283295091663,0.028268593843256876,log-depth Laplacian fallback,,,,0.030527293849635023,0.027154837912131,0.2037198526498512,0.0652288631141903,0.09044091773276156,0.012267922371768113,0.02560128571652966,0.011118497116317367,8.960500924069153,0.9739489705463127,0.991648258383308,0.9946786284711601,0.046184893040699886,0.027192194618232128,0.21904375963592093,0.12786599056225378,0.09125469533980611,-0.01727315107860507,0.042328961432754844,0.01838323437494099,8.960500919801593,0.9759809326198252,0.9919619693760796,0.9953737391356416,0.046184893040699886,0.027192194618232128,0.21904375963592093,0.12786599056225378,0.09125469533980611,-0.01727315107860507,0.042328961432754844,0.01838323437494099,8.960500919801593,0.9759809326198252,0.9919619693760796,0.9953737391356416,0.04759060735518462,0.02997273438276577,0.22604684204950531,0.12091265593350416,0.09652852322349444,-0.010852637631074686,0.04328743638069105,0.01879949475587218,9.591650562941338,0.9739606858945905,0.9917354726427092,0.9951238117057156,0.030428454936061906,0.027031031514506462,0.20329943792286279,0.06506628738714754,0.09027711535795696,0.010995448020045817,0.025541216385502514,0.011092409337320665,8.960500923604851,0.9740088489930658,0.9916664822584067,0.9947163779267219,0.015751280123367906,0.27816812694072723,0.07064583012834191,ok,
759xd9YjKW5,39a9ff1fe32d41b8bb16f7f102414c80,39a9ff1fe32d41b8bb16f7f102414c80_i1_4,1,4,/home/bgao491/Matterport3D/v1/scans/759xd9YjKW5/undistorted_color_images/39a9ff1fe32d41b8bb16f7f102414c80_i1_4.jpg,/home/bgao491/Matterport3D/v1/scans/759xd9YjKW5/undistorted_depth_images/39a9ff1fe32d41b8bb16f7f102414c80_d1_4.png,1024,1280,406,504,1.4121168655554452,1089437,0.8311744689941406,-0.16131900250911713,2.3198800086975098,1.6151000261306763,True,204624,1.0,True,,1.0,204624,0.9870234727859497,-0.013061457880124763,1.0597349385318282,0.0710802767455474,log-depth Laplacian fallback,,,,0.056998575977205757,0.023717708696224426,0.35283637850985067,0.26807052373678425,0.06877468045337763,-0.05051473787990309,0.05832121448274266,0.025328581627751142,4.667138232781292,0.9937600797476127,0.998869140666234,0.9999889851363595,0.06824948189862673,0.029744559963518657,0.3936359913654213,0.31845329113453175,0.0788679312408327,-0.06357619562030008,0.0703897523611135,0.030569881032967976,4.667138233069652,0.9937417216415452,0.9989545058594484,1.0,0.06824948189862673,0.029744559963518657,0.3936359913654213,0.31845329113453175,0.0788679312408327,-0.06357619562030008,0.0703897523611135,0.030569881032967976,4.667138233069652,0.9937417216415452,0.9989545058594484,1.0,0.04728078754849919,0.017195050577276473,0.2902247643882196,0.20153064245598332,0.06163577033908376,-0.039658335908279954,0.048198258294614674,0.020932237614698795,4.718246049411063,0.9935397824748012,0.9992922950110928,1.0,0.02716405972893147,0.013314071859316932,0.26347583287728094,0.11004446828908512,0.04727080691265006,0.007504082843367532,0.026260232548595018,0.011404674089350994,4.667138231135779,0.9914276823717204,0.9985304336092863,0.9998751648787402,0.011076180962845683,0.28052714304067194,0.07383676897734404,ok,
759xd9YjKW5,39a9ff1fe32d41b8bb16f7f102414c80,39a9ff1fe32d41b8bb16f7f102414c80_i1_5,1,5,/home/bgao491/Matterport3D/v1/scans/759xd9YjKW5/undistorted_color_images/39a9ff1fe32d41b8bb16f7f102414c80_i1_5.jpg,/home/bgao491/Matterport3D/v1/scans/759xd9YjKW5/undistorted_depth_images/39a9ff1fe32d41b8bb16f7f102414c80_d1_5.png,1024,1280,406,504,1.4121168655554452,1206603,0.9205650329589844,-0.16071200370788574,2.323319911956787,1.6150799989700317,True,204624,1.0,True,,1.0,204624,0.981137216091156,-0.019042955506896102,1.0238745716787079,0.04263698602685971,log-depth Laplacian fallback,,,,0.05340047134671927,0.047191112209473994,0.36769482980543816,0.16124801062596492,0.11004436797085128,-0.009671717376036195,0.04998445143967624,0.021707971441212438,10.96185240053076,0.9707981829980532,0.9844629923844048,0.9889110171282518,0.06292272312606344,0.048128110238000905,0.3798087231729566,0.19728677758196367,0.11331704745717718,-0.028714672925910113,0.0606098447839462,0.026322521138680437,10.9618523996495,0.971491037234285,0.9847737822630973,0.9888264822812475,0.06292272312606344,0.048128110238000905,0.3798087231729566,0.19728677758196367,0.11331704745717718,-0.028714672925910113,0.0606098447839462,0.026322521138680437,10.9618523996495,0.971491037234285,0.9847737822630973,0.9888264822812475,0.06382318452089816,0.047005360221962715,0.3845766707707628,0.20385898177960685,0.1152225304199718,-0.032845190574508645,0.06242368298390914,0.027110261059989652,11.044195295495971,0.9683731931712419,0.9849047283986531,0.9908602912474112,0.0482369046146092,0.04939361288958171,0.36930270996270376,0.14032678145644592,0.11049909609227505,0.013922263919536933,0.043643253733092045,0.018954024268585373,10.961852400285546,0.9697158054471935,0.9840428044684125,0.989385904062894,0.012546370970085263,0.26034781499765813,0.07424721494317055,ok,
759xd9YjKW5,39a9ff1fe32d41b8bb16f7f102414c80,39a9ff1fe32d41b8bb16f7f102414c80_i2_0,2,0,/home/bgao491/Matterport3D/v1/scans/759xd9YjKW5/undistorted_color_images/39a9ff1fe32d41b8bb16f7f102414c80_i2_0.jpg,/home/bgao491/Matterport3D/v1/scans/759xd9YjKW5/undistorted_depth_images/39a9ff1fe32d41b8bb16f7f102414c80_d2_0.png,1024,1280,406,504,1.4165615917841592,1221270,0.9317550659179688,-0.15474699437618256,2.3354299068450928,1.6481900215148926,True,204624,1.0,True,,1.0,204624,1.028850793838501,0.028442445209467697,1.0326420962801803,0.0036782146902489474,log-depth Laplacian fallback,,,,0.04818960130533366,0.00817799787299723,0.11740127579339371,0.07326096120449709,0.07135142542615498,-0.03444597680546765,0.04893817809522363,0.02125358070115421,6.248600317080091,0.9893324162552097,0.9973363793428153,0.9999222121234452,0.04017972015859133,0.006699573769254965,0.10405258242499905,0.059091759168057374,0.06277374450517532,-0.006003531551118638,0.03970883183799816,0.017245326550066758,6.248600329766461,0.9875948807389029,0.9968983107748491,0.9999189368444324,0.04017972015859133,0.006699573769254965,0.10405258242499905,0.059091759168057374,0.06277374450517532,-0.006003531551118638,0.03970883183799816,0.017245326550066758,6.248600329766461,0.9875948807389029,0.9968983107748491,0.9999189368444324,0.05613838206151522,0.009202766793368075,0.11643237400921935,0.07600418367370598,0.07830723492633218,0.007337736191699524,0.0548267454493082,0.0238109530093488,7.79626876742253,0.9875367445364251,0.9968409933921246,0.9999222121234452,0.04022781959076903,0.006668963003264692,0.10335935762437623,0.058725934051925215,0.06252925364856879,-0.002325288061565023,0.039609114038654754,0.017202019660064388,6.2486003210941545,0.9873132067437995,0.9968516380489163,0.9999181180246792,0.010134481126442552,0.26935601397417486,0.07111043087206781,ok,
759xd9YjKW5,39a9ff1fe32d41b8bb16f7f102414c80,39a9ff1fe32d41b8bb16f7f102414c80_i2_1,2,1,/home/bgao491/Matterport3D/v1/scans/759xd9YjKW5/undistorted_color_images/39a9ff1fe32d41b8bb16f7f102414c80_i2_1.jpg,/home/bgao491/Matterport3D/v1/scans/759xd9YjKW5/undistorted_depth_images/39a9ff1fe32d41b8bb16f7f102414c80_d2_1.png,1024,1280,406,504,1.4165615917841592,1165264,0.88902587890625,-0.14360100030899048,2.326080083847046,1.6479400396347046,True,204624,1.0,True,,1.0,204624,1.0780946016311646,0.0751952252515994,1.043389938685611,0.03272025650810377,log-depth Laplacian fallback,,,,0.04940549011506587,0.0050187065360123686,0.08508493901404447,0.06803673707456893,0.06261694510237453,-0.05014989392412248,0.051286358390153504,0.022273382445756208,3.749493236896219,0.9967071839514479,1.0,1.0,0.039148441820122434,0.0025690679156334605,0.057687532281625056,0.04884136939474058,0.04509033789022522,0.02504533134000613,0.03849321978289706,0.016717392942401283,3.7494932312567077,0.9996627373711021,1.0,1.0,0.039148441820122434,0.0025690679156334605,0.057687532281625056,0.04884136939474058,0.04509033789022522,0.02504533134000613,0.03849321978289706,0.016717392942401283,3.7494932312567077,0.9996627373711021,1.0,1.0,0.03519903733656505,0.002549108150841672,0.05728283591194673,0.04340677356375089,0.04652104954462042,0.0036125542325791725,0.035215157143641776,0.015293748426839516,4.638057247005153,0.9984655837647091,1.0,1.0,0.02735444932677809,0.0018829794356804567,0.05127931226922213,0.03615424127123424,0.03827237590880874,-0.007674946539645874,0.027740083501350737,0.012047365192172066,3.749493236850471,0.9990156737014102,1.0,1.0,0.014920186018571258,0.2743870879057795,0.07108662696555257,ok,
759xd9YjKW5,39a9ff1fe32d41b8bb16f7f102414c80,39a9ff1fe32d41b8bb16f7f102414c80_i2_2,2,2,/home/bgao491/Matterport3D/v1/scans/759xd9YjKW5/undistorted_color_images/39a9ff1fe32d41b8bb16f7f102414c80_i2_2.jpg,/home/bgao491/Matterport3D/v1/scans/759xd9YjKW5/undistorted_depth_images/39a9ff1fe32d41b8bb16f7f102414c80_d2_2.png,1024,1280,406,504,1.4165615917841592,830496,0.6336181640625,-0.146123006939888,2.3117499351501465,1.648010015487671,True,204624,1.0,True,,1.0,204624,0.9963142275810242,-0.003692581614717792,1.050120908140344,0.052597889764678635,log-depth Laplacian fallback,,,,0.08535804511321153,0.03089807413958072,0.2508544524345314,0.1532920753339366,0.13141477506567845,-0.059772227094115,0.08665887036167094,0.037635469206042965,11.7034712687187,0.9531954398335453,0.9873051766655108,0.9931233865063769,0.08805031646191265,0.03162987482238317,0.25454984479459275,0.1593410167189997,0.13313491631089097,-0.06346480878275323,0.08967130422902764,0.038943752611734425,11.70347127448797,0.9524621431048433,0.9872943397680423,0.9931149578083459,0.08805031646191265,0.03162987482238317,0.25454984479459275,0.1593410167189997,0.13313491631089097,-0.06346480878275323,0.08967130422902764,0.038943752611734425,11.70347127448797,0.9524621431048433,0.9872943397680423,0.9931149578083459,0.07608726806230431,0.02883594451582322,0.23838787567175376,0.1338449593129445,0.12470242860783591,-0.046619425543490085,0.07573745975933921,0.03289236084685061,11.566038588335852,0.9559155010981389,0.9871883789927947,0.9930294667283166,0.06027844270300961,0.02561296458581655,0.21795689014081857,0.10045513190452232,0.1175381344295181,-0.01086687932848645,0.058153563812858244,0.02525577186693296,11.703471270880097,0.9610558027973645,0.9871763379956074,0.9934966574191808,0.01034608599729836,0.2776469981763512,0.07457983610220253,ok,
759xd9YjKW5,39a9ff1fe32d41b8bb16f7f102414c80,39a9ff1fe32d41b8bb16f7f102414c80_i2_3,2,3,/home/bgao491/Matterport3D/v1/scans/759xd9YjKW5/undistorted_color_images/39a9ff1fe32d41b8bb16f7f102414c80_i2_3.jpg,/home/bgao491/Matterport3D/v1/scans/759xd9YjKW5/undistorted_depth_images/39a9ff1fe32d41b8bb16f7f102414c80_d2_3.png,1024,1280,406,504,1.4165615917841592,1040619,0.7939292907714843,-0.1597909927368164,2.306770086288452,1.6483299732208252,True,204624,1.0,True,,1.0,204624,1.023714303970337,0.023437487660599374,1.0148339648230207,0.008712470002906253,log-depth Laplacian fallback,,,,0.06263932146485658,0.0248429451320574,0.18265149538881084,0.0952659963059746,0.10491826712935147,0.011752334700928176,0.057122101578710865,0.024807813510351145,10.42579752657,0.9680536296185251,0.9898185599148199,0.9946426117531969,0.0630882811741276,0.0272057214489336,0.18841673082527627,0.0887733863881928,0.11003658039922859,0.0351898223855746,0.05611310181073012,0.024369610478875477,10.425797536125286,0.9637859773846144,0.9889632997283347,0.9943773849987363,0.0630882811741276,0.0272057214489336,0.18841673082527627,0.0887733863881928,0.11003658039922859,0.0351898223855746,0.05611310181073012,0.024369610478875477,10.425797536125286,0.9637859773846144,0.9889632997283347,0.9943773849987363,0.06478280992602271,0.03060212204726752,0.20407989917755923,0.09605434253238497,0.11263435763280029,0.03906113008845291,0.05754444204014407,0.024991233642236068,10.56443402912173,0.9621677097958042,0.988295428009675,0.9941015876127574,0.06202250051388343,0.026059140584162633,0.18467210101205225,0.08892732484402947,0.10756753056696318,0.02647731524451839,0.05559154177594371,0.024143099833786465,10.425797528111197,0.9651457449844756,0.9892227606837853,0.9944782864814116,0.01008236687630415,0.2718671129550785,0.07284080609679222,ok,
759xd9YjKW5,39a9ff1fe32d41b8bb16f7f102414c80,39a9ff1fe32d41b8bb16f7f102414c80_i2_4,2,4,/home/bgao491/Matterport3D/v1/scans/759xd9YjKW5/undistorted_color_images/39a9ff1fe32d41b8bb16f7f102414c80_i2_4.jpg,/home/bgao491/Matterport3D/v1/scans/759xd9YjKW5/undistorted_depth_images/39a9ff1fe32d41b8bb16f7f102414c80_d2_4.png,1024,1280,406,504,1.4165615917841592,1228372,0.9371734619140625,-0.1709360033273697,2.316119909286499,1.6485799551010132,True,204624,1.0,True,,1.0,204624,1.1364730596542358,0.12792965936978767,1.131829714379958,0.004094119897342166,log-depth Laplacian fallback,,,,0.11532990069973682,0.034910225310206836,0.3131261895446857,0.28696007354906605,0.12577125773573725,-0.12018091573863916,0.12264157957419049,0.053262561260969496,3.7080409445573252,0.9985688374531494,0.9999991859143647,1.0,0.022459955998529197,0.0035192650445847137,0.09386521373919983,0.05353812319222727,0.037881391179754385,0.0077487436870684375,0.02190744620039931,0.009514282997425776,3.70804095040183,0.9948997534948696,0.9992966300111041,1.0,0.022459955998529197,0.0035192650445847137,0.09386521373919983,0.05353812319222727,0.037881391179754385,0.0077487436870684375,0.02190744620039931,0.009514282997425776,3.70804095040183,0.9948997534948696,0.9992966300111041,1.0,0.02142755165736191,0.0034066594624042896,0.09348881374977233,0.052620764713330395,0.03655512220619823,0.004482228030786941,0.020994288277771174,0.009117703550522155,3.627928598236347,0.9950894354478936,0.999293373668563,1.0,0.022056591174540133,0.0034032304652152653,0.0925786722513269,0.052354768864984885,0.037260075057036976,0.0036546451615991145,0.021594997990726283,0.009378588464084235,3.7080409409806006,0.9950153536550816,0.9993039567818218,1.0,0.00953928497619927,0.2763980529271066,0.07074865512549877,ok,
759xd9YjKW5,39a9ff1fe32d41b8bb16f7f102414c80,39a9ff1fe32d41b8bb16f7f102414c80_i2_5,2,5,/home/bgao491/Matterport3D/v1/scans/759xd9YjKW5/undistorted_color_images/39a9ff1fe32d41b8bb16f7f102414c80_i2_5.jpg,/home/bgao491/Matterport3D/v1/scans/759xd9YjKW5/undistorted_depth_images/39a9ff1fe32d41b8bb16f7f102414c80_d2_5.png,1024,1280,406,504,1.4165615917841592,1226067,0.9354148864746094,-0.16841399669647217,2.3304500579833984,1.6485099792480469,True,204624,1.0,True,,1.0,204624,1.0385669469833374,0.03784182733408665,1.089978336285895,0.04831599374238712,log-depth Laplacian fallback,,,,0.091312422718815,0.02579083628107586,0.2262977658959882,0.18803830243885364,0.109114137134035,-0.07372034932308821,0.09271517568058746,0.04026568918676968,8.044380037135767,0.9826502140584487,0.9933462037555859,0.9978900011173941,0.06122610698538339,0.01874071423532274,0.18077251987403484,0.12061853855267733,0.08808219658962099,-0.03587852194461071,0.059748061166156774,0.02594825326887984,8.044380037717467,0.9803159207449511,0.9925428218849378,0.9974055251466681,0.06122610698538339,0.01874071423532274,0.18077251987403484,0.12061853855267733,0.08808219658962099,-0.03587852194461071,0.059748061166156774,0.02594825326887984,8.044380037717467,0.9803159207449511,0.9925428218849378,0.9974055251466681,0.05506401621624035,0.01766892613313113,0.17385700792751052,0.1048921142713439,0.08521360101081667,-0.026682696034496686,0.05324887152979232,0.02312569107296398,8.092831105096232,0.9801421945130242,0.9924115076908522,0.9974299936300381,0.037371654032717014,0.017865947996737186,0.1672823402229328,0.06461371331551018,0.08139960527612569,0.012437472703044485,0.033681603692087926,0.014627734625125982,8.04438003320958,0.9769759727649467,0.991380568924863,0.996467566617485,0.010120690101757646,0.2751026989426464,0.07380962301976979,ok,
759xd9YjKW5,4acd978965a24452ac39f4964cbd69c8,4acd978965a24452ac39f4964cbd69c8_i0_0,0,0,/home/bgao491/Matterport3D/v1/scans/759xd9YjKW5/undistorted_color_images/4acd978965a24452ac39f4964cbd69c8_i0_0.jpg,/home/bgao491/Matterport3D/v1/scans/759xd9YjKW5/undistorted_depth_images/4acd978965a24452ac39f4964cbd69c8_d0_0.png,1024,1280,406,504,1.4155678118069965,882530,0.6733169555664062,0.3901509940624237,-0.5107640027999878,1.5925699472427368,True,204624,1.0,True,,1.0,204624,0.9435504674911499,-0.05810542594729617,0.925214944223034,0.019623770383628385,log-depth Laplacian fallback,,,,0.08009001183411774,0.014410179768708953,0.15793112697893488,0.1318882653367781,0.08832558585793591,0.06366863987776895,0.0763048309889882,0.03313876704107781,6.1218570820156994,0.9993733924059239,1.0,1.0,0.05297625707691768,0.005713096575823049,0.09538299001409689,0.08231255045253538,0.06147082864241494,0.00556321394382034,0.0529333122874253,0.02298864543529041,6.121857091275835,1.0,1.0,1.0,0.05297625707691768,0.005713096575823049,0.09538299001409689,0.08231255045253538,0.06147082864241494,0.00556321394382034,0.0529333122874253,0.02298864543529041,6.121857091275835,1.0,1.0,1.0,0.06092398945549979,0.01012559741418173,0.12900181065610372,0.09806806628670815,0.0767241333674826,0.022850827224112674,0.059170395986413896,0.025697376468929882,7.324228516482132,0.999926348112812,1.0,1.0,0.0501920086558367,0.0054022866118884775,0.09024587546225521,0.07544500945819377,0.06281251946917872,-0.014060554252830813,0.051155641264605055,0.022216612719440258,6.121857084389636,1.0,1.0,1.0,0.011517354054376483,0.26718714996241033,0.07158588501624763,ok,
759xd9YjKW5,4acd978965a24452ac39f4964cbd69c8,4acd978965a24452ac39f4964cbd69c8_i0_1,0,1,/home/bgao491/Matterport3D/v1/scans/759xd9YjKW5/undistorted_color_images/4acd978965a24452ac39f4964cbd69c8_i0_1.jpg,/home/bgao491/Matterport3D/v1/scans/759xd9YjKW5/undistorted_depth_images/4acd978965a24452ac39f4964cbd69c8_d0_1.png,1024,1280,406,504,1.4155678118069965,200966,0.15332489013671874,0.39206498861312866,-0.5251849889755249,1.592329978942871,True,204624,1.0,True,,1.0,204624,0.9289220571517944,-0.07373044341703952,0.8922338716219158,0.04029654943338744,log-depth Laplacian fallback,,,,0.14242196962907247,0.06239120748667369,0.39987807417220983,0.30629049661500407,0.14635788690530752,0.1301280601304087,0.13116922098017308,0.056966068867237415,6.698745424393679,0.8986544987709364,0.9996019227132947,0.999890528746156,0.06898506267355792,0.023086718300143534,0.25103058493311897,0.16359472089589047,0.08756717548035402,0.056397616590878816,0.06534627655677706,0.0283795273215321,6.698745453049656,0.9978155508892051,0.9994675716290318,0.9999353124409104,0.06898506267355792,0.023086718300143534,0.25103058493311897,0.16359472089589047,0.08756717548035402,0.056397616590878816,0.06534627655677706,0.0283795273215321,6.698745453049656,0.9978155508892051,0.9994675716290318,0.9999353124409104,0.09691654116612781,0.05865820122265674,0.401770614724738,0.2434910238842051,0.1315985929789882,0.08441613537506631,0.08776952404988181,0.03811781997413842,10.095595951893026,0.8504572912831027,0.9996118746454624,0.9998955047122399,0.053191652355802164,0.012762552386136024,0.18518393837408825,0.1201389248986633,0.06889530144976433,0.01610104145837507,0.05192676712429804,0.022551508425157834,6.698745424189208,0.9978304787874566,0.9985818496661126,0.9999601922713295,0.011477583087980747,0.277758311945945,0.07506170310080051,ok,
759xd9YjKW5,4acd978965a24452ac39f4964cbd69c8,4acd978965a24452ac39f4964cbd69c8_i0_2,0,2,/home/bgao491/Matterport3D/v1/scans/759xd9YjKW5/undistorted_color_images/4acd978965a24452ac39f4964cbd69c8_i0_2.jpg,/home/bgao491/Matterport3D/v1/scans/759xd9YjKW5/undistorted_depth_images/4acd978965a24452ac39f4964cbd69c8_d0_2.png,1024,1280,406,504,1.4155678118069965,169907,0.12962875366210938,0.3805370032787323,-0.5340589880943298,1.5925699472427368,True,204624,1.0,True,,1.0,204624,0.960048496723175,-0.04077147837624301,0.8561037718154076,0.11459220305544646,log-depth Laplacian fallback,,,,0.1501150041875841,0.0419684814130793,0.27365921467847565,0.23908076457538027,0.14777437513549066,0.13775268139193425,0.138572911111112,0.06018145063682575,5.349266039389861,0.9782410377441777,1.0,1.0,0.1050632839776451,0.022933614578832726,0.20346883539034114,0.16791674503495993,0.1107556706229672,0.09698120344727269,0.09871109011809223,0.04286968174094208,5.349266074016046,0.9925900639761752,1.0,1.0,0.1050632839776451,0.022933614578832726,0.20346883539034114,0.16791674503495993,0.1107556706229672,0.09698120344727269,0.09871109011809223,0.04286968174094208,5.349266074016046,0.9925900639761752,1.0,1.0,0.09247460969487448,0.022071734687235774,0.21367046506071122,0.15653961316695889,0.10165092738694664,0.08580419330468465,0.08707394593282526,0.037815734236168116,5.450276552578419,1.0,1.0,1.0,0.042882106656669756,0.004704883055063879,0.08764286259186584,0.0694088423631048,0.05631706487529119,-0.01761099295528754,0.0438003285505271,0.01902224099504338,5.34926604619416,0.9971572683880005,1.0,1.0,0.01196501380763948,0.2710877628996968,0.07114307000301778,ok,
759xd9YjKW5,4acd978965a24452ac39f4964cbd69c8,4acd978965a24452ac39f4964cbd69c8_i0_3,0,3,/home/bgao491/Matterport3D/v1/scans/759xd9YjKW5/undistorted_color_images/4acd978965a24452ac39f4964cbd69c8_i0_3.jpg,/home/bgao491/Matterport3D/v1/scans/759xd9YjKW5/undistorted_depth_images/4acd978965a24452ac39f4964cbd69c8_d0_3.png,1024,1280,406,504,1.4155678118069965,504174,0.38465423583984376,0.3670949935913086,-0.5285109877586365,1.59306001663208,True,204624,1.0,True,,1.0,204624,1.041359782218933,0.04052734204465353,1.0384212355992752,0.002825824978601274,log-depth Laplacian fallback,,,,0.05751209431347594,0.007933861422083563,0.12642520818011738,0.10126666952336759,0.06887710970558744,-0.035487964134952414,0.059124030600934206,0.02567724023786473,5.9031014246342215,0.9993851329104635,1.0,1.0,0.048404981607088476,0.005400681544387878,0.09497107131130643,0.07589091188691409,0.05924572519609584,0.00503937801000595,0.04794188230365688,0.02082089493653333,5.903101407974942,0.9978578823977436,1.0,1.0,0.048404981607088476,0.005400681544387878,0.09497107131130643,0.07589091188691409,0.05924572519609584,0.00503937801000595,0.04794188230365688,0.02082089493653333,5.903101407974942,0.9978578823977436,1.0,1.0,0.04623465369110499,0.00529093332452864,0.09567327045303356,0.07398890968956323,0.056673974776290416,0.0032935546514354787,0.04563931998610994,0.01982090482778434,5.65781929253808,0.9979550710667349,1.0,1.0,0.04819046958212059,0.005405851868239675,0.09584978376756077,0.07636085037713895,0.059072503040066726,0.002213589218718047,0.04786381296350712,0.020786989852900475,5.903101420600418,0.9978955678000055,1.0,1.0,0.01088575809262693,0.26906599709764123,0.07123866491019726,ok,
759xd9YjKW5,4acd978965a24452ac39f4964cbd69c8,4acd978965a24452ac39f4964cbd69c8_i0_4,0,4,/home/bgao491/Matterport3D/v1/scans/759xd9YjKW5/undistorted_color_images/4acd978965a24452ac39f4964cbd69c8_i0_4.jpg,/home/bgao491/Matterport3D/v1/scans/759xd9YjKW5/undistorted_depth_images/4acd978965a24452ac39f4964cbd69c8_d0_4.png,1024,1280,406,504,1.4155678118069965,1097506,0.8373306274414063,0.36518099904060364,-0.5140900015830994,1.5932999849319458,True,204624,1.0,True,,1.0,204624,1.1532431840896606,0.1425781332624427,1.1808300217646528,0.023639466214609772,log-depth Laplacian fallback,,,,0.15279384160452805,0.046123127289705655,0.3129849987852162,0.29541855264958006,0.16875269498767115,-0.16620051642679823,0.16623303247152652,0.07219408871242805,2.923799591400799,0.9734716712254876,1.0,1.0,0.029918349301972035,0.0024268438482749764,0.07094002282632036,0.05613307625631153,0.03758826112831536,-0.023622383144891127,0.030490836198303794,0.013242001909539265,2.923799564276572,0.999985421492001,1.0,1.0,0.029918349301972035,0.0024268438482749764,0.07094002282632036,0.05613307625631153,0.03758826112831536,-0.023622383144891127,0.030490836198303794,0.013242001909539265,2.923799564276572,0.999985421492001,1.0,1.0,0.024545800284233376,0.001816921951534286,0.06436285724843727,0.04937209127511749,0.02961999338541862,0.0029617404743878992,0.024537212088694936,0.010656375811409971,2.947154732135073,0.9999954442162503,1.0,1.0,0.02258680120880252,0.0015035550105476332,0.05406298043580335,0.0402947172580357,0.02923800090817689,1.706617597575994e-05,0.022567005607007938,0.00980072600820329,2.923799592742619,0.999970842984002,1.0,1.0,0.010722317965701222,0.2731958911754191,0.0713693539146334,ok,
759xd9YjKW5,4acd978965a24452ac39f4964cbd69c8,4acd978965a24452ac39f4964cbd69c8_i0_5,0,5,/home/bgao491/Matterport3D/v1/scans/759xd9YjKW5/undistorted_color_images/4acd978965a24452ac39f4964cbd69c8_i0_5.jpg,/home/bgao491/Matterport3D/v1/scans/759xd9YjKW5/undistorted_depth_images/4acd978965a24452ac39f4964cbd69c8_d0_5.png,1024,1280,406,504,1.4155678118069965,1244402,0.9494033813476562,0.3767099976539612,-0.5052160024642944,1.59306001663208,True,204624,1.0,True,,1.0,204624,1.0006296634674072,0.0006294653125423559,1.0540241258512988,0.051985874346651965,log-depth Laplacian fallback,,,,0.06061446512881087,0.00785630331416411,0.1107036780316556,0.09903258028146593,0.07695703737094098,-0.060214480988315125,0.06340551881130709,0.02753666694196352,4.792287429005321,0.9999967856046519,1.0,1.0,0.06011700414639146,0.00775362352911969,0.1099343677025396,0.09814852408344009,0.07646552146739222,-0.05958501564227096,0.06287005983352034,0.02730412006262516,4.792287433147708,0.9999951784069778,1.0,1.0,0.06011700414639146,0.00775362352911969,0.1099343677025396,0.09814852408344009,0.07646552146739222,-0.05958501564227096,0.06287005983352034,0.02730412006262516,4.792287433147708,0.9999951784069778,1.0,1.0,0.049001708906600834,0.005321635824965422,0.10603334058781845,0.09483821471836691,0.05418355845016481,-0.04938409698935879,0.050410785008883706,0.02189312575776936,2.229504363906988,1.0,1.0,1.0,0.03791046476737358,0.004131544668581267,0.09338500711549534,0.07159617538598341,0.048521636422942924,-0.007599165586953415,0.03830370516998781,0.016635087791774767,4.792287432471391,0.9999590164593114,1.0,1.0,0.010763119207695127,0.27518191118724644,0.07364831608720124,ok,
759xd9YjKW5,4acd978965a24452ac39f4964cbd69c8,4acd978965a24452ac39f4964cbd69c8_i1_0,1,0,/home/bgao491/Matterport3D/v1/scans/759xd9YjKW5/undistorted_color_images/4acd978965a24452ac39f4964cbd69c8_i1_0.jpg,/home/bgao491/Matterport3D/v1/scans/759xd9YjKW5/undistorted_depth_images/4acd978965a24452ac39f4964cbd69c8_d1_0.png,1024,1280,406,504,1.4121168655554452,620289,0.47324295043945314,0.382423996925354,-0.5179250240325928,1.6259900331497192,True,204624,1.0,True,,1.0,204624,1.070750117301941,0.06835944706453126,1.147858153631483,0.06953828364427542,log-depth Laplacian fallback,,,,0.1621639305612252,0.09097710243098728,0.49403311259201915,0.31885787672860294,0.2514916285888184,-0.18875452786242586,0.18877099875717285,0.08198220310360577,16.619195967822538,0.8118925210667931,0.9583033070068951,0.9598541969952715,0.10310589204753279,0.06456420890086362,0.4338188736366611,0.2206538999704812,0.2052187685983571,-0.12039508070914241,0.12062656184817469,0.05238745018162358,16.619195987190576,0.8420478196453589,0.9583033070068951,0.9609746424650445,0.10310589204753279,0.06456420890086362,0.4338188736366611,0.2206538999704812,0.2052187685983571,-0.12039508070914241,0.12062656184817469,0.05238745018162358,16.619195987190576,0.8420478196453589,0.9583033070068951,0.9609746424650445,0.08726204981314205,0.06093942952092271,0.4176681501577142,0.1865521602210087,0.20225021107830088,-0.09161346615689488,0.10408534624302544,0.045203691520335314,18.031117741265163,0.838966997641422,0.9583033070068951,0.9686613820332135,0.07709714601621159,0.049054955728396944,0.3883172725096356,0.162654401749843,0.17379925841098798,-0.05085680653398085,0.08872469639157145,0.038532646051400825,16.619195965321133,0.8487318008218749,0.9585693120464815,0.9736655010809477,0.010906968964263797,0.26423712400719523,0.07446091389283538,ok,
759xd9YjKW5,4acd978965a24452ac39f4964cbd69c8,4acd978965a24452ac39f4964cbd69c8_i1_1,1,1,/home/bgao491/Matterport3D/v1/scans/759xd9YjKW5/undistorted_color_images/4acd978965a24452ac39f4964cbd69c8_i1_1.jpg,/home/bgao491/Matterport3D/v1/scans/759xd9YjKW5/undistorted_depth_images/4acd978965a24452ac39f4964cbd69c8_d1_1.png,1024,1280,406,504,1.4121168655554452,179485,0.13693618774414062,0.38288500905036926,-0.5213950276374817,1.6259299516677856,True,204624,1.0,True,,1.0,204624,0.7795617580413818,-0.24902336585950108,1.0048976102569618,0.2539090218390541,log-depth Laplacian fallback,,,,0.04959132805744052,0.024512185973327983,0.1830596966437147,0.08151735495128887,0.10416117177067315,0.025279642164763697,0.043429515305979646,0.018861198849119774,10.1046966291231,0.9484636599158704,0.9883722873777753,0.9944619327520405,0.21125594738454986,0.12328021514493616,0.5690125009049067,0.5395531110273124,0.24550304112068916,-0.22374372354358443,0.23655157920492167,0.10273304553419754,10.104696618087479,0.14249101596233668,0.9949800819009945,0.9996044237680028,0.21125594738454986,0.12328021514493616,0.5690125009049067,0.5395531110273124,0.24550304112068916,-0.22374372354358443,0.23655157920492167,0.10273304553419754,10.104696618087479,0.14249101596233668,0.9949800819009945,0.9996044237680028,0.2608617792537715,0.18851123416693105,0.7070583813949504,0.6697356597930305,0.3142070818506572,-0.289075124087271,0.30287767289184603,0.13153810202862687,12.313270450629473,0.11706827868624119,0.995024653870797,0.9996378527453548,0.04948021150703224,0.02515996585146059,0.18527098995546,0.08049083552187983,0.1054534668319875,0.030165282419811673,0.04307666453712753,0.018707957707271978,10.104696632466553,0.9470875003482185,0.9882218569796919,0.9943059308577319,0.011365493992343545,0.2749456309247762,0.07232918892987072,ok,
759xd9YjKW5,4acd978965a24452ac39f4964cbd69c8,4acd978965a24452ac39f4964cbd69c8_i1_2,1,2,/home/bgao491/Matterport3D/v1/scans/759xd9YjKW5/undistorted_color_images/4acd978965a24452ac39f4964cbd69c8_i1_2.jpg,/home/bgao491/Matterport3D/v1/scans/759xd9YjKW5/undistorted_depth_images/4acd978965a24452ac39f4964cbd69c8_d1_2.png,1024,1280,406,504,1.4121168655554452,198817,0.15168533325195313,0.3801119923591614,-0.5235289931297302,1.6259900331497192,True,204624,1.0,True,,1.0,204624,0.8066674470901489,-0.2148437810328559,1.009492816015735,0.22429182339962186,log-depth Laplacian fallback,,,,0.09898216046496103,0.020647945601523054,0.16127998360556026,0.12937758477081673,0.11557550827619294,0.02489037917642055,0.09456057710236387,0.04106713684114361,11.286348894905895,0.9850163718394302,0.9948646242524533,0.9971431014450475,0.17470876152367884,0.07321392102391795,0.38764181707076895,0.3243655961385017,0.22095352933986745,-0.18995340216019402,0.19576898443482366,0.0850213896678475,11.286348893912178,0.4915927712418958,0.9970274171725758,1.0,0.17470876152367884,0.07321392102391795,0.38764181707076895,0.3243655961385017,0.22095352933986745,-0.18995340216019402,0.19576898443482366,0.0850213896678475,11.286348893912178,0.4915927712418958,0.9970274171725758,1.0,0.1797873182996187,0.07692481877824567,0.40150500875756817,0.33527328672214884,0.2251402887121895,-0.1968467645626975,0.20188437119087363,0.08767726839070425,10.926802314769853,0.43770401927400576,0.9977064335544747,1.0,0.09964215941687529,0.021339475604677693,0.16129220751988532,0.1265891705409693,0.11797159957695975,0.03433847909708736,0.09428275326983297,0.04094647948373423,11.286348904781132,0.9831905722347687,0.9947288209760735,0.9970022684176907,0.011137390043586493,0.28359209606423974,0.07460204884409904,ok,
759xd9YjKW5,4acd978965a24452ac39f4964cbd69c8,4acd978965a24452ac39f4964cbd69c8_i1_3,1,3,/home/bgao491/Matterport3D/v1/scans/759xd9YjKW5/undistorted_color_images/4acd978965a24452ac39f4964cbd69c8_i1_3.jpg,/home/bgao491/Matterport3D/v1/scans/759xd9YjKW5/undistorted_depth_images/4acd978965a24452ac39f4964cbd69c8_d1_3.png,1024,1280,406,504,1.4121168655554452,759150,0.5791854858398438,0.3768779933452606,-0.5221949815750122,1.626099944114685,True,204624,1.0,True,,1.0,204624,1.0702272653579712,0.0678710234514669,1.0910904365101999,0.01930657319059423,log-depth Laplacian fallback,,,,0.08135532744875561,0.01332187997319142,0.1693699495655849,0.15483971849257616,0.09581388584452469,-0.08196664668118263,0.08547362748641316,0.03712072476560336,4.961622267434092,0.9983797668444971,0.9996258973852334,1.0,0.04036825267623366,0.005947506844051104,0.13412185506054003,0.08695641998857453,0.05157960973842717,-0.01409562304435309,0.04066998656793891,0.01766275074553524,4.961622266718773,0.9965500889152341,0.9996206283343213,1.0,0.04036825267623366,0.005947506844051104,0.13412185506054003,0.08695641998857453,0.05157960973842717,-0.01409562304435309,0.04066998656793891,0.01766275074553524,4.961622266718773,0.9965500889152341,0.9996206283343213,1.0,0.026364639541439062,0.005107058990903012,0.13252286385543616,0.07459142965713933,0.03903122130812627,0.009654545768103465,0.025891567796574994,0.011244565021876457,3.781832866237647,0.9965250609234012,0.9996179938088652,1.0,0.04026049709087184,0.007937593847785434,0.17034844996515208,0.10899704826794412,0.049889112971815475,0.005210953830511588,0.039787227770207,0.017279373470828727,4.961622268261504,0.9956161496410459,0.999615359283409,1.0,0.012374792015179992,0.27873837295919657,0.07459860597737134,ok,
759xd9YjKW5,4acd978965a24452ac39f4964cbd69c8,4acd978965a24452ac39f4964cbd69c8_i1_4,1,4,/home/bgao491/Matterport3D/v1/scans/759xd9YjKW5/undistorted_color_images/4acd978965a24452ac39f4964cbd69c8_i1_4.jpg,/home/bgao491/Matterport3D/v1/scans/759xd9YjKW5/undistorted_depth_images/4acd978965a24452ac39f4964cbd69c8_d1_4.png,1024,1280,406,504,1.4121168655554452,1158595,0.8839378356933594,0.37641799449920654,-0.5187249779701233,1.6261600255966187,True,204624,1.0,True,,1.0,204624,1.0017945766448975,0.001792968316122278,1.0784853554062523,0.07376463977047368,log-depth Laplacian fallback,,,,0.07526076407775284,0.040685644957374506,0.4665595477069828,0.3580913307366141,0.091730694594014,-0.06853851768534876,0.07771049744229135,0.0337492402251439,6.096713806794122,0.9927688277612108,0.9970334758910577,0.9999991368856244,0.07371475335341852,0.03972337557871137,0.460971392934653,0.35093145434378864,0.09039889554800201,-0.0667455494435859,0.07603093317689728,0.03301981473268136,6.09671382448972,0.9927084097549187,0.9969799627997704,0.9999991368856244,0.07371475335341852,0.03972337557871137,0.460971392934653,0.35093145434378864,0.09039889554800201,-0.0667455494435859,0.07603093317689728,0.03301981473268136,6.09671382448972,0.9927084097549187,0.9969799627997704,0.9999991368856244,0.059324908114518606,0.026998540327118542,0.37778696262080336,0.27129136218974614,0.07343469115163527,-0.050762968274133076,0.060283433205894334,0.026180762391503163,5.306387581524193,0.9919247019018725,0.9967771309215041,0.9999965475424976,0.03757579592025895,0.022584053953043096,0.33834792560840027,0.14895918903072447,0.06136986021705739,0.007019103652380796,0.03620228059349745,0.01572245069406913,6.09671380907641,0.9889296950185353,0.9957741920170552,0.9996720165372714,0.01614468381740153,0.2755052649881691,0.07165515213273466,ok,
759xd9YjKW5,4acd978965a24452ac39f4964cbd69c8,4acd978965a24452ac39f4964cbd69c8_i1_5,1,5,/home/bgao491/Matterport3D/v1/scans/759xd9YjKW5/undistorted_color_images/4acd978965a24452ac39f4964cbd69c8_i1_5.jpg,/home/bgao491/Matterport3D/v1/scans/759xd9YjKW5/undistorted_depth_images/4acd978965a24452ac39f4964cbd69c8_d1_5.png,1024,1280,406,504,1.4121168655554452,1219100,0.9300994873046875,0.37919101119041443,-0.5165910124778748,1.626099944114685,True,204624,1.0,True,,1.0,204624,0.975405216217041,-0.02490228794824604,0.9714798422368747,0.004032471544503362,log-depth Laplacian fallback,,,,0.05264361246278895,0.05493916005301282,0.37495808769090955,0.16300710164134588,0.10129102372849498,0.04249924693730903,0.04600685066905078,0.019980521375315686,9.194392583378285,0.9820498728570257,0.9899360183742105,0.9950791567549832,0.04131356311833167,0.04745798040284599,0.34425729987756337,0.1270667263223759,0.09361270456643908,0.017596958927521177,0.03581000161977462,0.015552086100414631,9.194392580669229,0.9828225740300222,0.9912312361578214,0.9954179312607662,0.04131356311833167,0.04745798040284599,0.34425729987756337,0.1270667263223759,0.09361270456643908,0.017596958927521177,0.03581000161977462,0.015552086100414631,9.194392580669229,0.9828225740300222,0.9912312361578214,0.9954179312607662,0.05329319384656345,0.04932592882020302,0.35288211277398157,0.1640026143584628,0.09804567316358585,0.020864885978831973,0.04763269634225828,0.020686617179615983,9.579984634220995,0.983275367074071,0.9914658354523829,0.9954614059552128,0.04099556003127669,0.046716332592236225,0.34183750780775024,0.12711781035708733,0.09293912286639643,0.013564478058210767,0.03565785035060662,0.01548600764380039,9.194392581450636,0.9829234681322286,0.9913468952505947,0.9954491017964072,0.010409665992483497,0.27292005997151136,0.07473693904466927,ok,
759xd9YjKW5,4acd978965a24452ac39f4964cbd69c8,4acd978965a24452ac39f4964cbd69c8_i2_0,2,0,/home/bgao491/Matterport3D/v1/scans/759xd9YjKW5/undistorted_color_images/4acd978965a24452ac39f4964cbd69c8_i2_0.jpg,/home/bgao491/Matterport3D/v1/scans/759xd9YjKW5/undistorted_depth_images/4acd978965a24452ac39f4964cbd69c8_d2_0.png,1024,1280,406,504,1.4165615917841592,581852,0.4439178466796875,0.3922080099582672,-0.5116080045700073,1.6590299606323242,True,204624,1.0,True,,1.0,204624,1.0184792280197144,0.018310561798020014,1.016512999401429,0.0019324194005811111,log-depth Laplacian fallback,,,,0.05111037078269338,0.04825884662939712,0.40823132295066283,0.13924174578688625,0.16278794407656794,-0.052426692535871636,0.06170611440956726,0.0267986249877658,15.411475155359073,0.9321837855674638,0.950740050734551,0.9778242577150204,0.04904318556304053,0.04601379082586709,0.39919404006568726,0.1331814488689064,0.15784570636530248,-0.034116130637935047,0.058733798074766246,0.02550776440509082,15.411475155953323,0.9335535496999237,0.9510958113059679,0.9826553831558541,0.04904318556304053,0.04601379082586709,0.39919404006568726,0.1331814488689064,0.15784570636530248,-0.034116130637935047,0.058733798074766246,0.02550776440509082,15.411475155953323,0.9335535496999237,0.9510958113059679,0.9826553831558541,0.04841982010522928,0.04573186604706976,0.3981090926505897,0.1344020049835531,0.15657868173952963,-0.03046577539494267,0.05790917085243281,0.025149633352804204,15.358619763791866,0.9339385273230993,0.9509755057987255,0.9849136893918041,0.048900216870766594,0.046196264774284054,0.4000267319470216,0.13307086928871592,0.1582746198671295,-0.036048559418336595,0.05868544776658715,0.025486766133050308,15.411475159097199,0.9334933969463025,0.9510820621051401,0.9821226016237806,0.01676334999501705,0.2694683689624071,0.07469675783067942,ok,
759xd9YjKW5,4acd978965a24452ac39f4964cbd69c8,4acd978965a24452ac39f4964cbd69c8_i2_1,2,1,/home/bgao491/Matterport3D/v1/scans/759xd9YjKW5/undistorted_color_images/4acd978965a24452ac39f4964cbd69c8_i2_1.jpg,/home/bgao491/Matterport3D/v1/scans/759xd9YjKW5/undistorted_depth_images/4acd978965a24452ac39f4964cbd69c8_d2_1.png,1024,1280,406,504,1.4165615917841592,194844,0.1486541748046875,0.39412200450897217,-0.5260300040245056,1.6587899923324585,True,204624,1.0,True,,1.0,204624,0.9918546080589294,-0.00817874689560817,1.0505140477895738,0.05745836058848125,log-depth Laplacian fallback,,,,0.0474928554036339,0.0038754676957893433,0.07669079933946861,0.07162565509157658,0.052228321074076746,-0.047259565609482794,0.04868898746783582,0.021145358586737686,2.22335552851954,0.9988144361643161,0.9998665599145984,1.0,0.055038650631842934,0.0050414894075129155,0.08778804023026347,0.08321128441737248,0.059730540520859396,-0.055438312422298346,0.05665406599733412,0.02460454824002486,2.2233555421516984,0.9986963930118454,0.9998819568475293,1.0,0.055038650631842934,0.0050414894075129155,0.08778804023026347,0.08321128441737248,0.059730540520859396,-0.055438312422298346,0.05665406599733412,0.02460454824002486,2.2233555421516984,0.9986963930118454,0.9998819568475293,1.0,0.06132353886617018,0.006061352060954876,0.09481423527962002,0.09069219319554532,0.06739263650384524,-0.06269537620067529,0.06345057750938322,0.027556235685899714,2.4719572366754465,0.998475703639835,0.9999332799572992,1.0,0.013166979378920864,0.0007693641497490306,0.03256622525213512,0.01957065719864951,0.022325137866869845,0.002020099644589448,0.013024116833847127,0.00565630207260306,2.2233555230791935,0.9989735378046026,0.9997844429389665,1.0,0.016883363015949726,0.2795565549749881,0.074364302912727,ok,
759xd9YjKW5,4acd978965a24452ac39f4964cbd69c8,4acd978965a24452ac39f4964cbd69c8_i2_2,2,2,/home/bgao491/Matterport3D/v1/scans/759xd9YjKW5/undistorted_color_images/4acd978965a24452ac39f4964cbd69c8_i2_2.jpg,/home/bgao491/Matterport3D/v1/scans/759xd9YjKW5/undistorted_depth_images/4acd978965a24452ac39f4964cbd69c8_d2_2.png,1024,1280,406,504,1.4165615917841592,453187,0.34575424194335935,0.3825939893722534,-0.5349040031433105,1.6590299606323242,True,204624,1.0,True,,1.0,204624,0.9849772453308105,-0.01513673926387907,1.008149219890168,0.02325293356219241,log-depth Laplacian fallback,,,,0.021749778855566892,0.0017355289428938269,0.050770698922233175,0.03402503609630194,0.03147272686101688,-0.004017417643874393,0.02158428413791136,0.009373935496926791,3.121526696254351,0.9990533709042846,0.9995564744796298,0.9997374152391838,0.028955521228811912,0.0021625881142623765,0.0565717788703715,0.04487856160460476,0.03662341619828264,-0.019154156847435516,0.029167650570332045,0.012667349692777444,3.1215266929764836,0.9990776434452003,0.9995719206420308,0.9997550679962135,0.028955521228811912,0.0021625881142623765,0.0565717788703715,0.04487856160460476,0.03662341619828264,-0.019154156847435516,0.029167650570332045,0.012667349692777444,3.1215266929764836,0.9990776434452003,0.9995719206420308,0.9997550679962135,0.03311712497979137,0.00261432278679728,0.06090455322671864,0.04876919584857813,0.042814094309846146,-0.019210589251383862,0.03343104744884378,0.014518919431278633,3.8262252053257595,0.9991217753377745,0.9996072261560901,0.9998080262673025,0.020540496779409764,0.0018022990652037407,0.052324109581524746,0.03247304139903586,0.03148322154853955,0.004098822617654526,0.02020516396569489,0.008774991216251724,3.121526697344472,0.9989937928493094,0.9995255821548279,0.9997330020499264,0.016781599028036,0.2709177630022168,0.07236052281223238,ok,
759xd9YjKW5,4acd978965a24452ac39f4964cbd69c8,4acd978965a24452ac39f4964cbd69c8_i2_3,2,3,/home/bgao491/Matterport3D/v1/scans/759xd9YjKW5/undistorted_color_images/4acd978965a24452ac39f4964cbd69c8_i2_3.jpg,/home/bgao491/Matterport3D/v1/scans/759xd9YjKW5/undistorted_depth_images/4acd978965a24452ac39f4964cbd69c8_d2_3.png,1024,1280,406,504,1.4165615917841592,1033563,0.7885459899902344,0.3691509962081909,-0.5293560028076172,1.6595200300216675,True,204624,1.0,True,,1.0,204624,1.0546644926071167,0.05322269986391841,1.0528557918900994,0.0017164258625416498,log-depth Laplacian fallback,,,,0.04993551041025766,0.0068979951661568015,0.11748173391178585,0.09325644861137054,0.05936119599384122,-0.04578792226182098,0.05097231329683818,0.022136994394660558,3.777853576787578,0.9959528349989308,0.9989386229963727,1.0,0.021253086680316165,0.0046929544269364186,0.10921464980707632,0.04941420182944923,0.038503164744571855,0.007434777540182748,0.020601101417956597,0.008946944666947804,3.7778535946693794,0.9951149567080091,0.9985970860024982,1.0,0.021253086680316165,0.0046929544269364186,0.10921464980707632,0.04941420182944923,0.038503164744571855,0.007434777540182748,0.020601101417956597,0.008946944666947804,3.7778535946693794,0.9951149567080091,0.9985970860024982,1.0,0.02675132666630087,0.00608296704268325,0.12506839255639285,0.06188562036965081,0.04424666277761268,0.01232472796463437,0.02591100630780936,0.011253007060041974,4.24955085574174,0.9948808151994605,0.9984858204095929,1.0,0.021159214910486654,0.004584237380355776,0.10757123872177886,0.04855789071457454,0.03820887243505704,0.005718406275390945,0.020543611171723528,0.008921976970245533,3.77785357369503,0.9951459175686436,0.9986154690135,1.0,0.01048779091797769,0.27821113588288426,0.07439984590746462,ok,
759xd9YjKW5,4acd978965a24452ac39f4964cbd69c8,4acd978965a24452ac39f4964cbd69c8_i2_4,2,4,/home/bgao491/Matterport3D/v1/scans/759xd9YjKW5/undistorted_color_images/4acd978965a24452ac39f4964cbd69c8_i2_4.jpg,/home/bgao491/Matterport3D/v1/scans/759xd9YjKW5/undistorted_depth_images/4acd978965a24452ac39f4964cbd69c8_d2_4.png,1024,1280,406,504,1.4165615917841592,1206375,0.9203910827636719,0.36723798513412476,-0.5149340033531189,1.6597599983215332,True,204624,1.0,True,,1.0,204624,1.1085216999053955,0.10302732580088719,1.0986964545672775,0.008902890015702006,log-depth Laplacian fallback,,,,0.08808358348048888,0.020345422101689502,0.2139793435812971,0.19451987730304313,0.10077956440326546,-0.08395201278376935,0.09184419650097697,0.03988742773521224,5.575464241536985,0.9938103823437986,0.9982376955755881,0.9997538078955549,0.03545026977339587,0.010677735253844363,0.16545523882526011,0.0897276199929962,0.05892747827168315,0.019075312953550836,0.033750959197683006,0.014657855338495548,5.57546422388646,0.9883054605740338,0.9972114806755776,0.9997148482022589,0.03545026977339587,0.010677735253844363,0.16545523882526011,0.0897276199929962,0.05892747827168315,0.019075312953550836,0.033750959197683006,0.014657855338495548,5.57546422388646,0.9883054605740338,0.9972114806755776,0.9997148482022589,0.0337089700714594,0.010842608735695808,0.1679551861701356,0.08752166990156236,0.058526286228264036,0.016994684326304632,0.03205597568227594,0.013921733350837257,5.600452557001036,0.987972230856906,0.997223085690602,0.9997065589058128,0.03434429355417696,0.009567224537044769,0.15367374653892218,0.08350458101761328,0.05667502651631903,0.010172437322887114,0.03295444435142505,0.014311933336011681,5.57546424034573,0.9887779504714538,0.9973043207957725,0.999716506061548,0.009615259943529963,0.2719912340398878,0.07247885502874851,ok,
759xd9YjKW5,4acd978965a24452ac39f4964cbd69c8,4acd978965a24452ac39f4964cbd69c8_i2_5,2,5,/home/bgao491/Matterport3D/v1/scans/759xd9YjKW5/undistorted_color_images/4acd978965a24452ac39f4964cbd69c8_i2_5.jpg,/home/bgao491/Matterport3D/v1/scans/759xd9YjKW5/undistorted_depth_images/4acd978965a24452ac39f4964cbd69c8_d2_5.png,1024,1280,406,504,1.4165615917841592,1033706,0.7886550903320313,0.3787660002708435,-0.5060610175132751,1.6595200300216675,True,204624,1.0,True,,1.0,204624,1.0474793910980225,0.04638669825118317,1.04711467918086,0.00034824114707780046,log-depth Laplacian fallback,,,,0.0609400097884742,0.026739206088441648,0.22463429158767548,0.12494645790571512,0.09563511010438004,-0.04249563157978985,0.06008613935702025,0.026095078761623706,8.567494138493274,0.9728878423845851,0.9937274234646989,0.996147840875452,0.04260452587228396,0.02645991201481689,0.22147196723470672,0.09016792107592927,0.08576325542177111,0.003891066478984348,0.039511862521648074,0.01715978386287166,8.56749413900942,0.9722919282658705,0.9928915958696186,0.9958866447519894,0.04260452587228396,0.02645991201481689,0.22147196723470672,0.09016792107592927,0.08576325542177111,0.003891066478984348,0.039511862521648074,0.01715978386287166,8.56749413900942,0.9722919282658705,0.9928915958696186,0.9958866447519894,0.048905060800519005,0.02824010402661795,0.2295145322500329,0.10216190482489838,0.0909171135523934,-0.0008715632026202141,0.046043668587706,0.019996511194222806,9.091293590178811,0.9758906304113548,0.9929196502680646,0.9958508512091446,0.04258888212530695,0.026424172597328415,0.2212725079705722,0.08998260132898613,0.08574816345374553,0.003542873936811065,0.03951105059135466,0.017159431246025536,8.567494137703347,0.9722580695091254,0.9928925632626685,0.9958876121450393,0.009852227056398988,0.2658902530092746,0.07163297617807984,ok,
759xd9YjKW5,5764e704c4574c34b7a579260f191e7c,5764e704c4574c34b7a579260f191e7c_i0_0,0,0,/home/bgao491/Matterport3D/v1/scans/759xd9YjKW5/undistorted_color_images/5764e704c4574c34b7a579260f191e7c_i0_0.jpg,/home/bgao491/Matterport3D/v1/scans/759xd9YjKW5/undistorted_depth_images/5764e704c4574c34b7a579260f191e7c_d0_0.png,1024,1280,406,504,1.4155678118069965,1183144,0.902667236328125,-11.398799896240234,-12.875800132751465,1.5866199731826782,True,204624,1.0,True,,1.0,204624,1.028473973274231,0.028076124272192752,1.0250515343277877,0.0033332355527233744,log-depth Laplacian fallback,,,,0.0337106796053423,0.001721332055464605,0.040660819050053636,0.031583753910015964,0.043060341167772666,-0.02564077909841652,0.03431168101291555,0.014901373728733798,3.4593979659923253,0.9984093229564618,1.0,1.0,0.026020406085356308,0.0011225833443283873,0.0315479498075439,0.023379565919496192,0.03467959536750082,0.002435345194049698,0.025828445418469233,0.011217151321380516,3.459397965888579,0.9982199968896431,1.0,1.0,0.026020406085356308,0.0011225833443283873,0.0315479498075439,0.023379565919496192,0.03467959536750082,0.002435345194049698,0.025828445418469233,0.011217151321380516,3.459397965888579,0.9982199968896431,1.0,1.0,0.02736861808139707,0.001278647931227564,0.03407444395902444,0.025012076357004427,0.03671237509207809,-0.0013245981620185075,0.027283074322520195,0.011848888627626826,3.6688471276555155,0.9981752009899049,1.0,1.0,0.02580753778929822,0.0011215975709299387,0.031747427140174984,0.023411709454681906,0.03460562859284551,-0.0008978323825844773,0.025701886457987964,0.011162187463208087,3.4593979639797863,0.9982360557970965,1.0,1.0,0.01513669895939529,0.275324447080493,0.0744499817956239,ok,
759xd9YjKW5,5764e704c4574c34b7a579260f191e7c,5764e704c4574c34b7a579260f191e7c_i0_1,0,1,/home/bgao491/Matterport3D/v1/scans/759xd9YjKW5/undistorted_color_images/5764e704c4574c34b7a579260f191e7c_i0_1.jpg,/home/bgao491/Matterport3D/v1/scans/759xd9YjKW5/undistorted_depth_images/5764e704c4574c34b7a579260f191e7c_d0_1.png,1024,1280,406,504,1.4155678118069965,1211894,0.9246017456054687,-11.411800384521484,-12.869400024414062,1.5866700410842896,True,204624,1.0,True,,1.0,204624,1.0307363271713257,0.030273427584877492,1.079879995532436,0.04657649212974998,log-depth Laplacian fallback,,,,0.07052087363866748,0.006867924008329429,0.08983456338366112,0.0811825018913234,0.08308159905330914,-0.06329374233355295,0.07346114104198675,0.03190376818885137,5.38187168433866,0.9986541727246773,1.0,1.0,0.0531207492444545,0.003850046830251509,0.06416521750636041,0.05767229518435347,0.06314107595738015,-0.03302031480539219,0.05420043618125495,0.023538950350268376,5.38187168484018,0.9983802213724963,1.0,1.0,0.0531207492444545,0.003850046830251509,0.06416521750636041,0.05767229518435347,0.06314107595738015,-0.03302031480539219,0.05420043618125495,0.023538950350268376,5.38187168484018,0.9983802213724963,1.0,1.0,0.0557183282923054,0.004885377254944722,0.0751246518108723,0.06242061782261595,0.07127099748986332,-0.03841567979297427,0.05735714406971154,0.024909891167205545,6.003158026608806,0.9958197664152145,1.0,1.0,0.03856769586491834,0.003135504750917282,0.056109318998731644,0.03969144803254525,0.05549976863404555,0.013556180757224022,0.03761218029866771,0.01633476235606159,5.381871683448106,0.9971078328632702,1.0,1.0,0.010884063085541129,0.2725396170280874,0.07460190798155963,ok,
759xd9YjKW5,5764e704c4574c34b7a579260f191e7c,5764e704c4574c34b7a579260f191e7c_i0_2,0,2,/home/bgao491/Matterport3D/v1/scans/759xd9YjKW5/undistorted_color_images/5764e704c4574c34b7a579260f191e7c_i0_2.jpg,/home/bgao491/Matterport3D/v1/scans/759xd9YjKW5/undistorted_depth_images/5764e704c4574c34b7a579260f191e7c_d0_2.png,1024,1280,406,504,1.4155678118069965,1244232,0.949273681640625,-11.4128999710083,-12.854900360107422,1.5868899822235107,True,204624,1.0,True,,1.0,204624,1.1353638172149658,0.12695314337190938,1.2121261618026207,0.06542283275437133,log-depth Laplacian fallback,,,,0.17487869804406753,0.041604080063062016,0.2346197152373193,0.22917460799127162,0.2074723626015211,-0.1944868774563778,0.1947973262195791,0.08459940386667082,7.224704658825115,0.6064704974634956,1.0,1.0,0.07899775318951172,0.010138069320631778,0.1153850226206415,0.09924313324742293,0.09889611205618903,-0.06753373403670238,0.0830011966508439,0.03604696169682816,7.224704663091942,0.9999895517877695,1.0,1.0,0.07899775318951172,0.010138069320631778,0.1153850226206415,0.09924313324742293,0.09889611205618903,-0.06753373403670238,0.0830011966508439,0.03604696169682816,7.224704663091942,0.9999895517877695,1.0,1.0,0.05278838660858765,0.00541133386084644,0.08421530770795424,0.06761743820633785,0.07372422753994225,-0.05071157686433575,0.05529966192148046,0.024016338023614345,5.351259382887122,0.999992766622302,1.0,1.0,0.06021007529009985,0.009278419472007209,0.1350157309362615,0.09282022636352849,0.07227787858097327,-0.0021109227840178327,0.05994062249953484,0.026031881593393872,7.224704656361968,0.9999710664892077,1.0,1.0,0.011050943052396178,0.26877877209335566,0.07476740190759301,ok,
759xd9YjKW5,5764e704c4574c34b7a579260f191e7c,5764e704c4574c34b7a579260f191e7c_i0_3,0,3,/home/bgao491/Matterport3D/v1/scans/759xd9YjKW5/undistorted_color_images/5764e704c4574c34b7a579260f191e7c_i0_3.jpg,/home/bgao491/Matterport3D/v1/scans/759xd9YjKW5/undistorted_depth_images/5764e704c4574c34b7a579260f191e7c_d0_3.png,1024,1280,406,504,1.4155678118069965,1250163,0.9537986755371094,-11.400799751281738,-12.846799850463867,1.5870599746704102,True,204624,1.0,True,,1.0,204624,1.109604835510254,0.10400394789494263,1.13538890511762,0.02297129202883566,log-depth Laplacian fallback,,,,0.12020552298865213,0.021029169874199897,0.1814957056408597,0.16969320608953073,0.13272032668180933,-0.12859552136316285,0.12860315348839504,0.055851639915366895,3.2831037142656907,0.9995224622709199,1.0,1.0,0.03156151911248747,0.001993924540645003,0.054670621435034844,0.04205350703164685,0.04101978161312908,-0.024591573445222722,0.032295775339665225,0.014025877018803716,3.283103713069417,1.0,1.0,1.0,0.03156151911248747,0.001993924540645003,0.054670621435034844,0.04205350703164685,0.04101978161312908,-0.024591573445222722,0.032295775339665225,0.014025877018803716,3.283103713069417,1.0,1.0,1.0,0.02804438580905659,0.002182803863006002,0.05437865633886006,0.037404663376519647,0.045216811565045305,-0.015701282337936405,0.02889801097203031,0.012550246703132399,4.240318126099999,0.9999752032334983,1.0,1.0,0.027083948692463878,0.0014536170679721988,0.047401951107376133,0.03813386112174666,0.032870997328354544,-0.0016203289693608794,0.027163943509869653,0.011797150773068033,3.2831037135487224,1.0,1.0,1.0,0.010695513105019927,0.26538495090790093,0.07399766403250396,ok,
759xd9YjKW5,5764e704c4574c34b7a579260f191e7c,5764e704c4574c34b7a579260f191e7c_i0_4,0,4,/home/bgao491/Matterport3D/v1/scans/759xd9YjKW5/undistorted_color_images/5764e704c4574c34b7a579260f191e7c_i0_4.jpg,/home/bgao491/Matterport3D/v1/scans/759xd9YjKW5/undistorted_depth_images/5764e704c4574c34b7a579260f191e7c_d0_4.png,1024,1280,406,504,1.4155678118069965,1244173,0.9492286682128906,-11.387700080871582,-12.853099822998047,1.5870200395584106,True,204624,1.0,True,,1.0,204624,1.0071974992752075,0.007171720896633256,1.0732869046393467,0.06355409250879007,log-depth Laplacian fallback,,,,0.06197131527470249,0.006123436655644274,0.084810603300673,0.07498834892284095,0.07763522525863774,-0.06140102005292573,0.06482960814207342,0.028155141080052605,4.75093984114684,1.0,1.0,1.0,0.05764394563095247,0.005312650886727433,0.07918932810114263,0.0702417487216839,0.07209687795639032,-0.054229299032049046,0.06007369710660876,0.02608967516092752,4.750939841285348,1.0,1.0,1.0,0.05764394563095247,0.005312650886727433,0.07918932810114263,0.0702417487216839,0.07209687795639032,-0.054229299032049046,0.06007369710660876,0.02608967516092752,4.750939841285348,1.0,1.0,1.0,0.04159572462921329,0.003573710856145122,0.07744194993017314,0.06358173328183779,0.050012943844199166,-0.04255419069788315,0.04281265005540784,0.018593297674718578,2.627613757787118,0.9999935700260334,1.0,1.0,0.038933951524915425,0.004363155516191771,0.09287266613958389,0.06471549507730134,0.04841584937818438,0.00932478065610336,0.03843875538611111,0.016693739355416952,4.75093984041747,0.9999895512923042,1.0,1.0,0.010878437897190452,0.27725725900381804,0.07438855920918286,ok,
759xd9YjKW5,5764e704c4574c34b7a579260f191e7c,5764e704c4574c34b7a579260f191e7c_i0_5,0,5,/home/bgao491/Matterport3D/v1/scans/759xd9YjKW5/undistorted_color_images/5764e704c4574c34b7a579260f191e7c_i0_5.jpg,/home/bgao491/Matterport3D/v1/scans/759xd9YjKW5/undistorted_depth_images/5764e704c4574c34b7a579260f191e7c_d0_5.png,1024,1280,406,504,1.4155678118069965,1230280,0.938629150390625,-11.386699676513672,-12.867600440979004,1.5867999792099,True,204624,1.0,True,,1.0,204624,0.9560721516609192,-0.044921896329977486,0.9991560168705846,0.04407755684628198,log-depth Laplacian fallback,,,,0.05437855508566476,0.006637797301296612,0.10612292741784839,0.0742166703613964,0.06528022285633958,0.010475106038138228,0.053472442851951775,0.023222786864489645,6.4434304913323315,0.9974989433299737,1.0,1.0,0.06150529475704927,0.0057876977481614925,0.08644774432040231,0.07443934971279591,0.07306408846954644,-0.034446790255426414,0.06314525492965505,0.027423635774323316,6.443430503221379,0.9985466723022401,1.0,1.0,0.06150529475704927,0.0057876977481614925,0.08644774432040231,0.07443934971279591,0.07306408846954644,-0.034446790255426414,0.06314525492965505,0.027423635774323316,6.443430503221379,0.9985466723022401,1.0,1.0,0.050560233458863076,0.005069932649222846,0.08312446913145002,0.06416756074900908,0.0666604774518717,-0.0225312586797789,0.05150792826497331,0.022369609019746453,6.273724281809318,0.9976241180869395,1.0,1.0,0.05432891253159132,0.006572732596309289,0.10544705949126892,0.07397427373720858,0.06515006488968697,0.009630747890213103,0.05346869378584683,0.02322115866576796,6.44343049175327,0.9975436486003186,1.0,1.0,0.011628287145867944,0.27247031102888286,0.07188445399515331,ok,
759xd9YjKW5,5764e704c4574c34b7a579260f191e7c,5764e704c4574c34b7a579260f191e7c_i1_0,1,0,/home/bgao491/Matterport3D/v1/scans/759xd9YjKW5/undistorted_color_images/5764e704c4574c34b7a579260f191e7c_i1_0.jpg,/home/bgao491/Matterport3D/v1/scans/759xd9YjKW5/undistorted_depth_images/5764e704c4574c34b7a579260f191e7c_d1_0.png,1024,1280,406,504,1.4121168655554452,1233446,0.9410446166992188,-11.399700164794922,-12.865300178527832,1.6200400590896606,True,204624,1.0,True,,1.0,204624,1.1409211158752441,0.1318359325348499,1.0344629246291221,0.09795355390148541,log-depth Laplacian fallback,,,,0.04562955626824305,0.002191050317414952,0.03884423927246803,0.03250506336535021,0.058912004432648976,-0.04411004374482343,0.04705831231420556,0.02043716536573932,3.9050330435250045,0.9971389100130853,1.0,1.0,0.09356470571709345,0.008107263587068914,0.08003162571171263,0.07274545246853781,0.09602478776037901,0.08772588874477497,0.08880870823511315,0.038569131931465515,3.9050330451421256,0.9941099975191455,0.9996230074117554,1.0,0.09356470571709345,0.008107263587068914,0.08003162571171263,0.07274545246853781,0.09602478776037901,0.08772588874477497,0.08880870823511315,0.038569131931465515,3.9050330451421256,0.9941099975191455,0.9996230074117554,1.0,0.07730723240473023,0.006523899138271275,0.07266010848369157,0.06138940981592125,0.08514291673179888,0.07143145381890555,0.07360215404540203,0.031965009358111175,4.633426027159173,0.9945858999907576,0.9999975677897532,1.0,0.025790982478621088,0.0010758046025906775,0.026799012348215974,0.017778331252781138,0.04036747896428537,-0.010227661067229108,0.026107974913569754,0.011338549438631867,3.9050330434272995,0.9966403069125037,1.0,1.0,0.014615700114518404,0.2669074828736484,0.07205196400173008,ok,
759xd9YjKW5,5764e704c4574c34b7a579260f191e7c,5764e704c4574c34b7a579260f191e7c_i1_1,1,1,/home/bgao491/Matterport3D/v1/scans/759xd9YjKW5/undistorted_color_images/5764e704c4574c34b7a579260f191e7c_i1_1.jpg,/home/bgao491/Matterport3D/v1/scans/759xd9YjKW5/undistorted_depth_images/5764e704c4574c34b7a579260f191e7c_d1_1.png,1024,1280,406,504,1.4121168655554452,1270926,0.9696395874023438,-11.402799606323242,-12.863699913024902,1.6200499534606934,True,204624,1.0,True,,1.0,204624,1.0187278985977173,0.018554690709595995,1.0132592843497497,0.005382541284510338,log-depth Laplacian fallback,,,,0.030478853657071762,0.002626988458433534,0.06940182551472253,0.049099180069692834,0.040780197339742565,-0.00560459423804464,0.03034528924425284,0.013178791670537107,4.03932298596587,0.996622934773543,0.9999976395163841,1.0,0.029563977396846693,0.0023774819545444733,0.05869905559443546,0.04043102792829535,0.04241836883381026,0.01295009634046464,0.028885152829392368,0.012544662482737208,4.039322986954435,0.9959580652217359,0.9999968526885121,1.0,0.029563977396846693,0.0023774819545444733,0.05869905559443546,0.04043102792829535,0.04241836883381026,0.01295009634046464,0.028885152829392368,0.012544662482737208,4.039322986954435,0.9959580652217359,0.9999968526885121,1.0,0.037024118982562845,0.003116053744656984,0.07206207289230834,0.05515860415421328,0.0469305429138441,0.0008937616616845852,0.03666251063032236,0.015922326059468313,4.692203158730733,0.9965237944616759,0.9999976395163841,1.0,0.02899352612330583,0.0023432646135206256,0.060441642556232925,0.04185930944600684,0.041095997602704354,0.00756756238523624,0.02847193038157662,0.012365202253852271,4.039322985980497,0.9961650009520617,0.9999968526885121,1.0,0.015336533077061176,0.2816556328907609,0.07142345607280731,ok,
759xd9YjKW5,5764e704c4574c34b7a579260f191e7c,5764e704c4574c34b7a579260f191e7c_i1_2,1,2,/home/bgao491/Matterport3D/v1/scans/759xd9YjKW5/undistorted_color_images/5764e704c4574c34b7a579260f191e7c_i1_2.jpg,/home/bgao491/Matterport3D/v1/scans/759xd9YjKW5/undistorted_depth_images/5764e704c4574c34b7a579260f191e7c_d1_2.png,1024,1280,406,504,1.4121168655554452,1126842,0.8597122192382812,-11.40310001373291,-12.860199928283691,1.6201000213623047,True,204624,1.0,True,,1.0,204624,0.9642767310142517,-0.03637696019948936,1.0308957721806737,0.06680506621580579,log-depth Laplacian fallback,,,,0.03559005732011061,0.0046554728628127335,0.10852859681599826,0.09324656934936842,0.04497772263178165,-0.034894454280826194,0.03647213552976093,0.01583964720380272,2.8379087257782167,0.9997595048817847,1.0,1.0,0.06946486113072933,0.014107999288369606,0.19627131718339416,0.19086738951947532,0.07671366975878635,-0.07127141453067802,0.07226025593958081,0.03138223041547665,2.837908734713628,0.9998438112885392,1.0,1.0,0.06946486113072933,0.014107999288369606,0.19627131718339416,0.19086738951947532,0.07671366975878635,-0.07127141453067802,0.07226025593958081,0.03138223041547665,2.837908734713628,0.9998438112885392,1.0,1.0,0.07060565213883346,0.015010772429709985,0.20481312267286073,0.19630814459736548,0.07867287641946248,-0.07255257876505702,0.07354306017559512,0.03193934521653974,3.042276776777901,0.9997666043686693,1.0,1.0,0.019400479516286148,0.002027756315404863,0.07211542636851904,0.05155587732126583,0.02872838954417275,-0.004466292909397972,0.019526669867409155,0.008480324973362303,2.8379087255392754,0.9992749649019117,1.0,1.0,0.010831562103703618,0.27614861400797963,0.07151698297820985,ok,
759xd9YjKW5,5764e704c4574c34b7a579260f191e7c,5764e704c4574c34b7a579260f191e7c_i1_3,1,3,/home/bgao491/Matterport3D/v1/scans/759xd9YjKW5/undistorted_color_images/5764e704c4574c34b7a579260f191e7c_i1_3.jpg,/home/bgao491/Matterport3D/v1/scans/759xd9YjKW5/undistorted_depth_images/5764e704c4574c34b7a579260f191e7c_d1_3.png,1024,1280,406,504,1.4121168655554452,1260094,0.9613754272460937,-11.400199890136719,-12.85830020904541,1.6201399564743042,True,204624,1.0,True,,1.0,204624,0.9652189016342163,-0.03540036229597011,0.9869107693096013,0.022224712692466335,log-depth Laplacian fallback,,,,0.03403755776632552,0.02146501109162632,0.2958531549359977,0.12447397191264153,0.0615052358833321,0.003987305090719148,0.03263999183905619,0.014175368345069288,6.137585387738281,0.9913998479478515,0.9965383534879144,0.9988778614928727,0.042398407405408844,0.025301099099565526,0.34673504723244314,0.16805043550271834,0.06894762948289576,-0.0314130572713829,0.042212534298201855,0.01833267071286083,6.137585391809628,0.9918601310695869,0.9971764011256303,0.9990088041050905,0.042398407405408844,0.025301099099565526,0.34673504723244314,0.16805043550271834,0.06894762948289576,-0.0314130572713829,0.042212534298201855,0.01833267071286083,6.137585391809628,0.9918601310695869,0.9971764011256303,0.9990088041050905,0.04144262016744336,0.02536850495899975,0.3420452573174939,0.16331430665030058,0.07018912148979005,-0.02800073302567564,0.041172684094074846,0.017881069507202495,6.436203636875813,0.9917379179648502,0.9969414980152275,0.9990167400209825,0.031539581741869674,0.022011463400167276,0.3103604543536123,0.12676563575009875,0.06205982016676984,-0.009188353560731059,0.03056965372187544,0.013276231925103712,6.137585386758227,0.9915085699955718,0.9966661217337754,0.9989619822013278,0.01548948185518384,0.2664347051177174,0.0715630950871855,ok,
759xd9YjKW5,5764e704c4574c34b7a579260f191e7c,5764e704c4574c34b7a579260f191e7c_i1_4,1,4,/home/bgao491/Matterport3D/v1/scans/759xd9YjKW5/undistorted_color_images/5764e704c4574c34b7a579260f191e7c_i1_4.jpg,/home/bgao491/Matterport3D/v1/scans/759xd9YjKW5/undistorted_depth_images/5764e704c4574c34b7a579260f191e7c_d1_4.png,1024,1280,406,504,1.4121168655554452,1110631,0.8473442077636719,-11.397000312805176,-12.859800338745117,1.620129942893982,True,139582,0.6821389475330362,True,,1.0,139582,0.9628652930259705,-0.03784175959989025,1.005985945309488,0.043809860314524114,log-depth Laplacian fallback,,,,0.08451510926826772,0.09538546175297598,0.41155405446113713,0.1945967280194657,0.16425273797565254,0.007504913578687074,0.0708518361339316,0.030770561465679934,16.408119393969194,0.9309806767504238,0.9724093780922737,0.9803427060832985,0.09997205363553596,0.09332580763302298,0.4408981681335068,0.25787784846266715,0.1668621060665681,-0.030336846011878475,0.08973543664146548,0.03897160496456734,16.408119397122327,0.9196492804540842,0.973256644195957,0.9815744383147958,0.09997205363553596,0.09332580763302298,0.4408981681335068,0.25787784846266715,0.1668621060665681,-0.030336846011878475,0.08973543664146548,0.03897160496456734,16.408119397122327,0.9196492804540842,0.973256644195957,0.9815744383147958,0.10357746266713823,0.10635897386736591,0.459192968718,0.26086297881318793,0.17161232794543615,-0.027726965754533747,0.09065571559929445,0.03937127703776412,16.935762891850736,0.9392318420789623,0.972066329861133,0.9801590267154437,0.08448488441157127,0.09654243989824833,0.4102871511264735,0.19122367950648475,0.16463341433942896,0.013473044062048257,0.07031781382523337,0.030538638523799042,16.408119392776307,0.9325806681066889,0.9722374037821743,0.9802022453902332,0.01959794689901173,0.2820470668375492,0.07148577203042805,ok,
759xd9YjKW5,5764e704c4574c34b7a579260f191e7c,5764e704c4574c34b7a579260f191e7c_i1_5,1,5,/home/bgao491/Matterport3D/v1/scans/759xd9YjKW5/undistorted_color_images/5764e704c4574c34b7a579260f191e7c_i1_5.jpg,/home/bgao491/Matterport3D/v1/scans/759xd9YjKW5/undistorted_depth_images/5764e704c4574c34b7a579260f191e7c_d1_5.png,1024,1280,406,504,1.4121168655554452,1258667,0.9602867126464844,-11.39680004119873,-12.863300323486328,1.6200799942016602,True,196318,0.9594084760340919,True,,1.0,196318,1.010985255241394,0.010925355601016637,1.1025206997702517,0.08667374786340919,log-depth Laplacian fallback,,,,0.08211238720774458,0.014419083480411135,0.1843082141520471,0.11911048906961988,0.1036527069156449,-0.07747757030984821,0.08660529894507155,0.03761220343542608,6.885571690007381,0.9901030216888184,0.9998649364764469,1.0,0.07576170434600331,0.012857165680102464,0.17687046643581858,0.11146069929516372,0.09576171984248551,-0.0665522145574491,0.07939359845172005,0.03448020170602456,6.885571671756777,0.9895484667509357,0.999868114441707,1.0,0.07576170434600331,0.012857165680102464,0.17687046643581858,0.11146069929516372,0.09576171984248551,-0.0665522145574491,0.07939359845172005,0.03448020170602456,6.885571671756777,0.9895484667509357,0.999868114441707,1.0,0.08721019573703997,0.016655258104274026,0.19712573314300896,0.134043719797625,0.10873835478456319,-0.08174158420800434,0.09218232647241466,0.04003427571597373,7.171013326175927,0.9902754263041773,0.999343750173795,1.0,0.055103500167861835,0.015489787984927832,0.21776180395926473,0.13123577643853615,0.07173552823915577,0.020121537220315865,0.05339154934781018,0.023187655262019127,6.885571691328295,0.9851573132528302,0.9996885594045128,1.0,0.015027660876512527,0.2736193120945245,0.07155449199490249,ok,
759xd9YjKW5,5764e704c4574c34b7a579260f191e7c,5764e704c4574c34b7a579260f191e7c_i2_0,2,0,/home/bgao491/Matterport3D/v1/scans/759xd9YjKW5/undistorted_color_images/5764e704c4574c34b7a579260f191e7c_i2_0.jpg,/home/bgao491/Matterport3D/v1/scans/759xd9YjKW5/undistorted_depth_images/5764e704c4574c34b7a579260f191e7c_d2_0.png,1024,1280,406,504,1.4165615917841592,1174531,0.8960960388183594,-11.39900016784668,-12.876799583435059,1.6531200408935547,True,204624,1.0,True,,1.0,204624,1.0330036878585815,0.03247076017815846,1.0517366964405963,0.017972034255385766,log-depth Laplacian fallback,,,,0.05072710258639902,0.0030858268185981062,0.05421399261702155,0.047093067466349205,0.059676278084781945,-0.04649482053184634,0.05207171483229975,0.022614458414907494,3.7409755809997294,0.9974577086513681,1.0,1.0,0.02926620710769685,0.0015359286568014886,0.03838184402877748,0.02741027728039444,0.039952022542608295,-0.014024060428451909,0.029341466615129295,0.012742837041899142,3.7409755871219086,0.996781694140044,1.0,1.0,0.02926620710769685,0.0015359286568014886,0.03838184402877748,0.02741027728039444,0.039952022542608295,-0.014024060428451909,0.029341466615129295,0.012742837041899142,3.7409755871219086,0.996781694140044,1.0,1.0,0.04943039175365203,0.0031454757917021006,0.05730591142754084,0.04876636348133934,0.057498865161607425,-0.04480023458759997,0.050649931218186874,0.021996985636837812,3.6042453797830194,0.9972789138813706,1.0,1.0,0.024985289597585936,0.001530505812004387,0.03948100385209761,0.02487108452565346,0.03761750187995739,0.0039479891230085554,0.02458608056263516,0.010677599119981247,3.7409755807452196,0.9960128766290545,1.0,1.0,0.015175940934568644,0.2757397419773042,0.07538523501716554,ok,
759xd9YjKW5,5764e704c4574c34b7a579260f191e7c,5764e704c4574c34b7a579260f191e7c_i2_1,2,1,/home/bgao491/Matterport3D/v1/scans/759xd9YjKW5/undistorted_color_images/5764e704c4574c34b7a579260f191e7c_i2_1.jpg,/home/bgao491/Matterport3D/v1/scans/759xd9YjKW5/undistorted_depth_images/5764e704c4574c34b7a579260f191e7c_d2_1.png,1024,1280,406,504,1.4165615917841592,1232480,0.9403076171875,-11.412099838256836,-12.870400428771973,1.6531599760055542,True,204624,1.0,True,,1.0,204624,1.0332558155059814,0.03271480275678005,1.0941482266269844,0.05726138258326544,log-depth Laplacian fallback,,,,0.08051043732853061,0.01171650856519595,0.1450610549685738,0.12905690377537274,0.09088401893464218,-0.08156519780753127,0.08429889997903572,0.03661054709140936,4.008769642085581,0.998560625730235,1.0,1.0,0.05342614764638103,0.005743736239877393,0.10004333010025264,0.08481584809141145,0.06319323151988084,-0.04885039512500442,0.055029099260579,0.023898834152975747,4.0087696442377485,0.9981671102167986,1.0,1.0,0.05342614764638103,0.005743736239877393,0.10004333010025264,0.08481584809141145,0.06319323151988084,-0.04885039512500442,0.055029099260579,0.023898834152975747,4.0087696442377485,0.9981671102167986,1.0,1.0,0.058471433160095995,0.007030243178532485,0.10947641073967941,0.09252095376374109,0.07040068963401226,-0.05541230345370817,0.06056928532251296,0.02630490638839101,4.342503571557176,0.9979326236531222,1.0,1.0,0.028870912939813267,0.0028005133553877736,0.06848827389000228,0.044209554537649076,0.040960577478071865,0.008411034684405636,0.028331999359626155,0.012304430983172111,4.00876964026976,0.9963358431779826,0.9999967545112294,1.0,0.010098408907651901,0.2758368880022317,0.07416549185290933,ok,
759xd9YjKW5,5764e704c4574c34b7a579260f191e7c,5764e704c4574c34b7a579260f191e7c_i2_2,2,2,/home/bgao491/Matterport3D/v1/scans/759xd9YjKW5/undistorted_color_images/5764e704c4574c34b7a579260f191e7c_i2_2.jpg,/home/bgao491/Matterport3D/v1/scans/759xd9YjKW5/undistorted_depth_images/5764e704c4574c34b7a579260f191e7c_d2_2.png,1024,1280,406,504,1.4165615917841592,1232434,0.9402725219726562,-11.413100242614746,-12.855899810791016,1.653380036354065,True,204624,1.0,True,,1.0,204624,0.9955543875694275,-0.004455523550420331,1.0215288725617746,0.025755923293647478,log-depth Laplacian fallback,,,,0.038925965146501,0.013937076260809258,0.14564038264408286,0.07516377502753212,0.0739719127099804,-0.011846823856763394,0.03667489687123667,0.015927705335548926,7.3017098233768385,0.9867213984683967,0.9935258196382118,0.9961515180528937,0.04112760624860279,0.014026196025597931,0.1464758533865569,0.07952139604358165,0.07481485919388663,-0.016302347414028567,0.03905472562539101,0.016961251831352834,7.301709816880837,0.9871928233073739,0.9935598985422344,0.9961896539692998,0.04112760624860279,0.014026196025597931,0.1464758533865569,0.07952139604358165,0.07481485919388663,-0.016302347414028567,0.03905472562539101,0.016961251831352834,7.301709816880837,0.9871928233073739,0.9935598985422344,0.9961896539692998,0.03992860638433973,0.014809451290719249,0.14898478644969082,0.07514641498774437,0.07578791366782138,-0.012807463098292771,0.037606455203317374,0.016332275978742563,7.469790323099447,0.9873737660596835,0.993495797746573,0.9961791057371023,0.03460919909471482,0.0147641970433758,0.1521642356653624,0.07048095082641709,0.07362653143686468,0.009453544068641653,0.031593286423297125,0.013720789958826866,7.30170982439447,0.9838733757750923,0.9933375742636117,0.995979500727828,0.010424852138385177,0.27598425513133407,0.0723991401027888,ok,
759xd9YjKW5,5764e704c4574c34b7a579260f191e7c,5764e704c4574c34b7a579260f191e7c_i2_3,2,3,/home/bgao491/Matterport3D/v1/scans/759xd9YjKW5/undistorted_color_images/5764e704c4574c34b7a579260f191e7c_i2_3.jpg,/home/bgao491/Matterport3D/v1/scans/759xd9YjKW5/undistorted_depth_images/5764e704c4574c34b7a579260f191e7c_d2_3.png,1024,1280,406,504,1.4165615917841592,1246690,0.9511489868164062,-11.401100158691406,-12.847800254821777,1.6535600423812866,True,204624,1.0,True,,1.0,204624,0.9656902551651001,-0.03491214301482311,1.0011572958101986,0.03606876967444594,log-depth Laplacian fallback,,,,0.06291974215186938,0.025632274392780298,0.20855680752372271,0.11175896762971588,0.1009724326004851,0.0067468819770903085,0.058943870832661414,0.025598997844642913,10.074677031471888,0.9765539147663012,0.9863526618485751,0.9954952714788761,0.06626852839627095,0.022585954948425614,0.1830692570178227,0.09603302138911517,0.10460972072673352,-0.028165261009857247,0.06452255695579034,0.02802179044418802,10.074677038382816,0.9781357033424508,0.9867801939535891,0.9964137034868331,0.06626852839627095,0.022585954948425614,0.1830692570178227,0.09603302138911517,0.10460972072673352,-0.028165261009857247,0.06452255695579034,0.02802179044418802,10.074677038382816,0.9781357033424508,0.9867801939535891,0.9964137034868331,0.08828757574141441,0.029441097635476438,0.20371913684224185,0.1208460371645412,0.13210512263997282,-0.05859690596331556,0.08945484186000895,0.03884974419932987,11.839833630270576,0.9784020085185572,0.9860847524244198,0.9962412468215835,0.06298442402108503,0.02581890130866841,0.20985866154452357,0.11262892743170523,0.10105630606735538,0.007903496640517803,0.05893574300009036,0.02559546797180744,10.074677035435098,0.976478515108006,0.9862748558182066,0.9953765571232625,0.015055146999657154,0.2753129149787128,0.07127894414588809,ok,
759xd9YjKW5,5764e704c4574c34b7a579260f191e7c,5764e704c4574c34b7a579260f191e7c_i2_4,2,4,/home/bgao491/Matterport3D/v1/scans/759xd9YjKW5/undistorted_color_images/5764e704c4574c34b7a579260f191e7c_i2_4.jpg,/home/bgao491/Matterport3D/v1/scans/759xd9YjKW5/undistorted_depth_images/5764e704c4574c34b7a579260f191e7c_d2_4.png,1024,1280,406,504,1.4165615917841592,1236493,0.9433692932128906,-11.387999534606934,-12.85420036315918,1.6535099744796753,True,185887,0.9084320509813121,True,,1.0,185887,0.9961317777633667,-0.0038757231580048277,1.0035752414246328,0.007444588599615373,log-depth Laplacian fallback,,,,0.07184476221276144,0.04534917094276606,0.270539048752639,0.11763518677337054,0.12405063759721834,0.004167860175747485,0.0651468323896676,0.028292909820308687,12.398060182880151,0.9650640966022452,0.9811685145002843,0.9913303188938393,0.07199124817244963,0.04473260517234339,0.26802303646186065,0.11635834472586161,0.12398094585920794,0.0002921369797741979,0.06557194876435257,0.028477535516001077,12.39806016767498,0.9659359171463162,0.981357759405027,0.9916716067135034,0.07199124817244963,0.04473260517234339,0.26802303646186065,0.11635834472586161,0.12398094585920794,0.0002921369797741979,0.06557194876435257,0.028477535516001077,12.39806016767498,0.9659359171463162,0.981357759405027,0.9916716067135034,0.08873447778941773,0.04743912643316828,0.27429554734338724,0.13674094136018503,0.136227940331204,-0.02329219568613328,0.08444968127878061,0.03667603057786278,13.42219257312342,0.9679165187348412,0.9819457125919839,0.9912882644705631,0.07198762142760745,0.04597031790618394,0.2730527595743012,0.11932339826620238,0.12422176137769927,0.007736690134121062,0.06503310738147754,0.028243519676797335,12.39806018115199,0.964454307464741,0.9810706570922763,0.991030276758542,0.011149290017783642,0.2758399648591876,0.07461854512803257,ok,
759xd9YjKW5,5764e704c4574c34b7a579260f191e7c,5764e704c4574c34b7a579260f191e7c_i2_5,2,5,/home/bgao491/Matterport3D/v1/scans/759xd9YjKW5/undistorted_color_images/5764e704c4574c34b7a579260f191e7c_i2_5.jpg,/home/bgao491/Matterport3D/v1/scans/759xd9YjKW5/undistorted_depth_images/5764e704c4574c34b7a579260f191e7c_d2_5.png,1024,1280,406,504,1.4165615917841592,1235144,0.942340087890625,-11.38700008392334,-12.86870002746582,1.653290033340454,True,201540,0.9849284541402769,True,,1.0,201540,1.102583646774292,0.09765619555093505,1.1261183278854763,0.02112041557735808,log-depth Laplacian fallback,,,,0.10798091237115447,0.026210412284341903,0.24925572412389221,0.20639122765547877,0.12094848699478765,-0.11061270560427923,0.11466944009686224,0.04980030507700276,4.892203864547524,0.9922697272544739,0.9999967615112084,1.0,0.036434103365333946,0.005541073912076948,0.11767935017792898,0.0732542291656829,0.05060866541024681,-0.012956510059065228,0.03646825611173431,0.015837962393960753,4.8922038609359415,0.9936541812128789,1.0,1.0,0.036434103365333946,0.005541073912076948,0.11767935017792898,0.0732542291656829,0.05060866541024681,-0.012956510059065228,0.03646825611173431,0.015837962393960753,4.8922038609359415,0.9936541812128789,1.0,1.0,0.03381966580850077,0.004985405968657712,0.11161825772764478,0.06459975515909994,0.04860967770838982,-0.019995152795658992,0.0339981299055672,0.014765200213017754,4.430682375878214,0.9936970911893674,1.0,1.0,0.0345859412863653,0.0049925028404435206,0.10687295084371604,0.06122756498777213,0.049598536717059806,0.008163882868441233,0.03388053864351851,0.01471413097678996,4.892203860208507,0.9924494633824072,1.0,1.0,0.016078159911558032,0.27817927300930023,0.07445265189744532,ok,
759xd9YjKW5,5c8f1d2de7c44d4fb95fa752c5fdce24,5c8f1d2de7c44d4fb95fa752c5fdce24_i0_0,0,0,/home/bgao491/Matterport3D/v1/scans/759xd9YjKW5/undistorted_color_images/5c8f1d2de7c44d4fb95fa752c5fdce24_i0_0.jpg,/home/bgao491/Matterport3D/v1/scans/759xd9YjKW5/undistorted_depth_images/5c8f1d2de7c44d4fb95fa752c5fdce24_d0_0.png,1024,1280,406,504,1.4155678118069965,1245255,0.9500541687011719,-9.313599586486816,0.45666301250457764,1.5784900188446045,True,204624,1.0,True,,1.0,204624,1.0759910345077515,0.07324212946301269,1.0702428313345633,0.005356561564868911,log-depth Laplacian fallback,,,,0.08429914458144248,0.024798856688220284,0.31467243387062127,0.14917307635902485,0.11771773736822873,-0.08781315173802041,0.09014957259544228,0.039151461924137175,7.839844432723571,0.9692801875920997,0.9948010648421408,0.9957711472750561,0.04874067030862865,0.015723516271803392,0.27959730740954547,0.09533822813168885,0.07974102312278343,-0.014571022131360287,0.050254055259132756,0.021825058892302455,7.839844438964137,0.9938149214417931,0.9943690248182099,0.9959847581419067,0.04874067030862865,0.015723516271803392,0.27959730740954547,0.09533822813168885,0.07974102312278343,-0.014571022131360287,0.050254055259132756,0.021825058892302455,7.839844438964137,0.9938149214417931,0.9943690248182099,0.9959847581419067,0.036117540461275424,0.012846127722450692,0.27148636289877953,0.07869069968262013,0.0637839737487107,-0.0015223516472292556,0.0366397591435719,0.015912445214317485,6.37658039441078,0.9938446342315429,0.9946420612645602,0.9968825662213764,0.04829323723829688,0.015782883653550985,0.28024435081457294,0.09302266486715362,0.08089142587698264,-0.01992753666108295,0.05006634462639444,0.02174353720030963,7.839844426410878,0.9938173305869079,0.9944308595428245,0.9958145118871236,0.010438078083097935,0.2712176889181137,0.07638323097489774,ok,
759xd9YjKW5,5c8f1d2de7c44d4fb95fa752c5fdce24,5c8f1d2de7c44d4fb95fa752c5fdce24_i0_1,0,1,/home/bgao491/Matterport3D/v1/scans/759xd9YjKW5/undistorted_color_images/5c8f1d2de7c44d4fb95fa752c5fdce24_i0_1.jpg,/home/bgao491/Matterport3D/v1/scans/759xd9YjKW5/undistorted_depth_images/5c8f1d2de7c44d4fb95fa752c5fdce24_d0_1.png,1024,1280,406,504,1.4155678118069965,1242347,0.9478355407714844,-9.32802963256836,0.4585210084915161,1.5785200595855713,True,204624,1.0,True,,1.0,204624,1.0462015867233276,0.04516606860714021,1.0740991437144705,0.026316235802294245,log-depth Laplacian fallback,,,,0.08031699506057006,0.037361593538598054,0.42947763657346827,0.18210951656802812,0.12168538065623354,-0.0655330612822212,0.08622043116728347,0.037445057483270365,10.253170116814164,0.9673561412391224,0.9781099805448881,0.9990501848517362,0.06725024148794292,0.033184898333932046,0.4103556922630261,0.1716184203595039,0.10453499015091808,-0.02036699269818745,0.06988284952356963,0.03034973592776159,10.25317013137133,0.9674068517089026,0.9867911300144001,0.9999026037008983,0.06725024148794292,0.033184898333932046,0.4103556922630261,0.1716184203595039,0.10453499015091808,-0.02036699269818745,0.06988284952356963,0.03034973592776159,10.25317013137133,0.9674068517089026,0.9867911300144001,0.9999026037008983,0.04609942194032348,0.028120973496378692,0.3972195392158249,0.13159046208602856,0.09285497822623848,-0.006745915263173884,0.048847454002399295,0.021214179728264924,9.260960861950178,0.967472855812426,0.9855137091327946,0.9995428008438866,0.06639176478842393,0.034340472472271115,0.4084387011715198,0.1792652694267723,0.1027041560958895,0.005949279797781845,0.06727685214740163,0.02921796564743747,10.253170119166336,0.9671959605488644,0.988436403033935,0.9999726324448805,0.010362294968217611,0.27612209413200617,0.07457338203676045,ok,
759xd9YjKW5,5c8f1d2de7c44d4fb95fa752c5fdce24,5c8f1d2de7c44d4fb95fa752c5fdce24_i0_2,0,2,/home/bgao491/Matterport3D/v1/scans/759xd9YjKW5/undistorted_color_images/5c8f1d2de7c44d4fb95fa752c5fdce24_i0_2.jpg,/home/bgao491/Matterport3D/v1/scans/759xd9YjKW5/undistorted_depth_images/5c8f1d2de7c44d4fb95fa752c5fdce24_d0_2.png,1024,1280,406,504,1.4155678118069965,1242667,0.9480796813964844,-9.333640098571777,0.4719470143318176,1.578660011291504,True,204624,1.0,True,,1.0,204624,1.0127143859863281,0.012634236830723065,1.0550654866083475,0.04096860078542916,log-depth Laplacian fallback,,,,0.05353397184552163,0.006717092513459561,0.11599160030155857,0.0998397940775261,0.06290592124213547,-0.05404392076659398,0.05542080997124756,0.02406895195312153,3.219331538527622,1.0,1.0,1.0,0.043002349174498224,0.004687503840019424,0.0966175809625015,0.07976934159065083,0.05245161079036355,-0.04140968389186123,0.04428051105541897,0.019230781607224405,3.219331536949728,1.0,1.0,1.0,0.043002349174498224,0.004687503840019424,0.0966175809625015,0.07976934159065083,0.05245161079036355,-0.04140968389186123,0.04428051105541897,0.019230781607224405,3.219331536949728,1.0,1.0,1.0,0.02214882711250278,0.002315193801644859,0.07041378224958848,0.04456059072447028,0.03490177409265099,-0.01898754802015071,0.022695469812109705,0.009856517303601075,2.928492538827638,1.0,1.0,1.0,0.0259132536675678,0.0019129652031252622,0.060935411935808904,0.04840851029756829,0.03219633654946582,-0.00044105844937227304,0.02589983367449179,0.011248154847043806,3.219331537214994,1.0,1.0,1.0,0.010270495200529695,0.27282398217357695,0.07105460111051798,ok,
759xd9YjKW5,5c8f1d2de7c44d4fb95fa752c5fdce24,5c8f1d2de7c44d4fb95fa752c5fdce24_i0_3,0,3,/home/bgao491/Matterport3D/v1/scans/759xd9YjKW5/undistorted_color_images/5c8f1d2de7c44d4fb95fa752c5fdce24_i0_3.jpg,/home/bgao491/Matterport3D/v1/scans/759xd9YjKW5/undistorted_depth_images/5c8f1d2de7c44d4fb95fa752c5fdce24_d0_3.png,1024,1280,406,504,1.4155678118069965,1213904,0.92613525390625,-9.324810028076172,0.4835149943828583,1.5787700414657593,True,190058,0.9288157791852373,True,,1.0,190058,0.8833591341972351,-0.1240234405713677,0.8748014067784038,0.009734941495133417,log-depth Laplacian fallback,,,,0.16479667015302804,0.09487074733594117,0.48210254186456464,0.36155238696589986,0.18068536084948533,0.11744988147805639,0.14859882330533317,0.06453564897882257,13.730522556006102,0.7311113564169819,0.9995979912744336,0.9999019691837245,0.11801091813243955,0.04326972207316618,0.3707515061435512,0.25789845860726296,0.1374624918426521,-0.006573558982128613,0.11871052440014494,0.051555325690824286,13.730522563216475,0.9416774308347283,0.9983178241442486,0.9999431586023277,0.11801091813243955,0.04326972207316618,0.3707515061435512,0.25789845860726296,0.1374624918426521,-0.006573558982128613,0.11871052440014494,0.051555325690824286,13.730522563216475,0.9416774308347283,0.9983178241442486,0.9999431586023277,0.06387879836976755,0.02226637934659173,0.30560620529985366,0.15999244927434322,0.08711318332286465,-0.007543071685996621,0.06434687561565093,0.027945493007592113,8.67859941360525,0.9842541090563999,0.9985583703488908,0.9999555154279086,0.11673316705412054,0.04240254975537832,0.37124058072450505,0.25421856270653526,0.13827036016132385,-0.01630851142035739,0.11857515159690812,0.05149653402937876,13.730522551743721,0.9369274670814166,0.9982008461954158,0.999947277544188,0.017394675873219967,0.2708178018219769,0.07237832085229456,ok,
759xd9YjKW5,5c8f1d2de7c44d4fb95fa752c5fdce24,5c8f1d2de7c44d4fb95fa752c5fdce24_i0_4,0,4,/home/bgao491/Matterport3D/v1/scans/759xd9YjKW5/undistorted_color_images/5c8f1d2de7c44d4fb95fa752c5fdce24_i0_4.jpg,/home/bgao491/Matterport3D/v1/scans/759xd9YjKW5/undistorted_depth_images/5c8f1d2de7c44d4fb95fa752c5fdce24_d0_4.png,1024,1280,406,504,1.4155678118069965,1212712,0.925225830078125,-9.310379981994629,0.4816559851169586,1.5787400007247925,True,197118,0.9633180858550316,True,,1.0,197118,1.1270785331726074,0.1196289160128353,1.1446235238674725,0.015446866811013302,log-depth Laplacian fallback,,,,0.1330288794783269,0.03916807983816647,0.3171645888275704,0.2450887042959056,0.15989272516384087,-0.14374069139880247,0.14485164799230982,0.06290827141765237,7.003068753420734,0.8615334885776672,0.9955364505340097,1.0,0.054900456022118446,0.010928719259748752,0.19042961983990797,0.10220501593200164,0.07406534222136185,-0.02411177540770555,0.0564183749523745,0.02450218891976487,7.003068759519509,0.9906383378741201,0.9997419007975513,0.9999967016076364,0.054900456022118446,0.010928719259748752,0.19042961983990797,0.10220501593200164,0.07406534222136185,-0.02411177540770555,0.0564183749523745,0.02450218891976487,7.003068759519509,0.9906383378741201,0.9997419007975513,0.9999967016076364,0.030133637787530445,0.007465282522990664,0.1842134423909647,0.06657183563262034,0.05009609991872583,-0.008243138421000704,0.03058757522561879,0.013284015135286854,4.941325627844399,0.9903959060353984,0.9997303564242788,1.0,0.05453156313478945,0.010719988930250168,0.18799570343375285,0.10452891053070155,0.07056470741824597,-0.008664913693757962,0.055207285706551416,0.023976219543211556,7.0030687585532,0.9907537816068448,0.9996074913087362,0.9999967016076364,0.011207335162907839,0.27262807986699045,0.07491511409170926,ok,
759xd9YjKW5,5c8f1d2de7c44d4fb95fa752c5fdce24,5c8f1d2de7c44d4fb95fa752c5fdce24_i0_5,0,5,/home/bgao491/Matterport3D/v1/scans/759xd9YjKW5/undistorted_color_images/5c8f1d2de7c44d4fb95fa752c5fdce24_i0_5.jpg,/home/bgao491/Matterport3D/v1/scans/759xd9YjKW5/undistorted_depth_images/5c8f1d2de7c44d4fb95fa752c5fdce24_d0_5.png,1024,1280,406,504,1.4155678118069965,1246921,0.9513252258300782,-9.304780006408691,0.4682289958000183,1.5786000490188599,True,204624,1.0,True,,1.0,204624,1.282772183418274,0.24902350433162304,1.347836901472821,0.0494775078655674,log-depth Laplacian fallback,,,,0.2650046700105714,0.13550722216555408,0.530956042942044,0.48573450337960355,0.31433312254049794,-0.3093224428519571,0.30940460640449924,0.13437271323692157,5.590114734204859,0.014287192211856245,0.985062405717764,1.0,0.061124881158324346,0.013943890303604118,0.18960308435934584,0.12353011301944718,0.08222469365116925,-0.06029893842642972,0.06413912821994175,0.027855269460005848,5.590114731089398,0.9909288559579957,1.0,1.0,0.061124881158324346,0.013943890303604118,0.18960308435934584,0.12353011301944718,0.08222469365116925,-0.06029893842642972,0.06413912821994175,0.027855269460005848,5.590114731089398,0.9909288559579957,1.0,1.0,0.04147976383075347,0.012790576946008388,0.19011433418079762,0.09711954365790798,0.07391715371559983,-0.039022397626217106,0.04382515745417549,0.019033024050889587,6.277736930548317,0.9887835716937962,1.0,1.0,0.037685055004262606,0.007601334212416367,0.14180193388883797,0.08166959776894177,0.05693893598930504,-0.010821467297880805,0.03844454573282047,0.01669625407104114,5.5901147368502855,0.9971674227958307,1.0,1.0,0.015621332917362452,0.2742589400149882,0.07128516212105751,ok,
759xd9YjKW5,5c8f1d2de7c44d4fb95fa752c5fdce24,5c8f1d2de7c44d4fb95fa752c5fdce24_i1_0,1,0,/home/bgao491/Matterport3D/v1/scans/759xd9YjKW5/undistorted_color_images/5c8f1d2de7c44d4fb95fa752c5fdce24_i1_0.jpg,/home/bgao491/Matterport3D/v1/scans/759xd9YjKW5/undistorted_depth_images/5c8f1d2de7c44d4fb95fa752c5fdce24_d1_0.png,1024,1280,406,504,1.4121168655554452,1222192,0.93245849609375,-9.317830085754395,0.46651899814605713,1.6118500232696533,True,204624,1.0,True,,1.0,204624,1.0538922548294067,0.052490219874298964,1.0386970720613182,0.01452310747586033,log-depth Laplacian fallback,,,,0.11530838636054043,0.36160867965676763,1.5424694519812794,0.5881860110290019,0.3572342592135404,-0.1269219732609854,0.1502680083217983,0.06526056682074892,33.39268312959962,0.8739396101430872,0.9052882034901226,0.9165671187505727,0.10583760005787694,0.3511013581293718,1.5001045840366116,0.5489309227493543,0.34212163731888207,-0.07443175344334,0.13527023228162427,0.058747115445680516,33.392683150819515,0.8752430060088758,0.9056694856454632,0.9176111445664838,0.10583760005787694,0.3511013581293718,1.5001045840366116,0.5489309227493543,0.34212163731888207,-0.07443175344334,0.13527023228162427,0.058747115445680516,33.392683150819515,0.8752430060088758,0.9056694856454632,0.9176111445664838,0.10521288985322004,0.34018121746851115,1.475082335189487,0.5431975032914519,0.3312857723231204,-0.06646342852445733,0.13257257178602694,0.05757553637839423,32.45502666960862,0.8758664759710422,0.9056596672208622,0.9173133190202521,0.10241304273003816,0.35282281364993284,1.5110219080831533,0.5469802649241591,0.3455721156532482,-0.0889548112908917,0.13335342493286076,0.0579146565912409,33.39268313047992,0.8746825376045663,0.9054902993964942,0.917180770288138,0.011106621008366346,0.2671626650262624,0.07446953095495701,ok,
759xd9YjKW5,5c8f1d2de7c44d4fb95fa752c5fdce24,5c8f1d2de7c44d4fb95fa752c5fdce24_i1_1,1,1,/home/bgao491/Matterport3D/v1/scans/759xd9YjKW5/undistorted_color_images/5c8f1d2de7c44d4fb95fa752c5fdce24_i1_1.jpg,/home/bgao491/Matterport3D/v1/scans/759xd9YjKW5/undistorted_depth_images/5c8f1d2de7c44d4fb95fa752c5fdce24_d1_1.png,1024,1280,406,504,1.4121168655554452,1177918,0.8986801147460938,-9.321310043334961,0.46696600317955017,1.6118500232696533,True,204624,1.0,True,,1.0,204624,1.0209687948226929,0.02075197536844018,0.9966122010080345,0.024145525945226815,log-depth Laplacian fallback,,,,0.04347463835484662,0.044308290691966,0.4611327429806939,0.2206836835336077,0.08787539172819031,-0.006919842802124167,0.04194955091285907,0.018218458479774217,8.760251278917055,0.978524820912831,0.9936948072786052,0.9975864194281775,0.05345558639221365,0.04455222499641185,0.4433221927655371,0.23803541907129727,0.08868781289038834,0.01383213251479136,0.050936692600097803,0.022121524522624683,8.760251289417322,0.9787795075718344,0.9920334013063727,0.997397951300515,0.05345558639221365,0.04455222499641185,0.4433221927655371,0.23803541907129727,0.08868781289038834,0.01383213251479136,0.050936692600097803,0.022121524522624683,8.760251289417322,0.9787795075718344,0.9920334013063727,0.997397951300515,0.06134241441341201,0.047984525504703224,0.4866137079599857,0.28161850871958494,0.0941393481413971,0.004982172548415045,0.059948772022428425,0.0260354208862167,9.400741899012537,0.9770399976908409,0.9943637842362542,0.9977961114440903,0.04303673432856524,0.04459756238361374,0.46569260034267834,0.22171154319424827,0.0882075197140395,-0.010313403225577916,0.04165827164972756,0.018091957503103356,8.760251279506376,0.978156374212806,0.9939376085601884,0.997619528693848,0.010553387925028801,0.27020146092399955,0.07417646003887057,ok,
759xd9YjKW5,5c8f1d2de7c44d4fb95fa752c5fdce24,5c8f1d2de7c44d4fb95fa752c5fdce24_i1_2,1,2,/home/bgao491/Matterport3D/v1/scans/759xd9YjKW5/undistorted_color_images/5c8f1d2de7c44d4fb95fa752c5fdce24_i1_2.jpg,/home/bgao491/Matterport3D/v1/scans/759xd9YjKW5/undistorted_depth_images/5c8f1d2de7c44d4fb95fa752c5fdce24_d1_2.png,1024,1280,406,504,1.4121168655554452,1041978,0.7949661254882813,-9.322649955749512,0.470196008682251,1.6118899583816528,True,204624,1.0,True,,1.0,204624,1.0600855350494385,0.058349598311301536,1.103866186920118,0.04046913469748634,log-depth Laplacian fallback,,,,0.09327103780322489,0.02345177804104865,0.2500250895418102,0.24624668146500048,0.09894523114082936,-0.09796766334395007,0.09800223371278625,0.042561829315655886,1.3874282123360735,0.9993186036557393,1.0,1.0,0.03889185827863457,0.004488463603241026,0.11002905644937447,0.10329274553423579,0.04197721737292765,-0.03961806504672001,0.03975230314504326,0.017264205898837565,1.3874281975218796,0.9993186036557393,1.0,1.0,0.03889185827863457,0.004488463603241026,0.11002905644937447,0.10329274553423579,0.04197721737292765,-0.03961806504672001,0.03975230314504326,0.017264205898837565,1.3874281975218796,0.9993186036557393,1.0,1.0,0.028477318918290355,0.002845451973249018,0.08739016791054884,0.07532065816878185,0.03356712005058021,-0.028573304809361346,0.02902574900103644,0.012605722624258941,1.7615839485003029,0.9993186036557393,1.0,1.0,0.00976750838566933,0.0004956211801632919,0.036764486912111566,0.025325190572170878,0.013900362427499764,0.0008510992433588457,0.009760553815157958,0.004238954662242833,1.3874282168595287,0.9993186036557393,1.0,1.0,0.011419025948271155,0.266708416165784,0.07358719408512115,ok,
759xd9YjKW5,5c8f1d2de7c44d4fb95fa752c5fdce24,5c8f1d2de7c44d4fb95fa752c5fdce24_i1_3,1,3,/home/bgao491/Matterport3D/v1/scans/759xd9YjKW5/undistorted_color_images/5c8f1d2de7c44d4fb95fa752c5fdce24_i1_3.jpg,/home/bgao491/Matterport3D/v1/scans/759xd9YjKW5/undistorted_depth_images/5c8f1d2de7c44d4fb95fa752c5fdce24_d1_3.png,1024,1280,406,504,1.4121168655554452,1277970,0.9750137329101562,-9.32052993774414,0.47297799587249756,1.6119099855422974,True,190380,0.9303893971381656,True,,1.0,190380,0.9537408947944641,-0.04736324317141125,0.942232313864759,0.012140173948679597,log-depth Laplacian fallback,,,,0.07466928090919743,0.030571564796883114,0.33170876031612107,0.23513458571197127,0.09252861718962387,0.02198210902239729,0.07305854469980742,0.03172892281900845,8.98795409531635,0.9778609826521749,0.9954552923777553,0.9993646173227854,0.061719486465128995,0.03308149196091577,0.3753326586432567,0.23154892390963291,0.09339450660990171,-0.02538113411687207,0.06330733870149609,0.02749402786203992,8.987954103047215,0.9792522516178,0.9964647057442663,0.9994240866374015,0.061719486465128995,0.03308149196091577,0.3753326586432567,0.23154892390963291,0.09339450660990171,-0.02538113411687207,0.06330733870149609,0.02749402786203992,8.987954103047215,0.9792522516178,0.9964647057442663,0.9994240866374015,0.05535444187935131,0.02890627257253105,0.3494565977444562,0.20978055596281664,0.08673324670851154,-0.025219553424871734,0.05667912465030402,0.02461543107473362,8.298572292659484,0.9813657597596188,0.9974702066558683,0.9994201741824925,0.06011255883832749,0.03589004912963099,0.39511892313250485,0.23607967451017853,0.09739702608458167,-0.0375213113704758,0.06243848429313846,0.02711668918691289,8.987954095988968,0.9779149745299185,0.996672065854441,0.9994350415111466,0.019047323847189546,0.27803349308669567,0.07115894090384245,ok,
759xd9YjKW5,5c8f1d2de7c44d4fb95fa752c5fdce24,5c8f1d2de7c44d4fb95fa752c5fdce24_i1_4,1,4,/home/bgao491/Matterport3D/v1/scans/759xd9YjKW5/undistorted_color_images/5c8f1d2de7c44d4fb95fa752c5fdce24_i1_4.jpg,/home/bgao491/Matterport3D/v1/scans/759xd9YjKW5/undistorted_depth_images/5c8f1d2de7c44d4fb95fa752c5fdce24_d1_4.png,1024,1280,406,504,1.4121168655554452,1262032,0.96285400390625,-9.317060470581055,0.4725309908390045,1.6119099855422974,True,197522,0.9652924388146064,True,,1.0,197522,1.029478907585144,0.029052759257509126,1.0400916734026309,0.010256097513539033,log-depth Laplacian fallback,,,,0.04910692481178735,0.0212308714480736,0.2712131613917457,0.16497300484055932,0.07246837979359044,-0.03353748136920273,0.04882647363703189,0.021205068071357556,6.424097923692049,0.9813744817881005,0.9943139318178937,0.9997749660864383,0.03094912549789081,0.018727044171004455,0.2506866665701253,0.10175891797841544,0.06439733016160776,-0.004484722165789196,0.029540345266570237,0.012829208942788307,6.424097912577918,0.9813301089037362,0.9937299529647425,0.999751194898386,0.03094912549789081,0.018727044171004455,0.2506866665701253,0.10175891797841544,0.06439733016160776,-0.004484722165789196,0.029540345266570237,0.012829208942788307,6.424097912577918,0.9813301089037362,0.9937299529647425,0.999751194898386,0.0306535145382867,0.017499310740113086,0.24387822362976086,0.10078218146380853,0.06348951228262474,0.0027275307989840973,0.029269503215235786,0.012711583734426388,6.343089740517749,0.982181117436008,0.9940722580726955,0.9997551567630615,0.029572054446452355,0.01920253860865302,0.25282657478112835,0.09841315833125808,0.06449970347380957,0.005771337304233376,0.02785583033704946,0.012097633404213782,6.424097924168129,0.9822151894722162,0.9936039656680654,0.9997488177795809,0.01209128787741065,0.2780659361742437,0.07125080190598965,ok,
759xd9YjKW5,5c8f1d2de7c44d4fb95fa752c5fdce24,5c8f1d2de7c44d4fb95fa752c5fdce24_i1_5,1,5,/home/bgao491/Matterport3D/v1/scans/759xd9YjKW5/undistorted_color_images/5c8f1d2de7c44d4fb95fa752c5fdce24_i1_5.jpg,/home/bgao491/Matterport3D/v1/scans/759xd9YjKW5/undistorted_depth_images/5c8f1d2de7c44d4fb95fa752c5fdce24_d1_5.png,1024,1280,406,504,1.4121168655554452,1119890,0.8544082641601562,-9.315710067749023,0.4693009853363037,1.6118700504302979,True,204624,1.0,True,,1.0,204624,1.0485029220581055,0.047363358249712405,1.0641152457164509,0.014780340447522022,log-depth Laplacian fallback,,,,0.06865128977206476,0.024852593744782114,0.2761549897273731,0.21385909342108175,0.08725353708044588,-0.028608866587408802,0.06810637697570598,0.02957822370297177,8.243004601255896,0.981053496325532,0.9976060148764611,0.9995954959862129,0.05442416435823824,0.02570891471479858,0.2896702696000082,0.17799596157352782,0.08453663977896331,0.018754491690461023,0.050987571233521996,0.022143620832367605,8.243004613944256,0.9778781844645457,0.9943914134423917,0.999463340149479,0.05442416435823824,0.02570891471479858,0.2896702696000082,0.17799596157352782,0.08453663977896331,0.018754491690461023,0.050987571233521996,0.022143620832367605,8.243004613944256,0.9778781844645457,0.9943914134423917,0.999463340149479,0.044771475364710114,0.023402764581000723,0.25413937093533273,0.13130486216256548,0.08472084460006651,0.019813782798351037,0.04117289328977974,0.01788116035974275,8.237132705601136,0.9763557135075767,0.9949066426166856,0.9995401334059595,0.05267355748569376,0.029537384945693086,0.32075927758796613,0.1791744167503536,0.08899044887130685,0.03353486990300987,0.048449699527083924,0.021041437154483138,8.243004604453938,0.975812803043156,0.9910250113850467,0.9994052987346972,0.011028565000742674,0.2788102130871266,0.07145188702270389,ok,
759xd9YjKW5,5c8f1d2de7c44d4fb95fa752c5fdce24,5c8f1d2de7c44d4fb95fa752c5fdce24_i2_0,2,0,/home/bgao491/Matterport3D/v1/scans/759xd9YjKW5/undistorted_color_images/5c8f1d2de7c44d4fb95fa752c5fdce24_i2_0.jpg,/home/bgao491/Matterport3D/v1/scans/759xd9YjKW5/undistorted_depth_images/5c8f1d2de7c44d4fb95fa752c5fdce24_d2_0.png,1024,1280,406,504,1.4165615917841592,1247422,0.9517074584960937,-9.313549995422363,0.4559830129146576,1.6449899673461914,True,204624,1.0,True,,1.0,204624,1.011725902557373,0.011657686904203145,1.014491258685836,0.002729576965706122,log-depth Laplacian fallback,,,,0.03122927636585634,0.008236384382611222,0.1336370244363379,0.0670196691984346,0.05200056943119771,-0.006437659002598678,0.03039368817693303,0.013199811059930124,5.160054038220021,0.9927201861118371,0.9967300560676339,0.9991510491237128,0.029348581094896988,0.008687842824603541,0.13925191248560684,0.06580235375237954,0.0518639033237049,0.005220027978903469,0.028162869042081932,0.012230978619540108,5.1600540461026885,0.9906118378543909,0.9966659238012477,0.9990420242708562,0.029348581094896988,0.008687842824603541,0.13925191248560684,0.06580235375237954,0.0518639033237049,0.005220027978903469,0.028162869042081932,0.012230978619540108,5.1600540461026885,0.9906118378543909,0.9966659238012477,0.9990420242708562,0.029760645096916307,0.0087715041603111,0.14052796906516923,0.06760663510980879,0.052054964889830156,0.009644380875590827,0.028504298690663232,0.012379259631877129,5.115374167358619,0.9903480939088777,0.9966739403345459,0.9990692804840704,0.029345749147725617,0.00888171298722795,0.14124784347043418,0.06651931766082501,0.05220930059853916,0.007949547455205326,0.028079969585395916,0.012194975842948588,5.160054034839229,0.9903192343890039,0.99665550230796,0.9990147680576421,0.010524587007239461,0.2825954998843372,0.07441794383339584,ok,
759xd9YjKW5,5c8f1d2de7c44d4fb95fa752c5fdce24,5c8f1d2de7c44d4fb95fa752c5fdce24_i2_1,2,1,/home/bgao491/Matterport3D/v1/scans/759xd9YjKW5/undistorted_color_images/5c8f1d2de7c44d4fb95fa752c5fdce24_i2_1.jpg,/home/bgao491/Matterport3D/v1/scans/759xd9YjKW5/undistorted_depth_images/5c8f1d2de7c44d4fb95fa752c5fdce24_d2_1.png,1024,1280,406,504,1.4165615917841592,1243161,0.9484565734863282,-9.327980041503906,0.45784100890159607,1.6450200080871582,True,204624,1.0,True,,1.0,204624,1.0477352142333984,0.04663089580115852,1.0436908651569035,0.0038675563603483773,log-depth Laplacian fallback,,,,0.047582121634650955,0.007387421848072307,0.13233345791590878,0.10580869260098211,0.059117693289338885,-0.043680186391770195,0.0489021969067681,0.021237954269555662,3.983645286207794,0.9971733347490792,0.9999798899740259,1.0,0.02952255439952916,0.005206022245376783,0.1280035013122661,0.07828481332683912,0.03994558372342497,0.0029507094407224487,0.029196945760638984,0.012680072432274052,3.9836452813994185,0.9957921781651773,0.9997136332301286,1.0,0.02952255439952916,0.005206022245376783,0.1280035013122661,0.07828481332683912,0.03994558372342497,0.0029507094407224487,0.029196945760638984,0.012680072432274052,3.9836452813994185,0.9957921781651773,0.9997136332301286,1.0,0.02967401577414668,0.005418600154788364,0.13242918501925127,0.08246621882780644,0.03971283100207685,0.011379786684128935,0.029160685744916016,0.012664324907531844,3.8047462480738945,0.9959168603262168,0.9998101613548044,1.0,0.029243349299686215,0.004973948645483303,0.12383620795686918,0.07558514679783457,0.03984700097857001,-0.0009167945405421597,0.029031281958448587,0.012608125557131646,3.9836452838532086,0.995957884779204,0.9997377652612977,1.0,0.011420449009165168,0.2721804559696466,0.07542942510917783,ok,
759xd9YjKW5,5c8f1d2de7c44d4fb95fa752c5fdce24,5c8f1d2de7c44d4fb95fa752c5fdce24_i2_2,2,2,/home/bgao491/Matterport3D/v1/scans/759xd9YjKW5/undistorted_color_images/5c8f1d2de7c44d4fb95fa752c5fdce24_i2_2.jpg,/home/bgao491/Matterport3D/v1/scans/759xd9YjKW5/undistorted_depth_images/5c8f1d2de7c44d4fb95fa752c5fdce24_d2_2.png,1024,1280,406,504,1.4165615917841592,1164912,0.88875732421875,-9.333589553833008,0.4712670147418976,1.6451599597930908,True,204624,1.0,True,,1.0,204624,1.0533778667449951,0.05200201659237323,1.106292399487932,0.04901222723388923,log-depth Laplacian fallback,,,,0.0899994370681169,0.018838775153593442,0.2022089928465428,0.19791088468036788,0.10013182850765749,-0.09482777254990299,0.09482777254990299,0.041183178349599496,3.215706195395957,0.9994239908250581,1.0,1.0,0.0431915272837503,0.005283705225993519,0.10343950099439518,0.0890081360588641,0.05355485047738419,-0.04282575596910948,0.044584750253920884,0.019362911012312425,3.2157061982234345,0.9994239908250581,1.0,1.0,0.0431915272837503,0.005283705225993519,0.10343950099439518,0.0890081360588641,0.05355485047738419,-0.04282575596910948,0.044584750253920884,0.019362911012312425,3.2157061982234345,0.9994239908250581,1.0,1.0,0.039292437621029346,0.0042599315153509475,0.092686893711996,0.0814476270616314,0.04814544410042188,-0.03366080618790385,0.040373898176447445,0.017534161190954887,3.442286906123925,0.9994291414287088,1.0,1.0,0.02825706571822004,0.002825686641309867,0.08679962853624826,0.06911784371907263,0.03274673569274786,0.0061864419079521215,0.02802567297148739,0.01217139512314208,3.215706197789562,1.0,1.0,1.0,0.011543020838871598,0.27312975097447634,0.0746592478826642,ok,
759xd9YjKW5,5c8f1d2de7c44d4fb95fa752c5fdce24,5c8f1d2de7c44d4fb95fa752c5fdce24_i2_3,2,3,/home/bgao491/Matterport3D/v1/scans/759xd9YjKW5/undistorted_color_images/5c8f1d2de7c44d4fb95fa752c5fdce24_i2_3.jpg,/home/bgao491/Matterport3D/v1/scans/759xd9YjKW5/undistorted_depth_images/5c8f1d2de7c44d4fb95fa752c5fdce24_d2_3.png,1024,1280,406,504,1.4165615917841592,1259994,0.9612991333007812,-9.324760437011719,0.48283499479293823,1.6452699899673462,True,204624,1.0,True,,1.0,204624,1.049014925956726,0.04785155806100306,1.0942719354378823,0.04223768492050823,log-depth Laplacian fallback,,,,0.08502852593247491,0.019839937366290836,0.213115937220932,0.19115971243365965,0.09873682194541658,-0.08425917383104434,0.08894472398456707,0.0386282028209053,5.147185282453653,0.9957682338169864,0.9985484057860593,1.0,0.04903217228265738,0.008944323621025853,0.13909891414811504,0.10783800507996884,0.06304653928032425,-0.0364076157785541,0.04979170939469708,0.021624264634647245,5.14718527794235,0.995071405101929,0.9980301493499175,0.9999793649811031,0.04903217228265738,0.008944323621025853,0.13909891414811504,0.10783800507996884,0.06304653928032425,-0.0364076157785541,0.04979170939469708,0.021624264634647245,5.14718527794235,0.995071405101929,0.9980301493499175,0.9999793649811031,0.04205812755380318,0.007292352502219405,0.12498277856126697,0.09176744805989696,0.05646092743581348,-0.030405530488348164,0.042494815887185004,0.018455264049299088,4.757457348872742,0.9950706114473561,0.9980960226794731,1.0,0.035264415771577996,0.007392072559207389,0.1272335697372768,0.07903963967971597,0.05180097437720628,0.005830035152554634,0.034333068005771655,0.014910661981715714,5.147185285714863,0.9940237810656242,0.997659512664346,0.9998746025774726,0.01152779906988144,0.27486113901250064,0.07463068189099431,ok,
759xd9YjKW5,5c8f1d2de7c44d4fb95fa752c5fdce24,5c8f1d2de7c44d4fb95fa752c5fdce24_i2_4,2,4,/home/bgao491/Matterport3D/v1/scans/759xd9YjKW5/undistorted_color_images/5c8f1d2de7c44d4fb95fa752c5fdce24_i2_4.jpg,/home/bgao491/Matterport3D/v1/scans/759xd9YjKW5/undistorted_depth_images/5c8f1d2de7c44d4fb95fa752c5fdce24_d2_4.png,1024,1280,406,504,1.4165615917841592,1265770,0.9657058715820312,-9.310330390930176,0.4809759855270386,1.6452399492263794,True,204624,1.0,True,,1.0,204624,1.1509929895401,0.14062503896541936,1.2488370746464519,0.08158773903083011,log-depth Laplacian fallback,,,,0.1936494550502286,0.09289350882236315,0.48920223503039495,0.4818781696033298,0.21933258904877556,-0.21478608871007887,0.21586067483761517,0.09374709994188839,4.442657667956414,0.5059102364568603,0.9999897295717232,0.9999960498352781,0.07354970999806125,0.01542880349714061,0.19007187614604623,0.17074279394849118,0.08644988155563416,-0.07416104973713636,0.07678844180131246,0.03334879654825899,4.44265767628923,0.9979040425985763,0.9999652385504475,1.0,0.07354970999806125,0.01542880349714061,0.19007187614604623,0.17074279394849118,0.08644988155563416,-0.07416104973713636,0.07678844180131246,0.03334879654825899,4.44265767628923,0.9979040425985763,0.9999652385504475,1.0,0.07019605362387721,0.01444568374023839,0.1806843181903999,0.15912837471584843,0.085108636598122,-0.06863197344470426,0.07328352547249282,0.031826630727120046,5.033023191558531,0.9978732313137458,0.9998182924227941,1.0,0.03416749577491266,0.006873025407313833,0.14402862791533702,0.09432083922640551,0.04504305593824442,0.007426720276626291,0.033546117503950666,0.014568893721243856,4.442657666519629,0.9959534512589175,0.9988552422636023,1.0,0.010711409151554108,0.2559689620975405,0.07261534198187292,ok,
759xd9YjKW5,5c8f1d2de7c44d4fb95fa752c5fdce24,5c8f1d2de7c44d4fb95fa752c5fdce24_i2_5,2,5,/home/bgao491/Matterport3D/v1/scans/759xd9YjKW5/undistorted_color_images/5c8f1d2de7c44d4fb95fa752c5fdce24_i2_5.jpg,/home/bgao491/Matterport3D/v1/scans/759xd9YjKW5/undistorted_depth_images/5c8f1d2de7c44d4fb95fa752c5fdce24_d2_5.png,1024,1280,406,504,1.4165615917841592,1267628,0.9671234130859375,-9.304730415344238,0.46755000948905945,1.6450999975204468,True,204624,1.0,True,,1.0,204624,1.074416160583496,0.07177740760994888,1.136127241119178,0.05584791444402548,log-depth Laplacian fallback,,,,0.12178983377392984,0.03731641228783467,0.3153474997841224,0.3071367881675073,0.13120941027811628,-0.12782384205026798,0.1297633248813106,0.05635549594937212,2.9613759454672204,0.9976728188395965,1.0,1.0,0.05725371047628338,0.009126814846025597,0.14998090747796927,0.13930000474089244,0.06338909652730246,-0.056046434436517606,0.05877494028312346,0.02552563223915366,2.9613759394929953,0.9971127176111604,0.9999258457528549,1.0,0.05725371047628338,0.009126814846025597,0.14998090747796927,0.13930000474089244,0.06338909652730246,-0.056046434436517606,0.05877494028312346,0.02552563223915366,2.9613759394929953,0.9971127176111604,0.9999258457528549,1.0,0.046635469054436364,0.007196258228704408,0.13299342854872476,0.11146760372032681,0.05570809343018088,-0.042747512557291645,0.047623559008534176,0.02068264888600029,3.572172789479751,0.9969762422414147,0.9999092793784927,1.0,0.014832176930231622,0.0027482415553635657,0.08267970793142622,0.037177972417760274,0.029614424929287158,-0.00019852669247106907,0.014522630985320605,0.006307098499641925,2.96137594885344,0.996495817384911,0.9991148822840771,1.0,0.010440728161484003,0.27671894198283553,0.07172595802694559,ok,
759xd9YjKW5,606a5b4d7ee048d4b15fb07fc7a07fc6,606a5b4d7ee048d4b15fb07fc7a07fc6_i0_0,0,0,/home/bgao491/Matterport3D/v1/scans/759xd9YjKW5/undistorted_color_images/606a5b4d7ee048d4b15fb07fc7a07fc6_i0_0.jpg,/home/bgao491/Matterport3D/v1/scans/759xd9YjKW5/undistorted_depth_images/606a5b4d7ee048d4b15fb07fc7a07fc6_d0_0.png,1024,1280,406,504,1.4155678118069965,1245006,0.9498641967773438,-2.498660087585449,2.1643800735473633,1.5870800018310547,True,204624,1.0,True,,1.0,204624,1.0273447036743164,0.026977515989121025,1.069216459809876,0.03994858368480948,log-depth Laplacian fallback,,,,0.06671805370553033,0.009632574038807885,0.14156376986227226,0.12632117141549992,0.07750393138524644,-0.06899244793713469,0.0696120897915052,0.030232146470204408,3.531149257410042,1.0,1.0,1.0,0.043774783952961666,0.00470810894266574,0.09704890397924712,0.0799245321744015,0.05488311224999461,-0.04201493191252837,0.04518712809170349,0.019624520383282242,3.531149255739715,1.0,1.0,1.0,0.043774783952961666,0.00470810894266574,0.09704890397924712,0.0799245321744015,0.05488311224999461,-0.04201493191252837,0.04518712809170349,0.019624520383282242,3.531149255739715,1.0,1.0,1.0,0.04159510072990659,0.004951908563072728,0.10806709036164565,0.08391016797430179,0.05159244489959818,-0.037405923148105015,0.04273519127541461,0.018559657753992563,3.5532763531086857,1.0,1.0,1.0,0.02844771709068141,0.002483656367152753,0.07538505696479562,0.05830200481185148,0.03537189829030687,-0.0020663202614989423,0.02852648775948467,0.01238889622202485,3.531149259429192,1.0,1.0,1.0,0.010449698893353343,0.27699059899896383,0.07446002820506692,ok,
759xd9YjKW5,606a5b4d7ee048d4b15fb07fc7a07fc6,606a5b4d7ee048d4b15fb07fc7a07fc6_i0_1,0,1,/home/bgao491/Matterport3D/v1/scans/759xd9YjKW5/undistorted_color_images/606a5b4d7ee048d4b15fb07fc7a07fc6_i0_1.jpg,/home/bgao491/Matterport3D/v1/scans/759xd9YjKW5/undistorted_depth_images/606a5b4d7ee048d4b15fb07fc7a07fc6_d0_1.png,1024,1280,406,504,1.4155678118069965,1237493,0.9441322326660156,-2.5071399211883545,2.152559995651245,1.5872700214385986,True,204624,1.0,True,,1.0,204624,1.0168641805648804,0.016723559047535128,1.076745852574807,0.057219834097554045,log-depth Laplacian fallback,,,,0.07292442247160441,0.0119748846300652,0.1453644833906468,0.12456899251813891,0.09288925602615013,-0.07209500970002178,0.07691773643537261,0.033404948494371034,5.857237797328561,0.9912589404546127,1.0,1.0,0.06227137695323448,0.009130034596006281,0.12719928106925546,0.1071697995920439,0.08060223953925397,-0.05537145072442668,0.06513731250914594,0.028288775388729752,5.857237799010438,0.9972856412117078,1.0,1.0,0.06227137695323448,0.009130034596006281,0.12719928106925546,0.1071697995920439,0.08060223953925397,-0.05537145072442668,0.06513731250914594,0.028288775388729752,5.857237799010438,0.9972856412117078,1.0,1.0,0.04762790797657194,0.005956627503702482,0.10248689559288247,0.0811662523376692,0.06484891018743749,-0.04293172269478216,0.049527084148794476,0.02150933935057945,4.860296635964373,1.0,1.0,1.0,0.04634072742711615,0.007189447610939211,0.13148027146069685,0.09622474799506214,0.05860153610339315,0.0018483975393733477,0.04625966199455391,0.02009031593894434,5.857237796277123,0.9987684778822992,1.0,1.0,0.016214388888329268,0.2761676851660013,0.07467287918552756,ok,
759xd9YjKW5,606a5b4d7ee048d4b15fb07fc7a07fc6,606a5b4d7ee048d4b15fb07fc7a07fc6_i0_2,0,2,/home/bgao491/Matterport3D/v1/scans/759xd9YjKW5/undistorted_color_images/606a5b4d7ee048d4b15fb07fc7a07fc6_i0_2.jpg,/home/bgao491/Matterport3D/v1/scans/759xd9YjKW5/undistorted_depth_images/606a5b4d7ee048d4b15fb07fc7a07fc6_d0_2.png,1024,1280,406,504,1.4155678118069965,1258142,0.9598861694335937,-2.521620035171509,2.1540000438690186,1.587630033493042,True,204624,1.0,True,,1.0,204624,1.0133944749832153,0.013305562084296564,1.0619478480664202,0.046799252247558244,log-depth Laplacian fallback,,,,0.06969843305932734,0.011028530392933103,0.1310525675150751,0.11333671328743915,0.0921051085741725,-0.07118883479644478,0.07370313020854101,0.03200886274856623,5.844228628129292,0.9848157044276401,1.0,1.0,0.06074142985379743,0.008774659416552042,0.11654250945259118,0.0983863234426061,0.08225554144794762,-0.057883272742847394,0.06388099134169825,0.02774316203820899,5.844228636417444,0.9915883898637833,1.0,1.0,0.06074142985379743,0.008774659416552042,0.11654250945259118,0.0983863234426061,0.08225554144794762,-0.057883272742847394,0.06388099134169825,0.02774316203820899,5.844228636417444,0.9915883898637833,1.0,1.0,0.041467410162339034,0.004747943595494898,0.09335261033365501,0.07333880549748373,0.05575520143180899,-0.038349740938636176,0.042931224265322046,0.01864479379978035,4.04714696624806,0.9999976155314741,1.0,1.0,0.045637089338107645,0.00586973031629702,0.1110231501283871,0.08721854701793826,0.059484089208007636,-0.011084044511618908,0.046390690492281984,0.0201472208924797,5.844228628459586,0.999987282834529,1.0,1.0,0.010636708931997418,0.2703538411296904,0.07440750813111663,ok,
759xd9YjKW5,606a5b4d7ee048d4b15fb07fc7a07fc6,606a5b4d7ee048d4b15fb07fc7a07fc6_i0_3,0,3,/home/bgao491/Matterport3D/v1/scans/759xd9YjKW5/undistorted_color_images/606a5b4d7ee048d4b15fb07fc7a07fc6_i0_3.jpg,/home/bgao491/Matterport3D/v1/scans/759xd9YjKW5/undistorted_depth_images/606a5b4d7ee048d4b15fb07fc7a07fc6_d0_3.png,1024,1280,406,504,1.4155678118069965,1257245,0.9592018127441406,-2.5276100635528564,2.167259931564331,1.5878100395202637,True,204624,1.0,True,,1.0,204624,1.2542810440063477,0.2265625351274261,1.2410806119192357,0.010580073787159278,log-depth Laplacian fallback,,,,0.19142743822489636,0.07108602708190513,0.3841506528526635,0.3620128740365906,0.217668874778448,-0.21340258590026553,0.21340258590026553,0.09267956548037005,4.288444214858659,0.5627860918118585,1.0,1.0,0.03621205772887207,0.004566537834368626,0.10335655874526012,0.07448911021027696,0.04485821705980794,0.013159949131846758,0.035742755756221906,0.015522881592942857,4.288444212802645,1.0,1.0,1.0,0.03621205772887207,0.004566537834368626,0.10335655874526012,0.07448911021027696,0.04485821705980794,0.013159949131846758,0.035742755756221906,0.015522881592942857,4.288444212802645,1.0,1.0,1.0,0.04304811930224604,0.004858775070744936,0.10225860075656888,0.08317173740602662,0.047937777367559414,0.03424714663427566,0.042022489683944224,0.018250135385573303,3.354345608836563,1.0,1.0,1.0,0.03486724788055515,0.004011701368005872,0.09665711642679026,0.07103608365838283,0.04296197456611044,0.002579899457378638,0.03477215537206663,0.015101355201971048,4.288444213708438,1.0,1.0,1.0,0.01599402609281242,0.2810202091932297,0.07515198085457087,ok,
759xd9YjKW5,606a5b4d7ee048d4b15fb07fc7a07fc6,606a5b4d7ee048d4b15fb07fc7a07fc6_i0_4,0,4,/home/bgao491/Matterport3D/v1/scans/759xd9YjKW5/undistorted_color_images/606a5b4d7ee048d4b15fb07fc7a07fc6_i0_4.jpg,/home/bgao491/Matterport3D/v1/scans/759xd9YjKW5/undistorted_depth_images/606a5b4d7ee048d4b15fb07fc7a07fc6_d0_4.png,1024,1280,406,504,1.4155678118069965,1234932,0.9421783447265625,-2.51911997795105,2.179080009460449,1.5876200199127197,True,204624,1.0,True,,1.0,204624,1.2324256896972656,0.20898433278217649,1.2115538904283036,0.017080590096464954,log-depth Laplacian fallback,,,,0.17354202861545656,0.04971173059513731,0.28708906457389266,0.2742914968116491,0.19457142216545403,-0.1911805385536281,0.19124663480954573,0.08305735818035213,3.6166835662413965,0.8194102995144672,1.0,1.0,0.03251889737355792,0.0025475667758057133,0.06306935183074744,0.049868210018391014,0.040311476041534226,0.017803794380630896,0.03196832185877006,0.013883665778970941,3.6166835724174207,0.9990242377717964,1.0,1.0,0.03251889737355792,0.0025475667758057133,0.06306935183074744,0.049868210018391014,0.040311476041534226,0.017803794380630896,0.03196832185877006,0.013883665778970941,3.6166835724174207,0.9990242377717964,1.0,1.0,0.037457137500277154,0.002831701305159441,0.06596268922031974,0.05720282348643093,0.042237524890676253,0.03294215691090315,0.036597345091995116,0.01589402502576252,2.64352568920359,0.9992145316503257,1.0,1.0,0.02875003204669879,0.0021080601763223254,0.05963111378417009,0.04553899344384435,0.036174066338493654,0.000723237841827544,0.028712454505976277,0.012469660553843662,3.6166835671453046,0.9995683972882717,1.0,1.0,0.015088481130078435,0.2742509141098708,0.07493884488940239,ok,
759xd9YjKW5,606a5b4d7ee048d4b15fb07fc7a07fc6,606a5b4d7ee048d4b15fb07fc7a07fc6_i0_5,0,5,/home/bgao491/Matterport3D/v1/scans/759xd9YjKW5/undistorted_color_images/606a5b4d7ee048d4b15fb07fc7a07fc6_i0_5.jpg,/home/bgao491/Matterport3D/v1/scans/759xd9YjKW5/undistorted_depth_images/606a5b4d7ee048d4b15fb07fc7a07fc6_d0_5.png,1024,1280,406,504,1.4155678118069965,1236087,0.9430595397949219,-2.504650115966797,2.177639961242676,1.587249994277954,True,204624,1.0,True,,1.0,204624,1.0865503549575806,0.08300786566670855,1.0995546388400352,0.011897358372311179,log-depth Laplacian fallback,,,,0.09797245299572413,0.02361769821819992,0.19409664064991478,0.15749193939099654,0.12361111051788753,-0.0931361258477465,0.10309965298378593,0.04477561037699833,8.127341942811398,0.9636684149254866,0.9969120296548706,0.9983383046662573,0.05497084685373302,0.017427489072155678,0.1884781022035039,0.1082500989924417,0.08190207782739561,-0.010128260091058137,0.05404682143133042,0.023472236312037216,8.12734193938747,0.9941250090001755,0.9966337320916732,0.9980778052030318,0.05497084685373302,0.017427489072155678,0.1884781022035039,0.1082500989924417,0.08190207782739561,-0.010128260091058137,0.05404682143133042,0.023472236312037216,8.12734193938747,0.9941250090001755,0.9966337320916732,0.9980778052030318,0.04055557967047115,0.012700698914169101,0.16096578411297266,0.08264732062008204,0.06507596836937057,0.009737304326485655,0.03902101906625367,0.01694661325871555,6.434334902431425,0.9943466762452805,0.9967987690186856,0.9981967288710261,0.05416059911437549,0.018616131895273946,0.1996145469532277,0.1122702917079859,0.08129267172201293,0.0017691155895630608,0.052590045815551226,0.02283956670073312,8.127341942931727,0.9940934578229526,0.9965657757099622,0.9980470630303531,0.010401973966509104,0.2751578150782734,0.0744402720592916,ok,
759xd9YjKW5,606a5b4d7ee048d4b15fb07fc7a07fc6,606a5b4d7ee048d4b15fb07fc7a07fc6_i1_0,1,0,/home/bgao491/Matterport3D/v1/scans/759xd9YjKW5/undistorted_color_images/606a5b4d7ee048d4b15fb07fc7a07fc6_i1_0.jpg,/home/bgao491/Matterport3D/v1/scans/759xd9YjKW5/undistorted_depth_images/606a5b4d7ee048d4b15fb07fc7a07fc6_d1_0.png,1024,1280,406,504,1.4121168655554452,1028237,0.7844825744628906,-2.508820056915283,2.165410041809082,1.6205999851226807,True,204624,1.0,True,,1.0,204624,1.016367793083191,0.016235284715845493,0.9779229318421356,0.038559698565597295,log-depth Laplacian fallback,,,,0.051442179349343635,0.02076304853162085,0.22275999285323786,0.13744581540992157,0.08063363178425241,0.035332107337986994,0.04817326339281526,0.020921382466771592,7.248051300712052,0.9806610732739631,0.9945323889336797,0.9993192230973987,0.06103391679982587,0.02531655296351431,0.2469992725803112,0.163571537356882,0.08895291270697671,0.0515673918685366,0.056862638491542945,0.024695130123336562,7.248051307028533,0.9787471176392213,0.9944205470139666,0.9990274615677125,0.06103391679982587,0.02531655296351431,0.2469992725803112,0.163571537356882,0.08895291270697671,0.0515673918685366,0.056862638491542945,0.024695130123336562,7.248051307028533,0.9787471176392213,0.9944205470139666,0.9990274615677125,0.08835662882573249,0.04152913281367319,0.32301079806552857,0.2410400140617033,0.11339755730491505,0.06281498095288542,0.0817576432048254,0.03550689329727057,9.441019103153078,0.9702374063567057,0.9942299294812382,0.9985431374284334,0.04734476515479638,0.017503383291249695,0.20898186796434837,0.1341271130550069,0.07363847124888442,0.013007677727044708,0.0451667198983,0.0196156572175015,7.248051302261955,0.9829261152827606,0.9947074458514914,0.9998346684665111,0.010890238918364048,0.27868318604305387,0.07124003488570452,ok,
759xd9YjKW5,606a5b4d7ee048d4b15fb07fc7a07fc6,606a5b4d7ee048d4b15fb07fc7a07fc6_i1_1,1,1,/home/bgao491/Matterport3D/v1/scans/759xd9YjKW5/undistorted_color_images/606a5b4d7ee048d4b15fb07fc7a07fc6_i1_1.jpg,/home/bgao491/Matterport3D/v1/scans/759xd9YjKW5/undistorted_depth_images/606a5b4d7ee048d4b15fb07fc7a07fc6_d1_1.png,1024,1280,406,504,1.4121168655554452,844249,0.6441108703613281,-2.510859966278076,2.162569999694824,1.6206400394439697,True,204624,1.0,True,,1.0,204624,1.000759482383728,0.0007591941229258645,1.0269654609325785,0.0258491052283378,log-depth Laplacian fallback,,,,0.03004640886077975,0.005979019072783706,0.13200615595323884,0.09460004779954584,0.04267821757934885,-0.023011411820413774,0.030096782493289884,0.013070866559878193,3.5943082530322337,0.9955759497494223,0.9991305882506227,0.9999656499445069,0.029446972926475926,0.005877879121040315,0.13065024157776892,0.0925897701108228,0.042273707712162066,-0.022252217648576485,0.02947476352939374,0.012800727156218916,3.5943082414474303,0.9955747652647501,0.9991068985571793,0.9999656499445069,0.029446972926475926,0.005877879121040315,0.13065024157776892,0.0925897701108228,0.042273707712162066,-0.022252217648576485,0.02947476352939374,0.012800727156218916,3.5943082414474303,0.9955747652647501,0.9991068985571793,0.9999656499445069,0.03245940490732497,0.007657315899927942,0.15127916927000287,0.10296909712197434,0.047849037012809466,-0.011471036190241863,0.03240921201065037,0.014075141939058051,4.6453693844250665,0.9953947235945794,0.9986757461365071,0.9999443292204078,0.0166326239823636,0.004605129578639355,0.11118325281727376,0.04879896256093662,0.03612261132219401,0.0035969245661455844,0.01610460567157868,0.006994141376394434,3.594308253892197,0.9952502164645738,0.9985821718474052,0.9999466981897521,0.011047914857044816,0.2715901748742908,0.07443733396939933,ok,
759xd9YjKW5,606a5b4d7ee048d4b15fb07fc7a07fc6,606a5b4d7ee048d4b15fb07fc7a07fc6_i1_2,1,2,/home/bgao491/Matterport3D/v1/scans/759xd9YjKW5/undistorted_color_images/606a5b4d7ee048d4b15fb07fc7a07fc6_i1_2.jpg,/home/bgao491/Matterport3D/v1/scans/759xd9YjKW5/undistorted_depth_images/606a5b4d7ee048d4b15fb07fc7a07fc6_d1_2.png,1024,1280,406,504,1.4121168655554452,1091631,0.8328483581542969,-2.5143399238586426,2.1629199981689453,1.6207300424575806,True,204624,1.0,True,,1.0,204624,0.9844964742660522,-0.015624962152587116,1.0090390691632791,0.024623423451617416,log-depth Laplacian fallback,,,,0.02780242103363231,0.026330091961101285,0.33447734875684143,0.11063528532604165,0.06251835871736004,-0.006741885679430019,0.02614051836378142,0.011352682879480894,6.21537782777363,0.9837124449562169,0.9952319052866765,0.9980643642402973,0.03824425376356097,0.027032186997093244,0.34132802303572374,0.15144472780070067,0.06605579486627663,-0.022366847681146815,0.03709131883948233,0.0161085550985013,6.215377832621276,0.9840843655044608,0.99545084373749,0.9981523060448082,0.03824425376356097,0.027032186997093244,0.34132802303572374,0.15144472780070067,0.06605579486627663,-0.022366847681146815,0.03709131883948233,0.0161085550985013,6.215377832621276,0.9840843655044608,0.99545084373749,0.9981523060448082,0.03799067270469889,0.026418742275960756,0.3442036264163214,0.15096803608320142,0.06680146782643794,-0.017212863197343428,0.03706261783119254,0.01609609040897597,6.4545746911133985,0.9856728143484382,0.9951842701425665,0.9982604011795194,0.02611060984777932,0.026773070100253534,0.3357584216206616,0.10428941306250719,0.06219472790997238,0.0022565510432369894,0.024209194773267568,0.010513919701351154,6.2153778301763465,0.9835759519471323,0.994959835328971,0.9980158130357236,0.018720061983913183,0.27561069396324456,0.0741274761967361,ok,
759xd9YjKW5,606a5b4d7ee048d4b15fb07fc7a07fc6,606a5b4d7ee048d4b15fb07fc7a07fc6_i1_3,1,3,/home/bgao491/Matterport3D/v1/scans/759xd9YjKW5/undistorted_color_images/606a5b4d7ee048d4b15fb07fc7a07fc6_i1_3.jpg,/home/bgao491/Matterport3D/v1/scans/759xd9YjKW5/undistorted_depth_images/606a5b4d7ee048d4b15fb07fc7a07fc6_d1_3.png,1024,1280,406,504,1.4121168655554452,1219660,0.9305267333984375,-2.515779972076416,2.166110038757324,1.62076997756958,True,204624,1.0,True,,1.0,204624,1.0929354429244995,0.08886714333705589,1.1546005057660582,0.05488725835193911,log-depth Laplacian fallback,,,,0.12887187886136897,0.061644660952800176,0.4578003361613721,0.4182918044814632,0.14922721040057582,-0.13410511011287077,0.1384546854490392,0.06013010588416819,6.545670145640191,0.9702335076988668,0.9988496794188544,0.999420330255973,0.062390079294230065,0.024254644984085354,0.312747138068864,0.2196043917777713,0.07956791692424571,-0.04523796661712785,0.06364043745477661,0.027638690812518515,6.545670156684716,0.9900054113441451,0.9984184116885033,0.9993498188019612,0.062390079294230065,0.024254644984085354,0.312747138068864,0.2196043917777713,0.07956791692424571,-0.04523796661712785,0.06364043745477661,0.027638690812518515,6.545670156684716,0.9900054113441451,0.9984184116885033,0.9993498188019612,0.048293177933256604,0.018367554449798377,0.26562506831429256,0.1680485615302889,0.06759008631539612,-0.03616800370821306,0.04885550739320234,0.021217677271451303,5.709899540171775,0.990376826328649,0.9977838086023973,0.9993768755226866,0.04228725680526502,0.02789620265576842,0.4063999231813196,0.19837353383804934,0.06616410290225325,0.009649287469816525,0.04081567012911229,0.01772602031225685,6.545670144595432,0.989909482970664,0.9976058901661119,0.9992760277454372,0.010694880969822407,0.2664453440811485,0.07137566199526191,ok,
759xd9YjKW5,606a5b4d7ee048d4b15fb07fc7a07fc6,606a5b4d7ee048d4b15fb07fc7a07fc6_i1_4,1,4,/home/bgao491/Matterport3D/v1/scans/759xd9YjKW5/undistorted_color_images/606a5b4d7ee048d4b15fb07fc7a07fc6_i1_4.jpg,/home/bgao491/Matterport3D/v1/scans/759xd9YjKW5/undistorted_depth_images/606a5b4d7ee048d4b15fb07fc7a07fc6_d1_4.png,1024,1280,406,504,1.4121168655554452,1249888,0.9535888671875,-2.513740062713623,2.168950080871582,1.6207200288772583,True,204624,1.0,True,,1.0,204624,0.9016619920730591,-0.10351556077527493,0.8907705296941164,0.01215286633664564,log-depth Laplacian fallback,,,,0.18854609203984443,0.29492945913787494,1.3025448822874597,0.5592001143190278,0.3915854877356224,0.010517927279617357,0.22487324347762722,0.09766120877001992,39.14442072772133,0.8816189930617784,0.9130154061803938,0.9134498451061215,0.10185427876051716,0.2896246815981952,1.3348591639921148,0.4357564745816095,0.40233956693916234,-0.09299763357518806,0.15269130402946257,0.06631299077460741,39.14442071026314,0.8877227399575002,0.9134498451061215,0.9134498451061215,0.10185427876051716,0.2896246815981952,1.3348591639921148,0.4357564745816095,0.40233956693916234,-0.09299763357518806,0.15269130402946257,0.06631299077460741,39.14442071026314,0.8877227399575002,0.9134498451061215,0.9134498451061215,0.0937418758204273,0.28379365830236797,1.3217153426156028,0.4206597013159373,0.3940319177062271,-0.0901105625384418,0.14306325710374734,0.062131583123263674,38.35899355956208,0.8874051114979902,0.9134498451061215,0.9134498451061215,0.09971078318770783,0.29125429299055405,1.3397828209340836,0.4338658814761237,0.4053210938878822,-0.1051504719351834,0.15177060137618986,0.06591313469281729,39.14442072662177,0.8891748700683582,0.9134498451061215,0.9134498451061215,0.011402916861698031,0.2780865249224007,0.07393056713044643,ok,
759xd9YjKW5,606a5b4d7ee048d4b15fb07fc7a07fc6,606a5b4d7ee048d4b15fb07fc7a07fc6_i1_5,1,5,/home/bgao491/Matterport3D/v1/scans/759xd9YjKW5/undistorted_color_images/606a5b4d7ee048d4b15fb07fc7a07fc6_i1_5.jpg,/home/bgao491/Matterport3D/v1/scans/759xd9YjKW5/undistorted_depth_images/606a5b4d7ee048d4b15fb07fc7a07fc6_d1_5.png,1024,1280,406,504,1.4121168655554452,1194193,0.9110969543457031,-2.5102601051330566,2.168600082397461,1.6206400394439697,True,204624,1.0,True,,1.0,204624,0.9371224045753479,-0.0649413707235327,1.0385944887463692,0.10280971671193254,log-depth Laplacian fallback,,,,0.07322424493104972,0.08288346918881687,0.4006933737630464,0.1978467251112452,0.14110241344578148,-0.01851331681543469,0.06353734546190394,0.02759391852888551,13.988262286901683,0.9669760248134096,0.9823621474920721,0.9868681193073482,0.12113029146166875,0.0952141476575909,0.4941899897198832,0.3582806407856221,0.16288595117455468,-0.08345468764702245,0.11765372773863746,0.0510963647322378,13.98826229371516,0.9645643543380341,0.9830856486346847,0.9873705506563847,0.12113029146166875,0.0952141476575909,0.4941899897198832,0.3582806407856221,0.16288595117455468,-0.08345468764702245,0.11765372773863746,0.0510963647322378,13.98826229371516,0.9645643543380341,0.9830856486346847,0.9873705506563847,0.11913636554115968,0.09638846393579467,0.5089278968876543,0.36736245601610273,0.16417816444886396,-0.08232601938580211,0.1162917348819382,0.05050485875018172,14.20454019455989,0.9590057888465264,0.983342726008275,0.9874936463368986,0.06332940934421731,0.08684625594783796,0.38775291644995324,0.1374320436018895,0.14121531495993392,0.019355024895288377,0.05111092285143582,0.022197191759361398,13.988262290411955,0.9658346682655149,0.9818404562746558,0.9866177410184116,0.01462569902651012,0.27633404708467424,0.0743470648303628,ok,
759xd9YjKW5,606a5b4d7ee048d4b15fb07fc7a07fc6,606a5b4d7ee048d4b15fb07fc7a07fc6_i2_0,2,0,/home/bgao491/Matterport3D/v1/scans/759xd9YjKW5/undistorted_color_images/606a5b4d7ee048d4b15fb07fc7a07fc6_i2_0.jpg,/home/bgao491/Matterport3D/v1/scans/759xd9YjKW5/undistorted_depth_images/606a5b4d7ee048d4b15fb07fc7a07fc6_d2_0.png,1024,1280,406,504,1.4165615917841592,1206765,0.9206886291503906,-2.4969899654388428,2.164259910583496,1.6535600423812866,True,204624,1.0,True,,1.0,204624,1.0924019813537598,0.08837892437790622,1.0824263959831149,0.009173740268000441,log-depth Laplacian fallback,,,,0.07799999755584411,0.015464392214055808,0.1863182885530458,0.16668500634647776,0.08892683886771265,-0.07735877266571323,0.08137400703685993,0.03534028222646467,4.385889832928579,0.9938330992363882,0.9994075068468178,1.0,0.030673799141053584,0.005835247267056103,0.12034506037572554,0.07257763957260913,0.04522219257838492,0.01102015174649549,0.02999436653114298,0.013026387872658984,4.385889826569683,0.9953304910235216,0.9992268585847286,1.0,0.030673799141053584,0.005835247267056103,0.12034506037572554,0.07257763957260913,0.04522219257838492,0.01102015174649549,0.02999436653114298,0.013026387872658984,4.385889826569683,0.9953304910235216,0.9992268585847286,1.0,0.03514550898870363,0.007232909735861818,0.13408470098937725,0.08338187991374285,0.05096294206380662,0.012334720623438624,0.03439397719559585,0.014937114506753557,4.944771107888239,0.994761200399415,0.9992019987321475,1.0,0.02962868865369211,0.00528628770306234,0.11369196643280133,0.06736470752497681,0.043897748349626585,0.0018464417395602985,0.02922466515529558,0.012692110812415105,4.385889833397042,0.9958426039866917,0.999245089143288,1.0,0.009558602003380656,0.2655253040138632,0.07458370481617749,ok,
759xd9YjKW5,606a5b4d7ee048d4b15fb07fc7a07fc6,606a5b4d7ee048d4b15fb07fc7a07fc6_i2_1,2,1,/home/bgao491/Matterport3D/v1/scans/759xd9YjKW5/undistorted_color_images/606a5b4d7ee048d4b15fb07fc7a07fc6_i2_1.jpg,/home/bgao491/Matterport3D/v1/scans/759xd9YjKW5/undistorted_depth_images/606a5b4d7ee048d4b15fb07fc7a07fc6_d2_1.png,1024,1280,406,504,1.4165615917841592,1192962,0.9101577758789062,-2.5054800510406494,2.152440071105957,1.653749942779541,True,204624,1.0,True,,1.0,204624,1.03376042842865,0.0332030552648808,1.063359100444757,0.02822980496335132,log-depth Laplacian fallback,,,,0.07442180886782576,0.014792108912928021,0.16051473574642106,0.13212322870174023,0.09917016367065735,-0.07122741292658005,0.07847831259639723,0.03408269810969376,6.900273190426177,0.9959177241186223,0.999787084584421,1.0,0.05724742099377218,0.010203793564063647,0.13614628581054947,0.10312176727999937,0.07878596836216537,-0.038024357731236955,0.05916147330465547,0.0256935013974784,6.90027320465722,0.993490991330822,0.9996412291422526,1.0,0.05724742099377218,0.010203793564063647,0.13614628581054947,0.10312176727999937,0.07878596836216537,-0.038024357731236955,0.05916147330465547,0.0256935013974784,6.90027320465722,0.993490991330822,0.9996412291422526,1.0,0.06430707667588452,0.012002622229912326,0.14695338694607837,0.11564279996264036,0.08667124559788762,-0.04839186064850218,0.06683182207864537,0.02902469154429558,7.1903634375915235,0.9930609692513257,0.9996009931582062,1.0,0.054622621494574336,0.009716832724912484,0.1430070555454225,0.10907421488430152,0.0696944008939363,-0.009794514232199117,0.05497853797918093,0.023876875667466643,6.900273188012167,0.9912796887076034,0.9995297419364573,1.0,0.014485585037618876,0.2735791299492121,0.07458142493851483,ok,
759xd9YjKW5,606a5b4d7ee048d4b15fb07fc7a07fc6,606a5b4d7ee048d4b15fb07fc7a07fc6_i2_2,2,2,/home/bgao491/Matterport3D/v1/scans/759xd9YjKW5/undistorted_color_images/606a5b4d7ee048d4b15fb07fc7a07fc6_i2_2.jpg,/home/bgao491/Matterport3D/v1/scans/759xd9YjKW5/undistorted_depth_images/606a5b4d7ee048d4b15fb07fc7a07fc6_d2_2.png,1024,1280,406,504,1.4165615917841592,1245431,0.9501884460449219,-2.5199499130249023,2.1538798809051514,1.6541099548339844,True,204624,1.0,True,,1.0,204624,1.0446702241897583,0.04370126067449498,1.1112040554334244,0.061742901374956305,log-depth Laplacian fallback,,,,0.10227554491750035,0.024120513131636757,0.22759508994462999,0.21649373921212656,0.11941820951696916,-0.10644923355343658,0.10881298059185911,0.04725687703049006,5.412272572704237,0.9986791721098961,0.9998418218271425,1.0,0.06455520863859113,0.011479856533676414,0.15068519032297656,0.12666000860497742,0.08286481491318282,-0.06274797296578988,0.06746342377480555,0.029298992675698694,5.41227257192443,0.9977622204682556,0.9996756143054091,1.0,0.06455520863859113,0.011479856533676414,0.15068519032297656,0.12666000860497742,0.08286481491318282,-0.06274797296578988,0.06746342377480555,0.029298992675698694,5.41227257192443,0.9977622204682556,0.9996756143054091,1.0,0.06893584115541669,0.013247901490435837,0.15842318244483178,0.13158795213441976,0.09182745076118652,-0.0659273410013348,0.0725274718335208,0.03149828080369158,6.392078239345834,0.9976120716442741,0.9996306499517035,1.0,0.045143808204870774,0.007329647864299251,0.13894250086366755,0.10421130730603555,0.05413205761674587,-0.0010050961074620662,0.04493565997109985,0.019515309166129508,5.4122725759494585,0.9953397659123628,0.9994772893881716,1.0,0.010093910153955221,0.27371990913525224,0.0715651789214462,ok,
759xd9YjKW5,606a5b4d7ee048d4b15fb07fc7a07fc6,606a5b4d7ee048d4b15fb07fc7a07fc6_i2_3,2,3,/home/bgao491/Matterport3D/v1/scans/759xd9YjKW5/undistorted_color_images/606a5b4d7ee048d4b15fb07fc7a07fc6_i2_3.jpg,/home/bgao491/Matterport3D/v1/scans/759xd9YjKW5/undistorted_depth_images/606a5b4d7ee048d4b15fb07fc7a07fc6_d2_3.png,1024,1280,406,504,1.4165615917841592,1249288,0.953131103515625,-2.52593994140625,2.167140007019043,1.654289960861206,True,204624,1.0,True,,1.0,204624,1.0536350011825562,0.052246091455656306,1.078594116312373,0.0234123575203354,log-depth Laplacian fallback,,,,0.07267732188506833,0.01396186931367667,0.17274497760276872,0.15431654488259214,0.08538195008791938,-0.0692972416856341,0.07537845569421536,0.0327364473623865,4.987955187828748,0.9899862961943123,0.9990042328110091,1.0,0.0358907165468926,0.006459831884660037,0.11886076503124907,0.07731837081907729,0.052713484222257904,-0.017051150188350746,0.035844605265496834,0.015567114272805526,4.9879551883557856,0.9917312901428654,0.9978843949513643,1.0,0.0358907165468926,0.006459831884660037,0.11886076503124907,0.07731837081907729,0.052713484222257904,-0.017051150188350746,0.035844605265496834,0.015567114272805526,4.9879551883557856,0.9917312901428654,0.9978843949513643,1.0,0.036456272735581066,0.006686215261989008,0.12003162597851963,0.07813439670988319,0.053514254500693366,-0.018222573592075065,0.036420699246114234,0.015817308709645338,5.031613306332661,0.9920602775340834,0.9977299069550015,1.0,0.030235324978692774,0.007039470280437911,0.13242900487510473,0.07506376367471618,0.0502835393661492,0.006361181559133722,0.02943706637432949,0.01278435548979106,4.9879551926203325,0.9919898374113896,0.9976226458590813,1.0,0.010221714852377772,0.27340591605752707,0.0743301750626415,ok,
759xd9YjKW5,606a5b4d7ee048d4b15fb07fc7a07fc6,606a5b4d7ee048d4b15fb07fc7a07fc6_i2_4,2,4,/home/bgao491/Matterport3D/v1/scans/759xd9YjKW5/undistorted_color_images/606a5b4d7ee048d4b15fb07fc7a07fc6_i2_4.jpg,/home/bgao491/Matterport3D/v1/scans/759xd9YjKW5/undistorted_depth_images/606a5b4d7ee048d4b15fb07fc7a07fc6_d2_4.png,1024,1280,406,504,1.4165615917841592,1214563,0.9266380310058594,-2.5174601078033447,2.178960084915161,1.654099941253662,True,204624,1.0,True,,1.0,204624,1.0697048902511597,0.06738280692944473,1.111362679971473,0.03820409507538444,log-depth Laplacian fallback,,,,0.10813503146131108,0.07907722529076858,0.6469175193465996,0.23280382313564113,0.22335540478039986,-0.11959836098069913,0.12507590366659288,0.05431977478146398,18.86368704557692,0.9727021159050622,0.9840518770948893,0.984555762031282,0.05407309703448141,0.06507015981194694,0.61964450463094,0.1444640652462457,0.19573025558442977,-0.05221555412604038,0.06562315759510606,0.02849977522862206,18.863687035798897,0.9750873359389344,0.9828201583614847,0.984555762031282,0.05407309703448141,0.06507015981194694,0.61964450463094,0.1444640652462457,0.19573025558442977,-0.05221555412604038,0.06562315759510606,0.02849977522862206,18.863687035798897,0.9750873359389344,0.9828201583614847,0.984555762031282,0.05706895215679233,0.06573008095521006,0.6201386522978306,0.1479441741301516,0.19679359720907985,-0.052827407371238075,0.06868743897932193,0.029830575724785847,18.95705275957284,0.9735534509119741,0.982547632358305,0.984555762031282,0.04502442236500045,0.06267486121330401,0.6108768454814906,0.12562853532140814,0.18915652110676864,-0.014011444832657515,0.05475496073375793,0.023779777303500296,18.863687044402745,0.9748518602987247,0.9822380559921552,0.984555762031282,0.010180817916989326,0.2714726319536567,0.07439175993204117,ok,
759xd9YjKW5,606a5b4d7ee048d4b15fb07fc7a07fc6,606a5b4d7ee048d4b15fb07fc7a07fc6_i2_5,2,5,/home/bgao491/Matterport3D/v1/scans/759xd9YjKW5/undistorted_color_images/606a5b4d7ee048d4b15fb07fc7a07fc6_i2_5.jpg,/home/bgao491/Matterport3D/v1/scans/759xd9YjKW5/undistorted_depth_images/606a5b4d7ee048d4b15fb07fc7a07fc6_d2_5.png,1024,1280,406,504,1.4165615917841592,1245176,0.949993896484375,-2.5029799938201904,2.1775200366973877,1.653730034828186,True,204624,1.0,True,,1.0,204624,1.0075970888137817,0.0075683762640594305,1.0954451050907081,0.08359239307758139,log-depth Laplacian fallback,,,,0.08939258621293411,0.0246880091265506,0.20871556606081137,0.17019926042064124,0.10839177153781107,-0.07695307356373488,0.09142759328121915,0.03970649925572828,7.633479289419366,0.9881695439038337,0.9971931678734572,0.99785652791252,0.08315424010124992,0.02306611098262888,0.20003004918905032,0.15713822014443968,0.10315637079785499,-0.06938469731464161,0.08453630372015229,0.03671365022615951,7.633479295013588,0.9876668037289508,0.9971016145508748,0.9978308287342512,0.08315424010124992,0.02306611098262888,0.20003004918905032,0.15713822014443968,0.10315637079785499,-0.06938469731464161,0.08453630372015229,0.03671365022615951,7.633479295013588,0.9876668037289508,0.9971016145508748,0.9978308287342512,0.06977634919521825,0.019945628871255842,0.1850489524331608,0.13338303717075767,0.09160873493154323,-0.0537844789107364,0.06994849500493507,0.030378245398080483,7.415787310905228,0.9872259022017771,0.9968590785559631,0.9978147667478332,0.04184978478522168,0.019550718634763046,0.182250309160694,0.08375730892570321,0.07764573747361551,0.014207742341346771,0.03854687106522696,0.016740693398264197,7.633479288884932,0.981656408411341,0.9950721825669624,0.9976308570033473,0.010190929053351283,0.27010435122065246,0.07447607419453561,ok,
759xd9YjKW5,6a39f7496f3e496abad3584ae5812de4,6a39f7496f3e496abad3584ae5812de4_i0_2,0,2,/home/bgao491/Matterport3D/v1/scans/759xd9YjKW5/undistorted_color_images/6a39f7496f3e496abad3584ae5812de4_i0_2.jpg,/home/bgao491/Matterport3D/v1/scans/759xd9YjKW5/undistorted_depth_images/6a39f7496f3e496abad3584ae5812de4_d0_2.png,1024,1280,406,504,1.4155678118069965,912265,0.6960029602050781,-6.813320159912109,-2.120500087738037,1.5732699632644653,True,121871,0.5955850731097037,True,,1.0,121871,1.116125464439392,0.10986328097287854,0.9136817842370929,0.2001362064115183,log-depth Laplacian fallback,,,,0.10927969020951517,0.049213859390150244,0.42316686582402474,0.18077307357468353,0.1400121603819206,0.05594031403997746,0.10496788170246711,0.04558697180045475,12.835141728832353,0.9778189451529983,0.9828701090143763,0.9889626369530783,0.20209193272914466,0.08883619870459296,0.44835423464789825,0.28467013106713557,0.20967813065147406,0.16580359502441172,0.18121303970399574,0.07869982319236021,12.835141740735667,0.684547801351581,0.9848991247060886,0.9966796928524059,0.20209193272914466,0.08883619870459296,0.44835423464789825,0.28467013106713557,0.20967813065147406,0.16580359502441172,0.18121303970399574,0.07869982319236021,12.835141740735667,0.684547801351581,0.9848991247060886,0.9966796928524059,0.2304750805932492,0.10548933735815308,0.4865500050743543,0.3102744205035533,0.23987311756981053,0.1779331076048618,0.20366028169266667,0.08844853652198696,16.086926913098356,0.5429727107803105,0.9827703572974958,0.9908853238916324,0.07043602083444177,0.04805586060847918,0.45727794356158435,0.15925981120464797,0.13286388883835282,-0.03433258851150184,0.07387211874944263,0.03208225353938467,12.835141730168026,0.9771437027618072,0.9832241728006664,0.9875211698355193,0.01138567109592259,0.2684675499331206,0.07147008902393281,ok,
759xd9YjKW5,6a39f7496f3e496abad3584ae5812de4,6a39f7496f3e496abad3584ae5812de4_i0_3,0,3,/home/bgao491/Matterport3D/v1/scans/759xd9YjKW5/undistorted_color_images/6a39f7496f3e496abad3584ae5812de4_i0_3.jpg,/home/bgao491/Matterport3D/v1/scans/759xd9YjKW5/undistorted_depth_images/6a39f7496f3e496abad3584ae5812de4_d0_3.png,1024,1280,406,504,1.4155678118069965,1027238,0.7837203979492188,-6.814620018005371,-2.1060099601745605,1.5734399557113647,True,185214,0.9051430917194464,True,,1.0,185214,1.0142608880996704,0.014160158170949785,0.8751039022025554,0.14757281247079726,log-depth Laplacian fallback,,,,0.22833608418016385,0.12823750108911386,0.37847034804148927,0.2254721393048138,0.2607936208766226,0.18451898542640754,0.1874896563745108,0.08142572317738692,18.429882448661676,0.7205808196347877,0.8876579721544569,0.9803161487406035,0.24417226660076333,0.1385729035513658,0.39279893555555734,0.2401828193925358,0.27099715647864137,0.19867914349968815,0.19998148008238742,0.08685085328262593,18.429882462386878,0.6888024002227332,0.8876404494382022,0.9616096756545222,0.24417226660076333,0.1385729035513658,0.39279893555555734,0.2401828193925358,0.27099715647864137,0.19867914349968815,0.19998148008238742,0.08685085328262593,18.429882462386878,0.6888024002227332,0.8876404494382022,0.9616096756545222,0.26812119802610024,0.166034263927871,0.4296232941638616,0.2638651513841371,0.2909441041788414,0.21415946887657472,0.2165761473446786,0.09405782570365959,19.693702964890054,0.6267885339132704,0.8875615972150563,0.9089198413610089,0.14153952775128828,0.06292679794968863,0.26686055575418655,0.13798413881120133,0.19125352931226342,0.051106318223178786,0.12399198430781112,0.05384903458511698,18.429882449996253,0.8874905328658013,0.8938493318977686,0.9983772017779716,0.01149663282558322,0.26604553987272084,0.07101432490162551,ok,
759xd9YjKW5,6a39f7496f3e496abad3584ae5812de4,6a39f7496f3e496abad3584ae5812de4_i0_4,0,4,/home/bgao491/Matterport3D/v1/scans/759xd9YjKW5/undistorted_color_images/6a39f7496f3e496abad3584ae5812de4_i0_4.jpg,/home/bgao491/Matterport3D/v1/scans/759xd9YjKW5/undistorted_depth_images/6a39f7496f3e496abad3584ae5812de4_d0_4.png,1024,1280,406,504,1.4155678118069965,1202455,0.9174003601074219,-6.802730083465576,-2.097640037536621,1.573490023612976,True,204624,1.0,True,,1.0,204624,0.9756433367729187,-0.024658192990491056,1.0106029651393036,0.03520534090035346,log-depth Laplacian fallback,,,,0.07009901850673843,0.013688633565174217,0.1683551021126474,0.10609661931453573,0.08804950505785925,-0.009539373072891235,0.06998713147850125,0.030395025005350462,8.753122701247925,0.992827174405695,0.998162925015905,0.9985305063391146,0.07055177760577815,0.016637888412658324,0.19287626784964598,0.12080159158571757,0.0939744072251079,-0.03419756595849252,0.07216489530049275,0.03134081581612991,8.75312269754341,0.9885700504384779,0.998163756647858,0.9986519246042471,0.07055177760577815,0.016637888412658324,0.19287626784964598,0.12080159158571757,0.0939744072251079,-0.03419756595849252,0.07216489530049275,0.03134081581612991,8.75312269754341,0.9885700504384779,0.998163756647858,0.9986519246042471,0.05325319429201804,0.010675910364429652,0.1466269885230223,0.0844588208015439,0.07391581931680283,-0.018876858548377656,0.05313617446350608,0.02307674735894918,7.146476444107812,0.992669164334632,0.9981471240087987,0.9984955777970901,0.07069036022532417,0.012854063694981266,0.15891193100122086,0.10032572769435552,0.08753702809114582,0.0010077608753336943,0.06983626887651118,0.030329506209780584,8.75312270281195,0.9928978631216968,0.9981487872727046,0.9985130420681023,0.016498658806085587,0.27262218203395605,0.07477407995611429,ok,
759xd9YjKW5,6a39f7496f3e496abad3584ae5812de4,6a39f7496f3e496abad3584ae5812de4_i0_5,0,5,/home/bgao491/Matterport3D/v1/scans/759xd9YjKW5/undistorted_color_images/6a39f7496f3e496abad3584ae5812de4_i0_5.jpg,/home/bgao491/Matterport3D/v1/scans/759xd9YjKW5/undistorted_depth_images/6a39f7496f3e496abad3584ae5812de4_d0_5.png,1024,1280,406,504,1.4155678118069965,1103572,0.8419586181640625,-6.789519786834717,-2.103749990463257,1.5733799934387207,True,174700,0.8537610446477442,True,,1.0,174700,0.9239461421966553,-0.0791014967052024,1.0079654531560511,0.08703539310441047,log-depth Laplacian fallback,,,,0.06435339239543617,0.011216603675254786,0.12798199951811567,0.08112329186725029,0.09641550389436235,-0.03607125391350204,0.06766024300002169,0.029384470179142554,8.941372395953243,0.971531535776551,0.9999528802832982,0.9999764401416491,0.10757578103111859,0.023912751452643027,0.18640427990133418,0.1344396909249104,0.14580664101860394,-0.11517275086224338,0.1172277273961573,0.050911355134209774,8.94137239127845,0.8162457909406908,0.9999619417672794,1.0,0.10757578103111859,0.023912751452643027,0.18640427990133418,0.1344396909249104,0.14580664101860394,-0.11517275086224338,0.1172277273961573,0.050911355134209774,8.94137239127845,0.8162457909406908,0.9999619417672794,1.0,0.10146344312337072,0.02316018562614839,0.1834284633781433,0.12587723742984716,0.14451568583310961,-0.1031297375323846,0.110597097746017,0.04803170926560976,10.123754584300976,0.8118482527646588,0.9999528802832982,0.9999764401416491,0.064308682509263,0.01049551569894143,0.12300428156592731,0.07877246196604518,0.09373646758282782,-0.02813736516010887,0.06710583871278294,0.029143695456451246,8.941372398437068,0.9880207181769745,0.9999501618381039,0.9999746278448529,0.014156479155644774,0.26291198609396815,0.07461079303175211,ok,
759xd9YjKW5,6a39f7496f3e496abad3584ae5812de4,6a39f7496f3e496abad3584ae5812de4_i1_1,1,1,/home/bgao491/Matterport3D/v1/scans/759xd9YjKW5/undistorted_color_images/6a39f7496f3e496abad3584ae5812de4_i1_1.jpg,/home/bgao491/Matterport3D/v1/scans/759xd9YjKW5/undistorted_depth_images/6a39f7496f3e496abad3584ae5812de4_d1_1.png,1024,1280,406,504,1.4121168655554452,1007344,0.76854248046875,-6.8010101318359375,-2.1159799098968506,1.6065399646759033,True,57722,0.282088122605364,True,,1.0,57722,0.9380379915237427,-0.06396482810556697,1.0312074599772503,0.09469523499032635,log-depth Laplacian fallback,,,,0.06199729930814084,0.03457313593621064,0.3760942002532475,0.25019842319561025,0.09194351007396055,-0.014667316280026725,0.06163490923163901,0.026767700971908615,9.076606677532165,0.9642743690338157,0.9956191727949936,0.9985754618084786,0.09146512517980751,0.04808140804176271,0.44305236053747765,0.3579555722353057,0.12008952071605296,-0.0786321442234181,0.09583697288466225,0.0416214684861204,9.076606679061777,0.9651370336250575,0.992352165695135,0.9988097412601852,0.09146512517980751,0.04808140804176271,0.44305236053747765,0.3579555722353057,0.12008952071605296,-0.0786321442234181,0.09583697288466225,0.0416214684861204,9.076606679061777,0.9651370336250575,0.992352165695135,0.9988097412601852,0.08763077030760656,0.04476295686165809,0.4187286982857341,0.33490127171842926,0.11865617521865385,-0.06879906612100223,0.09190236440455135,0.03991268973475847,9.667459034512557,0.9634732524341239,0.9937479153099636,0.9991343572801347,0.05838381742284323,0.04081818505817314,0.4275904441550384,0.2540951467455584,0.09217646771941179,0.016063073398933907,0.05619338099971626,0.024404475287663808,9.07660667551934,0.9606748042376785,0.9953293016089836,0.9984881033688591,0.02354270010255277,0.27350123110227287,0.07115985290147364,ok,
759xd9YjKW5,6a39f7496f3e496abad3584ae5812de4,6a39f7496f3e496abad3584ae5812de4_i1_2,1,2,/home/bgao491/Matterport3D/v1/scans/759xd9YjKW5/undistorted_color_images/6a39f7496f3e496abad3584ae5812de4_i1_2.jpg,/home/bgao491/Matterport3D/v1/scans/759xd9YjKW5/undistorted_depth_images/6a39f7496f3e496abad3584ae5812de4_d1_2.png,1024,1280,406,504,1.4121168655554452,756800,0.577392578125,-6.804180145263672,-2.1145100593566895,1.6065599918365479,True,195893,0.9573314958167175,True,,1.0,195893,1.1805914640426636,0.16601555361253015,0.9829823347383047,0.18317968337367194,log-depth Laplacian fallback,,,,0.09448043612326422,0.16227219926315237,0.6952289041313773,0.2746382993743233,0.18439725124321585,-0.012906780445294853,0.0868163706837116,0.03770387072680321,18.394499526921255,0.8422766913319238,0.9821709830866807,0.9917137949260042,0.2324223733708777,0.21050652614625945,0.5772474336245608,0.3192929784168369,0.23932834703775738,0.15310877314267907,0.1981729715961046,0.08606542802655807,18.3944995263717,0.844208509513742,0.9856038583509513,0.9893987843551797,0.2324223733708777,0.21050652614625945,0.5772474336245608,0.3192929784168369,0.23932834703775738,0.15310877314267907,0.1981729715961046,0.08606542802655807,18.3944995263717,0.844208509513742,0.9856038583509513,0.9893987843551797,0.2507742284450286,0.2129645503977901,0.6104930676465817,0.35348738282013203,0.2534829800128053,0.15688206783338554,0.21580875088180454,0.09372454965440119,19.910207921690137,0.5995837737843552,0.9838676004228329,0.9911786469344609,0.08874368792524064,0.16279655282864175,0.7150602073856375,0.27917814351917575,0.1863867505278068,-0.030070907435735452,0.08264153128167662,0.03589076101166714,18.39449953064946,0.8397211945031713,0.9816331923890064,0.9915182346723045,0.011963942786678672,0.2706857370212674,0.07148111797869205,ok,
759xd9YjKW5,6a39f7496f3e496abad3584ae5812de4,6a39f7496f3e496abad3584ae5812de4_i1_3,1,3,/home/bgao491/Matterport3D/v1/scans/759xd9YjKW5/undistorted_color_images/6a39f7496f3e496abad3584ae5812de4_i1_3.jpg,/home/bgao491/Matterport3D/v1/scans/759xd9YjKW5/undistorted_depth_images/6a39f7496f3e496abad3584ae5812de4_d1_3.png,1024,1280,406,504,1.4121168655554452,850277,0.6487098693847656,-6.804500102996826,-2.111020088195801,1.606600046157837,True,204624,1.0,True,,1.0,204624,0.8972700238227844,-0.10839843232098145,0.974837990756068,0.08291444720292676,log-depth Laplacian fallback,,,,0.07335670736583791,0.005472869597246352,0.06304729421915074,0.05441484631239929,0.08374278211068123,0.0352819651239518,0.07093598262270255,0.030807105821424683,7.594759043333292,1.0,1.0,1.0,0.0804320028705842,0.00855343813772822,0.08828315750056691,0.0676565288688839,0.10542321512777034,-0.07311646727341191,0.08552272089505385,0.03714204576207383,7.594759049062866,0.9966222772108384,1.0,1.0,0.0804320028705842,0.00855343813772822,0.08828315750056691,0.0676565288688839,0.10542321512777034,-0.07311646727341191,0.08552272089505385,0.03714204576207383,7.594759049062866,0.9966222772108384,1.0,1.0,0.05071594788178589,0.0028798592168436934,0.04978091974265635,0.04130520937938885,0.05980578103161228,-0.027264751714942068,0.0516438942308094,0.0224286582884357,5.322935993156144,0.9999600130310475,1.0,1.0,0.06323978807543443,0.004643310550932086,0.06075478109169292,0.04952261416395022,0.07657700346678423,0.009798008393885393,0.06253630130046325,0.027159170573430345,7.594759042566943,1.0,1.0,1.0,0.011058181058615446,0.2691901670768857,0.07493326789699495,ok,
759xd9YjKW5,6a39f7496f3e496abad3584ae5812de4,6a39f7496f3e496abad3584ae5812de4_i1_4,1,4,/home/bgao491/Matterport3D/v1/scans/759xd9YjKW5/undistorted_color_images/6a39f7496f3e496abad3584ae5812de4_i1_4.jpg,/home/bgao491/Matterport3D/v1/scans/759xd9YjKW5/undistorted_depth_images/6a39f7496f3e496abad3584ae5812de4_d1_4.png,1024,1280,406,504,1.4121168655554452,1259587,0.9609886169433594,-6.801630020141602,-2.1090099811553955,1.606619954109192,True,204624,1.0,True,,1.0,204624,0.9823355674743652,-0.017822310594440727,1.0428513666255734,0.059780970825943504,log-depth Laplacian fallback,,,,0.11078840242996771,0.18368356189972807,0.5506692293427224,0.286665963370609,0.18064424977353125,-0.002659250670534509,0.08932494975893254,0.03879333277658962,18.06246753965615,0.9666938448872527,0.981621753797078,0.9878761848129586,0.11543575054570294,0.18175868094534037,0.5714456729612557,0.32698036294324256,0.1817821984901751,-0.020481561255981436,0.09598557394323567,0.041686005105863795,18.06246753254906,0.9668875591761427,0.9819194704295932,0.9880691051908285,0.11543575054570294,0.18175868094534037,0.5714456729612557,0.32698036294324256,0.1817821984901751,-0.020481561255981436,0.09598557394323567,0.041686005105863795,18.06246753254906,0.9668875591761427,0.9819194704295932,0.9880691051908285,0.11286480673870825,0.1828409909551976,0.5610572964447598,0.3073134287977941,0.18123545314630193,-0.01447419223258225,0.09259067008931707,0.04021161709551484,18.065654495854737,0.9668423062480004,0.9817543369374248,0.9880444939492071,0.10757135408781099,0.1972986813864099,0.5361079405857445,0.21621855789221578,0.1848505182581312,0.03929937330446874,0.08157224072918984,0.035426374025170834,18.06246753856618,0.9657213038877028,0.9811414376299533,0.9874038077560343,0.01165045308880508,0.2723443228751421,0.07480336190201342,ok,
759xd9YjKW5,6a39f7496f3e496abad3584ae5812de4,6a39f7496f3e496abad3584ae5812de4_i1_5,1,5,/home/bgao491/Matterport3D/v1/scans/759xd9YjKW5/undistorted_color_images/6a39f7496f3e496abad3584ae5812de4_i1_5.jpg,/home/bgao491/Matterport3D/v1/scans/759xd9YjKW5/undistorted_depth_images/6a39f7496f3e496abad3584ae5812de4_d1_5.png,1024,1280,406,504,1.4121168655554452,880830,0.6720199584960938,-6.798460006713867,-2.1104800701141357,1.6065900325775146,True,204624,1.0,True,,1.0,204624,1.0199722051620483,0.01977537708376697,0.8686034072351898,0.16064401329823907,log-depth Laplacian fallback,,,,0.17489915056199798,0.036936708829217325,0.18615378502234806,0.1591342482129707,0.17751548807406373,0.15770720245421607,0.1577145880779417,0.06849457531789443,8.148734134967201,0.8166161461348955,0.9929486961161632,1.0,0.198358776703772,0.04525939189075432,0.20636519070080775,0.17979825210892986,0.19529529660679887,0.17748257961198538,0.17748433019968907,0.07708046523001962,8.148734141578567,0.7768979258199653,0.9928635491525039,0.9996719003666996,0.198358776703772,0.04525939189075432,0.20636519070080775,0.17979825210892986,0.19529529660679887,0.17748257961198538,0.17748433019968907,0.07708046523001962,8.148734141578567,0.7768979258199653,0.9928635491525039,0.9996719003666996,0.2105443972790491,0.05473488635748981,0.2207767766623828,0.18337866653285126,0.21379823793835065,0.18504777562440491,0.18505362302571662,0.08036776733627331,10.708411311676205,0.7382060102403415,0.9912843567998365,0.9967167330812983,0.06062211636444491,0.006665145215529507,0.074439418324299,0.05072719487665855,0.0832089187093065,0.01683856749432075,0.058173308114596464,0.025264346708226908,8.148734133294068,0.99134679790652,0.99683707412327,1.0,0.012887760065495968,0.2663337499834597,0.07434645295143127,ok,
759xd9YjKW5,6a39f7496f3e496abad3584ae5812de4,6a39f7496f3e496abad3584ae5812de4_i2_2,2,2,/home/bgao491/Matterport3D/v1/scans/759xd9YjKW5/undistorted_color_images/6a39f7496f3e496abad3584ae5812de4_i2_2.jpg,/home/bgao491/Matterport3D/v1/scans/759xd9YjKW5/undistorted_depth_images/6a39f7496f3e496abad3584ae5812de4_d2_2.png,1024,1280,406,504,1.4165615917841592,1113945,0.8498725891113281,-6.813119888305664,-2.1212399005889893,1.6397700309753418,True,169093,0.8263595668152318,True,,1.0,169093,1.1611536741256714,0.14941405754447057,1.0836927761013364,0.06903961157785632,log-depth Laplacian fallback,,,,0.08647953784954947,0.016426268083582114,0.16765824600779058,0.13027397770376947,0.09994434920930413,-0.08469623991221141,0.0896031874386021,0.03891416986552767,5.306053037432306,0.9960455857335865,0.9971111679661024,0.998105831077836,0.06878055453457338,0.012605498339620835,0.12636964658926692,0.08187023799726934,0.08368880337648876,0.06471781768359294,0.06482142058286038,0.028151585268266142,5.306053038617142,0.9953220311595277,0.9964100561517849,0.9973813787933875,0.06878055453457338,0.012605498339620835,0.12636964658926692,0.08187023799726934,0.08368880337648876,0.06471781768359294,0.06482142058286038,0.028151585268266142,5.306053038617142,0.9953220311595277,0.9964100561517849,0.9973813787933875,0.0841553540922622,0.015632549481244918,0.13422861154184543,0.09198664992080428,0.1024735463236515,0.07643485925528454,0.07836669765892018,0.03403422435824954,6.825349798193783,0.9952798387712141,0.9965267585024395,0.9974684567011837,0.02706166012803465,0.006953655490555868,0.09861690022300862,0.04120020447642713,0.05323624411074045,-0.00432178196832656,0.026029491887982016,0.011304464693696049,5.306053041231866,0.9956847061569467,0.9967709357284247,0.997699168271324,0.016955433879047632,0.26419271901249886,0.07428494188934565,ok,
759xd9YjKW5,6a39f7496f3e496abad3584ae5812de4,6a39f7496f3e496abad3584ae5812de4_i2_3,2,3,/home/bgao491/Matterport3D/v1/scans/759xd9YjKW5/undistorted_color_images/6a39f7496f3e496abad3584ae5812de4_i2_3.jpg,/home/bgao491/Matterport3D/v1/scans/759xd9YjKW5/undistorted_depth_images/6a39f7496f3e496abad3584ae5812de4_d2_3.png,1024,1280,406,504,1.4165615917841592,1052033,0.8026374816894531,-6.814420223236084,-2.1067399978637695,1.639930009841919,True,203961,0.9967599108608961,True,,1.0,203961,1.0125290155410767,0.012451176912464033,1.090081382540614,0.0738011794227513,log-depth Laplacian fallback,,,,0.07612007229650415,0.009905154977254945,0.1166383861372288,0.09056486445916524,0.09083789771980022,-0.07016672501053998,0.07928342528368602,0.03443235410709358,5.7690158289331706,0.997262443288376,0.9986293205631382,0.9997072335183402,0.06791340179538298,0.008337784521589313,0.10706271465602522,0.08133738276817352,0.08160415955317642,-0.05771554812967988,0.07018026038265707,0.030478899822721357,5.769015826352775,0.9971341203175186,0.9985912989421435,0.9996093278442787,0.06791340179538298,0.008337784521589313,0.10706271465602522,0.08133738276817352,0.08160415955317642,-0.05771554812967988,0.07018026038265707,0.030478899822721357,5.769015826352775,0.9971341203175186,0.9985912989421435,0.9996093278442787,0.07493363762485114,0.010431632352770065,0.11403420832707763,0.08533192930736472,0.09297463385315619,-0.03117375288493696,0.07640253670958073,0.03318120009638154,8.759269188235592,0.9968261451874608,0.9982833238120857,0.9993023032547458,0.0420951522243213,0.00554143765388344,0.08335085044149974,0.048145872701410325,0.059890737770398904,0.016085586897612972,0.04063993930656704,0.017649701385725126,5.769015830141245,0.9964649397880104,0.9982681151636879,0.9992490729853531,0.016394146950915456,0.2569338730536401,0.07425144291482866,ok,
759xd9YjKW5,6a39f7496f3e496abad3584ae5812de4,6a39f7496f3e496abad3584ae5812de4_i2_4,2,4,/home/bgao491/Matterport3D/v1/scans/759xd9YjKW5/undistorted_color_images/6a39f7496f3e496abad3584ae5812de4_i2_4.jpg,/home/bgao491/Matterport3D/v1/scans/759xd9YjKW5/undistorted_depth_images/6a39f7496f3e496abad3584ae5812de4_d2_4.png,1024,1280,406,504,1.4165615917841592,1234093,0.9415382385253906,-6.802519798278809,-2.09837007522583,1.639989972114563,True,204624,1.0,True,,1.0,204624,0.9966639280319214,-0.003341649063348635,1.0640221073836418,0.06539781738315428,log-depth Laplacian fallback,,,,0.08538385908110047,0.03336401539124386,0.2618952731215163,0.1743081158852316,0.11662684600461999,-0.04422590563976553,0.08366784271172698,0.03633648240245224,10.79161270586,0.9723537853306031,0.9944412617201459,0.9965569855756414,0.08760131777902656,0.033984209575230115,0.26652131445767235,0.17985915747150097,0.11793456971669272,-0.04756755469336303,0.0861743187344458,0.03742503110814181,10.791612703741444,0.9712063839597178,0.9944647607595214,0.9965650886926674,0.08760131777902656,0.033984209575230115,0.26652131445767235,0.17985915747150097,0.11793456971669272,-0.04756755469336303,0.0861743187344458,0.03742503110814181,10.791612703741444,0.9712063839597178,0.9944647607595214,0.9965650886926674,0.07843881519197377,0.031619139680787126,0.2552259600524814,0.1626383609894495,0.1103660377235264,-0.04064713195100985,0.07686091726786214,0.03338027224345486,10.260834735511555,0.9741064895433327,0.9943885914594767,0.9965156596788086,0.05904961809148662,0.02967194283874472,0.20602504500821633,0.09364039513610732,0.10937919042497925,0.017830222084331472,0.053039314007084136,0.023034681397210485,10.791612705451993,0.933198713549141,0.9938959219442943,0.9962717558563252,0.01584136695601046,0.2715101500507444,0.07159669091925025,ok,
759xd9YjKW5,6a39f7496f3e496abad3584ae5812de4,6a39f7496f3e496abad3584ae5812de4_i2_5,2,5,/home/bgao491/Matterport3D/v1/scans/759xd9YjKW5/undistorted_color_images/6a39f7496f3e496abad3584ae5812de4_i2_5.jpg,/home/bgao491/Matterport3D/v1/scans/759xd9YjKW5/undistorted_depth_images/6a39f7496f3e496abad3584ae5812de4_d2_5.png,1024,1280,406,504,1.4165615917841592,1090138,0.8317092895507813,-6.78931999206543,-2.104490041732788,1.6398799419403076,True,179135,0.8754349440925796,True,,1.0,179135,0.9460878372192383,-0.05541986305753591,1.0345852171591199,0.08942045308257393,log-depth Laplacian fallback,,,,0.0457918696045215,0.0068074819023785935,0.10802409417884748,0.05885216159640379,0.07206117445515912,-0.03703858355678956,0.04720861651436896,0.02050244165047715,6.181388348877294,0.9850486819099967,0.9959142787426913,0.9999862402741672,0.09239549110907115,0.01429271694720629,0.1487710811446273,0.11405804907274548,0.11121834614152923,-0.0924584465184173,0.09759471373118483,0.0423848456363811,6.181388343938584,0.9860907518130732,0.9920890749611517,0.9995330866367378,0.09239549110907115,0.01429271694720629,0.1487710811446273,0.11405804907274548,0.11121834614152923,-0.0924584465184173,0.09759471373118483,0.0423848456363811,6.181388343938584,0.9860907518130732,0.9920890749611517,0.9995330866367378,0.10272004529720319,0.01760357390688193,0.15784977182448853,0.11796622930160693,0.13152719636355942,-0.10220037002669366,0.11020847603392059,0.0478629330004985,8.279183383441396,0.9863118247414547,0.9920698113449857,0.9994762131032952,0.03236528780872022,0.0053760455561676045,0.0967000686106086,0.04154591018503661,0.06188849229418514,-0.003037973831880005,0.0325280853871773,0.01412676799052891,6.181388350074945,0.9841121032383056,0.9976681851288552,1.0,0.01904525188729167,0.2776050460524857,0.07311914605088532,ok,
759xd9YjKW5,6e1e523c608942daae201e0edb7cdde0,6e1e523c608942daae201e0edb7cdde0_i0_0,0,0,/home/bgao491/Matterport3D/v1/scans/759xd9YjKW5/undistorted_color_images/6e1e523c608942daae201e0edb7cdde0_i0_0.jpg,/home/bgao491/Matterport3D/v1/scans/759xd9YjKW5/undistorted_depth_images/6e1e523c608942daae201e0edb7cdde0_d0_0.png,1024,1280,406,504,1.4155678118069965,1241241,0.9469917297363282,-10.295700073242188,-1.3969700336456299,1.5711400508880615,True,204624,1.0,True,,1.0,204624,0.9976681470870972,-0.0023345759158250067,1.14263964550595,0.13567564024677325,log-depth Laplacian fallback,,,,0.12971515851614213,0.06814363839600972,0.46005098198115246,0.37937291655200917,0.1599795205491047,-0.1227815350197289,0.13787474835878039,0.05987824240601775,10.255799165994084,0.8969934122382358,0.9919137379445249,0.9982203294928221,0.1314679629983779,0.06931151736974756,0.46404457977189323,0.3847886818042796,0.16177819025261597,-0.12511611093305916,0.1399324268265293,0.06077188081009219,10.255799152868606,0.8907238803745606,0.9919532145651005,0.9982871980542054,0.1314679629983779,0.06931151736974756,0.46404457977189323,0.3847886818042796,0.16177819025261597,-0.12511611093305916,0.1399324268265293,0.06077188081009219,10.255799152868606,0.8907238803745606,0.9919532145651005,0.9982871980542054,0.12740088240974248,0.06624087068580979,0.45366166220310655,0.37079548323743783,0.15654268298868682,-0.1194148274274154,0.13506164230327752,0.05865652596910422,10.122109754283985,0.9128823491972953,0.9918742613239492,0.9981228464093597,0.06901085613810863,0.05483142607971296,0.46972703841235447,0.24598052034123039,0.1031001704990627,0.01055952187965389,0.06520508536210792,0.028318208764793972,10.255799166622225,0.9845146913451941,0.9894605479516065,0.9939367133377,0.0102192428894341,0.2738318599294871,0.07541105593554676,ok,
759xd9YjKW5,6e1e523c608942daae201e0edb7cdde0,6e1e523c608942daae201e0edb7cdde0_i0_1,0,1,/home/bgao491/Matterport3D/v1/scans/759xd9YjKW5/undistorted_color_images/6e1e523c608942daae201e0edb7cdde0_i0_1.jpg,/home/bgao491/Matterport3D/v1/scans/759xd9YjKW5/undistorted_depth_images/6e1e523c608942daae201e0edb7cdde0_d0_1.png,1024,1280,406,504,1.4155678118069965,1226300,0.9355926513671875,-10.305299758911133,-1.3860199451446533,1.571370005607605,True,204624,1.0,True,,1.0,204624,0.8859509229660034,-0.1210937215974586,0.9408512819167448,0.0601235271142086,log-depth Laplacian fallback,,,,0.16815939457595555,0.08508749856717135,0.4299261873870565,0.34459761141826656,0.2013257537953145,0.021101809468392466,0.1665184149157946,0.07231802873320572,20.021681442479114,0.6180306613389872,0.996133898719726,0.9977093696485363,0.1515202731005721,0.08942396570509879,0.4764566718302009,0.33118742071759844,0.2237971297752362,-0.09999191219048661,0.16860301842403597,0.07322336053379114,20.021681445903567,0.7238171736116774,0.9160344124602463,0.9983258582728533,0.1515202731005721,0.08942396570509879,0.4764566718302009,0.33118742071759844,0.2237971297752362,-0.09999191219048661,0.16860301842403597,0.07322336053379114,20.021681445903567,0.7238171736116774,0.9160344124602463,0.9983258582728533,0.12772113430733806,0.06574403150042227,0.4024152549236386,0.2733252939694392,0.19025379793339206,-0.09102951015989731,0.14020360518861053,0.06088965207635573,16.706326917706694,0.7939305227105928,0.9744638342982956,0.998053494250999,0.1518871229433304,0.08109405603894017,0.44154631278792067,0.327911046898784,0.20414764708874425,-0.03986839644551203,0.15993354382533959,0.0694582555545769,20.021681442060242,0.7780673570904346,0.971185680502324,0.998003751121259,0.01071586599573493,0.2692023159470409,0.07136719604022801,ok,
759xd9YjKW5,6e1e523c608942daae201e0edb7cdde0,6e1e523c608942daae201e0edb7cdde0_i0_2,0,2,/home/bgao491/Matterport3D/v1/scans/759xd9YjKW5/undistorted_color_images/6e1e523c608942daae201e0edb7cdde0_i0_2.jpg,/home/bgao491/Matterport3D/v1/scans/759xd9YjKW5/undistorted_depth_images/6e1e523c608942daae201e0edb7cdde0_d0_2.png,1024,1280,406,504,1.4155678118069965,1077351,0.8219535827636719,-10.300600051879883,-1.372249960899353,1.571720004081726,True,204624,1.0,True,,1.0,204624,1.0332558155059814,0.03271480275678005,1.0900648611273556,0.05352239733531015,log-depth Laplacian fallback,,,,0.08408457770422835,0.013622070430708854,0.1498161594845692,0.13725855806913895,0.10070710809100884,-0.0883888304660897,0.08891933071139396,0.03861717466248875,4.826319787261299,0.9996742008871761,1.0,1.0,0.058521246259162836,0.007152005883675596,0.10555384012547323,0.09218246152501616,0.07368129773266945,-0.0556740277906851,0.061050971376867706,0.026514099983807046,4.826319783367345,1.0,1.0,1.0,0.058521246259162836,0.007152005883675596,0.10555384012547323,0.09218246152501616,0.07368129773266945,-0.0556740277906851,0.061050971376867706,0.026514099983807046,4.826319783367345,1.0,1.0,1.0,0.04201052693506711,0.004101265362265623,0.0820797139468828,0.06837681420322973,0.05429422190766547,-0.03434521590358461,0.04326965514039231,0.018791772461329067,4.205078687842809,0.9996482112143582,1.0,1.0,0.03896683559111048,0.0038516209748933046,0.08249659717309733,0.06594778815680523,0.048311134312214905,-0.0021516100718858154,0.0390511297788486,0.016959690175041706,4.826319791136335,0.999630575364946,1.0,1.0,0.015266743954271078,0.26965139899402857,0.07145684701390564,ok,
759xd9YjKW5,6e1e523c608942daae201e0edb7cdde0,6e1e523c608942daae201e0edb7cdde0_i0_3,0,3,/home/bgao491/Matterport3D/v1/scans/759xd9YjKW5/undistorted_color_images/6e1e523c608942daae201e0edb7cdde0_i0_3.jpg,/home/bgao491/Matterport3D/v1/scans/759xd9YjKW5/undistorted_depth_images/6e1e523c608942daae201e0edb7cdde0_d0_3.png,1024,1280,406,504,1.4155678118069965,1231559,0.9396049499511718,-10.286299705505371,-1.369439959526062,1.5718400478363037,True,204624,1.0,True,,1.0,204624,1.0173609256744385,0.01721194660888047,1.079264496510734,0.059067840777278405,log-depth Laplacian fallback,,,,0.07927580600833688,0.014025368373271806,0.14431421574103873,0.1248281439928352,0.10793675809509869,-0.08294721188593351,0.0847392003637823,0.036801767118884686,6.906593797545865,0.9474479095195601,1.0,1.0,0.06726409958316752,0.010865864211703975,0.12585569377411351,0.10425418371082745,0.09534793601532048,-0.06573526533273284,0.07147063035782734,0.031039300382551448,6.90659380159052,0.96025850162274,1.0,1.0,0.06726409958316752,0.010865864211703975,0.12585569377411351,0.10425418371082745,0.09534793601532048,-0.06573526533273284,0.07147063035782734,0.031039300382551448,6.90659380159052,0.96025850162274,1.0,1.0,0.050695135395525906,0.005602220399767437,0.09921182368411924,0.08801459752676413,0.06285317087216986,-0.05227789614285787,0.05259630074737942,0.02284228318311076,3.489330399321263,0.9978945385482952,1.0,1.0,0.05181171691493863,0.007950796756764,0.1279664927259736,0.0999003888305826,0.06938701627129147,-0.006667401243304295,0.05266928650722811,0.022873980495870586,6.90659379701257,0.9946985893489472,1.0,1.0,0.010307820048183203,0.26499554398469627,0.07456668792292476,ok,
759xd9YjKW5,6e1e523c608942daae201e0edb7cdde0,6e1e523c608942daae201e0edb7cdde0_i0_4,0,4,/home/bgao491/Matterport3D/v1/scans/759xd9YjKW5/undistorted_color_images/6e1e523c608942daae201e0edb7cdde0_i0_4.jpg,/home/bgao491/Matterport3D/v1/scans/759xd9YjKW5/undistorted_depth_images/6e1e523c608942daae201e0edb7cdde0_d0_4.png,1024,1280,406,504,1.4155678118069965,1238885,0.9451942443847656,-10.276700019836426,-1.3803900480270386,1.5716099739074707,True,204624,1.0,True,,1.0,204624,1.094537615776062,0.09033200539027106,1.0908666832801905,0.0033595028160669227,log-depth Laplacian fallback,,,,0.09075165579855539,0.02259327365258125,0.20705470441740856,0.1438124051510778,0.13784597813240732,-0.09569639667490573,0.09885320490283027,0.04293140140775064,9.921548946973557,0.9546664944688167,0.9853989676200777,0.9858630946375168,0.04836767921279028,0.013849345962341041,0.1726078821501844,0.08583354487565753,0.09936040466606628,-0.005364391185816121,0.05075937221949864,0.02204451525980148,9.921548932807815,0.9815277447059251,0.9851374421354686,0.9956468921651324,0.04836767921279028,0.013849345962341041,0.1726078821501844,0.08583354487565753,0.09936040466606628,-0.005364391185816121,0.05075937221949864,0.02204451525980148,9.921548932807815,0.9815277447059251,0.9851374421354686,0.9956468921651324,0.05060575506218335,0.013066898271150016,0.1654382153321125,0.08786073025436535,0.09812961232595986,0.013656488740329643,0.052590001744375094,0.022839547560864492,9.717469387926275,0.9828119639837435,0.984879145360546,0.9948824951468458,0.04810925768644756,0.013711184397473588,0.1714204439755453,0.0850484819757422,0.09959829140731528,-0.008723892600964447,0.05066295250906711,0.02200264071161435,9.921548946179387,0.9816149198674615,0.9851552000387445,0.9955242011970441,0.014726074179634452,0.2722214700188488,0.07145723793655634,ok,
759xd9YjKW5,6e1e523c608942daae201e0edb7cdde0,6e1e523c608942daae201e0edb7cdde0_i0_5,0,5,/home/bgao491/Matterport3D/v1/scans/759xd9YjKW5/undistorted_color_images/6e1e523c608942daae201e0edb7cdde0_i0_5.jpg,/home/bgao491/Matterport3D/v1/scans/759xd9YjKW5/undistorted_depth_images/6e1e523c608942daae201e0edb7cdde0_d0_5.png,1024,1280,406,504,1.4155678118069965,1221980,0.9322967529296875,-10.281399726867676,-1.3941500186920166,1.5712599754333496,True,204624,1.0,True,,1.0,204624,0.950254499912262,-0.051025435620427106,1.0723802854852136,0.12090617928506259,log-depth Laplacian fallback,,,,0.10509945056759111,0.0466578788074182,0.32806139255781425,0.25006698398812005,0.1533463850048028,-0.0654503295433594,0.1080577198442915,0.04692887145542329,13.86772084976723,0.9160354506620403,0.9875546244619389,0.9951586769014222,0.1334862342968744,0.06675840122355746,0.42735567219692605,0.3516226069622144,0.18110210385218953,-0.11647576515811203,0.14249823921802382,0.0618861989733173,13.867720847537123,0.8812312803810209,0.9681001325717279,0.9955891258449402,0.1334862342968744,0.06675840122355746,0.42735567219692605,0.3516226069622144,0.18110210385218953,-0.11647576515811203,0.14249823921802382,0.0618861989733173,13.867720847537123,0.8812312803810209,0.9681001325717279,0.9955891258449402,0.12217010033759426,0.05621343613192073,0.3651565666585419,0.28873104730282256,0.18147619047731273,-0.11180699389868315,0.13107000082383535,0.0569229781008463,14.294335880165166,0.8903042602988592,0.942409859408501,0.995606311068921,0.08861756512354733,0.03798127555592434,0.2507199199317034,0.16385219365674916,0.1387479617552983,0.004430431687337831,0.08502635101078747,0.03692647506035397,13.867720853230914,0.9148873140313262,0.9922617391446669,0.9945702875660812,0.010825106874108315,0.2677643238566816,0.07137706899084151,ok,
759xd9YjKW5,6e1e523c608942daae201e0edb7cdde0,6e1e523c608942daae201e0edb7cdde0_i1_0,1,0,/home/bgao491/Matterport3D/v1/scans/759xd9YjKW5/undistorted_color_images/6e1e523c608942daae201e0edb7cdde0_i1_0.jpg,/home/bgao491/Matterport3D/v1/scans/759xd9YjKW5/undistorted_depth_images/6e1e523c608942daae201e0edb7cdde0_d1_0.png,1024,1280,406,504,1.4121168655554452,1134187,0.8653160095214844,-10.292200088500977,-1.3873200416564941,1.6046500205993652,True,204624,1.0,True,,1.0,204624,0.9808976650238037,-0.019287141857351274,0.9945328498606703,0.01380499215781985,log-depth Laplacian fallback,,,,0.059698784675983045,0.05034521431234307,0.4170781475629389,0.2134525348364432,0.10670747101799953,0.02604891693237904,0.05390823697874232,0.023412049849000638,10.347916842392593,0.9612048101415375,0.9808717610059011,0.9988705566189703,0.06076517105283585,0.04686589197247988,0.4085031488211864,0.22303207295322777,0.10369985485648105,0.006761775056917339,0.056119931523335956,0.024372576585373142,10.347916841246303,0.9638234259429882,0.9819765170999138,0.9989208128818263,0.06076517105283585,0.04686589197247988,0.4085031488211864,0.22303207295322777,0.10369985485648105,0.006761775056917339,0.056119931523335956,0.024372576585373142,10.347916841246303,0.9638234259429882,0.9819765170999138,0.9989208128818263,0.060268180090437454,0.04859484929905546,0.4136580147314861,0.2180756825950073,0.10539855408599562,0.0131793571425879,0.05521632861655444,0.0239801468291262,10.457131417710434,0.9630122722267139,0.9813619799909539,0.9988943622171652,0.05898030142762827,0.048971756915489474,0.41211403248670425,0.2103804016829428,0.10550321856682097,0.020566740765279874,0.05351470574542748,0.0232411414059154,10.347916844588658,0.9623483605437199,0.981150374673665,0.9988829002624787,0.010100822197273374,0.27391814487054944,0.0716258198954165,ok,
759xd9YjKW5,6e1e523c608942daae201e0edb7cdde0,6e1e523c608942daae201e0edb7cdde0_i1_1,1,1,/home/bgao491/Matterport3D/v1/scans/759xd9YjKW5/undistorted_color_images/6e1e523c608942daae201e0edb7cdde0_i1_1.jpg,/home/bgao491/Matterport3D/v1/scans/759xd9YjKW5/undistorted_depth_images/6e1e523c608942daae201e0edb7cdde0_d1_1.png,1024,1280,406,504,1.4121168655554452,1295654,0.9885055541992187,-10.294500350952148,-1.3846800327301025,1.604699969291687,True,204624,1.0,True,,1.0,204624,1.0332558155059814,0.03271480275678005,0.9879614456213166,0.04482640740294199,log-depth Laplacian fallback,,,,0.11328328741569202,0.07451310056484761,0.42575623576017313,0.2476532092686424,0.21375903186722903,-0.09007955078810652,0.1311998246952611,0.056979359891825884,19.385200085278452,0.7120442649040561,0.9439387367306395,0.9999915100790797,0.12681828772238696,0.06881485904071465,0.4056371572438073,0.26323100186047976,0.20216160008113793,-0.05736474802107054,0.14084328059529477,0.061167459575687824,19.38520008456065,0.7113866819382335,0.943841488545553,1.0,0.12681828772238696,0.06881485904071465,0.4056371572438073,0.26323100186047976,0.20216160008113793,-0.05736474802107054,0.14084328059529477,0.061167459575687824,19.38520008456065,0.7113866819382335,0.943841488545553,1.0,0.12803957339752578,0.06596772605255244,0.3955010049171514,0.26422398245715517,0.1961647023996966,-0.050496760294933,0.14026058205393796,0.06091439681456349,18.955386481757003,0.7110208435276701,0.9438723609852631,1.0,0.1113184238825647,0.0773414842870127,0.43429520635068675,0.2452469480281931,0.21913837001463524,-0.10219112965795639,0.13059375442920482,0.056716146919632004,19.38520008457533,0.7127844316461031,0.9440336694827477,0.999984563780145,0.016132413875311613,0.2757992879487574,0.07139100995846093,ok,
759xd9YjKW5,6e1e523c608942daae201e0edb7cdde0,6e1e523c608942daae201e0edb7cdde0_i1_2,1,2,/home/bgao491/Matterport3D/v1/scans/759xd9YjKW5/undistorted_color_images/6e1e523c608942daae201e0edb7cdde0_i1_2.jpg,/home/bgao491/Matterport3D/v1/scans/759xd9YjKW5/undistorted_depth_images/6e1e523c608942daae201e0edb7cdde0_d1_2.png,1024,1280,406,504,1.4121168655554452,725210,0.5532913208007812,-10.293399810791016,-1.381369948387146,1.6047899723052979,True,204624,1.0,True,,1.0,204624,1.0112320184707642,0.011169407744970421,1.1207799257037434,0.10285539744983775,log-depth Laplacian fallback,,,,0.10560713981050451,0.031210316719993997,0.27408083825515267,0.2436760362334316,0.12232448539311624,-0.10735196926447252,0.11211164076108898,0.04868946693966061,5.864157588034667,0.9938459204919954,0.9999889687125109,0.999990347623447,0.09733940535177266,0.026964409238192884,0.25484521663467574,0.22512774772276228,0.11264954315252025,-0.09618256157523702,0.10271180587519747,0.04460717051791624,5.864157587665307,0.9939148660388025,0.9999889687125109,0.999990347623447,0.09733940535177266,0.026964409238192884,0.25484521663467574,0.22512774772276228,0.11264954315252025,-0.09618256157523702,0.10271180587519747,0.04460717051791624,5.864157587665307,0.9939148660388025,0.9999889687125109,0.999990347623447,0.0845648136317764,0.02198368478329125,0.23146745409145267,0.198234276280644,0.09990921773927879,-0.08096233725243239,0.0885771420740219,0.038468564025508065,5.854017198384386,0.9937273341514872,0.9999889687125109,0.999990347623447,0.03808743584312309,0.010934045983391708,0.1681164852454021,0.0973840518749677,0.059020001011704785,0.006672787939947852,0.03683146239938125,0.015995700880478386,5.864157587011216,0.9934005322596213,0.997621378635154,0.999990347623447,0.016019480070099235,0.2734861320350319,0.07161328685469925,ok,
759xd9YjKW5,6e1e523c608942daae201e0edb7cdde0,6e1e523c608942daae201e0edb7cdde0_i1_3,1,3,/home/bgao491/Matterport3D/v1/scans/759xd9YjKW5/undistorted_color_images/6e1e523c608942daae201e0edb7cdde0_i1_3.jpg,/home/bgao491/Matterport3D/v1/scans/759xd9YjKW5/undistorted_depth_images/6e1e523c608942daae201e0edb7cdde0_d1_3.png,1024,1280,406,504,1.4121168655554452,1279583,0.9762443542480469,-10.289999961853027,-1.3806899785995483,1.6048200130462646,True,201109,0.9828221518492455,True,,1.0,201109,0.9791032075881958,-0.02111822056967375,1.0196688294613638,0.04059611814820242,log-depth Laplacian fallback,,,,0.031660692768451286,0.01760738079165683,0.2852941483905535,0.14926420902461932,0.054277072146983886,-0.012684147914431886,0.030953065270971452,0.01344274544517409,5.277416936848658,0.9899904890890235,0.9954852479284266,0.9999992184954004,0.04550972709977673,0.021559384168051268,0.3227712870476307,0.21528850719320525,0.062671469282917,-0.0338023685375728,0.04560709249441327,0.019806908605974893,5.277416928128494,0.9904609548579498,0.996103418066667,1.0,0.04550972709977673,0.021559384168051268,0.3227712870476307,0.21528850719320525,0.062671469282917,-0.0338023685375728,0.04560709249441327,0.019806908605974893,5.277416928128494,0.9904609548579498,0.996103418066667,1.0,0.03778182561503071,0.017957512635987563,0.29125971545538104,0.17235626040219576,0.056693093521496596,-0.025900368497089925,0.03752919657604912,0.01629872298324055,5.043092072084458,0.990171798156118,0.9960283936251106,1.0,0.027217923918659844,0.01739888563080622,0.2776613842478273,0.12091509607580708,0.053209659170403184,0.00679373801028692,0.025953741827397167,0.011271566860380207,5.277416937174904,0.9894731330441245,0.9950585464170749,0.9999921849540045,0.012270433828234673,0.2705988788511604,0.07188013382256031,ok,
759xd9YjKW5,6e1e523c608942daae201e0edb7cdde0,6e1e523c608942daae201e0edb7cdde0_i1_4,1,4,/home/bgao491/Matterport3D/v1/scans/759xd9YjKW5/undistorted_color_images/6e1e523c608942daae201e0edb7cdde0_i1_4.jpg,/home/bgao491/Matterport3D/v1/scans/759xd9YjKW5/undistorted_depth_images/6e1e523c608942daae201e0edb7cdde0_d1_4.png,1024,1280,406,504,1.4121168655554452,1182685,0.9023170471191406,-10.287699699401855,-1.38332998752594,1.6047600507736206,True,204624,1.0,True,,1.0,204624,1.0728434324264526,0.07031253727624621,1.0245483394998829,0.046060666188501284,log-depth Laplacian fallback,,,,0.08255293636852819,0.04591282030926513,0.41109437775241875,0.23709120476611314,0.1081834233812757,-0.015530318574053426,0.08158617071161978,0.03543242373967317,10.706288945979724,0.97557422306024,0.996163813695109,0.998439990360916,0.09321621699844124,0.058836850769717834,0.44334601046626015,0.22593223880064317,0.12026451590957361,0.0547822186495854,0.0862404416917573,0.0374537479436293,10.706288949394697,0.9679238343261308,0.9942918021282082,0.9976976117901216,0.09321621699844124,0.058836850769717834,0.44334601046626015,0.22593223880064317,0.12026451590957361,0.0547822186495854,0.0862404416917573,0.0374537479436293,10.706288949394697,0.9679238343261308,0.9942918021282082,0.9976976117901216,0.09272455481894788,0.05521339452671565,0.4214716816841221,0.20868732788131197,0.12163645764442563,0.06127881237388438,0.08520955359017328,0.03700603892965171,10.50729983503394,0.9585240364086802,0.9946892029576768,0.9977677910855384,0.08310697734526093,0.04703240132228753,0.4075558356875036,0.22498799475850756,0.10741753567216353,0.008721506321085091,0.0801394335044926,0.034804113753853685,10.706288944994805,0.9732735259177211,0.9956404283473621,0.9983097781742392,0.011014824965968728,0.2748261890374124,0.07141124503687024,ok,
759xd9YjKW5,6e1e523c608942daae201e0edb7cdde0,6e1e523c608942daae201e0edb7cdde0_i1_5,1,5,/home/bgao491/Matterport3D/v1/scans/759xd9YjKW5/undistorted_color_images/6e1e523c608942daae201e0edb7cdde0_i1_5.jpg,/home/bgao491/Matterport3D/v1/scans/759xd9YjKW5/undistorted_depth_images/6e1e523c608942daae201e0edb7cdde0_d1_5.png,1024,1280,406,504,1.4121168655554452,1133394,0.8647109985351562,-10.288800239562988,-1.386639952659607,1.6046799421310425,True,204624,1.0,True,,1.0,204624,0.980418860912323,-0.019775389536561397,0.9943044612876115,0.014063569393115379,log-depth Laplacian fallback,,,,0.1937602717433517,0.14013609419796316,0.4738561891062041,0.3199010627477036,0.2646186899734992,0.1046209606569103,0.15194321870290733,0.06598810144529156,24.305864657427044,0.7861335069710974,0.7991748676982585,0.9881912203523223,0.19132935327919698,0.13308000219087593,0.4854902964793563,0.34590836635212885,0.25744179271143686,0.08484557123850939,0.15331023118316559,0.06658178742216063,24.305864657668412,0.787058163357138,0.7998383615935852,0.9884100321688662,0.19132935327919698,0.13308000219087593,0.4854902964793563,0.34590836635212885,0.25744179271143686,0.08484557123850939,0.15331023118316559,0.06658178742216063,24.305864657668412,0.787058163357138,0.7998383615935852,0.9884100321688662,0.1795436066752458,0.12292086332289423,0.46524744969779275,0.31833393810293914,0.24644221091619053,0.08828611612540205,0.14433126933570042,0.06268227383858672,23.00854732936266,0.7865534844899479,0.7993989733490736,0.9882838624520688,0.1924432328683169,0.1377566160040298,0.4756768649832491,0.32535960092100985,0.2624128943177798,0.09890915748826871,0.15172894326601793,0.06589504280544316,24.305864656332453,0.7863955517675231,0.7993707395662938,0.988254746363577,0.01028420403599739,0.27829270414076746,0.07505377382040024,ok,
759xd9YjKW5,6e1e523c608942daae201e0edb7cdde0,6e1e523c608942daae201e0edb7cdde0_i2_0,2,0,/home/bgao491/Matterport3D/v1/scans/759xd9YjKW5/undistorted_color_images/6e1e523c608942daae201e0edb7cdde0_i2_0.jpg,/home/bgao491/Matterport3D/v1/scans/759xd9YjKW5/undistorted_depth_images/6e1e523c608942daae201e0edb7cdde0_d2_0.png,1024,1280,406,504,1.4165615917841592,1239214,0.9454452514648437,-10.295900344848633,-1.398569941520691,1.637619972229004,True,204624,1.0,True,,1.0,204624,0.9401013851165771,-0.06176755302718536,1.0337250564666656,0.09493639091811484,log-depth Laplacian fallback,,,,0.04515094414377311,0.011195759465072721,0.15419273257022983,0.09512016386488761,0.06563776032860585,-0.02840569928294569,0.04503437012296326,0.019558178440391597,5.917289775904475,0.9892367258601017,0.9978881775060643,0.9994141447724122,0.09468371689010927,0.024060210470003666,0.23286841234266464,0.21023325542726035,0.10785475080825069,-0.09017325239001439,0.09880262742330786,0.04290943588748553,5.917289772621093,0.9918246565968428,0.9987411375274973,0.9995335753146752,0.09468371689010927,0.024060210470003666,0.23286841234266464,0.21023325542726035,0.10785475080825069,-0.09017325239001439,0.09880262742330786,0.04290943588748553,5.917289772621093,0.9918246565968428,0.9987411375274973,0.9995335753146752,0.08395424580336741,0.02079343366523752,0.21286763606589212,0.18246080139497392,0.1012259110087968,-0.07803042263993311,0.08727659561914122,0.037903743876694575,6.44820765964796,0.9838349147120675,0.9984465959874566,0.9995077524947265,0.035110798783544644,0.011045119184785882,0.15700779032217957,0.07972080599554887,0.05936429067765363,0.004763106484863998,0.0337163018237968,0.014642803832259499,5.9172897717407755,0.9873871663812707,0.9965599162049492,0.9992390337746345,0.010568700032308698,0.2711220697965473,0.07468799408525229,ok,
759xd9YjKW5,6e1e523c608942daae201e0edb7cdde0,6e1e523c608942daae201e0edb7cdde0_i2_1,2,1,/home/bgao491/Matterport3D/v1/scans/759xd9YjKW5/undistorted_color_images/6e1e523c608942daae201e0edb7cdde0_i2_1.jpg,/home/bgao491/Matterport3D/v1/scans/759xd9YjKW5/undistorted_depth_images/6e1e523c608942daae201e0edb7cdde0_d2_1.png,1024,1280,406,504,1.4165615917841592,1233307,0.9409385681152344,-10.305500030517578,-1.387619972229004,1.637850046157837,True,204624,1.0,True,,1.0,204624,1.007535696029663,0.007507444513457778,1.0020466587180648,0.005462877348037036,log-depth Laplacian fallback,,,,0.03682413890094121,0.007557899045687421,0.10320271508924908,0.06128933581602917,0.06236836337528517,-0.00994657678508595,0.03603452498263549,0.015649595357963467,6.157010930938813,0.989994380961107,0.99613883647786,0.9976923831616945,0.03727464520624362,0.0074914632318398905,0.10208215678866896,0.06199483275090192,0.06161840415112651,-0.002439132314797588,0.03620735746009665,0.015724655549218505,6.157010933628813,0.9891008483694652,0.9960707269155207,0.997678599083602,0.03727464520624362,0.0074914632318398905,0.10208215678866896,0.06199483275090192,0.06161840415112651,-0.002439132314797588,0.03620735746009665,0.015724655549218505,6.157010933628813,0.9891008483694652,0.9960707269155207,0.997678599083602,0.04097808813279798,0.00819757266499728,0.10810610615831014,0.07006181739871992,0.0636093861882092,0.0081154583071525,0.03946750739068114,0.01714052067424863,6.308956607637755,0.9886192164643516,0.9959272103377342,0.9976623825211404,0.03687060850111696,0.007519486095214161,0.10271020220505325,0.061320311077707954,0.062075110965247746,-0.007901964139429422,0.036005666007784674,0.015637062064432366,6.157010933957316,0.9897178885711344,0.9961234307435213,0.997687518192956,0.010610694997012615,0.27011578693054616,0.0743741299957037,ok,
759xd9YjKW5,6e1e523c608942daae201e0edb7cdde0,6e1e523c608942daae201e0edb7cdde0_i2_2,2,2,/home/bgao491/Matterport3D/v1/scans/759xd9YjKW5/undistorted_color_images/6e1e523c608942daae201e0edb7cdde0_i2_2.jpg,/home/bgao491/Matterport3D/v1/scans/759xd9YjKW5/undistorted_depth_images/6e1e523c608942daae201e0edb7cdde0_d2_2.png,1024,1280,406,504,1.4165615917841592,1064897,0.8124519348144531,-10.300800323486328,-1.3738600015640259,1.638200044631958,True,204624,1.0,True,,1.0,204624,1.133148431777954,0.12499998121263603,1.1891695947393215,0.04825526277462583,log-depth Laplacian fallback,,,,0.156098207500895,0.05376865066395985,0.3492476099772756,0.34291944845499034,0.17102571266333,-0.16917252341783998,0.16984228871110799,0.07376156878105311,2.5108797510838743,0.9933768242374614,1.0,1.0,0.044686488698365015,0.005386799072444213,0.10960388771440108,0.0956160884527092,0.05081008952754848,-0.04417254221314119,0.04575193147538886,0.019869811376177087,2.510879750656632,0.9983500751715894,1.0,1.0,0.044686488698365015,0.005386799072444213,0.10960388771440108,0.0956160884527092,0.05081008952754848,-0.04417254221314119,0.04575193147538886,0.019869811376177087,2.510879750656632,0.9983500751715894,1.0,1.0,0.038470086335403726,0.004490627439169606,0.09968735161076676,0.08158716247356596,0.04651944095241671,-0.03756293971346132,0.039332634158713214,0.01708194597384849,2.7442375017630227,0.9983998452432489,1.0,1.0,0.015234866021277394,0.001865531758769886,0.0680720490528974,0.036574397541909484,0.025438566498281877,0.004082763108935619,0.015012341883498176,0.006519777240448332,2.510879747984406,0.9981941915509199,1.0,1.0,0.011241137981414795,0.2778208761010319,0.07146022492088377,ok,
759xd9YjKW5,6e1e523c608942daae201e0edb7cdde0,6e1e523c608942daae201e0edb7cdde0_i2_3,2,3,/home/bgao491/Matterport3D/v1/scans/759xd9YjKW5/undistorted_color_images/6e1e523c608942daae201e0edb7cdde0_i2_3.jpg,/home/bgao491/Matterport3D/v1/scans/759xd9YjKW5/undistorted_depth_images/6e1e523c608942daae201e0edb7cdde0_d2_3.png,1024,1280,406,504,1.4165615917841592,1263095,0.9636650085449219,-10.286499977111816,-1.3710399866104126,1.638319969177246,True,204624,1.0,True,,1.0,204624,0.9917335510253906,-0.008300805532764986,1.0267138404843763,0.03466406131828047,log-depth Laplacian fallback,,,,0.028413768614255843,0.002774566993723675,0.09559335577591686,0.07770404301205987,0.03147633664070638,-0.028237664060942285,0.028838349988501225,0.012524336267200797,1.3906620606762932,0.9995518943547398,1.0,1.0,0.03639624469128764,0.00415334593772807,0.1157001260090219,0.09966079260423254,0.039095445527813126,-0.036538469675532724,0.03708984602874877,0.016107915464926823,1.3906620538016379,0.9995859377164822,1.0,1.0,0.03639624469128764,0.00415334593772807,0.1157001260090219,0.09966079260423254,0.039095445527813126,-0.036538469675532724,0.03708984602874877,0.016107915464926823,1.3906620538016379,0.9995859377164822,1.0,1.0,0.02775482278762229,0.002658131273446704,0.09271960292584244,0.07623362506759936,0.0305103398962422,-0.027376321814231473,0.02813769570639956,0.01222004597876215,1.3469144163897808,0.9995265597599547,1.0,1.0,0.007962980608790068,0.0007548154648162188,0.053257464403024424,0.023630398532815077,0.014032372402810633,-0.0018744008228523158,0.007955625386573654,0.003455084205478362,1.3906620610574376,0.9994964749286475,1.0,1.0,0.014122809050604701,0.27470567892305553,0.07472966494970024,ok,
759xd9YjKW5,6e1e523c608942daae201e0edb7cdde0,6e1e523c608942daae201e0edb7cdde0_i2_4,2,4,/home/bgao491/Matterport3D/v1/scans/759xd9YjKW5/undistorted_color_images/6e1e523c608942daae201e0edb7cdde0_i2_4.jpg,/home/bgao491/Matterport3D/v1/scans/759xd9YjKW5/undistorted_depth_images/6e1e523c608942daae201e0edb7cdde0_d2_4.png,1024,1280,406,504,1.4165615917841592,1222806,0.9329269409179688,-10.277000427246094,-1.3819899559020996,1.6380900144577026,True,204624,1.0,True,,1.0,204624,1.0807299613952637,0.07763670300602937,1.110244835769214,0.0269438607606753,log-depth Laplacian fallback,,,,0.10270662494113694,0.022758447020828465,0.21572412192858498,0.19787710392033098,0.11602928164878051,-0.10096548045835432,0.10776134596970259,0.04680015791710904,5.717312266918525,0.9894717559449332,0.9972677595628415,1.0,0.03799655567311871,0.008289694586503778,0.12060973758870505,0.06461477452626845,0.061749476187036766,-0.023328777485534923,0.03769649676594382,0.016371380532533175,5.71731226224685,0.9890383266029117,0.9966576873191659,0.998837100897444,0.03799655567311871,0.008289694586503778,0.12060973758870505,0.06461477452626845,0.061749476187036766,-0.023328777485534923,0.03769649676594382,0.016371380532533175,5.71731226224685,0.9890383266029117,0.9966576873191659,0.998837100897444,0.03699231903958357,0.008917460449585366,0.1272347041636505,0.0662471556227721,0.06290418087760542,-0.01755443962853986,0.03652037496165428,0.01586059732288413,6.040511254198976,0.9896868350335213,0.9962177156474534,0.9982302998186139,0.03185660818797493,0.00875550196889592,0.13266265825536364,0.06748717271553195,0.05728730229169914,0.0036151142660654687,0.03064668263033531,0.013309685154994871,5.717312264258275,0.9890129750753595,0.9960705132294084,0.9980683771587644,0.010851452127099037,0.2715774970129132,0.07193257007747889,ok,
759xd9YjKW5,6e1e523c608942daae201e0edb7cdde0,6e1e523c608942daae201e0edb7cdde0_i2_5,2,5,/home/bgao491/Matterport3D/v1/scans/759xd9YjKW5/undistorted_color_images/6e1e523c608942daae201e0edb7cdde0_i2_5.jpg,/home/bgao491/Matterport3D/v1/scans/759xd9YjKW5/undistorted_depth_images/6e1e523c608942daae201e0edb7cdde0_d2_5.png,1024,1280,406,504,1.4165615917841592,1245572,0.9502960205078125,-10.281700134277344,-1.3957600593566895,1.6377400159835815,True,204624,1.0,True,,1.0,204624,0.9893153309822083,-0.01074215997508802,0.9883886791389797,0.0009370986824097389,log-depth Laplacian fallback,,,,0.04548516100807361,0.018400091316889064,0.2010053612310614,0.10076946340173537,0.07824849614941566,0.018655026222378655,0.04254741089111477,0.018478105769281456,7.5992217669229,0.9835055701316343,0.9927647699209681,0.9978074330508393,0.04363341665459507,0.01679892415550405,0.18854329621565782,0.091976218502826,0.07640307961341204,0.007912866235280577,0.04117203071784313,0.01788078574951045,7.5992217511768505,0.9838010167216347,0.9931493321943653,0.99790778855016,0.04363341665459507,0.01679892415550405,0.18854329621565782,0.091976218502826,0.07640307961341204,0.007912866235280577,0.04117203071784313,0.01788078574951045,7.5992217511768505,0.9838010167216347,0.9931493321943653,0.99790778855016,0.052457570561574886,0.019705499381744027,0.2082364349266199,0.11300559216163567,0.0827607040588118,0.015172654339040824,0.0496939610045592,0.021581813048195432,8.135800327329951,0.9833538326166612,0.9927342618491746,0.9977841505749969,0.043584954948721215,0.016684378254055044,0.18758225087576183,0.09142815531962944,0.07631171709948235,0.006975745736181786,0.04116443487669018,0.01787748691761231,7.599221761532933,0.9838291162614445,0.9931806431101534,0.9979150141461112,0.010400529019534588,0.27139167580753565,0.07485945103690028,ok,
759xd9YjKW5,74ce4ff76774491f877325c9402b6184,74ce4ff76774491f877325c9402b6184_i0_0,0,0,/home/bgao491/Matterport3D/v1/scans/759xd9YjKW5/undistorted_color_images/74ce4ff76774491f877325c9402b6184_i0_0.jpg,/home/bgao491/Matterport3D/v1/scans/759xd9YjKW5/undistorted_depth_images/74ce4ff76774491f877325c9402b6184_d0_0.png,1024,1280,406,504,1.4155678118069965,1215947,0.9276939392089844,-9.612700462341309,-12.903300285339355,1.5826200246810913,True,204624,1.0,True,,1.0,204624,0.9946129322052002,-0.005401630367770797,1.1177564293614308,0.11672511853992941,log-depth Laplacian fallback,,,,0.09895339187067127,0.012800800634543088,0.11457263458279131,0.10188460677337247,0.1236369732548386,-0.10396314423018715,0.10607830081198773,0.046069220692319474,6.6916110148386405,0.9869270617880549,0.999899666679551,1.0,0.1034292624743137,0.013760696722116241,0.1190973974308593,0.1071584723313553,0.1282124007854225,-0.10936477456559036,0.11110067317139993,0.04825040929407562,6.691611016324399,0.9753007326799605,0.9998980218710191,1.0,0.1034292624743137,0.013760696722116241,0.1190973974308593,0.1071584723313553,0.1282124007854225,-0.10936477456559036,0.11110067317139993,0.04825040929407562,6.691611016324399,0.9753007326799605,0.9998980218710191,1.0,0.1025209053620606,0.014656426437567626,0.12273119508779266,0.10664455651355967,0.13377290748540194,-0.10903201119178846,0.11083483796385947,0.048134958530345225,7.750620176844963,0.9331368883676674,0.9998930874454232,1.0,0.05656033465429841,0.00637948194146889,0.09674743831702673,0.07244549969276014,0.06731969404037089,0.007360394549264007,0.055859803783219336,0.024259604543250546,6.691611015120583,0.9964932682098808,0.999900489083817,1.0,0.015461170813068748,0.27093374310061336,0.07144096517004073,ok,
759xd9YjKW5,74ce4ff76774491f877325c9402b6184,74ce4ff76774491f877325c9402b6184_i0_1,0,1,/home/bgao491/Matterport3D/v1/scans/759xd9YjKW5/undistorted_color_images/74ce4ff76774491f877325c9402b6184_i0_1.jpg,/home/bgao491/Matterport3D/v1/scans/759xd9YjKW5/undistorted_depth_images/74ce4ff76774491f877325c9402b6184_d0_1.png,1024,1280,406,504,1.4155678118069965,1170935,0.8933525085449219,-9.624879837036133,-12.911199569702148,1.5826799869537354,True,204624,1.0,True,,1.0,204624,1.0918687582015991,0.08789068530287146,1.1797583664695395,0.07741895802725081,log-depth Laplacian fallback,,,,0.1547641850324776,0.020720512487215213,0.13331742525204654,0.13133198384600583,0.172803431018299,-0.1672890797772584,0.1687121110189513,0.07327073884577937,4.330576819517347,0.8799412435361484,0.9999564450631333,1.0,0.07865250806192269,0.005876182064789826,0.06939696963179838,0.06527485917882812,0.09044055855131715,-0.07939839460141383,0.08230051952440516,0.03574266148722002,4.330576827389631,0.9969357820886727,0.9999795035591216,1.0,0.07865250806192269,0.005876182064789826,0.06939696963179838,0.06527485917882812,0.09044055855131715,-0.07939839460141383,0.08230051952440516,0.03574266148722002,4.330576827389631,0.9969357820886727,0.9999795035591216,1.0,0.06979003632389459,0.005392528058659675,0.06921519155983862,0.05991590556687211,0.08265055812613596,-0.06925651340490575,0.07279486645939598,0.03161440881419981,4.510709600005181,0.9970211839256662,0.9999948758897804,1.0,0.02973974057889058,0.0015244844016006562,0.03411602467420329,0.023166591696426507,0.043350985243444586,-0.001979484039780779,0.02963633341045345,0.012870896064004909,4.330576825913153,0.9950484014911161,1.0,1.0,0.010271552950143814,0.275458131916821,0.07313737599179149,ok,
759xd9YjKW5,74ce4ff76774491f877325c9402b6184,74ce4ff76774491f877325c9402b6184_i0_2,0,2,/home/bgao491/Matterport3D/v1/scans/759xd9YjKW5/undistorted_color_images/74ce4ff76774491f877325c9402b6184_i0_2.jpg,/home/bgao491/Matterport3D/v1/scans/759xd9YjKW5/undistorted_depth_images/74ce4ff76774491f877325c9402b6184_d0_2.png,1024,1280,406,504,1.4155678118069965,1220560,0.93121337890625,-9.637860298156738,-12.90470027923584,1.5828900337219238,True,204624,1.0,True,,1.0,204624,0.9840158820152283,-0.016113241800757887,1.058785555786699,0.07323579101834987,log-depth Laplacian fallback,,,,0.05716078550751165,0.004930155230694251,0.07381035816166258,0.0629303117501159,0.07122904003526133,-0.055187390085368444,0.05941159054039301,0.025802125932788123,4.503252291300408,0.9991733302746281,1.0,1.0,0.07076885317150484,0.006886767114985307,0.08801993248998194,0.07889190429646174,0.08433094460345912,-0.07130063177866533,0.07404851372150642,0.032158860902387475,4.5032522977009295,0.999271645801927,1.0,1.0,0.07076885317150484,0.006886767114985307,0.08801993248998194,0.07889190429646174,0.08433094460345912,-0.07130063177866533,0.07404851372150642,0.032158860902387475,4.5032522977009295,0.999271645801927,1.0,1.0,0.08139930986236854,0.009311936695842524,0.10820955203050864,0.09495678276552194,0.09509248093012389,-0.08398580980798803,0.08566328160024098,0.037203090500709024,4.459779905267116,0.9998172969784361,1.0,1.0,0.03711070411262234,0.0024465824346826337,0.05629506964964988,0.043135955563013945,0.045074083114270344,0.0019351609788955393,0.03686198413552277,0.016008956302062744,4.503252292041732,0.9980640034082716,1.0,1.0,0.010707278037443757,0.27598133706487715,0.07503642304800451,ok,
759xd9YjKW5,74ce4ff76774491f877325c9402b6184,74ce4ff76774491f877325c9402b6184_i0_3,0,3,/home/bgao491/Matterport3D/v1/scans/759xd9YjKW5/undistorted_color_images/74ce4ff76774491f877325c9402b6184_i0_3.jpg,/home/bgao491/Matterport3D/v1/scans/759xd9YjKW5/undistorted_depth_images/74ce4ff76774491f877325c9402b6184_d0_3.png,1024,1280,406,504,1.4155678118069965,1246867,0.9512840270996094,-9.638660430908203,-12.89009952545166,1.5830399990081787,True,204624,1.0,True,,1.0,204624,1.0839009284973145,0.0805665044655629,1.1566137704177624,0.06493006815207769,log-depth Laplacian fallback,,,,0.15111577276006585,0.03191522209978132,0.21070843102235798,0.20514781132600735,0.1757444634031018,-0.1655478413406273,0.1655495279827064,0.07189724648457729,5.899176759771381,0.7786171259645175,1.0,1.0,0.08058051134200558,0.010461809322400865,0.11247751130386617,0.101198934780403,0.10344977658220203,-0.0849813369624787,0.08566122472202953,0.03720219720985183,5.8991767586479105,0.9896227905622652,1.0,1.0,0.08058051134200558,0.010461809322400865,0.11247751130386617,0.101198934780403,0.10344977658220203,-0.0849813369624787,0.08566122472202953,0.03720219720985183,5.8991767586479105,0.9896227905622652,1.0,1.0,0.06237995694172295,0.0067985238270575786,0.09971880460357481,0.08283586136170719,0.07555306526201776,-0.06470665179102723,0.06514192428569439,0.02829077825783653,3.9004036771614627,1.0,1.0,1.0,0.04473900077616065,0.004187873647308818,0.07402343935995807,0.05809295718782117,0.06230634052047449,-0.02005122003999445,0.04607007194786333,0.02000797802784284,5.899176759481823,1.0,1.0,1.0,0.01776899304240942,0.2710590320639312,0.07472100108861923,ok,
759xd9YjKW5,74ce4ff76774491f877325c9402b6184,74ce4ff76774491f877325c9402b6184_i0_4,0,4,/home/bgao491/Matterport3D/v1/scans/759xd9YjKW5/undistorted_color_images/74ce4ff76774491f877325c9402b6184_i0_4.jpg,/home/bgao491/Matterport3D/v1/scans/759xd9YjKW5/undistorted_depth_images/74ce4ff76774491f877325c9402b6184_d0_4.png,1024,1280,406,504,1.4155678118069965,1249760,0.9534912109375,-9.626480102539062,-12.882200241088867,1.5829800367355347,True,204624,1.0,True,,1.0,204624,1.1736942529678345,0.16015625560333474,1.236156985740305,0.051851106483686904,log-depth Laplacian fallback,,,,0.18994763679215262,0.05169938698726173,0.28558021650899046,0.27375232714808156,0.21309730721154874,-0.21108390313309774,0.21108390313309774,0.09167257434930492,2.9224102704962363,0.6543736397388299,1.0,1.0,0.05001990363784215,0.004046583852149134,0.07641739826955908,0.06699354403806418,0.058716892410441535,-0.050927647479790096,0.05168779810585057,0.022447725499100266,2.9224102663958673,1.0,1.0,1.0,0.05001990363784215,0.004046583852149134,0.07641739826955908,0.06699354403806418,0.058716892410441535,-0.050927647479790096,0.05168779810585057,0.022447725499100266,2.9224102663958673,1.0,1.0,1.0,0.04951043776683571,0.006353139296788086,0.10189494747513138,0.07367435122528077,0.06956342588478155,-0.051562479658526145,0.051837221173113686,0.022512619112681674,4.66945490640136,1.0,1.0,1.0,0.024077234671321186,0.0013266587136262368,0.047748173815190594,0.036180668343166175,0.029238688209336942,0.0009234223010517003,0.024038606505415,0.010439834157945345,2.9224102714313394,1.0,1.0,1.0,0.01599670317955315,0.26016590604558587,0.07440931210294366,ok,
759xd9YjKW5,74ce4ff76774491f877325c9402b6184,74ce4ff76774491f877325c9402b6184_i0_5,0,5,/home/bgao491/Matterport3D/v1/scans/759xd9YjKW5/undistorted_color_images/74ce4ff76774491f877325c9402b6184_i0_5.jpg,/home/bgao491/Matterport3D/v1/scans/759xd9YjKW5/undistorted_depth_images/74ce4ff76774491f877325c9402b6184_d0_5.png,1024,1280,406,504,1.4155678118069965,1243597,0.9487892150878906,-9.613499641418457,-12.888799667358398,1.5827699899673462,True,196340,0.9595159903041677,True,,1.0,196340,0.9154139161109924,-0.08837894865945396,0.9649785047803637,0.05272949592921361,log-depth Laplacian fallback,,,,0.07608866478000337,0.02477954834626009,0.27536863482691837,0.16042109637259835,0.10112702746843806,0.01559451334056609,0.0765230653650302,0.03323354502635447,9.991740007762978,0.9304115400728693,0.9990688301756919,1.0,0.07524055095741843,0.030494651323234874,0.31832414860230396,0.14373678495232226,0.12361658803378202,-0.07278443532906952,0.081951743506325,0.03559118998714761,9.991739994086252,0.9220615681768289,0.9988999651816465,0.9999533610968827,0.07524055095741843,0.030494651323234874,0.31832414860230396,0.14373678495232226,0.12361658803378202,-0.07278443532906952,0.081951743506325,0.03559118998714761,9.991739994086252,0.9220615681768289,0.9988999651816465,0.9999533610968827,0.0886768487017044,0.03505249402798482,0.3384368959572994,0.16822614348176468,0.13417542645568334,-0.09543579624214558,0.09670574465475225,0.04199877127190378,9.431359318885141,0.9259824525147616,0.9927790112070067,0.9999477322637478,0.06915364013807847,0.024303103597111648,0.2849536294924019,0.1450124977485909,0.10191019067831669,-0.02005492766580748,0.07214850020755145,0.03133369551773522,9.991740008832343,0.9255458158873011,0.999014150082382,0.9999951752858844,0.011288383975625038,0.275687572080642,0.0744728350546211,ok,
759xd9YjKW5,74ce4ff76774491f877325c9402b6184,74ce4ff76774491f877325c9402b6184_i1_0,1,0,/home/bgao491/Matterport3D/v1/scans/759xd9YjKW5/undistorted_color_images/74ce4ff76774491f877325c9402b6184_i1_0.jpg,/home/bgao491/Matterport3D/v1/scans/759xd9YjKW5/undistorted_depth_images/74ce4ff76774491f877325c9402b6184_d1_0.png,1024,1280,406,504,1.4121168655554452,1292079,0.9857780456542968,-9.622200012207031,-12.898599624633789,1.616029977798462,True,204624,1.0,True,,1.0,204624,1.0134563446044922,0.013366612084324348,1.0214823533085313,0.00788824776889901,log-depth Laplacian fallback,,,,0.07899501596498168,0.009184685284805125,0.1035503524865709,0.08945633937118926,0.09808468384361652,-0.028530958073136495,0.08107046476701303,0.035208455493645756,9.38434315023227,0.9840094916796883,1.0,1.0,0.07888001824049612,0.009671153628214862,0.11048409565497351,0.09362762711515596,0.09506075449980447,-0.015164346092792312,0.07990148453378892,0.03470077382890258,9.384343159566424,0.9863042430068131,1.0,1.0,0.07888001824049612,0.009671153628214862,0.11048409565497351,0.09362762711515596,0.09506075449980447,-0.015164346092792312,0.07990148453378892,0.03470077382890258,9.384343159566424,0.9863042430068131,1.0,1.0,0.06435795517724766,0.00733131643691341,0.09306453873047048,0.07203434140201949,0.0837615266518098,-0.02226343635154084,0.06533835065911214,0.028376085147912084,8.074857737980734,0.9867910553456871,1.0,1.0,0.07931634795422118,0.010192972054827809,0.11596178489914469,0.09686786668569104,0.09412508332615384,-0.0072761029325392095,0.07971411666522935,0.03461940099750117,9.384343150839326,0.9858638674570208,1.0,1.0,0.009892270201817155,0.2705711000598967,0.07471303595229983,ok,
759xd9YjKW5,74ce4ff76774491f877325c9402b6184,74ce4ff76774491f877325c9402b6184_i1_1,1,1,/home/bgao491/Matterport3D/v1/scans/759xd9YjKW5/undistorted_color_images/74ce4ff76774491f877325c9402b6184_i1_1.jpg,/home/bgao491/Matterport3D/v1/scans/759xd9YjKW5/undistorted_depth_images/74ce4ff76774491f877325c9402b6184_d1_1.png,1024,1280,406,504,1.4121168655554452,1212287,0.9249015808105469,-9.625129699707031,-12.900500297546387,1.6160399913787842,True,204624,1.0,True,,1.0,204624,1.1058186292648315,0.10058590164615833,0.9982159877252575,0.10237150716599351,log-depth Laplacian fallback,,,,0.050778767052311886,0.004410316065358189,0.057051579881559636,0.035605651889573806,0.08452168910805663,-0.01371687801833261,0.05262038325106174,0.02285274208157042,8.34012181392404,0.9506024563490328,1.0,1.0,0.11252231137234306,0.011112620081875663,0.0882642454856654,0.07944641822083116,0.12042421030677199,0.08686902349436533,0.1070052921460284,0.046471807913465495,8.340121812746535,0.9746173967055656,0.9995232152122393,1.0,0.11252231137234306,0.011112620081875663,0.0882642454856654,0.07944641822083116,0.12042421030677199,0.08686902349436533,0.1070052921460284,0.046471807913465495,8.340121812746535,0.9746173967055656,0.9995232152122393,1.0,0.11307180399682541,0.011892912829741623,0.09117013557086348,0.07990772996048663,0.1247615243730415,0.08464526258361084,0.10747489777428244,0.04667575504648695,9.165488249971519,0.9289466933160218,0.9995958052837323,1.0,0.0506633716712353,0.004432455024384805,0.05724401354931763,0.03556585220266744,0.0848297744390582,-0.015502497853298963,0.05259554911408477,0.022841956752918485,8.34012181667028,0.9506585486770047,1.0,1.0,0.014069356955587864,0.2734279369469732,0.0750856779050082,ok,
759xd9YjKW5,74ce4ff76774491f877325c9402b6184,74ce4ff76774491f877325c9402b6184_i1_2,1,2,/home/bgao491/Matterport3D/v1/scans/759xd9YjKW5/undistorted_color_images/74ce4ff76774491f877325c9402b6184_i1_2.jpg,/home/bgao491/Matterport3D/v1/scans/759xd9YjKW5/undistorted_depth_images/74ce4ff76774491f877325c9402b6184_d1_2.png,1024,1280,406,504,1.4121168655554452,1295107,0.9880882263183594,-9.628250122070312,-12.898900032043457,1.6160900592803955,True,204624,1.0,True,,1.0,204624,1.0171124935150146,0.016967724041688993,1.0408174416911204,0.023038682000159755,log-depth Laplacian fallback,,,,0.0493790141637097,0.005625730235354386,0.1006537623630208,0.07453492703966919,0.06348279039432266,-0.03234929228468638,0.049691545469914895,0.021580763994828556,5.462222958585117,0.9899961933647181,0.9993969610232977,1.0,0.038413541073663744,0.004533462529738921,0.08647014354567929,0.05640704422661487,0.0567466351328228,-0.015381568184924383,0.037984231171810906,0.016496341997254967,5.462222953221739,0.9883384152815173,0.9993799740098694,0.99999613931513,0.038413541073663744,0.004533462529738921,0.08647014354567929,0.05640704422661487,0.0567466351328228,-0.015381568184924383,0.037984231171810906,0.016496341997254967,5.462222953221739,0.9883384152815173,0.9993799740098694,0.99999613931513,0.05073976821389854,0.006223782271348968,0.10769822911800785,0.08101290429009597,0.06510774467380505,-0.03597755517618481,0.05142899012430962,0.0223353266208445,5.426448138565379,0.991869397663668,0.9994332514610762,1.0,0.030624776827843384,0.004516000495089295,0.0850945723266956,0.04580722122072753,0.05515632511558578,0.007657168953228172,0.029427948150229283,0.012780395495379581,5.462222957622581,0.9844591991240879,0.9993344179284028,0.9998656481665221,0.009717623936012387,0.27218817197717726,0.0753296660259366,ok,
759xd9YjKW5,74ce4ff76774491f877325c9402b6184,74ce4ff76774491f877325c9402b6184_i1_3,1,3,/home/bgao491/Matterport3D/v1/scans/759xd9YjKW5/undistorted_color_images/74ce4ff76774491f877325c9402b6184_i1_3.jpg,/home/bgao491/Matterport3D/v1/scans/759xd9YjKW5/undistorted_depth_images/74ce4ff76774491f877325c9402b6184_d1_3.png,1024,1280,406,504,1.4121168655554452,1208239,0.9218132019042968,-9.628439903259277,-12.895400047302246,1.616129994392395,True,204624,1.0,True,,1.0,204624,0.9633355736732483,-0.03735346093410466,1.0073866252463501,0.04471293866788974,log-depth Laplacian fallback,,,,0.08089237430242002,0.14505474275059838,0.43821091733811607,0.1487060464442296,0.18364474457859828,0.02739629694465515,0.056451045613228355,0.02451637760749385,18.15897439974485,0.9599168707515648,0.9705356307816583,0.9779894540732421,0.10102933842478953,0.13616614012649508,0.4472697035048151,0.23590613544838693,0.18186253113514922,-0.009957164009770007,0.07993324268790584,0.03471456621999097,18.158974397185997,0.9620969030133939,0.9713500391892663,0.9786474364757304,0.10102933842478953,0.13616614012649508,0.4472697035048151,0.23590613544838693,0.18186253113514922,-0.009957164009770007,0.07993324268790584,0.03471456621999097,18.158974397185997,0.9620969030133939,0.9713500391892663,0.9786474364757304,0.10893994756622466,0.14038160375139852,0.46228349733341906,0.2595432542269512,0.18546086183990812,-0.01213328476051516,0.08788940569576609,0.03816988391142743,18.506354226406057,0.9610573735825445,0.9710918121331955,0.9784703192000921,0.08055756259426981,0.14802954983368666,0.44130657279086344,0.14362220189941566,0.18488591909332505,0.03475583339024526,0.05552326237221873,0.024113446465521042,18.158974399544995,0.9594177973066587,0.9703593411568406,0.9777610224467179,0.010866099037230015,0.2764498940669,0.07148755504749715,ok,
759xd9YjKW5,74ce4ff76774491f877325c9402b6184,74ce4ff76774491f877325c9402b6184_i1_4,1,4,/home/bgao491/Matterport3D/v1/scans/759xd9YjKW5/undistorted_color_images/74ce4ff76774491f877325c9402b6184_i1_4.jpg,/home/bgao491/Matterport3D/v1/scans/759xd9YjKW5/undistorted_depth_images/74ce4ff76774491f877325c9402b6184_d1_4.png,1024,1280,406,504,1.4121168655554452,1298258,0.9904922485351563,-9.625510215759277,-12.893500328063965,1.6161099672317505,True,204624,1.0,True,,1.0,204624,0.976239025592804,-0.02404781928163985,1.0018141705807742,0.02586034624253691,log-depth Laplacian fallback,,,,0.059257083233447264,0.086109542705728,0.3320336522748314,0.10640380422008659,0.1436999129995442,0.02368083508485032,0.04475865157522466,0.019438435396550352,14.17352568903048,0.9715095150578699,0.9807149272332618,0.9879315205452229,0.06633378831529671,0.08096959790047527,0.32410116613417744,0.12683628717046874,0.14173573211148113,-0.00036698422173229956,0.05332596713883366,0.02315917327054961,14.173525701023914,0.9718191607523312,0.9811532068356212,0.9872051626102054,0.06633378831529671,0.08096959790047527,0.32410116613417744,0.12683628717046874,0.14173573211148113,-0.00036698422173229956,0.05332596713883366,0.02315917327054961,14.173525701023914,0.9718191607523312,0.9811532068356212,0.9872051626102054,0.0626418657401134,0.0814591468082859,0.32305160991593285,0.11446326247667274,0.1425451773122612,0.004536218061673187,0.049078665215847,0.02131459348241942,14.247298094965563,0.9718553631096438,0.9806109417388531,0.9879268989676936,0.05929096315361976,0.08662646213095294,0.3330986798593978,0.10630118760249603,0.14400969526448848,0.025493318492134685,0.0446851197488881,0.01940650093012813,14.173525687855303,0.9715072042691052,0.9806794951388706,0.9879284394935367,0.011316338088363409,0.2697045209351927,0.07445720699615777,ok,
759xd9YjKW5,74ce4ff76774491f877325c9402b6184,74ce4ff76774491f877325c9402b6184_i1_5,1,5,/home/bgao491/Matterport3D/v1/scans/759xd9YjKW5/undistorted_color_images/74ce4ff76774491f877325c9402b6184_i1_5.jpg,/home/bgao491/Matterport3D/v1/scans/759xd9YjKW5/undistorted_depth_images/74ce4ff76774491f877325c9402b6184_d1_5.png,1024,1280,406,504,1.4121168655554452,969768,0.739874267578125,-9.622389793395996,-12.895099639892578,1.6160600185394287,True,84081,0.4109048791930565,True,,1.0,84081,0.9216930866241455,-0.08154298868967064,1.013009269262317,0.09446836422266207,log-depth Laplacian fallback,,,,0.057206492917210625,0.02952755185886192,0.266715184484833,0.15886277363101695,0.09767894926006075,-0.0016263357560191037,0.055088763359411215,0.02392474594186635,9.766540923253338,0.9663239042740119,0.9904894778957442,0.9954215853688717,0.09518287582224923,0.049128557789457926,0.412055027577443,0.33412341804868295,0.12827965038119105,-0.08316932448870673,0.09898996885354694,0.042990797236870215,9.766540926045833,0.9285468276948714,0.9917516354427038,0.9965012250352662,0.09518287582224923,0.049128557789457926,0.412055027577443,0.33412341804868295,0.12827965038119105,-0.08316932448870673,0.09898996885354694,0.042990797236870215,9.766540926045833,0.9285468276948714,0.9917516354427038,0.9965012250352662,0.08656734344228097,0.04248978405079575,0.3712817428019158,0.2945849758254246,0.11662514514283064,-0.07532195171664308,0.08872888954334564,0.03853446711407813,8.903947478047026,0.9452497917027578,0.9917083261151121,0.9958711774362528,0.05641937370142267,0.030443623588189736,0.2658286957886743,0.1469139173723888,0.09831684172391239,0.011299079795297179,0.05356966976855819,0.02326501197786429,9.766540924167751,0.9784804200592306,0.9903987345426948,0.9952679403733676,0.023216732079163194,0.26686523109674454,0.07503380998969078,ok,
759xd9YjKW5,74ce4ff76774491f877325c9402b6184,74ce4ff76774491f877325c9402b6184_i2_0,2,0,/home/bgao491/Matterport3D/v1/scans/759xd9YjKW5/undistorted_color_images/74ce4ff76774491f877325c9402b6184_i2_0.jpg,/home/bgao491/Matterport3D/v1/scans/759xd9YjKW5/undistorted_depth_images/74ce4ff76774491f877325c9402b6184_d2_0.png,1024,1280,406,504,1.4165615917841592,1222343,0.9325736999511719,-9.611969947814941,-12.903900146484375,1.6491199731826782,True,198292,0.9690554382672609,True,,1.0,198292,1.0759910345077515,0.07324212946301269,1.0953631808004813,0.017843850778374512,log-depth Laplacian fallback,,,,0.09590455238502303,0.018762849064271937,0.17684757076403382,0.14685486501824377,0.11166333533108538,-0.0812051221790134,0.09968086340740266,0.04329084892918673,7.664482101977879,0.9865193321350881,0.9987973915668515,1.0,0.05193081126896283,0.011163733492135062,0.1318245962495261,0.07954679665628722,0.07705736722570125,-0.007962992763405945,0.05053255055441977,0.021946007862281628,7.664482102534079,0.9727048790724044,0.9975956012346779,1.0,0.05193081126896283,0.011163733492135062,0.1318245962495261,0.07954679665628722,0.07705736722570125,-0.007962992763405945,0.05053255055441977,0.021946007862281628,7.664482102534079,0.9727048790724044,0.9975956012346779,1.0,0.05540376317450303,0.011749081983055704,0.13467543523128556,0.08210432503361462,0.08092323095228049,-0.01742261289553415,0.05447723218749548,0.0236591613283915,7.902545075890738,0.973703780362795,0.9975620590947059,1.0,0.05034819208606393,0.011563109506010798,0.13269499770955928,0.07528062648524496,0.07727909937197056,0.009880820877133779,0.04804521565664842,0.020865772041534128,7.664482095051757,0.9699290624644638,0.9964919830194962,0.9999950913941504,0.010601729154586792,0.27323936694301665,0.07148400717414916,ok,
759xd9YjKW5,74ce4ff76774491f877325c9402b6184,74ce4ff76774491f877325c9402b6184_i2_1,2,1,/home/bgao491/Matterport3D/v1/scans/759xd9YjKW5/undistorted_color_images/74ce4ff76774491f877325c9402b6184_i2_1.jpg,/home/bgao491/Matterport3D/v1/scans/759xd9YjKW5/undistorted_depth_images/74ce4ff76774491f877325c9402b6184_d2_1.png,1024,1280,406,504,1.4165615917841592,1134777,0.8657661437988281,-9.624159812927246,-12.91189956665039,1.6491700410842896,True,204624,1.0,True,,1.0,204624,1.095607042312622,0.09130858619976599,1.132875465606974,0.033450474188852705,log-depth Laplacian fallback,,,,0.12625769899810743,0.01698914567470568,0.12689829751959444,0.1181972854984931,0.14948688095482773,-0.13382496268124353,0.13653707369262186,0.059297297679923304,6.661236327414463,0.8743806051761712,0.9999656320140433,1.0,0.05428151963509995,0.0049562078037637845,0.06667706109271876,0.04914687962105482,0.07902435828275434,-0.04251637648622859,0.05652682142401898,0.024549286623981956,6.661236321046111,0.9928717272204143,1.0,1.0,0.05428151963509995,0.0049562078037637845,0.06667706109271876,0.04914687962105482,0.07902435828275434,-0.04251637648622859,0.05652682142401898,0.024549286623981956,6.661236321046111,0.9928717272204143,1.0,1.0,0.06142062931354262,0.006000417042606834,0.07496707441988539,0.05730826861033023,0.0863361456064763,-0.05826876903847044,0.06441728168002275,0.027976069972841307,6.3707774980170715,0.99309291605311,1.0,1.0,0.047744842159055535,0.003995029307075362,0.06100283568567574,0.0454251297090279,0.06722646722372473,-0.009065922699724718,0.0483310695905507,0.02098991682765823,6.661236327428378,0.9921658616626879,1.0,1.0,0.014748495072126389,0.27511385385878384,0.07141810306347907,ok,
759xd9YjKW5,74ce4ff76774491f877325c9402b6184,74ce4ff76774491f877325c9402b6184_i2_2,2,2,/home/bgao491/Matterport3D/v1/scans/759xd9YjKW5/undistorted_color_images/74ce4ff76774491f877325c9402b6184_i2_2.jpg,/home/bgao491/Matterport3D/v1/scans/759xd9YjKW5/undistorted_depth_images/74ce4ff76774491f877325c9402b6184_d2_2.png,1024,1280,406,504,1.4165615917841592,1220493,0.9311622619628906,-9.637140274047852,-12.90530014038086,1.6493799686431885,True,204624,1.0,True,,1.0,204624,1.0902704000473022,0.08642573891381691,1.1604684721719039,0.06239803999745264,log-depth Laplacian fallback,,,,0.125276604839022,0.03502972322220408,0.2889979218597119,0.23316961301143396,0.14227943699314502,-0.1326482435055613,0.1347123239133578,0.0585048189199348,5.145757170694748,0.9754582779253957,1.0,1.0,0.05362381984014203,0.00981469450789756,0.15961555367683472,0.11084946711022227,0.06916936891846762,-0.04622250454518413,0.055414486594686715,0.02406620574557416,5.145757155316899,0.9970151406030187,1.0,1.0,0.05362381984014203,0.00981469450789756,0.15961555367683472,0.11084946711022227,0.06916936891846762,-0.04622250454518413,0.055414486594686715,0.02406620574557416,5.145757155316899,0.9970151406030187,1.0,1.0,0.05119430088634255,0.008349883095318785,0.1426557985433106,0.10220560266605835,0.06579935711597074,-0.04255958703189974,0.05273357640595072,0.02290190124412791,5.0182038106768845,0.9968963361526858,1.0,1.0,0.042359390846270356,0.0043040398823300866,0.09026250074055547,0.06369345048305275,0.05394005255270743,0.01617552414859936,0.04135868184600816,0.01796184730451352,5.145757172571319,0.9954551152689938,1.0,1.0,0.010204714024439454,0.27850180002860725,0.07154566794633865,ok,
759xd9YjKW5,74ce4ff76774491f877325c9402b6184,74ce4ff76774491f877325c9402b6184_i2_3,2,3,/home/bgao491/Matterport3D/v1/scans/759xd9YjKW5/undistorted_color_images/74ce4ff76774491f877325c9402b6184_i2_3.jpg,/home/bgao491/Matterport3D/v1/scans/759xd9YjKW5/undistorted_depth_images/74ce4ff76774491f877325c9402b6184_d2_3.png,1024,1280,406,504,1.4165615917841592,1236875,0.9436607360839844,-9.637929916381836,-12.890800476074219,1.649530053138733,True,204624,1.0,True,,1.0,204624,0.9964510202407837,-0.003555292327759479,1.031745931952146,0.034807739108554614,log-depth Laplacian fallback,,,,0.09261160239755548,0.06787505386661526,0.3113207738942713,0.1377644035912331,0.15216600257921242,-0.01475615011547639,0.0831312619809954,0.036103448351999884,15.144883087929864,0.9502132390096009,0.977889439110662,0.9887434057604851,0.09414511988089003,0.06733841922135063,0.3096590901266779,0.13981659948253583,0.15255181845885035,-0.018311442400264354,0.08499672038189078,0.03691360664172881,15.144883093746165,0.950689439110662,0.978032541687721,0.9888242546740779,0.09414511988089003,0.06733841922135063,0.3096590901266779,0.13981659948253583,0.15255181845885035,-0.018311442400264354,0.08499672038189078,0.03691360664172881,15.144883093746165,0.950689439110662,0.978032541687721,0.9888242546740779,0.1038474830063477,0.0709135497170941,0.31709136236234614,0.15025768400966188,0.16297210425042327,-0.031420141166522385,0.09630704050065689,0.04182561625786828,15.991460687781661,0.9518771096513391,0.9784189994946942,0.9885914098029308,0.08803821473627481,0.07492677299644356,0.3338012628392323,0.142132323297411,0.15234459457207913,0.0164962760165276,0.07577440607688253,0.032908406428686324,15.144883087339334,0.9453606872157655,0.9763347145022738,0.987955937342092,0.010308723896741867,0.2690845290198922,0.07460848102346063,ok,
759xd9YjKW5,74ce4ff76774491f877325c9402b6184,74ce4ff76774491f877325c9402b6184_i2_4,2,4,/home/bgao491/Matterport3D/v1/scans/759xd9YjKW5/undistorted_color_images/74ce4ff76774491f877325c9402b6184_i2_4.jpg,/home/bgao491/Matterport3D/v1/scans/759xd9YjKW5/undistorted_depth_images/74ce4ff76774491f877325c9402b6184_d2_4.png,1024,1280,406,504,1.4165615917841592,1232388,0.9402374267578125,-9.625749588012695,-12.882800102233887,1.6494699716567993,True,204624,1.0,True,,1.0,204624,0.9922178983688354,-0.007812540204281062,1.0800559359097526,0.08482537250825385,log-depth Laplacian fallback,,,,0.08336279381682879,0.03046464583419716,0.20971907327241132,0.12100970655698179,0.12323195105892404,-0.05367385306361139,0.08171858829488313,0.035489931965391415,11.092894689437424,0.9720339698211927,0.9874657981090371,0.9936124012892044,0.08951924851590355,0.03121497767312557,0.21358317676910454,0.13108298067639576,0.12682983789911348,-0.06148639313533433,0.08855018702285969,0.0384568575955289,11.092894681156274,0.9725046008237666,0.9877538567399228,0.9937308704726109,0.08951924851590355,0.03121497767312557,0.21358317676910454,0.13108298067639576,0.12682983789911348,-0.06148639313533433,0.08855018702285969,0.0384568575955289,11.092894681156274,0.9725046008237666,0.9877538567399228,0.9937308704726109,0.12025331318967794,0.04398532345847557,0.24437839582249662,0.1673271528086342,0.15881028310708598,-0.08721715457279837,0.12170957877845844,0.052857798458253634,13.271727080066631,0.9710845934884144,0.9868921151455549,0.9922954459147606,0.05643624469307446,0.033231835461954,0.21542275688848272,0.09121480397885519,0.1133575754317089,0.02333899424125005,0.049806613381813476,0.021630737354010256,11.09289468784522,0.9690600687445837,0.9832723135895514,0.9919173182471754,0.010038865962997079,0.2731273390818387,0.0747198008466512,ok,
759xd9YjKW5,74ce4ff76774491f877325c9402b6184,74ce4ff76774491f877325c9402b6184_i2_5,2,5,/home/bgao491/Matterport3D/v1/scans/759xd9YjKW5/undistorted_color_images/74ce4ff76774491f877325c9402b6184_i2_5.jpg,/home/bgao491/Matterport3D/v1/scans/759xd9YjKW5/undistorted_depth_images/74ce4ff76774491f877325c9402b6184_d2_5.png,1024,1280,406,504,1.4165615917841592,1236597,0.9434486389160156,-9.612770080566406,-12.889399528503418,1.6492700576782227,True,144535,0.7063443193369302,True,,1.0,144535,1.0012215375900269,0.0012207921200029447,1.0127308527899956,0.01142970464542744,log-depth Laplacian fallback,,,,0.041715839278804644,0.019542520825874984,0.17623664152312826,0.07451798892101134,0.08676487434595449,-0.0012797565545971847,0.03812962957805623,0.01655948772276484,8.675543581488274,0.9747104351700675,0.9877898781899034,0.9965186718065788,0.041129353891350515,0.019583026664837744,0.1761531288714394,0.07284301571156482,0.08675545588417803,-5.89644977850595e-05,0.037492578619012625,0.016282820006561022,8.67554358461737,0.9745713437765092,0.9877300365438376,0.9964911769962244,0.041129353891350515,0.019583026664837744,0.1761531288714394,0.07284301571156482,0.08675545588417803,-5.89644977850595e-05,0.037492578619012625,0.016282820006561022,8.67554358461737,0.9745713437765092,0.9877300365438376,0.9964911769962244,0.047368242927121745,0.021664906176505506,0.18247403795233116,0.07554915673866001,0.09559942382936353,-0.0016955599215374764,0.04422440803117006,0.019206416373375015,9.558438634556774,0.9748471005509475,0.9880316707868448,0.996119997056438,0.038228642940679784,0.02030057591260361,0.17788910463939087,0.06326646604009008,0.08749742293688048,0.01137072448306943,0.03414383830826009,0.014828480568274224,8.675543582580554,0.9732831310443095,0.9871688189442478,0.9962679838298168,0.011441810987889767,0.2711855019442737,0.07133567007258534,ok,
759xd9YjKW5,87449aea807942e0998e230c344f0e42,87449aea807942e0998e230c344f0e42_i0_0,0,0,/home/bgao491/Matterport3D/v1/scans/759xd9YjKW5/undistorted_color_images/87449aea807942e0998e230c344f0e42_i0_0.jpg,/home/bgao491/Matterport3D/v1/scans/759xd9YjKW5/undistorted_depth_images/87449aea807942e0998e230c344f0e42_d0_0.png,1024,1280,406,504,1.4155678118069965,1065821,0.8131568908691407,-6.9405999183654785,3.2493200302124023,1.59375,True,204624,1.0,True,,1.0,204624,0.9449335932731628,-0.056640625626174425,0.9016954270592016,0.046837854328857544,log-depth Laplacian fallback,,,,0.11594731858679147,0.017229771616173485,0.1458326659547879,0.11603003951151375,0.12829608400114656,0.10172920400101981,0.10728694105425107,0.04659412648014065,7.817323214085594,0.9916637033798358,0.9932493354887922,0.999929631711141,0.07371668348355587,0.007401517947253213,0.08497817314275553,0.06759236880927731,0.09024430233888793,0.04508857826967086,0.07029782707947306,0.03052995839040412,7.817323208267892,0.9918400932239091,0.9934585638676663,0.9999906175614854,0.07371668348355587,0.007401517947253213,0.08497817314275553,0.06759236880927731,0.09024430233888793,0.04508857826967086,0.07029782707947306,0.03052995839040412,7.817323208267892,0.9918400932239091,0.9934585638676663,0.9999906175614854,0.08589316377838653,0.013617542976696354,0.14922891285799966,0.1039813202134711,0.0996742405418532,0.07151133738726073,0.0808387177747361,0.0351078090537022,6.943401797880185,0.9918044399575539,0.9933703689456297,0.9999587172705361,0.05946925187542055,0.005691469953715421,0.07574938360394959,0.056371378152302164,0.0781928013227473,-0.0017492724107967855,0.059092752142454325,0.025663656175944478,7.817323214970363,0.991932979365203,0.9949635070053977,0.9999962470245942,0.012205248000100255,0.26922298502177,0.075065643992275,ok,
759xd9YjKW5,87449aea807942e0998e230c344f0e42,87449aea807942e0998e230c344f0e42_i0_1,0,1,/home/bgao491/Matterport3D/v1/scans/759xd9YjKW5/undistorted_color_images/87449aea807942e0998e230c344f0e42_i0_1.jpg,/home/bgao491/Matterport3D/v1/scans/759xd9YjKW5/undistorted_depth_images/87449aea807942e0998e230c344f0e42_d0_1.png,1024,1280,406,504,1.4155678118069965,1115746,0.8512466430664063,-6.926050186157227,3.249119997024536,1.5938299894332886,True,204624,1.0,True,,1.0,204624,0.9577075242996216,-0.04321284585013209,0.8763546896325332,0.08877152730342834,log-depth Laplacian fallback,,,,0.1536818365422725,0.03971997991342455,0.22675603319307575,0.16705599509513436,0.1676732280534805,0.13792168925691176,0.1382260376247992,0.060030805395801544,9.535155498676652,0.8702858894407867,0.9957239371684954,0.9985749444766102,0.11445264770052926,0.024993128186782874,0.17468779632120496,0.11987955696155342,0.13439376499987,0.09470884341835659,0.10472892601797207,0.04548319466525917,9.535155504341551,0.8862769841881575,0.9976087747569787,0.9986627780874858,0.11445264770052926,0.024993128186782874,0.17468779632120496,0.11987955696155342,0.13439376499987,0.09470884341835659,0.10472892601797207,0.04548319466525917,9.535155504341551,0.8862769841881575,0.9976087747569787,0.9986627780874858,0.12901944805808208,0.038270559090616475,0.2346918661903814,0.15880206203303016,0.15153703622816972,0.10724456601931097,0.11648213928530458,0.05058755033189377,10.706108727332856,0.8750916427215513,0.996287685548503,0.9985417828071981,0.0716704976345434,0.01210202498638127,0.11887233107140653,0.07478431776316798,0.0955362278634468,0.0059373215194310075,0.06980349157599997,0.03031527120903694,9.535155503478341,0.9940981191059614,0.998285452065255,0.9988716069786493,0.018468816066160798,0.27250707685016096,0.07497801003046334,ok,
759xd9YjKW5,87449aea807942e0998e230c344f0e42,87449aea807942e0998e230c344f0e42_i0_2,0,2,/home/bgao491/Matterport3D/v1/scans/759xd9YjKW5/undistorted_color_images/87449aea807942e0998e230c344f0e42_i0_2.jpg,/home/bgao491/Matterport3D/v1/scans/759xd9YjKW5/undistorted_depth_images/87449aea807942e0998e230c344f0e42_d0_2.png,1024,1280,406,504,1.4155678118069965,1079451,0.8235557556152344,-6.918950080871582,3.236419916152954,1.5937199592590332,True,204624,1.0,True,,1.0,204624,0.6886329650878906,-0.37304685660101716,0.6133373156451999,0.11579336756749464,log-depth Laplacian fallback,,,,0.6203514581743524,0.32788645909110337,0.5370600251321204,0.5210710693473675,0.4839453967578737,0.48142850282221394,0.48142894692067845,0.20908193507614417,4.929243059027725,0.00018064738464274895,0.24127172053201118,0.9990393264724383,0.11686528336825476,0.013615662250996068,0.10891847847889469,0.0977480198539419,0.11906437313470339,0.10838164622289805,0.10945862215511623,0.04753727559870001,4.929243057483011,0.991999636852437,1.0,1.0,0.11686528336825476,0.013615662250996068,0.10891847847889469,0.0977480198539419,0.11906437313470339,0.10838164622289805,0.10945862215511623,0.04753727559870001,4.929243057483011,0.991999636852437,1.0,1.0,0.11715593964803979,0.013020478878711737,0.10702567186604914,0.09849879132405932,0.11636866076567066,0.10991364799364112,0.11006786786657263,0.04780186764930871,3.8218518981322247,0.9902737595314656,0.9992607353182312,1.0,0.036987478028422144,0.002003463777209973,0.04157062208938098,0.030922651812257708,0.04984653233871485,-0.00741168493336003,0.03726072760965069,0.016182128392571445,4.929243058161313,0.9985538945260137,0.9999907360315567,1.0,0.01288695097900927,0.2686028489843011,0.0747592591214925,ok,
759xd9YjKW5,87449aea807942e0998e230c344f0e42,87449aea807942e0998e230c344f0e42_i0_3,0,3,/home/bgao491/Matterport3D/v1/scans/759xd9YjKW5/undistorted_color_images/87449aea807942e0998e230c344f0e42_i0_3.jpg,/home/bgao491/Matterport3D/v1/scans/759xd9YjKW5/undistorted_depth_images/87449aea807942e0998e230c344f0e42_d0_3.png,1024,1280,406,504,1.4155678118069965,1187963,0.9063438415527344,-6.926400184631348,3.2239201068878174,1.5935300588607788,True,204624,1.0,True,,1.0,204624,0.9661619663238525,-0.03442379182224211,1.0081514076041684,0.042542156148150115,log-depth Laplacian fallback,,,,0.05124338338572876,0.006595978200381291,0.09084092263527006,0.06336916869480123,0.06919312426138689,-0.0002514378702596157,0.05019228455998122,0.02179823221851762,6.919266741533475,0.9934955886673238,0.9962465160951982,0.9996153078841681,0.059443053645033515,0.008081890116986748,0.10483594199050572,0.07678665210779208,0.07739506944421312,-0.03467522968279631,0.06025039904230994,0.026166415836544152,6.919266739127703,0.9940107562272562,0.9969586594868696,0.9996321434253423,0.059443053645033515,0.008081890116986748,0.10483594199050572,0.07678665210779208,0.07739506944421312,-0.03467522968279631,0.06025039904230994,0.026166415836544152,6.919266739127703,0.9940107562272562,0.9969586594868696,0.9996321434253423,0.04750627168296468,0.0057939098058340695,0.09481707021423516,0.06527815823764467,0.06372141166282294,-0.041536264554396796,0.048321327677728974,0.020985685968676573,4.83234625329157,0.9941925800719382,0.9994200156065467,0.9996607638453386,0.05134168270925607,0.006709476075285351,0.09156859280994398,0.06343338329328459,0.06963845074625835,0.007866930822817194,0.0498745784938858,0.021660254227145202,6.9192667398851295,0.9934223540632158,0.9961741232681489,0.9996136243300506,0.012755518080666661,0.2748227519914508,0.0745038678869605,ok,
759xd9YjKW5,87449aea807942e0998e230c344f0e42,87449aea807942e0998e230c344f0e42_i0_4,0,4,/home/bgao491/Matterport3D/v1/scans/759xd9YjKW5/undistorted_color_images/87449aea807942e0998e230c344f0e42_i0_4.jpg,/home/bgao491/Matterport3D/v1/scans/759xd9YjKW5/undistorted_depth_images/87449aea807942e0998e230c344f0e42_d0_4.png,1024,1280,406,504,1.4155678118069965,1200442,0.9158645629882812,-6.9409499168396,3.2241299152374268,1.5934499502182007,True,204624,1.0,True,,1.0,204624,1.0966774225234985,0.09228508383326206,1.16871730855811,0.06362174610911525,log-depth Laplacian fallback,,,,0.1528750955698913,0.04553370651700814,0.24939798821191178,0.22501611072926284,0.17975188333555828,-0.15151449001546885,0.1614525222486035,0.07011793950193047,9.671659050045417,0.9066885363890966,0.9958023794569001,0.9961564157202097,0.07515508470398116,0.025336044097336686,0.1497196202398582,0.0952863341783296,0.11341173424018189,-0.059229406230661454,0.07321048553781441,0.03179490988653062,9.671659061882263,0.992887619726734,0.9956757594286104,0.9959448269887258,0.07515508470398116,0.025336044097336686,0.1497196202398582,0.0952863341783296,0.11341173424018189,-0.059229406230661454,0.07321048553781441,0.03179490988653062,9.671659061882263,0.992887619726734,0.9956757594286104,0.9959448269887258,0.06714843832215708,0.02698768606291086,0.16132117251189773,0.09767612145759764,0.10780544643194756,-0.04217788373139576,0.06382812767572223,0.0277202036397824,9.921209807444036,0.9942287923948012,0.9956441044215381,0.9958915132926038,0.04741895815404507,0.025864859969449854,0.15769506888209586,0.07239463198671181,0.09681627549559134,0.00439230273645877,0.04182787705462967,0.018165616194553327,9.671659049775037,0.9934574098540371,0.9954999908367085,0.995881516974581,0.014205597806721926,0.2704401961527765,0.07481705886311829,ok,
759xd9YjKW5,87449aea807942e0998e230c344f0e42,87449aea807942e0998e230c344f0e42_i0_5,0,5,/home/bgao491/Matterport3D/v1/scans/759xd9YjKW5/undistorted_color_images/87449aea807942e0998e230c344f0e42_i0_5.jpg,/home/bgao491/Matterport3D/v1/scans/759xd9YjKW5/undistorted_depth_images/87449aea807942e0998e230c344f0e42_d0_5.png,1024,1280,406,504,1.4155678118069965,977492,0.7457672119140625,-6.948050022125244,3.236829996109009,1.593559980392456,True,204624,1.0,True,,1.0,204624,0.9516475200653076,-0.04956056478321889,0.9266900486011516,0.026575564197273353,log-depth Laplacian fallback,,,,0.0861791981698006,0.009830921022194896,0.09636253676480036,0.07532086852449556,0.0947012062791268,0.08099666867754553,0.08146999662865555,0.035381969976501636,4.906993105621446,0.9836336256460411,0.9986905263674792,0.9991897631898777,0.04051402495212329,0.00393311974476369,0.061850333728275385,0.036997473816791,0.05827595364350836,0.03143610403586231,0.03883090903227005,0.016864049520002016,4.906993107909137,0.9965288718475446,0.9989033158327638,0.9997186677742631,0.04051402495212329,0.00393311974476369,0.061850333728275385,0.036997473816791,0.05827595364350836,0.03143610403586231,0.03883090903227005,0.016864049520002016,4.906993107909137,0.9965288718475446,0.9989033158327638,0.9997186677742631,0.042493083358872745,0.0038415312849035947,0.06048719717947496,0.037917055201164694,0.05824524258350835,0.03246521952031931,0.04084066057755543,0.01773687352611599,4.835822375883147,0.9969104606482713,0.9989053618853146,0.9994700723893393,0.03194891829564271,0.0026584587842312323,0.05024166665279318,0.027446111351370997,0.04931006908321684,0.00486053256513476,0.031196994324429055,0.013548682487066597,4.906993107978533,0.9964674902710201,0.9989749276720423,1.0,0.011811929987743497,0.27255280409008265,0.07511870888993144,ok,
759xd9YjKW5,87449aea807942e0998e230c344f0e42,87449aea807942e0998e230c344f0e42_i1_0,1,0,/home/bgao491/Matterport3D/v1/scans/759xd9YjKW5/undistorted_color_images/87449aea807942e0998e230c344f0e42_i1_0.jpg,/home/bgao491/Matterport3D/v1/scans/759xd9YjKW5/undistorted_depth_images/87449aea807942e0998e230c344f0e42_d1_0.png,1024,1280,406,504,1.4121168655554452,770628,0.5879425048828125,-6.935389995574951,3.2392899990081787,1.6269099712371826,True,204624,1.0,True,,1.0,204624,0.9799402952194214,-0.020263632418904127,0.9685727688414225,0.0116680309254816,log-depth Laplacian fallback,,,,0.05656774195370851,0.015369785716755294,0.12161629856463244,0.08792400878167901,0.10517274663181603,0.03224715809014462,0.05036967882718616,0.021875273569886004,10.01070798155125,0.9816733884572063,0.9850524507284968,0.9888285917459526,0.044859907288393244,0.013260300292874163,0.10380194554617997,0.05983309548415112,0.10082178514309445,0.01198352595242567,0.03968280556690387,0.01723402348414599,10.010707999531222,0.9813347036443005,0.9851822150246292,0.988973927757621,0.044859907288393244,0.013260300292874163,0.10380194554617997,0.05983309548415112,0.10082178514309445,0.01198352595242567,0.03968280556690387,0.01723402348414599,10.010707999531222,0.9813347036443005,0.9851822150246292,0.988973927757621,0.05446234280491591,0.014557635168002913,0.12347031681506714,0.09061727300972734,0.10148255963544754,0.030685846314155118,0.04877365298679073,0.021182128354427277,9.673204611785186,0.9819030712613609,0.9853340392511043,0.9890349169768033,0.04160584912987763,0.012845484002316604,0.10148018280172819,0.05107797048979964,0.1001075770225101,0.0003155221773507539,0.03692814325542723,0.016037688842764842,10.010707978496521,0.9810647939083449,0.9852522877445408,0.9890686556937978,0.016299554146826267,0.2724534319713712,0.07467316393740475,ok,
759xd9YjKW5,87449aea807942e0998e230c344f0e42,87449aea807942e0998e230c344f0e42_i1_1,1,1,/home/bgao491/Matterport3D/v1/scans/759xd9YjKW5/undistorted_color_images/87449aea807942e0998e230c344f0e42_i1_1.jpg,/home/bgao491/Matterport3D/v1/scans/759xd9YjKW5/undistorted_depth_images/87449aea807942e0998e230c344f0e42_d1_1.png,1024,1280,406,504,1.4121168655554452,978548,0.7465728759765625,-6.93189001083374,3.2392399311065674,1.6269299983978271,True,204624,1.0,True,,1.0,204624,0.9934298396110535,-0.006591838899078788,0.9837996109253385,0.009741211203358182,log-depth Laplacian fallback,,,,0.0450346737270491,0.019967497210616345,0.15825197472326735,0.05698685716815366,0.09203003637601927,0.032191427712025544,0.0399878362886689,0.017366496643419507,8.621623731776321,0.9855755670646713,0.99084766409006,0.9922620045209841,0.041623069747048484,0.01925948853486672,0.15547547326688946,0.05261057478668256,0.08993652493495573,0.025599588720460833,0.03686118816035935,0.01600861061444155,8.621623730318536,0.986357337606331,0.9908844532920205,0.9922998156452213,0.041623069747048484,0.01925948853486672,0.15547547326688946,0.05261057478668256,0.08993652493495573,0.025599588720460833,0.03686118816035935,0.01600861061444155,8.621623730318536,0.986357337606331,0.9908844532920205,0.9922998156452213,0.054921197706936264,0.023062526037907743,0.17835769377651906,0.0883378206112904,0.0937475708118342,0.04220946228677552,0.04969133195473496,0.021580671266364114,8.370763601118563,0.9891839746236261,0.9906964195931114,0.992135286158676,0.03942137680757556,0.018515468250697747,0.15339448093125635,0.05242042439511565,0.08766258344660977,0.01585840346719774,0.03505108241950177,0.015222491679525713,8.621623731064462,0.9872658265102989,0.9909355494058544,0.9923590871372687,0.0143385399132967,0.2786383042111993,0.07620198093354702,ok,
759xd9YjKW5,87449aea807942e0998e230c344f0e42,87449aea807942e0998e230c344f0e42_i1_2,1,2,/home/bgao491/Matterport3D/v1/scans/759xd9YjKW5/undistorted_color_images/87449aea807942e0998e230c344f0e42_i1_2.jpg,/home/bgao491/Matterport3D/v1/scans/759xd9YjKW5/undistorted_depth_images/87449aea807942e0998e230c344f0e42_d1_2.png,1024,1280,406,504,1.4121168655554452,827802,0.6315628051757812,-6.930190086364746,3.236180067062378,1.6269099712371826,True,204624,1.0,True,,1.0,204624,0.7548395991325378,-0.2812500037842073,0.6463937502378332,0.1550964366054936,log-depth Laplacian fallback,,,,0.5418079124416565,0.17333033485683075,0.31826584866978436,0.31721998597886025,0.4339104641772362,0.43222898326477016,0.43222898326477016,0.18771466235054254,3.816276913966843,0.0,0.5486565628012495,1.0,0.16381766654235946,0.016659640407948817,0.0982332473002624,0.09543669292779158,0.15572748373156028,0.150978979458147,0.150978979458147,0.06556933766205765,3.8162769175464732,0.9999589273763533,1.0,1.0,0.16381766654235946,0.016659640407948817,0.0982332473002624,0.09543669292779158,0.15572748373156028,0.150978979458147,0.150978979458147,0.06556933766205765,3.8162769175464732,0.9999589273763533,1.0,1.0,0.15462609415907932,0.015580851440218941,0.09475034238413897,0.08980226156526103,0.15062921799555384,0.1425961082303227,0.1425961082303227,0.06192870294530802,4.853360929828086,0.9966332528793117,1.0,1.0,0.03450978546882719,0.0008586662176574853,0.022569494001241946,0.02034175163768676,0.03838424247323384,-0.00411741731153267,0.03468441641608794,0.015063250657541556,3.8162769094062075,1.0,1.0,1.0,0.011548887006938457,0.2684354670345783,0.07613119296729565,ok,
759xd9YjKW5,87449aea807942e0998e230c344f0e42,87449aea807942e0998e230c344f0e42_i1_3,1,3,/home/bgao491/Matterport3D/v1/scans/759xd9YjKW5/undistorted_color_images/87449aea807942e0998e230c344f0e42_i1_3.jpg,/home/bgao491/Matterport3D/v1/scans/759xd9YjKW5/undistorted_depth_images/87449aea807942e0998e230c344f0e42_d1_3.png,1024,1280,406,504,1.4121168655554452,1188717,0.9069190979003906,-6.931980133056641,3.233180046081543,1.6268600225448608,True,204624,1.0,True,,1.0,204624,0.9493270516395569,-0.05200191209298644,1.05452634824001,0.10509361919453467,log-depth Laplacian fallback,,,,0.10860092980878643,0.0483534695391945,0.30056613083070455,0.16041252181965787,0.13370970290276277,0.005245167856946631,0.10245217518534604,0.04449441434198106,13.360678450025484,0.9833316087849336,0.9947582141081519,0.995720596239475,0.1162482937932894,0.051574164312618874,0.3364860177220266,0.20162405910230619,0.141551990437373,-0.04675674437084335,0.11588889600686746,0.05032990804964231,13.360678445581176,0.9848365927298087,0.9950576966595077,0.9960394273826318,0.1162482937932894,0.051574164312618874,0.3364860177220266,0.20162405910230619,0.141551990437373,-0.04675674437084335,0.11588889600686746,0.05032990804964231,13.360678445581176,0.9848365927298087,0.9950576966595077,0.9960394273826318,0.07561683495988919,0.0423816671525473,0.30179859508324786,0.1470688361258566,0.10839986143590132,-0.03540355369709553,0.07357402443965597,0.03195279282555755,10.245544565780522,0.9859689059717326,0.9949020666819773,0.995909034698755,0.10951736589400868,0.05482848958336933,0.30478248884098763,0.1421362147843292,0.1457873853366552,0.058336856739459805,0.09760514133923189,0.04238937428901537,13.360678451732205,0.8712031543252095,0.9913814642173032,0.9955077617296632,0.01623331313021481,0.27579778898507357,0.07320631411857903,ok,
759xd9YjKW5,87449aea807942e0998e230c344f0e42,87449aea807942e0998e230c344f0e42_i1_4,1,4,/home/bgao491/Matterport3D/v1/scans/759xd9YjKW5/undistorted_color_images/87449aea807942e0998e230c344f0e42_i1_4.jpg,/home/bgao491/Matterport3D/v1/scans/759xd9YjKW5/undistorted_depth_images/87449aea807942e0998e230c344f0e42_d1_4.png,1024,1280,406,504,1.4121168655554452,1025858,0.7826675415039063,-6.935480117797852,3.2332301139831543,1.6268399953842163,True,204624,1.0,True,,1.0,204624,0.9779087901115417,-0.022338874941097646,1.0123274178248511,0.034590928880130406,log-depth Laplacian fallback,,,,0.21574566566600253,0.39280654360474254,0.60570364044492,0.23019274106203796,0.31574383101325737,0.09558366685787774,0.1330813963921022,0.05779651609706929,30.092844573574407,0.840825923275931,0.8448147794334109,0.9825979813970355,0.22319080951400028,0.3745717716059323,0.6069943484125125,0.2938499924112242,0.3097139471715356,0.07324479187557874,0.14541950277059118,0.06315488761438239,30.09284458732273,0.8410501258458773,0.8451588816385893,0.9851100249742167,0.22319080951400028,0.3745717716059323,0.6069943484125125,0.2938499924112242,0.3097139471715356,0.07324479187557874,0.14541950277059118,0.06315488761438239,30.09284458732273,0.8410501258458773,0.8451588816385893,0.9851100249742167,0.1811349372298746,0.3049502935804245,0.5631501127776941,0.2222420282683282,0.27768529966837063,0.07502583901066047,0.11774148530656173,0.05113447735973259,26.735790456363777,0.8408346964199723,0.8509686525815464,0.9854833709928664,0.21595945368795397,0.40485814836556117,0.6116003461729451,0.21421298705483754,0.3196661935312641,0.107835735454587,0.13065503633348696,0.05674276131250226,30.09284457237898,0.8407060236406988,0.8445759549567289,0.977111841989827,0.014370462857186794,0.2914053911808878,0.07174708391539752,ok,
759xd9YjKW5,87449aea807942e0998e230c344f0e42,87449aea807942e0998e230c344f0e42_i1_5,1,5,/home/bgao491/Matterport3D/v1/scans/759xd9YjKW5/undistorted_color_images/87449aea807942e0998e230c344f0e42_i1_5.jpg,/home/bgao491/Matterport3D/v1/scans/759xd9YjKW5/undistorted_depth_images/87449aea807942e0998e230c344f0e42_d1_5.png,1024,1280,406,504,1.4121168655554452,208518,0.15908660888671874,-6.937190055847168,3.2362799644470215,1.626870036125183,True,204624,1.0,True,,1.0,204624,0.7833774089813232,-0.24414069531029028,0.6869487781205146,0.13135485300568475,log-depth Laplacian fallback,,,,0.452167938325491,0.11190371281653044,0.24741985096113076,0.24721584670553434,0.3732645391621848,0.37293469749278285,0.37293469749278285,0.1619634812313741,1.5688454414784545,0.0,1.0,1.0,0.13759555690868489,0.010461138118480217,0.07548643071663193,0.07506189849499045,0.12974599264907538,0.128794002155048,0.128794002155048,0.055934524438172886,1.5688454907332883,1.0,1.0,1.0,0.13759555690868489,0.010461138118480217,0.07548643071663193,0.07506189849499045,0.12974599264907538,0.128794002155048,0.128794002155048,0.055934524438172886,1.5688454907332883,1.0,1.0,1.0,0.15646835697248535,0.013489425400484728,0.08563531404884803,0.08528342452900536,0.14621878637473348,0.14522545081071972,0.14522545081071972,0.06307061191900772,1.7014756117064278,1.0,1.0,1.0,0.011458135951313158,0.0001354259235032392,0.008583034167408944,0.006216543800434609,0.0158960867706853,-0.0025608535666881084,0.01150114950145273,0.004994885764025255,1.5688454469167352,1.0,1.0,1.0,0.011705795070156455,0.2764742341823876,0.07393255992792547,ok,
759xd9YjKW5,87449aea807942e0998e230c344f0e42,87449aea807942e0998e230c344f0e42_i2_0,2,0,/home/bgao491/Matterport3D/v1/scans/759xd9YjKW5/undistorted_color_images/87449aea807942e0998e230c344f0e42_i2_0.jpg,/home/bgao491/Matterport3D/v1/scans/759xd9YjKW5/undistorted_depth_images/87449aea807942e0998e230c344f0e42_d2_0.png,1024,1280,406,504,1.4165615917841592,1025983,0.7827629089355469,-6.940969944000244,3.2485499382019043,1.6602400541305542,True,204624,1.0,True,,1.0,204624,1.0169883966445923,0.016845707605654115,1.0488840828876334,0.030881113212316024,log-depth Laplacian fallback,,,,0.09303478823609515,0.016522501645888144,0.13363171922905476,0.10972755203983178,0.14814852639919449,-0.0760720511255146,0.10110709944570757,0.043910255370514156,12.712603553879088,0.8251559723699126,0.9976890455299942,1.0,0.08823748691869418,0.015646906268089202,0.1347915190074007,0.10866762770654038,0.14024545873576694,-0.0592263435063234,0.09478613133231355,0.04116509379858072,12.71260356137825,0.8340177176424951,0.997425883274869,1.0,0.08823748691869418,0.015646906268089202,0.1347915190074007,0.10866762770654038,0.14024545873576694,-0.0592263435063234,0.09478613133231355,0.04116509379858072,12.71260356137825,0.8340177176424951,0.997425883274869,1.0,0.0807187434391682,0.01186977385253335,0.12792444075827009,0.10612897283428005,0.11122607557671921,-0.04378412641122288,0.08419274860668663,0.036564446136151715,10.22457342024796,0.9419727227449187,0.9980564980121504,1.0,0.08611496441055456,0.016503500344965647,0.1553190406102669,0.11994994748579994,0.13024777783625593,-0.028345276800780222,0.08999518981743855,0.03908441433554929,12.712603554885927,0.8513513381800674,0.9962689440273377,0.9999346967737283,0.018157539889216423,0.2761453741695732,0.07594051584601402,ok,
759xd9YjKW5,87449aea807942e0998e230c344f0e42,87449aea807942e0998e230c344f0e42_i2_1,2,1,/home/bgao491/Matterport3D/v1/scans/759xd9YjKW5/undistorted_color_images/87449aea807942e0998e230c344f0e42_i2_1.jpg,/home/bgao491/Matterport3D/v1/scans/759xd9YjKW5/undistorted_depth_images/87449aea807942e0998e230c344f0e42_d2_1.png,1024,1280,406,504,1.4165615917841592,1131043,0.8629173278808594,-6.926420211791992,3.248339891433716,1.6603200435638428,True,204624,1.0,True,,1.0,204624,0.9828153252601624,-0.017334044988881196,0.9755009246447288,0.007470126063057053,log-depth Laplacian fallback,,,,0.06717742949367633,0.017215401280311394,0.16602809538261362,0.10070662397353494,0.09443587117065966,0.04247212461884687,0.06268357537363826,0.027223130890737662,8.434602773173475,0.991045433285914,0.9962397539262433,0.9973926720734756,0.062080744237144964,0.01432049538707291,0.14681507380949851,0.08687122793590377,0.08801235980076459,0.02513807965578604,0.058700197098683654,0.025493171686591588,8.43460279380043,0.9937447117395183,0.9963591127835104,0.9974766653434043,0.062080744237144964,0.01432049538707291,0.14681507380949851,0.08687122793590377,0.08801235980076459,0.02513807965578604,0.058700197098683654,0.025493171686591588,8.43460279380043,0.9937447117395183,0.9963591127835104,0.9974766653434043,0.0674464256826571,0.016928514342456864,0.1713925268361819,0.1077122262366216,0.08981580769501062,0.025091725999754465,0.0648830587330036,0.02817835437674805,8.623969270736286,0.9924131973762271,0.99619289452302,0.9973484650893025,0.06133215527962947,0.01340989037771969,0.14009307630815734,0.08324168315837924,0.0861766185215738,0.017667970598223986,0.05841219429584302,0.025368093658545227,8.434602773547281,0.9940462033715782,0.9963980149295827,0.9975102626513758,0.0181660910602659,0.28408814989961684,0.07649719202890992,ok,
759xd9YjKW5,87449aea807942e0998e230c344f0e42,87449aea807942e0998e230c344f0e42_i2_2,2,2,/home/bgao491/Matterport3D/v1/scans/759xd9YjKW5/undistorted_color_images/87449aea807942e0998e230c344f0e42_i2_2.jpg,/home/bgao491/Matterport3D/v1/scans/759xd9YjKW5/undistorted_depth_images/87449aea807942e0998e230c344f0e42_d2_2.png,1024,1280,406,504,1.4165615917841592,1000841,0.7635810852050782,-6.919320106506348,3.235640048980713,1.6602100133895874,True,204624,1.0,True,,1.0,204624,0.9716023802757263,-0.02880863200561132,0.8415746715997046,0.1436719009786304,log-depth Laplacian fallback,,,,0.1945857265967584,0.03318719491812272,0.16531929942881768,0.16032378618812107,0.18384308284160794,0.17500572758866884,0.1765220433834674,0.0766625493757263,5.6314069466403796,0.8555754610372677,0.9983513864839669,1.0,0.16110857920619773,0.02324655995990011,0.13737323761389791,0.13153949029004652,0.1566680092968827,0.14619709543511025,0.14816610772409108,0.06434772298965555,5.631406949764322,0.8979078594901687,0.9984073394275415,1.0,0.16110857920619773,0.02324655995990011,0.13737323761389791,0.13153949029004652,0.1566680092968827,0.14619709543511025,0.14816610772409108,0.06434772298965555,5.631406949764322,0.8979078594901687,0.9984073394275415,1.0,0.1356234725049445,0.01760119328833223,0.11934256773229038,0.11052604155281852,0.13677307781976994,0.12450030377124544,0.12572747577710208,0.054602748953620155,5.662640000176998,0.9116912676439115,0.99833539992866,1.0,0.03783082960163362,0.0028154776013159756,0.0509454227246268,0.033805397757352675,0.056370657329120256,0.002525191401664524,0.03759388282773066,0.01632681586540084,5.631406943297615,0.9907188054845875,1.0,1.0,0.01664717821404338,0.27165249502286315,0.07434391998685896,ok,
759xd9YjKW5,87449aea807942e0998e230c344f0e42,87449aea807942e0998e230c344f0e42_i2_3,2,3,/home/bgao491/Matterport3D/v1/scans/759xd9YjKW5/undistorted_color_images/87449aea807942e0998e230c344f0e42_i2_3.jpg,/home/bgao491/Matterport3D/v1/scans/759xd9YjKW5/undistorted_depth_images/87449aea807942e0998e230c344f0e42_d2_3.png,1024,1280,406,504,1.4165615917841592,1200988,0.9162811279296875,-6.926770210266113,3.223140001296997,1.6600300073623657,True,204624,1.0,True,,1.0,204624,1.0918687582015991,0.08789068530287146,1.0979278485256754,0.005533943900107308,log-depth Laplacian fallback,,,,0.08841056844490486,0.01857581349618371,0.19436551436191757,0.15780136347192814,0.10398751637477231,-0.08822560053568256,0.09251787610319798,0.04018000306902763,5.504222898749386,0.9953121929611287,0.9989866676436401,0.9993213920538756,0.037702783716921144,0.006047320356253957,0.09665933371898297,0.05642274911327179,0.05504324798726757,-0.000334915118195884,0.036874376477772766,0.016014338227919783,5.504222906870178,0.9946086055814046,0.9980332859279194,0.9991548624965445,0.037702783716921144,0.006047320356253957,0.09665933371898297,0.05642274911327179,0.05504324798726757,-0.000334915118195884,0.036874376477772766,0.016014338227919783,5.504222906870178,0.9946086055814046,0.9980332859279194,0.9991548624965445,0.03550377879100823,0.005226304149415755,0.08797411175750201,0.050250566975381314,0.051957323612815944,-0.004032919904880013,0.034956272347662944,0.015181316188497248,5.180056982358113,0.9947934533900422,0.9988467828154819,0.9991956622380906,0.037704203950958824,0.006053214097727633,0.0964499679159619,0.05567627656420184,0.055287218142463616,0.005198992395468871,0.03666734896784662,0.01592442732275669,5.5042228951998435,0.9945661405442852,0.9978850746218947,0.9991432054275313,0.011160304071381688,0.2686054471414536,0.07452122983522713,ok,
759xd9YjKW5,87449aea807942e0998e230c344f0e42,87449aea807942e0998e230c344f0e42_i2_4,2,4,/home/bgao491/Matterport3D/v1/scans/759xd9YjKW5/undistorted_color_images/87449aea807942e0998e230c344f0e42_i2_4.jpg,/home/bgao491/Matterport3D/v1/scans/759xd9YjKW5/undistorted_depth_images/87449aea807942e0998e230c344f0e42_d2_4.png,1024,1280,406,504,1.4165615917841592,1181507,0.9014183044433594,-6.941319942474365,3.2233500480651855,1.6599500179290771,True,204624,1.0,True,,1.0,204624,1.2420917749404907,0.21679687364808334,1.3113156381650113,0.054234063531930526,log-depth Laplacian fallback,,,,0.24910650192352687,0.15379232075952418,0.614539272007587,0.5518536648869891,0.28616262179122287,-0.26053077199220426,0.2758406233247349,0.11979606059468574,11.837551670667603,0.03201165968546949,0.9932890791167551,0.994551026781898,0.0744425992413853,0.05258004606371391,0.2248536779067994,0.13533859712815516,0.12619594606719248,-0.0437338984634194,0.0655449482727315,0.028465809351481394,11.83755165943747,0.9904985751248194,0.9919247198704705,0.9933356298354559,0.0744425992413853,0.05258004606371391,0.2248536779067994,0.13533859712815516,0.12619594606719248,-0.0437338984634194,0.0655449482727315,0.028465809351481394,11.83755165943747,0.9904985751248194,0.9919247198704705,0.9933356298354559,0.07085607884356027,0.05442693786307983,0.21850701356402963,0.1219204735546642,0.12580568167889192,-0.03276729194151806,0.06104242371599043,0.026510387781854834,12.14634682590202,0.9889065405452528,0.9918739372682515,0.9932594559321274,0.0423276979841892,0.053558341371098654,0.19824359790891155,0.05605803403553603,0.11884029917139564,0.010500178546856025,0.030502349588141967,0.013247002111213983,11.837551671537053,0.9885993058018276,0.9916064822298979,0.9929962327772921,0.010864423122256994,0.26198004093021154,0.07156611513346434,ok,
759xd9YjKW5,87449aea807942e0998e230c344f0e42,87449aea807942e0998e230c344f0e42_i2_5,2,5,/home/bgao491/Matterport3D/v1/scans/759xd9YjKW5/undistorted_color_images/87449aea807942e0998e230c344f0e42_i2_5.jpg,/home/bgao491/Matterport3D/v1/scans/759xd9YjKW5/undistorted_depth_images/87449aea807942e0998e230c344f0e42_d2_5.png,1024,1280,406,504,1.4165615917841592,921369,0.7029487609863281,-6.94842004776001,3.2360498905181885,1.6600600481033325,True,204624,1.0,True,,1.0,204624,1.1509929895401,0.14062503896541936,1.0626309789922956,0.07987715040095228,log-depth Laplacian fallback,,,,0.06946890664175298,0.013773069145774938,0.10624462028455725,0.05701761805183887,0.09474851511637954,-0.05630200282793913,0.06882178221486412,0.029888920250662875,7.620607321153305,0.9942726529761692,0.9955674653694665,0.9967602556630405,0.09326372016048387,0.02455793281047729,0.15449989230223526,0.08758292982927221,0.1136562361788848,0.0843230362012451,0.08525691704492666,0.03702660861669497,7.620607317106656,0.9905466756532941,0.994873932159645,0.9960884292829474,0.09326372016048387,0.02455793281047729,0.15449989230223526,0.08758292982927221,0.1136562361788848,0.0843230362012451,0.08525691704492666,0.03702660861669497,7.620607317106656,0.9905466756532941,0.994873932159645,0.9960884292829474,0.07620649738656324,0.018512521999960174,0.12595062391324735,0.06559514298532793,0.09994230873954821,0.0636584629999255,0.07017147929400804,0.03047508624437597,7.704586403356307,0.9915668966505277,0.9951593769705731,0.9963923248991446,0.031844220997232796,0.013767008660592916,0.10937856345211437,0.029920996965064565,0.07633565198867136,0.004445915811779474,0.028339612535153862,0.01230773734329355,7.620607322996058,0.9937582011116067,0.9952907032904298,0.9964900056329223,0.017945207888260484,0.2742636122275144,0.07124213012866676,ok,
759xd9YjKW5,99fcb9869e0b4a7a9f825d70d6f67efc,99fcb9869e0b4a7a9f825d70d6f67efc_i0_0,0,0,/home/bgao491/Matterport3D/v1/scans/759xd9YjKW5/undistorted_color_images/99fcb9869e0b4a7a9f825d70d6f67efc_i0_0.jpg,/home/bgao491/Matterport3D/v1/scans/759xd9YjKW5/undistorted_depth_images/99fcb9869e0b4a7a9f825d70d6f67efc_d0_0.png,1024,1280,406,504,1.4155678118069965,1231904,0.9398681640625,0.2171889990568161,5.228529930114746,1.6015499830245972,True,204624,1.0,True,,1.0,204624,0.9212431907653809,-0.08203122680535738,0.8931800407054116,0.03093587828958927,log-depth Laplacian fallback,,,,0.13817348821225645,0.03756165691205413,0.2462274019275953,0.22006795352517072,0.14035498625092752,0.1277248937067977,0.1277249336004782,0.055470233864146894,5.818826078415884,0.9683481829752968,1.0,1.0,0.05958249627736696,0.009658677150287455,0.12393804563685122,0.09416127589210431,0.07398503135299749,0.045693666803334074,0.056927415921411435,0.024723262603680303,5.818826065771262,1.0,1.0,1.0,0.05958249627736696,0.009658677150287455,0.12393804563685122,0.09416127589210431,0.07398503135299749,0.045693666803334074,0.056927415921411435,0.024723262603680303,5.818826065771262,1.0,1.0,1.0,0.05502885842001521,0.007151079254547695,0.1070730435812366,0.08762095687466216,0.06402474787642234,0.05224459211605341,0.05292216296477868,0.022983803345988024,3.700906558218754,1.0,1.0,1.0,0.05128240886677464,0.0058429240776663146,0.09503614762868492,0.07905222053705901,0.060030534676673596,0.014757757273807197,0.05030524258311526,0.02184728926465144,5.818826079042664,1.0,1.0,1.0,0.010722499107941985,0.27369530708529055,0.07181574404239655,ok,
759xd9YjKW5,99fcb9869e0b4a7a9f825d70d6f67efc,99fcb9869e0b4a7a9f825d70d6f67efc_i0_1,0,1,/home/bgao491/Matterport3D/v1/scans/759xd9YjKW5/undistorted_color_images/99fcb9869e0b4a7a9f825d70d6f67efc_i0_1.jpg,/home/bgao491/Matterport3D/v1/scans/759xd9YjKW5/undistorted_depth_images/99fcb9869e0b4a7a9f825d70d6f67efc_d0_1.png,1024,1280,406,504,1.4155678118069965,1211500,0.9243011474609375,0.20398199558258057,5.2224202156066895,1.6016700267791748,True,204624,1.0,True,,1.0,204624,1.2015275955200195,0.18359374348787263,1.1846857283035916,0.014116212257310357,log-depth Laplacian fallback,,,,0.16150221213111346,0.0513853680533404,0.2946839088577204,0.24806402412756778,0.2004183764168854,-0.16844745791537336,0.17733729948789775,0.07701661060321834,10.85954857599011,0.8334122988031366,0.9864432521667355,0.9915476681799422,0.06082758320675973,0.027170127082902527,0.23198568893536867,0.10673675882708077,0.10964665753324365,0.015146285610206,0.05894486847806808,0.02559943111653788,10.85954858197452,0.963839042509286,0.9886033842344202,0.9928113908378043,0.06082758320675973,0.027170127082902527,0.23198568893536867,0.10673675882708077,0.10964665753324365,0.015146285610206,0.05894486847806808,0.02559943111653788,10.85954858197452,0.963839042509286,0.9886033842344202,0.9928113908378043,0.05870831376043792,0.025158600500095638,0.2242839863766995,0.10340931479639619,0.10928382071662604,0.020763340973595057,0.05745787171732137,0.02495363662873759,10.729322971202745,0.9675517952950887,0.9885695418902187,0.9923953776310359,0.058385202688834376,0.025551071772175277,0.2245358113682652,0.10069901141424686,0.10860037082836099,0.0010300553910870737,0.05734030390088968,0.024902577574811888,10.859548577150347,0.9668378043747421,0.9885406520841932,0.9926867519603797,0.010464980034157634,0.27742545190267265,0.07435179688036442,ok,
759xd9YjKW5,99fcb9869e0b4a7a9f825d70d6f67efc,99fcb9869e0b4a7a9f825d70d6f67efc_i0_2,0,2,/home/bgao491/Matterport3D/v1/scans/759xd9YjKW5/undistorted_color_images/99fcb9869e0b4a7a9f825d70d6f67efc_i0_2.jpg,/home/bgao491/Matterport3D/v1/scans/759xd9YjKW5/undistorted_depth_images/99fcb9869e0b4a7a9f825d70d6f67efc_d0_2.png,1024,1280,406,504,1.4155678118069965,1211991,0.9246757507324219,0.1920900046825409,5.230810165405273,1.6014800071716309,True,204624,1.0,True,,1.0,204624,1.0469681024551392,0.04589846576541932,1.0982411954107614,0.04781152114996091,log-depth Laplacian fallback,,,,0.09448141479009589,0.022126798934472666,0.21641187268236847,0.17315217846688516,0.11903394100787959,-0.0952701653547166,0.09998960562205327,0.04342493396934009,7.136297853335662,0.9832358491110907,0.9924190856202728,0.9965288521119381,0.05360177299992342,0.012114099847009233,0.16096318698782944,0.09678623057899234,0.0867769520940595,-0.049371699599553426,0.055709999724935615,0.02419454546737119,7.136297845091777,0.9851401536810092,0.9928044020128862,0.9965890835823038,0.05360177299992342,0.012114099847009233,0.16096318698782944,0.09678623057899234,0.0867769520940595,-0.049371699599553426,0.055709999724935615,0.02419454546737119,7.136297845091777,0.9851401536810092,0.9928044020128862,0.9965890835823038,0.04376903277027597,0.01332190734081315,0.18175187890675662,0.09465144749772698,0.08667048715068347,-0.03681797921294789,0.04597734024082468,0.019967705159178492,7.8461517635154925,0.983946250425952,0.993061829667052,0.9965073998074243,0.030730152139736008,0.009001792138092695,0.1381228813266675,0.05682930198150845,0.07138003097291423,-0.0015601651436972573,0.03099092437043917,0.01345918744316274,7.136297854222866,0.9860824049023467,0.9930832819715658,0.9966245623936152,0.010692071169614792,0.273454014910385,0.07456318382173777,ok,
759xd9YjKW5,99fcb9869e0b4a7a9f825d70d6f67efc,99fcb9869e0b4a7a9f825d70d6f67efc_i0_3,0,3,/home/bgao491/Matterport3D/v1/scans/759xd9YjKW5/undistorted_color_images/99fcb9869e0b4a7a9f825d70d6f67efc_i0_3.jpg,/home/bgao491/Matterport3D/v1/scans/759xd9YjKW5/undistorted_depth_images/99fcb9869e0b4a7a9f825d70d6f67efc_d0_3.png,1024,1280,406,504,1.4155678118069965,1235948,0.9429534912109375,0.19340500235557556,5.2452898025512695,1.6011699438095093,True,204624,1.0,True,,1.0,204624,1.0128380060195923,0.012756297394454245,1.0283850356577386,0.015233347818005656,log-depth Laplacian fallback,,,,0.03904442461556315,0.003961512544146904,0.0809807122339928,0.06412604100259273,0.052030775919849566,-0.031087941070616285,0.04013879533105155,0.0174320573225197,4.172219508620666,0.9990023852136174,1.0,1.0,0.034354903950759984,0.0032245370720892803,0.07462417303771518,0.05786487742440903,0.04557181951482434,-0.018331643711151955,0.034984757176754026,0.015193686992589444,4.172219520517955,0.9989287575205429,1.0,1.0,0.034354903950759984,0.0032245370720892803,0.07462417303771518,0.05786487742440903,0.04557181951482434,-0.018331643711151955,0.034984757176754026,0.015193686992589444,4.172219520517955,0.9989287575205429,1.0,1.0,0.025614939350745485,0.002951661806678432,0.08204229635174468,0.05304572056955395,0.037578874377690495,-0.00903715055703149,0.02586387140241123,0.011232536630722515,3.6476042950185654,0.9987847385165072,1.0,1.0,0.032949591009109415,0.0031190577979488964,0.07739038790091188,0.05955098655336448,0.04183707636344242,-0.003098288571662037,0.033071910117066235,0.014362948069842202,4.172219513121548,0.9988688844514494,1.0,1.0,0.011092286091297865,0.2732441120315343,0.0750923149753362,ok,
759xd9YjKW5,99fcb9869e0b4a7a9f825d70d6f67efc,99fcb9869e0b4a7a9f825d70d6f67efc_i0_4,0,4,/home/bgao491/Matterport3D/v1/scans/759xd9YjKW5/undistorted_color_images/99fcb9869e0b4a7a9f825d70d6f67efc_i0_4.jpg,/home/bgao491/Matterport3D/v1/scans/759xd9YjKW5/undistorted_depth_images/99fcb9869e0b4a7a9f825d70d6f67efc_d0_4.png,1024,1280,406,504,1.4155678118069965,1227438,0.9364608764648438,0.20661099255084991,5.251399993896484,1.6010500192642212,True,204624,1.0,True,,1.0,204624,0.9749289751052856,-0.025390656683552813,0.9294405057977269,0.047781823858298406,log-depth Laplacian fallback,,,,0.07658305102311955,0.0149275081706712,0.16508152346734234,0.13431495753739794,0.08572795942430361,0.0605460825719283,0.0730655363174572,0.03173195923997331,6.06914731428418,0.9952070898896727,1.0,1.0,0.061474112286433916,0.009620272543087616,0.1323655170777963,0.10694103185062342,0.07013814148041192,0.03515542580654944,0.05969767751345471,0.025926371926533232,6.069147326178922,0.9957382776156515,1.0,1.0,0.061474112286433916,0.009620272543087616,0.1323655170777963,0.10694103185062342,0.07013814148041192,0.03515542580654944,0.05969767751345471,0.025926371926533232,6.069147326178922,0.9957382776156515,1.0,1.0,0.06144873515617639,0.009397207717706876,0.13044874424856248,0.10716892864982833,0.06920934607117683,0.04717961300250008,0.059485143750886094,0.025834069686231538,5.06361303866542,0.9956046659790556,1.0,1.0,0.047957184844762246,0.006049591411118849,0.10088924844692611,0.07776765954950768,0.0619909755022619,-0.012626405998289352,0.048709736025433985,0.021154369570810017,6.069147316788741,0.9963778211200892,1.0,1.0,0.01141042192466557,0.26856665103696287,0.0747255920432508,ok,
759xd9YjKW5,99fcb9869e0b4a7a9f825d70d6f67efc,99fcb9869e0b4a7a9f825d70d6f67efc_i0_5,0,5,/home/bgao491/Matterport3D/v1/scans/759xd9YjKW5/undistorted_color_images/99fcb9869e0b4a7a9f825d70d6f67efc_i0_5.jpg,/home/bgao491/Matterport3D/v1/scans/759xd9YjKW5/undistorted_depth_images/99fcb9869e0b4a7a9f825d70d6f67efc_d0_5.png,1024,1280,406,504,1.4155678118069965,1216325,0.9279823303222656,0.21850299835205078,5.243020057678223,1.6012400388717651,True,204624,1.0,True,,1.0,204624,0.9842560887336731,-0.0158691630116402,0.9487826194045185,0.036706406397647905,log-depth Laplacian fallback,,,,0.10476492330096615,0.029467239103978405,0.22308218792057274,0.17087456650134433,0.12194372697338098,0.054420235681756766,0.09870562219327918,0.042867307051368285,10.912703833835376,0.9152685343144308,1.0,1.0,0.09925637588563241,0.025411969249072644,0.20607299076031205,0.1598754682041642,0.11573631970145191,0.03855107262498469,0.09481400868182961,0.041177200777645646,10.912703834293243,0.9481503709945944,1.0,1.0,0.09925637588563241,0.025411969249072644,0.20607299076031205,0.1598754682041642,0.11573631970145191,0.03855107262498469,0.09481400868182961,0.041177200777645646,10.912703834293243,0.9481503709945944,1.0,1.0,0.05815756081967495,0.013745431960066418,0.15408568184585925,0.0976322600660845,0.08246327527578919,0.04494185984492033,0.054767306447566985,0.023785138978882726,6.914058867908286,0.9924543193636569,1.0,1.0,0.09192309361756143,0.019651420472373518,0.17777163817152114,0.1439795354469495,0.1091426282580009,0.0018446698834300175,0.0909662207782225,0.039506127723574945,10.912703833645145,0.9981279674429121,1.0,1.0,0.014564109034836292,0.264187942026183,0.07449320494197309,ok,
759xd9YjKW5,99fcb9869e0b4a7a9f825d70d6f67efc,99fcb9869e0b4a7a9f825d70d6f67efc_i1_0,1,0,/home/bgao491/Matterport3D/v1/scans/759xd9YjKW5/undistorted_color_images/99fcb9869e0b4a7a9f825d70d6f67efc_i1_0.jpg,/home/bgao491/Matterport3D/v1/scans/759xd9YjKW5/undistorted_depth_images/99fcb9869e0b4a7a9f825d70d6f67efc_d1_0.png,1024,1280,406,504,1.4121168655554452,1146399,0.8746330261230468,0.20812499523162842,5.235599994659424,1.6346499919891357,True,204624,1.0,True,,1.0,204624,0.8799152970314026,-0.12792962951594428,0.8969385782634686,0.019161735625443307,log-depth Laplacian fallback,,,,0.11309731786370436,0.022457040597912026,0.19028637073379948,0.18265722107194993,0.1113918127306406,0.09956399714958315,0.1068988757126436,0.04642559184366266,4.995144056997656,0.9950270368344704,1.0,1.0,0.03213577444669267,0.004421696221617966,0.08303027452949555,0.05108680855456414,0.05744349844540748,-0.028365632403728122,0.033548967610340714,0.014570131506721897,4.995144053962909,0.9928768256078381,1.0,1.0,0.03213577444669267,0.004421696221617966,0.08303027452949555,0.05108680855456414,0.05744349844540748,-0.028365632403728122,0.033548967610340714,0.014570131506721897,4.995144053962909,0.9928768256078381,1.0,1.0,0.050687535945434445,0.006957621192045246,0.10452704702252828,0.08097809593383692,0.07086939050943478,-0.025955490748439877,0.0525364703507424,0.022816299172001234,6.5945303177606345,0.9869225287181862,1.0,1.0,0.028035620128665825,0.0034961440398674805,0.073320748410289,0.04372824495187539,0.05079230699222046,-0.009203914441263531,0.028887704038812332,0.01254577045891048,4.995144050525338,0.9993492667038265,1.0,1.0,0.00996820186264813,0.2679474358446896,0.07481693709269166,ok,
759xd9YjKW5,99fcb9869e0b4a7a9f825d70d6f67efc,99fcb9869e0b4a7a9f825d70d6f67efc_i1_1,1,1,/home/bgao491/Matterport3D/v1/scans/759xd9YjKW5/undistorted_color_images/99fcb9869e0b4a7a9f825d70d6f67efc_i1_1.jpg,/home/bgao491/Matterport3D/v1/scans/759xd9YjKW5/undistorted_depth_images/99fcb9869e0b4a7a9f825d70d6f67efc_d1_1.png,1024,1280,406,504,1.4121168655554452,1174987,0.8964439392089844,0.20494799315929413,5.234129905700684,1.6346800327301025,True,204624,1.0,True,,1.0,204624,0.8907222747802734,-0.1157226006833586,0.8566238311796324,0.03903379284183786,log-depth Laplacian fallback,,,,0.20797953373523254,0.2151356160982771,0.602239152488211,0.34834459752276686,0.2378264722845134,0.16263019220131258,0.17334980172848768,0.07528486232970502,17.353054919483352,0.8697304736137507,0.9585876269269362,0.9781197579207259,0.11059433044384966,0.13413470085297297,0.5061908478053677,0.24212067754373995,0.1797586539688218,0.046907591595209956,0.09399752053021497,0.04082260447886,17.353054926271515,0.9383388922600846,0.9634574680400719,0.9822934211187018,0.11059433044384966,0.13413470085297297,0.5061908478053677,0.24212067754373995,0.1797586539688218,0.046907591595209956,0.09399752053021497,0.04082260447886,17.353054926271515,0.9383388922600846,0.9634574680400719,0.9822934211187018,0.10162047531842826,0.12896373134747147,0.4827192145388845,0.21376946618245554,0.17756684291650845,0.04340792081566214,0.08529031811475435,0.03704111451701077,17.217937191718757,0.9364214242370341,0.9630915065443277,0.9808082983045769,0.09120109530928344,0.12352723739892979,0.5158297338332991,0.23102675547240228,0.17370909061242573,0.007873795416620599,0.0784771845166828,0.03408220819089863,17.3530549204263,0.944458959971472,0.9655996194000445,0.9822517185296518,0.010354131925851107,0.27397278300486505,0.07144610909745097,ok,
759xd9YjKW5,99fcb9869e0b4a7a9f825d70d6f67efc,99fcb9869e0b4a7a9f825d70d6f67efc_i1_2,1,2,/home/bgao491/Matterport3D/v1/scans/759xd9YjKW5/undistorted_color_images/99fcb9869e0b4a7a9f825d70d6f67efc_i1_2.jpg,/home/bgao491/Matterport3D/v1/scans/759xd9YjKW5/undistorted_depth_images/99fcb9869e0b4a7a9f825d70d6f67efc_d1_2.png,1024,1280,406,504,1.4121168655554452,1175167,0.8965812683105469,0.20208700001239777,5.236149787902832,1.6346299648284912,True,204624,1.0,True,,1.0,204624,0.9855786561965942,-0.014526342082057867,1.0033613820337104,0.017882087299310373,log-depth Laplacian fallback,,,,0.0610338919831375,0.13273787770050852,0.4988717075776506,0.14758798638034745,0.15169304482667048,0.019117224101144695,0.04558455461724406,0.01979712053028649,15.048359243270633,0.9636460179702119,0.9780482263371929,0.9839818510901004,0.06523167950258303,0.12839373586728497,0.4956848287804569,0.16940575979755437,0.15055360432555526,0.004590881968811917,0.050692618901954985,0.022015524662343543,15.04835923885534,0.9645871608035284,0.9784490204370954,0.9842473452709275,0.06523167950258303,0.12839373586728497,0.4956848287804569,0.16940575979755437,0.15055360432555526,0.004590881968811917,0.050692618901954985,0.022015524662343543,15.04835923885534,0.9645871608035284,0.9784490204370954,0.9842473452709275,0.08359361387314816,0.12200074391469977,0.5106320955643182,0.2484467016312272,0.1532641398268776,0.0023300132114787817,0.0712280555137945,0.030933951466339437,15.324642767551556,0.9658627241915404,0.978153743255214,0.9850965862724191,0.06101117131412048,0.1339919645783329,0.5007258538032283,0.14683422685637337,0.15215237182463115,0.0224729317255331,0.04535718308263342,0.019698374327463228,15.04835924329305,0.9635234821944455,0.9779512188480446,0.9839376020599625,0.010425498010590672,0.28639099816791713,0.07136313803493977,ok,
759xd9YjKW5,99fcb9869e0b4a7a9f825d70d6f67efc,99fcb9869e0b4a7a9f825d70d6f67efc_i1_3,1,3,/home/bgao491/Matterport3D/v1/scans/759xd9YjKW5/undistorted_color_images/99fcb9869e0b4a7a9f825d70d6f67efc_i1_3.jpg,/home/bgao491/Matterport3D/v1/scans/759xd9YjKW5/undistorted_depth_images/99fcb9869e0b4a7a9f825d70d6f67efc_d1_3.png,1024,1280,406,504,1.4121168655554452,1235003,0.9422325134277344,0.20240400731563568,5.239630222320557,1.634559988975525,True,204624,1.0,True,,1.0,204624,0.99437016248703,-0.005645744779827499,0.998787197383864,0.0044322061234240975,log-depth Laplacian fallback,,,,0.03599750149110193,0.007477563790778161,0.15076501125916666,0.09343273920097134,0.05209096606940698,0.003683618714530303,0.03586100696407542,0.015574237439992023,5.196055907330167,0.9946510251392102,0.9997117415909111,1.0,0.035964330084840915,0.007398176639422041,0.15109725258909815,0.0956846461665809,0.05199759257030676,-0.001962126096847006,0.03603068982035838,0.015647929768149313,5.196055902593517,0.9948688383752914,0.999756275895686,1.0,0.035964330084840915,0.007398176639422041,0.15109725258909815,0.0956846461665809,0.05199759257030676,-0.001962126096847006,0.03603068982035838,0.015647929768149313,5.196055902593517,0.9948688383752914,0.999756275895686,1.0,0.04138998310799177,0.008845661629209429,0.16592849547444558,0.11090922887024766,0.05569791923366156,-0.0016401041365164497,0.04132163604961399,0.017945758519561848,5.567376640196771,0.9958793622363671,0.999735223315247,1.0,0.035936457863140585,0.0074445761108472095,0.1506553812516578,0.09373444246092483,0.052019238036291854,0.0024701070091948454,0.03584360607605888,0.015566680330346251,5.196055905433967,0.9947149925951597,0.9997190290226016,1.0,0.012090243864804506,0.2708159948233515,0.07452868088148534,ok,
759xd9YjKW5,99fcb9869e0b4a7a9f825d70d6f67efc,99fcb9869e0b4a7a9f825d70d6f67efc_i1_4,1,4,/home/bgao491/Matterport3D/v1/scans/759xd9YjKW5/undistorted_color_images/99fcb9869e0b4a7a9f825d70d6f67efc_i1_4.jpg,/home/bgao491/Matterport3D/v1/scans/759xd9YjKW5/undistorted_depth_images/99fcb9869e0b4a7a9f825d70d6f67efc_d1_4.png,1024,1280,406,504,1.4121168655554452,1272163,0.9705833435058594,0.20558099448680878,5.241099834442139,1.634529948234558,True,204624,1.0,True,,1.0,204624,1.0125290155410767,0.012451176912464033,0.9518561629654668,0.061792521840365836,log-depth Laplacian fallback,,,,0.06598460762020616,0.00874430282354062,0.12296959841664078,0.11234516464383315,0.07171057922825086,0.016522090818639604,0.06575550736505652,0.028557254003392676,6.978128465592954,0.9985795845343718,0.9999331846626572,1.0,0.07221611916110905,0.009878345890124101,0.12950234104305622,0.12182615137845519,0.07555711693173871,0.028973267784811862,0.07112694656315825,0.030890040407007095,6.978128454611608,0.9983980040293579,0.999947333792918,1.0,0.07221611916110905,0.009878345890124101,0.12950234104305622,0.12182615137845519,0.07555711693173871,0.028973267784811862,0.07112694656315825,0.030890040407007095,6.978128454611608,0.9983980040293579,0.999947333792918,1.0,0.07236088957505976,0.009685294974988516,0.12687016729819153,0.12067861284268064,0.07485111162419777,0.03591117196858221,0.07080458454976854,0.030750040363416716,6.567401799205702,0.9986448277461301,0.9999693435511016,1.0,0.048925727055269236,0.00949858162519974,0.13203106822866317,0.08727062291727616,0.07711376640475721,-0.032819282099103335,0.0514502067106522,0.022344540867217898,6.978128468025606,0.9987053545811346,0.999838857127585,1.0,0.011277854908257723,0.2751008339691907,0.0716886818408966,ok,
759xd9YjKW5,99fcb9869e0b4a7a9f825d70d6f67efc,99fcb9869e0b4a7a9f825d70d6f67efc_i1_5,1,5,/home/bgao491/Matterport3D/v1/scans/759xd9YjKW5/undistorted_color_images/99fcb9869e0b4a7a9f825d70d6f67efc_i1_5.jpg,/home/bgao491/Matterport3D/v1/scans/759xd9YjKW5/undistorted_depth_images/99fcb9869e0b4a7a9f825d70d6f67efc_d1_5.png,1024,1280,406,504,1.4121168655554452,902781,0.6887672424316407,0.20844100415706635,5.2390899658203125,1.6345700025558472,True,204624,1.0,True,,1.0,204624,0.8058801293373108,-0.21582027044241917,0.9224257243141064,0.1350718484847404,log-depth Laplacian fallback,,,,0.08368185087184003,0.016028799423929884,0.1681119248257945,0.14773881850153103,0.09075728495195985,0.07615432689202427,0.07979785181806658,0.03465576671231969,4.937006448723706,0.9916314144847975,0.9979463457915042,1.0,0.1309593880291791,0.03257252066060062,0.2404479810016695,0.22983361644112085,0.1481350028596426,-0.13966594363925366,0.14115705769583917,0.061303731239001895,4.937006440732215,0.9766432833655116,0.9977768694733274,0.9992135412685912,0.1309593880291791,0.03257252066060062,0.2404479810016695,0.22983361644112085,0.1481350028596426,-0.13966594363925366,0.14115705769583917,0.061303731239001895,4.937006440732215,0.9766432833655116,0.9977768694733274,0.9992135412685912,0.13541594732972378,0.03533284919151735,0.2525644232918312,0.23986317847587646,0.15363473538062714,-0.14516228823030183,0.1464078480419449,0.06358412051194655,5.031443124212081,0.9851337145996648,0.9976361930523571,0.9991747721761978,0.03160064614984464,0.004047386032889592,0.08469976750754327,0.05596734794274641,0.049583351547697926,-0.004594070574389069,0.03186703803995404,0.013839678775353054,4.9370064474944035,0.9942278359868008,0.9990008651046045,1.0,0.010049605974927545,0.274320354918018,0.07143174507655203,ok,
759xd9YjKW5,99fcb9869e0b4a7a9f825d70d6f67efc,99fcb9869e0b4a7a9f825d70d6f67efc_i2_0,2,0,/home/bgao491/Matterport3D/v1/scans/759xd9YjKW5/undistorted_color_images/99fcb9869e0b4a7a9f825d70d6f67efc_i2_0.jpg,/home/bgao491/Matterport3D/v1/scans/759xd9YjKW5/undistorted_depth_images/99fcb9869e0b4a7a9f825d70d6f67efc_d2_0.png,1024,1280,406,504,1.4165615917841592,1218763,0.9298423767089844,0.21712400019168854,5.229939937591553,1.668030023574829,True,204624,1.0,True,,1.0,204624,1.0367934703826904,0.03613274873984026,1.07997270214402,0.04080301628427573,log-depth Laplacian fallback,,,,0.07767341246676608,0.008955308008050715,0.1113325536787325,0.10288454514830754,0.08623427282307396,-0.08025036272881929,0.08121890012900805,0.0352729201522795,3.156309698393493,0.9970470058575785,1.0,1.0,0.044483151383937915,0.003666844738041855,0.07168827691023937,0.0586806635217828,0.05424567224006103,-0.044117613992468566,0.04582009153500482,0.01989941291395449,3.1563097002475367,0.9991671883705036,1.0,1.0,0.044483151383937915,0.003666844738041855,0.07168827691023937,0.0586806635217828,0.05424567224006103,-0.044117613992468566,0.04582009153500482,0.01989941291395449,3.1563097002475367,0.9991671883705036,1.0,1.0,0.04729533702559504,0.004136649677559931,0.07511400583832495,0.06146729482435233,0.058689284974193914,-0.046687927361783385,0.04888388641241004,0.02123000212289503,3.5562193540935887,0.999503595038576,1.0,1.0,0.023190165816763465,0.0013830396609550491,0.04471703128715239,0.03121703749501389,0.03173665693114464,-0.0033145589359279736,0.023292975448869983,0.010116010704552153,3.1563096999905302,0.9990744714107664,1.0,1.0,0.010025497991591692,0.27080307318829,0.07145397295244038,ok,
759xd9YjKW5,99fcb9869e0b4a7a9f825d70d6f67efc,99fcb9869e0b4a7a9f825d70d6f67efc_i2_1,2,1,/home/bgao491/Matterport3D/v1/scans/759xd9YjKW5/undistorted_color_images/99fcb9869e0b4a7a9f825d70d6f67efc_i2_1.jpg,/home/bgao491/Matterport3D/v1/scans/759xd9YjKW5/undistorted_depth_images/99fcb9869e0b4a7a9f825d70d6f67efc_d2_1.png,1024,1280,406,504,1.4165615917841592,1237574,0.9441940307617187,0.203917995095253,5.223840236663818,1.6681499481201172,True,204624,1.0,True,,1.0,204624,1.0322473049163818,0.03173827489800159,1.0113814547754987,0.02042110159427951,log-depth Laplacian fallback,,,,0.03463351877867691,0.02819547179388068,0.23686028829351255,0.06096740144770721,0.08683176137770342,0.003160625811337117,0.030351401051703555,0.013181445994787414,8.67742198376634,0.98159786808708,0.984131049941256,0.9964842506387497,0.042357138442083914,0.03295057792907617,0.2555119025791554,0.07403801904986612,0.09352913175173458,0.034898900659364886,0.036959958028955214,0.01605150582335105,8.677421978330377,0.9811170887559046,0.9837536987687201,0.9950532251000749,0.042357138442083914,0.03295057792907617,0.2555119025791554,0.07403801904986612,0.09352913175173458,0.034898900659364886,0.036959958028955214,0.01605150582335105,8.677421978330377,0.9811170887559046,0.9837536987687201,0.9950532251000749,0.041543433642491794,0.03307736049789847,0.2560465838363966,0.07239945349211913,0.09356202362901685,0.03281126461855315,0.03615118627623438,0.015700260714025187,8.762005010092148,0.9810686068065425,0.9837238015666134,0.9948366723929236,0.032770630842986516,0.029501736590041194,0.24235173674516336,0.05899236649436411,0.08797370847961437,0.014477850660072246,0.0281111258677942,0.01220850684447078,8.677421981165155,0.9814499981415252,0.9840090370353611,0.9960786183290857,0.01019382500089705,0.2700392920523882,0.07451550499536097,ok,
759xd9YjKW5,99fcb9869e0b4a7a9f825d70d6f67efc,99fcb9869e0b4a7a9f825d70d6f67efc_i2_2,2,2,/home/bgao491/Matterport3D/v1/scans/759xd9YjKW5/undistorted_color_images/99fcb9869e0b4a7a9f825d70d6f67efc_i2_2.jpg,/home/bgao491/Matterport3D/v1/scans/759xd9YjKW5/undistorted_depth_images/99fcb9869e0b4a7a9f825d70d6f67efc_d2_2.png,1024,1280,406,504,1.4165615917841592,1241283,0.9470237731933594,0.19202600419521332,5.23222017288208,1.6679600477218628,True,204624,1.0,True,,1.0,204624,1.0312397480010986,0.030761717285070326,1.0226942136957609,0.00832118634182313,log-depth Laplacian fallback,,,,0.046177688528727126,0.022586333656762273,0.2087753783977175,0.08745544472258117,0.08727920797982579,-0.012825286395979763,0.04315062732896013,0.01874007933963104,8.633175646566436,0.9842195534781352,0.9884981909846505,0.9924827778999632,0.04210119063294486,0.025816185183549403,0.231725545711588,0.09180078997595101,0.08817532381738188,0.017936430824585455,0.03777637163212394,0.016406069746157968,8.63317564953651,0.9834018511491739,0.9881300235321034,0.991818143002039,0.04210119063294486,0.025816185183549403,0.231725545711588,0.09180078997595101,0.08817532381738188,0.017936430824585455,0.03777637163212394,0.016406069746157968,8.63317564953651,0.9834018511491739,0.9881300235321034,0.991818143002039,0.04651524281879377,0.026924825492222377,0.2356075121046968,0.09863553502565323,0.0909258250207709,0.028352727518877404,0.04173160411396783,0.01812380538766728,8.63922942046809,0.9831988353985353,0.9880236819484356,0.9917335531059396,0.04090280891065956,0.02454304137561408,0.22349640791347458,0.08620027584192362,0.08686555942862859,0.009615260560367276,0.036922193662656304,0.01603510496745487,8.633175649322125,0.9836258129693228,0.9882097797198544,0.9919043441342547,0.010850898921489716,0.2731650529894978,0.07129218918271363,ok,
759xd9YjKW5,99fcb9869e0b4a7a9f825d70d6f67efc,99fcb9869e0b4a7a9f825d70d6f67efc_i2_3,2,3,/home/bgao491/Matterport3D/v1/scans/759xd9YjKW5/undistorted_color_images/99fcb9869e0b4a7a9f825d70d6f67efc_i2_3.jpg,/home/bgao491/Matterport3D/v1/scans/759xd9YjKW5/undistorted_depth_images/99fcb9869e0b4a7a9f825d70d6f67efc_d2_3.png,1024,1280,406,504,1.4165615917841592,1187652,0.9061065673828125,0.193340003490448,5.246699810028076,1.6676599979400635,True,204624,1.0,True,,1.0,204624,1.0454355478286743,0.044433590763589936,1.027500735367016,0.017304207689933054,log-depth Laplacian fallback,,,,0.03775046439017287,0.009337569852589432,0.11989918907979616,0.05624124209068033,0.06798056632883967,-0.021591696263360265,0.03664990379072756,0.01591685097859805,6.446049992716908,0.9911598683789528,0.9936892288313411,0.9965806482033458,0.035898074908062585,0.011394410650789645,0.1372631805161538,0.06274177810632535,0.06838792440040305,0.02284189433281228,0.03332285096713413,0.014471930296310791,6.446050005300828,0.989504501318568,0.9934736774745464,0.9953353339193636,0.035898074908062585,0.011394410650789645,0.1372631805161538,0.06274177810632535,0.06838792440040305,0.02284189433281228,0.03332285096713413,0.014471930296310791,6.446050005300828,0.989504501318568,0.9934736774745464,0.9953353339193636,0.036757835282927635,0.011694742449895244,0.14086350631912314,0.06213068612013002,0.06967350264711628,0.015801992196060825,0.034394417529066225,0.014937305741149936,6.785789573626161,0.9893032639190604,0.9934442075624846,0.9953100739947393,0.03130849263125316,0.009760855149776815,0.12393825150651716,0.049839569828298964,0.06469793018531303,0.005537699712152392,0.02930404596864861,0.012726585461623325,6.446049993726131,0.9900736916201042,0.993551983240882,0.9955820391831951,0.011474716942757368,0.2756753540597856,0.07524000410921872,ok,
759xd9YjKW5,99fcb9869e0b4a7a9f825d70d6f67efc,99fcb9869e0b4a7a9f825d70d6f67efc_i2_4,2,4,/home/bgao491/Matterport3D/v1/scans/759xd9YjKW5/undistorted_color_images/99fcb9869e0b4a7a9f825d70d6f67efc_i2_4.jpg,/home/bgao491/Matterport3D/v1/scans/759xd9YjKW5/undistorted_depth_images/99fcb9869e0b4a7a9f825d70d6f67efc_d2_4.png,1024,1280,406,504,1.4165615917841592,1214886,0.9268844604492188,0.20654700696468353,5.252810001373291,1.6675399541854858,True,204624,1.0,True,,1.0,204624,1.0421228408813477,0.04125982590419852,1.0229914315186663,0.018528714806867415,log-depth Laplacian fallback,,,,0.029135562954292756,0.0025847495259620555,0.055832233428110556,0.04112293971523856,0.044381357554149944,-0.02598591537021514,0.029500995133232576,0.012812119397017596,3.59782865173054,0.9983521087575296,0.998825404194303,0.9994740247233074,0.025936527504619274,0.0024724294947972114,0.056723907573710104,0.03989764006074425,0.03908617971346302,0.015273910533507629,0.025391473499847418,0.011027376828376376,3.5978286529621353,0.998353755002527,0.9987085207994825,0.9992912915285879,0.025936527504619274,0.0024724294947972114,0.056723907573710104,0.03989764006074425,0.03908617971346302,0.015273910533507629,0.025391473499847418,0.011027376828376376,3.5978286529621353,0.998353755002527,0.9987085207994825,0.9992912915285879,0.027129166943397065,0.0025591952189927985,0.057342745491709986,0.04110208448532866,0.039822563984353285,0.012084813311165286,0.026609025797501268,0.011556153072676077,3.794461608083805,0.9983479931450359,0.9987167520244697,0.9992772984461094,0.018972073653954178,0.001854703019429932,0.04553516964904715,0.026600313780677474,0.036125211896556944,-0.0032548166813486834,0.018825404922522757,0.008175769477445948,3.597828654816616,0.9983718636974992,0.998762846884399,0.9994073518009097,0.01654839515686035,0.270767685957253,0.07223661383613944,ok,
759xd9YjKW5,99fcb9869e0b4a7a9f825d70d6f67efc,99fcb9869e0b4a7a9f825d70d6f67efc_i2_5,2,5,/home/bgao491/Matterport3D/v1/scans/759xd9YjKW5/undistorted_color_images/99fcb9869e0b4a7a9f825d70d6f67efc_i2_5.jpg,/home/bgao491/Matterport3D/v1/scans/759xd9YjKW5/undistorted_depth_images/99fcb9869e0b4a7a9f825d70d6f67efc_d2_5.png,1024,1280,406,504,1.4165615917841592,1183273,0.9027656555175781,0.21843799948692322,5.244430065155029,1.6677299737930298,True,204624,1.0,True,,1.0,204624,1.010430097579956,0.010376079397468535,1.1027675106708477,0.08744685957331687,log-depth Laplacian fallback,,,,0.09551068818788647,0.013822803941056418,0.14296257946596994,0.1316970163107648,0.10510651263499188,-0.0986965996894398,0.10066039642704568,0.043716254714459744,3.6143605354642996,0.9956366789405319,0.9985024588577615,1.0,0.08629536245840191,0.011536135500513989,0.1309855212896123,0.11910322005097775,0.095429945586651,-0.08832052033641102,0.09050178481987393,0.03930442574966672,3.6143605273641097,0.9956273826919063,0.9985362633982183,1.0,0.08629536245840191,0.011536135500513989,0.1309855212896123,0.11910322005097775,0.095429945586651,-0.08832052033641102,0.09050178481987393,0.03930442574966672,3.6143605273641097,0.9956273826919063,0.9985362633982183,1.0,0.09120117639498482,0.013325433881984747,0.14117884577048018,0.1254664482486961,0.10350731371025351,-0.09417499685892572,0.0961669911929992,0.04176479361635816,4.295153033518324,0.9838617123858991,0.9984694994308161,1.0,0.017644361803195174,0.0019107299950292702,0.0554203272272852,0.025353785594494544,0.036154163801539727,-0.0008736998730334636,0.01767337734394034,0.0076754502570672385,3.614360536416403,0.9937174261560942,0.9994219423581878,1.0,0.015730360057204962,0.27076377999037504,0.07512037013657391,ok,
759xd9YjKW5,9c2919ad974d472fa4f97c01005666f0,9c2919ad974d472fa4f97c01005666f0_i0_1,0,1,/home/bgao491/Matterport3D/v1/scans/759xd9YjKW5/undistorted_color_images/9c2919ad974d472fa4f97c01005666f0_i0_1.jpg,/home/bgao491/Matterport3D/v1/scans/759xd9YjKW5/undistorted_depth_images/9c2919ad974d472fa4f97c01005666f0_d0_1.png,1024,1280,406,504,1.4155678118069965,1236729,0.9435493469238281,-7.358270168304443,-11.598199844360352,1.5675100088119507,True,80464,0.39322855579013216,True,,1.0,80464,1.0254652500152588,0.025146412061725194,1.2280477483702366,0.18027929994495173,log-depth Laplacian fallback,,,,0.18106501295432628,0.06350882353196874,0.36983378516629334,0.3462728457765529,0.20864421769571123,-0.20065459483025497,0.20117413469255585,0.08736881659863856,5.718516548338003,0.6392782897465815,0.9946407013986087,0.9997881508398364,0.16027426414276688,0.05003943643797757,0.3255467801630958,0.30403522909479974,0.1845894509288008,-0.17550818285297573,0.17609057013745436,0.07647516292589399,5.718516543512482,0.8232628166720437,0.9977440490196317,0.9998576891137833,0.16027426414276688,0.05003943643797757,0.3255467801630958,0.30403522909479974,0.1845894509288008,-0.17550818285297573,0.17609057013745436,0.07647516292589399,5.718516543512482,0.8232628166720437,0.9977440490196317,0.9998576891137833,0.15795687076218792,0.05067317480715648,0.33114174547345865,0.30226614434613813,0.18665655704863215,-0.1733356760717291,0.17404591788333024,0.07558718173451684,6.924892555127392,0.7972619708925722,0.9983157183182411,0.9998544547754601,0.042776957383724716,0.006659272434046967,0.12799969371599476,0.08693791839828952,0.05738385278711136,0.00477110108929444,0.042517991808504345,0.018465329224041097,5.718516551596753,0.992223033502085,0.9990361671797136,0.9999652308630266,0.022070798091590405,0.2790968669578433,0.0761217640247196,ok,
759xd9YjKW5,9c2919ad974d472fa4f97c01005666f0,9c2919ad974d472fa4f97c01005666f0_i0_2,0,2,/home/bgao491/Matterport3D/v1/scans/759xd9YjKW5/undistorted_color_images/9c2919ad974d472fa4f97c01005666f0_i0_2.jpg,/home/bgao491/Matterport3D/v1/scans/759xd9YjKW5/undistorted_depth_images/9c2919ad974d472fa4f97c01005666f0_d0_2.png,1024,1280,406,504,1.4155678118069965,1249954,0.9536392211914062,-7.370419979095459,-11.590200424194336,1.5676900148391724,True,197386,0.9646278051450465,True,,1.0,197386,1.0854897499084473,0.08203126755412979,1.236615429616708,0.13034688796200683,log-depth Laplacian fallback,,,,0.19370473023232346,0.0517182636619818,0.2625906173231757,0.25936180598191694,0.2353068370394873,-0.21828775962214608,0.21895184011711363,0.09508957596542551,8.786217363958167,0.5332148223054608,1.0,1.0,0.12542708514605064,0.024002756299105105,0.16914138450222987,0.15541842615414975,0.16212832318244302,-0.13625649200483503,0.13755232053633584,0.059738213781917966,8.786217368405481,0.7832032218785652,1.0,1.0,0.12542708514605064,0.024002756299105105,0.16914138450222987,0.15541842615414975,0.16212832318244302,-0.13625649200483503,0.13755232053633584,0.059738213781917966,8.786217368405481,0.7832032218785652,1.0,1.0,0.11527963337761729,0.0214027465557099,0.16344553220444752,0.14616998471506543,0.15252732761467144,-0.12498966813755208,0.126063712280531,0.05474877461167386,8.741949741412329,0.7873457743244952,1.0,1.0,0.0753734295001005,0.011779721894054062,0.14370711320466004,0.11370459242369342,0.08806068970594894,-0.005909612352303797,0.07575656493396686,0.032900658118767204,8.786217362057986,0.9972270979572049,1.0,1.0,0.011648856103420258,0.27375228400342166,0.07622688403353095,ok,
759xd9YjKW5,9c2919ad974d472fa4f97c01005666f0,9c2919ad974d472fa4f97c01005666f0_i0_3,0,3,/home/bgao491/Matterport3D/v1/scans/759xd9YjKW5/undistorted_color_images/9c2919ad974d472fa4f97c01005666f0_i0_3.jpg,/home/bgao491/Matterport3D/v1/scans/759xd9YjKW5/undistorted_depth_images/9c2919ad974d472fa4f97c01005666f0_d0_3.png,1024,1280,406,504,1.4155678118069965,1241990,0.9475631713867188,-7.369579792022705,-11.575699806213379,1.567710041999817,True,189433,0.925761396512628,True,,1.0,189433,1.08443021774292,0.08105470411812589,1.2690642260788976,0.15722509490069775,log-depth Laplacian fallback,,,,0.21075387163078557,0.06158036922493141,0.28197323219452225,0.27462930850971573,0.26378780642438426,-0.24193310330487006,0.24199605391491674,0.10509755085761018,10.513030173771734,0.446594578056184,0.9888115041183907,0.9943131587210847,0.14455908157750647,0.03232627946154837,0.19674878067240037,0.17807820750878642,0.19218282867070327,-0.16087839914309726,0.16136864211281757,0.07008151082181731,10.513030165003412,0.7531695102214994,0.9925691833267578,0.9985796987093294,0.14455908157750647,0.03232627946154837,0.19674878067240037,0.17807820750878642,0.19218282867070327,-0.16087839914309726,0.16136864211281757,0.07008151082181731,10.513030165003412,0.7531695102214994,0.9925691833267578,0.9985796987093294,0.1415876184777414,0.03138626960750609,0.1965813802019807,0.17877736639265848,0.18871456945463547,-0.1575406720285924,0.15777992152729164,0.06852294927443091,10.389478033678069,0.70713532315075,0.9925691833267578,0.9985796987093294,0.08119239801010109,0.015060983609700249,0.15848599987748072,0.12013590317234943,0.10519376023339015,-0.003653334277842804,0.0822498092316519,0.035720638286901564,10.51303017245471,0.9901456533466453,0.9980160870860474,0.9985796987093294,0.01770685287192464,0.27250985987484455,0.07232163706794381,ok,
759xd9YjKW5,9c2919ad974d472fa4f97c01005666f0,9c2919ad974d472fa4f97c01005666f0_i0_4,0,4,/home/bgao491/Matterport3D/v1/scans/759xd9YjKW5/undistorted_color_images/9c2919ad974d472fa4f97c01005666f0_i0_4.jpg,/home/bgao491/Matterport3D/v1/scans/759xd9YjKW5/undistorted_depth_images/9c2919ad974d472fa4f97c01005666f0_d0_4.png,1024,1280,406,504,1.4155678118069965,1238661,0.9450233459472657,-7.356579780578613,-11.569199562072754,1.5675400495529175,True,59344,0.29001485651731956,True,,1.0,59344,0.9558387398719788,-0.04516606230145004,1.3693599410645338,0.3595094966680268,log-depth Laplacian fallback,,,,0.27014430352265045,0.14306193618384536,0.5751874710420062,0.5370281068092925,0.3225304124807001,-0.316464936507866,0.316744017006991,0.13756017876200594,6.225601124423961,0.01784588357912294,0.9921802656255424,0.9999959633830402,0.30223198071951624,0.18003895549194607,0.6488638952967297,0.6043927363514687,0.36695066462966264,-0.3616309988478161,0.3617628142018871,0.15711159396567093,6.225601131201709,0.010659898067348532,0.8899271067709406,0.9999870828257288,0.30223198071951624,0.18003895549194607,0.6488638952967297,0.6043927363514687,0.36695066462966264,-0.3616309988478161,0.3617628142018871,0.15711159396567093,6.225601131201709,0.010659898067348532,0.8899271067709406,0.9999870828257288,0.30099832829098194,0.1785648039414659,0.645086274012545,0.6010954800834729,0.366940525833759,-0.36025693390471586,0.36045211025242757,0.156542362473012,6.97157878297933,0.013556574397676201,0.8685887421982286,0.9999886974725126,0.047222912326399455,0.007437836113803921,0.1305661459833425,0.09568683829159065,0.06229214732554732,-0.002121480942353302,0.04720520899577565,0.02050096178395509,6.225601125223912,0.9941444834381643,0.9997513443952785,1.0,0.01216795388609171,0.271046691108495,0.07592558301985264,ok,
759xd9YjKW5,9c2919ad974d472fa4f97c01005666f0,9c2919ad974d472fa4f97c01005666f0_i1_1,1,1,/home/bgao491/Matterport3D/v1/scans/759xd9YjKW5/undistorted_color_images/9c2919ad974d472fa4f97c01005666f0_i1_1.jpg,/home/bgao491/Matterport3D/v1/scans/759xd9YjKW5/undistorted_depth_images/9c2919ad974d472fa4f97c01005666f0_d1_1.png,1024,1280,406,504,1.4121168655554452,1230232,0.938592529296875,-7.3571600914001465,-11.587300300598145,1.6007699966430664,True,103695,0.5067587379779498,True,,1.0,103695,0.9932176470756531,-0.006805457608617636,0.99609349741505,0.0028913047119699855,log-depth Laplacian fallback,,,,0.107729350247585,0.07680251536580819,0.39248541137920984,0.2176121766176654,0.1551745457479223,0.04766034456995652,0.096370601537395,0.04185322046538767,14.767407085723292,0.9198679598644809,0.9828568920333726,0.9916771795888906,0.10694552429450249,0.07442723724193868,0.38780760974088396,0.21718375366822976,0.15322125493722788,0.04085488689047009,0.09631682034160423,0.04182986358882558,14.767407078328231,0.9224699081148922,0.9832137352954564,0.9919519245150508,0.10694552429450249,0.07442723724193868,0.38780760974088396,0.21718375366822976,0.15322125493722788,0.04085488689047009,0.09631682034160423,0.04182986358882558,14.767407078328231,0.9224699081148922,0.9832137352954564,0.9919519245150508,0.07959308285751272,0.06646229861982585,0.3679936811593887,0.17176195513863435,0.13598948867970514,0.04291406834916505,0.07030146234926062,0.03053153716801313,12.904078335584778,0.9299920665370435,0.9843785562397986,0.9926477282333739,0.10718433268930047,0.07539912653684158,0.38964382772679107,0.21696022962518277,0.15401740723950355,0.043746205918633776,0.09624610413932741,0.04179915193239561,14.767407084692822,0.9214310796662744,0.9830649828650205,0.991849504808849,0.011256091063842177,0.2752804239280522,0.07537060300819576,ok,
759xd9YjKW5,9c2919ad974d472fa4f97c01005666f0,9c2919ad974d472fa4f97c01005666f0_i1_2,1,2,/home/bgao491/Matterport3D/v1/scans/759xd9YjKW5/undistorted_color_images/9c2919ad974d472fa4f97c01005666f0_i1_2.jpg,/home/bgao491/Matterport3D/v1/scans/759xd9YjKW5/undistorted_depth_images/9c2919ad974d472fa4f97c01005666f0_d1_2.png,1024,1280,406,504,1.4121168655554452,1242311,0.9478080749511719,-7.3600897789001465,-11.58530044555664,1.6008100509643555,True,204624,1.0,True,,1.0,204624,0.9523447751998901,-0.04882815093103525,1.0093889841645731,0.058173332544641534,log-depth Laplacian fallback,,,,0.03193423477985285,0.02628950216214667,0.276378996054504,0.09840777688880178,0.07193694701922274,-0.00439583712427323,0.02958609843781597,0.012849079292589879,7.18025136219013,0.9872865973174189,0.9928866443265817,0.996441309784748,0.06842666411927441,0.032584385539684964,0.3274131194013701,0.22209587924302115,0.08937781541101045,-0.053223988086735244,0.06845440663066261,0.029729371061658173,7.180251374281907,0.9889633111193574,0.9937970443793864,0.9969162311208707,0.06842666411927441,0.032584385539684964,0.3274131194013701,0.22209587924302115,0.08937781541101045,-0.053223988086735244,0.06845440663066261,0.029729371061658173,7.180251374281907,0.9889633111193574,0.9937970443793864,0.9969162311208707,0.07954425947937285,0.04135989829966384,0.35595810857711097,0.24374172853203382,0.10130543521456262,-0.059886386316847,0.0795432810906817,0.03454520805016233,8.170931365469487,0.9871537803335879,0.9926548183184404,0.9962610006673047,0.03031208569966701,0.026805079672146084,0.2775176464783874,0.09107889513950687,0.07197289452017416,0.004949402576121857,0.027675993634439865,0.012019531316626756,7.1802513603296605,0.9865371875480455,0.9927127748204757,0.9963463255175233,0.010765469865873456,0.2692497700918466,0.07142954296432436,ok,
759xd9YjKW5,9c2919ad974d472fa4f97c01005666f0,9c2919ad974d472fa4f97c01005666f0_i1_3,1,3,/home/bgao491/Matterport3D/v1/scans/759xd9YjKW5/undistorted_color_images/9c2919ad974d472fa4f97c01005666f0_i1_3.jpg,/home/bgao491/Matterport3D/v1/scans/759xd9YjKW5/undistorted_depth_images/9c2919ad974d472fa4f97c01005666f0_d1_3.png,1024,1280,406,504,1.4121168655554452,1302542,0.9937606811523437,-7.359879970550537,-11.581899642944336,1.6008199453353882,True,204624,1.0,True,,1.0,204624,0.9065178632736206,-0.09814454321898176,0.9875351062488045,0.08560131101191365,log-depth Laplacian fallback,,,,0.04554998258681777,0.016836319591024565,0.21038519304592462,0.10904544983007373,0.07062689410458242,0.019497164853229873,0.043615526722898264,0.018941982581058534,6.788238897936545,0.9928470636647417,0.9963125949105672,0.9979662843885264,0.0815582295992283,0.03487753610180041,0.36582332488864316,0.2599855696508626,0.10389142824900424,-0.07864737846079241,0.08514669226311947,0.036978738602187075,6.788238891540929,0.9797979642882917,0.996972074604888,0.9989236431531574,0.0815582295992283,0.03487753610180041,0.36582332488864316,0.2599855696508626,0.10389142824900424,-0.07864737846079241,0.08514669226311947,0.036978738602187075,6.788238891540929,0.9797979642882917,0.996972074604888,0.9989236431531574,0.08667993200260447,0.03151232147459798,0.3220597784568894,0.24697400006268128,0.10276343705408607,-0.08382605777682105,0.08989486099372135,0.03904084208103308,5.944338510520889,0.9867750905537019,0.9965498233454276,0.9984660763338149,0.043339265835065414,0.01643597066033361,0.21645201200328093,0.113957372526699,0.06823764422630914,0.006953945605155532,0.04195904621679713,0.018222582237878523,6.788238895381392,0.9926996595887119,0.9963740132755796,0.998149771754001,0.011420692084357142,0.2646536959800869,0.07172757806256413,ok,
759xd9YjKW5,9c2919ad974d472fa4f97c01005666f0,9c2919ad974d472fa4f97c01005666f0_i1_4,1,4,/home/bgao491/Matterport3D/v1/scans/759xd9YjKW5/undistorted_color_images/9c2919ad974d472fa4f97c01005666f0_i1_4.jpg,/home/bgao491/Matterport3D/v1/scans/759xd9YjKW5/undistorted_depth_images/9c2919ad974d472fa4f97c01005666f0_d1_4.png,1024,1280,406,504,1.4121168655554452,1120290,0.8547134399414062,-7.356760025024414,-11.580300331115723,1.6007800102233887,True,123943,0.6057109625459379,True,,1.0,123943,0.9605173468589783,-0.040283236698214986,1.0970668217507253,0.13292332930912545,log-depth Laplacian fallback,,,,0.1038068823108183,0.08916225354239371,0.4338638571046487,0.21524232910771152,0.1486855837112729,-0.07564378713078104,0.10345921039360016,0.04493176417600811,12.800554781756542,0.9826437797356041,0.9932749555918556,0.9947647484133573,0.13039361082714934,0.09583337014253593,0.4761212028772302,0.29623441532004025,0.17269769865027387,-0.115927023849331,0.13471199165212894,0.05850467462071644,12.80055477724987,0.8398896714243633,0.9933865338439154,0.9950066500638227,0.13039361082714934,0.09583337014253593,0.4761212028772302,0.29623441532004025,0.17269769865027387,-0.115927023849331,0.13471199165212894,0.05850467462071644,12.80055477724987,0.8398896714243633,0.9933865338439154,0.9950066500638227,0.12519729227398219,0.09544329139394413,0.47240467570348854,0.2872534416022798,0.16459397519861307,-0.10630930417236008,0.12806038272329426,0.05561591756714523,12.565631109526604,0.9531174963625489,0.9933320836569103,0.9949682671451142,0.09098660053080966,0.11259519722677724,0.5324396006551663,0.2741444452779446,0.1291289915362596,0.01699635788455125,0.08206485968440484,0.03564031571910168,12.800554782442697,0.9803541940033385,0.9918342572012604,0.9943844897303377,0.012027409160509706,0.27312586014159024,0.07224350399337709,ok,
759xd9YjKW5,9c2919ad974d472fa4f97c01005666f0,9c2919ad974d472fa4f97c01005666f0_i2_1,2,1,/home/bgao491/Matterport3D/v1/scans/759xd9YjKW5/undistorted_color_images/9c2919ad974d472fa4f97c01005666f0_i2_1.jpg,/home/bgao491/Matterport3D/v1/scans/759xd9YjKW5/undistorted_depth_images/9c2919ad974d472fa4f97c01005666f0_d2_1.png,1024,1280,406,504,1.4165615917841592,1237838,0.9443954467773438,-7.357339859008789,-11.598400115966797,1.6339999437332153,True,100715,0.4921954413949488,True,,1.0,100715,1.063195824623108,0.0612793012300185,1.1411968837052962,0.07079830840605485,log-depth Laplacian fallback,,,,0.12406488225713941,0.041294814428719545,0.2919113795282615,0.25292724091495394,0.14427602706869744,-0.10181849801093805,0.12945706940631538,0.05622249088652902,10.221822464474778,0.9760049376412745,0.9958443673566331,0.9985838211462243,0.0872476130540967,0.028322745139187425,0.22945927351420745,0.16912737452261709,0.1099635937196316,-0.04053919679771524,0.08620027978944053,0.03743630585107041,10.221822472892159,0.9671968383584928,0.9935718567373113,0.9979375330212839,0.0872476130540967,0.028322745139187425,0.22945927351420745,0.16912737452261709,0.1099635937196316,-0.04053919679771524,0.08620027978944053,0.03743630585107041,10.221822472892159,0.9671968383584928,0.9935718567373113,0.9979375330212839,0.08996006884307381,0.03130180664172471,0.24010235789080792,0.17461505247834375,0.11628652785855575,-0.03265181590806572,0.08830547802596767,0.03835058182850663,11.16083127697236,0.9617033892964992,0.9924869005475676,0.9979415723220647,0.06295889011074947,0.03149934634887405,0.2383955482394774,0.1196136289481433,0.1066028955708165,0.030259079458660177,0.05683992196793916,0.024685264462487443,10.221822466858296,0.9528742856496569,0.9890769228283507,0.9974746291517953,0.017098178854212165,0.2757672199513763,0.0723763310816139,ok,
759xd9YjKW5,9c2919ad974d472fa4f97c01005666f0,9c2919ad974d472fa4f97c01005666f0_i2_2,2,2,/home/bgao491/Matterport3D/v1/scans/759xd9YjKW5/undistorted_color_images/9c2919ad974d472fa4f97c01005666f0_i2_2.jpg,/home/bgao491/Matterport3D/v1/scans/759xd9YjKW5/undistorted_depth_images/9c2919ad974d472fa4f97c01005666f0_d2_2.png,1024,1280,406,504,1.4165615917841592,1257867,0.9596763610839844,-7.369500160217285,-11.590399742126465,1.6341899633407593,True,204624,1.0,True,,1.0,204624,0.9850373864173889,-0.015075682776655233,1.0002069406058163,0.01528260197321792,log-depth Laplacian fallback,,,,0.03190877550853832,0.008622803059229004,0.13198502356088612,0.06788350456133882,0.05744305128206233,0.005972317807057553,0.0305545864898029,0.013269688309357054,5.7131738645039905,0.9843481067553247,0.996887588274436,1.0,0.034286117459473464,0.00830735078314891,0.1286098383029468,0.07021506676217248,0.057852457114686826,-0.009103365066228185,0.03342379661544087,0.014515770434342563,5.713173845313701,0.9860366795535617,0.9973478913112436,1.0,0.034286117459473464,0.00830735078314891,0.1286098383029468,0.07021506676217248,0.057852457114686826,-0.009103365066228185,0.03342379661544087,0.014515770434342563,5.713173845313701,0.9860366795535617,0.9973478913112436,1.0,0.031986553248603,0.007905828554989646,0.12640588004603762,0.0666821570818446,0.05582355567813692,-0.005443480774388332,0.031083431424029823,0.013499362746074292,5.555751871357213,0.9860645044348886,0.997936983798764,0.9998298707256014,0.03191484840806994,0.008634263994348721,0.13209428519250532,0.06793914066029162,0.05746493379008512,0.006179243715942017,0.030554056026794778,0.013269457932199767,5.713173866247953,0.9843234618604352,0.99688281829478,1.0,0.010449568973854184,0.27388499793596566,0.0721918479539454,ok,
759xd9YjKW5,9c2919ad974d472fa4f97c01005666f0,9c2919ad974d472fa4f97c01005666f0_i2_3,2,3,/home/bgao491/Matterport3D/v1/scans/759xd9YjKW5/undistorted_color_images/9c2919ad974d472fa4f97c01005666f0_i2_3.jpg,/home/bgao491/Matterport3D/v1/scans/759xd9YjKW5/undistorted_depth_images/9c2919ad974d472fa4f97c01005666f0_d2_3.png,1024,1280,406,504,1.4165615917841592,1255073,0.9575447082519531,-7.368649959564209,-11.575799942016602,1.6341999769210815,True,200100,0.9778911564625851,True,,1.0,200100,0.9699434041976929,-0.030517555374859076,1.064406872769311,0.09293527241764149,log-depth Laplacian fallback,,,,0.06273231724938462,0.012371867123784762,0.16403648764099457,0.13125915217049094,0.07301619666794132,-0.05811140458024594,0.06414030366788795,0.027855779950562657,4.420893160394692,0.9959500363723863,0.9982630492409604,0.9992574137121905,0.08961129381424732,0.02030221458523934,0.21138720801765581,0.18883905146551494,0.09904303203435788,-0.08862896007107011,0.09334385022608697,0.04053871907279318,4.420893157812683,0.9964535927392271,0.9984104510255579,0.9993888801687233,0.08961129381424732,0.02030221458523934,0.21138720801765581,0.18883905146551494,0.09904303203435788,-0.08862896007107011,0.09334385022608697,0.04053871907279318,4.420893157812683,0.9964535927392271,0.9984104510255579,0.9993888801687233,0.0826242809003987,0.018228317414633034,0.19543394625529814,0.16894937718892125,0.09378904848747885,-0.08007861568044833,0.0856734095883054,0.03720748903003818,4.882418383229475,0.9959396784091443,0.99824073978167,0.9992247462896581,0.020104478974581744,0.007026979801574867,0.12419715154623868,0.04276827098981389,0.044418171411382344,0.004306311551665418,0.01917419811671911,0.00832724843701083,4.42089315902447,0.9942951525528794,0.997996929262282,0.9989474715813343,0.012268494116142392,0.26268720999360085,0.07668697601184249,ok,
759xd9YjKW5,9c2919ad974d472fa4f97c01005666f0,9c2919ad974d472fa4f97c01005666f0_i2_4,2,4,/home/bgao491/Matterport3D/v1/scans/759xd9YjKW5/undistorted_color_images/9c2919ad974d472fa4f97c01005666f0_i2_4.jpg,/home/bgao491/Matterport3D/v1/scans/759xd9YjKW5/undistorted_depth_images/9c2919ad974d472fa4f97c01005666f0_d2_4.png,1024,1280,406,504,1.4165615917841592,1241318,0.9470504760742188,-7.355649948120117,-11.569299697875977,1.6340299844741821,True,74806,0.3655778403315349,True,,1.0,74806,0.9729079604148865,-0.027465794883045142,1.0418834702313906,0.06849589916909567,log-depth Laplacian fallback,,,,0.0447788018012759,0.008125948292127443,0.12870992440386558,0.09019449046690524,0.05886766947451247,-0.034811657308357224,0.04495545161910281,0.01952390456964498,4.747158123347004,0.9917966226220839,0.9982301070313973,0.9995931743517777,0.06851847021275753,0.012885719309861536,0.165915833762401,0.14153049165591355,0.07830729277948882,-0.062277452350226505,0.07024866400031085,0.030508607136410616,4.747158130100417,0.9931685514912375,0.9985273717129696,0.9996930681743115,0.06851847021275753,0.012885719309861536,0.165915833762401,0.14153049165591355,0.07830729277948882,-0.062277452350226505,0.07024866400031085,0.030508607136410616,4.747158130100417,0.9931685514912375,0.9985273717129696,0.9996930681743115,0.06222051704618333,0.011423738946257023,0.1543462066148569,0.1270299342620337,0.07347524617195601,-0.05543705056058136,0.06357790210063437,0.027611532053290675,4.822183349037118,0.9931822466120688,0.9985708738614923,0.9996648723373059,0.02400021358968431,0.006537544010253992,0.1154763575703214,0.048925438504628244,0.04787713534808154,0.006218445424223606,0.022894220465802122,0.009942833615774353,4.747158124230191,0.9894442842204818,0.997931231159139,0.9994119153995995,0.02290723007172346,0.275511777959764,0.07496324297972023,ok,
759xd9YjKW5,aaef0e13feb84a9a8cb567429c9fb8d7,aaef0e13feb84a9a8cb567429c9fb8d7_i0_0,0,0,/home/bgao491/Matterport3D/v1/scans/759xd9YjKW5/undistorted_color_images/aaef0e13feb84a9a8cb567429c9fb8d7_i0_0.jpg,/home/bgao491/Matterport3D/v1/scans/759xd9YjKW5/undistorted_depth_images/aaef0e13feb84a9a8cb567429c9fb8d7_d0_0.png,1024,1280,406,504,1.4155678118069965,1247693,0.9519142150878906,-4.356090068817139,1.0246700048446655,1.61149001121521,True,204624,1.0,True,,1.0,204624,1.0143227577209473,0.014221156021764077,1.09160741783422,0.07343014918482307,log-depth Laplacian fallback,,,,0.08896677681162243,0.014586312607884249,0.1560715701524872,0.1489790967030334,0.10324038729262058,-0.09382744889293962,0.09406716133688194,0.040852849096910754,4.306956468984913,0.9998517263461445,1.0,1.0,0.07605812304809395,0.011067587590226862,0.1340728958798502,0.1252134010233197,0.09051049254644751,-0.07960629281689587,0.0799850284257697,0.03473705648018651,4.306956471745639,0.9999903822494797,1.0,1.0,0.07605812304809395,0.011067587590226862,0.1340728958798502,0.1252134010233197,0.09051049254644751,-0.07960629281689587,0.0799850284257697,0.03473705648018651,4.306956471745639,0.9999903822494797,1.0,1.0,0.05999258813414914,0.007912291882563274,0.11270881096499369,0.0965695944475793,0.0772503305947061,-0.06252267070957039,0.06285827842038502,0.02729900345991143,4.5371017448741595,0.9999895807702696,1.0,1.0,0.03395570263204072,0.0030243648255535035,0.07461651920995586,0.05927316484274095,0.04351013410121271,-0.006176112884317835,0.03428610193271429,0.014890264875350223,4.3069564650059755,0.9999903822494797,1.0,1.0,0.011255730176344514,0.27487079706043005,0.07148194801993668,ok,
759xd9YjKW5,aaef0e13feb84a9a8cb567429c9fb8d7,aaef0e13feb84a9a8cb567429c9fb8d7_i0_1,0,1,/home/bgao491/Matterport3D/v1/scans/759xd9YjKW5/undistorted_color_images/aaef0e13feb84a9a8cb567429c9fb8d7_i0_1.jpg,/home/bgao491/Matterport3D/v1/scans/759xd9YjKW5/undistorted_depth_images/aaef0e13feb84a9a8cb567429c9fb8d7_d0_1.png,1024,1280,406,504,1.4155678118069965,1247629,0.9518653869628906,-4.370619773864746,1.0250699520111084,1.610859990119934,True,204624,1.0,True,,1.0,204624,0.9719582796096802,-0.028442397655145682,1.0331293653828775,0.061034812655343565,log-depth Laplacian fallback,,,,0.06252174788817969,0.009328453072891709,0.12087254910892437,0.10031224121828362,0.08566439542663902,-0.045814657475385615,0.06554867221501859,0.02846742663906756,7.238373991598297,0.9943981744573106,1.0,1.0,0.0758648768158515,0.01290856036295281,0.1376589203205119,0.11626413259568034,0.10369916119122459,-0.07425705508540525,0.08084568968782521,0.03511083691708516,7.238373989928035,0.9711244288165792,0.9998990084392075,1.0,0.0758648768158515,0.01290856036295281,0.1376589203205119,0.11626413259568034,0.10369916119122459,-0.07425705508540525,0.08084568968782521,0.03511083691708516,7.238373989928035,0.9711244288165792,0.9998990084392075,1.0,0.060468555836623396,0.009451593262993694,0.1182481192100048,0.0919923432360549,0.08821795117744369,-0.06282787878380126,0.06410473528006586,0.027840332796001285,6.192789805470402,0.9985372254091561,0.9992137085624012,1.0,0.05700654063607673,0.008659475292338516,0.1294637237602028,0.10246474688637826,0.07358148066491906,-0.013222272451930384,0.05812165496663546,0.025241914031094517,7.238373994239852,0.9984530657751624,1.0,1.0,0.01834090519696474,0.27037261985242367,0.07489218795672059,ok,
759xd9YjKW5,aaef0e13feb84a9a8cb567429c9fb8d7,aaef0e13feb84a9a8cb567429c9fb8d7_i0_2,0,2,/home/bgao491/Matterport3D/v1/scans/759xd9YjKW5/undistorted_color_images/aaef0e13feb84a9a8cb567429c9fb8d7_i0_2.jpg,/home/bgao491/Matterport3D/v1/scans/759xd9YjKW5/undistorted_depth_images/aaef0e13feb84a9a8cb567429c9fb8d7_d0_2.png,1024,1280,406,504,1.4155678118069965,1249076,0.9529693603515625,-4.377530097961426,1.0378700494766235,1.6103700399398804,True,204624,1.0,True,,1.0,204624,1.1782879829406738,0.16406252304361182,1.29150397270649,0.09174488654605803,log-depth Laplacian fallback,,,,0.23288800049162203,0.11188556827419309,0.49904593506629724,0.4496605881531839,0.27237949433900027,-0.2662565158465632,0.26660003992642867,0.11578292621523466,5.742870976801006,0.12091337916988237,0.9896731664046062,0.9999943958574178,0.09726098039301387,0.026461078790964918,0.25795827517136405,0.19694137159738054,0.11722486460670267,-0.10219399282841807,0.10360895152855036,0.04499679592463087,5.742870982222227,0.9256930723190583,0.9999863899394432,1.0,0.09726098039301387,0.026461078790964918,0.25795827517136405,0.19694137159738054,0.11722486460670267,-0.10219399282841807,0.10360895152855036,0.04499679592463087,5.742870982222227,0.9256930723190583,0.9999863899394432,1.0,0.08357379506595045,0.031494069962283225,0.29577732489475805,0.1853824544689017,0.1237529110809552,-0.08822552171308384,0.09054135898808761,0.03932161259254784,8.678156670321743,0.9208014564365979,0.9999655745527094,1.0,0.0345390630297225,0.008292017729389546,0.15182197937040778,0.0786148882740175,0.05837156563377118,-0.01044906539145951,0.03546806825181896,0.015403586325532886,5.742870977988849,0.9980273418110668,0.9998190662537748,1.0,0.011513062054291368,0.2721190289594233,0.07544129504822195,ok,
759xd9YjKW5,aaef0e13feb84a9a8cb567429c9fb8d7,aaef0e13feb84a9a8cb567429c9fb8d7_i0_3,0,3,/home/bgao491/Matterport3D/v1/scans/759xd9YjKW5/undistorted_color_images/aaef0e13feb84a9a8cb567429c9fb8d7_i0_3.jpg,/home/bgao491/Matterport3D/v1/scans/759xd9YjKW5/undistorted_depth_images/aaef0e13feb84a9a8cb567429c9fb8d7_d0_3.png,1024,1280,406,504,1.4155678118069965,1248237,0.9523292541503906,-4.369909763336182,1.0502599477767944,1.6105300188064575,True,204624,1.0,True,,1.0,204624,0.9087337851524353,-0.09570309331705153,0.9038825107771352,0.0053527996737119665,log-depth Laplacian fallback,,,,0.10455195234080465,0.02294260912933602,0.2137189173116806,0.1976246070099404,0.10401935545695995,0.09892002291777797,0.09892009194034224,0.042960450079052984,3.216916809038841,0.997864187650262,1.0,1.0,0.025623236761009995,0.001805743408356552,0.05716477998998014,0.046257207357120494,0.03232961500077581,0.003216929730792574,0.02553349489792872,0.01108905593787529,3.2169167990570275,0.9993358633016006,1.0,1.0,0.025623236761009995,0.001805743408356552,0.05716477998998014,0.046257207357120494,0.03232961500077581,0.003216929730792574,0.02553349489792872,0.01108905593787529,3.2169167990570275,0.9993358633016006,1.0,1.0,0.018221668137068985,0.0010298242374597593,0.041429027795397005,0.031234398271009604,0.02427298597871393,0.011438311869801125,0.017993252046450404,0.0078143700752678,2.140894368930914,0.9991459955120702,1.0,1.0,0.025165672476050827,0.001752771740237664,0.056247680053240885,0.045255065673779744,0.032239996151643684,-0.0021358781115667015,0.02521157045047831,0.010949245926757813,3.216916810473237,0.9993574938092686,1.0,1.0,0.010336678009480238,0.2663678270764649,0.07490995083935559,ok,
759xd9YjKW5,aaef0e13feb84a9a8cb567429c9fb8d7,aaef0e13feb84a9a8cb567429c9fb8d7_i0_4,0,4,/home/bgao491/Matterport3D/v1/scans/759xd9YjKW5/undistorted_color_images/aaef0e13feb84a9a8cb567429c9fb8d7_i0_4.jpg,/home/bgao491/Matterport3D/v1/scans/759xd9YjKW5/undistorted_depth_images/aaef0e13feb84a9a8cb567429c9fb8d7_d0_4.png,1024,1280,406,504,1.4155678118069965,1250950,0.9543991088867188,-4.355380058288574,1.0498600006103516,1.6111700534820557,True,204624,1.0,True,,1.0,204624,0.9896172881126404,-0.01043698825790881,1.0142987528284788,0.024634478068558844,log-depth Laplacian fallback,,,,0.0440362025252046,0.0048160227499848,0.09380365467853335,0.07672621744581204,0.05582407777723752,-0.015530870684638041,0.04479567120691569,0.019454512818315877,5.362014281458148,0.9993444981813822,1.0,1.0,0.046034749554672294,0.004965323407689832,0.09066899206025643,0.07611478847548031,0.05957725575995782,-0.02596785888681291,0.04726321545757421,0.020526153670228968,5.362014275178685,0.9995179663455773,1.0,1.0,0.046034749554672294,0.004965323407689832,0.09066899206025643,0.07611478847548031,0.05957725575995782,-0.02596785888681291,0.04726321545757421,0.020526153670228968,5.362014275178685,0.9995179663455773,1.0,1.0,0.027042311320585734,0.002142018177765186,0.06144772257026359,0.046095857894974765,0.03729900208151756,-0.01902833545776488,0.02758285133866034,0.011979080131537907,3.2080180890759,0.9997473919820936,1.0,1.0,0.0433228009857466,0.0052637951742478244,0.1045588545099642,0.08150562965596883,0.05363671792568838,-0.0013333376902693098,0.04346525286533718,0.018876719473945435,5.362014286108876,0.9990247411966905,1.0,1.0,0.011870512971654534,0.2697254419326782,0.07144904998131096,ok,
759xd9YjKW5,aaef0e13feb84a9a8cb567429c9fb8d7,aaef0e13feb84a9a8cb567429c9fb8d7_i0_5,0,5,/home/bgao491/Matterport3D/v1/scans/759xd9YjKW5/undistorted_color_images/aaef0e13feb84a9a8cb567429c9fb8d7_i0_5.jpg,/home/bgao491/Matterport3D/v1/scans/759xd9YjKW5/undistorted_depth_images/aaef0e13feb84a9a8cb567429c9fb8d7_d0_5.png,1024,1280,406,504,1.4155678118069965,1251314,0.9546768188476562,-4.348470211029053,1.037060022354126,1.611649990081787,True,204624,1.0,True,,1.0,204624,1.1805914640426636,0.16601555361253015,1.2396284947880187,0.04879618013767212,log-depth Laplacian fallback,,,,0.19259272906473962,0.06288718776654732,0.3283674055568941,0.3245350749598712,0.22305468587230742,-0.21529588174441253,0.21556558938110795,0.09361894595643745,5.831874650135825,0.5587742165435694,1.0,1.0,0.06076816419592158,0.008165670691594509,0.11748315659128178,0.09797083784078042,0.07635199370037092,-0.04928032816504703,0.06301591746889926,0.02736746522881365,5.831874653974272,0.9988603979496753,1.0,1.0,0.06076816419592158,0.008165670691594509,0.11748315659128178,0.09797083784078042,0.07635199370037092,-0.04928032816504703,0.06301591746889926,0.02736746522881365,5.831874653974272,0.9988603979496753,1.0,1.0,0.04653509301546405,0.005360166064439898,0.09447134011644963,0.07494040997137942,0.06117598102383567,-0.038229095833556444,0.048049094699960396,0.020867456688639593,4.776020190469739,0.9989451089015228,1.0,1.0,0.045807637610885264,0.007436742330348772,0.13305890917771052,0.08824625302482036,0.05832075570352255,-0.0004841006972490343,0.04559643333875494,0.019802279393490732,5.831874649154319,0.9980676313059712,1.0,1.0,0.011802761116996408,0.2616169669199735,0.07162779988721013,ok,
759xd9YjKW5,aaef0e13feb84a9a8cb567429c9fb8d7,aaef0e13feb84a9a8cb567429c9fb8d7_i1_0,1,0,/home/bgao491/Matterport3D/v1/scans/759xd9YjKW5/undistorted_color_images/aaef0e13feb84a9a8cb567429c9fb8d7_i1_0.jpg,/home/bgao491/Matterport3D/v1/scans/759xd9YjKW5/undistorted_depth_images/aaef0e13feb84a9a8cb567429c9fb8d7_d1_0.png,1024,1280,406,504,1.4121168655554452,851892,0.6499420166015625,-4.3627800941467285,1.0348600149154663,1.6443400382995605,True,204624,1.0,True,,1.0,204624,1.0194742679595947,0.019287070850766804,1.0458471387044468,0.025540145206751377,log-depth Laplacian fallback,,,,0.04591573124179871,0.008601411971010876,0.1528483897735464,0.13170384285291273,0.05505216364086462,-0.03787923311725368,0.04646939100621465,0.020181400091403623,3.9948772446588254,0.9952752226808093,0.9988331854272607,1.0,0.03137162760710085,0.005606514991444176,0.11724638274721877,0.08638439358890261,0.04406328301086366,-0.018592161995032167,0.031183639846436403,0.013542882710965707,3.9948772472329455,0.9950122785517413,0.9984798542538256,1.0,0.03137162760710085,0.005606514991444176,0.11724638274721877,0.08638439358890261,0.04406328301086366,-0.018592161995032167,0.031183639846436403,0.013542882710965707,3.9948772472329455,0.9950122785517413,0.9984798542538256,1.0,0.029269117552888912,0.007233580247663742,0.12713047671149377,0.07364981426410307,0.050374620884240044,-0.004841747321246175,0.028514337157359397,0.012383619282570037,5.014139918378942,0.9939792837589742,0.9981124367877618,0.9999941307114047,0.01881383883124052,0.004811487467904269,0.1025366979795746,0.0466150268593614,0.040548482061150984,0.006948019996629631,0.018016952472529088,0.007824663039532534,3.9948772391525598,0.9944699562855386,0.9982544735717673,1.0,0.010709850117564201,0.26693119783885777,0.07490437407977879,ok,
759xd9YjKW5,aaef0e13feb84a9a8cb567429c9fb8d7,aaef0e13feb84a9a8cb567429c9fb8d7_i1_1,1,1,/home/bgao491/Matterport3D/v1/scans/759xd9YjKW5/undistorted_color_images/aaef0e13feb84a9a8cb567429c9fb8d7_i1_1.jpg,/home/bgao491/Matterport3D/v1/scans/759xd9YjKW5/undistorted_depth_images/aaef0e13feb84a9a8cb567429c9fb8d7_d1_1.png,1024,1280,406,504,1.4121168655554452,1193859,0.9108421325683593,-4.3662800788879395,1.0349500179290771,1.6441899538040161,True,204624,1.0,True,,1.0,204624,1.0892062187194824,0.08544919123881323,1.1108510314576798,0.01967722533187169,log-depth Laplacian fallback,,,,0.1059110487259492,0.03280557232422199,0.3028086387250156,0.2573252774741834,0.1241837400834497,-0.11194681100176204,0.11306993154961842,0.04910564734117771,5.375418874515327,0.9892198324927818,0.992879393630236,0.9998358265088256,0.030137011463542418,0.008507911558269627,0.17318677475124747,0.0748803974599161,0.05993026499808427,-0.02649761983286453,0.0314800547703592,0.013671614076779144,5.375418872919196,0.9899351598471846,0.9930561314192045,1.0,0.030137011463542418,0.008507911558269627,0.17318677475124747,0.0748803974599161,0.05993026499808427,-0.02649761983286453,0.0314800547703592,0.013671614076779144,5.375418872919196,0.9899351598471846,0.9930561314192045,1.0,0.028828943162150546,0.008671388573233412,0.17462591135913053,0.0716580128423284,0.06045889805228209,-0.019793864081366068,0.030154031646818028,0.013095729551349085,5.712688770119239,0.9898237564067448,0.9940905919375739,1.0,0.021333197603034156,0.007229203246426432,0.16261245773513958,0.05501596573321754,0.05418514895631838,-0.00682037825806317,0.022202455893635408,0.009642404079306187,5.3754188746881395,0.9900021694354191,0.9940972928963974,1.0,0.01203394215553999,0.27099609607830644,0.07463813293725252,ok,
759xd9YjKW5,aaef0e13feb84a9a8cb567429c9fb8d7,aaef0e13feb84a9a8cb567429c9fb8d7_i1_2,1,2,/home/bgao491/Matterport3D/v1/scans/759xd9YjKW5/undistorted_color_images/aaef0e13feb84a9a8cb567429c9fb8d7_i1_2.jpg,/home/bgao491/Matterport3D/v1/scans/759xd9YjKW5/undistorted_depth_images/aaef0e13feb84a9a8cb567429c9fb8d7_d1_2.png,1024,1280,406,504,1.4121168655554452,1192741,0.9099891662597657,-4.3679399490356445,1.0380300283432007,1.644070029258728,True,204624,1.0,True,,1.0,204624,1.0024291276931763,0.002426182131633786,1.0712795506757218,0.066427593645965,log-depth Laplacian fallback,,,,0.10010038023282544,0.12324142134838038,0.539133514650574,0.30998647195091905,0.15077003265727368,-0.055150114612162654,0.09196925564577389,0.03994174023170911,14.032130132570996,0.974827728735744,0.9847552821610056,0.9882262787981633,0.09810462853587872,0.12299065764554573,0.5361888524783941,0.3010677625836604,0.14989956850725883,-0.05272393237914026,0.08973306302528435,0.0389705741161577,14.032130128081846,0.9748285671407287,0.9846068844786924,0.9882028034585882,0.09810462853587872,0.12299065764554573,0.5361888524783941,0.3010677625836604,0.14989956850725883,-0.05272393237914026,0.08973306302528435,0.0389705741161577,14.032130128081846,0.9748285671407287,0.9846068844786924,0.9882028034585882,0.10413625632668962,0.12210077448526487,0.571540784096689,0.37377847960682375,0.15176324644097466,-0.0623044401611,0.09768877416762178,0.0424256955648911,13.838439112311734,0.973882846317851,0.9860170816631607,0.9886672798201789,0.0635415461536843,0.13542848311280206,0.5483852026149421,0.19457729885320518,0.14098885526975444,0.013703637953592744,0.05014331648544258,0.021776965653956076,14.032130136623097,0.9729765305292599,0.9817739140349833,0.9876050207044111,0.011247372953221202,0.25325138797052205,0.07653848198242486,ok,
759xd9YjKW5,aaef0e13feb84a9a8cb567429c9fb8d7,aaef0e13feb84a9a8cb567429c9fb8d7_i1_3,1,3,/home/bgao491/Matterport3D/v1/scans/759xd9YjKW5/undistorted_color_images/aaef0e13feb84a9a8cb567429c9fb8d7_i1_3.jpg,/home/bgao491/Matterport3D/v1/scans/759xd9YjKW5/undistorted_depth_images/aaef0e13feb84a9a8cb567429c9fb8d7_d1_3.png,1024,1280,406,504,1.4121168655554452,1299568,0.99149169921875,-4.366109848022461,1.0410100221633911,1.6441099643707275,True,204624,1.0,True,,1.0,204624,1.034265398979187,0.03369141527845584,1.0290858802989793,0.0050205019489966175,log-depth Laplacian fallback,,,,0.04501826072119187,0.007665645689656048,0.13258866030188207,0.10330448756443113,0.06010044311459544,-0.02604747711690415,0.04609483703963687,0.020018733370543915,5.4162645784849515,0.9953169053100722,1.0,1.0,0.04073858109596124,0.006549266290209681,0.11917041680123158,0.0875776391946738,0.054699378203697795,0.0076439380012684665,0.040415861738743786,0.0175523857345012,5.4162645685970086,0.9971313544193148,1.0,1.0,0.04073858109596124,0.006549266290209681,0.11917041680123158,0.0875776391946738,0.054699378203697795,0.0076439380012684665,0.040415861738743786,0.0175523857345012,5.4162645685970086,0.9971313544193148,1.0,1.0,0.04124940279117914,0.008269795214732019,0.13195865174314317,0.08670369239424411,0.06014797948796084,0.027391056015121953,0.03990571437556101,0.017330831549713422,5.354913152293517,0.9957262721150413,1.0,1.0,0.04025390435410689,0.006390548183891711,0.11808136368604631,0.08694136105405802,0.05422614302605112,0.002623430566502646,0.040134252649007565,0.017430084460774948,5.4162645795275655,0.9971659813107124,1.0,1.0,0.01106279599480331,0.27649108693003654,0.07461334113031626,ok,
759xd9YjKW5,aaef0e13feb84a9a8cb567429c9fb8d7,aaef0e13feb84a9a8cb567429c9fb8d7_i1_4,1,4,/home/bgao491/Matterport3D/v1/scans/759xd9YjKW5/undistorted_color_images/aaef0e13feb84a9a8cb567429c9fb8d7_i1_4.jpg,/home/bgao491/Matterport3D/v1/scans/759xd9YjKW5/undistorted_depth_images/aaef0e13feb84a9a8cb567429c9fb8d7_d1_4.png,1024,1280,406,504,1.4121168655554452,1182749,0.9023658752441406,-4.36260986328125,1.0409200191497803,1.644260048866272,True,204624,1.0,True,,1.0,204624,1.0142608880996704,0.014160158170949785,1.022968993309051,0.008549018768375077,log-depth Laplacian fallback,,,,0.042430791092376435,0.05046886256857931,0.5464734471773578,0.17932891225814296,0.11607142341469112,-0.027672807230417686,0.04497020552373251,0.01953031210901216,11.272440318538239,0.981327399135404,0.9847211876738006,0.9875890827216933,0.03513982890087743,0.04919718620231344,0.5372259440365501,0.15452002565574235,0.11353141753416626,-0.013512649011915191,0.03713452574666674,0.016127319619871596,11.272440323194433,0.9806949741661164,0.984672149374043,0.9874554956292502,0.03513982890087743,0.04919718620231344,0.5372259440365501,0.15452002565574235,0.11353141753416626,-0.013512649011915191,0.03713452574666674,0.016127319619871596,11.272440323194433,0.9806949741661164,0.984672149374043,0.9874554956292502,0.03526425519282215,0.04840706353384931,0.5347693267133115,0.15706411056404201,0.11302779159930075,-0.01567911520359743,0.03737641487062793,0.016232370731640352,11.193501248602816,0.981193812042961,0.9848564657420974,0.9876338935818166,0.03359020078662069,0.049015964238763,0.5334712800664649,0.14772386798580672,0.11283363221449809,-0.004963616420991415,0.03529342003040674,0.015327737566699359,11.272440317314564,0.980294212888787,0.9846408663207493,0.9873709468365647,0.010035200044512749,0.26164234383031726,0.07684549898840487,ok,
759xd9YjKW5,aaef0e13feb84a9a8cb567429c9fb8d7,aaef0e13feb84a9a8cb567429c9fb8d7_i1_5,1,5,/home/bgao491/Matterport3D/v1/scans/759xd9YjKW5/undistorted_color_images/aaef0e13feb84a9a8cb567429c9fb8d7_i1_5.jpg,/home/bgao491/Matterport3D/v1/scans/759xd9YjKW5/undistorted_depth_images/aaef0e13feb84a9a8cb567429c9fb8d7_d1_5.png,1024,1280,406,504,1.4121168655554452,903887,0.6896110534667969,-4.360949993133545,1.0378400087356567,1.64437997341156,True,204624,1.0,True,,1.0,204624,0.974334180355072,-0.026000933204717004,1.0002808194740482,0.026281713256356948,log-depth Laplacian fallback,,,,0.023134446522442467,0.006185622475483206,0.14878096931205145,0.08932708229468966,0.03879216193617402,-0.0016808408704208117,0.022773880194536363,0.009890570500012897,3.87557299202411,0.9966378540680417,0.9989025176819669,0.9997853714015137,0.0342145644525996,0.009526692724237324,0.2004146988054753,0.143362595858813,0.047626538963866004,-0.02768177406965632,0.034553797544545885,0.015006523602398406,3.8755729873570304,0.9970637922660687,0.9990131509801558,0.9998086043941333,0.0342145644525996,0.009526692724237324,0.2004146988054753,0.143362595858813,0.047626538963866004,-0.02768177406965632,0.034553797544545885,0.015006523602398406,3.8755729873570304,0.9970637922660687,0.9990131509801558,0.9998086043941333,0.03710744114891428,0.01041819352503907,0.20151071621157524,0.14632722485386956,0.0509204212071927,-0.012634874581795939,0.037131290749413154,0.01612591467841538,4.932797624290102,0.9967551253641218,0.9988903480191661,0.9997610320759122,0.023139777914181217,0.00617783979635263,0.14853691949275605,0.08923899047693389,0.03878100911221165,-0.0014000232759075557,0.022772714331649017,0.00989006417219427,3.875572993233852,0.9966267907382228,0.9989025176819669,0.9997842650685318,0.015659332973882556,0.26619172003120184,0.07152504194527864,ok,
759xd9YjKW5,aaef0e13feb84a9a8cb567429c9fb8d7,aaef0e13feb84a9a8cb567429c9fb8d7_i2_0,2,0,/home/bgao491/Matterport3D/v1/scans/759xd9YjKW5/undistorted_color_images/aaef0e13feb84a9a8cb567429c9fb8d7_i2_0.jpg,/home/bgao491/Matterport3D/v1/scans/759xd9YjKW5/undistorted_depth_images/aaef0e13feb84a9a8cb567429c9fb8d7_d2_0.png,1024,1280,406,504,1.4165615917841592,1174560,0.8961181640625,-4.358980178833008,1.0256099700927734,1.6779199838638306,True,204624,1.0,True,,1.0,204624,0.9945522546768188,-0.005462638401493002,1.0194326198052193,0.024708855837490176,log-depth Laplacian fallback,,,,0.037627641091739675,0.006586155772094507,0.12939936907771138,0.08234075897813103,0.05298818307354301,-0.01538987534366025,0.03807231627352398,0.016534596870866836,5.070403615435272,0.9905283680697453,0.9994670344639695,1.0,0.03924868882285982,0.0068187124064374655,0.1306702773373151,0.08433163190069469,0.05482450736732492,-0.02085251372730103,0.039903163872668596,0.01732972388038116,5.070403612457874,0.9903981065249966,0.9994832107342324,1.0,0.03924868882285982,0.0068187124064374655,0.1306702773373151,0.08433163190069469,0.05482450736732492,-0.02085251372730103,0.039903163872668596,0.01732972388038116,5.070403612457874,0.9903981065249966,0.9994832107342324,1.0,0.04023015522304607,0.007616053204818164,0.13755570957895177,0.08572820600017168,0.05856242098454378,-0.024366382082048818,0.04108223748380682,0.017841789043456235,5.325257341953104,0.9883420174363166,0.9993725309903283,0.9999744585206375,0.03560698395522786,0.0067932054785890305,0.1340027131906269,0.08326825610993913,0.05085047679280359,0.0038563853626521374,0.035355791810306327,0.015354825286536217,5.070403615088427,0.9914138060209781,0.9993997752349816,0.9999940403214821,0.010106981033459306,0.2718878728337586,0.07119208294898272,ok,
759xd9YjKW5,aaef0e13feb84a9a8cb567429c9fb8d7,aaef0e13feb84a9a8cb567429c9fb8d7_i2_1,2,1,/home/bgao491/Matterport3D/v1/scans/759xd9YjKW5/undistorted_color_images/aaef0e13feb84a9a8cb567429c9fb8d7_i2_1.jpg,/home/bgao491/Matterport3D/v1/scans/759xd9YjKW5/undistorted_depth_images/aaef0e13feb84a9a8cb567429c9fb8d7_d2_1.png,1024,1280,406,504,1.4165615917841592,1219974,0.9307662963867187,-4.373509883880615,1.0260100364685059,1.6772899627685547,True,204624,1.0,True,,1.0,204624,1.0148181915283203,0.014709474802577449,1.0468439592435854,0.03107040991732196,log-depth Laplacian fallback,,,,0.04736062051156336,0.01014189258758648,0.1751929720758839,0.10472345003009219,0.06803569448965582,-0.04714138211206983,0.04939807293392344,0.02145331049185733,4.90565573318553,0.9870956266281085,0.996405661104253,1.0,0.036495745162286375,0.007948148109479128,0.1601134965702302,0.0815684721274829,0.05880794523725136,-0.03243190720371386,0.037919798127358004,0.01646835908159683,4.905655734106551,0.988721071104794,0.996405661104253,1.0,0.036495745162286375,0.007948148109479128,0.1601134965702302,0.0815684721274829,0.05880794523725136,-0.03243190720371386,0.037919798127358004,0.01646835908159683,4.905655734106551,0.988721071104794,0.996405661104253,1.0,0.03282371864777523,0.007653483749554717,0.16011788331502574,0.07483885368548213,0.05701430259846439,-0.02596998677893546,0.034088232595691596,0.014804331314143411,5.0756186691783505,0.9883825393000178,0.996405661104253,1.0,0.026072930494964716,0.0062380378260387835,0.14696855752684673,0.0632404986198387,0.049075445765455174,-0.0013614531159852285,0.02657943531795459,0.011543302090692075,4.905655738523756,0.9907342287622523,0.996405661104253,1.0,0.010786917060613632,0.2727350399363786,0.07449529599398375,ok,
759xd9YjKW5,aaef0e13feb84a9a8cb567429c9fb8d7,aaef0e13feb84a9a8cb567429c9fb8d7_i2_2,2,2,/home/bgao491/Matterport3D/v1/scans/759xd9YjKW5/undistorted_color_images/aaef0e13feb84a9a8cb567429c9fb8d7_i2_2.jpg,/home/bgao491/Matterport3D/v1/scans/759xd9YjKW5/undistorted_depth_images/aaef0e13feb84a9a8cb567429c9fb8d7_d2_2.png,1024,1280,406,504,1.4165615917841592,1263947,0.9643150329589844,-4.380420207977295,1.0388100147247314,1.676800012588501,True,204624,1.0,True,,1.0,204624,1.0812578201293945,0.07812501172741114,1.2817386754552578,0.17009248469405508,log-depth Laplacian fallback,,,,0.21663953551484763,0.11125170490434748,0.5331457465805018,0.5156564748526374,0.2448764713547069,-0.2410730626142307,0.24377115919925837,0.10586846928739706,4.299144920711317,0.16521262363057945,0.998966728826446,1.0,0.1538482792125949,0.056620290588095826,0.37574692514389374,0.36283012107578483,0.16852398053202988,-0.16294805095388967,0.166476744193343,0.07229993136838807,4.299144920433081,0.9963803862029025,0.9983907553085691,1.0,0.1538482792125949,0.056620290588095826,0.37574692514389374,0.36283012107578483,0.16852398053202988,-0.16294805095388967,0.166476744193343,0.07229993136838807,4.299144920433081,0.9963803862029025,0.9983907553085691,1.0,0.16463871454219398,0.06506871654434294,0.40666275622135584,0.39082809605795943,0.18134946100371627,-0.17615636686603292,0.1794252971021192,0.0779234164453019,4.308783376891932,0.9813038046690249,0.998537913377697,1.0,0.018727315889352475,0.007251076538299768,0.12841454537444563,0.049067235393857864,0.04358104216185906,0.007144405279245599,0.017668417745942935,0.007673296331024509,4.2991449255865115,0.9948684557184755,0.9969342068931688,0.9988235266193914,0.013680042931810021,0.2608180509414524,0.07460996019653976,ok,
759xd9YjKW5,aaef0e13feb84a9a8cb567429c9fb8d7,aaef0e13feb84a9a8cb567429c9fb8d7_i2_3,2,3,/home/bgao491/Matterport3D/v1/scans/759xd9YjKW5/undistorted_color_images/aaef0e13feb84a9a8cb567429c9fb8d7_i2_3.jpg,/home/bgao491/Matterport3D/v1/scans/759xd9YjKW5/undistorted_depth_images/aaef0e13feb84a9a8cb567429c9fb8d7_d2_3.png,1024,1280,406,504,1.4165615917841592,1250213,0.9538368225097656,-4.372799873352051,1.051200032234192,1.6769599914550781,True,204624,1.0,True,,1.0,204624,1.0569844245910645,0.05541997129331128,1.0907662910996678,0.031460497302884145,log-depth Laplacian fallback,,,,0.08223555602325958,0.014392288716711825,0.1678803445794887,0.15763098299037775,0.09111063963441401,-0.0837948936022556,0.08603923685012371,0.037366365791175624,3.577100027646301,0.9941377989190642,1.0,1.0,0.0354031210805651,0.003955816113174777,0.08806065083061217,0.06684988308211931,0.04565852253666559,-0.02837492228355825,0.03598978371510815,0.015630164472362977,3.577100034431842,0.9950008518548439,1.0,1.0,0.0354031210805651,0.003955816113174777,0.08806065083061217,0.06684988308211931,0.04565852253666559,-0.02837492228355825,0.03598978371510815,0.015630164472362977,3.577100034431842,0.9950008518548439,1.0,1.0,0.040966855314027016,0.0050850067413801695,0.097759398327433,0.07563579622043222,0.053178641981368985,-0.03261288636788645,0.04181702835494316,0.01816090466414364,4.20043760308131,0.9960110797120171,1.0,1.0,0.02178194998208508,0.0028214267021031084,0.07572129865172722,0.04294049714331205,0.03590383469780091,0.003085592934852733,0.021528266660026926,0.009349607415391445,3.577100029699197,0.9958599054721076,1.0,1.0,0.013604182051494718,0.2732176617719233,0.07466224092058837,ok,
759xd9YjKW5,aaef0e13feb84a9a8cb567429c9fb8d7,aaef0e13feb84a9a8cb567429c9fb8d7_i2_4,2,4,/home/bgao491/Matterport3D/v1/scans/759xd9YjKW5/undistorted_color_images/aaef0e13feb84a9a8cb567429c9fb8d7_i2_4.jpg,/home/bgao491/Matterport3D/v1/scans/759xd9YjKW5/undistorted_depth_images/aaef0e13feb84a9a8cb567429c9fb8d7_d2_4.png,1024,1280,406,504,1.4165615917841592,1256591,0.9587028503417969,-4.358270168304443,1.0507999658584595,1.6776000261306763,True,204624,1.0,True,,1.0,204624,1.0482468605041504,0.0471191120765566,1.141526970789922,0.08524770213086828,log-depth Laplacian fallback,,,,0.13319397820740567,0.04009046033342159,0.2934745574252512,0.28440830539950035,0.15452549969359966,-0.14119132045421542,0.14397429129656575,0.06252724024602987,6.279443513522291,0.9012104972898899,0.9991429192155602,1.0,0.09274687993592684,0.021499435096586802,0.20830606198335275,0.18973045397414198,0.1131049136007565,-0.09407220840307132,0.09820107373316568,0.04264818443928822,6.279443515793188,0.9708067302726185,0.9989933080851288,0.9999586181979657,0.09274687993592684,0.021499435096586802,0.20830606198335275,0.18973045397414198,0.1131049136007565,-0.09407220840307132,0.09820107373316568,0.04264818443928822,6.279443515793188,0.9708067302726185,0.9989933080851288,0.9999586181979657,0.0927256021727025,0.021895061218464445,0.2087262610385638,0.1886709732781585,0.11599587543710113,-0.09425327451643412,0.09845788146966716,0.04275971462216089,6.761185814152124,0.952579638084309,0.9990346898871629,0.9999920419611472,0.04340578531055998,0.009517464774721587,0.15216769877474293,0.09466693402050072,0.06341146196178882,-0.008824535429239484,0.043668319256050483,0.018964910086892245,6.279443512437617,0.9924247428160794,0.9987633207622846,0.9994373666531114,0.015468170866370201,0.2689414848573506,0.07445448683574796,ok,
759xd9YjKW5,aaef0e13feb84a9a8cb567429c9fb8d7,aaef0e13feb84a9a8cb567429c9fb8d7_i2_5,2,5,/home/bgao491/Matterport3D/v1/scans/759xd9YjKW5/undistorted_color_images/aaef0e13feb84a9a8cb567429c9fb8d7_i2_5.jpg,/home/bgao491/Matterport3D/v1/scans/759xd9YjKW5/undistorted_depth_images/aaef0e13feb84a9a8cb567429c9fb8d7_d2_5.png,1024,1280,406,504,1.4165615917841592,1174936,0.896405029296875,-4.351359844207764,1.0379999876022339,1.6780799627304077,True,204624,1.0,True,,1.0,204624,1.04263174533844,0.04174804113160651,1.0934445463394693,0.047584806636217065,log-depth Laplacian fallback,,,,0.0815178646254038,0.016914242215623935,0.19614000268246606,0.1809037634078944,0.09279667236644894,-0.08163657895892681,0.08521724830790298,0.03700938070310149,4.412132566196277,0.9964423594136191,0.9996731736877583,0.9999829777962375,0.044903850202027897,0.007638807215642598,0.13153908475262405,0.0930295117808233,0.059479297524792245,-0.039888537835995275,0.045981474316587355,0.019969500565469984,4.412132572066631,0.9942550062301265,0.9994629494712903,0.9999514867192766,0.044903850202027897,0.007638807215642598,0.13153908475262405,0.0930295117808233,0.059479297524792245,-0.039888537835995275,0.045981474316587355,0.019969500565469984,4.412132572066631,0.9942550062301265,0.9994629494712903,0.9999514867192766,0.05022670640041928,0.009091937810324916,0.14457907660917896,0.10709391710666359,0.06452500732329666,-0.03949148694483853,0.05142003383860423,0.02233143695538429,5.102841393730689,0.993968182096727,0.9992952807642289,0.9999021223283652,0.031859937742337946,0.006596948419390656,0.13924515709300822,0.08590720765244908,0.04478754831865788,0.007696304881865495,0.0312415803209604,0.013568045939330324,4.4121325632413715,0.9927825856046627,0.9992646407974562,0.999888504565355,0.009682299802079797,0.2786255870014429,0.07447680598124862,ok,
759xd9YjKW5,b90801209e564a309883d214b02a6195,b90801209e564a309883d214b02a6195_i0_0,0,0,/home/bgao491/Matterport3D/v1/scans/759xd9YjKW5/undistorted_color_images/b90801209e564a309883d214b02a6195_i0_0.jpg,/home/bgao491/Matterport3D/v1/scans/759xd9YjKW5/undistorted_depth_images/b90801209e564a309883d214b02a6195_d0_0.png,1024,1280,406,504,1.4155678118069965,1203329,0.9180671691894531,-10.241499900817871,2.5924599170684814,1.764430046081543,True,204624,1.0,True,,1.0,204624,1.0205949544906616,0.02038574596577235,1.0312058830192783,0.010343131683368631,log-depth Laplacian fallback,,,,0.05057493121814731,0.008334416190087008,0.10614591723437565,0.06956090446471427,0.07028043623538709,-0.021916492747081802,0.05016257782149225,0.021785330745916518,6.677579698590966,0.9956454136815451,0.9972168874846363,0.9982357277186871,0.0440728004154082,0.007752491314939157,0.09757128015142169,0.057320314351109514,0.06679333984672052,-0.0015307467433563493,0.042702159166697395,0.01854531209145105,6.677579697979804,0.9943124448924608,0.9971379398319163,0.9981276940886491,0.0440728004154082,0.007752491314939157,0.09757128015142169,0.057320314351109514,0.06679333984672052,-0.0015307467433563493,0.042702159166697395,0.01854531209145105,6.677579697979804,0.9943124448924608,0.9971379398319163,0.9981276940886491,0.0289766352933104,0.006102693058886842,0.08913224997562516,0.041166101483501125,0.055375631044815236,0.0074667640636187985,0.027659835270193504,0.012012513828197978,5.4869918425579565,0.9944096751594951,0.9971811532839315,0.9982481931375377,0.04314203167839476,0.007894089863341844,0.09648765882861457,0.05465556728003349,0.0673547723198042,0.008812394140067977,0.041322674911393575,0.017946209691500167,6.677579699092148,0.994123801553856,0.9970997125474413,0.9980819875528638,0.017176507972180843,0.2684054549317807,0.07487155497074127,ok,
759xd9YjKW5,b90801209e564a309883d214b02a6195,b90801209e564a309883d214b02a6195_i0_1,0,1,/home/bgao491/Matterport3D/v1/scans/759xd9YjKW5/undistorted_color_images/b90801209e564a309883d214b02a6195_i0_1.jpg,/home/bgao491/Matterport3D/v1/scans/759xd9YjKW5/undistorted_depth_images/b90801209e564a309883d214b02a6195_d0_1.png,1024,1280,406,504,1.4155678118069965,1162639,0.8870231628417968,-10.249799728393555,2.604449987411499,1.7644399404525757,True,204102,0.9974489795918368,True,,1.0,204102,0.8773411512374878,-0.13085936425976302,0.838966773436597,0.04472481161792016,log-depth Laplacian fallback,,,,0.20498091492312207,0.039459262471899174,0.18148417210188436,0.1716204674953136,0.19624913014037346,0.18414615687403355,0.18414827739085382,0.07997458072283721,6.785214800857125,0.7106599727000384,1.0,1.0,0.07074123058610694,0.006593622043912799,0.07238434352595019,0.057415537239918955,0.08627511957727767,0.05328679258597206,0.06716602043215952,0.029169832045087937,6.785214804243969,1.0,1.0,1.0,0.07074123058610694,0.006593622043912799,0.07238434352595019,0.057415537239918955,0.08627511957727767,0.05328679258597206,0.06716602043215952,0.029169832045087937,6.785214804243969,1.0,1.0,1.0,0.05701468642359,0.003883338822411993,0.0558269145144703,0.04633716959144603,0.06703263718762625,0.05066561115832411,0.054770011928561804,0.023786313954349693,4.389043511155292,1.0,1.0,1.0,0.05717365845533028,0.004080589220305064,0.05947441919114589,0.04902667030887106,0.06839021700376166,0.008561997015398382,0.05636703171821347,0.024479890836485683,6.785214800527631,1.0,1.0,1.0,0.011703846976161003,0.26916915783658624,0.0747439491096884,ok,
759xd9YjKW5,b90801209e564a309883d214b02a6195,b90801209e564a309883d214b02a6195_i0_2,0,2,/home/bgao491/Matterport3D/v1/scans/759xd9YjKW5/undistorted_color_images/b90801209e564a309883d214b02a6195_i0_2.jpg,/home/bgao491/Matterport3D/v1/scans/759xd9YjKW5/undistorted_depth_images/b90801209e564a309883d214b02a6195_d0_2.png,1024,1280,406,504,1.4155678118069965,1176418,0.8975357055664063,-10.243499755859375,2.617579936981201,1.7640199661254883,True,133289,0.6513849792790679,True,,1.0,133289,0.8058801293373108,-0.21582027044241917,0.7568218883988147,0.06280706891741758,log-depth Laplacian fallback,,,,0.3187289383071414,0.1973764834147348,0.5864050143405044,0.43794078000038794,0.3117016221802661,0.21698541672875915,0.26463094511306967,0.1149277592034486,22.377495435561165,0.42965170543123277,0.8647207030154248,0.9876370473760178,0.19594231879969867,0.11946267171136077,0.6339244365740087,0.43057048060771524,0.22377798761489248,0.001165146233370395,0.195928356366034,0.0850906040181425,22.377495430728132,0.5641217662429511,0.9870088692964576,0.998556635481606,0.19594231879969867,0.11946267171136077,0.6339244365740087,0.43057048060771524,0.22377798761489248,0.001165146233370395,0.195928356366034,0.0850906040181425,22.377495430728132,0.5641217662429511,0.9870088692964576,0.998556635481606,0.13473679756337686,0.09068506757105797,0.5435624714125774,0.326867296027507,0.1696326204893932,0.0029775834112567294,0.13211548023647124,0.0573770240406976,16.96064855220092,0.8388693474598314,0.980112511029243,0.9955985032530954,0.1791328230203142,0.13177926605907042,0.7034501267121263,0.4504816828434569,0.23210980096397252,-0.06164194586772869,0.1908401860538363,0.08288083972857105,22.377495439207433,0.6634640068411058,0.9908867426373958,0.9992128648150572,0.012354358099400997,0.27119894698262215,0.07481576991267502,ok,
759xd9YjKW5,b90801209e564a309883d214b02a6195,b90801209e564a309883d214b02a6195_i0_3,0,3,/home/bgao491/Matterport3D/v1/scans/759xd9YjKW5/undistorted_color_images/b90801209e564a309883d214b02a6195_i0_3.jpg,/home/bgao491/Matterport3D/v1/scans/759xd9YjKW5/undistorted_depth_images/b90801209e564a309883d214b02a6195_d0_3.png,1024,1280,406,504,1.4155678118069965,1159608,0.884710693359375,-10.229000091552734,2.618730068206787,1.7635999917984009,True,113406,0.5542165141918837,True,,1.0,113406,0.9451643228530884,-0.056396479987895,0.999256085466945,0.055652288613117516,log-depth Laplacian fallback,,,,0.11935040367268714,0.17775626260987065,0.7177220855001496,0.33683026218311957,0.18785831978861037,0.06469016688123823,0.09901861900085647,0.04300323983775247,17.636873482189905,0.8815591130795924,0.928336127380977,0.9889229808693972,0.12789885898603323,0.14721499562560453,0.6701222340197607,0.4147664085577459,0.17656363136236417,0.00829368685631278,0.11445538285830183,0.049707341199484535,17.63687349792878,0.8903129333360928,0.9509592896909991,0.9921007788838987,0.12789885898603323,0.14721499562560453,0.6701222340197607,0.4147664085577459,0.17656363136236417,0.00829368685631278,0.11445538285830183,0.049707341199484535,17.63687349792878,0.8903129333360928,0.9509592896909991,0.9921007788838987,0.12001145708691666,0.14534547209146106,0.6651501604414999,0.3949318026320146,0.17452132109114576,0.008531161990594565,0.10631347063252669,0.04617135364768978,17.43126810948906,0.8889202213161689,0.9503271795296342,0.9919550399790273,0.11925599243867399,0.17717434120109987,0.7166066374864591,0.33684402828345844,0.18760335016162197,0.06394596445611853,0.09901299278710213,0.04300079640416496,17.6368734818961,0.8816807058937158,0.9286595125249222,0.9889936944208733,0.016217241995036602,0.25359616382047534,0.07496234797872603,ok,
759xd9YjKW5,b90801209e564a309883d214b02a6195,b90801209e564a309883d214b02a6195_i0_4,0,4,/home/bgao491/Matterport3D/v1/scans/759xd9YjKW5/undistorted_color_images/b90801209e564a309883d214b02a6195_i0_4.jpg,/home/bgao491/Matterport3D/v1/scans/759xd9YjKW5/undistorted_depth_images/b90801209e564a309883d214b02a6195_d0_4.png,1024,1280,406,504,1.4155678118069965,1236351,0.9432609558105469,-10.220800399780273,2.606750011444092,1.7635899782180786,True,183855,0.8985016420361248,True,,1.0,183855,1.2050528526306152,0.18652342708499323,1.1984580721618574,0.005487636399243545,log-depth Laplacian fallback,,,,0.17624986593407527,0.07481628473492771,0.4605691812818603,0.37002222276358965,0.20334537156960122,-0.18256207043107509,0.1934932835786291,0.08403306534353971,8.955685668165431,0.6513781280558676,0.9988732973079651,0.9991701385771516,0.060984771037666426,0.03060593543265842,0.29519503598617525,0.14132751094044005,0.08964442502358917,0.003961356476953744,0.05842767964439831,0.02537481885997313,8.955685675967194,0.9793723627028247,0.9887734146694588,0.9989194007203456,0.060984771037666426,0.03060593543265842,0.29519503598617525,0.14132751094044005,0.08964442502358917,0.003961356476953744,0.05842767964439831,0.02537481885997313,8.955685675967194,0.9793723627028247,0.9887734146694588,0.9989194007203456,0.0634034544408896,0.030097260485660866,0.29777333571271264,0.15102437711778313,0.0900708250371571,0.014033059567894628,0.06083222074464876,0.026419097791321476,8.897093211851885,0.9798139848635218,0.992363819012562,0.9989663129645222,0.06053444865158614,0.030116580007481526,0.2936793258660719,0.14099575826056523,0.08956986153992635,-0.0015262769510344316,0.058310676660520346,0.025324005109708704,8.955685666072878,0.9795179524261314,0.9897998222187712,0.9989274890383071,0.018918957095593214,0.27362574404105544,0.07337337406352162,ok,
759xd9YjKW5,b90801209e564a309883d214b02a6195,b90801209e564a309883d214b02a6195_i0_5,0,5,/home/bgao491/Matterport3D/v1/scans/759xd9YjKW5/undistorted_color_images/b90801209e564a309883d214b02a6195_i0_5.jpg,/home/bgao491/Matterport3D/v1/scans/759xd9YjKW5/undistorted_depth_images/b90801209e564a309883d214b02a6195_d0_5.png,1024,1280,406,504,1.4155678118069965,1245267,0.9500633239746094,-10.22700023651123,2.5936100482940674,1.764009952545166,True,204624,1.0,True,,1.0,204624,1.0122817754745483,0.012206966373035737,1.0867874183434456,0.07101905533892036,log-depth Laplacian fallback,,,,0.08174274932522448,0.012722201628226685,0.13631157792875911,0.11933392374204643,0.10352093766584003,-0.08301905013901129,0.08676434539186362,0.03768127642963425,6.184191013569251,1.0,1.0,1.0,0.0733626163210087,0.010544061703723143,0.12372503827669522,0.10681270100630244,0.09401474906676235,-0.07081208374067688,0.07743865889543435,0.03363118224427532,6.1841910048038295,1.0,1.0,1.0,0.0733626163210087,0.010544061703723143,0.12372503827669522,0.10681270100630244,0.09401474906676235,-0.07081208374067688,0.07743865889543435,0.03363118224427532,6.1841910048038295,1.0,1.0,1.0,0.05592621781077964,0.0061559286576494,0.10326448222527891,0.08811688124120452,0.06533792575056051,-0.05646142242633307,0.05798349962746283,0.025181913929646357,3.2880880751295756,1.0,1.0,1.0,0.05394262411157322,0.006899246321962455,0.11727184415149979,0.09259977826494953,0.06184225663204608,0.0002070119514009708,0.053811952935740516,0.023370234220429595,6.1841910153194855,0.9987633174250984,1.0,1.0,0.015143105993047357,0.2802892769686878,0.07534255110658705,ok,
759xd9YjKW5,b90801209e564a309883d214b02a6195,b90801209e564a309883d214b02a6195_i1_0,1,0,/home/bgao491/Matterport3D/v1/scans/759xd9YjKW5/undistorted_color_images/b90801209e564a309883d214b02a6195_i1_0.jpg,/home/bgao491/Matterport3D/v1/scans/759xd9YjKW5/undistorted_depth_images/b90801209e564a309883d214b02a6195_d1_0.png,1024,1280,406,504,1.4121168655554452,1136873,0.8673652648925781,-10.235899925231934,2.603060007095337,1.7973500490188599,True,204624,1.0,True,,1.0,204624,0.9729079604148865,-0.027465794883045142,0.9768792638716357,0.00407358187493986,log-depth Laplacian fallback,,,,0.08824252751255428,0.04691231921976903,0.3333373350133222,0.14844543714352013,0.13355148066686784,0.05402909727170721,0.07808870860355775,0.033913495245476113,12.213457592474446,0.9780749476854494,0.9824228387867422,0.9857468688235186,0.08196704866035641,0.04441475638800414,0.34629462171222825,0.16744167798486356,0.12498985420067549,0.026563302420601946,0.07412684737221444,0.032192880774637306,12.2134575848192,0.9776835231375888,0.9828855113983708,0.986308936882132,0.08196704866035641,0.04441475638800414,0.34629462171222825,0.16744167798486356,0.12498985420067549,0.026563302420601946,0.07412684737221444,0.032192880774637306,12.2134575848192,0.9776835231375888,0.9828855113983708,0.986308936882132,0.06630952492950433,0.03992225762849686,0.33579910561001064,0.14868949300234796,0.11181765190871662,0.01329273905114492,0.060120884332160826,0.026110168312601115,11.10247286278921,0.978001060804505,0.9830332851602598,0.9876644093051731,0.0821900986005619,0.04454695795812792,0.34323006850010485,0.16307051574516881,0.12591851237498267,0.030636858887679808,0.07401561804114629,0.03214457448992862,12.213457592436738,0.9778304172937522,0.9828186613632306,0.986235929606913,0.011704428121447563,0.27510255109518766,0.07477355189621449,ok,
759xd9YjKW5,b90801209e564a309883d214b02a6195,b90801209e564a309883d214b02a6195_i1_1,1,1,/home/bgao491/Matterport3D/v1/scans/759xd9YjKW5/undistorted_color_images/b90801209e564a309883d214b02a6195_i1_1.jpg,/home/bgao491/Matterport3D/v1/scans/759xd9YjKW5/undistorted_depth_images/b90801209e564a309883d214b02a6195_d1_1.png,1024,1280,406,504,1.4121168655554452,1040946,0.7941787719726563,-10.237799644470215,2.605940103530884,1.7973500490188599,True,204624,1.0,True,,1.0,204624,0.6899792551994324,-0.37109374677114987,0.714800519544185,0.03534197791255689,log-depth Laplacian fallback,,,,0.3965301251773509,0.09823658743062359,0.24727318190926637,0.24693053767988324,0.33436476152125766,0.33380284985650555,0.33380284985650555,0.14496873573625998,1.9376562513581619,0.0,0.9999923146829903,1.0,0.03681959374072631,0.0010617193287574865,0.025943279927568372,0.02318194043497684,0.042024542491819195,-0.03729089699037328,0.03768436226122425,0.016366110584092836,1.9376562473774495,1.0,1.0,1.0,0.03681959374072631,0.0010617193287574865,0.025943279927568372,0.02318194043497684,0.042024542491819195,-0.03729089699037328,0.03768436226122425,0.016366110584092836,1.9376562473774495,1.0,1.0,1.0,0.010094348976289507,8.559002050129623e-05,0.0073156671366373435,0.006305339774043169,0.011753453891222055,-0.006482709002306535,0.010134177530565593,0.004401217380152561,0.9803987064684281,1.0,1.0,1.0,0.016079847581637968,0.00023599766429450672,0.012147947837526672,0.01005374636574603,0.01947432581375894,-0.001948895078532996,0.01611013318782265,0.0069965419461978165,1.9376562488566123,1.0,1.0,1.0,0.011085976148024201,0.25834506191313267,0.07151698414236307,ok,
759xd9YjKW5,b90801209e564a309883d214b02a6195,b90801209e564a309883d214b02a6195_i1_2,1,2,/home/bgao491/Matterport3D/v1/scans/759xd9YjKW5/undistorted_color_images/b90801209e564a309883d214b02a6195_i1_2.jpg,/home/bgao491/Matterport3D/v1/scans/759xd9YjKW5/undistorted_depth_images/b90801209e564a309883d214b02a6195_d1_2.png,1024,1280,406,504,1.4121168655554452,1305293,0.9958595275878906,-10.236300468444824,2.609100103378296,1.7972500324249268,True,203922,0.9965693173821253,True,,1.0,203922,0.9828153252601624,-0.017334044988881196,0.9907003546864984,0.00799088800171228,log-depth Laplacian fallback,,,,0.05211259934215062,0.0038681697077393366,0.07252197102785488,0.05932878303802984,0.05926530564317092,0.00962210685688584,0.051607141756518364,0.022412696891654836,5.8478983512139955,1.0,1.0,1.0,0.05111437024310037,0.004518590655166424,0.08482160223956788,0.06541176679258862,0.058985298963497565,-0.007711938051432976,0.051499785408104994,0.022366072621941614,5.8478983449646655,1.0,1.0,1.0,0.05111437024310037,0.004518590655166424,0.08482160223956788,0.06541176679258862,0.058985298963497565,-0.007711938051432976,0.051499785408104994,0.022366072621941614,5.8478983449646655,1.0,1.0,1.0,0.024490113564352798,0.0011335402705832233,0.0402049502740337,0.029135504869942815,0.03100355922495151,0.002377460605615314,0.02450566740646891,0.010642676129985823,3.091226885370634,1.0,1.0,1.0,0.05124965487684443,0.004131748656885608,0.07863307281997475,0.06220716118099567,0.058479648865558065,0.00027895941449660404,0.05122643179135329,0.022247356654578058,5.847898351616614,1.0,1.0,1.0,0.01700191292911768,0.27283523604273796,0.07134240190498531,ok,
759xd9YjKW5,b90801209e564a309883d214b02a6195,b90801209e564a309883d214b02a6195_i1_3,1,3,/home/bgao491/Matterport3D/v1/scans/759xd9YjKW5/undistorted_color_images/b90801209e564a309883d214b02a6195_i1_3.jpg,/home/bgao491/Matterport3D/v1/scans/759xd9YjKW5/undistorted_depth_images/b90801209e564a309883d214b02a6195_d1_3.png,1024,1280,406,504,1.4121168655554452,1267973,0.9673866271972656,-10.23289966583252,2.609380006790161,1.7971500158309937,True,198894,0.9719974196575182,True,,1.0,198894,1.007228136062622,0.007202138288945457,1.0450910852762083,0.03690190627310022,log-depth Laplacian fallback,,,,0.14466158748174548,0.10023665532123203,0.4316686094559938,0.307469938843342,0.2128494832117824,-0.060718615831566174,0.13955965819495272,0.06060998945037191,20.400527491959984,0.9055468846734118,0.9510360236377273,0.9839736335079691,0.14275780866801366,0.09921456290590622,0.4251325745460477,0.30046341315972935,0.21090795512033333,-0.05351647739069256,0.13662131040257913,0.05933388121823142,20.40052748845775,0.910061176381516,0.9505289150478756,0.9837969735948636,0.14275780866801366,0.09921456290590622,0.4251325745460477,0.30046341315972935,0.21090795512033333,-0.05351647739069256,0.13662131040257913,0.05933388121823142,20.40052748845775,0.910061176381516,0.9505289150478756,0.9837969735948636,0.13424724052448267,0.08849136967092372,0.40123682150028267,0.28136803371482666,0.19916691639164502,-0.04612019869200757,0.12795813606909986,0.05557151240943549,19.37534202474017,0.8951136972159501,0.9595653850673477,0.9847078762718133,0.14225677511699744,0.09720790615132652,0.3990935885537459,0.2807242285639571,0.20468072172383595,-0.016614621294183642,0.13090008965638308,0.056849186618408105,20.400527494317693,0.9141046378747812,0.9463016956985677,0.9827338594749258,0.02510634111240506,0.2759792869910598,0.07472280785441399,ok,
759xd9YjKW5,b90801209e564a309883d214b02a6195,b90801209e564a309883d214b02a6195_i1_4,1,4,/home/bgao491/Matterport3D/v1/scans/759xd9YjKW5/undistorted_color_images/b90801209e564a309883d214b02a6195_i1_4.jpg,/home/bgao491/Matterport3D/v1/scans/759xd9YjKW5/undistorted_depth_images/b90801209e564a309883d214b02a6195_d1_4.png,1024,1280,406,504,1.4121168655554452,1153212,0.8798309326171875,-10.230899810791016,2.606489896774292,1.7971500158309937,True,204624,1.0,True,,1.0,204624,1.1090631484985352,0.10351564858527923,1.0842677073443965,0.022610813563211124,log-depth Laplacian fallback,,,,0.07573826723527885,0.03403185363710524,0.3347273007332319,0.21882694911148917,0.09471635462989268,-0.06371816818109866,0.07761879316097767,0.0337094135618025,7.007983217745902,0.992492273753655,0.9971549030013562,0.9983975192765944,0.04936894516581562,0.037537997466272004,0.37173984508631214,0.15832282060908287,0.08059170136434232,0.039797480426043794,0.04569969945313415,0.01984712729713321,7.0079832195418374,0.988327384730648,0.9960857153758372,0.9978295404487639,0.04936894516581562,0.037537997466272004,0.37173984508631214,0.15832282060908287,0.08059170136434232,0.039797480426043794,0.04569969945313415,0.01984712729713321,7.0079832195418374,0.988327384730648,0.9960857153758372,0.9978295404487639,0.06361728605179298,0.034673324012431526,0.34669079087633176,0.18790698469083958,0.08176506521777542,0.059118081413498294,0.05985277420963007,0.025993729565843598,5.648520461195176,0.9897260867906335,0.9957345223601558,0.9980021019552346,0.04212635477562643,0.031112593785060375,0.3369196779795101,0.12994361044474026,0.07215653322379784,0.017186692805996127,0.03947164649706099,0.017142318265309403,7.007983217209757,0.9893636209127203,0.9965331612921128,0.9979760876577767,0.026979404035955667,0.2636362120974809,0.075039615156129,ok,
759xd9YjKW5,b90801209e564a309883d214b02a6195,b90801209e564a309883d214b02a6195_i1_5,1,5,/home/bgao491/Matterport3D/v1/scans/759xd9YjKW5/undistorted_color_images/b90801209e564a309883d214b02a6195_i1_5.jpg,/home/bgao491/Matterport3D/v1/scans/759xd9YjKW5/undistorted_depth_images/b90801209e564a309883d214b02a6195_d1_5.png,1024,1280,406,504,1.4121168655554452,1136691,0.8672264099121094,-10.232399940490723,2.60332989692688,1.7972500324249268,True,204624,1.0,True,,1.0,204624,0.9970136880874634,-0.0029907798392551127,1.0515443582873356,0.05325068083270061,log-depth Laplacian fallback,,,,0.057005633366311835,0.041442835091709436,0.5128803101852674,0.24090329655463355,0.09134163446195635,-0.0490737421180198,0.058534874291804775,0.025421372903831355,7.703935371429166,0.9888386553601638,0.9922740656871568,0.9945314953668147,0.05963625819996841,0.04237466129417591,0.5172401278736477,0.2517116545387683,0.09298266771381614,-0.05206452207196931,0.06133992278995407,0.0266395899880486,7.703935381735342,0.9889257502698623,0.9922986985909099,0.9945455713118165,0.05963625819996841,0.04237466129417591,0.5172401278736477,0.2517116545387683,0.09298266771381614,-0.05206452207196931,0.06133992278995407,0.0266395899880486,7.703935381735342,0.9889257502698623,0.9922986985909099,0.9945455713118165,0.05184944391693126,0.03953593897837022,0.49976087649522255,0.21243129577002912,0.09027132429735696,-0.043951619282716056,0.05338751367179443,0.023185902590194735,7.884901491347733,0.9890436363092521,0.9923769960349822,0.9945790016811957,0.027663516132959264,0.035987329815899916,0.48286866923924904,0.1253317765575534,0.07704848394937742,0.0011861116974247689,0.027256735057183172,0.01183744963003356,7.703935369626813,0.9877055417875219,0.9917858063449082,0.9942112676180246,0.02318333904258907,0.28469889890402555,0.07499022199772298,ok,
759xd9YjKW5,b90801209e564a309883d214b02a6195,b90801209e564a309883d214b02a6195_i2_0,2,0,/home/bgao491/Matterport3D/v1/scans/759xd9YjKW5/undistorted_color_images/b90801209e564a309883d214b02a6195_i2_0.jpg,/home/bgao491/Matterport3D/v1/scans/759xd9YjKW5/undistorted_depth_images/b90801209e564a309883d214b02a6195_d2_0.png,1024,1280,406,504,1.4165615917841592,1221582,0.9319931030273437,-10.239700317382812,2.5936999320983887,1.830899953842163,True,204624,1.0,True,,1.0,204624,1.0330036878585815,0.03247076017815846,1.0183014218599218,0.014334793676155973,log-depth Laplacian fallback,,,,0.04567603384268599,0.016119407736047156,0.1732193312493183,0.09595866486339681,0.07951507734111488,-0.013842268056730792,0.043756349685305874,0.019003141216557433,7.830095235441961,0.9901955005885811,0.9925350897442824,0.9943196608987362,0.04650494612812427,0.018381209626030327,0.19941785604973972,0.10137114085088583,0.08048639549370502,0.01862849222711526,0.04313438695959803,0.018733026236833015,7.8300952337206,0.9895430679233977,0.9921945477258178,0.9940634357742665,0.04650494612812427,0.018381209626030327,0.19941785604973972,0.10137114085088583,0.08048639549370502,0.01862849222711526,0.04313438695959803,0.018733026236833015,7.8300952337206,0.9895430679233977,0.9921945477258178,0.9940634357742665,0.04264439834250747,0.01803066067638012,0.19864714742777725,0.09796805651427438,0.07840294475616173,0.016748556657787364,0.039368213373661975,0.01709739783057121,7.6593130216218706,0.9896576734103809,0.9922035524426522,0.9940519752255682,0.04404294908299853,0.016801162601049035,0.18383224713594143,0.09500059117424077,0.07841858535907634,0.004293645349687277,0.04131717986887825,0.01794382322485795,7.8300952352636495,0.9898852471631049,0.992343534858896,0.9941690365444154,0.011539092054590583,0.2632148670963943,0.07138366904109716,ok,
759xd9YjKW5,b90801209e564a309883d214b02a6195,b90801209e564a309883d214b02a6195_i2_1,2,1,/home/bgao491/Matterport3D/v1/scans/759xd9YjKW5/undistorted_color_images/b90801209e564a309883d214b02a6195_i2_1.jpg,/home/bgao491/Matterport3D/v1/scans/759xd9YjKW5/undistorted_depth_images/b90801209e564a309883d214b02a6195_d2_1.png,1024,1280,406,504,1.4165615917841592,1017573,0.7763465881347656,-10.247900009155273,2.6056900024414062,1.830899953842163,True,204624,1.0,True,,1.0,204624,0.9189968109130859,-0.08447262680321542,0.9230562240416921,0.004407494923424779,log-depth Laplacian fallback,,,,0.09345195210501515,0.011210130967050097,0.10136212107309417,0.07998950027886155,0.1048426615696252,0.0813394873127887,0.0878080706934177,0.03813456056872194,6.615037028388919,0.997427211610371,0.998473819568719,0.9997317145796911,0.051218540295555705,0.00472660749515015,0.07163634584365908,0.048987757213962646,0.06622452769725862,-0.0031331395516897187,0.05114889306573982,0.022213682013910288,6.615037040920188,0.9975421910762177,0.9989858221474037,1.0,0.051218540295555705,0.00472660749515015,0.07163634584365908,0.048987757213962646,0.06622452769725862,-0.0031331395516897187,0.05114889306573982,0.022213682013910288,6.615037040920188,0.9975421910762177,0.9989858221474037,1.0,0.036335530989476054,0.003083775614760217,0.05858286938867893,0.034707340830641545,0.05154207769366475,0.007840879098797974,0.0359311580059516,0.015604703650378632,5.0942186721201965,0.997540225615263,0.9990487168979523,1.0,0.05128932404254021,0.0047199463322505795,0.07124903625188445,0.04876794807435801,0.0661626445074204,0.0012743780192876653,0.05099389057936884,0.02214636528939811,6.61503702852769,0.9975392428847857,0.9989455301978335,1.0,0.015936687123030424,0.27222857088781893,0.07483405782841146,ok,
759xd9YjKW5,b90801209e564a309883d214b02a6195,b90801209e564a309883d214b02a6195_i2_2,2,2,/home/bgao491/Matterport3D/v1/scans/759xd9YjKW5/undistorted_color_images/b90801209e564a309883d214b02a6195_i2_2.jpg,/home/bgao491/Matterport3D/v1/scans/759xd9YjKW5/undistorted_depth_images/b90801209e564a309883d214b02a6195_d2_2.png,1024,1280,406,504,1.4165615917841592,1213466,0.9258010864257813,-10.241700172424316,2.6188199520111084,1.8304799795150757,True,204624,1.0,True,,1.0,204624,1.0065828561782837,0.006561283800704991,1.02571911875783,0.018832662073906457,log-depth Laplacian fallback,,,,0.03321528883574648,0.0018531837861462143,0.04585251810768014,0.03693394654049423,0.04201632120815295,-0.026226892592040467,0.03396878189839517,0.01475245453544809,3.282562037238986,1.0,1.0,1.0,0.029945659755942725,0.0015272408224608007,0.04134756380694296,0.0328465504273902,0.03826561808900938,-0.019665608833044093,0.030492423729851593,0.013242691365730322,3.282562043525788,1.0,1.0,1.0,0.029945659755942725,0.0015272408224608007,0.04134756380694296,0.0328465504273902,0.03826561808900938,-0.019665608833044093,0.030492423729851593,0.013242691365730322,3.282562043525788,1.0,1.0,1.0,0.02986909533694261,0.0014379376369738146,0.039967510266333314,0.03204786718174915,0.03730459750335689,-0.009330018607649261,0.030212499489415748,0.013121121812758076,3.6119021964449423,1.0,1.0,1.0,0.02583381251131908,0.0010894063772730151,0.03384747665262094,0.02693864607076424,0.03283618550449456,-0.0008329008916640758,0.025868662026242866,0.01123461717221747,3.282562039916754,1.0,1.0,1.0,0.012238475028425455,0.27729103504680097,0.07486720592714846,ok,
759xd9YjKW5,b90801209e564a309883d214b02a6195,b90801209e564a309883d214b02a6195_i2_3,2,3,/home/bgao491/Matterport3D/v1/scans/759xd9YjKW5/undistorted_color_images/b90801209e564a309883d214b02a6195_i2_3.jpg,/home/bgao491/Matterport3D/v1/scans/759xd9YjKW5/undistorted_depth_images/b90801209e564a309883d214b02a6195_d2_3.png,1024,1280,406,504,1.4165615917841592,1131316,0.8631256103515625,-10.22719955444336,2.6199700832366943,1.8300600051879883,True,204624,1.0,True,,1.0,204624,1.043905258178711,0.04296873647155252,1.1000699667050144,0.0524050474054581,log-depth Laplacian fallback,,,,0.15818604582665655,0.07898512581425178,0.2990796477002842,0.18922519832897447,0.21247465654711714,-0.07676794500956162,0.14742861154028128,0.06402743246660217,19.812158462374644,0.877152802576822,0.9634867711585445,0.9734274066662189,0.1292985724987462,0.07905020866043366,0.28547306887752477,0.15057434904491324,0.2009839516214884,-0.033799208440823875,0.11236870315349151,0.0488011077181859,19.812158468516884,0.88555982590187,0.9610515541192735,0.9715755810047767,0.1292985724987462,0.07905020866043366,0.28547306887752477,0.15057434904491324,0.2009839516214884,-0.033799208440823875,0.11236870315349151,0.0488011077181859,19.812158468516884,0.88555982590187,0.9610515541192735,0.9715755810047767,0.12411049947055895,0.07914325569606685,0.2818954033717217,0.14338129664637334,0.19909377873848824,-0.025540028937426344,0.10606051782273042,0.04606149763821329,19.744882793839405,0.891953265047078,0.9609322240647176,0.9711468767347055,0.10428973745650973,0.08536400831165639,0.2816336093757551,0.11458728151008957,0.19899331810955564,0.01860586887547438,0.08137324009830138,0.0353399491492807,19.81215846283273,0.9321144578526247,0.9590839341085956,0.9690316410269103,0.02441053302027285,0.2843139700125903,0.07526025990955532,ok,
759xd9YjKW5,b90801209e564a309883d214b02a6195,b90801209e564a309883d214b02a6195_i2_4,2,4,/home/bgao491/Matterport3D/v1/scans/759xd9YjKW5/undistorted_color_images/b90801209e564a309883d214b02a6195_i2_4.jpg,/home/bgao491/Matterport3D/v1/scans/759xd9YjKW5/undistorted_depth_images/b90801209e564a309883d214b02a6195_d2_4.png,1024,1280,406,504,1.4165615917841592,1153097,0.8797431945800781,-10.218899726867676,2.607990026473999,1.8300600051879883,True,204624,1.0,True,,1.0,204624,1.1128604412078857,0.10693367468112855,1.1854815557038072,0.06321539347890928,log-depth Laplacian fallback,,,,0.19059989411554612,0.08381569092590964,0.39591278446594835,0.36351868843670804,0.2251339597250637,-0.15348541600496565,0.19605152154422284,0.08514409397539248,16.470436210152187,0.8393014637970613,0.9749942979645251,0.9842190206027767,0.10904345137488546,0.053753847414510024,0.23282997988774717,0.16110558911618114,0.17115662880899607,-0.04655174145272234,0.09841813331509948,0.04274245221796629,16.470436227671495,0.9445736134947884,0.9742189945858848,0.980796064858377,0.10904345137488546,0.053753847414510024,0.23282997988774717,0.16110558911618114,0.17115662880899607,-0.04655174145272234,0.09841813331509948,0.04274245221796629,16.470436227671495,0.9445736134947884,0.9742189945858848,0.980796064858377,0.09869113268399321,0.05075525307886855,0.22564887490670388,0.13847817226000553,0.1672208868657948,-0.03350674015808805,0.08829795700210938,0.038347315489346716,16.382955584436317,0.9416068205883806,0.9746239908698054,0.9812036628314877,0.08082505695367448,0.05736719737681763,0.2243580814315718,0.1037084986388827,0.16554517208136726,0.016663645953395086,0.06449627786116523,0.028010377578402922,16.47043621249583,0.9543420891737642,0.9727958705989175,0.9788500013442061,0.029766593128442764,0.27769299503415823,0.0739855149295181,ok,
759xd9YjKW5,b90801209e564a309883d214b02a6195,b90801209e564a309883d214b02a6195_i2_5,2,5,/home/bgao491/Matterport3D/v1/scans/759xd9YjKW5/undistorted_color_images/b90801209e564a309883d214b02a6195_i2_5.jpg,/home/bgao491/Matterport3D/v1/scans/759xd9YjKW5/undistorted_depth_images/b90801209e564a309883d214b02a6195_d2_5.png,1024,1280,406,504,1.4165615917841592,1235531,0.9426353454589844,-10.225199699401855,2.5948500633239746,1.8304699659347534,True,204624,1.0,True,,1.0,204624,1.084959864616394,0.08154299517126988,1.1195205120666174,0.03135748424243989,log-depth Laplacian fallback,,,,0.11560510199053041,0.04186667644794292,0.3301572490599995,0.3101379192236473,0.13539133824577892,-0.09544356388094755,0.11843468024399914,0.05143552809594489,9.602781152190445,0.9882196399766578,0.9907497262310698,0.9938544641939376,0.05573807330082934,0.0176631151090648,0.14990742027573167,0.1060923639835639,0.0970286886646144,-0.013900568672368456,0.051558712282121895,0.022391664238162953,9.602781167224128,0.9847952014154238,0.9899727323717494,0.9924121693425741,0.05573807330082934,0.0176631151090648,0.14990742027573167,0.1060923639835639,0.0970286886646144,-0.013900568672368456,0.051558712282121895,0.022391664238162953,9.602781167224128,0.9847952014154238,0.9899727323717494,0.9924121693425741,0.04941693728406331,0.017673866131326325,0.14339852842606401,0.0864698889775514,0.09782952524851736,-0.001780434051433334,0.04455636798840477,0.019350584751014876,9.781332253296988,0.982789586016053,0.9900067258530948,0.9926379831829392,0.04392593199740309,0.017541413075509635,0.13762940412291547,0.07202491130117158,0.09760166756112729,0.0174569449612154,0.03824873868983091,0.016611216152752982,9.602781150965537,0.9834848336464241,0.9897210187360738,0.992023672412914,0.022106329910457134,0.28165417700074613,0.07491589803248644,ok,
759xd9YjKW5,bbbe225834074bb0a3fb31a3e1e80685,bbbe225834074bb0a3fb31a3e1e80685_i0_0,0,0,/home/bgao491/Matterport3D/v1/scans/759xd9YjKW5/undistorted_color_images/bbbe225834074bb0a3fb31a3e1e80685_i0_0.jpg,/home/bgao491/Matterport3D/v1/scans/759xd9YjKW5/undistorted_depth_images/bbbe225834074bb0a3fb31a3e1e80685_d0_0.png,1024,1280,406,504,1.4155678118069965,1209760,0.9229736328125,-11.794699668884277,-7.980010032653809,1.565940022468567,True,150398,0.7349968723121433,True,,1.0,150398,1.100969672203064,0.09619131167819628,1.256250248065376,0.13193997861200907,log-depth Laplacian fallback,,,,0.19521179730693666,0.06337832436452516,0.31517167938971297,0.2830248333529503,0.23346376139042002,-0.21925569768696537,0.2201606007614784,0.09561453404321486,8.020141466560936,0.46694633646343076,0.999971068641714,1.0,0.11783314536672022,0.028095955364657782,0.21207353709765392,0.1776179639489787,0.14689149039811591,-0.12306438581566864,0.12774931891551852,0.05548082427190845,8.020141454607913,0.8982401468059781,0.9999966935590531,1.0,0.11783314536672022,0.028095955364657782,0.21207353709765392,0.1776179639489787,0.14689149039811591,-0.12306438581566864,0.12774931891551852,0.05548082427190845,8.020141454607913,0.8982401468059781,0.9999966935590531,1.0,0.1095859181042344,0.02748746685640301,0.2118698234797891,0.17040478175220478,0.14361445905549827,-0.11022334479938402,0.11893602772456452,0.051653260540270515,9.206479843588152,0.8684168760745933,1.0,1.0,0.06499366219545037,0.008388153103437525,0.10353443118489716,0.08211442330592746,0.08069103580623917,0.008875603939159567,0.06383492363369483,0.02772315508682914,8.020141466457401,0.9937582661023674,1.0,1.0,0.012131632072851062,0.2760805911384523,0.07632722589187324,ok,
759xd9YjKW5,bbbe225834074bb0a3fb31a3e1e80685,bbbe225834074bb0a3fb31a3e1e80685_i0_1,0,1,/home/bgao491/Matterport3D/v1/scans/759xd9YjKW5/undistorted_color_images/bbbe225834074bb0a3fb31a3e1e80685_i0_1.jpg,/home/bgao491/Matterport3D/v1/scans/759xd9YjKW5/undistorted_depth_images/bbbe225834074bb0a3fb31a3e1e80685_d0_1.png,1024,1280,406,504,1.4155678118069965,1226918,0.9360641479492188,-11.793299674987793,-7.965529918670654,1.5661900043487549,True,134780,0.6586715145828447,True,,1.0,134780,0.9928539991378784,-0.007171655819575189,1.078831791361536,0.0830504368582154,log-depth Laplacian fallback,,,,0.10000256929117146,0.02620821194761075,0.21641751597582679,0.16473235411771023,0.13799267251097255,-0.08291093282430279,0.10799078961503192,0.04689980402618338,11.03075468176338,0.8870405357163234,1.0,1.0,0.10261866996584504,0.027779355202152585,0.22315239513816873,0.16977381524944005,0.14241709055525809,-0.09008258870392921,0.1113332915213632,0.04835143415985415,11.03075468615965,0.87701134061119,1.0,1.0,0.10261866996584504,0.027779355202152585,0.22315239513816873,0.16977381524944005,0.14241709055525809,-0.09008258870392921,0.1113332915213632,0.04835143415985415,11.03075468615965,0.87701134061119,1.0,1.0,0.09371274009959966,0.02491411331618233,0.2116339810952344,0.15782187358399072,0.1328303226648132,-0.08161531208046627,0.10128741696350839,0.04398856627348554,10.479902410445664,0.8866615372828502,1.0,1.0,0.09110634650731389,0.018233307354748304,0.17303344913774657,0.1427673389787619,0.1105314707724125,-0.007032151330258378,0.0920509343554477,0.03997721284460941,11.03075467897869,0.9600755714725842,0.9999184949605434,1.0,0.012139692902565002,0.26522853202186525,0.07639845181256533,ok,
759xd9YjKW5,bbbe225834074bb0a3fb31a3e1e80685,bbbe225834074bb0a3fb31a3e1e80685_i0_4,0,4,/home/bgao491/Matterport3D/v1/scans/759xd9YjKW5/undistorted_color_images/bbbe225834074bb0a3fb31a3e1e80685_i0_4.jpg,/home/bgao491/Matterport3D/v1/scans/759xd9YjKW5/undistorted_depth_images/bbbe225834074bb0a3fb31a3e1e80685_d0_4.png,1024,1280,406,504,1.4155678118069965,1249335,0.9531669616699219,-11.769700050354004,-7.982460021972656,1.5667200088500977,True,57777,0.2823569082805536,True,,1.0,57777,0.9298295974731445,-0.07275393814673262,0.9415818150704863,0.012559902127318369,log-depth Laplacian fallback,,,,0.09209681735614494,0.025208708317540244,0.23445509163883335,0.2107125712345032,0.10422488940262821,0.05952413820546066,0.08744055461918308,0.03797495036567112,8.555527185327213,0.9889621278520173,1.0,1.0,0.06899380821297565,0.017737273971923765,0.2164714887541814,0.17399169289952743,0.08657212117479483,-0.01322979991091014,0.06989772494692019,0.030356196242038714,8.555527195340238,0.9999007471975091,1.0,1.0,0.06899380821297565,0.017737273971923765,0.2164714887541814,0.17399169289952743,0.08657212117479483,-0.01322979991091014,0.06989772494692019,0.030356196242038714,8.555527195340238,0.9999007471975091,1.0,1.0,0.052398272085884455,0.011744096760992919,0.17298076602280366,0.13101553798097335,0.07060409201456894,-0.005626948297508028,0.0525793429522514,0.022834918506261404,7.037950882223383,1.0,1.0,1.0,0.06901276559776053,0.016960783360958426,0.20638853844744912,0.168153721380887,0.08555789470066595,-0.0006699290278938073,0.06905178539710777,0.029988809363531443,8.55552718463791,0.9995117402458108,1.0,1.0,0.019784413976594806,0.2782742059789598,0.07624784507788718,ok,
759xd9YjKW5,bbbe225834074bb0a3fb31a3e1e80685,bbbe225834074bb0a3fb31a3e1e80685_i0_5,0,5,/home/bgao491/Matterport3D/v1/scans/759xd9YjKW5/undistorted_color_images/bbbe225834074bb0a3fb31a3e1e80685_i0_5.jpg,/home/bgao491/Matterport3D/v1/scans/759xd9YjKW5/undistorted_depth_images/bbbe225834074bb0a3fb31a3e1e80685_d0_5.png,1024,1280,406,504,1.4155678118069965,1240463,0.9463981628417969,-11.782899856567383,-7.988470077514648,1.5662000179290771,True,118001,0.576672335600907,True,,1.0,118001,1.0042510032653809,0.004241993276303289,1.0917069066559664,0.08350044752235061,log-depth Laplacian fallback,,,,0.09077885473372388,0.017114424655506125,0.18320199151278402,0.1696730789888456,0.10029594616791304,-0.09483111195645204,0.09557789348164361,0.04150895173101459,3.2654816227009595,0.9996307830221458,0.9999080988308398,1.0,0.08696984114977684,0.015855025571959253,0.17648803456718176,0.16266639343268477,0.09629499175355505,-0.09058911866830056,0.09139187082226406,0.03969098518892409,3.2654816118266443,0.9995928939436324,0.9999959692469667,1.0,0.08696984114977684,0.015855025571959253,0.17648803456718176,0.16266639343268477,0.09629499175355505,-0.09058911866830056,0.09139187082226406,0.03969098518892409,3.2654816118266443,0.9995928939436324,0.9999959692469667,1.0,0.07360438533421858,0.013773885976060152,0.1659331986237554,0.14068837562124656,0.08908661734089357,-0.0764888020989041,0.07737665921917275,0.03360425612699511,4.5671528797681855,0.999608210805159,0.9997887885410528,1.0,0.02450799973399772,0.0021296575161531884,0.06543749593515065,0.04689641005377097,0.033415366723041046,-0.007088702922198803,0.024698781493436465,0.010726544512333604,3.2654816246859037,0.9991325819472245,1.0,1.0,0.012711373856291175,0.2717010169290006,0.07435030397027731,ok,
759xd9YjKW5,bbbe225834074bb0a3fb31a3e1e80685,bbbe225834074bb0a3fb31a3e1e80685_i1_0,1,0,/home/bgao491/Matterport3D/v1/scans/759xd9YjKW5/undistorted_color_images/bbbe225834074bb0a3fb31a3e1e80685_i1_0.jpg,/home/bgao491/Matterport3D/v1/scans/759xd9YjKW5/undistorted_depth_images/bbbe225834074bb0a3fb31a3e1e80685_d1_0.png,1024,1280,406,504,1.4121168655554452,1305865,0.9962959289550781,-11.785799980163574,-7.975910186767578,1.599560022354126,True,204624,1.0,True,,1.0,204624,1.129281997680664,0.1215820304893399,0.942945998964292,0.18032829362694386,log-depth Laplacian fallback,,,,0.07683612826368431,0.013150933480473687,0.13745054448014132,0.0860474617450203,0.10791309517233776,0.025138853768795964,0.07889448865642808,0.03426344107606543,10.494414772089543,0.913152584685247,1.0,1.0,0.19352259283735535,0.0364397552879356,0.19116813131076726,0.18619792067343183,0.18038927909222463,0.14672088420138002,0.1792926053470442,0.07786578914827878,10.494414776717063,0.9991553491363961,1.0,1.0,0.19352259283735535,0.0364397552879356,0.19116813131076726,0.18619792067343183,0.18038927909222463,0.14672088420138002,0.1792926053470442,0.07786578914827878,10.494414776717063,0.9991553491363961,1.0,1.0,0.19308441477451654,0.03553689744282501,0.1859686699689849,0.18328682657331072,0.17889661414367905,0.15254031720123154,0.1779471438217407,0.07728146263222628,9.346363025380542,0.9957621959390902,1.0,1.0,0.04094534050240754,0.013552899870195634,0.14669424344685186,0.056223949960857084,0.11019405988853553,-0.033607390470549156,0.04622760865913751,0.0200763953522464,10.494414771905195,0.913152584685247,1.0,1.0,0.012015796964988112,0.27377867279574275,0.07099742698483169,ok,
759xd9YjKW5,bbbe225834074bb0a3fb31a3e1e80685,bbbe225834074bb0a3fb31a3e1e80685_i1_1,1,1,/home/bgao491/Matterport3D/v1/scans/759xd9YjKW5/undistorted_color_images/bbbe225834074bb0a3fb31a3e1e80685_i1_1.jpg,/home/bgao491/Matterport3D/v1/scans/759xd9YjKW5/undistorted_depth_images/bbbe225834074bb0a3fb31a3e1e80685_d1_1.png,1024,1280,406,504,1.4121168655554452,1044282,0.7967239379882812,-11.785400390625,-7.972430229187012,1.59961998462677,True,204624,1.0,True,,1.0,204624,1.001106858253479,0.0011062461375244497,1.1591546455572033,0.14658473948059936,log-depth Laplacian fallback,,,,0.12492099064989232,0.026502027889151514,0.21588819118310792,0.18827134951073013,0.14296387035770408,-0.11583853917245221,0.13398073070191627,0.05818709202520784,8.378604340847389,0.9979900065308029,0.9996514351487433,1.0,0.12427095400634616,0.02617689646515201,0.21449728425748438,0.18708880903696695,0.14206899769594514,-0.11473229292726796,0.13319286022303728,0.05784492422377626,8.37860433842179,0.9980512926584965,0.999654307935979,1.0,0.12427095400634616,0.02617689646515201,0.21449728425748438,0.18708880903696695,0.14206899769594514,-0.11473229292726796,0.13319286022303728,0.05784492422377626,8.37860433842179,0.9980512926584965,0.999654307935979,1.0,0.12086097127132153,0.024285832735006282,0.21223676010589657,0.17786158152002848,0.13410995034803036,-0.08899925766789737,0.12676771390935596,0.0550545186343234,10.032253444223974,0.9847464573745406,0.9996025977657376,1.0,0.06028516496288657,0.008929431470937844,0.09926699304691024,0.0687640678573332,0.08963637574621856,0.031852453346167396,0.05653231352762083,0.024551671814270294,8.378604342459136,0.9621586889365134,0.9999990424042547,1.0,0.010999511927366257,0.2727823159657419,0.07455642288550735,ok,
759xd9YjKW5,bbbe225834074bb0a3fb31a3e1e80685,bbbe225834074bb0a3fb31a3e1e80685_i1_2,1,2,/home/bgao491/Matterport3D/v1/scans/759xd9YjKW5/undistorted_color_images/bbbe225834074bb0a3fb31a3e1e80685_i1_2.jpg,/home/bgao491/Matterport3D/v1/scans/759xd9YjKW5/undistorted_depth_images/bbbe225834074bb0a3fb31a3e1e80685_d1_2.png,1024,1280,406,504,1.4121168655554452,1162118,0.8866256713867188,-11.78219985961914,-7.970980167388916,1.5997400283813477,True,180716,0.8831613105012119,True,,1.0,180716,0.9645121693611145,-0.03613282944159635,0.9761103604424282,0.011953204703942955,log-depth Laplacian fallback,,,,0.05502067609056249,0.043984473269357574,0.38576513043663474,0.19910702695870094,0.09543229995468307,0.04280513854473819,0.049907598091448506,0.021674594456161364,8.529386841271986,0.9568701285067437,0.9926582326407474,0.996058059508587,0.044974936560028975,0.03542014497780786,0.3510700295143175,0.1722646755558091,0.08555444870910543,0.006672309033209302,0.041539925319781325,0.018040560345054215,8.529386839676288,0.9712111850948011,0.9934559141154341,0.9965089603637496,0.044974936560028975,0.03542014497780786,0.3510700295143175,0.1722646755558091,0.08555444870910543,0.006672309033209302,0.041539925319781325,0.018040560345054215,8.529386839676288,0.9712111850948011,0.9934559141154341,0.9965089603637496,0.05266752202145635,0.039242300747684006,0.3727282029473066,0.2074133138644192,0.08986726071621982,0.0038455572894500693,0.049308846510964094,0.0214145599487261,8.978494438251095,0.97188667587973,0.9933922372771096,0.9964186080931541,0.04325900633119871,0.036852181857256805,0.353345589078291,0.15545091499128008,0.08730379683173234,0.018625492001609477,0.03930049177955157,0.01706798671594337,8.529386841347025,0.9641559635080087,0.9932089512424728,0.9963549312548295,0.0116938769351691,0.28741941205225885,0.0775147161912173,ok,
759xd9YjKW5,bbbe225834074bb0a3fb31a3e1e80685,bbbe225834074bb0a3fb31a3e1e80685_i1_3,1,3,/home/bgao491/Matterport3D/v1/scans/759xd9YjKW5/undistorted_color_images/bbbe225834074bb0a3fb31a3e1e80685_i1_3.jpg,/home/bgao491/Matterport3D/v1/scans/759xd9YjKW5/undistorted_depth_images/bbbe225834074bb0a3fb31a3e1e80685_d1_3.png,1024,1280,406,504,1.4121168655554452,1077206,0.8218429565429688,-11.779399871826172,-7.973020076751709,1.599810004234314,True,92021,0.44970775666588475,True,,1.0,92021,0.9514151811599731,-0.04980473845793726,0.9999584197614606,0.04976315735491578,log-depth Laplacian fallback,,,,0.05770309008904595,0.05425535672553466,0.4261740416418142,0.2384199015128804,0.10253426075612995,0.007382438943254517,0.0532595354068431,0.0231303223359228,10.22681486292539,0.9733189380675562,0.989789325347241,0.9960889560585441,0.07664659618815532,0.06047423148502777,0.5006699453114012,0.3416987713266959,0.11071777520306592,-0.0424222992892792,0.07538247455413549,0.03273819273107334,10.226814884863938,0.9708523717840413,0.9916933251392955,0.9962347034828993,0.07664659618815532,0.06047423148502777,0.5006699453114012,0.3416987713266959,0.11071777520306592,-0.0424222992892792,0.07538247455413549,0.03273819273107334,10.226814884863938,0.9708523717840413,0.9916933251392955,0.9962347034828993,0.07286180154154251,0.06127318931930688,0.4686804156758459,0.3114589551176965,0.10899637439506317,-0.03476150760888807,0.07038747993466145,0.030568894130699336,10.330463310048586,0.9694283173320609,0.9908448337643867,0.9960007649418959,0.057700676738346446,0.05425154746527602,0.4261916708677532,0.2384280862594741,0.1025312736024055,0.007340834092625706,0.05325952273482447,0.023130316832535053,10.226814861605678,0.9733152247573816,0.989789325347241,0.9960889560585441,0.012535964138805866,0.2716038560029119,0.07153692794963717,ok,
759xd9YjKW5,bbbe225834074bb0a3fb31a3e1e80685,bbbe225834074bb0a3fb31a3e1e80685_i1_4,1,4,/home/bgao491/Matterport3D/v1/scans/759xd9YjKW5/undistorted_color_images/bbbe225834074bb0a3fb31a3e1e80685_i1_4.jpg,/home/bgao491/Matterport3D/v1/scans/759xd9YjKW5/undistorted_depth_images/bbbe225834074bb0a3fb31a3e1e80685_d1_4.png,1024,1280,406,504,1.4121168655554452,1297942,0.9902511596679687,-11.77970027923584,-7.976500034332275,1.59975004196167,True,190981,0.9333264915161467,True,,1.0,190981,1.0702272653579712,0.0678710234514669,1.0539696349299692,0.015307383111649614,log-depth Laplacian fallback,,,,0.0525177395710209,0.007853645890395894,0.14675663670144706,0.12707530440700796,0.05928456294862276,-0.05058172797652804,0.054014250778853204,0.023458091057394364,3.0921646122380606,0.9980523012584538,1.0,1.0,0.024048717256417086,0.0033469597091032957,0.09354774813689674,0.059022054846290875,0.035426938065826245,0.01728929553316747,0.023588784043304546,0.010244478744814644,3.092164615098433,0.9964936799949459,1.0,1.0,0.024048717256417086,0.0033469597091032957,0.09354774813689674,0.059022054846290875,0.035426938065826245,0.01728929553316747,0.023588784043304546,0.010244478744814644,3.092164615098433,0.9964936799949459,1.0,1.0,0.038767470316999376,0.005158252494288411,0.10607301137176207,0.07915244483050025,0.04970718548426006,0.01991221092894146,0.038005072908820915,0.01650539344863171,4.554457316396738,0.9968434644999545,1.0,1.0,0.016684350435940538,0.002426549052049868,0.07856475489230211,0.03871461877269294,0.030985095212296053,0.0019818997699349826,0.01652214626457338,0.007175476951902646,3.0921646117517474,0.9968388417972451,1.0,1.0,0.011734669096767902,0.27848906302824616,0.07485114503651857,ok,
759xd9YjKW5,bbbe225834074bb0a3fb31a3e1e80685,bbbe225834074bb0a3fb31a3e1e80685_i1_5,1,5,/home/bgao491/Matterport3D/v1/scans/759xd9YjKW5/undistorted_color_images/bbbe225834074bb0a3fb31a3e1e80685_i1_5.jpg,/home/bgao491/Matterport3D/v1/scans/759xd9YjKW5/undistorted_depth_images/bbbe225834074bb0a3fb31a3e1e80685_d1_5.png,1024,1280,406,504,1.4121168655554452,1300661,0.9923255920410157,-11.782899856567383,-7.977950096130371,1.59961998462677,True,204624,1.0,True,,1.0,204624,0.876484751701355,-0.13183597157610444,0.8848217924340736,0.009466952844074894,log-depth Laplacian fallback,,,,0.12232784347071886,0.07957846263475792,0.3963530940665966,0.24517041164178655,0.15470758876453847,0.08171103734669322,0.10884522652260044,0.04727088126027484,13.136873447310382,0.9774430078244831,0.9851506272579865,0.9904156425079248,0.094911899479019,0.08169252415905699,0.5550874558109551,0.3744373431707263,0.140606733352255,-0.05012493427842781,0.09547927402449387,0.041466121844966175,13.13687345892295,0.9632202395551185,0.9881252686134204,0.9928574778516462,0.094911899479019,0.08169252415905699,0.5550874558109551,0.3744373431707263,0.140606733352255,-0.05012493427842781,0.09547927402449387,0.041466121844966175,13.13687345892295,0.9632202395551185,0.9881252686134204,0.9928574778516462,0.08628671994877478,0.06402814207508752,0.4573104926159287,0.30771021750090205,0.12486153290939908,-0.037262624281095155,0.08453280774263448,0.03671213194241459,11.917172161285112,0.9732366850393761,0.9883436191290429,0.9928474829336775,0.09533879868517212,0.07825097681135505,0.5342178878678319,0.3629574006051978,0.1375166087093845,-0.040658003820020064,0.09500639086685549,0.04126075129901879,13.13687344701973,0.9658827319339935,0.9879299832931102,0.9927052475625855,0.01091369497589767,0.280611690832302,0.07178845698945224,ok,
759xd9YjKW5,bbbe225834074bb0a3fb31a3e1e80685,bbbe225834074bb0a3fb31a3e1e80685_i2_0,2,0,/home/bgao491/Matterport3D/v1/scans/759xd9YjKW5/undistorted_color_images/bbbe225834074bb0a3fb31a3e1e80685_i2_0.jpg,/home/bgao491/Matterport3D/v1/scans/759xd9YjKW5/undistorted_depth_images/bbbe225834074bb0a3fb31a3e1e80685_d2_0.png,1024,1280,406,504,1.4165615917841592,1216572,0.9281707763671875,-11.796899795532227,-7.980949878692627,1.632390022277832,True,204624,1.0,True,,1.0,204624,1.1243301630020142,0.11718744766418535,1.2895086770423982,0.1370738276500321,log-depth Laplacian fallback,,,,0.21542674995168684,0.0610544576945731,0.2914837059419383,0.2838149143899444,0.24551626120684128,-0.24136980786781656,0.24304678793838191,0.10555387884594912,4.493161878721081,0.1755251641497585,0.999942461276439,1.0,0.11936064829941129,0.019334377555062166,0.1609963389095059,0.15341681525825676,0.13206100463095455,-0.12418236018741287,0.12725677668493451,0.055266915899061436,4.4931618738040715,0.995383750406881,1.0,1.0,0.11936064829941129,0.019334377555062166,0.1609963389095059,0.15341681525825676,0.13206100463095455,-0.12418236018741287,0.12725677668493451,0.055266915899061436,4.4931618738040715,0.995383750406881,1.0,1.0,0.13628574640219682,0.025312846305853974,0.18337742771412216,0.17569750827370179,0.15346187332552733,-0.14435168453975247,0.14708585303062474,0.06387857433723301,5.208778873321442,0.9954593727292754,0.9999835603646968,1.0,0.02517761599491612,0.00437404166253172,0.0849535038776113,0.04014573473109464,0.046744419635424375,0.012891485514165585,0.024085348048166214,0.010460133752037843,4.493161880336281,0.994255169443321,0.9989166280335237,1.0,0.01117525389418006,0.2737389849498868,0.07105260784737766,ok,
759xd9YjKW5,bbbe225834074bb0a3fb31a3e1e80685,bbbe225834074bb0a3fb31a3e1e80685_i2_1,2,1,/home/bgao491/Matterport3D/v1/scans/759xd9YjKW5/undistorted_color_images/bbbe225834074bb0a3fb31a3e1e80685_i2_1.jpg,/home/bgao491/Matterport3D/v1/scans/759xd9YjKW5/undistorted_depth_images/bbbe225834074bb0a3fb31a3e1e80685_d2_1.png,1024,1280,406,504,1.4165615917841592,1179739,0.9000694274902343,-11.795499801635742,-7.966469764709473,1.6326500177383423,True,204624,1.0,True,,1.0,204624,0.9800598621368408,-0.020141625369956714,1.0341920882306752,0.053762156185960884,log-depth Laplacian fallback,,,,0.04403259628575029,0.005362951760591304,0.09289314187377357,0.06757903721465167,0.059403508004549556,-0.026957894746403296,0.04456731530666252,0.019355339110925858,5.29343808322004,0.9940800465187639,0.9987819339701408,0.9999788088721319,0.054995454416501915,0.006820077376963849,0.10091850444509717,0.08147550231124168,0.07085487605050857,-0.04709952004360947,0.0565183877173127,0.024545623911697432,5.293438081053337,0.995086201269942,0.9988811084485636,1.0,0.054995454416501915,0.006820077376963849,0.10091850444509717,0.08147550231124168,0.07085487605050857,-0.04709952004360947,0.0565183877173127,0.024545623911697432,5.293438081053337,0.995086201269942,0.9988811084485636,1.0,0.048479822731008794,0.006126017589020056,0.09787123130881786,0.07491248247880081,0.0633714219954742,-0.038173480833736784,0.0493591506565205,0.021436406761558134,5.058381645116156,0.9943682458577703,0.9985768038523776,0.9999508365833459,0.03819216089229974,0.0060896472657179694,0.11173654538448961,0.0711410037116618,0.05335203235964573,0.006662633222773321,0.03738256587131064,0.016235042077295037,5.293438084499981,0.9929687837733601,0.9985166210492321,0.9998389474282023,0.010837153065949678,0.28064565011300147,0.07455941196531057,ok,
759xd9YjKW5,bbbe225834074bb0a3fb31a3e1e80685,bbbe225834074bb0a3fb31a3e1e80685_i2_2,2,2,/home/bgao491/Matterport3D/v1/scans/759xd9YjKW5/undistorted_color_images/bbbe225834074bb0a3fb31a3e1e80685_i2_2.jpg,/home/bgao491/Matterport3D/v1/scans/759xd9YjKW5/undistorted_depth_images/bbbe225834074bb0a3fb31a3e1e80685_d2_2.png,1024,1280,406,504,1.4165615917841592,1239610,0.9457473754882812,-11.782299995422363,-7.960460186004639,1.6331599950790405,True,204624,1.0,True,,1.0,204624,1.0248396396636963,0.024536151242344144,1.0656274104096046,0.03902759221279959,log-depth Laplacian fallback,,,,0.06735177211500261,0.01911795907396388,0.1951854503876072,0.13051589849341197,0.08890344326083584,-0.05003735208092902,0.06761275251305246,0.029363845322708908,7.348527485395836,0.985601923185518,0.9959842208436525,0.9975564895410653,0.05046584390674126,0.017061041708422847,0.1853872795043038,0.09627627024241019,0.0777842970721106,-0.0255012007872587,0.0492916871409708,0.021407107729025092,7.3485274915524865,0.9829276950008471,0.9956429844870565,0.997454037963553,0.05046584390674126,0.017061041708422847,0.1853872795043038,0.09627627024241019,0.0777842970721106,-0.0255012007872587,0.0492916871409708,0.021407107729025092,7.3485274915524865,0.9829276950008471,0.9956429844870565,0.997454037963553,0.058675728210476306,0.02023526787920662,0.2007058311243166,0.10916054871287699,0.09070954810217627,-0.03599560323938818,0.05852055435706033,0.0254151538351906,8.326186800891255,0.9827623204072249,0.9955026177588112,0.9975113140423197,0.03982148682088955,0.019138479962296815,0.20493413031943994,0.08985398427267302,0.0747198102128759,0.013526433896422529,0.03696599496077883,0.016054127629529645,7.3485274880712685,0.9807713716410806,0.994604754721243,0.9971950855511007,0.015736219007521868,0.28339601680636406,0.07520665717311203,ok,
759xd9YjKW5,bbbe225834074bb0a3fb31a3e1e80685,bbbe225834074bb0a3fb31a3e1e80685_i2_3,2,3,/home/bgao491/Matterport3D/v1/scans/759xd9YjKW5/undistorted_color_images/bbbe225834074bb0a3fb31a3e1e80685_i2_3.jpg,/home/bgao491/Matterport3D/v1/scans/759xd9YjKW5/undistorted_depth_images/bbbe225834074bb0a3fb31a3e1e80685_d2_3.png,1024,1280,406,504,1.4165615917841592,1257716,0.9595611572265625,-11.770400047302246,-7.9689202308654785,1.633430004119873,True,182352,0.891156462585034,True,,1.0,182352,1.0431410074234009,0.04223636095878455,1.0757860312676053,0.03081522530714044,log-depth Laplacian fallback,,,,0.07320698924198038,0.015884335500220937,0.19816605824577158,0.1703089556545518,0.08436590356229073,-0.06631260121295915,0.0753101239744574,0.032706771273556645,5.2155964225127605,0.9889188020188977,0.999296343530654,1.0,0.037865285370153844,0.008701326762175254,0.14338855507318304,0.08248407988583553,0.057444842647667506,-0.02407624025090998,0.03764231043103139,0.016347847706286157,5.215596420540743,0.9869191454986659,0.9983668809174726,1.0,0.037865285370153844,0.008701326762175254,0.14338855507318304,0.08248407988583553,0.057444842647667506,-0.02407624025090998,0.03764231043103139,0.016347847706286157,5.215596420540743,0.9869191454986659,0.9983668809174726,1.0,0.039949336381653065,0.010072367168698642,0.1506842324330713,0.08400090121497701,0.06454818589758418,-0.022104333818756604,0.03991657557479556,0.017335548508607846,6.064541803877733,0.9866901589866075,0.9975892808869411,1.0,0.02649724464999574,0.008690710046941216,0.14647352007950273,0.06372738244599667,0.052589524239402115,0.006738950880858904,0.025343613949608667,0.011006591689801322,5.2155964191567135,0.9857400239799764,0.9969778550960631,1.0,0.010819701012223959,0.2784694430883974,0.07601808710023761,ok,
759xd9YjKW5,bbbe225834074bb0a3fb31a3e1e80685,bbbe225834074bb0a3fb31a3e1e80685_i2_4,2,4,/home/bgao491/Matterport3D/v1/scans/759xd9YjKW5/undistorted_color_images/bbbe225834074bb0a3fb31a3e1e80685_i2_4.jpg,/home/bgao491/Matterport3D/v1/scans/759xd9YjKW5/undistorted_depth_images/bbbe225834074bb0a3fb31a3e1e80685_d2_4.png,1024,1280,406,504,1.4165615917841592,1244696,0.949627685546875,-11.77180004119873,-7.983399868011475,1.633180022239685,True,204623,0.9999951129877238,True,,1.0,204623,1.0229648351669312,0.022705112152808436,1.054758162060963,0.030606398223977597,log-depth Laplacian fallback,,,,0.055841188894321624,0.008654189281425502,0.134218993900216,0.109471735271697,0.06860660944662124,-0.048563315827925814,0.05754182890260473,0.024990098771022283,4.846102780129978,0.9965557855090721,0.9999043943260041,1.0,0.0404856981902728,0.005987585673734659,0.1131909997416558,0.0797933604052094,0.0549282979240883,-0.025858203647676666,0.04110761682303256,0.017852811150436326,4.846102781568592,0.9966136309588848,0.9999196590974825,1.0,0.0404856981902728,0.005987585673734659,0.1131909997416558,0.0797933604052094,0.0549282979240883,-0.025858203647676666,0.04110761682303256,0.017852811150436326,4.846102781568592,0.9966136309588848,0.9999196590974825,1.0,0.04792525294420381,0.007780838946219037,0.12547519192671994,0.09217870149763857,0.06615659493249135,-0.03017021804092161,0.049128847768413524,0.021336387488086892,5.887659124325209,0.9963019082571166,0.9999317102328601,1.0,0.033269217639731556,0.00568703317924382,0.1155317152012795,0.07377300570634082,0.04869308808519165,0.004748222095090291,0.03280317800250358,0.014246239195377437,4.846102778736673,0.993014358526098,0.9999951795458489,1.0,0.015710768988355994,0.2827662730123848,0.07167504401877522,ok,
759xd9YjKW5,bbbe225834074bb0a3fb31a3e1e80685,bbbe225834074bb0a3fb31a3e1e80685_i2_5,2,5,/home/bgao491/Matterport3D/v1/scans/759xd9YjKW5/undistorted_color_images/bbbe225834074bb0a3fb31a3e1e80685_i2_5.jpg,/home/bgao491/Matterport3D/v1/scans/759xd9YjKW5/undistorted_depth_images/bbbe225834074bb0a3fb31a3e1e80685_d2_5.png,1024,1280,406,504,1.4165615917841592,1255985,0.9582405090332031,-11.785099983215332,-7.989419937133789,1.6326600313186646,True,204624,1.0,True,,1.0,204624,1.0733673572540283,0.07080076969079023,1.138177904997753,0.058627885075865624,log-depth Laplacian fallback,,,,0.11887682886724778,0.033237825280084114,0.2580529122917566,0.2350014431610221,0.13689844317415342,-0.11590887526242316,0.12582820240891884,0.05464649397399888,7.284446704388016,0.9865945851264147,0.9969163644470276,0.9992181435287841,0.06572764129872352,0.01756080695457873,0.1937765851088794,0.12961095826240676,0.0856799717552865,-0.04510810551272538,0.06627632719164873,0.028783443180147496,7.284446703106232,0.9855491904760009,0.9960954947710363,0.998553326671895,0.06572764129872352,0.01756080695457873,0.1937765851088794,0.12961095826240676,0.0856799717552865,-0.04510810551272538,0.06627632719164873,0.028783443180147496,7.284446703106232,0.9855491904760009,0.9960954947710363,0.998553326671895,0.061842629775809344,0.016212734078267624,0.18427446299830916,0.12001693760367751,0.08308364567762294,-0.04349805511801445,0.06239944124459932,0.02709973300637568,7.078708483922028,0.9860420307567368,0.9961544126721259,0.9986321492692986,0.0427706595660173,0.02013271078280248,0.23284544308708,0.11067703349667456,0.0740884607982682,0.013519750261667645,0.04030058175875782,0.017502320275319384,7.284446702611434,0.9833517120029299,0.9956496295736016,0.9979760904787875,0.016757712932303548,0.283243615180254,0.07460214290767908,ok,
759xd9YjKW5,c742bd01328e48a0acc256a1ce2a48fc,c742bd01328e48a0acc256a1ce2a48fc_i0_0,0,0,/home/bgao491/Matterport3D/v1/scans/759xd9YjKW5/undistorted_color_images/c742bd01328e48a0acc256a1ce2a48fc_i0_0.jpg,/home/bgao491/Matterport3D/v1/scans/759xd9YjKW5/undistorted_depth_images/c742bd01328e48a0acc256a1ce2a48fc_d0_0.png,1024,1280,406,504,1.4155678118069965,1111235,0.8478050231933594,-10.260700225830078,3.5917398929595947,2.522200107574463,True,123840,0.6052076002814919,True,,1.0,123840,0.8371647596359253,-0.17773438242102343,0.7745705066459361,0.077712205798002,log-depth Laplacian fallback,,,,0.28246856235131124,0.06165306685904474,0.21803656967366528,0.18760671638911747,0.2615630581786872,0.23800887779918412,0.24778100638695202,0.10760992379428772,10.847583828927219,0.3594559206648459,0.9924030470602527,0.9992008891008652,0.09649087846872485,0.013290511210705382,0.133852211726544,0.06993794507680874,0.124096826357338,0.06027449549262015,0.09383733604132428,0.040753037239248266,10.8475838346949,0.9924030470602527,0.9924030470602527,0.9924030470602527,0.09649087846872485,0.013290511210705382,0.133852211726544,0.06993794507680874,0.124096826357338,0.06027449549262015,0.09383733604132428,0.040753037239248266,10.8475838346949,0.9924030470602527,0.9924030470602527,0.9924030470602527,0.08719606137153547,0.012123026512896543,0.12730050164921147,0.0638994867393147,0.11690126188895851,0.06976916624164924,0.08406501320552767,0.03650897135628467,9.379855261770288,0.9922149680310646,0.9924030470602527,0.9924030470602527,0.06684094222997153,0.009302664694771326,0.12642242055910022,0.047473459113524775,0.10986846871736597,-0.0174376871273823,0.07022978151160614,0.030500406575761575,10.847583825878623,0.9924030470602527,0.9924030470602527,0.9924030470602527,0.02119026891887188,0.27079166704788804,0.07518155290745199,ok,
759xd9YjKW5,c742bd01328e48a0acc256a1ce2a48fc,c742bd01328e48a0acc256a1ce2a48fc_i0_4,0,4,/home/bgao491/Matterport3D/v1/scans/759xd9YjKW5/undistorted_color_images/c742bd01328e48a0acc256a1ce2a48fc_i0_4.jpg,/home/bgao491/Matterport3D/v1/scans/759xd9YjKW5/undistorted_depth_images/c742bd01328e48a0acc256a1ce2a48fc_d0_4.png,1024,1280,406,504,1.4155678118069965,1157191,0.8828666687011719,-10.237600326538086,3.6018199920654297,2.521899938583374,True,88652,0.4332434123074517,True,,1.0,88652,0.950254499912262,-0.051025435620427106,0.8715271613424459,0.08648281268827027,log-depth Laplacian fallback,,,,0.15352523488560366,0.05017897452663597,0.34585945319953926,0.2522422220491325,0.16458051225000866,0.07723060984635624,0.1422624016078307,0.06178377600058517,14.53347099465064,0.9342390322772991,0.9956195649637787,1.0,0.13947346263329377,0.05117154917702868,0.40192376028227217,0.2981522562821844,0.14767832958431598,0.026205174211734843,0.1356777021332931,0.058924077353802305,14.53347098023954,0.9671514901170161,0.9997390232036025,1.0,0.13947346263329377,0.05117154917702868,0.40192376028227217,0.2981522562821844,0.14767832958431598,0.026205174211734843,0.1356777021332931,0.058924077353802305,14.53347098023954,0.9671514901170161,0.9997390232036025,1.0,0.12176770880237256,0.04797625141413087,0.3931978788934719,0.27678691761560464,0.13525654560141176,0.018632061633625952,0.11900253062757278,0.05168214238407758,13.396708329775468,0.9667773081539695,0.9995290319402761,1.0,0.12118000443037874,0.07568481530353716,0.5467090395179777,0.3771625505578465,0.1573390453815011,-0.06027766827416264,0.12858311729898206,0.055842938308866476,14.533470992502812,0.8007528575662963,0.9998314884923923,0.9999939508689577,0.02400353690609336,0.2802999629639089,0.0747437528334558,ok,
759xd9YjKW5,c742bd01328e48a0acc256a1ce2a48fc,c742bd01328e48a0acc256a1ce2a48fc_i0_5,0,5,/home/bgao491/Matterport3D/v1/scans/759xd9YjKW5/undistorted_color_images/c742bd01328e48a0acc256a1ce2a48fc_i0_5.jpg,/home/bgao491/Matterport3D/v1/scans/759xd9YjKW5/undistorted_depth_images/c742bd01328e48a0acc256a1ce2a48fc_d0_5.png,1024,1280,406,504,1.4155678118069965,1145999,0.8743278503417968,-10.246199607849121,3.5901100635528564,2.5217299461364746,True,151004,0.7379584017515052,True,,1.0,151004,1.1386950016021729,0.12988287125964615,1.122730230112732,0.014119446878993525,log-depth Laplacian fallback,,,,0.12614814543928654,0.014827798504650375,0.101095219031557,0.08184799234743033,0.1647500406873609,-0.11151053234767039,0.137331969716143,0.0596425166366254,12.127644899990365,0.7915216330904302,1.0,1.0,0.10416257414913933,0.010312602573479181,0.08074431625176429,0.06449228578062212,0.12266018060754488,0.01837233886009894,0.10131859924534475,0.0440021085664202,12.127644895644508,0.9464048397947992,1.0,1.0,0.10416257414913933,0.010312602573479181,0.08074431625176429,0.06449228578062212,0.12266018060754488,0.01837233886009894,0.10131859924534475,0.0440021085664202,12.127644895644508,0.9464048397947992,1.0,1.0,0.1023799810257679,0.008758539085820203,0.07408503240607511,0.06287573359398337,0.11369856885967923,0.0291825698501654,0.0991761654786679,0.04307166140370923,10.988968185266275,0.9655863574051984,1.0,1.0,0.10209503626536272,0.009857018253874986,0.07964180755204621,0.06384583865253951,0.12135099652714891,0.004252914351589452,0.10070574745934419,0.043735950417535634,12.12764489818619,0.9561989146587387,1.0,1.0,0.019637411925941706,0.27561888308264315,0.07516529620625079,ok,
759xd9YjKW5,c742bd01328e48a0acc256a1ce2a48fc,c742bd01328e48a0acc256a1ce2a48fc_i1_0,1,0,/home/bgao491/Matterport3D/v1/scans/759xd9YjKW5/undistorted_color_images/c742bd01328e48a0acc256a1ce2a48fc_i1_0.jpg,/home/bgao491/Matterport3D/v1/scans/759xd9YjKW5/undistorted_depth_images/c742bd01328e48a0acc256a1ce2a48fc_d1_0.png,1024,1280,406,504,1.4121168655554452,1245906,0.9505508422851563,-10.253199577331543,3.5994300842285156,2.5555500984191895,True,200102,0.9779009304871373,True,,1.0,200102,0.8885502815246582,-0.11816404151465773,0.8367128526348965,0.060110293180887314,log-depth Laplacian fallback,,,,0.1875958640167406,0.044771243051342204,0.29146508320611497,0.20772542911605024,0.18190825578600317,0.15024175321104086,0.17154798872687363,0.07450234488568248,10.255744300234213,0.8948435917316395,0.9955622655320706,0.9995489226314024,0.0841508922666293,0.029957620592694183,0.3573807286161743,0.1528472026684699,0.10745700853397479,0.0320777117605962,0.08374618566861967,0.03637050631632673,10.255744288580347,0.945988702197437,0.996866537282909,0.9995746067520342,0.0841508922666293,0.029957620592694183,0.3573807286161743,0.1528472026684699,0.10745700853397479,0.0320777117605962,0.08374618566861967,0.03637050631632673,10.255744288580347,0.945988702197437,0.996866537282909,0.9995746067520342,0.062081359698908295,0.020169774941127455,0.28279850617352037,0.11351937723057066,0.084579158032884,0.028553568069861906,0.06131640314233733,0.026629375534872303,7.96136151925745,0.9703011302618335,0.9965398673736221,0.9995256463970797,0.05601451058012454,0.03598408609286202,0.4156017474216041,0.15189746252288922,0.10631959259991616,-0.02803259991714911,0.05963739844451719,0.025900193059519377,10.255744298926919,0.918233799339597,0.9971980229648144,0.9993603048705119,0.012118148850277066,0.2655531500931829,0.07496980903670192,ok,
759xd9YjKW5,c742bd01328e48a0acc256a1ce2a48fc,c742bd01328e48a0acc256a1ce2a48fc_i1_1,1,1,/home/bgao491/Matterport3D/v1/scans/759xd9YjKW5/undistorted_color_images/c742bd01328e48a0acc256a1ce2a48fc_i1_1.jpg,/home/bgao491/Matterport3D/v1/scans/759xd9YjKW5/undistorted_depth_images/c742bd01328e48a0acc256a1ce2a48fc_d1_1.png,1024,1280,406,504,1.4121168655554452,584083,0.4456199645996094,-10.254599571228027,3.6026298999786377,2.5557000637054443,True,178692,0.8732699976542341,True,,1.0,178692,0.7727401256561279,-0.25781247623838205,0.5102249466128425,0.41509110247906505,log-depth Laplacian fallback,,,,0.9976998084049878,0.6094648386283849,0.609530603675925,0.6091154906996735,0.692343889961274,0.6911914803280965,0.6911914803280965,0.30018064584503223,3.992993223840206,0.0,0.0,0.45322839390976966,0.5437028009911112,0.18163330127091235,0.3322491351378679,0.3314544735486946,0.4352146145196414,0.43337900409861463,0.43337900409861463,0.18821411005275507,3.9929932356228957,0.0,0.7013558004598661,1.0,0.5437028009911112,0.18163330127091235,0.3322491351378679,0.3314544735486946,0.4352146145196414,0.43337900409861463,0.43337900409861463,0.18821411005275507,3.9929932356228957,0.0,0.7013558004598661,1.0,0.42434789667585543,0.1122512529784263,0.26132231007423673,0.25875884573060776,0.3558566093771551,0.35252917752807733,0.35252917752807733,0.15310147651033582,4.855003016252905,0.0,0.9850791753911687,1.0,0.03236537984373576,0.001196430541395614,0.026265553681559882,0.01904279782959943,0.043918632022777966,0.018287885471508426,0.03148877682499906,0.013675402016980096,3.9929932177918475,1.0,1.0,1.0,0.012477562995627522,0.27510263584554195,0.07475979183800519,ok,
759xd9YjKW5,c742bd01328e48a0acc256a1ce2a48fc,c742bd01328e48a0acc256a1ce2a48fc_i1_2,1,2,/home/bgao491/Matterport3D/v1/scans/759xd9YjKW5/undistorted_color_images/c742bd01328e48a0acc256a1ce2a48fc_i1_2.jpg,/home/bgao491/Matterport3D/v1/scans/759xd9YjKW5/undistorted_depth_images/c742bd01328e48a0acc256a1ce2a48fc_d1_2.png,1024,1280,406,504,1.4121168655554452,1302144,0.99345703125,-10.2524995803833,3.605449914932251,2.5557401180267334,True,137627,0.6725848385331143,True,,1.0,137627,0.9621603488922119,-0.03857415936633457,0.9521856267857803,0.010421117712242675,log-depth Laplacian fallback,,,,0.1103016816794218,0.02592782349085865,0.18063002676856502,0.10979516642864116,0.1443813972999544,0.08594361302379995,0.10021164415708052,0.04352136407987232,11.601587506329727,0.8217892951931584,0.9953207940135653,0.9996720792784822,0.09774878629861065,0.020237056912054626,0.17141488342408503,0.10699151275025996,0.12531379980137358,0.04736945371771711,0.09161895388814041,0.039789606111367885,11.601587509967674,0.8965452361643567,0.9961233166224319,0.9998932529735575,0.09774878629861065,0.020237056912054626,0.17141488342408503,0.10699151275025996,0.12531379980137358,0.04736945371771711,0.09161895388814041,0.039789606111367885,11.601587509967674,0.8965452361643567,0.9961233166224319,0.9998932529735575,0.06338081011280264,0.01413596380946608,0.1533807240171159,0.07335433698853719,0.095065358675322,0.03476118412761236,0.05995326291086759,0.02603737125428471,8.848210269943776,0.9553943342671778,0.9954720829647105,0.9997611631278875,0.09646352463778257,0.019426952783054948,0.17161421895336793,0.10912298912679193,0.12175739445897182,0.03694834017493185,0.09134515394108793,0.03967069630521757,11.60158750505946,0.9149256917821685,0.9967914454929716,0.9999270433991939,0.013563059037551284,0.28558801184408367,0.07552248192951083,ok,
759xd9YjKW5,c742bd01328e48a0acc256a1ce2a48fc,c742bd01328e48a0acc256a1ce2a48fc_i1_3,1,3,/home/bgao491/Matterport3D/v1/scans/759xd9YjKW5/undistorted_color_images/c742bd01328e48a0acc256a1ce2a48fc_i1_3.jpg,/home/bgao491/Matterport3D/v1/scans/759xd9YjKW5/undistorted_depth_images/c742bd01328e48a0acc256a1ce2a48fc_d1_3.png,1024,1280,406,504,1.4121168655554452,1286687,0.9816642761230469,-10.24899959564209,3.60506010055542,2.5556299686431885,True,161711,0.7902836421925092,True,,1.0,161711,0.9642767310142517,-0.03637696019948936,1.023970711036845,0.06006488390466497,log-depth Laplacian fallback,,,,0.11121135159351517,0.10365434221474273,0.48555458272724855,0.24843470640578408,0.1739214662575456,0.017058482928518404,0.09754928550238005,0.042365116407288565,17.308288357128795,0.896818729030448,0.9515103517794149,0.9836626934133943,0.12727574503031835,0.09722880940384172,0.4804864772349615,0.2911721298470915,0.174157653159466,-0.019318477207066767,0.11792995158510476,0.05121632722452862,17.308288359168532,0.8754032643525581,0.9606322283507955,0.9876535629877352,0.12727574503031835,0.09722880940384172,0.4804864772349615,0.2911721298470915,0.174157653159466,-0.019318477207066767,0.11792995158510476,0.05121632722452862,17.308288359168532,0.8754032643525581,0.9606322283507955,0.9876535629877352,0.11833945326943761,0.09352005755298749,0.4716502731704841,0.27228651286530287,0.1694732276690041,-0.010963252209287393,0.10858414200661037,0.047157493695669996,16.911824856456402,0.8893584842312078,0.9604083976911245,0.9886926657376658,0.10883886467219567,0.11139610932798205,0.4971655371625991,0.2373373131121628,0.1778143841374617,0.04074641848847087,0.0925891125916007,0.04021094068285108,17.308288357474055,0.8942073713342872,0.9458345347392179,0.9817305995941515,0.022981344955042005,0.27081877109594643,0.07611533184535801,ok,
759xd9YjKW5,c742bd01328e48a0acc256a1ce2a48fc,c742bd01328e48a0acc256a1ce2a48fc_i1_4,1,4,/home/bgao491/Matterport3D/v1/scans/759xd9YjKW5/undistorted_color_images/c742bd01328e48a0acc256a1ce2a48fc_i1_4.jpg,/home/bgao491/Matterport3D/v1/scans/759xd9YjKW5/undistorted_depth_images/c742bd01328e48a0acc256a1ce2a48fc_d1_4.png,1024,1280,406,504,1.4121168655554452,1225740,0.9351654052734375,-10.247599601745605,3.6018500328063965,2.5554699897766113,True,204624,1.0,True,,1.0,204624,0.9795814752578735,-0.02062986459959691,1.4027515916117212,0.35906559488466194,log-depth Laplacian fallback,,,,0.2805791422083215,0.1966143251314361,0.725459435792087,0.6800482966553469,0.34082894214703807,-0.3257949825943581,0.3312970534912113,0.14388048220203944,10.010992518931848,0.0725496434806729,0.9617341361136946,0.9970703411816535,0.2945623814309077,0.21619165612660612,0.7633327905914243,0.7161930542352605,0.360599739150745,-0.3464248471914576,0.3512132975365532,0.15252999709117004,10.010992520205274,0.06945192292003198,0.9487844077863168,0.9948121134987844,0.2945623814309077,0.21619165612660612,0.7633327905914243,0.7161930542352605,0.360599739150745,-0.3464248471914576,0.3512132975365532,0.15252999709117004,10.010992520205274,0.06945192292003198,0.9487844077863168,0.9948121134987844,0.2971443404747904,0.21495229933262056,0.7542489172467299,0.7116075001967617,0.36665259285708346,-0.3505343298813635,0.35550492438308245,0.15439382694900552,10.751654488238378,0.06939399872729943,0.8869409499567608,0.9941953432212378,0.05311504722808856,0.05116622269132493,0.46374464967381174,0.1757948130423649,0.10090483211033259,0.012640728756446031,0.0499418353830001,0.021689463522957534,10.01099251808749,0.9542570202489924,0.9861487754336156,0.9985192618336678,0.01723351306281984,0.26829679193906486,0.07141939387656748,ok,
759xd9YjKW5,c742bd01328e48a0acc256a1ce2a48fc,c742bd01328e48a0acc256a1ce2a48fc_i1_5,1,5,/home/bgao491/Matterport3D/v1/scans/759xd9YjKW5/undistorted_color_images/c742bd01328e48a0acc256a1ce2a48fc_i1_5.jpg,/home/bgao491/Matterport3D/v1/scans/759xd9YjKW5/undistorted_depth_images/c742bd01328e48a0acc256a1ce2a48fc_d1_5.png,1024,1280,406,504,1.4121168655554452,1104340,0.8425445556640625,-10.249699592590332,3.5990400314331055,2.5554299354553223,True,204624,1.0,True,,1.0,204624,0.8781983852386475,-0.12988275957330508,1.0266885396395375,0.15622137250743895,log-depth Laplacian fallback,,,,0.13874307502739353,0.05721416806651699,0.42869156479441634,0.27614800481765867,0.168132012391219,0.0373405805867287,0.1328716679845702,0.05770543220697979,16.393307973733382,0.8056495282250031,0.9932973540757375,0.9986208957386312,0.1429263934935658,0.11059687977183731,0.7262252571555814,0.5486952301011236,0.1882501250428662,-0.09254217912864036,0.1552790750314467,0.06743684544119832,16.39330798245961,0.8847519785573283,0.9591439230671713,0.9981237662314142,0.1429263934935658,0.11059687977183731,0.7262252571555814,0.5486952301011236,0.1882501250428662,-0.09254217912864036,0.1552790750314467,0.06743684544119832,16.39330798245961,0.8847519785573283,0.9591439230671713,0.9981237662314142,0.0984318148190035,0.07005048137938268,0.5594145321978038,0.3808599452852527,0.15415680547174865,-0.08015428253632842,0.10686537200322692,0.046411041367539714,13.167995923579637,0.8832841335096075,0.9783544922759295,0.996817103428292,0.13998049138063218,0.05811388626825322,0.4095798231271417,0.2270328815447925,0.17586670746917812,0.06367922871418048,0.1304464338927802,0.05665216642359181,16.39330797197947,0.693977398265027,0.9949879566075666,0.9985756198272271,0.01736200600862503,0.27721311687491834,0.07464111689478159,ok,
759xd9YjKW5,c742bd01328e48a0acc256a1ce2a48fc,c742bd01328e48a0acc256a1ce2a48fc_i2_0,2,0,/home/bgao491/Matterport3D/v1/scans/759xd9YjKW5/undistorted_color_images/c742bd01328e48a0acc256a1ce2a48fc_i2_0.jpg,/home/bgao491/Matterport3D/v1/scans/759xd9YjKW5/undistorted_depth_images/c742bd01328e48a0acc256a1ce2a48fc_d2_0.png,1024,1280,406,504,1.4165615917841592,1195869,0.9123756408691406,-10.25879955291748,3.5893399715423584,2.588629961013794,True,204624,1.0,True,,1.0,204624,1.0275956392288208,0.02722174259805233,1.0213690778530005,0.006077782102382887,log-depth Laplacian fallback,,,,0.047316259762314315,0.014952655524483993,0.20407049255975648,0.11461809968024769,0.07532667721148091,-0.0338927154082695,0.04886165937170322,0.02122034904176703,6.727103494057967,0.9948271926105619,0.9989070709249926,0.999531721283853,0.045482917599079006,0.012816722011455632,0.1929482250577396,0.10261694076109258,0.0676009911912304,-0.006670972740888497,0.04579168025479697,0.019887074051736408,6.727103487183123,0.9945888721925228,0.998860243053378,0.9993862203970502,0.045482917599079006,0.012816722011455632,0.1929482250577396,0.10261694076109258,0.0676009911912304,-0.006670972740888497,0.04579168025479697,0.019887074051736408,6.727103487183123,0.9945888721925228,0.998860243053378,0.9993862203970502,0.04281635964187303,0.012611125978471641,0.1893400764640408,0.09651351422105474,0.06679009935338784,-0.004943364251172058,0.04311683470462916,0.018725403389355064,6.6606910463672255,0.9945997429484333,0.9988418463895293,0.9993477546453666,0.04487192752394374,0.01307314676840947,0.1939568628148689,0.10388937297169426,0.06846840404121372,-0.012748733617880436,0.04545491312308022,0.01974081794474545,6.727103494886351,0.9946373724881237,0.9988669327493229,0.9994021084249195,0.017095601884648204,0.2707491400651634,0.07599010202102363,ok,
759xd9YjKW5,c742bd01328e48a0acc256a1ce2a48fc,c742bd01328e48a0acc256a1ce2a48fc_i2_1,2,1,/home/bgao491/Matterport3D/v1/scans/759xd9YjKW5/undistorted_color_images/c742bd01328e48a0acc256a1ce2a48fc_i2_1.jpg,/home/bgao491/Matterport3D/v1/scans/759xd9YjKW5/undistorted_depth_images/c742bd01328e48a0acc256a1ce2a48fc_d2_1.png,1024,1280,406,504,1.4165615917841592,975782,0.7444625854492187,-10.264599800109863,3.6026699542999268,2.589279890060425,True,204624,1.0,True,,1.0,204624,0.7091061472892761,-0.34375004956679833,0.6566904240972213,0.07679251817759641,log-depth Laplacian fallback,,,,0.512012424672878,0.23746359729294714,0.4306198955282287,0.4145094600213216,0.42942687049475897,0.40235370084759553,0.40235370084759553,0.1747399920514623,15.006310844829954,0.16007673845182632,0.5548308946055573,0.991749181681974,0.14674641944091021,0.02348809253973734,0.13982311313637646,0.12202969422639529,0.1611003552233255,0.058603651305345165,0.13911325214501402,0.06041611776619531,15.006310841363767,0.8152630403102332,1.0,1.0,0.14674641944091021,0.02348809253973734,0.13982311313637646,0.12202969422639529,0.1611003552233255,0.058603651305345165,0.13911325214501402,0.06041611776619531,15.006310841363767,0.8152630403102332,1.0,1.0,0.08467421670830046,0.00855150530530347,0.08719824270771423,0.0729455215803454,0.09887177459734,0.008236347643183217,0.08321702715290479,0.036140695692899634,9.852811979088933,0.9845160086986643,1.0,1.0,0.12516894057014247,0.020091585844932033,0.14231896196582103,0.11483796848831289,0.15116140943316347,-0.018188875079223083,0.12782597013639707,0.05551411347416709,15.006310847497762,0.8576854256381036,1.0,1.0,0.010924038011580706,0.27808566903695464,0.07155785197392106,ok,
759xd9YjKW5,c742bd01328e48a0acc256a1ce2a48fc,c742bd01328e48a0acc256a1ce2a48fc_i2_2,2,2,/home/bgao491/Matterport3D/v1/scans/759xd9YjKW5/undistorted_color_images/c742bd01328e48a0acc256a1ce2a48fc_i2_2.jpg,/home/bgao491/Matterport3D/v1/scans/759xd9YjKW5/undistorted_depth_images/c742bd01328e48a0acc256a1ce2a48fc_d2_2.png,1024,1280,406,504,1.4165615917841592,1223720,0.933624267578125,-10.255999565124512,3.614370107650757,2.589449882507324,True,204624,1.0,True,,1.0,204624,1.0982850790023804,0.09374994418075512,1.1234708222503813,0.02267289772060986,log-depth Laplacian fallback,,,,0.11144511692933873,0.01774272698068317,0.15497792557552917,0.14204001062440758,0.12563836631087408,-0.11897125542996179,0.11897125542996179,0.05166855973833468,4.0383653508371005,1.0,1.0,1.0,0.036882706469239204,0.002827701453173709,0.06235213188034584,0.04823487851199704,0.047612540580808306,-0.025221311152192928,0.037803097043205613,0.016417676444717345,4.038365367724157,1.0,1.0,1.0,0.036882706469239204,0.002827701453173709,0.06235213188034584,0.04823487851199704,0.047612540580808306,-0.025221311152192928,0.037803097043205613,0.016417676444717345,4.038365367724157,1.0,1.0,1.0,0.02291183862200812,0.0008601037576758816,0.033579919442289496,0.028141663924092907,0.026427868695545483,0.00047992535617352147,0.022914886175004024,0.009951808619245363,2.642351065701707,1.0,1.0,1.0,0.03310897932515217,0.002069739176975828,0.052514885313338394,0.04202422109181278,0.04046398476437714,-0.002548448250068147,0.0332527240321903,0.014441474555431906,4.038365355596828,1.0,1.0,1.0,0.01840422279201448,0.26685990719124675,0.07561055407859385,ok,
759xd9YjKW5,c742bd01328e48a0acc256a1ce2a48fc,c742bd01328e48a0acc256a1ce2a48fc_i2_3,2,3,/home/bgao491/Matterport3D/v1/scans/759xd9YjKW5/undistorted_color_images/c742bd01328e48a0acc256a1ce2a48fc_i2_3.jpg,/home/bgao491/Matterport3D/v1/scans/759xd9YjKW5/undistorted_depth_images/c742bd01328e48a0acc256a1ce2a48fc_d2_3.png,1024,1280,406,504,1.4165615917841592,1180254,0.9004623413085937,-10.241499900817871,3.6127400398254395,2.588979959487915,True,204624,1.0,True,,1.0,204624,0.990584135055542,-0.009460474446313672,1.0560516395628787,0.06399755963597445,log-depth Laplacian fallback,,,,0.11278037412275588,0.07867439416075557,0.2798298829567353,0.14667858857132565,0.18625420671136095,-0.02869286561057537,0.0984878472665747,0.04277272860240368,18.403083703752433,0.9348157261064144,0.9729320976671123,0.9810583145661866,0.11802426321357853,0.07837527148888845,0.2829413011936915,0.15743099193713256,0.1879442106746898,-0.038153340086653276,0.10482332591326665,0.04552419201887785,18.40308369984888,0.9351054942410701,0.9718865600116585,0.981379431885001,0.11802426321357853,0.07837527148888845,0.2829413011936915,0.15743099193713256,0.1879442106746898,-0.038153340086653276,0.10482332591326665,0.04552419201887785,18.40308369984888,0.9351054942410701,0.9718865600116585,0.981379431885001,0.10884615426642393,0.07568886865459988,0.27221909409795275,0.13765955450719547,0.18330415702195213,-0.029195439255031225,0.09504772676920036,0.04127870325331171,18.096419620531094,0.9354833790014692,0.9739589952671205,0.9813980719404467,0.09834722462176707,0.08637182269608389,0.2806851123151843,0.11549299509853556,0.1858366791242678,0.02584419341524576,0.07844646853228048,0.03406886840836649,18.403083702100425,0.927036892058828,0.9726431768077041,0.979290898399836,0.018683828879147768,0.2675590789876878,0.07479713601060212,ok,
759xd9YjKW5,c742bd01328e48a0acc256a1ce2a48fc,c742bd01328e48a0acc256a1ce2a48fc_i2_4,2,4,/home/bgao491/Matterport3D/v1/scans/759xd9YjKW5/undistorted_color_images/c742bd01328e48a0acc256a1ce2a48fc_i2_4.jpg,/home/bgao491/Matterport3D/v1/scans/759xd9YjKW5/undistorted_depth_images/c742bd01328e48a0acc256a1ce2a48fc_d2_4.png,1024,1280,406,504,1.4165615917841592,1169128,0.891973876953125,-10.235699653625488,3.5994200706481934,2.588330030441284,True,204624,1.0,True,,1.0,204624,0.9034247398376465,-0.10156247088350695,1.3086471550446572,0.3705563684154647,log-depth Laplacian fallback,,,,0.2593362821585584,0.19073127319350702,0.7216778498945449,0.6758506839652514,0.2990128970380035,-0.2452653664436636,0.2820829408308341,0.12250706464187264,17.103687502499305,0.10591996770242437,0.9794864206485517,0.9857124284081812,0.3253926672117591,0.2908812749096146,0.9330783726441907,0.8741151752882935,0.38670810859801247,-0.34682783724266614,0.3778836528916145,0.16411278525227194,17.103687488090653,0.017570360131653678,0.9242195893007438,0.9891226623603232,0.3253926672117591,0.2908812749096146,0.9330783726441907,0.8741151752882935,0.38670810859801247,-0.34682783724266614,0.3778836528916145,0.16411278525227194,17.103687488090653,0.017570360131653678,0.9242195893007438,0.9891226623603232,0.3148065184704052,0.2683589663414153,0.8896467351090217,0.836600536933688,0.37568803337292755,-0.3358665693465602,0.3649741206927627,0.15850624665435822,16.833046668678314,0.020877098144942215,0.8744483067722268,0.9904313300169015,0.07790936845927039,0.08747979296524727,0.3073874226967301,0.12549889427518834,0.17267500058748658,0.02372853164289345,0.056716451607213496,0.024631641966145635,17.103687501226364,0.966384347992692,0.9752353891105165,0.9790912543365654,0.022067599929869175,0.2581865971442312,0.07142862980253994,ok,
759xd9YjKW5,c742bd01328e48a0acc256a1ce2a48fc,c742bd01328e48a0acc256a1ce2a48fc_i2_5,2,5,/home/bgao491/Matterport3D/v1/scans/759xd9YjKW5/undistorted_color_images/c742bd01328e48a0acc256a1ce2a48fc_i2_5.jpg,/home/bgao491/Matterport3D/v1/scans/759xd9YjKW5/undistorted_depth_images/c742bd01328e48a0acc256a1ce2a48fc_d2_5.png,1024,1280,406,504,1.4165615917841592,1227429,0.9364540100097656,-10.24429988861084,3.5877199172973633,2.5881600379943848,True,204624,1.0,True,,1.0,204624,1.034265398979187,0.03369141527845584,1.1540612212283528,0.10959580272467603,log-depth Laplacian fallback,,,,0.14409965088991772,0.08035581867663324,0.542464798398904,0.5161804269271443,0.16425632276133378,-0.13219424978827765,0.1518869943171952,0.06596368350482844,9.749266582666571,0.9717987761410233,0.9929519344907118,0.9962792145207584,0.11844003897245328,0.05602930253703666,0.4332419800512051,0.40956878842123384,0.13859158818057324,-0.0985028346024213,0.12180423805693115,0.052898908460555276,9.74926658251873,0.9776101102385556,0.992306683319361,0.9957015843686274,0.11844003897245328,0.05602930253703666,0.4332419800512051,0.40956878842123384,0.13859158818057324,-0.0985028346024213,0.12180423805693115,0.052898908460555276,9.74926658251873,0.9776101102385556,0.992306683319361,0.9957015843686274,0.11071230043060826,0.05026337972838139,0.403719189459446,0.3765097789173931,0.13286027320016572,-0.09252061754712307,0.11377119479342739,0.049410202098325536,9.53508653527678,0.9777893466750419,0.9924036339372787,0.9960779808852488,0.04656249816614236,0.024165394910549122,0.19548489456016332,0.10840783579413041,0.09812172740050604,0.011092948294372169,0.04138994615816679,0.017975425222764532,9.74926658072165,0.9695697266399931,0.9893419497176619,0.9943890848269024,0.016497296979650855,0.2681628840509802,0.07483107107691467,ok,
759xd9YjKW5,ca660fbd1a384380a372ad79f760e1d9,ca660fbd1a384380a372ad79f760e1d9_i0_0,0,0,/home/bgao491/Matterport3D/v1/scans/759xd9YjKW5/undistorted_color_images/ca660fbd1a384380a372ad79f760e1d9_i0_0.jpg,/home/bgao491/Matterport3D/v1/scans/759xd9YjKW5/undistorted_depth_images/ca660fbd1a384380a372ad79f760e1d9_d0_0.png,1024,1280,406,504,1.4155678118069965,927519,0.7076408386230468,-10.326499938964844,0.5419920086860657,1.5846400260925293,True,204624,1.0,True,,1.0,204624,0.9999032020568848,-9.680262833847913e-05,1.0022908902850773,0.0023850728250603332,log-depth Laplacian fallback,,,,0.08496549048428693,0.046245969952895566,0.4924167155351364,0.20336023714202675,0.1342656928893369,-0.03963066845221715,0.09109110519271618,0.039560364335665316,12.828361705644326,0.9600655080920175,0.9866277671939874,0.9927300680632958,0.0849588261342901,0.046252323891305513,0.49245331193137626,0.2033235397556758,0.13429429750156724,-0.03972747114154543,0.09109266539869489,0.03956104192451248,12.828361695141405,0.9600655080920175,0.9866277671939874,0.9927300680632958,0.0849588261342901,0.046252323891305513,0.49245331193137626,0.2033235397556758,0.13429429750156724,-0.03972747114154543,0.09109266539869489,0.03956104192451248,12.828361695141405,0.9600655080920175,0.9866277671939874,0.9927300680632958,0.05800634796986355,0.038245251818535685,0.4721168898309814,0.15397097403865012,0.11346615875873055,-0.03866783519808501,0.06304678118518366,0.027380869170487012,10.667411918809165,0.9602315424266241,0.9839636708250721,0.9936809919796791,0.085142289748337,0.04610603529099029,0.49157290588251273,0.20426710666401793,0.13360817527002797,-0.03734244350189243,0.09107328904876236,0.03955262688265734,12.828361708454624,0.9600633518019577,0.9866245327588976,0.9927678031393427,0.010940941981971264,0.26380451605655253,0.07162636495195329,ok,
759xd9YjKW5,ca660fbd1a384380a372ad79f760e1d9,ca660fbd1a384380a372ad79f760e1d9_i0_1,0,1,/home/bgao491/Matterport3D/v1/scans/759xd9YjKW5/undistorted_color_images/ca660fbd1a384380a372ad79f760e1d9_i0_1.jpg,/home/bgao491/Matterport3D/v1/scans/759xd9YjKW5/undistorted_depth_images/ca660fbd1a384380a372ad79f760e1d9_d0_1.png,1024,1280,406,504,1.4155678118069965,621809,0.47440261840820314,-10.333600044250488,0.5546960234642029,1.5849699974060059,True,204624,1.0,True,,1.0,204624,0.9968160390853882,-0.003189040503171356,0.9902633451754989,0.00659532549567125,log-depth Laplacian fallback,,,,0.049357663448822996,0.0058495512627115285,0.09148204292830873,0.07301094777458209,0.06166835941246607,0.005576268382751975,0.04861610602696214,0.021113706579133088,6.141572912168847,0.9949984641586082,0.9977903182488513,0.9998423953336153,0.04899196967993792,0.0056555515984350055,0.08903540064295871,0.07147268722438044,0.06146210726381468,0.002387227965266205,0.04840719475646952,0.02102297756715073,6.141572902726558,0.9950081134238971,0.9977983593032587,0.999895466292704,0.04899196967993792,0.0056555515984350055,0.08903540064295871,0.07147268722438044,0.06146210726381468,0.002387227965266205,0.04840719475646952,0.02102297756715073,6.141572902726558,0.9950081134238971,0.9977983593032587,0.999895466292704,0.048080690364095874,0.005749249297465728,0.08450148222915939,0.06589762966056348,0.06627348558314465,0.006294708581172596,0.04788934345352799,0.020798077603836826,6.59738700942835,0.9947813556896089,0.9977404637115256,0.9999565783062001,0.04856714184167667,0.005356162419920587,0.08474666489406729,0.06873871637577125,0.06155972617279799,-0.004208100002144773,0.04830394731577313,0.02097813777338567,6.141572909965182,0.9950193709000674,0.997809616779429,0.9999501454626742,0.011834004893898964,0.27353477105498314,0.07145135011523962,ok,
759xd9YjKW5,ca660fbd1a384380a372ad79f760e1d9,ca660fbd1a384380a372ad79f760e1d9_i0_2,0,2,/home/bgao491/Matterport3D/v1/scans/759xd9YjKW5/undistorted_color_images/ca660fbd1a384380a372ad79f760e1d9_i0_2.jpg,/home/bgao491/Matterport3D/v1/scans/759xd9YjKW5/undistorted_depth_images/ca660fbd1a384380a372ad79f760e1d9_d0_2.png,1024,1280,406,504,1.4155678118069965,1100629,0.8397132873535156,-10.32610034942627,0.5671870112419128,1.5850800275802612,True,196015,0.9579277113144108,True,,1.0,196015,0.9451643228530884,-0.056396479987895,0.9904387910690566,0.04678926924203685,log-depth Laplacian fallback,,,,0.1021067662748594,0.0370619700827372,0.2949381931062805,0.18216870750896136,0.13104987767261256,0.0020559939082885883,0.09948619148829208,0.04320630398893553,13.103374880944143,0.980677412643134,0.9944322746356856,0.9963012059467813,0.10044411432525634,0.03566657679772092,0.29802510350897865,0.17031925940911563,0.14185461491772264,-0.054340486071417005,0.10347381711951573,0.04493810779647192,13.103374888545897,0.9233274791051299,0.9905617605932607,0.9966410116397079,0.10044411432525634,0.03566657679772092,0.29802510350897865,0.17031925940911563,0.14185461491772264,-0.054340486071417005,0.10347381711951573,0.04493810779647192,13.103374888545897,0.9233274791051299,0.9905617605932607,0.9966410116397079,0.06808719292045745,0.024845168019292686,0.2695029276729437,0.12321652804811602,0.10689541526122226,-0.045637317416931555,0.06863473271712427,0.029807685685951657,9.666366981888999,0.9823137496831358,0.9891171321126374,0.9968109144861711,0.10095947933353472,0.03604567858566891,0.2929133196435188,0.17865227486941207,0.1312511477764079,-0.007551188710554346,0.09931406550963998,0.04313155062621473,13.103374886525248,0.9824745668158844,0.9941778746516764,0.9963548116576976,0.011178601998835802,0.2657996090129018,0.07132034003734589,ok,
759xd9YjKW5,ca660fbd1a384380a372ad79f760e1d9,ca660fbd1a384380a372ad79f760e1d9_i0_3,0,3,/home/bgao491/Matterport3D/v1/scans/759xd9YjKW5/undistorted_color_images/ca660fbd1a384380a372ad79f760e1d9_i0_3.jpg,/home/bgao491/Matterport3D/v1/scans/759xd9YjKW5/undistorted_depth_images/ca660fbd1a384380a372ad79f760e1d9_d0_3.png,1024,1280,406,504,1.4155678118069965,1217708,0.9290374755859375,-10.311599731445312,0.5669749975204468,1.5848599672317505,True,190598,0.9314547658143717,True,,1.0,190598,0.9830553531646729,-0.01708984997815385,1.0213097929117236,0.038175764207088,log-depth Laplacian fallback,,,,0.09243413208372836,0.025820058092224603,0.294149459660661,0.1972144485773914,0.1087291738825785,-0.021335681593623354,0.09384934190420789,0.040758251319249116,10.661529882771754,0.9923043948138635,0.9997873053309989,0.9999384088796329,0.09307535551937902,0.026488481349354383,0.30351236274432764,0.198459109490109,0.11332847592563036,-0.038425531782165734,0.09607397284914959,0.041724396262908484,10.661529891569948,0.990503470454329,0.9997454233691493,0.9999375876646946,0.09307535551937902,0.026488481349354383,0.30351236274432764,0.198459109490109,0.11332847592563036,-0.038425531782165734,0.09607397284914959,0.041724396262908484,10.661529891569948,0.990503470454329,0.9997454233691493,0.9999375876646946,0.0444368329153211,0.014296739115256507,0.27746007361622477,0.12199000859384927,0.06448540424556731,-0.023096223648468306,0.04552026394317483,0.019769199445300385,6.020740663651079,0.9879141797540953,0.999762668882852,0.9999449785991387,0.09364743594452957,0.026715959720159926,0.2903319905425761,0.2017189968427487,0.1066155915478328,-0.00024982567995842633,0.09310408308556767,0.040434589526723956,10.661529884694762,0.9862832468867742,0.9998094781343311,0.9999416937393858,0.011586586013436317,0.269423495978117,0.07462489302270114,ok,
759xd9YjKW5,ca660fbd1a384380a372ad79f760e1d9,ca660fbd1a384380a372ad79f760e1d9_i0_4,0,4,/home/bgao491/Matterport3D/v1/scans/759xd9YjKW5/undistorted_color_images/ca660fbd1a384380a372ad79f760e1d9_i0_4.jpg,/home/bgao491/Matterport3D/v1/scans/759xd9YjKW5/undistorted_depth_images/ca660fbd1a384380a372ad79f760e1d9_d0_4.png,1024,1280,406,504,1.4155678118069965,1240450,0.9463882446289062,-10.304499626159668,0.5542709827423096,1.5845400094985962,True,204624,1.0,True,,1.0,204624,1.2690660953521729,0.23828127197177604,1.2717227111355758,0.002091174791652939,log-depth Laplacian fallback,,,,0.2128833531942558,0.08822027198425379,0.42574186014065585,0.4079488356339561,0.24313384405937455,-0.24011227686181683,0.24011227686181683,0.10427943687831298,3.8212048195856863,0.3007868112378572,1.0,1.0,0.02951812979633288,0.002558503779951061,0.06922988570638113,0.05387193962165823,0.038255891214286644,-0.001831004917527599,0.029493664275266944,0.012808935645855501,3.8212048277883826,1.0,1.0,1.0,0.02951812979633288,0.002558503779951061,0.06922988570638113,0.05387193962165823,0.038255891214286644,-0.001831004917527599,0.029493664275266944,0.012808935645855501,3.8212048277883826,1.0,1.0,1.0,0.02924948846206946,0.0023132945747790347,0.06564793578942538,0.05295825967746796,0.035495617490313984,0.022298658481863312,0.028704082161171627,0.012466024490694394,2.7617181082216007,1.0,1.0,1.0,0.029537712036984267,0.0025741598866619655,0.06942982438837006,0.05397294000086057,0.038212933694559394,0.000260140990214683,0.02945151411630484,0.012790630064406911,3.821204820746989,1.0,1.0,1.0,0.010617107152938843,0.26810297602787614,0.07527580694295466,ok,
759xd9YjKW5,ca660fbd1a384380a372ad79f760e1d9,ca660fbd1a384380a372ad79f760e1d9_i0_5,0,5,/home/bgao491/Matterport3D/v1/scans/759xd9YjKW5/undistorted_color_images/ca660fbd1a384380a372ad79f760e1d9_i0_5.jpg,/home/bgao491/Matterport3D/v1/scans/759xd9YjKW5/undistorted_depth_images/ca660fbd1a384380a372ad79f760e1d9_d0_5.png,1024,1280,406,504,1.4155678118069965,1228784,0.93748779296875,-10.31190013885498,0.5417799949645996,1.5844299793243408,True,204624,1.0,True,,1.0,204624,1.0998951196670532,0.09521482950140486,1.0752682637667852,0.02264465136359166,log-depth Laplacian fallback,,,,0.08689049506107023,0.026831841895804995,0.32816037680854027,0.1755640011851072,0.11117213633370716,-0.08769626750484315,0.09176377219266231,0.03985249990190032,6.83272168518473,0.9871694292894438,0.9925666349822263,0.999514153830128,0.046677251541129706,0.016723376254028102,0.2746550423421937,0.10742006480005406,0.06873963433018747,0.007518561948836942,0.046270306599507594,0.020094938832137765,6.832721678854911,0.9869195887967291,0.9969595958280707,0.9989754098360656,0.046677251541129706,0.016723376254028102,0.2746550423421937,0.10742006480005406,0.06873963433018747,0.007518561948836942,0.046270306599507594,0.020094938832137765,6.832721678854911,0.9869195887967291,0.9969595958280707,0.9989754098360656,0.037688338961704045,0.015195822953810102,0.26960520223333495,0.09646056386736492,0.06098790177916911,0.026189963513691027,0.036911667966842684,0.016030533715844796,5.5078216879063095,0.9862050612638186,0.9968879803122437,0.9990576049167307,0.04290744869001267,0.016068802158356855,0.2762852996423449,0.0936069000843616,0.06998147616391488,-0.015126084891310624,0.04350458878739297,0.01889380284783485,6.832721684615474,0.9866184781051837,0.9968993736897616,0.9990893436112449,0.01134183187969029,0.2754352658521384,0.0750398498494178,ok,
759xd9YjKW5,ca660fbd1a384380a372ad79f760e1d9,ca660fbd1a384380a372ad79f760e1d9_i1_0,1,0,/home/bgao491/Matterport3D/v1/scans/759xd9YjKW5/undistorted_color_images/ca660fbd1a384380a372ad79f760e1d9_i1_0.jpg,/home/bgao491/Matterport3D/v1/scans/759xd9YjKW5/undistorted_depth_images/ca660fbd1a384380a372ad79f760e1d9_d1_0.png,1024,1280,406,504,1.4121168655554452,1130284,0.8623382568359375,-10.320300102233887,0.550898015499115,1.6179699897766113,True,204624,1.0,True,,1.0,204624,1.0091973543167114,0.00915531621643775,0.9854357316324607,0.023826684702429168,log-depth Laplacian fallback,,,,0.03802149712193725,0.057501964263727404,0.42545319309843505,0.13830330662107945,0.09260135331128176,0.019701432994835472,0.03279784918889747,0.014243924921033223,9.048129183997563,0.981219764236245,0.990288281529244,0.9939422304482767,0.04389706653512732,0.05982366236980303,0.430907342390411,0.15139822356002383,0.0949714490932551,0.02885674919016073,0.038299827097013524,0.016633403566081624,9.048129181797142,0.9809623068184633,0.990122836384484,0.9938493334418607,0.04389706653512732,0.05982366236980303,0.430907342390411,0.15139822356002383,0.0949714490932551,0.02885674919016073,0.038299827097013524,0.016633403566081624,9.048129181797142,0.9809623068184633,0.990122836384484,0.9938493334418607,0.04760510924751319,0.05563753641231909,0.42841958952043874,0.17009091720716274,0.0933916154586124,0.020988648112122765,0.04278667697322265,0.018582017708447546,9.100258506435306,0.9815789659943872,0.9910164171128673,0.9942616192036692,0.03333344034028607,0.055087632517208586,0.4237301180420766,0.1320837732413053,0.0906210000375177,0.005030057031666168,0.02862467152311004,0.012431536888779841,9.048129184565155,0.981596660662276,0.9905952840171143,0.9940997129924869,0.013275612844154239,0.2708574030548334,0.07565305987372994,ok,
759xd9YjKW5,ca660fbd1a384380a372ad79f760e1d9,ca660fbd1a384380a372ad79f760e1d9_i1_1,1,1,/home/bgao491/Matterport3D/v1/scans/759xd9YjKW5/undistorted_color_images/ca660fbd1a384380a372ad79f760e1d9_i1_1.jpg,/home/bgao491/Matterport3D/v1/scans/759xd9YjKW5/undistorted_depth_images/ca660fbd1a384380a372ad79f760e1d9_d1_1.png,1024,1280,406,504,1.4121168655554452,201085,0.15341567993164062,-10.321999549865723,0.5539529919624329,1.6180499792099,True,204624,1.0,True,,1.0,204624,0.9659261107444763,-0.03466793760767199,0.9956582752953934,0.030316760245880973,log-depth Laplacian fallback,,,,0.05055537351095056,0.011754248594064869,0.16097928638477618,0.07432177873378303,0.08707367710636163,0.00638158479555675,0.05184412976833127,0.022515619477462376,8.683951070981482,0.9634134818609046,1.0,1.0,0.0548241304807357,0.013606469856967483,0.17712877485213777,0.09207345714152214,0.09133027073606168,-0.028286353175809638,0.057903125752187826,0.025147007999125243,8.68395104588671,0.9634234279036229,0.999766267996121,1.0,0.0548241304807357,0.013606469856967483,0.17712877485213777,0.09207345714152214,0.09133027073606168,-0.028286353175809638,0.057903125752187826,0.025147007999125243,8.68395104588671,0.9634234279036229,0.999766267996121,1.0,0.08866366925281954,0.019167995704975127,0.19174069618662892,0.12544345344100305,0.11597428615132648,-0.0007292684048951309,0.08925613240234549,0.038763445778364686,11.597199323933074,0.9634184548822637,0.9981351169903274,1.0,0.050005307051415614,0.011802284438792372,0.16223871922967073,0.07472367450688644,0.08686324415879934,0.0020304106079957578,0.05151259125557288,0.022371634130833006,8.683951069964712,0.9634184548822637,1.0,1.0,0.01625733613036573,0.2882723337970674,0.07534788502380252,ok,
759xd9YjKW5,ca660fbd1a384380a372ad79f760e1d9,ca660fbd1a384380a372ad79f760e1d9_i1_2,1,2,/home/bgao491/Matterport3D/v1/scans/759xd9YjKW5/undistorted_color_images/ca660fbd1a384380a372ad79f760e1d9_i1_2.jpg,/home/bgao491/Matterport3D/v1/scans/759xd9YjKW5/undistorted_depth_images/ca660fbd1a384380a372ad79f760e1d9_d1_2.png,1024,1280,406,504,1.4121168655554452,1208987,0.9223838806152344,-10.320300102233887,0.556958019733429,1.6180700063705444,True,196246,0.9590566111502072,True,,1.0,196246,0.9537408947944641,-0.04736324317141125,0.9485044349107364,0.005505570736797347,log-depth Laplacian fallback,,,,0.21139765700106336,0.20515468370323395,0.4338447840454914,0.2592615189457428,0.30598670193203004,0.11026065421741742,0.1476210390071927,0.06411100265364852,28.543028902130924,0.9021395598132982,0.9164242460837048,0.9173903441476211,0.18326351221251483,0.1803344229672012,0.43109752517000766,0.23595307438846033,0.29227817950447665,0.0628974111369498,0.12874541838454448,0.05591342477473312,28.543028901418392,0.9001577353602644,0.9164953800164931,0.9173804184825809,0.18326351221251483,0.1803344229672012,0.43109752517000766,0.23595307438846033,0.29227817950447665,0.0628974111369498,0.12874541838454448,0.05591342477473312,28.543028901418392,0.9001577353602644,0.9164953800164931,0.9173804184825809,0.17970098465759002,0.1762918222991729,0.40259538774029074,0.21499525461829597,0.2903258974927543,0.07572796863801057,0.12363957318778519,0.05369598438032833,28.027558138541746,0.9029658714278979,0.9168775181205422,0.9173804184825809,0.18203025703519396,0.1782223451048551,0.4325106274154382,0.2367212462981469,0.2911430486783014,0.05739185400484232,0.1285175187462391,0.055814449219389384,28.543028901569407,0.9001047984800499,0.9163597292609432,0.9173804184825809,0.017958769109100103,0.27569302590563893,0.07410411699675024,ok,
759xd9YjKW5,ca660fbd1a384380a372ad79f760e1d9,ca660fbd1a384380a372ad79f760e1d9_i1_3,1,3,/home/bgao491/Matterport3D/v1/scans/759xd9YjKW5/undistorted_color_images/ca660fbd1a384380a372ad79f760e1d9_i1_3.jpg,/home/bgao491/Matterport3D/v1/scans/759xd9YjKW5/undistorted_depth_images/ca660fbd1a384380a372ad79f760e1d9_d1_3.png,1024,1280,406,504,1.4121168655554452,1275552,0.9731689453125,-10.316800117492676,0.5569069981575012,1.6180200576782227,True,190430,0.9306337477519744,True,,1.0,190430,1.0146323442459106,0.014526324457542532,1.0699744180822213,0.05310841539609084,log-depth Laplacian fallback,,,,0.08448409611755495,0.05598506172296958,0.4536658256676264,0.32275869898274323,0.11733418282587312,-0.043030127011713326,0.083268209378831,0.036162923851190874,10.915914358756776,0.9663212475853591,0.9880757507337999,0.9930845626050525,0.07709615558973469,0.05244568506985026,0.42856524828176856,0.2874494803876551,0.11281925986368918,-0.02850380265063723,0.07470738647204454,0.0324450057022226,10.91591435961466,0.9672016507363087,0.9880075449687664,0.9926706241689872,0.07709615558973469,0.05244568506985026,0.42856524828176856,0.2874494803876551,0.11281925986368918,-0.02850380265063723,0.07470738647204454,0.0324450057022226,10.91591435961466,0.9672016507363087,0.9880075449687664,0.9926706241689872,0.05676301456663773,0.042455205795755756,0.3881910554864266,0.21478916737289885,0.10072089331652313,-0.023078368020774648,0.05441187959682559,0.023630779058885484,9.804125294984821,0.9686386756478764,0.9886127731366499,0.993483605529214,0.06028986271435248,0.05271069005836233,0.3936176158867284,0.1946805887149872,0.11189774706374155,0.024604616903011432,0.054364655730155045,0.023610269994176328,10.915914357028056,0.9688221256365871,0.9880765347081106,0.991261038358295,0.013525207061320543,0.2705678141210228,0.07493205997161567,ok,
759xd9YjKW5,ca660fbd1a384380a372ad79f760e1d9,ca660fbd1a384380a372ad79f760e1d9_i1_4,1,4,/home/bgao491/Matterport3D/v1/scans/759xd9YjKW5/undistorted_color_images/ca660fbd1a384380a372ad79f760e1d9_i1_4.jpg,/home/bgao491/Matterport3D/v1/scans/759xd9YjKW5/undistorted_depth_images/ca660fbd1a384380a372ad79f760e1d9_d1_4.png,1024,1280,406,504,1.4121168655554452,1136348,0.8669647216796875,-10.3149995803833,0.5538510084152222,1.6179399490356445,True,204624,1.0,True,,1.0,204624,1.04263174533844,0.04174804113160651,1.0340645620044855,0.008250827918702353,log-depth Laplacian fallback,,,,0.044592829895723746,0.0363436314156952,0.3876458307083857,0.17628526983686707,0.07219136203215697,-0.023160999284569106,0.0432562065505899,0.018785931812988477,6.8375148001288775,0.98739646657538,0.996679714312869,0.9976318874147708,0.03631788933455642,0.03928053842929451,0.4065203034253939,0.13864806456237158,0.07085646742146649,0.018587041886994508,0.033399560843865375,0.014505244972482645,6.837514789264045,0.9857262035925615,0.9962889889364878,0.9975526863249639,0.03631788933455642,0.03928053842929451,0.4065203034253939,0.13864806456237158,0.07085646742146649,0.018587041886994508,0.033399560843865375,0.014505244972482645,6.837514789264045,0.9857262035925615,0.9962889889364878,0.9975526863249639,0.037564737648528676,0.03619479266672123,0.3826295797750333,0.13894125811663524,0.070815375153067,0.028939958576550344,0.03464181688654897,0.015044749916931114,6.463200566017713,0.9856910031082028,0.9965045919031846,0.9976239673057902,0.035486469041046256,0.03762095342475813,0.3971003966362726,0.13759568656682644,0.06915198891052665,0.010336184243119745,0.032863612670021344,0.014272485637996069,6.8375148011349,0.9862322105552173,0.9963391496266989,0.9975641264823804,0.010744523955509067,0.2714680000208318,0.07450884394347668,ok,
759xd9YjKW5,ca660fbd1a384380a372ad79f760e1d9,ca660fbd1a384380a372ad79f760e1d9_i1_5,1,5,/home/bgao491/Matterport3D/v1/scans/759xd9YjKW5/undistorted_color_images/ca660fbd1a384380a372ad79f760e1d9_i1_5.jpg,/home/bgao491/Matterport3D/v1/scans/759xd9YjKW5/undistorted_depth_images/ca660fbd1a384380a372ad79f760e1d9_d1_5.png,1024,1280,406,504,1.4121168655554452,1210010,0.9231643676757812,-10.316800117492676,0.5508469939231873,1.6179200410842896,True,204624,1.0,True,,1.0,204624,1.0502961874008179,0.04907220763030964,1.0383849213146863,0.011405661844048468,log-depth Laplacian fallback,,,,0.0773150375616011,0.15911217642100664,0.9519222976607482,0.35859199224084387,0.20792174530494945,-0.058560723759473216,0.08513835113897535,0.03697511609799842,19.95046210076923,0.9451905356154081,0.9630969991983538,0.9668291997586796,0.06191039222580111,0.1596780232963785,0.931464918642598,0.2969520987312153,0.1997301322738652,-0.009488516182316342,0.06656902428394991,0.02891055991220302,19.950462099609027,0.9447897124817151,0.962444112032132,0.9660911893290138,0.06191039222580111,0.1596780232963785,0.931464918642598,0.2969520987312153,0.1997301322738652,-0.009488516182316342,0.06656902428394991,0.02891055991220302,19.950462099609027,0.9447897124817151,0.962444112032132,0.9660911893290138,0.05809784149672171,0.1450689551292471,0.8989233762986596,0.2864544882715123,0.18783684628295627,-0.016562889200533403,0.06265990639163554,0.0272128515824616,18.710518839107,0.9530912967661425,0.9630201403294187,0.9667085395988463,0.059395118473648735,0.157880240119242,0.931804246521389,0.28752846720464936,0.20059576455865483,-0.020894184618935004,0.06474217837602,0.02811717081510151,19.95046210191161,0.9441029412980058,0.9626474161370567,0.9662209403228073,0.010154227027669549,0.26786209316924214,0.07464681100100279,ok,
759xd9YjKW5,ca660fbd1a384380a372ad79f760e1d9,ca660fbd1a384380a372ad79f760e1d9_i2_0,2,0,/home/bgao491/Matterport3D/v1/scans/759xd9YjKW5/undistorted_color_images/ca660fbd1a384380a372ad79f760e1d9_i2_0.jpg,/home/bgao491/Matterport3D/v1/scans/759xd9YjKW5/undistorted_depth_images/ca660fbd1a384380a372ad79f760e1d9_d2_0.png,1024,1280,406,504,1.4165615917841592,1197551,0.9136589050292969,-10.325499534606934,0.5408300161361694,1.651129961013794,True,204624,1.0,True,,1.0,204624,1.0482468605041504,0.0471191120765566,1.033697712140483,0.013976726758946394,log-depth Laplacian fallback,,,,0.036671349916030285,0.006039801757603687,0.11923795566790273,0.07816121397197365,0.05340424781208337,-0.03435775729739367,0.037712183511646784,0.01637819319963099,4.088469393144338,0.9925113836487965,0.9995766359846052,0.9999565780497031,0.027772403555646363,0.00535572303972426,0.12380884204672143,0.07214208359662183,0.04283001715647818,0.01276135475361465,0.027487820498977862,0.011937808762253175,4.088469388997075,0.9920003406953023,0.999468081108863,0.9998956203117862,0.027772403555646363,0.00535572303972426,0.12380884204672143,0.07214208359662183,0.04283001715647818,0.01276135475361465,0.027487820498977862,0.011937808762253175,4.088469388997075,0.9920003406953023,0.999468081108863,0.9998956203117862,0.03003810054269266,0.0059574957991450584,0.1304343496491253,0.07875073663993981,0.045436597189298836,0.017466561484786924,0.02966962414917508,0.012885354048130201,4.194524518989914,0.9920688137707705,0.999473926371403,0.9998997954993148,0.02537471235167633,0.004468899607858656,0.11058986630063185,0.06132740936563627,0.0409027541406446,-0.001215360194714538,0.02545694770255373,0.011055811913318747,4.088469390722061,0.9922324811218896,0.9995089979466427,0.999910650986889,0.014593299943953753,0.26735938084311783,0.07462943391874433,ok,
759xd9YjKW5,ca660fbd1a384380a372ad79f760e1d9,ca660fbd1a384380a372ad79f760e1d9_i2_1,2,1,/home/bgao491/Matterport3D/v1/scans/759xd9YjKW5/undistorted_color_images/ca660fbd1a384380a372ad79f760e1d9_i2_1.jpg,/home/bgao491/Matterport3D/v1/scans/759xd9YjKW5/undistorted_depth_images/ca660fbd1a384380a372ad79f760e1d9_d2_1.png,1024,1280,406,504,1.4165615917841592,754424,0.575579833984375,-10.332599639892578,0.5535330176353455,1.6514500379562378,True,204624,1.0,True,,1.0,204624,1.128179669380188,0.12060542175735221,1.218149900119554,0.07672781066348437,log-depth Laplacian fallback,,,,0.18083474815913234,0.06152897684729367,0.3428501818694594,0.3185609074692513,0.20757896941755552,-0.1985455130411601,0.2002739597886608,0.08697787560512917,6.056985880515959,0.7770683329268422,0.9830466687167959,0.9994459349119328,0.07711395324696318,0.015666969012422184,0.17522581437151274,0.1354768826182687,0.09870848800451487,-0.0779400912442858,0.08089328564724983,0.03513150757962412,6.056985868375342,0.9819160047930606,0.9987858286586853,0.9992802455913385,0.07711395324696318,0.015666969012422184,0.17522581437151274,0.1354768826182687,0.09870848800451487,-0.0779400912442858,0.08089328564724983,0.03513150757962412,6.056985868375342,0.9819160047930606,0.9987858286586853,0.9992802455913385,0.0799728211410652,0.016156206070437076,0.1772701846502309,0.13864149156021516,0.10226272727111342,-0.08153238017353416,0.08415307278835635,0.036547215147185855,6.172630210991437,0.9818855179580713,0.9988202920373689,0.9993173599991517,0.03263344398081334,0.0067778209208741586,0.11432574525397696,0.0549468270472873,0.06058198924662264,-0.0012122803715820982,0.03261397128649834,0.01416406776267733,6.056985881920626,0.9810252590055459,0.998674485435246,0.9991450431057336,0.0170204050373286,0.2624308289960027,0.07147294702008367,ok,
759xd9YjKW5,ca660fbd1a384380a372ad79f760e1d9,ca660fbd1a384380a372ad79f760e1d9_i2_2,2,2,/home/bgao491/Matterport3D/v1/scans/759xd9YjKW5/undistorted_color_images/ca660fbd1a384380a372ad79f760e1d9_i2_2.jpg,/home/bgao491/Matterport3D/v1/scans/759xd9YjKW5/undistorted_depth_images/ca660fbd1a384380a372ad79f760e1d9_d2_2.png,1024,1280,406,504,1.4165615917841592,1214873,0.9268745422363281,-10.32509994506836,0.5660250186920166,1.6515599489212036,True,204624,1.0,True,,1.0,204624,0.9868427515029907,-0.013244571893871125,0.9983969751378649,0.011640260812637089,log-depth Laplacian fallback,,,,0.0629297032637079,0.016077567261536467,0.13979735480745725,0.09619933375876596,0.10040650047484861,-0.009815630172826193,0.06197401577822461,0.026914973073868028,9.992556600748419,0.9822812754913477,0.9951237701389364,0.9961921945750708,0.06268821293870368,0.015743292698393994,0.1362749306462221,0.09338117574790838,0.10255189750531671,-0.02306020189526018,0.06256261313444207,0.02717059765773612,9.992556615046432,0.9718917121378119,0.9951632804416594,0.9962456981100082,0.06268821293870368,0.015743292698393994,0.1362749306462221,0.09338117574790838,0.10255189750531671,-0.02306020189526018,0.06256261313444207,0.02717059765773612,9.992556615046432,0.9718917121378119,0.9951632804416594,0.9962456981100082,0.0486187669476183,0.013297817053264714,0.11843985371450856,0.06665403260031748,0.0953627227164526,-0.01980344291267992,0.04819467906816938,0.02093068317640413,9.328382781972046,0.9568465181134159,0.9951287089267767,0.9961987796255246,0.06281715838767213,0.01600125015677619,0.13911615876789218,0.0956741682795698,0.10057600800686521,-0.011419923698266507,0.061962335115102435,0.026909900226329102,9.992556594447082,0.9811577012576623,0.9951295320580834,0.9961963102316045,0.011418133974075317,0.2660531650763005,0.07557223015464842,ok,
759xd9YjKW5,ca660fbd1a384380a372ad79f760e1d9,ca660fbd1a384380a372ad79f760e1d9_i2_3,2,3,/home/bgao491/Matterport3D/v1/scans/759xd9YjKW5/undistorted_color_images/ca660fbd1a384380a372ad79f760e1d9_i2_3.jpg,/home/bgao491/Matterport3D/v1/scans/759xd9YjKW5/undistorted_depth_images/ca660fbd1a384380a372ad79f760e1d9_d2_3.png,1024,1280,406,504,1.4165615917841592,1262433,0.9631599426269531,-10.310600280761719,0.5658130049705505,1.6513400077819824,True,204624,1.0,True,,1.0,204624,1.093469262123108,0.08935545111281505,1.1221358793472334,0.025878453242672975,log-depth Laplacian fallback,,,,0.11157328189855649,0.04015001727196987,0.3081826450086382,0.2649202091379113,0.12947906772609002,-0.10040064590956493,0.11553581551279044,0.050176567139397,8.175903179563447,0.9847841430000641,0.992123146337271,0.9979080077913046,0.04501376176284205,0.023079008160829566,0.21434111776605977,0.09790969542273324,0.08250173080135212,-0.01104519481223745,0.04215375812699475,0.018307144546038198,8.175903165264677,0.9835880399197423,0.9898188656348496,0.9953146028343682,0.04501376176284205,0.023079008160829566,0.21434111776605977,0.09790969542273324,0.08250173080135212,-0.01104519481223745,0.04215375812699475,0.018307144546038198,8.175903165264677,0.9835880399197423,0.9898188656348496,0.9953146028343682,0.037216128819174195,0.02242442583121945,0.20998618848714878,0.0796837488369997,0.07940169934258696,-0.0030795522426176553,0.03405995916349433,0.01479205231855568,7.934195747821933,0.9831064302026326,0.9895321177440703,0.9952227167699197,0.038373920350632515,0.02495837148108156,0.2227536598642672,0.0853555019060164,0.08309371090310107,0.014833256887708908,0.03447077572282499,0.01497046768334748,8.17590318053692,0.9826961113975949,0.989193089851105,0.9946547658370781,0.0120846601203084,0.2662233009468764,0.07493987306952477,ok,
759xd9YjKW5,ca660fbd1a384380a372ad79f760e1d9,ca660fbd1a384380a372ad79f760e1d9_i2_4,2,4,/home/bgao491/Matterport3D/v1/scans/759xd9YjKW5/undistorted_color_images/ca660fbd1a384380a372ad79f760e1d9_i2_4.jpg,/home/bgao491/Matterport3D/v1/scans/759xd9YjKW5/undistorted_depth_images/ca660fbd1a384380a372ad79f760e1d9_d2_4.png,1024,1280,406,504,1.4165615917841592,1268330,0.9676589965820312,-10.303500175476074,0.5531089901924133,1.6510200500488281,True,204624,1.0,True,,1.0,204624,1.0505527257919312,0.04931643118277683,1.10576021666701,0.05121664612212627,log-depth Laplacian fallback,,,,0.09856310647449058,0.024703611046215844,0.2601555124999651,0.2530482068925627,0.10478943597516929,-0.10322627776456544,0.1038057707723718,0.04508227343615497,1.8032234217281184,0.9994063059298448,1.0,1.0,0.05322262958695523,0.007328760637533848,0.13837068130251295,0.1331826993675512,0.05684569490404207,-0.05390984656716001,0.054713566914830696,0.023761800196355307,1.803223425504175,0.9991918507013159,1.0,1.0,0.05322262958695523,0.007328760637533848,0.13837068130251295,0.1331826993675512,0.05684569490404207,-0.05390984656716001,0.054713566914830696,0.023761800196355307,1.803223425504175,0.9991918507013159,1.0,1.0,0.04073210245515368,0.004649405553650332,0.10978516705370224,0.09967081584369718,0.04502400287979648,-0.04065806797268842,0.041611571695821616,0.01807167597081688,1.9341208443325593,0.9990365283483005,1.0,1.0,0.010667695361754426,0.0009707363640349998,0.05223682170081997,0.026421365517754796,0.01823224614109233,-0.0026932004265860614,0.010646835429336868,0.004623861876693038,1.8032234215748553,0.9988748984885637,1.0,1.0,0.011169279227033257,0.28176971105858684,0.07436836208216846,ok,
759xd9YjKW5,ca660fbd1a384380a372ad79f760e1d9,ca660fbd1a384380a372ad79f760e1d9_i2_5,2,5,/home/bgao491/Matterport3D/v1/scans/759xd9YjKW5/undistorted_color_images/ca660fbd1a384380a372ad79f760e1d9_i2_5.jpg,/home/bgao491/Matterport3D/v1/scans/759xd9YjKW5/undistorted_depth_images/ca660fbd1a384380a372ad79f760e1d9_d2_5.png,1024,1280,406,504,1.4165615917841592,1258432,0.960107421875,-10.310999870300293,0.5406180024147034,1.6509100198745728,True,204624,1.0,True,,1.0,204624,1.0182305574417114,0.018066373272964897,1.0164647671383276,0.0017356807433055246,log-depth Laplacian fallback,,,,0.034193700902224414,0.006506272098957671,0.13113879761126015,0.07998022004376167,0.0477288118036498,-0.0146400058723807,0.03420099109125849,0.01485330170655583,4.542807176454752,0.9957168921324314,0.9990853697299497,0.9997465099425317,0.03205451675174626,0.0070489460442763425,0.14306977974172297,0.08226073936223968,0.045557103710916834,0.0034263673376053673,0.031473050607473615,0.013668572207487585,4.542807177720647,0.994617110817271,0.9990384859889132,0.9996765816508163,0.03205451675174626,0.0070489460442763425,0.14306977974172297,0.08226073936223968,0.045557103710916834,0.0034263673376053673,0.031473050607473615,0.013668572207487585,4.542807177720647,0.994617110817271,0.9990384859889132,0.9996765816508163,0.032006786376899674,0.007933395287777397,0.1548553250389843,0.0868098355196172,0.046973980885384986,0.01214796765406362,0.03114121295231714,0.013524456944965405,4.537600425441115,0.9942817728729085,0.9990329235111631,0.9996583049382088,0.031968146473776125,0.0069261804996193655,0.14130608720431892,0.08127886039678396,0.045459519740638464,0.0016906306878462344,0.03144223473048391,0.01365518904215595,4.542807175004031,0.9947323335706657,0.9990416645476276,0.9996797602095306,0.010405116947367787,0.26796928606927395,0.07629417907446623,ok,
759xd9YjKW5,d16ee55e1e434c8abc07c79b08204bf1,d16ee55e1e434c8abc07c79b08204bf1_i0_0,0,0,/home/bgao491/Matterport3D/v1/scans/759xd9YjKW5/undistorted_color_images/d16ee55e1e434c8abc07c79b08204bf1_i0_0.jpg,/home/bgao491/Matterport3D/v1/scans/759xd9YjKW5/undistorted_depth_images/d16ee55e1e434c8abc07c79b08204bf1_d0_0.png,1024,1280,406,504,1.4155678118069965,1228432,0.93721923828125,-5.947710037231445,4.8571600914001465,1.5742599964141846,True,204624,1.0,True,,1.0,204624,0.9858192801475525,-0.014282227032815786,1.009993576144496,0.02422619761278315,log-depth Laplacian fallback,,,,0.04616329142896758,0.008446445912085931,0.10097939817280753,0.06539021626245657,0.06970439860424886,-0.007706524312682756,0.0451938011055437,0.019627418436370704,6.927707173226969,0.9916828933144041,0.9976205439128906,0.9983466728317074,0.04895454382408026,0.008749632402247647,0.10340837787484235,0.06938354413578571,0.07268299558148517,-0.021988751452614128,0.04866100072807855,0.02113320410009464,6.927707164894711,0.9921167797647733,0.9976425231514646,0.9983963296299673,0.04895454382408026,0.008749632402247647,0.10340837787484235,0.06938354413578571,0.07268299558148517,-0.021988751452614128,0.04866100072807855,0.02113320410009464,6.927707164894711,0.9921167797647733,0.9976425231514646,0.9983963296299673,0.036885631877800674,0.0069154296093463154,0.09625333779202631,0.057086881367466626,0.06005368737280773,-0.018447321512334528,0.0361848684187724,0.015714888682668102,5.715016794456064,0.9947087018247652,0.9976864816286127,0.9984712218502937,0.045863892554475025,0.008616532005197169,0.10264929156090992,0.06532754654341999,0.06931319306867378,0.0022374235374477123,0.04443809760718942,0.019299220577080455,6.927707174303285,0.9913450642770621,0.9976107753624133,0.9983100407674174,0.012348135933279991,0.27367941103875637,0.07408500299789011,ok,
759xd9YjKW5,d16ee55e1e434c8abc07c79b08204bf1,d16ee55e1e434c8abc07c79b08204bf1_i0_1,0,1,/home/bgao491/Matterport3D/v1/scans/759xd9YjKW5/undistorted_color_images/d16ee55e1e434c8abc07c79b08204bf1_i0_1.jpg,/home/bgao491/Matterport3D/v1/scans/759xd9YjKW5/undistorted_depth_images/d16ee55e1e434c8abc07c79b08204bf1_d0_1.png,1024,1280,406,504,1.4155678118069965,1231006,0.9391830444335938,-5.939819812774658,4.844930171966553,1.573889970779419,True,204624,1.0,True,,1.0,204624,0.9998264312744141,-0.00017358379038039825,1.0354309588280648,0.034991309184518385,log-depth Laplacian fallback,,,,0.04913007672572523,0.0073673671887419705,0.11785965573738189,0.08977463461263226,0.06567836715205524,-0.0246765370905073,0.04933680559666119,0.021426702425363434,6.086638176350707,0.991550812912366,0.9986133292607835,0.999666939072596,0.04921630835668292,0.007383999642415686,0.1180408787646922,0.08995809628315257,0.06574378243428924,-0.024850120751134876,0.04943157288764243,0.021467859336901474,6.086638175069367,0.9915605610370705,0.9986157662919596,0.999666939072596,0.04921630835668292,0.007383999642415686,0.1180408787646922,0.08995809628315257,0.06574378243428924,-0.024850120751134876,0.04943157288764243,0.021467859336901474,6.086638175069367,0.9915605610370705,0.9986157662919596,0.999666939072596,0.04781390351167007,0.007543799294191794,0.12367282102702068,0.08950700988880748,0.06494340791027184,-0.027398181861693603,0.04800315895905628,0.020847507049842784,5.888111634194381,0.9904541488831086,0.9985694626996131,0.9997522351637603,0.0415395171114266,0.006226252952168171,0.09944093698632475,0.0687814757072447,0.06170542228895092,0.010141139406559741,0.04022575405279679,0.017469823015527016,6.086638178333326,0.9912031297979051,0.9984492358282575,0.9994865987655625,0.01695211697369814,0.2772623240016401,0.07121693901717663,ok,
759xd9YjKW5,d16ee55e1e434c8abc07c79b08204bf1,d16ee55e1e434c8abc07c79b08204bf1_i0_2,0,2,/home/bgao491/Matterport3D/v1/scans/759xd9YjKW5/undistorted_color_images/d16ee55e1e434c8abc07c79b08204bf1_i0_2.jpg,/home/bgao491/Matterport3D/v1/scans/759xd9YjKW5/undistorted_depth_images/d16ee55e1e434c8abc07c79b08204bf1_d0_2.png,1024,1280,406,504,1.4155678118069965,976016,0.74464111328125,-5.946469783782959,4.831999778747559,1.5734699964523315,True,204624,1.0,True,,1.0,204624,0.9695882201194763,-0.030883812957601096,0.8224434824007911,0.16459170015228494,log-depth Laplacian fallback,,,,0.19626521647321757,0.03611887535209737,0.1775417148866705,0.1659704707363532,0.19008069490898163,0.1690286945237068,0.17714904914713084,0.07693485451900683,8.694809373811921,0.709372592252586,0.9966332519139031,0.9993852559794102,0.16359413995741293,0.025817571583003553,0.1499064443999127,0.1373107418954669,0.16322983584486095,0.13814488154826393,0.15003186763994678,0.06515801222566794,8.694809377988904,0.9819552138489533,0.9982438812478484,0.9994702955689251,0.16359413995741293,0.025817571583003553,0.1499064443999127,0.1373107418954669,0.16322983584486095,0.13814488154826393,0.15003186763994678,0.06515801222566794,8.694809377988904,0.9819552138489533,0.9982438812478484,0.9994702955689251,0.18695979968886262,0.03491245005143728,0.16455317026811736,0.14422240715015078,0.193022361642654,0.1574744820438585,0.16701423522051623,0.07253336075556192,11.162177027410912,0.6072984459271159,0.9980738020688186,0.9994784921558663,0.05818322220173415,0.010409901274767845,0.1262154819955331,0.07345646332761734,0.09088126888124513,-0.026446815140124303,0.06086535183739692,0.026433486442081437,8.694809372498783,0.9427027835609252,0.9991024737299389,0.9999631153587646,0.01701536704786122,0.26471716607920825,0.07396043813787401,ok,
759xd9YjKW5,d16ee55e1e434c8abc07c79b08204bf1,d16ee55e1e434c8abc07c79b08204bf1_i0_3,0,3,/home/bgao491/Matterport3D/v1/scans/759xd9YjKW5/undistorted_color_images/d16ee55e1e434c8abc07c79b08204bf1_i0_3.jpg,/home/bgao491/Matterport3D/v1/scans/759xd9YjKW5/undistorted_depth_images/d16ee55e1e434c8abc07c79b08204bf1_d0_3.png,1024,1280,406,504,1.4155678118069965,941188,0.7180694580078125,-5.960999965667725,4.83128023147583,1.5734200477600098,True,204624,1.0,True,,1.0,204624,0.9038659334182739,-0.10107423332889515,0.7991744487758192,0.1231017898312087,log-depth Laplacian fallback,,,,0.24858792988541653,0.0790637006561768,0.3186596879721312,0.2772624206067835,0.22848400620839318,0.21949986349360687,0.21951100562574502,0.0953324184602947,6.344092542929215,0.48839126720697673,0.9945791914049052,0.9956172411887955,0.12857519304398893,0.0266372031158403,0.17885847249076037,0.14426302839280225,0.13434798424330252,0.11842563001229459,0.11845672301830203,0.05144510115119048,6.344092548528729,0.9931788335592889,0.9950870601835128,0.9959901741203671,0.12857519304398893,0.0266372031158403,0.17885847249076037,0.14426302839280225,0.13434798424330252,0.11842563001229459,0.11845672301830203,0.05144510115119048,6.344092548528729,0.9931788335592889,0.9950870601835128,0.9959901741203671,0.1432577619598908,0.02641288466629917,0.15634453664106537,0.13451716569665356,0.15115627922073807,0.13046151936867445,0.13049716190209876,0.05667419731811676,7.634142199274724,0.9903249935188294,0.9952687454578681,0.9960443609565783,0.03135940724482828,0.006127750574072987,0.0697342393577482,0.02966390222775476,0.0636130311387907,-0.004676185669041875,0.029722779132974116,0.012908438964279775,6.344092542084646,0.9945196921337713,0.9956172411887955,0.9965139802037425,0.01093252096325159,0.2641223839018494,0.07185370801016688,ok,
759xd9YjKW5,d16ee55e1e434c8abc07c79b08204bf1,d16ee55e1e434c8abc07c79b08204bf1_i0_4,0,4,/home/bgao491/Matterport3D/v1/scans/759xd9YjKW5/undistorted_color_images/d16ee55e1e434c8abc07c79b08204bf1_i0_4.jpg,/home/bgao491/Matterport3D/v1/scans/759xd9YjKW5/undistorted_depth_images/d16ee55e1e434c8abc07c79b08204bf1_d0_4.png,1024,1280,406,504,1.4155678118069965,1226162,0.9354873657226562,-5.968890190124512,4.843500137329102,1.5737899541854858,True,204624,1.0,True,,1.0,204624,0.8872495889663696,-0.11962895072262118,0.8776205637710451,0.010911987746392446,log-depth Laplacian fallback,,,,0.1235617976550319,0.033064810643330354,0.23997564567510762,0.2097585250892079,0.1294080163505056,0.11429151451326025,0.11472118579037063,0.04982277794615569,6.069501137686647,0.9750644694583587,0.9997047698428103,0.9999942911295571,0.04836635854800881,0.005112211385665263,0.08659505211587128,0.07414890594728323,0.0609292428058513,-0.005337436275354479,0.048763216153195524,0.021177595695188334,6.069501135102383,0.9994005686034961,0.9998792981677788,1.0,0.04836635854800881,0.005112211385665263,0.08659505211587128,0.07414890594728323,0.0609292428058513,-0.005337436275354479,0.048763216153195524,0.021177595695188334,6.069501135102383,0.9994005686034961,0.9998792981677788,1.0,0.023457490625157958,0.0023145616544418264,0.051018299702267914,0.03324446014142773,0.043312993253229085,0.0010430964660572669,0.02285937012689827,0.009927698305895958,4.33004311100567,0.9872276257134049,0.9997349453008656,1.0,0.047369115282715576,0.0051974867871967066,0.08622702733439791,0.07096866720133384,0.06283253664366045,-0.0162494079359454,0.048287461700753355,0.020970978161751794,6.069501135025982,0.9995033282714683,0.99990131809663,1.0,0.01614707405678928,0.27307106903754175,0.07443898101337254,ok,
759xd9YjKW5,d16ee55e1e434c8abc07c79b08204bf1,d16ee55e1e434c8abc07c79b08204bf1_i0_5,0,5,/home/bgao491/Matterport3D/v1/scans/759xd9YjKW5/undistorted_color_images/d16ee55e1e434c8abc07c79b08204bf1_i0_5.jpg,/home/bgao491/Matterport3D/v1/scans/759xd9YjKW5/undistorted_depth_images/d16ee55e1e434c8abc07c79b08204bf1_d0_5.png,1024,1280,406,504,1.4155678118069965,1226612,0.9358306884765625,-5.962240219116211,4.85644006729126,1.5742100477218628,True,204624,1.0,True,,1.0,204624,0.9284685254096985,-0.0742187970841331,0.9760297715959765,0.04995660773426275,log-depth Laplacian fallback,,,,0.06196309051408073,0.008526332363097735,0.10317828858966675,0.07942933255918858,0.07799147222213393,0.03892432249922337,0.05926004389981514,0.02573631006303418,6.758377658397274,0.992646411416161,1.0,1.0,0.06324186499222405,0.00791611299970084,0.10836560354422231,0.09076363090677866,0.07624478200923064,-0.035294474581035525,0.06489250739920724,0.028182457880341665,6.758377651244222,0.9947489507684582,1.0,1.0,0.06324186499222405,0.00791611299970084,0.10836560354422231,0.09076363090677866,0.07624478200923064,-0.035294474581035525,0.06489250739920724,0.028182457880341665,6.758377651244222,0.9947489507684582,1.0,1.0,0.037171508438954906,0.003744975373409872,0.07674357586682014,0.055856290987176926,0.049738520214713894,-0.027278897902071757,0.037782619698549104,0.016408783246928977,4.159064945871665,0.9952959860167682,1.0,1.0,0.056743364351647924,0.0065972172437739635,0.09230468964946478,0.07469542394822923,0.06915594307776313,0.014662114774845497,0.05546359464500499,0.024087533100844414,6.758377655402271,0.993317365230407,1.0,1.0,0.015928909182548523,0.2648743719328195,0.07504929997958243,ok,
759xd9YjKW5,d16ee55e1e434c8abc07c79b08204bf1,d16ee55e1e434c8abc07c79b08204bf1_i1_0,1,0,/home/bgao491/Matterport3D/v1/scans/759xd9YjKW5/undistorted_color_images/d16ee55e1e434c8abc07c79b08204bf1_i1_0.jpg,/home/bgao491/Matterport3D/v1/scans/759xd9YjKW5/undistorted_depth_images/d16ee55e1e434c8abc07c79b08204bf1_d1_0.png,1024,1280,406,504,1.4121168655554452,1233331,0.9409568786621094,-5.95281982421875,4.846290111541748,1.6071699857711792,True,204624,1.0,True,,1.0,204624,0.980179488658905,-0.020019572394982862,0.9646800741463756,0.015939189598177392,log-depth Laplacian fallback,,,,0.09878612079430055,0.1581122004925977,0.42509534392010634,0.1505011270620278,0.16745161591923813,0.050924335277810234,0.07626141226979785,0.03311991053092215,15.952039289845427,0.9779337420368093,0.9877737606530607,0.9891286280811883,0.08912725444473744,0.15065309624229498,0.4232191496179732,0.1447091351578191,0.16248649214421532,0.030904763030244985,0.06847570409471349,0.029738620432773963,15.952039290127312,0.9788953654777185,0.9875913278754852,0.9893605204117953,0.08912725444473744,0.15065309624229498,0.4232191496179732,0.1447091351578191,0.16248649214421532,0.030904763030244985,0.06847570409471349,0.029738620432773963,15.952039290127312,0.9788953654777185,0.9875913278754852,0.9893605204117953,0.07828948498305371,0.14041492787860643,0.40668306931155673,0.12989793414122178,0.15595980130034404,0.03685599955247714,0.05824598974048888,0.025295911937287766,15.154238654129278,0.9794515827462377,0.9876894361692036,0.9894553854561347,0.08532914972994761,0.14611381215921523,0.4256602960432512,0.14989572818851254,0.16022086067455685,0.014965574890659254,0.06606227761449829,0.0286904826299373,15.952039293923468,0.9795083396103722,0.9875394358854193,0.9899880891666551,0.011755265993997455,0.2658761648926884,0.07594347791746259,ok,
759xd9YjKW5,d16ee55e1e434c8abc07c79b08204bf1,d16ee55e1e434c8abc07c79b08204bf1_i1_1,1,1,/home/bgao491/Matterport3D/v1/scans/759xd9YjKW5/undistorted_color_images/d16ee55e1e434c8abc07c79b08204bf1_i1_1.jpg,/home/bgao491/Matterport3D/v1/scans/759xd9YjKW5/undistorted_depth_images/d16ee55e1e434c8abc07c79b08204bf1_d1_1.png,1024,1280,406,504,1.4121168655554452,1085994,0.8285476684570312,-5.950930118560791,4.843349933624268,1.6070799827575684,True,204624,1.0,True,,1.0,204624,1.0144466161727905,0.014343258073964743,0.9978301083839125,0.016515507316010977,log-depth Laplacian fallback,,,,0.037572184928553694,0.017209094004429236,0.21639715449559185,0.11081200065760008,0.07510096796618575,0.004754397025555484,0.03637679768056744,0.015798242501981447,7.495032420464535,0.9674114221625534,0.9966565192809537,0.9992044154940083,0.04244879073621189,0.018708585323603134,0.22498241576657171,0.12505898130210352,0.07734514534023591,0.019097654915412123,0.04068664315425351,0.01766998460905902,7.495032411160109,0.9683745950714276,0.9954778755683733,0.9990957592767548,0.04244879073621189,0.018708585323603134,0.22498241576657171,0.12505898130210352,0.07734514534023591,0.019097654915412123,0.04068664315425351,0.01766998460905902,7.495032411160109,0.9683745950714276,0.9954778755683733,0.9990957592767548,0.08622512952078572,0.036116241401985466,0.31741668131352724,0.2476820748831476,0.10684121233363454,0.03623461596750102,0.08191310646603879,0.03557441013375424,10.050918992116342,0.9805615868964285,0.989979686812266,0.9987366412705779,0.0374070091067436,0.017113591629743533,0.2163970105522617,0.11094784271066861,0.07499478985092028,0.002582132262773421,0.036293028535564056,0.015761862024552722,7.49503242005079,0.9673893225929425,0.9967946415910217,0.9992265150636191,0.010966634843498468,0.27536034397780895,0.07448002998717129,ok,
759xd9YjKW5,d16ee55e1e434c8abc07c79b08204bf1,d16ee55e1e434c8abc07c79b08204bf1_i1_2,1,2,/home/bgao491/Matterport3D/v1/scans/759xd9YjKW5/undistorted_color_images/d16ee55e1e434c8abc07c79b08204bf1_i1_2.jpg,/home/bgao491/Matterport3D/v1/scans/759xd9YjKW5/undistorted_depth_images/d16ee55e1e434c8abc07c79b08204bf1_d1_2.png,1024,1280,406,504,1.4121168655554452,579159,0.4418632507324219,-5.9525299072265625,4.840240001678467,1.6069799661636353,True,204624,1.0,True,,1.0,204624,1.1375834941864014,0.12890627063176208,0.8361356596679421,0.3078706773638536,log-depth Laplacian fallback,,,,0.17951069825173713,0.03137260534932681,0.16286141820960753,0.14351648081510043,0.17862649251004542,0.13067363230157075,0.1643019596166536,0.0713554344274036,12.178598296830055,0.9660214207152095,0.9933766029708595,0.9974445704892784,0.3098614680731405,0.08696080264666395,0.26432577856898254,0.23810379704446824,0.28672905612050537,0.2595799029522195,0.2637554941350431,0.1145475556745147,12.178598280209517,0.22485707724476353,0.9862334868317681,0.9963188001913119,0.3098614680731405,0.08696080264666395,0.26432577856898254,0.23810379704446824,0.28672905612050537,0.2595799029522195,0.2637554941350431,0.1145475556745147,12.178598280209517,0.22485707724476353,0.9862334868317681,0.9963188001913119,0.28952450051651996,0.07509724978500525,0.24151958116286262,0.22050346767046589,0.27058122327635387,0.24482731339860306,0.2486850437327552,0.10800254222500444,11.521191346275902,0.24884358181432042,0.9868568044353968,0.9964448450252866,0.0663096417060984,0.021053034726319305,0.1769673139951626,0.09163345171737611,0.13101076887179183,-0.0482907435747768,0.07190873986611249,0.031229568924469032,12.178598295934231,0.8444244154023334,0.995341521067617,0.9984960952001091,0.01016627298668027,0.26362566696479917,0.07456673914566636,ok,
759xd9YjKW5,d16ee55e1e434c8abc07c79b08204bf1,d16ee55e1e434c8abc07c79b08204bf1_i1_3,1,3,/home/bgao491/Matterport3D/v1/scans/759xd9YjKW5/undistorted_color_images/d16ee55e1e434c8abc07c79b08204bf1_i1_3.jpg,/home/bgao491/Matterport3D/v1/scans/759xd9YjKW5/undistorted_depth_images/d16ee55e1e434c8abc07c79b08204bf1_d1_3.png,1024,1280,406,504,1.4121168655554452,454743,0.3469413757324219,-5.956019878387451,4.840060234069824,1.606969952583313,True,204624,1.0,True,,1.0,204624,1.0513224601745605,0.05004885756297189,0.9539280744184471,0.0972158616304249,log-depth Laplacian fallback,,,,0.14382720628659737,0.06894149566270161,0.2166697826612546,0.1209663503573871,0.20817766471022764,0.11456033759329175,0.11543349443182105,0.05013212965854962,17.382137134056613,0.7675236342285643,0.9822031345177386,0.9840481326815366,0.20166916681687155,0.09280545222399392,0.26686552785106027,0.1981785125732401,0.23939518817725883,0.16460919497501328,0.16465398105830337,0.07150831539702367,17.382137110293208,0.7670112569077479,0.9814950422546361,0.9835291582278342,0.20166916681687155,0.09280545222399392,0.26686552785106027,0.1981785125732401,0.23939518817725883,0.16460919497501328,0.16465398105830337,0.07150831539702367,17.382137110293208,0.7670112569077479,0.9814950422546361,0.9835291582278342,0.20400256125954178,0.0952504012546992,0.261958846474084,0.18339736938200785,0.25176774521954953,0.1631488429215401,0.16345562723255208,0.07098787694313226,19.175362470185185,0.7674092839252061,0.9485423634888277,0.983603925733876,0.11483201954903566,0.05525216840103977,0.19107553648400405,0.09129152487128067,0.1864288806657702,0.06739331140904418,0.09234516207414258,0.04010499431926157,17.382137130863853,0.7898967108894475,0.9827462984586899,0.9844879415406065,0.010912820929661393,0.27412255899980664,0.0712765590287745,ok,
759xd9YjKW5,d16ee55e1e434c8abc07c79b08204bf1,d16ee55e1e434c8abc07c79b08204bf1_i1_4,1,4,/home/bgao491/Matterport3D/v1/scans/759xd9YjKW5/undistorted_color_images/d16ee55e1e434c8abc07c79b08204bf1_i1_4.jpg,/home/bgao491/Matterport3D/v1/scans/759xd9YjKW5/undistorted_depth_images/d16ee55e1e434c8abc07c79b08204bf1_d1_4.png,1024,1280,406,504,1.4121168655554452,1305865,0.9962959289550781,-5.957920074462891,4.8429999351501465,1.6070599555969238,True,204624,1.0,True,,1.0,204624,0.9945522546768188,-0.005462638401493002,1.0197793539738327,0.02504892266370871,log-depth Laplacian fallback,,,,0.026764839757901983,0.0018495202455614318,0.05375164015529746,0.042541641191672266,0.03539058973927372,-0.02546318426981031,0.027356656959755563,0.011880845160942021,2.457885450820016,1.0,1.0,1.0,0.030995820113663097,0.0023050898868605158,0.06015150862370586,0.04946098327171152,0.039503500975284093,-0.030925822581792706,0.031745018819646524,0.013786686501287367,2.4578854467687297,1.0,1.0,1.0,0.030995820113663097,0.0023050898868605158,0.06015150862370586,0.04946098327171152,0.039503500975284093,-0.030925822581792706,0.031745018819646524,0.013786686501287367,2.4578854467687297,1.0,1.0,1.0,0.032663386891064024,0.001985939190158341,0.05718542339725015,0.05365291069293655,0.03539850629662589,-0.03260105704679438,0.03324680055062482,0.014438902020074355,1.3792219816400884,1.0,1.0,1.0,0.02014184022205306,0.0009763516569492847,0.03912016902021221,0.032135979592826845,0.02527169130571224,-0.0058769288685750045,0.02029787537746924,0.008815255270794773,2.457885449985254,1.0,1.0,1.0,0.016285618068650365,0.27390049607492983,0.0739341729786247,ok,
759xd9YjKW5,d16ee55e1e434c8abc07c79b08204bf1,d16ee55e1e434c8abc07c79b08204bf1_i1_5,1,5,/home/bgao491/Matterport3D/v1/scans/759xd9YjKW5/undistorted_color_images/d16ee55e1e434c8abc07c79b08204bf1_i1_5.jpg,/home/bgao491/Matterport3D/v1/scans/759xd9YjKW5/undistorted_depth_images/d16ee55e1e434c8abc07c79b08204bf1_d1_5.png,1024,1280,406,504,1.4121168655554452,1299285,0.9912757873535156,-5.956319808959961,4.8461198806762695,1.607159972190857,True,204624,1.0,True,,1.0,204624,0.9682871699333191,-0.03222657254711725,1.0334889710031416,0.06516700112830603,log-depth Laplacian fallback,,,,0.0377847585775438,0.003007005863048615,0.05931048729021978,0.04569480049383837,0.05035044806924619,-0.032152887604557166,0.0382876911577015,0.016628132994605686,3.8747379775445094,0.9927021400231666,1.0,1.0,0.06688766643802564,0.006498604548523178,0.09086268581234534,0.08470651111419393,0.07514036411395399,-0.06437946012133744,0.06907544432029944,0.029999084303321363,3.8747379700603073,0.9926759717844814,1.0,1.0,0.06688766643802564,0.006498604548523178,0.09086268581234534,0.08470651111419393,0.07514036411395399,-0.06437946012133744,0.06907544432029944,0.029999084303321363,3.8747379700603073,0.9926759717844814,1.0,1.0,0.07668288218629349,0.008511508785181619,0.1059548028844598,0.09893976224541474,0.08552756216483014,-0.07533515141061388,0.07973111602366956,0.03462678372506763,4.049171337198223,0.9922980716317051,1.0,1.0,0.02250880054258051,0.0020539430093736936,0.04889786086384946,0.027847388763348316,0.038755382687092166,0.0007875582747575736,0.02210497992250503,0.009600070802926101,3.8747379771886816,0.9926775110926395,1.0,1.0,0.011022279970347881,0.27073013596236706,0.07139933900907636,ok,
759xd9YjKW5,d16ee55e1e434c8abc07c79b08204bf1,d16ee55e1e434c8abc07c79b08204bf1_i2_0,2,0,/home/bgao491/Matterport3D/v1/scans/759xd9YjKW5/undistorted_color_images/d16ee55e1e434c8abc07c79b08204bf1_i2_0.jpg,/home/bgao491/Matterport3D/v1/scans/759xd9YjKW5/undistorted_depth_images/d16ee55e1e434c8abc07c79b08204bf1_d2_0.png,1024,1280,406,504,1.4165615917841592,1211525,0.9243202209472656,-5.947850227355957,4.855070114135742,1.6407300233840942,True,204624,1.0,True,,1.0,204624,1.0330036878585815,0.03247076017815846,1.0124684476201402,0.020079403509478795,log-depth Laplacian fallback,,,,0.041471572513595206,0.02501578363309917,0.17313491807884823,0.06454601319038268,0.0877580620656816,-0.0030917004233637687,0.03697934427403541,0.01605992516261419,8.77035851377593,0.9835628649842141,0.9947537194857721,0.9972010482656156,0.044739148579057884,0.02788196629906118,0.1817871659817775,0.06355057072165689,0.09249350241506593,0.029379059887809235,0.03892094725421675,0.01690315262295387,8.77035850414014,0.9811526794742164,0.992511091393079,0.9971457460638452,0.044739148579057884,0.02788196629906118,0.1817871659817775,0.06355057072165689,0.09249350241506593,0.029379059887809235,0.03892094725421675,0.01690315262295387,8.77035850414014,0.9811526794742164,0.992511091393079,0.9971457460638452,0.04547100977924051,0.02778530493414598,0.18591044925308337,0.07190382164420671,0.09194098527552,0.02779127882030085,0.03982436434332722,0.01729550167961163,8.764011407435342,0.98162893873424,0.9919011163616104,0.9971729844617321,0.03935575664786243,0.025645956131673905,0.17385312098134695,0.057193845000373,0.08819525288115468,0.009299665712196037,0.034367856940761006,0.01492577062421288,8.770358515141915,0.9826772043498896,0.9940529497946803,0.9971754606797218,0.015633582836017013,0.27298146998509765,0.07149253902025521,ok,
759xd9YjKW5,d16ee55e1e434c8abc07c79b08204bf1,d16ee55e1e434c8abc07c79b08204bf1_i2_1,2,1,/home/bgao491/Matterport3D/v1/scans/759xd9YjKW5/undistorted_color_images/d16ee55e1e434c8abc07c79b08204bf1_i2_1.jpg,/home/bgao491/Matterport3D/v1/scans/759xd9YjKW5/undistorted_depth_images/d16ee55e1e434c8abc07c79b08204bf1_d2_1.png,1024,1280,406,504,1.4165615917841592,1220128,0.9308837890625,-5.93996000289917,4.842850208282471,1.6403599977493286,True,204624,1.0,True,,1.0,204624,1.0332558155059814,0.03271480275678005,1.0231564573410374,0.009822387754069076,log-depth Laplacian fallback,,,,0.03640340661298132,0.010771830953564761,0.14883578467411976,0.07235342868835296,0.06260582121980285,-0.0120289617392098,0.035109348183370914,0.015247796179257941,6.143934350302372,0.9814273584410816,0.9978969419601877,0.9996123357549372,0.030311223586602407,0.012461333152715928,0.1603528795782892,0.06272229379941698,0.06482821097303948,0.02068584102862568,0.028026225883056678,0.012171635249585611,6.143934341204618,0.9793488879855228,0.9964266044218312,0.9994525164572897,0.030311223586602407,0.012461333152715928,0.1603528795782892,0.06272229379941698,0.06482821097303948,0.02068584102862568,0.028026225883056678,0.012171635249585611,6.143934341204618,0.9793488879855228,0.9964266044218312,0.9994525164572897,0.03696376717279272,0.014731638293335087,0.17657589613293587,0.07727976155353093,0.07039661459986382,0.021501751412998506,0.03443309106572341,0.014954101444715834,6.7032514746915,0.9787858323061187,0.9952185344488447,0.9993599032232684,0.028023808740313495,0.0114710118337924,0.15342829122148982,0.056254615777706164,0.06239235869058369,0.010863401615495458,0.026022094644436583,0.011301252111642972,6.143934348863849,0.9799529229720161,0.9970707991292717,0.999485299902961,0.011336543131619692,0.27983410796150565,0.07441149093210697,ok,
759xd9YjKW5,d16ee55e1e434c8abc07c79b08204bf1,d16ee55e1e434c8abc07c79b08204bf1_i2_2,2,2,/home/bgao491/Matterport3D/v1/scans/759xd9YjKW5/undistorted_color_images/d16ee55e1e434c8abc07c79b08204bf1_i2_2.jpg,/home/bgao491/Matterport3D/v1/scans/759xd9YjKW5/undistorted_depth_images/d16ee55e1e434c8abc07c79b08204bf1_d2_2.png,1024,1280,406,504,1.4165615917841592,954320,0.72808837890625,-5.946609973907471,4.829909801483154,1.6399400234222412,True,204624,1.0,True,,1.0,204624,1.040851354598999,0.04003898846604804,0.9260413873252287,0.11687533906511755,log-depth Laplacian fallback,,,,0.07374515971285005,0.006838719493244725,0.07953634386907443,0.06672904464299176,0.08162045435275721,0.070032830483262,0.07020472670618659,0.03048952541202273,4.192017680369695,0.9972986000502976,0.9983590409925391,0.9989290803923212,0.1174459280019586,0.014806192854024925,0.12172882456140843,0.11194948325243907,0.11778415245727059,0.11007181908476542,0.11008521563276773,0.047809401688440625,4.192017668674872,0.9971173191382345,0.9981788079470199,0.9987247464162964,0.1174459280019586,0.014806192854024925,0.12172882456140843,0.11194948325243907,0.11778415245727059,0.11007181908476542,0.11008521563276773,0.047809401688440625,4.192017668674872,0.9971173191382345,0.9981788079470199,0.9987247464162964,0.09454277910814929,0.010576956193148518,0.10069122303322903,0.08652112772420482,0.1007685740766422,0.08905277236545095,0.08914421804544205,0.03871484199071579,4.715834237403711,0.9971655209992455,0.9982112918098751,0.9987949534747255,0.027592467634069088,0.0024905982761862793,0.05475921172280254,0.03239244359854341,0.042468687806995926,-0.006803544597768355,0.027449010721653486,0.011920953890117315,4.1920176823986095,0.9976538268086177,0.9985109816413782,0.9996500125743986,0.01051961281336844,0.2681325529702008,0.07141863997094333,ok,
759xd9YjKW5,d16ee55e1e434c8abc07c79b08204bf1,d16ee55e1e434c8abc07c79b08204bf1_i2_3,2,3,/home/bgao491/Matterport3D/v1/scans/759xd9YjKW5/undistorted_color_images/d16ee55e1e434c8abc07c79b08204bf1_i2_3.jpg,/home/bgao491/Matterport3D/v1/scans/759xd9YjKW5/undistorted_depth_images/d16ee55e1e434c8abc07c79b08204bf1_d2_3.png,1024,1280,406,504,1.4165615917841592,942683,0.7192100524902344,-5.961140155792236,4.82919979095459,1.6398899555206299,True,204624,1.0,True,,1.0,204624,1.0112320184707642,0.011169407744970421,0.9176784269258713,0.0970776549414775,log-depth Laplacian fallback,,,,0.09901962845208956,0.02200495268386425,0.14790219033570376,0.10784854519962492,0.1152875205636544,0.09102598837600694,0.09102838184680868,0.03953312393265116,7.074942994742847,0.9946758348246442,0.9958565074367524,0.996892910978558,0.11136206322151318,0.025111390386864708,0.16111683530346127,0.12325835202327061,0.12429553820303355,0.10219539606539295,0.10219602845690745,0.044383171231262605,7.074942996391729,0.9945114105165788,0.9958098321493015,0.9968483572950823,0.11136206322151318,0.025111390386864708,0.16111683530346127,0.12325835202327061,0.12429553820303355,0.10219539606539295,0.10219602845690745,0.044383171231262605,7.074942996391729,0.9945114105165788,0.9958098321493015,0.9968483572950823,0.10720022215164758,0.023486117332799927,0.14827041123680645,0.10873968389862029,0.12587492598957162,0.09781987407320539,0.09782937983625133,0.042486759830901194,7.921975277153023,0.9914244767328996,0.9958649938526525,0.9969067014043957,0.03496393661482293,0.010805577428723028,0.09626684603855477,0.0399550392153316,0.07093428640600537,0.005117729005071966,0.032114021836252095,0.013946942475204824,7.074942994653627,0.995240181482004,0.9962129369045586,0.9971305306237622,0.010432589100673795,0.2669906900264323,0.07425951794721186,ok,
759xd9YjKW5,d16ee55e1e434c8abc07c79b08204bf1,d16ee55e1e434c8abc07c79b08204bf1_i2_4,2,4,/home/bgao491/Matterport3D/v1/scans/759xd9YjKW5/undistorted_color_images/d16ee55e1e434c8abc07c79b08204bf1_i2_4.jpg,/home/bgao491/Matterport3D/v1/scans/759xd9YjKW5/undistorted_depth_images/d16ee55e1e434c8abc07c79b08204bf1_d2_4.png,1024,1280,406,504,1.4165615917841592,1240656,0.94654541015625,-5.969029903411865,4.8414201736450195,1.6402499675750732,True,204624,1.0,True,,1.0,204624,0.9910074472427368,-0.009033229803759152,1.0087125684377423,0.0177080628402202,log-depth Laplacian fallback,,,,0.026397809023328635,0.0025818413412619593,0.06310765318726927,0.046730515706202624,0.039193644958404425,-0.008689728318038742,0.026411416028505243,0.01147033224043092,3.8218194971559503,0.9972764408506467,0.9991802723720354,1.0,0.029105299931544353,0.002944860405870097,0.06838653646370839,0.05178340832759614,0.042127588046441906,-0.017722958101903018,0.029368222831556618,0.012754457119050142,3.8218195021859747,0.9973425349170116,0.9992463664384004,1.0,0.029105299931544353,0.002944860405870097,0.06838653646370839,0.05178340832759614,0.042127588046441906,-0.017722958101903018,0.029368222831556618,0.012754457119050142,3.8218195021859747,0.9973425349170116,0.9992463664384004,1.0,0.023217553878976085,0.00225068466061377,0.05786720200187213,0.040609002417405456,0.03679960480559925,-0.016738752856099035,0.02329676251937325,0.010117655408374305,3.277232165518213,0.9972538721450588,0.9990924156252821,0.9999927457732039,0.02562984348140296,0.0025147413370579406,0.06206301330822981,0.04535997617281195,0.038218197900511515,-1.4933273689412324e-05,0.02541915066208998,0.011039396867213072,3.8218194983018225,0.9972264672882734,0.9991182084316684,0.9999991939748004,0.011203926056623459,0.26807287987321615,0.07471779501065612,ok,
759xd9YjKW5,d16ee55e1e434c8abc07c79b08204bf1,d16ee55e1e434c8abc07c79b08204bf1_i2_5,2,5,/home/bgao491/Matterport3D/v1/scans/759xd9YjKW5/undistorted_color_images/d16ee55e1e434c8abc07c79b08204bf1_i2_5.jpg,/home/bgao491/Matterport3D/v1/scans/759xd9YjKW5/undistorted_depth_images/d16ee55e1e434c8abc07c79b08204bf1_d2_5.png,1024,1280,406,504,1.4165615917841592,1224971,0.9345787048339844,-5.9623799324035645,4.8543500900268555,1.6406699419021606,True,204624,1.0,True,,1.0,204624,0.9705355167388916,-0.02990728071205583,1.0137757436701769,0.04358900133296551,log-depth Laplacian fallback,,,,0.037479528221018334,0.004325689715083675,0.07665497776079237,0.05232433168429876,0.055114154227531534,-0.007751461483876796,0.037254703916419614,0.016179512335840508,5.4566334319616026,0.9895809778353937,0.9993689646530408,1.0,0.05030131152581895,0.006313014309904391,0.09850760240658234,0.07606760798308325,0.06629981675324018,-0.03765874215590754,0.051363986391724986,0.022307095858479873,5.456633431657379,0.9877752208011455,0.9995069271027641,1.0,0.05030131152581895,0.006313014309904391,0.09850760240658234,0.07606760798308325,0.06629981675324018,-0.03765874215590754,0.051363986391724986,0.022307095858479873,5.456633431657379,0.9877752208011455,0.9995069271027641,1.0,0.052697383174398496,0.006555983444625382,0.10035399248109118,0.0796276938588553,0.0679963632498966,-0.046510457066830393,0.05406993131696034,0.023482272807843686,4.96012378741339,0.9879278774762831,0.9994342723215488,1.0,0.035861576026222766,0.004249861859239515,0.07360491099267755,0.04713206167958709,0.05488763411771621,0.005930222262275909,0.035139479276320024,0.015260881946659468,5.456633433684447,0.9889523915260034,0.9992750848795604,1.0,0.010778200114145875,0.2684512280393392,0.07123901112936437,ok,
759xd9YjKW5,d3bbb56e888d4b659563d6e135406870,d3bbb56e888d4b659563d6e135406870_i0_0,0,0,/home/bgao491/Matterport3D/v1/scans/759xd9YjKW5/undistorted_color_images/d3bbb56e888d4b659563d6e135406870_i0_0.jpg,/home/bgao491/Matterport3D/v1/scans/759xd9YjKW5/undistorted_depth_images/d3bbb56e888d4b659563d6e135406870_d0_0.png,1024,1280,406,504,1.4155678118069965,1245664,0.9503662109375,-5.139780044555664,6.0148701667785645,1.563889980316162,True,204624,1.0,True,,1.0,204624,1.0130853652954102,0.013000491504211219,1.086824981302188,0.07026009290968036,log-depth Laplacian fallback,,,,0.0885352059289926,0.01724931179550705,0.17281451593751734,0.15434550134231162,0.11337609872919883,-0.09259384038841018,0.09455284694728731,0.04106377967744961,6.542568673830382,0.9573327960027744,1.0,1.0,0.0781168018864998,0.014114575866748547,0.15500599206296894,0.1350163155210875,0.1030321390574575,-0.07959334885996357,0.08305184061228471,0.03606895608982365,6.542568682109036,0.9686657076065456,1.0,1.0,0.0781168018864998,0.014114575866748547,0.15500599206296894,0.1350163155210875,0.1030321390574575,-0.07959334885996357,0.08305184061228471,0.03606895608982365,6.542568682109036,0.9686657076065456,1.0,1.0,0.06351208675294198,0.008964997950149697,0.13095262805138377,0.11456917914163507,0.0764508789699138,-0.06524630882508446,0.06627932021924475,0.028784743035516633,3.9845402243848826,0.9974591864258741,1.0,1.0,0.04924199396583813,0.007287727065460272,0.1235080674389088,0.09155124424289882,0.06608804433954582,-0.009333226684088796,0.050079496761514214,0.021749249100017395,6.54256867315062,0.999036658360521,1.0,1.0,0.011112445965409279,0.2700465079396963,0.07153478404507041,ok,
759xd9YjKW5,d3bbb56e888d4b659563d6e135406870,d3bbb56e888d4b659563d6e135406870_i0_1,0,1,/home/bgao491/Matterport3D/v1/scans/759xd9YjKW5/undistorted_color_images/d3bbb56e888d4b659563d6e135406870_i0_1.jpg,/home/bgao491/Matterport3D/v1/scans/759xd9YjKW5/undistorted_depth_images/d3bbb56e888d4b659563d6e135406870_d0_1.png,1024,1280,406,504,1.4155678118069965,1238053,0.9445594787597656,-5.149829864501953,6.004350185394287,1.5636999607086182,True,204624,1.0,True,,1.0,204624,1.0197232961654663,0.019531312224423395,1.0426605603032006,0.022244365286682128,log-depth Laplacian fallback,,,,0.057761707772232766,0.007794820159136591,0.11013454914195653,0.09132559443204401,0.07558750320751098,-0.04715013881663251,0.060108005442651276,0.026104575081954084,5.90790576322758,0.9991648176612794,1.0,1.0,0.05067059183582435,0.006105080999597967,0.09828524292306962,0.08078962332636462,0.06521606118214972,-0.027618826627780698,0.051968503765130326,0.022569634417964467,5.907905764159146,0.9986575695870855,1.0,1.0,0.05067059183582435,0.006105080999597967,0.09828524292306962,0.08078962332636462,0.06521606118214972,-0.027618826627780698,0.051968503765130326,0.022569634417964467,5.907905764159146,0.9986575695870855,1.0,1.0,0.04699812887338462,0.006338551676112814,0.10603946138844987,0.07998310819635215,0.05959025482529902,-0.011664032102931817,0.046898948697012104,0.020367954626176046,5.843756347800487,0.9977731163366996,1.0,1.0,0.049282728327726684,0.005775555874119024,0.09961082036919111,0.08366326070835224,0.05932301019262818,-0.005374429032383543,0.049479479111436166,0.02148866474554395,5.907905763373803,0.9982650177334896,1.0,1.0,0.01351101091131568,0.2745813191868365,0.07480617519468069,ok,
759xd9YjKW5,d3bbb56e888d4b659563d6e135406870,d3bbb56e888d4b659563d6e135406870_i0_2,0,2,/home/bgao491/Matterport3D/v1/scans/759xd9YjKW5/undistorted_color_images/d3bbb56e888d4b659563d6e135406870_i0_2.jpg,/home/bgao491/Matterport3D/v1/scans/759xd9YjKW5/undistorted_depth_images/d3bbb56e888d4b659563d6e135406870_d0_2.png,1024,1280,406,504,1.4155678118069965,1089157,0.8309608459472656,-5.163969993591309,6.0077900886535645,1.56358003616333,True,204624,1.0,True,,1.0,204624,1.0572423934936523,0.055664002729921086,1.0455630147672184,0.011108492285483842,log-depth Laplacian fallback,,,,0.11639889755231275,0.02688624560934643,0.16860347161873704,0.1351786091172155,0.14162672377784516,-0.009519531249041003,0.11299192432506047,0.04907176923400356,14.130643089698566,0.9511649835606805,0.9960841274490271,0.9970041050096543,0.11711013049717199,0.02791761889030705,0.1512470447301959,0.1104901278361708,0.14864999056559075,0.04614447156465538,0.10729654479405513,0.04659829733134324,14.130643099013199,0.8737932180576354,0.9957618598604242,0.9967562068645751,0.11711013049717199,0.02791761889030705,0.1512470447301959,0.1104901278361708,0.14864999056559075,0.04614447156465538,0.10729654479405513,0.04659829733134324,14.130643099013199,0.8737932180576354,0.9957618598604242,0.9967562068645751,0.14384994503096632,0.03850708446895411,0.18270180686963972,0.14408841395141656,0.17300686557228823,0.054111159527098274,0.13012476570453468,0.056512467704432925,16.432698484966103,0.8209321521139744,0.995539669671131,0.9966497024763188,0.11537596604339417,0.02698131082622055,0.1509032442250636,0.1120514902736199,0.14558511291122486,0.035035948411524014,0.10685271447774312,0.04640554427406754,14.130643092329208,0.9344520578759536,0.9958325567388356,0.9968048683523129,0.010950241005048156,0.26838424406014383,0.07143141003325582,ok,
759xd9YjKW5,d3bbb56e888d4b659563d6e135406870,d3bbb56e888d4b659563d6e135406870_i0_3,0,3,/home/bgao491/Matterport3D/v1/scans/759xd9YjKW5/undistorted_color_images/d3bbb56e888d4b659563d6e135406870_i0_3.jpg,/home/bgao491/Matterport3D/v1/scans/759xd9YjKW5/undistorted_depth_images/d3bbb56e888d4b659563d6e135406870_d0_3.png,1024,1280,406,504,1.4155678118069965,832964,0.6355010986328125,-5.1680498123168945,6.021759986877441,1.5636600255966187,True,204624,1.0,True,,1.0,204624,0.7856758832931519,-0.24121093382006514,0.6483576738773957,0.19210183522674207,log-depth Laplacian fallback,,,,0.5451519034209423,0.20989307690726997,0.3907758255065104,0.38091490914748655,0.4360848395756211,0.43431246902656895,0.43431246902656895,0.18861950872001584,3.9276794112310296,0.0,0.7069657272102996,0.9964848420820107,0.21398858660558576,0.033559679578374975,0.15524042631187732,0.14866507990163902,0.1970554984550063,0.193101535260601,0.193101535260601,0.0838629312107252,3.9276794056412747,0.8502204176891198,0.9967381543500079,0.9993913302375613,0.21398858660558576,0.033559679578374975,0.15524042631187732,0.14866507990163902,0.1970554984550063,0.193101535260601,0.193101535260601,0.0838629312107252,3.9276794056412747,0.8502204176891198,0.9967381543500079,0.9993913302375613,0.21889522084997026,0.03857447504971914,0.1646760515673228,0.15055404454524066,0.20812322058184393,0.19523399411688908,0.19523399411688908,0.08478904632489684,7.210383128881144,0.8017561383205036,0.996802983082102,0.9991044030714412,0.025805859103534997,0.001436069698452646,0.03457550703376652,0.019228455359170178,0.0392895151149144,0.000999723900168444,0.025504361715180675,0.01107640355736752,3.927679404035568,0.9964584303763427,0.9990635849808636,1.0,0.01084061712026596,0.26423671189695597,0.0711734329815954,ok,
759xd9YjKW5,d3bbb56e888d4b659563d6e135406870,d3bbb56e888d4b659563d6e135406870_i0_4,0,4,/home/bgao491/Matterport3D/v1/scans/759xd9YjKW5/undistorted_color_images/d3bbb56e888d4b659563d6e135406870_i0_4.jpg,/home/bgao491/Matterport3D/v1/scans/759xd9YjKW5/undistorted_depth_images/d3bbb56e888d4b659563d6e135406870_d0_4.png,1024,1280,406,504,1.4155678118069965,1199994,0.9155227661132812,-5.1579999923706055,6.032279968261719,1.5638500452041626,True,204624,1.0,True,,1.0,204624,1.0508091449737549,0.04956048165943557,1.0257459783555554,0.02414035001372362,log-depth Laplacian fallback,,,,0.05409075462285759,0.020011234904838183,0.2461398728576665,0.09319070632222567,0.10091833171605406,-0.03255422656429868,0.05768130238086898,0.025050671333004287,9.552346313420506,0.956039780198901,0.9866624333121665,0.9999958333124999,0.05741742665104024,0.017482822380219108,0.2236681659567848,0.08562640469978858,0.09702548496655815,0.017006255124964013,0.05840217265416859,0.025363741314866406,9.552346318900105,0.9559239462863981,0.9936174680873404,0.9998158324124954,0.05741742665104024,0.017482822380219108,0.2236681659567848,0.08562640469978858,0.09702548496655815,0.017006255124964013,0.05840217265416859,0.025363741314866406,9.552346318900105,0.9559239462863981,0.9936174680873404,0.9998158324124954,0.06109729306683848,0.01659406617786337,0.21498920594366272,0.08691492130132764,0.09626834802373242,0.029736597872173958,0.06149238123161905,0.026705801847983247,9.156052412588672,0.9559531130988989,0.9962558146124064,0.9998224991124955,0.05103170841497534,0.01803764486901978,0.23311071399708794,0.08370426495021577,0.09578949412692526,-0.00713408558765569,0.05330312330496639,0.023149252319555527,9.552346312775859,0.9559831132488996,0.9894391138622359,0.999919999599998,0.01073264004662633,0.26788791501894593,0.07130778091959655,ok,
759xd9YjKW5,d3bbb56e888d4b659563d6e135406870,d3bbb56e888d4b659563d6e135406870_i0_5,0,5,/home/bgao491/Matterport3D/v1/scans/759xd9YjKW5/undistorted_color_images/d3bbb56e888d4b659563d6e135406870_i0_5.jpg,/home/bgao491/Matterport3D/v1/scans/759xd9YjKW5/undistorted_depth_images/d3bbb56e888d4b659563d6e135406870_d0_5.png,1024,1280,406,504,1.4155678118069965,1215052,0.9270111083984375,-5.143869876861572,6.028830051422119,1.5639599561691284,True,204624,1.0,True,,1.0,204624,0.9257524609565735,-0.07714840085376475,0.8882249120144226,0.041381887910467166,log-depth Laplacian fallback,,,,0.12409046243707633,0.0328847759036463,0.2402258441168844,0.19424381228815077,0.13216299208867913,0.10290739489887324,0.11599010578872956,0.05037386289941969,8.292843030565342,0.9809325033002703,0.9978404216445057,0.9993926185875173,0.0671446783149206,0.014286188378483345,0.17570499456842087,0.10983604786527597,0.08683691777113962,0.02575899392858276,0.06616110750315947,0.028733403905229986,8.292843010559709,0.9735056606630828,0.999154768684797,0.9994642204613465,0.0671446783149206,0.014286188378483345,0.17570499456842087,0.10983604786527597,0.08683691777113962,0.02575899392858276,0.06616110750315947,0.028733403905229986,8.292843010559709,0.9735056606630828,0.999154768684797,0.9994642204613465,0.045911232421234585,0.011530427529647707,0.1646355574778277,0.082713486867587,0.07445239481713244,0.018894576943311432,0.04559702689324686,0.019802537170931278,7.201495716960089,0.9717040916767348,0.9991827510262935,0.9995218311644275,0.055696106579273805,0.0127132179693655,0.17253250936881778,0.09169538523685859,0.08438720160849253,-0.015622907621617043,0.05719953157288562,0.024841440929555075,8.292843030444255,0.9692169553237228,0.9990494233991631,0.9995053709635472,0.011381207965314388,0.2722452369052917,0.07492585899308324,ok,
759xd9YjKW5,d3bbb56e888d4b659563d6e135406870,d3bbb56e888d4b659563d6e135406870_i1_0,1,0,/home/bgao491/Matterport3D/v1/scans/759xd9YjKW5/undistorted_color_images/d3bbb56e888d4b659563d6e135406870_i1_0.jpg,/home/bgao491/Matterport3D/v1/scans/759xd9YjKW5/undistorted_depth_images/d3bbb56e888d4b659563d6e135406870_d1_0.png,1024,1280,406,504,1.4121168655554452,1157594,0.8831741333007812,-5.15084981918335,6.017210006713867,1.5970499515533447,True,204624,1.0,True,,1.0,204624,1.0061222314834595,0.00610356676536796,1.0018533235125746,0.004251958537822754,log-depth Laplacian fallback,,,,0.05818199087295068,0.049900757193119,0.3567779326641871,0.17412494723791824,0.11493406487657552,0.009284772380833216,0.05189584270325946,0.022538078119744728,11.455842295915646,0.9604524556969024,0.9729075997284022,0.9983474344200125,0.05868874803532921,0.0506606379972489,0.35649818252325766,0.17248361476054913,0.1155873404240732,0.015388339069630412,0.05204633332337922,0.022603435365640922,11.455842302942491,0.9608774751769619,0.9724670307551698,0.9982627760682934,0.05868874803532921,0.0506606379972489,0.35649818252325766,0.17248361476054913,0.1155873404240732,0.015388339069630412,0.05204633332337922,0.022603435365640922,11.455842302942491,0.9608774751769619,0.9724670307551698,0.9982627760682934,0.08835505555662863,0.06053817332357175,0.40607676468283477,0.26977065101960485,0.1292013460243294,0.023249258654531035,0.08135625375522197,0.035332572074213614,12.709232780350357,0.958266024184645,0.9715686155940684,0.9983310210661078,0.058251932432688926,0.050100626308433996,0.3565117704074715,0.1732824393020161,0.11509844380024127,0.01113640384191512,0.051857999734482546,0.022521643127226078,11.455842297582084,0.9606070867678996,0.9727693820113097,0.9983327487875715,0.010695397853851318,0.2723782390821725,0.07629442890174687,ok,
759xd9YjKW5,d3bbb56e888d4b659563d6e135406870,d3bbb56e888d4b659563d6e135406870_i1_1,1,1,/home/bgao491/Matterport3D/v1/scans/759xd9YjKW5/undistorted_color_images/d3bbb56e888d4b659563d6e135406870_i1_1.jpg,/home/bgao491/Matterport3D/v1/scans/759xd9YjKW5/undistorted_depth_images/d3bbb56e888d4b659563d6e135406870_d1_1.png,1024,1280,406,504,1.4121168655554452,1248399,0.9524528503417968,-5.1532697677612305,6.014679908752441,1.597000002861023,True,204624,1.0,True,,1.0,204624,1.0137038230895996,0.013610774820235238,0.9690307202943135,0.04506973932403162,log-depth Laplacian fallback,,,,0.04471651252769359,0.006200092944277947,0.11601285614068826,0.09356203125958219,0.053402879994159845,0.021354964894972125,0.04432488888828015,0.019250054655154853,4.894724778784958,0.9981239972156338,1.0,1.0,0.055216833676617075,0.007872894370382461,0.12883209112825178,0.11339983890668469,0.060153437359086896,0.03496573968489694,0.054145869215443364,0.023515252218122215,4.8947247873620165,0.9977715457958554,1.0,1.0,0.055216833676617075,0.007872894370382461,0.12883209112825178,0.11339983890668469,0.060153437359086896,0.03496573968489694,0.054145869215443364,0.023515252218122215,4.8947247873620165,0.9977715457958554,1.0,1.0,0.06304257682493263,0.009613892627947238,0.13930098516344303,0.12535694535997374,0.06783517788227851,0.04229474657605147,0.06146519150606331,0.026693993500209914,5.303551423704638,0.9974743651669058,1.0,1.0,0.02853951368212819,0.005343574868669852,0.11147584364891817,0.06378663126512177,0.049979230769351325,-0.010103981470893059,0.029244597301193984,0.01270076723339128,4.894724779527368,0.9987127512918547,1.0,1.0,0.01023103203624487,0.2670882579404861,0.07143766502849758,ok,
759xd9YjKW5,d3bbb56e888d4b659563d6e135406870,d3bbb56e888d4b659563d6e135406870_i1_2,1,2,/home/bgao491/Matterport3D/v1/scans/759xd9YjKW5/undistorted_color_images/d3bbb56e888d4b659563d6e135406870_i1_2.jpg,/home/bgao491/Matterport3D/v1/scans/759xd9YjKW5/undistorted_depth_images/d3bbb56e888d4b659563d6e135406870_d1_2.png,1024,1280,406,504,1.4121168655554452,840442,0.6412063598632812,-5.156670093536377,6.015500068664551,1.5969699621200562,True,204624,1.0,True,,1.0,204624,1.0225902795791626,0.02233889802417949,0.9308726933167548,0.09397165095171549,log-depth Laplacian fallback,,,,0.16027961193755455,0.15038943319901169,0.340239145909311,0.19619991183138394,0.2473412925609084,0.11265784465596203,0.11270625942345049,0.04894770654356094,22.019519759334898,0.9498002241677593,0.9540920134881408,0.9585896468762866,0.18645314826056267,0.1674348392420865,0.374556575430366,0.24989884138740054,0.25828287904360625,0.13499674258149136,0.1350081461088032,0.058633292867041206,22.019519772111448,0.9495229890938339,0.9539956356298234,0.9563705764347807,0.18645314826056267,0.1674348392420865,0.374556575430366,0.24989884138740054,0.25828287904360625,0.13499674258149136,0.1350081461088032,0.058633292867041206,22.019519772111448,0.9495229890938339,0.9539956356298234,0.9563705764347807,0.18677207241363142,0.16177436805259987,0.36993626906869903,0.24420938234076706,0.25692942575427474,0.13626407869592755,0.13658592627961025,0.05931851408887909,21.781834329452476,0.9496419741041023,0.9540134833813636,0.9564122211883747,0.10373199225979297,0.11552496668683855,0.2832314485142775,0.10443317114483892,0.22398433404008625,0.04102507607656034,0.0651639710216296,0.028300353033597153,22.019519755955937,0.9505855252355309,0.9544120831657628,0.9607373263116312,0.01131568499840796,0.27445731312036514,0.07128531602211297,ok,
759xd9YjKW5,d3bbb56e888d4b659563d6e135406870,d3bbb56e888d4b659563d6e135406870_i1_4,1,4,/home/bgao491/Matterport3D/v1/scans/759xd9YjKW5/undistorted_color_images/d3bbb56e888d4b659563d6e135406870_i1_4.jpg,/home/bgao491/Matterport3D/v1/scans/759xd9YjKW5/undistorted_depth_images/d3bbb56e888d4b659563d6e135406870_d1_4.png,1024,1280,406,504,1.4121168655554452,1217839,0.9291374206542968,-5.155240058898926,6.021389961242676,1.597040057182312,True,204624,1.0,True,,1.0,204624,0.8955192565917969,-0.11035155398080604,0.8663071322383643,0.03316422315013465,log-depth Laplacian fallback,,,,0.1418060315292734,0.0398992231015532,0.2471296623425285,0.1603007231198819,0.15981469223298875,0.11964031189479685,0.1279772833562264,0.055579827970578,10.59572160036335,0.9117814423745667,0.9937610800770874,0.9965430570050721,0.0847013113415144,0.03230155207407056,0.34170984956963774,0.2185006245365632,0.10636358707495504,0.009288757959556247,0.08316724051403666,0.036119073630366684,10.59572160403449,0.9881536065112055,0.9948728854963587,0.9972672906681425,0.0847013113415144,0.03230155207407056,0.34170984956963774,0.2185006245365632,0.10636358707495504,0.009288757959556247,0.08316724051403666,0.036119073630366684,10.59572160403449,0.9881536065112055,0.9948728854963587,0.9972672906681425,0.07006391496094284,0.022640775211384863,0.25280295715651585,0.15257133714012305,0.09473993676002279,0.021902861751601402,0.06712538286583859,0.029152183374276767,9.21733164445294,0.9872667897809152,0.994677457365054,0.997304241365238,0.07640001044507999,0.03977585883478474,0.4078395044519925,0.2453692976943161,0.10861385305433167,-0.0238754569796676,0.07751006765849072,0.033662194676030245,10.595721603232125,0.98569269008465,0.9951865558583688,0.9972853554533891,0.011654275935143232,0.2691889039706439,0.07153750420548022,ok,
759xd9YjKW5,d3bbb56e888d4b659563d6e135406870,d3bbb56e888d4b659563d6e135406870_i1_5,1,5,/home/bgao491/Matterport3D/v1/scans/759xd9YjKW5/undistorted_color_images/d3bbb56e888d4b659563d6e135406870_i1_5.jpg,/home/bgao491/Matterport3D/v1/scans/759xd9YjKW5/undistorted_depth_images/d3bbb56e888d4b659563d6e135406870_d1_5.png,1024,1280,406,504,1.4121168655554452,1175221,0.8966224670410157,-5.1518402099609375,6.020569801330566,1.597059965133667,True,204624,1.0,True,,1.0,204624,0.9253004789352417,-0.07763675212732783,0.9049902578755761,0.022194347991192714,log-depth Laplacian fallback,,,,0.12358158100468881,0.06991807157250361,0.3502660934753219,0.218510753525807,0.15416806993164597,0.06181030198381359,0.11316651324335826,0.04914759223782175,14.123484115160343,0.9562269564618059,0.9889042146115496,0.9912807888899194,0.08369583506425247,0.06316593749732934,0.39606738571991124,0.20410034686008954,0.14211881254500436,-0.015826450216904615,0.08123292929115514,0.03527901293998571,14.123484114316101,0.9429043558615784,0.9898436123929031,0.9913948099974388,0.08369583506425247,0.06316593749732934,0.39606738571991124,0.20410034686008954,0.14211881254500436,-0.015826450216904615,0.08123292929115514,0.03527901293998571,14.123484114316101,0.9429043558615784,0.9898436123929031,0.9913948099974388,0.08091941406568899,0.05446054722848565,0.3455570002942933,0.1830227122523746,0.13138224375136143,0.008162619694447733,0.07598481109770447,0.03299978416819402,13.112843174867136,0.9552824532577276,0.9897874527429309,0.9915581835246307,0.07789894400162156,0.06559604038894716,0.4210897499298192,0.20828600175465378,0.14626298790492057,-0.038020800395816436,0.07721920113692561,0.03353587295074409,14.123484119768898,0.9337035332077966,0.9898963684277255,0.991432249764087,0.01254317699931562,0.2736561521887779,0.07486612303182483,ok,
759xd9YjKW5,d3bbb56e888d4b659563d6e135406870,d3bbb56e888d4b659563d6e135406870_i2_0,2,0,/home/bgao491/Matterport3D/v1/scans/759xd9YjKW5/undistorted_color_images/d3bbb56e888d4b659563d6e135406870_i2_0.jpg,/home/bgao491/Matterport3D/v1/scans/759xd9YjKW5/undistorted_depth_images/d3bbb56e888d4b659563d6e135406870_d2_0.png,1024,1280,406,504,1.4165615917841592,1237766,0.9443405151367188,-5.1404500007629395,6.014319896697998,1.6303800344467163,True,204624,1.0,True,,1.0,204624,1.0444151163101196,0.04345703141687577,1.0146231203804226,0.02893979784576812,log-depth Laplacian fallback,,,,0.05600774171498449,0.02378862659313223,0.20230367104013586,0.09606053308327246,0.09727967035047365,0.010048941488169708,0.051510550559640364,0.02237074786785028,9.675925298628634,0.9650660948838472,0.9865895492362854,0.9977725999906283,0.06684448908805876,0.031922741161871056,0.2362708985583776,0.12032623896896291,0.11056781700146709,0.05350597278259214,0.05986759641445302,0.026000166767607857,9.675925295835237,0.9608867912028607,0.9798427166362624,0.9969800430776091,0.06684448908805876,0.031922741161871056,0.2362708985583776,0.12032623896896291,0.11056781700146709,0.05350597278259214,0.05986759641445302,0.026000166767607857,9.675925295835237,0.9608867912028607,0.9798427166362624,0.9969800430776091,0.06739406894397915,0.03448857174050324,0.25239567365039756,0.1277499947761193,0.11213578018879791,0.0518434926609813,0.060224314523011385,0.026155087473749693,9.94318131548509,0.9599673928674726,0.9795050114480442,0.9962658531580283,0.05310703809088147,0.025569876225032782,0.20913460467228198,0.08925012785636836,0.09982911484074254,0.024566219205172823,0.0478253917229452,0.02077030372013656,9.67592530141152,0.9636942685451046,0.9840599919532448,0.9975641599462257,0.009879223071038723,0.2749410970136523,0.07474169507622719,ok,
759xd9YjKW5,d3bbb56e888d4b659563d6e135406870,d3bbb56e888d4b659563d6e135406870_i2_1,2,1,/home/bgao491/Matterport3D/v1/scans/759xd9YjKW5/undistorted_color_images/d3bbb56e888d4b659563d6e135406870_i2_1.jpg,/home/bgao491/Matterport3D/v1/scans/759xd9YjKW5/undistorted_depth_images/d3bbb56e888d4b659563d6e135406870_d2_1.png,1024,1280,406,504,1.4165615917841592,1241483,0.9471763610839844,-5.1504998207092285,6.003789901733398,1.6301900148391724,True,204624,1.0,True,,1.0,204624,1.0372998714447021,0.036621059523026175,1.0123825495595744,0.02431454668802807,log-depth Laplacian fallback,,,,0.0419804517542736,0.011662668716292922,0.12658352425114866,0.059682180395307885,0.08511630962680411,-0.025912008534284808,0.04207176436110535,0.01827153510596194,8.107622326061529,0.9771241329925581,0.9907554110688588,1.0,0.04740467078322703,0.012821404097222747,0.137168693537476,0.07625958006518319,0.08178042400350674,0.010709051108457351,0.04596760311654892,0.019963476379835914,8.107622323807265,0.9856075355039094,0.989859708107159,1.0,0.04740467078322703,0.012821404097222747,0.137168693537476,0.07625958006518319,0.08178042400350674,0.010709051108457351,0.04596760311654892,0.019963476379835914,8.107622323807265,0.9856075355039094,0.989859708107159,1.0,0.04832928551378887,0.013529384932575883,0.13960524932426324,0.07592090480807329,0.08811668440264726,0.002442160437968791,0.04751130280717063,0.020633896637188686,8.80828355726072,0.9637602770235275,0.9901883473233222,0.9997462711934034,0.039517991517499095,0.011496907832358207,0.1260902197374202,0.057161408002555716,0.08220988154205289,-0.013605537399957346,0.03911435844633276,0.016987150036428172,8.10762232421857,0.9851596840230595,0.9904847670084891,1.0,0.013979945797473192,0.2739492990076542,0.07290154602378607,ok,
759xd9YjKW5,d3bbb56e888d4b659563d6e135406870,d3bbb56e888d4b659563d6e135406870_i2_2,2,2,/home/bgao491/Matterport3D/v1/scans/759xd9YjKW5/undistorted_color_images/d3bbb56e888d4b659563d6e135406870_i2_2.jpg,/home/bgao491/Matterport3D/v1/scans/759xd9YjKW5/undistorted_depth_images/d3bbb56e888d4b659563d6e135406870_d2_2.png,1024,1280,406,504,1.4165615917841592,1062126,0.8103378295898438,-5.164639949798584,6.007239818572998,1.630079984664917,True,204624,1.0,True,,1.0,204624,1.0418684482574463,0.0410156860879807,0.9984764533158427,0.04254039454955212,log-depth Laplacian fallback,,,,0.06513239109399263,0.027449904432204825,0.18488727024439267,0.0933223912314433,0.10407928721229429,0.0011273785099874466,0.06025485921314618,0.026168352864126707,10.407318119628352,0.9883074136213594,0.9917062570730779,0.995683186363953,0.07741927412402112,0.03669205979904834,0.23459562922236019,0.13579163349279078,0.11228207757652184,0.04214306463592471,0.06968140657056958,0.03026225036485537,10.40731812139532,0.9875824525527103,0.9911432353600232,0.9952030173444582,0.07741927412402112,0.03669205979904834,0.23459562922236019,0.13579163349279078,0.11228207757652184,0.04214306463592471,0.06968140657056958,0.03026225036485537,10.40731812139532,0.9875824525527103,0.9911432353600232,0.9952030173444582,0.06080763628737318,0.033266480729134476,0.2088872008337818,0.10972030388672055,0.10569553734593916,0.04960433867883238,0.05307127113076554,0.023048560199682835,9.33325034437763,0.9874063905788956,0.9911121655999382,0.9950165987839484,0.06502178213425482,0.027230311171579653,0.1834775768342443,0.09238760334635465,0.10407393966560734,-0.00039733761679506554,0.060243471361921645,0.02616340718317915,10.4073181177183,0.9883441324287325,0.9917288532622307,0.9956973089821735,0.010431803995743394,0.26745743304491043,0.07515933481045067,ok,
759xd9YjKW5,d3bbb56e888d4b659563d6e135406870,d3bbb56e888d4b659563d6e135406870_i2_3,2,3,/home/bgao491/Matterport3D/v1/scans/759xd9YjKW5/undistorted_color_images/d3bbb56e888d4b659563d6e135406870_i2_3.jpg,/home/bgao491/Matterport3D/v1/scans/759xd9YjKW5/undistorted_depth_images/d3bbb56e888d4b659563d6e135406870_d2_3.png,1024,1280,406,504,1.4165615917841592,747372,0.5701995849609375,-5.168729782104492,6.021200180053711,1.6301499605178833,True,204624,1.0,True,,1.0,204624,1.2015275955200195,0.18359374348787263,1.0706269862922286,0.11534929812915146,log-depth Laplacian fallback,,,,0.08031750686651809,0.008355848941391271,0.0905930146183833,0.06805141889409463,0.10176777189439473,-0.08498876729530866,0.08523515626180056,0.03701715802866139,5.597846755649384,0.9735432957081614,1.0,1.0,0.11007849338858833,0.009552762508987293,0.07981053767577749,0.07487553204128128,0.11338664025318737,0.0986049763610822,0.10349199188647559,0.04494600099747246,5.59784675097144,0.9985937391285732,1.0,1.0,0.11007849338858833,0.009552762508987293,0.07981053767577749,0.07487553204128128,0.11338664025318737,0.0986049763610822,0.10349199188647559,0.04494600099747246,5.59784675097144,0.9985937391285732,1.0,1.0,0.11405241118400102,0.010775520480862229,0.08581674170538726,0.07869805281417808,0.1188721875537645,0.09726394174261932,0.10700204370470609,0.04647039713332443,6.833975863657786,0.992050812714418,1.0,1.0,0.042012115882044496,0.0030390513231056764,0.056220159026461054,0.03609321453049095,0.05842911540344011,-0.016744333299054042,0.04319338845278235,0.018758650259747017,5.597846754957403,0.9994126084466638,1.0,1.0,0.010405720910057425,0.265024830121547,0.07523506507277489,ok,
759xd9YjKW5,d3bbb56e888d4b659563d6e135406870,d3bbb56e888d4b659563d6e135406870_i2_4,2,4,/home/bgao491/Matterport3D/v1/scans/759xd9YjKW5/undistorted_color_images/d3bbb56e888d4b659563d6e135406870_i2_4.jpg,/home/bgao491/Matterport3D/v1/scans/759xd9YjKW5/undistorted_depth_images/d3bbb56e888d4b659563d6e135406870_d2_4.png,1024,1280,406,504,1.4165615917841592,1175795,0.8970603942871094,-5.158679962158203,6.031720161437988,1.6303399801254272,True,204624,1.0,True,,1.0,204624,1.0210933685302734,0.02087398312116261,1.0333312352712323,0.011913809317088585,log-depth Laplacian fallback,,,,0.03612861232455736,0.006475498064446363,0.1207798185196921,0.06875935691080619,0.051516098073606006,-0.028235856146024536,0.03623259609457742,0.015735616548904294,4.308880119509477,0.9950688682976199,0.9989266836480849,0.9996640570847809,0.023351163757241895,0.00543016527236865,0.11006394156721229,0.04340798482375841,0.04371317831434845,-0.007361873053507387,0.02285115336018954,0.009924129809455267,4.308880113772099,0.9945415654939849,0.9988356813900382,0.9996130277812033,0.023351163757241895,0.00543016527236865,0.11006394156721229,0.04340798482375841,0.04371317831434845,-0.007361873053507387,0.02285115336018954,0.009924129809455267,4.308880113772099,0.9945415654939849,0.9988356813900382,0.9996130277812033,0.03487851701186233,0.006306265036594093,0.11487736795515043,0.05053470539113635,0.05311841889201611,0.006997045331851025,0.034037029056780285,0.014782093899740318,5.265555794226964,0.9940678434591064,0.9987531840159212,0.9996138782695964,0.0210425631649941,0.0054910157976882975,0.11051224965729416,0.03662008326295902,0.04332857329186424,0.00455197471090131,0.020282745109202558,0.008808684278776837,4.308880121028858,0.9939887480385612,0.9986825934793054,0.999579008245485,0.016058517154306173,0.26949889911338687,0.0714320580009371,ok,
759xd9YjKW5,d3bbb56e888d4b659563d6e135406870,d3bbb56e888d4b659563d6e135406870_i2_5,2,5,/home/bgao491/Matterport3D/v1/scans/759xd9YjKW5/undistorted_color_images/d3bbb56e888d4b659563d6e135406870_i2_5.jpg,/home/bgao491/Matterport3D/v1/scans/759xd9YjKW5/undistorted_depth_images/d3bbb56e888d4b659563d6e135406870_d2_5.png,1024,1280,406,504,1.4165615917841592,1199850,0.9154129028320312,-5.144539833068848,6.028279781341553,1.6304600238800049,True,204624,1.0,True,,1.0,204624,1.02022123336792,0.020019499236505353,1.059500620468951,0.03777818511384473,log-depth Laplacian fallback,,,,0.06204235636437882,0.017839746351903607,0.20806390732196706,0.10988079836335078,0.08761305150444573,-0.05632613496864297,0.06315219348176813,0.0274266491492184,6.7107475838500115,0.9849406175771972,0.9957853064966454,0.9977413843397092,0.04571588370008447,0.0153466953382592,0.19388059398567647,0.08258349547193622,0.07629931261066618,-0.036306635690535084,0.04575064802097702,0.019869253979008253,6.710747581078374,0.9848647747635121,0.9958569821227653,0.9976863774638497,0.04571588370008447,0.0153466953382592,0.19388059398567647,0.08258349547193622,0.07629931261066618,-0.036306635690535084,0.04575064802097702,0.019869253979008253,6.710747581078374,0.9848647747635121,0.9958569821227653,0.9976863774638497,0.04748995554970258,0.015604667160387817,0.19810604871458418,0.0867383966088449,0.0775749597930897,-0.03796085245491317,0.04770572314443189,0.020718332316831043,6.76524062232512,0.9849181147643455,0.9958011418093928,0.9977147143392924,0.03194341604074957,0.014264853143454976,0.18372731453234709,0.06560985366170563,0.06712360720127725,0.0014715065476501546,0.030614320819165413,0.013295630598979393,6.710747582938567,0.9857315497770555,0.9962078593157478,0.9975305246489145,0.017181872855871916,0.2632006499916315,0.07512641698122025,ok,
759xd9YjKW5,d7457234e5d54417bcc64a74d6ecfd9a,d7457234e5d54417bcc64a74d6ecfd9a_i0_0,0,0,/home/bgao491/Matterport3D/v1/scans/759xd9YjKW5/undistorted_color_images/d7457234e5d54417bcc64a74d6ecfd9a_i0_0.jpg,/home/bgao491/Matterport3D/v1/scans/759xd9YjKW5/undistorted_depth_images/d7457234e5d54417bcc64a74d6ecfd9a_d0_0.png,1024,1280,406,504,1.4155678118069965,1082238,0.8256820678710938,-7.012819766998291,-7.640439987182617,1.5516899824142456,True,97219,0.47511044647744155,True,,1.0,97219,0.9936421513557434,-0.006378145840686302,1.1884792974362566,0.17905273443788478,log-depth Laplacian fallback,,,,0.170457488845573,0.10770599476412196,0.5959993740998353,0.4396397460239909,0.2125195270195909,-0.14856683491895747,0.18338245296275985,0.07964198739960923,15.196198513705284,0.6145006920843659,0.9936150828191211,0.9966421434102295,0.17409391172813646,0.11112789258832588,0.6075483988583612,0.44875347710515995,0.21702624715210553,-0.15494498061552403,0.18811765740282152,0.08169846055861184,15.196198516399317,0.5904810217345907,0.9919638748593193,0.9966560035777713,0.17409391172813646,0.11112789258832588,0.6075483988583612,0.44875347710515995,0.21702624715210553,-0.15494498061552403,0.18811765740282152,0.08169846055861184,15.196198516399317,0.5904810217345907,0.9919638748593193,0.9966560035777713,0.16861980191105333,0.11245482639936337,0.613256594641651,0.447146857736732,0.2187845284376627,-0.1515395298063914,0.18327972995740646,0.07959737536521976,15.780507212934648,0.5495741232520018,0.9892167896525533,0.9967123682591075,0.11475661121807439,0.06895213750225045,0.3668484848464641,0.24516440233545408,0.15386237028954336,0.024107759423184126,0.10487258205686029,0.04554558369024038,15.19619851367783,0.894856769028624,0.9858469209175801,0.9956192630456517,0.022020654985681176,0.2860219159629196,0.07599644712172449,ok,
759xd9YjKW5,d7457234e5d54417bcc64a74d6ecfd9a,d7457234e5d54417bcc64a74d6ecfd9a_i0_1,0,1,/home/bgao491/Matterport3D/v1/scans/759xd9YjKW5/undistorted_color_images/d7457234e5d54417bcc64a74d6ecfd9a_i0_1.jpg,/home/bgao491/Matterport3D/v1/scans/759xd9YjKW5/undistorted_depth_images/d7457234e5d54417bcc64a74d6ecfd9a_d0_1.png,1024,1280,406,504,1.4155678118069965,1242109,0.9476539611816406,-7.013319969177246,-7.625889778137207,1.5515600442886353,True,62651,0.30617620611462976,True,,1.0,62651,0.9352938532829285,-0.06689451748354289,1.3958593223986973,0.4004047448251885,log-depth Laplacian fallback,,,,0.28161013554973835,0.2731142381841466,1.0490910045078605,0.884947915742934,0.36362808133860824,-0.32817443043683164,0.3381899835561982,0.14687404369340842,15.66107427524007,0.1334069715298738,0.8616562636612407,0.9665786174965321,0.32313284465654585,0.35625193170010866,1.202967949898993,1.0182557163258936,0.42497811522929346,-0.3950689479747436,0.39992889798981285,0.17368691355062418,15.661074283066265,0.0887675719280675,0.7504276999844619,0.9459226203175406,0.32313284465654585,0.35625193170010866,1.202967949898993,1.0182557163258936,0.42497811522929346,-0.3950689479747436,0.39992889798981285,0.17368691355062418,15.661074283066265,0.0887675719280675,0.7504276999844619,0.9459226203175406,0.3258039474287243,0.3469099777360793,1.1749300367350561,1.006690794828088,0.4256584852918584,-0.3985399101067875,0.4030336317760648,0.17503528230177207,14.950279647228331,0.07333736411216729,0.7492844830848179,0.9494239233432815,0.10115813960176892,0.06686347761742424,0.4108522443436521,0.2563967803856256,0.15670161377579178,0.005335824334082744,0.0974363085640556,0.04231605114639189,15.661074273054588,0.862198084065086,0.9865293625599686,0.9980533109413103,0.02361095300875604,0.2814203870948404,0.07613121788017452,ok,
759xd9YjKW5,d7457234e5d54417bcc64a74d6ecfd9a,d7457234e5d54417bcc64a74d6ecfd9a_i1_0,1,0,/home/bgao491/Matterport3D/v1/scans/759xd9YjKW5/undistorted_color_images/d7457234e5d54417bcc64a74d6ecfd9a_i1_0.jpg,/home/bgao491/Matterport3D/v1/scans/759xd9YjKW5/undistorted_depth_images/d7457234e5d54417bcc64a74d6ecfd9a_d1_0.png,1024,1280,406,504,1.4121168655554452,1068971,0.8155601501464844,-7.003550052642822,-7.634300231933594,1.584920048713684,True,181325,0.8861375009774024,True,,1.0,181325,1.0817859172821045,0.07861330251327818,1.0175342575387238,0.061230996402704976,log-depth Laplacian fallback,,,,0.05206494561846807,0.05156458329225595,0.2574589624250293,0.11094894494254383,0.12551586396960054,-0.003416331774782016,0.04139560864834199,0.017977884411001455,12.54693619384425,0.9833802787914733,0.9895806340864252,0.990561951633861,0.09283814254262493,0.07411789616539102,0.3467185806970891,0.22143428995669837,0.14627763046696046,0.07519697076891785,0.07729223972838621,0.033567593207981423,12.546936184665622,0.9838452118906874,0.9894796023465557,0.9902055341070992,0.09283814254262493,0.07411789616539102,0.3467185806970891,0.22143428995669837,0.14627763046696046,0.07519697076891785,0.07729223972838621,0.033567593207981423,12.546936184665622,0.9838452118906874,0.9894796023465557,0.9902055341070992,0.10536133759097273,0.06998715953357083,0.30754041866310916,0.1884087262526086,0.1554237650858289,0.08457652231555957,0.08858942292046118,0.03847389752934976,13.039692721249446,0.9814157727384559,0.9895048602815231,0.99029721105624,0.047452721341017766,0.05293968443846462,0.2508093063679678,0.08826310285795409,0.12624424415023888,0.013965972830718513,0.03593196138557393,0.015605052553715498,12.54693619333292,0.9831903765396817,0.9895666019003322,0.9905460484896222,0.011679915012791753,0.27246221504174173,0.07210112898610532,ok,
759xd9YjKW5,d7457234e5d54417bcc64a74d6ecfd9a,d7457234e5d54417bcc64a74d6ecfd9a_i1_1,1,1,/home/bgao491/Matterport3D/v1/scans/759xd9YjKW5/undistorted_color_images/d7457234e5d54417bcc64a74d6ecfd9a_i1_1.jpg,/home/bgao491/Matterport3D/v1/scans/759xd9YjKW5/undistorted_depth_images/d7457234e5d54417bcc64a74d6ecfd9a_d1_1.png,1024,1280,406,504,1.4121168655554452,1203650,0.9183120727539062,-7.0036702156066895,-7.630799770355225,1.584879994392395,True,163193,0.7975261943858003,True,,1.0,163193,0.9744530916213989,-0.025878897035675443,1.0042930796949578,0.030162787753951852,log-depth Laplacian fallback,,,,0.07465883633149291,0.05338698437063717,0.40084907018042193,0.2638259107216896,0.1149441787656948,0.025639247999141468,0.06846375315496042,0.029733430205585654,11.20481735422694,0.9429335770365139,0.9916296265525693,0.9971976903584929,0.07884176267661315,0.05252707463357324,0.4256991454683942,0.3130004474111773,0.11204842973892266,-0.00023964903230912123,0.07462042184891006,0.0324072374462745,11.204817345811401,0.954121214638807,0.9926274249158809,0.9974876417563245,0.07884176267661315,0.05252707463357324,0.4256991454683942,0.3130004474111773,0.11204842973892266,-0.00023964903230912123,0.07462042184891006,0.0324072374462745,11.204817345811401,0.954121214638807,0.9926274249158809,0.9974876417563245,0.07936581308710124,0.0589046243588112,0.4523903347555519,0.30289263164507346,0.11813221688531451,0.010965792142938455,0.07447260343078961,0.032343040722961125,11.762215806945925,0.9513695841814481,0.9917442778216259,0.9972840942134341,0.074813116354394,0.054179394333092296,0.4009333323839992,0.26022367085546105,0.11597494422303295,0.02992314312868481,0.06829798825794595,0.029661439425519024,11.204817353636715,0.9413525526523491,0.9914402027167366,0.9971270718232044,0.011694872984662652,0.27150766691192985,0.07163713802583516,ok,
759xd9YjKW5,d7457234e5d54417bcc64a74d6ecfd9a,d7457234e5d54417bcc64a74d6ecfd9a_i1_2,1,2,/home/bgao491/Matterport3D/v1/scans/759xd9YjKW5/undistorted_color_images/d7457234e5d54417bcc64a74d6ecfd9a_i1_2.jpg,/home/bgao491/Matterport3D/v1/scans/759xd9YjKW5/undistorted_depth_images/d7457234e5d54417bcc64a74d6ecfd9a_d1_2.png,1024,1280,406,504,1.4121168655554452,1164115,0.8881492614746094,-7.000699996948242,-7.628950119018555,1.584879994392395,True,148188,0.7241965751817968,True,,1.0,148188,0.9654545783996582,-0.035156222860638596,1.0015292801088787,0.036684334811500435,log-depth Laplacian fallback,,,,0.05628431050497782,0.048938908965857626,0.4009247793327476,0.2017475520594775,0.10525529568615953,0.02040008040610402,0.05078428714444811,0.02205533567422406,10.325944987944379,0.9577043505151982,0.9907113987879205,0.9965664904240561,0.06873625298972831,0.04832080363719878,0.42604951968553734,0.27990858529464535,0.10430847390937874,-0.014756142405120767,0.06538561698872011,0.028396612654040677,10.325944988534145,0.9681869918349991,0.9918161006429778,0.9971093921133222,0.06873625298972831,0.04832080363719878,0.42604951968553734,0.27990858529464535,0.10430847390937874,-0.014756142405120767,0.06538561698872011,0.028396612654040677,10.325944988534145,0.9681869918349991,0.9918161006429778,0.9971093921133222,0.07252478387020254,0.057279806548782314,0.46234127648642964,0.2776475432247577,0.11521357465736241,0.0021633289307829142,0.06821477791838766,0.02962530163421156,11.519326279459603,0.9606860146978606,0.9857737422849118,0.9963981221786508,0.05633336008921216,0.049222565884264165,0.4013819232549429,0.20081465799329673,0.10556212412651154,0.02192824815588081,0.05074729695822965,0.022039271040464818,10.325944984801701,0.9560095007795621,0.9906005849937506,0.9965518870558321,0.01942892512306571,0.26860716100782156,0.07328266208060086,ok,
759xd9YjKW5,d7457234e5d54417bcc64a74d6ecfd9a,d7457234e5d54417bcc64a74d6ecfd9a_i1_3,1,3,/home/bgao491/Matterport3D/v1/scans/759xd9YjKW5/undistorted_color_images/d7457234e5d54417bcc64a74d6ecfd9a_i1_3.jpg,/home/bgao491/Matterport3D/v1/scans/759xd9YjKW5/undistorted_depth_images/d7457234e5d54417bcc64a74d6ecfd9a_d1_3.png,1024,1280,406,504,1.4121168655554452,847026,0.6462295532226563,-6.997610092163086,-7.6305999755859375,1.5849000215530396,True,48203,0.2355686527484557,True,,1.0,48203,0.9663978219032288,-0.034179705629427785,1.2401678293163325,0.24942642231074844,log-depth Laplacian fallback,,,,0.19472503243358644,0.09531229606282747,0.485537881899359,0.40015592184576987,0.24163686919350072,-0.2208193683073589,0.2210415676016203,0.0959971330806283,9.811821000189495,0.5866360654808708,0.9612266919787587,0.9969705770543053,0.22160065941324145,0.11714996432018288,0.5323192371136394,0.4509486408933429,0.2732246529152592,-0.25499907417789247,0.2550335269750044,0.1107596534655686,9.811820997695369,0.1692144042803881,0.9606269465163997,0.9962622162719916,0.22160065941324145,0.11714996432018288,0.5323192371136394,0.4509486408933429,0.2732246529152592,-0.25499907417789247,0.2550335269750044,0.1107596534655686,9.811820997695369,0.1692144042803881,0.9606269465163997,0.9962622162719916,0.21792346438827334,0.11119177415330596,0.5165898648774825,0.43949532972598,0.26676948711635456,-0.24981860469785996,0.24988741233481288,0.10852472427409184,9.357683475699117,0.2311180530467778,0.9619244273493376,0.9966884133426837,0.05221504738108235,0.01910278300168941,0.2377155457746602,0.10712011607813159,0.0982763315271977,-0.005572629937611571,0.05321625797170037,0.02311152718464941,9.811821000213012,0.956400393848595,0.996767513630042,0.9973495500728431,0.012181747937574983,0.27043957100249827,0.07450766488909721,ok,
759xd9YjKW5,d7457234e5d54417bcc64a74d6ecfd9a,d7457234e5d54417bcc64a74d6ecfd9a_i1_5,1,5,/home/bgao491/Matterport3D/v1/scans/759xd9YjKW5/undistorted_color_images/d7457234e5d54417bcc64a74d6ecfd9a_i1_5.jpg,/home/bgao491/Matterport3D/v1/scans/759xd9YjKW5/undistorted_depth_images/d7457234e5d54417bcc64a74d6ecfd9a_d1_5.png,1024,1280,406,504,1.4121168655554452,1140994,0.8705093383789062,-7.000460147857666,-7.635950088500977,1.584939956665039,True,75917,0.37100731097036516,True,,1.0,75917,0.9974094033241272,-0.0025939580780545493,0.9773860478545857,0.020279610924787785,log-depth Laplacian fallback,,,,0.05097820327508008,0.03507356666889771,0.31063391408696484,0.14661892334287985,0.09174787226485188,0.030859779734185157,0.046483091974108846,0.020187350346156825,8.640223411396926,0.9832391756661297,0.9920928593840108,0.9965459941068927,0.04973955466330423,0.034535780146559426,0.3080508035302802,0.1432615708501851,0.09090821027651419,0.02826582156339592,0.045375041700350505,0.019706130226592174,8.64022339238123,0.9833320771187228,0.9921375572527112,0.9965459941068927,0.04973955466330423,0.034535780146559426,0.3080508035302802,0.1432615708501851,0.09090821027651419,0.02826582156339592,0.045375041700350505,0.019706130226592174,8.64022339238123,0.9833320771187228,0.9921375572527112,0.9965459941068927,0.09038130567733922,0.05346493367274944,0.3928666373109573,0.2327463061299848,0.12384754056109135,0.06293760496952995,0.082075310437428,0.03564485442347137,10.6663354455645,0.9790875324497762,0.9916642857017653,0.9948194293747382,0.04500483283813614,0.03205956389501352,0.3014129814285579,0.13797346253307838,0.08677053517780385,0.00798622046352742,0.041586887726966386,0.018060955859351576,8.640223410161587,0.9849745046862648,0.9925547373605821,0.996587186260401,0.011699966853484511,0.273765322053805,0.07467207498848438,ok,
759xd9YjKW5,d7457234e5d54417bcc64a74d6ecfd9a,d7457234e5d54417bcc64a74d6ecfd9a_i2_0,2,0,/home/bgao491/Matterport3D/v1/scans/759xd9YjKW5/undistorted_color_images/d7457234e5d54417bcc64a74d6ecfd9a_i2_0.jpg,/home/bgao491/Matterport3D/v1/scans/759xd9YjKW5/undistorted_depth_images/d7457234e5d54417bcc64a74d6ecfd9a_d2_0.png,1024,1280,406,504,1.4165615917841592,1200975,0.9162712097167969,-7.013030052185059,-7.6398701667785645,1.6181800365447998,True,185582,0.9069415122370788,True,,1.0,185582,1.0172367095947266,0.017089842780867504,0.9714884197749122,0.046015772960029774,log-depth Laplacian fallback,,,,0.050029319705179556,0.01239016567744623,0.15378676297462246,0.09242997618623239,0.07289042266841826,0.02396689932627906,0.04752567072633267,0.020640136545197186,6.883750034294294,0.99234205541331,0.9968300755636046,0.9975744707425217,0.05770079351434181,0.015357234126726028,0.1787994985648428,0.10954499006380548,0.08015146598773214,0.04105674192510603,0.05428154679863741,0.023574176243821358,6.883750026314016,0.9916492849559733,0.9967626303628302,0.9975220133641416,0.05770079351434181,0.015357234126726028,0.1787994985648428,0.10954499006380548,0.08015146598773214,0.04105674192510603,0.05428154679863741,0.023574176243821358,6.883750026314016,0.9916492849559733,0.9967626303628302,0.9975220133641416,0.06642712771851483,0.016164050982449496,0.17549879622423734,0.11546529374404221,0.08793947448603137,0.04395494895293377,0.06247664750779987,0.027133263260452015,7.6166355009441995,0.9916159786839859,0.996755136451633,0.99752617664814,0.04437769834109577,0.010051116070731426,0.1268823652084483,0.07734622013871871,0.06901589291839617,-0.004959034492027694,0.043218712619479155,0.01876964840560223,6.8837500333977895,0.993650159245613,0.9969266637523678,0.9977010345760736,0.010858454974368215,0.27956680301576853,0.07448284886777401,ok,
759xd9YjKW5,d7457234e5d54417bcc64a74d6ecfd9a,d7457234e5d54417bcc64a74d6ecfd9a_i2_1,2,1,/home/bgao491/Matterport3D/v1/scans/759xd9YjKW5/undistorted_color_images/d7457234e5d54417bcc64a74d6ecfd9a_i2_1.jpg,/home/bgao491/Matterport3D/v1/scans/759xd9YjKW5/undistorted_depth_images/d7457234e5d54417bcc64a74d6ecfd9a_d2_1.png,1024,1280,406,504,1.4165615917841592,1251776,0.955029296875,-7.0135297775268555,-7.625329971313477,1.6180599927902222,True,188216,0.9198139025725233,True,,1.0,188216,1.067617654800415,0.0654296753170956,1.1037353562288579,0.03327053024110285,log-depth Laplacian fallback,,,,0.09552560851864007,0.023260080176276905,0.22406072921184134,0.19829158795468677,0.106431536299177,-0.09041272942070828,0.0994300544906055,0.04318192400060962,5.615345294548519,0.9928150084360141,0.9979325374507899,0.9991012769057723,0.04212820682908894,0.011323871449148083,0.16012113637438719,0.08905621462489824,0.06146025768912507,-0.024983054107304805,0.04155067422608021,0.018045228535746305,5.615345298986642,0.9892824275269697,0.9974132752185695,0.9988759969834858,0.04212820682908894,0.011323871449148083,0.16012113637438719,0.08905621462489824,0.06146025768912507,-0.024983054107304805,0.04155067422608021,0.018045228535746305,5.615345298986642,0.9892824275269697,0.9974132752185695,0.9988759969834858,0.0487997725503162,0.013196000528609964,0.1724313078923224,0.10138632636464909,0.06763686655193607,-0.029663090220185106,0.04840524568163968,0.02102213109470734,6.078525146409749,0.989132240912112,0.9972574965489033,0.9988240707602638,0.025856647870346857,0.011789080156051034,0.16893324901635592,0.06130577684459395,0.056761713368138955,0.00828745029338022,0.024221308770758693,0.010519180743615332,5.615345289580612,0.9875393041566543,0.9971057122041004,0.9987953116212486,0.010795691050589085,0.270203409017995,0.0744756821077317,ok,
759xd9YjKW5,d7457234e5d54417bcc64a74d6ecfd9a,d7457234e5d54417bcc64a74d6ecfd9a_i2_2,2,2,/home/bgao491/Matterport3D/v1/scans/759xd9YjKW5/undistorted_color_images/d7457234e5d54417bcc64a74d6ecfd9a_i2_2.jpg,/home/bgao491/Matterport3D/v1/scans/759xd9YjKW5/undistorted_depth_images/d7457234e5d54417bcc64a74d6ecfd9a_d2_2.png,1024,1280,406,504,1.4165615917841592,1264063,0.9644035339355469,-7.001190185546875,-7.61761999130249,1.6180299520492554,True,68399,0.3342667526780827,True,,1.0,68399,1.0188522338867188,0.018676732819423777,1.1630816324364093,0.13239632951469732,log-depth Laplacian fallback,,,,0.1440111996930168,0.049321049998187476,0.35160804637073345,0.3390598897356095,0.15795660493471358,-0.1529074093208316,0.15549538552066952,0.06753078789304562,3.9618344454215157,0.9817422074690898,0.9998837083278286,1.0,0.12818852172031267,0.03929800605891903,0.31258365581579906,0.3006459880704684,0.1399553062177821,-0.13423067652074386,0.13713038933410948,0.059554971389048285,3.96183444795032,0.9931759730329897,0.9997689988552786,1.0,0.12818852172031267,0.03929800605891903,0.31258365581579906,0.3006459880704684,0.1399553062177821,-0.13423067652074386,0.13713038933410948,0.059554971389048285,3.96183444795032,0.9931759730329897,0.9997689988552786,1.0,0.12429359635495515,0.03690387721427093,0.2988065921775781,0.28825938346622454,0.13626593493009292,-0.12960547672673706,0.1326946377635907,0.0576285489588783,4.208117660911515,0.9923927842204068,0.9994992338198333,1.0,0.020759437375910548,0.0049265045003419545,0.11279913903752085,0.05157217709456316,0.03966078671289718,-0.0018343353891901886,0.020346236026336173,0.008836258033738942,3.96183444425166,0.994213104884804,0.9985681093426514,1.0,0.011432917090132833,0.2721579971257597,0.07170544913969934,ok,
759xd9YjKW5,d7457234e5d54417bcc64a74d6ecfd9a,d7457234e5d54417bcc64a74d6ecfd9a_i2_5,2,5,/home/bgao491/Matterport3D/v1/scans/759xd9YjKW5/undistorted_color_images/d7457234e5d54417bcc64a74d6ecfd9a_i2_5.jpg,/home/bgao491/Matterport3D/v1/scans/759xd9YjKW5/undistorted_depth_images/d7457234e5d54417bcc64a74d6ecfd9a_d2_5.png,1024,1280,406,504,1.4165615917841592,1234157,0.9415870666503906,-7.000189781188965,-7.64670991897583,1.618280053138733,True,59437,0.2904693486590038,True,,1.0,59437,0.9896777272224426,-0.010375916907399902,1.1298348155976445,0.13244735805914165,log-depth Laplacian fallback,,,,0.10692968699502522,0.030259203884958674,0.2724365200757657,0.2216509361748008,0.12123831303571386,-0.10463589824838394,0.11222707590265185,0.04873959978465911,6.12377117918329,0.9926873161194241,0.9982409045202515,0.9987003274299785,0.11580538917591185,0.034054864278660765,0.289687012154351,0.23892285912156072,0.1302987911385725,-0.11501181516950978,0.12225839153412978,0.053096144809639784,6.123771177622383,0.9928639549101127,0.9982530585654823,0.9987116712055273,0.11580538917591185,0.034054864278660765,0.289687012154351,0.23892285912156072,0.1302987911385725,-0.11501181516950978,0.12225839153412978,0.053096144809639784,6.123771177622383,0.9928639549101127,0.9982530585654823,0.9987116712055273,0.11039200843030234,0.031981853549854326,0.27518102260972654,0.22777055752566214,0.12599504932725572,-0.10864753257620509,0.11619238328658299,0.05046171090055064,6.380020470249336,0.9926532847927776,0.998235232632477,0.9986743988001526,0.03438671714813363,0.01107384610665359,0.13758021323095754,0.05336187552972142,0.06367145459025472,0.017435503598191383,0.032271195775360986,0.014015202249658824,6.1237711778905695,0.9867731577100807,0.9979184171867923,0.9984483335588584,0.013047245098277926,0.2731767010409385,0.07617524801753461,ok,
759xd9YjKW5,db3dafef140f44508a4130b29e3dc1bc,db3dafef140f44508a4130b29e3dc1bc_i0_0,0,0,/home/bgao491/Matterport3D/v1/scans/759xd9YjKW5/undistorted_color_images/db3dafef140f44508a4130b29e3dc1bc_i0_0.jpg,/home/bgao491/Matterport3D/v1/scans/759xd9YjKW5/undistorted_depth_images/db3dafef140f44508a4130b29e3dc1bc_d0_0.png,1024,1280,406,504,1.4155678118069965,730193,0.5570930480957031,-12.487299919128418,-5.130199909210205,1.5523699522018433,True,203371,0.9938765736179529,True,,1.0,203371,0.9262045621871948,-0.07666015924345473,0.7846228765784286,0.16589192939309388,log-depth Laplacian fallback,,,,0.2700872137008294,0.07700731127567663,0.26680726749274836,0.22061948472036486,0.25745994438828157,0.22541606468825362,0.23354914133928156,0.10142910333689265,12.439140141054006,0.4477679188926763,1.0,1.0,0.18966148534496835,0.0417109519833589,0.19961536341572847,0.15855897998749344,0.19391116561224087,0.14875590532767122,0.1706485971534806,0.07411174408828758,12.439140154867145,0.659462635221099,1.0,1.0,0.18966148534496835,0.0417109519833589,0.19961536341572847,0.15855897998749344,0.19391116561224087,0.14875590532767122,0.1706485971534806,0.07411174408828758,12.439140154867145,0.659462635221099,1.0,1.0,0.18141762900678365,0.05255507018895964,0.23665196506933633,0.1616152893658053,0.19614578662467153,0.1480610578461596,0.16070724217266644,0.06979426847747859,12.865105036527044,0.8195011455875364,0.9999986304990598,1.0,0.0979539574552494,0.014407829133582174,0.1243348086358809,0.09200830057421959,0.12556617898665853,-0.017136060315946194,0.10078854125923215,0.04377190730796278,12.439140139960568,0.9250992545806382,1.0,1.0,0.01083740103058517,0.2714014761149883,0.07464459794573486,ok,
759xd9YjKW5,db3dafef140f44508a4130b29e3dc1bc,db3dafef140f44508a4130b29e3dc1bc_i0_1,0,1,/home/bgao491/Matterport3D/v1/scans/759xd9YjKW5/undistorted_color_images/db3dafef140f44508a4130b29e3dc1bc_i0_1.jpg,/home/bgao491/Matterport3D/v1/scans/759xd9YjKW5/undistorted_depth_images/db3dafef140f44508a4130b29e3dc1bc_d0_1.png,1024,1280,406,504,1.4155678118069965,1038052,0.7919708251953125,-12.48390007019043,-5.116049766540527,1.552489995956421,True,180244,0.8808546407068575,True,,1.0,180244,1.0161197185516357,0.015991175434615496,1.0078286747963254,0.00819298571104355,log-depth Laplacian fallback,,,,0.1398876465714188,0.046444421681858916,0.2382763368395027,0.16666078739129525,0.18616798039765425,-0.004219695814701443,0.13539704429677668,0.0588021892041003,18.612015230106806,0.7444241714287916,0.9999017390265613,1.0,0.1421416730001455,0.047452859450307416,0.23732054652834597,0.16501843031766156,0.18649203409396176,0.011771479576666707,0.13539854926542164,0.058802842803678215,18.61201521842262,0.759922431631556,0.9988333917761345,1.0,0.1421416730001455,0.047452859450307416,0.23732054652834597,0.16501843031766156,0.18649203409396176,0.011771479576666707,0.13539854926542164,0.058802842803678215,18.61201521842262,0.759922431631556,0.9988333917761345,1.0,0.14525893929739103,0.049922797323900446,0.24350535864809525,0.16825386434933576,0.19026378016257733,0.01822110671135123,0.13791151114085493,0.059894208279412095,18.938927454311425,0.7536626296177841,0.9806589650614805,1.0,0.14075565594427686,0.04686463903204304,0.23765091295862234,0.16566200317402607,0.18615455133548892,0.0035785312959034313,0.13517109921549508,0.058704062502086526,18.612015231210567,0.7517764042649115,0.9998882522262854,1.0,0.011257498059421778,0.26987349707633257,0.0709287878125906,ok,
759xd9YjKW5,db3dafef140f44508a4130b29e3dc1bc,db3dafef140f44508a4130b29e3dc1bc_i0_2,0,2,/home/bgao491/Matterport3D/v1/scans/759xd9YjKW5/undistorted_color_images/db3dafef140f44508a4130b29e3dc1bc_i0_2.jpg,/home/bgao491/Matterport3D/v1/scans/759xd9YjKW5/undistorted_depth_images/db3dafef140f44508a4130b29e3dc1bc_d0_2.png,1024,1280,406,504,1.4155678118069965,1238800,0.94512939453125,-12.470000267028809,-5.111909866333008,1.5527900457382202,True,86744,0.4239189928845101,True,,1.0,86744,0.9818560481071472,-0.01831057189536525,1.066371407603322,0.08257224934337261,log-depth Laplacian fallback,,,,0.08224543749796116,0.03570411773066538,0.33120424411346805,0.23578120038413716,0.11573094601575082,-0.06241514698244997,0.08618597017999348,0.037430091266649375,9.745768975745216,0.9261624152405554,0.9962463674523733,0.9992516951888925,0.0917422150445781,0.04198138583502129,0.36292915044565477,0.26501996918098175,0.1265489746115984,-0.08072571885820706,0.09727099863574183,0.042244257956721425,9.745768974315308,0.9109089441394899,0.9964740071036486,0.9998135292218275,0.0917422150445781,0.04198138583502129,0.36292915044565477,0.26501996918098175,0.1265489746115984,-0.08072571885820706,0.09727099863574183,0.042244257956721425,9.745768974315308,0.9109089441394899,0.9964740071036486,0.9998135292218275,0.09029056239309949,0.04038728675666599,0.3528106938948156,0.2552438475362401,0.12538347223869345,-0.07787562769630507,0.09565976833287083,0.04154450952710925,9.826699202447227,0.9106094607684856,0.9965515014530191,0.998736680658702,0.07106665642443626,0.024997403301245988,0.25195814016218043,0.1725425728096052,0.09747518186382552,0.0018465617270853282,0.0702603047378398,0.03051366264448471,9.745768973854203,0.9783387148853729,0.9954730384242816,0.9981231837261866,0.012601919006556273,0.2726127440109849,0.07268836698494852,ok,
759xd9YjKW5,db3dafef140f44508a4130b29e3dc1bc,db3dafef140f44508a4130b29e3dc1bc_i0_4,0,4,/home/bgao491/Matterport3D/v1/scans/759xd9YjKW5/undistorted_color_images/db3dafef140f44508a4130b29e3dc1bc_i0_4.jpg,/home/bgao491/Matterport3D/v1/scans/759xd9YjKW5/undistorted_depth_images/db3dafef140f44508a4130b29e3dc1bc_d0_4.png,1024,1280,406,504,1.4155678118069965,1254077,0.9567848205566406,-12.462800025939941,-5.1360602378845215,1.552839994430542,True,44854,0.21920204863554618,True,,1.0,44854,0.9463187456130981,-0.055175826287530365,1.1136897378994652,0.16285441724111413,log-depth Laplacian fallback,,,,0.11830360761166149,0.05883584516690584,0.45943004297235346,0.39867107690334597,0.13915157679050233,-0.09620203123576494,0.12441810780574218,0.05403409766887772,10.054019350188247,0.9312195343667096,0.9973239282755365,0.9999059068940743,0.15461358660836969,0.09616681986173395,0.5990672640589962,0.5321476488716211,0.18172392868378354,-0.1513778575624909,0.16824524691207654,0.07306798234036496,10.054019343555622,0.785910275046907,0.998779181820574,0.9999992026007972,0.15461358660836969,0.09616681986173395,0.5990672640589962,0.5321476488716211,0.18172392868378354,-0.1513778575624909,0.16824524691207654,0.07306798234036496,10.054019343555622,0.785910275046907,0.998779181820574,0.9999992026007972,0.14257960676967496,0.08519703928244994,0.5639683290137517,0.4899665054293024,0.1705844146012159,-0.14250088010807327,0.15466413537180454,0.06716978054031228,9.37685537547852,0.8146708694920647,0.9987704104293437,1.0,0.0699865160188225,0.030238732531917712,0.2781258075796317,0.18952869521901095,0.10119309669105798,0.011476597771888373,0.06673188052325513,0.02898128747827681,10.054019356211773,0.9598126749792876,0.9928090539895078,0.9996060847938364,0.023479181807488203,0.2780746570788324,0.07154116802848876,ok,
759xd9YjKW5,db3dafef140f44508a4130b29e3dc1bc,db3dafef140f44508a4130b29e3dc1bc_i0_5,0,5,/home/bgao491/Matterport3D/v1/scans/759xd9YjKW5/undistorted_color_images/db3dafef140f44508a4130b29e3dc1bc_i0_5.jpg,/home/bgao491/Matterport3D/v1/scans/759xd9YjKW5/undistorted_depth_images/db3dafef140f44508a4130b29e3dc1bc_d0_5.png,1024,1280,406,504,1.4155678118069965,1137231,0.8676383972167969,-12.476799964904785,-5.140210151672363,1.552549958229065,True,127521,0.6231966924700915,True,,1.0,127521,1.0467125177383423,0.04565431704894236,1.1142172458907005,0.06249781970788266,log-depth Laplacian fallback,,,,0.09972820114403703,0.03711286449489847,0.31861128152469653,0.23512738882260031,0.12728333948037865,-0.09002092473487142,0.10458083459454308,0.04541887937724676,8.998489661690973,0.9864935092342717,0.9904285057301463,1.0,0.07560093994164108,0.02430333966703266,0.248949874374241,0.1714755195848487,0.10032784993862695,-0.04436660770076629,0.0765069345183745,0.033226539488663456,8.998489647954235,0.9871908169932054,0.9887445910285597,1.0,0.07560093994164108,0.02430333966703266,0.248949874374241,0.1714755195848487,0.10032784993862695,-0.04436660770076629,0.0765069345183745,0.033226539488663456,8.998489647954235,0.9871908169932054,0.9887445910285597,1.0,0.0908385306970253,0.028668475831907327,0.26762355392560183,0.1920390653038267,0.11166123030033182,-0.03449814647157399,0.09156859440025937,0.03976773526366964,10.619843804034769,0.9871380572636518,0.9887445910285597,1.0,0.06634312235354008,0.01775302567802987,0.18122348204622288,0.11118000636253028,0.09179337457062338,0.01813124380989617,0.0629603752123627,0.02734334353328739,8.998489658253138,0.9864513014506288,0.988063111188492,1.0,0.011484056012704968,0.27102331002242863,0.07472432614304125,ok,
759xd9YjKW5,db3dafef140f44508a4130b29e3dc1bc,db3dafef140f44508a4130b29e3dc1bc_i1_0,1,0,/home/bgao491/Matterport3D/v1/scans/759xd9YjKW5/undistorted_color_images/db3dafef140f44508a4130b29e3dc1bc_i1_0.jpg,/home/bgao491/Matterport3D/v1/scans/759xd9YjKW5/undistorted_depth_images/db3dafef140f44508a4130b29e3dc1bc_d1_0.png,1024,1280,406,504,1.4121168655554452,245670,0.18743133544921875,-12.477399826049805,-5.127180099487305,1.5858399868011475,True,204624,1.0,True,,1.0,204624,0.9817361831665039,-0.018432659301175006,0.6797131601124053,0.36765173386742167,log-depth Laplacian fallback,,,,0.38372976089132527,0.2059566054962257,0.5030674586266326,0.46072506996118606,0.3384114045508264,0.31850555568249467,0.31850555568249467,0.13832520528843642,11.435248020680794,0.26246183905238735,0.9999674359913705,1.0,0.35845757377942006,0.18236702629996135,0.47359146659445867,0.4311396850224413,0.32112339179028526,0.30007289624066674,0.30007289624066674,0.1303200030060486,11.435248006333353,0.2627752676354459,0.9999674359913705,1.0,0.35845757377942006,0.18236702629996135,0.47359146659445867,0.4311396850224413,0.32112339179028526,0.30007289624066674,0.30007289624066674,0.1303200030060486,11.435248006333353,0.2627752676354459,0.9999674359913705,1.0,0.35048646378561976,0.19314655078864484,0.4888093744124716,0.4272502383333901,0.3264512333498645,0.289788327673644,0.289788327673644,0.125853471628635,15.031012241283156,0.26264908210200677,0.9999755769935279,1.0,0.070077869865206,0.013462817025345025,0.11499888573801056,0.07094865442462645,0.13282839726317824,-0.06757879405849072,0.07812437473262017,0.03392898484851878,11.435248013534641,0.7390442463467253,1.0,1.0,0.011382475029677153,0.27669991785660386,0.07475694082677364,ok,
759xd9YjKW5,db3dafef140f44508a4130b29e3dc1bc,db3dafef140f44508a4130b29e3dc1bc_i1_1,1,1,/home/bgao491/Matterport3D/v1/scans/759xd9YjKW5/undistorted_color_images/db3dafef140f44508a4130b29e3dc1bc_i1_1.jpg,/home/bgao491/Matterport3D/v1/scans/759xd9YjKW5/undistorted_depth_images/db3dafef140f44508a4130b29e3dc1bc_d1_1.png,1024,1280,406,504,1.4121168655554452,953052,0.7271209716796875,-12.47659969329834,-5.123770236968994,1.5858700275421143,True,204624,1.0,True,,1.0,204624,0.8902873992919922,-0.11621094783077128,0.9722019725985149,0.08801924246278067,log-depth Laplacian fallback,,,,0.04483060489197588,0.0030804819296598334,0.055733806383439964,0.04589964153650176,0.053609525901232066,0.028842289688990594,0.04365576593517987,0.01895945824890858,4.518964032664145,1.0,1.0,1.0,0.08365981782674697,0.009429875687554037,0.10261291125557422,0.08983022306505206,0.09836353988492708,-0.08736865792869652,0.08829064926573116,0.03834414177976242,4.518964029987464,0.9997985419473439,1.0,1.0,0.08365981782674697,0.009429875687554037,0.10261291125557422,0.08983022306505206,0.09836353988492708,-0.08736865792869652,0.08829064926573116,0.03834414177976242,4.518964029987464,0.9997985419473439,1.0,1.0,0.07952270890639135,0.008906468399319656,0.10045935024856642,0.08591388040024853,0.09493321993596543,-0.08192132038405903,0.08380961985433294,0.03639805543314602,4.7970965322189825,0.9988426654579183,1.0,1.0,0.03712587502871529,0.0021803135323918703,0.0486286600797029,0.039130029125113715,0.04519432278481822,0.0006505543041926909,0.037073490780827584,0.0161008124710045,4.5189640306995535,1.0,1.0,1.0,0.01042734901420772,0.2787583670578897,0.07154529495164752,ok,
759xd9YjKW5,db3dafef140f44508a4130b29e3dc1bc,db3dafef140f44508a4130b29e3dc1bc_i1_2,1,2,/home/bgao491/Matterport3D/v1/scans/759xd9YjKW5/undistorted_color_images/db3dafef140f44508a4130b29e3dc1bc_i1_2.jpg,/home/bgao491/Matterport3D/v1/scans/759xd9YjKW5/undistorted_depth_images/db3dafef140f44508a4130b29e3dc1bc_d1_2.png,1024,1280,406,504,1.4121168655554452,1234203,0.9416221618652344,-12.473199844360352,-5.122769832611084,1.5859400033950806,True,191866,0.9376514973805614,True,,1.0,191866,1.0259661674499512,0.025634771009904734,1.0114960828973905,0.0142042659598167,log-depth Laplacian fallback,,,,0.04861574885374822,0.06017932932434554,0.45297061415788986,0.1679497110706629,0.10005867816470107,-0.0048528258334566785,0.04401077969425699,0.01911363876547549,9.994092834018184,0.9801102411839867,0.9862226878398448,0.9943453386517453,0.05039181109052272,0.06292511488909724,0.4493130292131949,0.14212800765705674,0.10207878537966396,0.020781945168681325,0.04454741220341749,0.019346695303013788,9.994092845072743,0.9779971366136689,0.9857948813930933,0.9926819169942059,0.05039181109052272,0.06292511488909724,0.4493130292131949,0.14212800765705674,0.10207878537966396,0.020781945168681325,0.04454741220341749,0.019346695303013788,9.994092845072743,0.9779971366136689,0.9857948813930933,0.9926819169942059,0.06094465070864007,0.06401270731088168,0.46271491874740334,0.18113617407600677,0.10779973626796395,0.021799513017641225,0.05487772269504327,0.023833092145874153,10.557255501140565,0.9795390223488356,0.9857713844481013,0.9936444814993968,0.04765729194010986,0.06085202155893207,0.4484370152121143,0.15087450187066792,0.10015715060798196,0.006577663536384878,0.04250478207672612,0.01845959231042239,9.994092835426382,0.9792611102063437,0.9860436249142159,0.9937789812534891,0.017623867141082883,0.2731272529345006,0.07468507601879537,ok,
759xd9YjKW5,db3dafef140f44508a4130b29e3dc1bc,db3dafef140f44508a4130b29e3dc1bc_i1_3,1,3,/home/bgao491/Matterport3D/v1/scans/759xd9YjKW5/undistorted_color_images/db3dafef140f44508a4130b29e3dc1bc_i1_3.jpg,/home/bgao491/Matterport3D/v1/scans/759xd9YjKW5/undistorted_depth_images/db3dafef140f44508a4130b29e3dc1bc_d1_3.png,1024,1280,406,504,1.4121168655554452,1067954,0.8147842407226562,-12.47070026397705,-5.125179767608643,1.5859800577163696,True,106944,0.5226366408632418,True,,1.0,106944,0.9820957779884338,-0.018066441790652994,1.0162109713236873,0.034147418331523,log-depth Laplacian fallback,,,,0.03843717828134906,0.01662856483733034,0.259003156928553,0.15907830016019886,0.06247619819562093,-0.008684278701942027,0.03779570489636024,0.016414466076132953,6.186969083812772,0.9834665163480824,0.9981319420124837,0.9999784634918732,0.04845030882125996,0.019528706731311067,0.29184561434904144,0.2121014189783065,0.06740519042060718,-0.026750720385953664,0.04858835329439807,0.021101653720522758,6.186969091947072,0.983982456173206,0.9983304524352172,1.0,0.04845030882125996,0.019528706731311067,0.29184561434904144,0.2121014189783065,0.06740519042060718,-0.026750720385953664,0.04858835329439807,0.021101653720522758,6.186969091947072,0.983982456173206,0.9983304524352172,1.0,0.04595819887634821,0.01945247120805344,0.28883510457437334,0.1981583854602748,0.06738411363953295,-0.022863366554154767,0.046081629224471884,0.020012997289299752,6.338679074378074,0.9842212305024374,0.998145987561262,1.0,0.034663685254039914,0.016419383680586166,0.2492958173506248,0.13465677522212005,0.06231026351929204,0.007396641089612777,0.03344498197501662,0.014524971119103442,6.1869690806040625,0.9844487683926462,0.997967140906818,0.9997799530691397,0.01227504899725318,0.26496046013198793,0.07127863098867238,ok,
759xd9YjKW5,db3dafef140f44508a4130b29e3dc1bc,db3dafef140f44508a4130b29e3dc1bc_i1_4,1,4,/home/bgao491/Matterport3D/v1/scans/759xd9YjKW5/undistorted_color_images/db3dafef140f44508a4130b29e3dc1bc_i1_4.jpg,/home/bgao491/Matterport3D/v1/scans/759xd9YjKW5/undistorted_depth_images/db3dafef140f44508a4130b29e3dc1bc_d1_4.png,1024,1280,406,504,1.4121168655554452,1210857,0.9238105773925781,-12.471500396728516,-5.128590106964111,1.5859500169754028,True,128409,0.6275363593713348,True,,1.0,128409,0.9844964742660522,-0.015624962152587116,1.0148640086338103,0.030379584028429663,log-depth Laplacian fallback,,,,0.05137570721000127,0.04470638695604021,0.37340478116892506,0.19477393267307108,0.09661212821189319,-0.0008308252882824196,0.047267549768704335,0.02052803603763563,9.660855576485778,0.9763663256685141,0.9896825141201645,0.9953256247434669,0.05902507330741707,0.04565971354742268,0.3909198807305798,0.2377741123944313,0.09800003055769228,-0.016455787355042627,0.05577517634207859,0.024222851312545517,9.660855579002432,0.9772450421478341,0.9903473325091237,0.9954040815719776,0.05902507330741707,0.04565971354742268,0.3909198807305798,0.2377741123944313,0.09800003055769228,-0.016455787355042627,0.05577517634207859,0.024222851312545517,9.660855579002432,0.9772450421478341,0.9903473325091237,0.9954040815719776,0.05523154296942873,0.04545082872617593,0.38490693026362194,0.21770683175218886,0.09719378958136399,-0.010761189490101521,0.051878639225022366,0.022530606744076805,9.659621904580213,0.9769312148337913,0.9903613721521204,0.9953644402270458,0.0490618552910864,0.04583267799785867,0.36925715571063256,0.1781633634040638,0.0976067827716353,0.013923756459529852,0.04422000017629862,0.01920450206632731,9.660855577579506,0.9752125973587302,0.9886361477862373,0.9951951386497332,0.011774047976359725,0.27095395396463573,0.07113677496090531,ok,
759xd9YjKW5,db3dafef140f44508a4130b29e3dc1bc,db3dafef140f44508a4130b29e3dc1bc_i1_5,1,5,/home/bgao491/Matterport3D/v1/scans/759xd9YjKW5/undistorted_color_images/db3dafef140f44508a4130b29e3dc1bc_i1_5.jpg,/home/bgao491/Matterport3D/v1/scans/759xd9YjKW5/undistorted_depth_images/db3dafef140f44508a4130b29e3dc1bc_d1_5.png,1024,1280,406,504,1.4121168655554452,993562,0.7580276489257812,-12.474900245666504,-5.129580020904541,1.5858800411224365,True,196537,0.9604787317225741,True,,1.0,196537,0.9577075242996216,-0.04321284585013209,1.0022463662323702,0.045456692774031526,log-depth Laplacian fallback,,,,0.07562196592415997,0.04382815206903565,0.3833836459993761,0.2133069056559947,0.10348669798470313,0.02952635499209982,0.07084063800212065,0.0307656981788268,9.918513507909166,0.9849531282396066,0.9925772120914447,0.9965558264104304,0.07806617219996788,0.044279958173423735,0.4227415710053334,0.2709983689548841,0.10012497720313553,-0.013686490964111918,0.07657285798158282,0.033255169684962824,9.918513510107092,0.9884556776527282,0.9929918817346074,0.9969805608507571,0.07806617219996788,0.044279958173423735,0.4227415710053334,0.2709983689548841,0.10012497720313553,-0.013686490964111918,0.07657285798158282,0.033255169684962824,9.918513510107092,0.9884556776527282,0.9929918817346074,0.9969805608507571,0.065544919822257,0.03883899190155255,0.37995574866264736,0.21485655674772297,0.09171536325933535,-0.016165600905698248,0.06419970340272772,0.02788157692763006,9.027946170170448,0.9883711333565495,0.9929184087153091,0.9968648156833695,0.0757619773865447,0.04414568876917231,0.3830734203819862,0.21104801131083895,0.10414911237987204,0.03177021548220381,0.0708108176365136,0.03075274735859534,9.918513506433085,0.9847115731076672,0.9925429917810866,0.9965487810524154,0.011340114986523986,0.2729724640958011,0.07160968706011772,ok,
759xd9YjKW5,db3dafef140f44508a4130b29e3dc1bc,db3dafef140f44508a4130b29e3dc1bc_i2_0,2,0,/home/bgao491/Matterport3D/v1/scans/759xd9YjKW5/undistorted_color_images/db3dafef140f44508a4130b29e3dc1bc_i2_0.jpg,/home/bgao491/Matterport3D/v1/scans/759xd9YjKW5/undistorted_depth_images/db3dafef140f44508a4130b29e3dc1bc_d2_0.png,1024,1280,406,504,1.4165615917841592,539950,0.41194915771484375,-12.48859977722168,-5.1304497718811035,1.6188600063323975,True,204624,1.0,True,,1.0,204624,0.8959566354751587,-0.10986326508561205,1.1481047465650571,0.24797580147311787,log-depth Laplacian fallback,,,,0.13665197538604415,0.028388811291766777,0.18826664580484598,0.15977745085041195,0.1728737183644626,-0.14241091282565066,0.14975830885640865,0.06503920715550116,9.800231838747726,0.9222261320492638,0.9685230113899436,1.0,0.22137417838762585,0.06331657362320042,0.27717560231524974,0.2566046219813028,0.27064130380407775,-0.2522741780658378,0.2541438555080877,0.11037327405677987,9.80023183704196,0.23282340957496064,0.939220298175757,0.999857394203167,0.22137417838762585,0.06331657362320042,0.27717560231524974,0.2566046219813028,0.27064130380407775,-0.2522741780658378,0.2541438555080877,0.11037327405677987,9.80023183704196,0.23282340957496064,0.939220298175757,0.999857394203167,0.23445094360098684,0.07138670175942484,0.2934290714118926,0.2706195835898746,0.2918309931587335,-0.2705816145937412,0.2722660624502295,0.11824364853166082,10.932025618272615,0.17300490786183906,0.9346254282803963,0.9957551625150477,0.0500733482179295,0.011326431182934226,0.12089747853588288,0.06303428090295368,0.09809653479512107,-0.0042983413428644,0.05110532986050529,0.022194762754262923,9.800231834253013,0.9276395962589129,0.9983109547180294,0.999992591906658,0.009917357005178928,0.2708071949891746,0.07476265798322856,ok,
759xd9YjKW5,db3dafef140f44508a4130b29e3dc1bc,db3dafef140f44508a4130b29e3dc1bc_i2_1,2,1,/home/bgao491/Matterport3D/v1/scans/759xd9YjKW5/undistorted_color_images/db3dafef140f44508a4130b29e3dc1bc_i2_1.jpg,/home/bgao491/Matterport3D/v1/scans/759xd9YjKW5/undistorted_depth_images/db3dafef140f44508a4130b29e3dc1bc_d2_1.png,1024,1280,406,504,1.4165615917841592,898382,0.6854110717773437,-12.485300064086914,-5.116300106048584,1.618980050086975,True,204624,1.0,True,,1.0,204624,0.9537408947944641,-0.04736324317141125,1.223235544507789,0.24886267700504378,log-depth Laplacian fallback,,,,0.17152121126175063,0.04640341021248866,0.2665084689874589,0.2502501160641177,0.197475979594519,-0.18422143576417074,0.1895071072179876,0.08230189094621992,7.11282301326443,0.8379275185834089,1.0,1.0,0.2058351598930495,0.06687573295328583,0.3201200262387822,0.3009481751156947,0.24226161179496752,-0.23158467872941854,0.2327419739192584,0.10107855498040444,7.112823017120242,0.23774519079856898,0.9998430511742221,1.0,0.2058351598930495,0.06687573295328583,0.3201200262387822,0.3009481751156947,0.24226161179496752,-0.23158467872941854,0.2327419739192584,0.10107855498040444,7.112823017120242,0.23774519079856898,0.9998430511742221,1.0,0.20698956961848408,0.06770770502220778,0.318280332339374,0.2984375488825734,0.24988989114019106,-0.234893200930917,0.2354200022409465,0.10224160790289427,8.526512681327803,0.457756277396475,0.9996605007669344,1.0,0.0429424066191478,0.007128202658792674,0.08890598698456095,0.05228833378496223,0.07319667160750441,0.017277951783066656,0.04058986201266914,0.017627953093316627,7.112823009606569,0.9565062523514496,0.9993221146461082,1.0,0.010927859926596284,0.2722227650228888,0.07495973398908973,ok,
759xd9YjKW5,db3dafef140f44508a4130b29e3dc1bc,db3dafef140f44508a4130b29e3dc1bc_i2_2,2,2,/home/bgao491/Matterport3D/v1/scans/759xd9YjKW5/undistorted_color_images/db3dafef140f44508a4130b29e3dc1bc_i2_2.jpg,/home/bgao491/Matterport3D/v1/scans/759xd9YjKW5/undistorted_depth_images/db3dafef140f44508a4130b29e3dc1bc_d2_2.png,1024,1280,406,504,1.4165615917841592,1220092,0.9308563232421875,-12.47130012512207,-5.112150192260742,1.6192699670791626,True,204624,1.0,True,,1.0,204624,1.0428862571716309,0.04199211654514703,1.0701063942901923,0.02576596090151117,log-depth Laplacian fallback,,,,0.06929199540568912,0.016726847357292202,0.1880283047351411,0.1383517270385544,0.08632195281984262,-0.057892364587149095,0.07001133083464181,0.030405534652187913,6.403088052759964,0.9887541267379837,0.9946143405579252,0.9987943532127086,0.035922704603818,0.012076155334396814,0.15484074666203604,0.06839519843724838,0.06597553743458899,-0.01590024807495085,0.03447722343210786,0.014973267887909928,6.403088044793602,0.9877853473344633,0.9938119420502716,0.9982845555908899,0.035922704603818,0.012076155334396814,0.15484074666203604,0.06839519843724838,0.06597553743458899,-0.01590024807495085,0.03447722343210786,0.014973267887909928,6.403088044793602,0.9877853473344633,0.9938119420502716,0.9982845555908899,0.036207407118302205,0.012298752462198942,0.15552386389227327,0.06797045511917706,0.06770923964371701,-0.01607869617650044,0.034891368723562424,0.015153128902694867,6.577246127669308,0.9878222297990643,0.9939488169744577,0.9982083318307144,0.029142188776672323,0.012704420234972072,0.1582723864364448,0.05926457519578703,0.06478646326362646,0.009865706150883726,0.02688818637444376,0.011677390970807125,6.403088055269611,0.9872091612763627,0.9926317031830386,0.9980140841838157,0.015369568020105362,0.26838034903630614,0.07448187284171581,ok,
759xd9YjKW5,db3dafef140f44508a4130b29e3dc1bc,db3dafef140f44508a4130b29e3dc1bc_i2_3,2,3,/home/bgao491/Matterport3D/v1/scans/759xd9YjKW5/undistorted_color_images/db3dafef140f44508a4130b29e3dc1bc_i2_3.jpg,/home/bgao491/Matterport3D/v1/scans/759xd9YjKW5/undistorted_depth_images/db3dafef140f44508a4130b29e3dc1bc_d2_3.png,1024,1280,406,504,1.4165615917841592,1216040,0.927764892578125,-12.460800170898438,-5.122159957885742,1.6194499731063843,True,193372,0.9450113378684807,True,,1.0,193372,1.0269685983657837,0.026611354398908486,1.0661778312627768,0.03746877850367982,log-depth Laplacian fallback,,,,0.0712643527832848,0.014653253455583971,0.1751483474852246,0.12975653293615014,0.0928318638881116,-0.06043227792071329,0.07346252258582127,0.03190436818571519,7.046768577337096,0.9851263116344857,0.9979030295056084,0.9996060984836025,0.053938772713908276,0.011347883732795798,0.15083609590463898,0.09433701298514548,0.07816360784793847,-0.03382092359583961,0.054486454210049926,0.023663166401898878,7.046768563625945,0.9869255945528108,0.9974737673102858,0.9995016611295681,0.053938772713908276,0.011347883732795798,0.15083609590463898,0.09433701298514548,0.07816360784793847,-0.03382092359583961,0.054486454210049926,0.023663166401898878,7.046768563625945,0.9869255945528108,0.9974737673102858,0.9995016611295681,0.06271731422869702,0.013193230319234731,0.15706545440855646,0.1002678979649806,0.0900381186999735,-0.03907240167388479,0.06400209851900666,0.027795758217032895,8.111849509492346,0.98621838097431,0.9974244268280649,0.9994260057234959,0.0444968141598624,0.011413574292807229,0.15354895633006535,0.08615337338258489,0.07056204135741978,0.003647867881708479,0.043258501763432176,0.018786928611260696,7.0467685788904815,0.9856049143120292,0.9966029077990856,0.999195750139798,0.010710475035011768,0.2721576339099556,0.0720200939103961,ok,
759xd9YjKW5,db3dafef140f44508a4130b29e3dc1bc,db3dafef140f44508a4130b29e3dc1bc_i2_4,2,4,/home/bgao491/Matterport3D/v1/scans/759xd9YjKW5/undistorted_color_images/db3dafef140f44508a4130b29e3dc1bc_i2_4.jpg,/home/bgao491/Matterport3D/v1/scans/759xd9YjKW5/undistorted_depth_images/db3dafef140f44508a4130b29e3dc1bc_d2_4.png,1024,1280,406,504,1.4165615917841592,1244213,0.9492591857910156,-12.464099884033203,-5.13631010055542,1.6193300485610962,True,199880,0.9768160137618266,True,,1.0,199880,1.0541496276855469,0.05273440179454801,1.1225149274235329,0.0628372371241595,log-depth Laplacian fallback,,,,0.10139689349655766,0.025561687383653525,0.214788236976874,0.16081339774137787,0.12467885656745281,-0.08129757693049183,0.10539345208542289,0.04577179466943395,9.452788615111539,0.9861960934341628,0.9958865564015165,0.998151441915492,0.07795774760837301,0.023129292478875223,0.22000169900973093,0.139716660593942,0.09874905697384521,-0.02856317511149542,0.0772943925352195,0.033568528160109724,9.45278862599486,0.9843169939552151,0.9943498420286558,0.9977439554159939,0.07795774760837301,0.023129292478875223,0.22000169900973093,0.139716660593942,0.09874905697384521,-0.02856317511149542,0.0772943925352195,0.033568528160109724,9.45278862599486,0.9843169939552151,0.9943498420286558,0.9977439554159939,0.08636856117115611,0.025519658112649408,0.2264665173188223,0.14685557782234412,0.10994836483739918,-0.036841364365715036,0.08653501944682965,0.0375816814371487,10.359226226939182,0.984296097211651,0.9940572876187598,0.9977254698351488,0.06757345947992884,0.034863082187530085,0.29840697552974077,0.16223873847294412,0.10054966317771775,0.034274093825342265,0.062446106570177455,0.027119999499770467,9.452788613739399,0.9800018164092482,0.9916220132726471,0.9974610456569736,0.01372118596918881,0.2708097528666258,0.07478398806415498,ok,
759xd9YjKW5,db3dafef140f44508a4130b29e3dc1bc,db3dafef140f44508a4130b29e3dc1bc_i2_5,2,5,/home/bgao491/Matterport3D/v1/scans/759xd9YjKW5/undistorted_color_images/db3dafef140f44508a4130b29e3dc1bc_i2_5.jpg,/home/bgao491/Matterport3D/v1/scans/759xd9YjKW5/undistorted_depth_images/db3dafef140f44508a4130b29e3dc1bc_d2_5.png,1024,1280,406,504,1.4165615917841592,1119258,0.8539260864257813,-12.478099822998047,-5.1404500007629395,1.6190299987792969,True,204624,1.0,True,,1.0,204624,1.0551795959472656,0.053710985565385796,1.231144553958393,0.15423328281622467,log-depth Laplacian fallback,,,,0.20687487203291474,0.07739100693409508,0.39935948928808573,0.37964963956919484,0.24108601665597004,-0.2293690180554664,0.2327956079251089,0.10110184793318762,7.424500645372585,0.5741964765943152,0.9987357695902107,0.9999848113661015,0.1639474196947518,0.04878224154700849,0.3082308102611231,0.2930575023102109,0.19070413039653272,-0.17565803248525746,0.17989982399576934,0.07812950085672886,7.424500638902252,0.7428028211547293,0.9985097269798384,0.9994255122590144,0.1639474196947518,0.04878224154700849,0.3082308102611231,0.2930575023102109,0.19070413039653272,-0.17565803248525746,0.17989982399576934,0.07812950085672886,7.424500638902252,0.7428028211547293,0.9985097269798384,0.9994255122590144,0.16498181370490306,0.04903768392599119,0.29995145529863393,0.2865183107913803,0.1975620205837372,-0.17762945913853515,0.18196696213439462,0.07902724754366551,8.647847838208346,0.7242396301835681,0.9983149550863161,0.9992700521238177,0.050524082312005114,0.010665222660996683,0.13184180914336474,0.07992684964630066,0.07727445311622522,-0.021424754972951206,0.051076598161763305,0.022182284736043573,7.424500642306317,0.993176729583349,0.9969336828506028,0.998758105816532,0.010136520024389029,0.27239519101567566,0.07491503609344363,ok,
759xd9YjKW5,f155853c7e6c4761bc42e1a304c78b2a,f155853c7e6c4761bc42e1a304c78b2a_i0_0,0,0,/home/bgao491/Matterport3D/v1/scans/759xd9YjKW5/undistorted_color_images/f155853c7e6c4761bc42e1a304c78b2a_i0_0.jpg,/home/bgao491/Matterport3D/v1/scans/759xd9YjKW5/undistorted_depth_images/f155853c7e6c4761bc42e1a304c78b2a_d0_0.png,1024,1280,406,504,1.4155678118069965,1240583,0.9464897155761719,-6.216239929199219,-9.853460311889648,1.560289978981018,True,67344,0.32911095472671825,True,,1.0,67344,0.9838957190513611,-0.016235364119617537,1.1687351295625228,0.17215744229047003,log-depth Laplacian fallback,,,,0.15154547190585385,0.05730290140269726,0.41412346756036417,0.31756671886604304,0.1751957738332625,-0.16383977758675874,0.1653742811937182,0.07182113777114862,6.204906485481543,0.8876552395123906,0.9954739021895351,0.9962324165331945,0.1651473872319612,0.06592268817366367,0.4379167480775316,0.34496337628752255,0.1904655954956675,-0.1800751415999688,0.1815473044741307,0.07884499253752449,6.204906482188452,0.8389749013165584,0.9954900236421103,0.9963871824779156,0.1651473872319612,0.06592268817366367,0.4379167480775316,0.34496337628752255,0.1904655954956675,-0.1800751415999688,0.1815473044741307,0.07884499253752449,6.204906482188452,0.8389749013165584,0.9954900236421103,0.9963871824779156,0.15030046666221167,0.06279233771553493,0.44271859201622416,0.3281356812128044,0.18002415881164793,-0.16364430834016466,0.1649442906138382,0.07163439523503622,7.502824870480819,0.8472685825938289,0.9955222665472604,0.9964307103998684,0.0368465120420949,0.012477026978382164,0.24359515091012138,0.08167798616621114,0.06255218770718074,-0.007917684955240003,0.03731248617210618,0.01620460685063711,6.204906487533828,0.9947984133266375,0.9953239726805865,0.9990939743652782,0.013177167158573866,0.28379447292536497,0.07490525697357953,ok,
759xd9YjKW5,f155853c7e6c4761bc42e1a304c78b2a,f155853c7e6c4761bc42e1a304c78b2a_i0_5,0,5,/home/bgao491/Matterport3D/v1/scans/759xd9YjKW5/undistorted_color_images/f155853c7e6c4761bc42e1a304c78b2a_i0_5.jpg,/home/bgao491/Matterport3D/v1/scans/759xd9YjKW5/undistorted_depth_images/f155853c7e6c4761bc42e1a304c78b2a_d0_5.png,1024,1280,406,504,1.4155678118069965,1210238,0.9233383178710938,-6.219099998474121,-9.867730140686035,1.5605299472808838,True,79197,0.38703671123621863,True,,1.0,79197,1.0132708549499512,0.013183568549802587,1.0356871806786212,0.021881580539754877,log-depth Laplacian fallback,,,,0.05973998707812441,0.010703829178917131,0.14359074706171454,0.11240354885261179,0.0772269343654005,-0.041595729765115434,0.061816087930309314,0.026846385880979554,6.506761603736044,0.9989150894286909,0.9993414518466616,0.999738068049425,0.055516193326276414,0.009059504262154978,0.1303413507932984,0.10172097076462404,0.07100032102526789,-0.028412161343929324,0.056834263068541044,0.02468280683370515,6.506761616547532,0.998901042604843,0.9993108793476986,0.999717410955531,0.055516193326276414,0.009059504262154978,0.1303413507932984,0.10172097076462404,0.07100032102526789,-0.028412161343929324,0.056834263068541044,0.02468280683370515,6.506761616547532,0.998901042604843,0.9993108793476986,0.999717410955531,0.07944575794350131,0.014938559342328725,0.16124410212596454,0.138301811781997,0.09408442061145227,-0.015264321564080406,0.07972782361732564,0.03462535385116028,9.28379162248971,0.9989142631449351,0.999363761508067,0.9997694668321437,0.053309702620005145,0.007618475418677016,0.11565649742798917,0.09344430444986493,0.06539451653679211,-0.006530554150206249,0.053449928394408756,0.023213008959815675,6.506761602803657,0.9988142828104886,0.9992546920523071,0.9996752704839874,0.02290060487575829,0.27240753802470863,0.07480414398014545,ok,
759xd9YjKW5,f155853c7e6c4761bc42e1a304c78b2a,f155853c7e6c4761bc42e1a304c78b2a_i1_0,1,0,/home/bgao491/Matterport3D/v1/scans/759xd9YjKW5/undistorted_color_images/f155853c7e6c4761bc42e1a304c78b2a_i1_0.jpg,/home/bgao491/Matterport3D/v1/scans/759xd9YjKW5/undistorted_depth_images/f155853c7e6c4761bc42e1a304c78b2a_d1_0.png,1024,1280,406,504,1.4121168655554452,1196934,0.9131881713867187,-6.208469867706299,-9.860099792480469,1.5937999486923218,True,193020,0.9432911095472671,True,,1.0,193020,0.9712466597557068,-0.02917481642515705,0.817590703218728,0.17221861399076954,log-depth Laplacian fallback,,,,0.2100132093323842,0.17703774668043282,0.6287951470869552,0.3932622834330549,0.2142528082561296,0.17317173341641537,0.18308841681820634,0.07951428912454957,12.6157903403599,0.9024666355872588,0.989252540240314,0.9941074445207505,0.17941314658623078,0.15119648738645455,0.5971616926904225,0.34723211174328406,0.1914443225886866,0.14399691692212055,0.15816463923482188,0.06869003005190173,12.61579033131298,0.9493840094775484,0.9910003391999893,0.9943054504258381,0.17941314658623078,0.15119648738645455,0.5971616926904225,0.34723211174328406,0.1914443225886866,0.14399691692212055,0.15816463923482188,0.06869003005190173,12.61579033131298,0.9493840094775484,0.9910003391999893,0.9943054504258381,0.18472633739841426,0.1549017319230123,0.6101852049459157,0.35771332051563426,0.19598889351819598,0.14670631872673723,0.1628237517413926,0.07071345690407178,12.995731002192896,0.9440629140788047,0.989836532340129,0.9943146405733315,0.06177205576710326,0.1027660719427933,0.6708736492486614,0.26365737986811594,0.12927598408723354,-0.02822168443802062,0.059726604395409486,0.025938934711744844,12.615790339571852,0.9370717182401035,0.9899526623857289,0.9948384789804617,0.011737611843273044,0.2570739248767495,0.07159387110732496,ok,
759xd9YjKW5,f155853c7e6c4761bc42e1a304c78b2a,f155853c7e6c4761bc42e1a304c78b2a_i1_1,1,1,/home/bgao491/Matterport3D/v1/scans/759xd9YjKW5/undistorted_color_images/f155853c7e6c4761bc42e1a304c78b2a_i1_1.jpg,/home/bgao491/Matterport3D/v1/scans/759xd9YjKW5/undistorted_depth_images/f155853c7e6c4761bc42e1a304c78b2a_d1_1.png,1024,1280,406,504,1.4121168655554452,986482,0.7526260375976562,-6.205160140991211,-9.858980178833008,1.5938299894332886,True,94258,0.4606400031276879,True,,1.0,94258,0.9693515300750732,-0.031127956743456236,0.993108452184117,0.024212552543806304,log-depth Laplacian fallback,,,,0.042246555346355,0.025979501019034533,0.3528933512642044,0.14670763932356953,0.08269877250017252,0.006518577229096034,0.042010190032122544,0.01824479371465782,8.244146483380558,0.9764648518675455,0.9873935865023387,0.9999776985287111,0.04681450676287706,0.02479561111621722,0.34293634416283025,0.16617378983834655,0.08603613604543744,-0.024609379547749204,0.04791265682227826,0.02080820247123963,8.244146495486264,0.9773923903325149,0.9886333455653524,0.9997759715838708,0.04681450676287706,0.02479561111621722,0.34293634416283025,0.16617378983834655,0.08603613604543744,-0.024609379547749204,0.04791265682227826,0.02080820247123963,8.244146495486264,0.9773923903325149,0.9886333455653524,0.9997759715838708,0.048333981379064285,0.025945791179041,0.3373758459161883,0.16341122509411876,0.08856620759125997,-0.013291218703915614,0.04891379286917831,0.02124299033204276,8.756321506467678,0.9765530440494606,0.988443783059397,0.9998661911722667,0.041269530134718416,0.025064860298128343,0.3461318378290148,0.14219298238814848,0.08244241989100685,-0.00039682774541513434,0.04132115676952156,0.017945550370862425,8.24414648415805,0.9766706336253475,0.9876044367763426,0.9999776985287111,0.021866496186703444,0.27531986497342587,0.07144527207128704,ok,
759xd9YjKW5,f155853c7e6c4761bc42e1a304c78b2a,f155853c7e6c4761bc42e1a304c78b2a_i1_4,1,4,/home/bgao491/Matterport3D/v1/scans/759xd9YjKW5/undistorted_color_images/f155853c7e6c4761bc42e1a304c78b2a_i1_4.jpg,/home/bgao491/Matterport3D/v1/scans/759xd9YjKW5/undistorted_depth_images/f155853c7e6c4761bc42e1a304c78b2a_d1_4.png,1024,1280,406,504,1.4121168655554452,1273089,0.9712898254394531,-6.2065300941467285,-9.865839958190918,1.5939500331878662,True,77410,0.3783036202986942,True,,1.0,77410,0.978147566318512,-0.022094734523188612,1.0162640331121038,0.03822792502812973,log-depth Laplacian fallback,,,,0.04091122110820443,0.014442860088013602,0.2319114731601769,0.15222980228680097,0.060283621945082716,-0.006740269544750789,0.040356139940141575,0.017526448886918906,5.990562445448477,0.9868917255588573,0.9994721500225043,0.999961510939141,0.050685632658700366,0.01665848297476161,0.256123129092166,0.19438122032775618,0.06648414315582038,-0.02883500407510944,0.05113517284443167,0.022207723397505676,5.990562436993742,0.988687358071588,0.9994336609616452,0.9999418736631924,0.050685632658700366,0.01665848297476161,0.256123129092166,0.19438122032775618,0.06648414315582038,-0.02883500407510944,0.05113517284443167,0.022207723397505676,5.990562436993742,0.988687358071588,0.9994336609616452,0.9999418736631924,0.04027178583859617,0.013996670411857806,0.23084545515914592,0.15131366571389515,0.06047318442742609,-0.018257948458768696,0.04033237747454451,0.017516128979233693,5.765113487929301,0.9883228902299839,0.9994580111838214,0.9999544415197995,0.0382696988266187,0.01532327978222536,0.237725578131333,0.14345415382065446,0.06063754355139882,0.009392968067373681,0.037084006596264936,0.01610537943162165,5.9905624434046985,0.9848078178352024,0.9993346890908649,0.9999528705377236,0.011619394179433584,0.27169668208807707,0.07169089699164033,ok,
759xd9YjKW5,f155853c7e6c4761bc42e1a304c78b2a,f155853c7e6c4761bc42e1a304c78b2a_i1_5,1,5,/home/bgao491/Matterport3D/v1/scans/759xd9YjKW5/undistorted_color_images/f155853c7e6c4761bc42e1a304c78b2a_i1_5.jpg,/home/bgao491/Matterport3D/v1/scans/759xd9YjKW5/undistorted_depth_images/f155853c7e6c4761bc42e1a304c78b2a_d1_5.png,1024,1280,406,504,1.4121168655554452,1193274,0.9103958129882812,-6.209159851074219,-9.863530158996582,1.5938600301742554,True,199041,0.9727158104621159,True,,1.0,199041,0.9105103611946106,-0.0937500002036479,0.894028227251342,0.018267929996780077,log-depth Laplacian fallback,,,,0.26522836043396464,0.20011393687373374,0.5380045324153933,0.3698069553451153,0.29149965654021215,0.20699607226506764,0.21463903350416236,0.09321654785190499,20.52429677964547,0.5061653903462239,0.9907741222887618,0.994571238458225,0.22112528861128425,0.13309932958356752,0.48998742604262757,0.39383085206894447,0.23441277413130107,0.11324607209929397,0.19281920916352918,0.08374031854466969,20.524296779674057,0.5073545556175698,0.9923303449165908,0.9954360859282948,0.22112528861128425,0.13309932958356752,0.48998742604262757,0.39383085206894447,0.23441277413130107,0.11324607209929397,0.19281920916352918,0.08374031854466969,20.524296779674057,0.5073545556175698,0.9923303449165908,0.9954360859282948,0.20332411945728263,0.1229470574969997,0.44957368690147703,0.32257622636108174,0.22497300943152498,0.12112230713292339,0.17572361027361436,0.07631579428194832,18.958439199331465,0.5069238079435234,0.9919976468103722,0.9953028390797084,0.21707232200045143,0.1270809493935663,0.5027998832645496,0.4136451714744993,0.22615376929177516,0.09497816348440963,0.19276844440272473,0.08371827168917716,20.524296778697735,0.507454281246386,0.9924979510154416,0.9954997762458581,0.011355119990184903,0.2695531521458179,0.0744581080507487,ok,
759xd9YjKW5,f155853c7e6c4761bc42e1a304c78b2a,f155853c7e6c4761bc42e1a304c78b2a_i2_0,2,0,/home/bgao491/Matterport3D/v1/scans/759xd9YjKW5/undistorted_color_images/f155853c7e6c4761bc42e1a304c78b2a_i2_0.jpg,/home/bgao491/Matterport3D/v1/scans/759xd9YjKW5/undistorted_depth_images/f155853c7e6c4761bc42e1a304c78b2a_d2_0.png,1024,1280,406,504,1.4165615917841592,1243326,0.9485824584960938,-6.217299938201904,-9.852149963378906,1.62677001953125,True,102084,0.4988857612010321,True,,1.0,102084,1.0362874269485474,0.03564454449769464,1.1048442960232072,0.06405987196719232,log-depth Laplacian fallback,,,,0.09882711738040743,0.01906775010845926,0.20091570529646377,0.17920772726047585,0.10766087840902235,-0.10002692692716535,0.10398970337685767,0.045162154351325215,3.9818069130858382,0.9973281343750553,0.9999895441742552,1.0,0.06729810365781394,0.009944625822125864,0.14563510344062175,0.12120662533468511,0.0757005270297957,-0.0643823824195558,0.06949720245140005,0.030182251532356187,3.9818069096465507,0.9958980991308796,0.9996469148075404,1.0,0.06729810365781394,0.009944625822125864,0.14563510344062175,0.12120662533468511,0.0757005270297957,-0.0643823824195558,0.06949720245140005,0.030182251532356187,3.9818069096465507,0.9958980991308796,0.9996469148075404,1.0,0.061333183262505045,0.00876636154211426,0.1309419996727469,0.10887604182599314,0.0730290367652505,-0.05755889103537347,0.06331347413596156,0.027496692447372333,4.494679380821631,0.9959383138452828,0.9996203730960344,1.0,0.023654870920858103,0.003525297065710768,0.08501627623924012,0.04589262547708372,0.03981937491656199,-0.0003224781479884343,0.02324361515180727,0.010094573799912715,3.9818069096702775,0.9928602796048663,0.9993316314466197,1.0,0.011366349877789617,0.27226828201673925,0.07159022195264697,ok,
759xd9YjKW5,f155853c7e6c4761bc42e1a304c78b2a,f155853c7e6c4761bc42e1a304c78b2a_i2_4,2,4,/home/bgao491/Matterport3D/v1/scans/759xd9YjKW5/undistorted_color_images/f155853c7e6c4761bc42e1a304c78b2a_i2_4.jpg,/home/bgao491/Matterport3D/v1/scans/759xd9YjKW5/undistorted_depth_images/f155853c7e6c4761bc42e1a304c78b2a_d2_4.png,1024,1280,406,504,1.4165615917841592,1253771,0.9565513610839844,-6.209229946136475,-9.876020431518555,1.627369999885559,True,41928,0.2049026507154586,True,,1.0,41928,0.9746910333633423,-0.025634747062284243,1.1054981973928504,0.12593083779545072,log-depth Laplacian fallback,,,,0.10064736496231005,0.027456410466051503,0.26237550031701345,0.24304286557029695,0.11386326609442568,-0.0996840548950722,0.10564586953990267,0.04588141817705059,5.502665322701553,0.9968367429139771,0.998360147108204,0.9988626312141532,0.1225220206771818,0.03903123131568394,0.3180819049192276,0.2977405942015263,0.13686758077662717,-0.12531880196186762,0.1303816835271587,0.05662404569710111,5.502665301913946,0.9970664499338396,0.998408002737342,0.9993164620971453,0.1225220206771818,0.03903123131568394,0.3180819049192276,0.2977405942015263,0.13686758077662717,-0.12531880196186762,0.1303816835271587,0.05662404569710111,5.502665301913946,0.9970664499338396,0.998408002737342,0.9993164620971453,0.11742636488130855,0.03418973317844691,0.2887197070398029,0.27164632993594423,0.13283002064354135,-0.11891996311613598,0.12470125757818376,0.054157068052601315,5.917648820790638,0.9971414237528224,0.9984016219867903,0.9990923382340157,0.03279531292020047,0.007517622722711301,0.12349641128987242,0.07040735874971006,0.05503005678816172,0.000612033385714123,0.03172116019645638,0.013776324832890078,5.5026653225896585,0.9919219698015028,0.9979860756071085,0.9986544592274028,0.01303831092081964,0.2772536398842931,0.07425963692367077,ok,
759xd9YjKW5,f155853c7e6c4761bc42e1a304c78b2a,f155853c7e6c4761bc42e1a304c78b2a_i2_5,2,5,/home/bgao491/Matterport3D/v1/scans/759xd9YjKW5/undistorted_color_images/f155853c7e6c4761bc42e1a304c78b2a_i2_5.jpg,/home/bgao491/Matterport3D/v1/scans/759xd9YjKW5/undistorted_depth_images/f155853c7e6c4761bc42e1a304c78b2a_d2_5.png,1024,1280,406,504,1.4165615917841592,1245212,0.9500213623046875,-6.220149993896484,-9.866410255432129,1.6270099878311157,True,124249,0.6072063883024474,True,,1.0,124249,1.0120964050292969,0.01202382821480541,0.9915426190755222,0.020517175717606324,log-depth Laplacian fallback,,,,0.03880335463401809,0.012996835024978398,0.15401249872101114,0.07640983079561815,0.06677374912395177,0.007574553240618524,0.03714302984589117,0.016131012903238325,6.634274425491824,0.9912239843496529,0.9972261751412611,0.9982027156821489,0.04257736807138665,0.014419979255836442,0.16661171096601668,0.08745702913069293,0.06917699239507297,0.019598381482653447,0.0404301945854078,0.017558610410717327,6.634274429120618,0.9905831296196953,0.9971378367699637,0.9981593495726029,0.04257736807138665,0.014419979255836442,0.16661171096601668,0.08745702913069293,0.06917699239507297,0.019598381482653447,0.0404301945854078,0.017558610410717327,6.634274429120618,0.9905831296196953,0.9971378367699637,0.9981593495726029,0.05069785734238874,0.01491577489138587,0.1627478658623771,0.09343991753106895,0.0748310429452767,0.028802875317039525,0.04806160690698873,0.020872890671108427,6.90657611392861,0.9904931850961924,0.9971611259769421,0.9982316264218463,0.03776242368463409,0.012363832669290585,0.14750270330804982,0.07143641706689427,0.06634910594952217,-0.0009187758391189978,0.03642625083051746,0.01581971973211747,6.634274422465783,0.991752408425232,0.9972880120011692,0.9982356418023598,0.011884249048307538,0.2847497700713575,0.07417277293279767,ok,
759xd9YjKW5,f346ec806ac7467c97fab5a2e36793dd,f346ec806ac7467c97fab5a2e36793dd_i0_0,0,0,/home/bgao491/Matterport3D/v1/scans/759xd9YjKW5/undistorted_color_images/f346ec806ac7467c97fab5a2e36793dd_i0_0.jpg,/home/bgao491/Matterport3D/v1/scans/759xd9YjKW5/undistorted_depth_images/f346ec806ac7467c97fab5a2e36793dd_d0_0.png,1024,1280,406,504,1.4155678118069965,1241266,0.9470108032226563,-3.0108699798583984,8.578189849853516,1.573099970817566,True,204624,1.0,True,,1.0,204624,0.8671197891235352,-0.14257814666646204,0.8277088331395979,0.046515690571642815,log-depth Laplacian fallback,,,,0.21283224124518446,0.09282123671173048,0.4273549775656165,0.3752237107367245,0.19992932804072358,0.19125035674777288,0.19125035674777288,0.08305897459758602,5.826694821822119,0.6793547877731284,0.9992120947484262,1.0,0.06319562448433014,0.012846986596930877,0.16421879405503803,0.11797794619183843,0.07592115174264875,0.04867221008534285,0.06040615227042684,0.02623405860405395,5.8266948155352605,0.998932541453645,1.0,1.0,0.06319562448433014,0.012846986596930877,0.16421879405503803,0.11797794619183843,0.07592115174264875,0.04867221008534285,0.06040615227042684,0.02623405860405395,5.8266948155352605,0.998932541453645,1.0,1.0,0.05282485451096807,0.008061565231201698,0.12981647027325235,0.09728344847904573,0.06088427106377229,0.0462572999165494,0.050988172615482545,0.022143882009234565,3.958732963205903,0.9990074649591627,1.0,1.0,0.04876169540589721,0.0062069125292040055,0.10911986315547491,0.08359556413424925,0.05830684234012166,0.0021565282504118336,0.0484817238858208,0.021055345156769063,5.8266948174595345,0.9991025291919702,1.0,1.0,0.010532804997637868,0.2568474030122161,0.07421870296820998,ok,
759xd9YjKW5,f346ec806ac7467c97fab5a2e36793dd,f346ec806ac7467c97fab5a2e36793dd_i0_1,0,1,/home/bgao491/Matterport3D/v1/scans/759xd9YjKW5/undistorted_color_images/f346ec806ac7467c97fab5a2e36793dd_i0_1.jpg,/home/bgao491/Matterport3D/v1/scans/759xd9YjKW5/undistorted_depth_images/f346ec806ac7467c97fab5a2e36793dd_d0_1.png,1024,1280,406,504,1.4155678118069965,1248221,0.9523170471191407,-3.0140199661254883,8.592399597167969,1.5727299451828003,True,204624,1.0,True,,1.0,204624,1.1254287958145142,0.11816411487159867,1.1907684764571655,0.05643476236204037,log-depth Laplacian fallback,,,,0.16966309070183633,0.05603063779434476,0.33861387761183437,0.3276747873208985,0.19285606974073244,-0.1870254750220338,0.1870254750220338,0.08122413177740379,4.706309943708416,0.7626221638636107,1.0,1.0,0.06830563105299158,0.009969709955369615,0.13279498872097492,0.12313549835786218,0.08340756715334495,-0.06886136017991444,0.07161374526765532,0.031101454398167812,4.706309947944187,1.0,1.0,1.0,0.06830563105299158,0.009969709955369615,0.13279498872097492,0.12313549835786218,0.08340756715334495,-0.06886136017991444,0.07161374526765532,0.031101454398167812,4.706309947944187,1.0,1.0,1.0,0.06533729030870579,0.009952965427809077,0.14568415050202926,0.12753000983914584,0.07593982028803627,-0.06798567070133006,0.06812857388836598,0.029587863699655298,3.3834965415521805,0.999851789066199,1.0,1.0,0.034869602313700135,0.0034715633954425875,0.0750512592540876,0.05759956606860162,0.048676026755984945,-0.012426594556203688,0.03545425105781399,0.015397585594421137,4.706309943559913,1.0,1.0,1.0,0.00997106684371829,0.2675826281774789,0.07252432988025248,ok,
759xd9YjKW5,f346ec806ac7467c97fab5a2e36793dd,f346ec806ac7467c97fab5a2e36793dd_i0_2,0,2,/home/bgao491/Matterport3D/v1/scans/759xd9YjKW5/undistorted_color_images/f346ec806ac7467c97fab5a2e36793dd_i0_2.jpg,/home/bgao491/Matterport3D/v1/scans/759xd9YjKW5/undistorted_depth_images/f346ec806ac7467c97fab5a2e36793dd_d0_2.png,1024,1280,406,504,1.4155678118069965,1251914,0.9551345825195312,-3.0032899379730225,8.602219581604004,1.57260000705719,True,204624,1.0,True,,1.0,204624,0.8671197891235352,-0.14257814666646204,0.8394063949599858,0.03248216295582476,log-depth Laplacian fallback,,,,0.19723845987757388,0.0828648814414814,0.42210943078532337,0.3923485699944757,0.18333020090046373,0.17923045743905436,0.17923045743905436,0.077838798654777,3.855393220401418,0.881831339852418,0.9983513244519991,0.999059040796732,0.0419060819288936,0.006624060067902161,0.11509012037341391,0.08369182405169119,0.05319584175711621,0.03665231090668239,0.04045304636034978,0.01756853481047633,3.8553932165838023,0.998126069362592,0.998776273769604,1.0,0.0419060819288936,0.006624060067902161,0.11509012037341391,0.08369182405169119,0.05319584175711621,0.03665231090668239,0.04045304636034978,0.01756853481047633,3.8553932165838023,0.998126069362592,0.998776273769604,1.0,0.040558526801450424,0.004797431374869197,0.0964074343364763,0.07632146170639047,0.046660790254846624,0.038673593141929606,0.03941876304049835,0.017119351271940284,2.6107135819528056,0.9982123372691735,0.9988841086528308,1.0,0.027184875257305216,0.003339274836240833,0.07906196397593747,0.05025599444531275,0.038778803283149206,0.004170119409298769,0.026785206566582828,0.011632667408505678,3.855393220133808,0.9982147335999119,0.9988825110990052,1.0,0.01065223291516304,0.2708758639637381,0.07444264111109078,ok,
759xd9YjKW5,f346ec806ac7467c97fab5a2e36793dd,f346ec806ac7467c97fab5a2e36793dd_i0_3,0,3,/home/bgao491/Matterport3D/v1/scans/759xd9YjKW5/undistorted_color_images/f346ec806ac7467c97fab5a2e36793dd_i0_3.jpg,/home/bgao491/Matterport3D/v1/scans/759xd9YjKW5/undistorted_depth_images/f346ec806ac7467c97fab5a2e36793dd_d0_3.png,1024,1280,406,504,1.4155678118069965,1227303,0.9363578796386719,-2.989419937133789,8.59784984588623,1.5728299617767334,True,204624,1.0,True,,1.0,204624,0.9830553531646729,-0.01708984997815385,0.974644987242885,0.008592139960657733,log-depth Laplacian fallback,,,,0.0536406539238964,0.02727287128946672,0.17731091681203084,0.08680555142160741,0.10315280655799873,0.036339773971845686,0.047004285687405056,0.020413701899844025,9.653974481252305,0.9837252903317274,0.9915611711207419,0.9931524652021546,0.04794263777223184,0.024506219798622948,0.16373916497516186,0.07402224551926177,0.09844024533189139,0.019249923985416757,0.04216672551156816,0.01831277620960313,9.653974480781809,0.9854632474621181,0.9916125031878843,0.9931989085009977,0.04794263777223184,0.024506219798622948,0.16373916497516186,0.07402224551926177,0.09844024533189139,0.019249923985416757,0.04216672551156816,0.01831277620960313,9.653974480781809,0.9854632474621181,0.9916125031878843,0.9931989085009977,0.03382127095358049,0.02377528867342866,0.15491293133291367,0.04496332996650474,0.0965688656867476,0.012143409668195139,0.028032875548397587,0.012174523162549666,9.580231428131308,0.9837497341732238,0.9917371667795157,0.9931369841025403,0.04698353890308882,0.023547829987273377,0.15905175461077722,0.070792429062261,0.09712625839638607,0.01065775504055467,0.041614652960708015,0.018073014147154322,9.653974480791364,0.9862153029854893,0.9916532429237116,0.9932249819319272,0.010660059051588178,0.2727664499543607,0.07487377990037203,ok,
759xd9YjKW5,f346ec806ac7467c97fab5a2e36793dd,f346ec806ac7467c97fab5a2e36793dd_i0_4,0,4,/home/bgao491/Matterport3D/v1/scans/759xd9YjKW5/undistorted_color_images/f346ec806ac7467c97fab5a2e36793dd_i0_4.jpg,/home/bgao491/Matterport3D/v1/scans/759xd9YjKW5/undistorted_depth_images/f346ec806ac7467c97fab5a2e36793dd_d0_4.png,1024,1280,406,504,1.4155678118069965,1225333,0.9348548889160156,-2.986269950866699,8.583649635314941,1.573199987411499,True,204624,1.0,True,,1.0,204624,1.0186035633087158,0.01843263370367367,1.0333980187545717,0.014419785954841235,log-depth Laplacian fallback,,,,0.06339721865257056,0.019755220965330278,0.1494410566059763,0.0950231973852619,0.09937360800960233,-0.025812830599853988,0.06104362319825416,0.026510908710383137,9.596255387008696,0.9931904225218777,0.993790259464162,0.994368061579995,0.05786257184867743,0.02021750986169163,0.15407478327936333,0.0905189460862304,0.09624593001745471,-0.007380197035523646,0.05439867811364929,0.02362504572758908,9.596255382513347,0.9926460806980633,0.9937421092878426,0.9943239919270924,0.05786257184867743,0.02021750986169163,0.15407478327936333,0.0905189460862304,0.09624593001745471,-0.007380197035523646,0.05439867811364929,0.02362504572758908,9.596255382513347,0.9926460806980633,0.9937421092878426,0.9943239919270924,0.03204628453397587,0.017501535538227135,0.13075376764743435,0.04634595874589404,0.08369088455423787,0.011483359951027523,0.02757183679320473,0.011974296575225864,8.289931605089338,0.9930671907146874,0.9936547860867209,0.9942293237838205,0.056888287862404706,0.021426243604883457,0.16253996601082346,0.0930679571121091,0.09622041224217662,0.007039602071200238,0.05260137280600427,0.022844485950183433,9.596255381519171,0.9924183874914003,0.9937037523677237,0.9942913477397572,0.01661283988505602,0.2743412780109793,0.071520907105878,ok,
759xd9YjKW5,f346ec806ac7467c97fab5a2e36793dd,f346ec806ac7467c97fab5a2e36793dd_i0_5,0,5,/home/bgao491/Matterport3D/v1/scans/759xd9YjKW5/undistorted_color_images/f346ec806ac7467c97fab5a2e36793dd_i0_5.jpg,/home/bgao491/Matterport3D/v1/scans/759xd9YjKW5/undistorted_depth_images/f346ec806ac7467c97fab5a2e36793dd_d0_5.png,1024,1280,406,504,1.4155678118069965,1225237,0.9347816467285156,-2.996999979019165,8.573820114135742,1.573330044746399,True,204624,1.0,True,,1.0,204624,0.9449335932731628,-0.056640625626174425,0.8996939195099374,0.04906003730858117,log-depth Laplacian fallback,,,,0.11356035173252682,0.022850298091963567,0.18193362449073722,0.16087664622882808,0.11750790047145561,0.10511192189512636,0.10633191845503727,0.04617936543520925,5.25318051157808,1.0,1.0,1.0,0.061140273888572454,0.00803135383913786,0.10783892867856174,0.08713008231007273,0.07147766861339405,0.048471296185482154,0.05876945546901143,0.025523250214650555,5.253180518986036,1.0,1.0,1.0,0.061140273888572454,0.00803135383913786,0.10783892867856174,0.08713008231007273,0.07147766861339405,0.048471296185482154,0.05876945546901143,0.025523250214650555,5.253180518986036,1.0,1.0,1.0,0.05262848336646297,0.004684437176238562,0.08189184062435521,0.07388022848028707,0.055760768804619484,0.04976012715866999,0.05105762676792143,0.022174045564384053,2.516332813511001,1.0,1.0,1.0,0.043436349103797095,0.003718433360368716,0.07159814400183652,0.059812466841515755,0.05253510430640758,-0.0005887557376870673,0.04350082909836776,0.018892170035637517,5.253180513904376,1.0,1.0,1.0,0.015682094963267446,0.2755343019962311,0.07155587896704674,ok,
759xd9YjKW5,f346ec806ac7467c97fab5a2e36793dd,f346ec806ac7467c97fab5a2e36793dd_i1_0,1,0,/home/bgao491/Matterport3D/v1/scans/759xd9YjKW5/undistorted_color_images/f346ec806ac7467c97fab5a2e36793dd_i1_0.jpg,/home/bgao491/Matterport3D/v1/scans/759xd9YjKW5/undistorted_depth_images/f346ec806ac7467c97fab5a2e36793dd_d1_0.png,1024,1280,406,504,1.4121168655554452,1238824,0.945147705078125,-3.0030300617218018,8.58644962310791,1.6062400341033936,True,204624,1.0,True,,1.0,204624,0.9518799185752869,-0.04931638809690866,0.9631683483781983,0.011789322226363579,log-depth Laplacian fallback,,,,0.1364662208803978,0.1258961192123623,0.7525983496930719,0.2915587226497501,0.27966998905404716,0.0600147278017455,0.14451967332190802,0.06276409665016525,27.315478253981436,0.7574812887060631,0.9695307808050215,0.9724157749607693,0.11223581022996422,0.11518882958537789,0.7515338418425098,0.2629059579317433,0.2733642070188767,0.010698339869848306,0.12616760886682057,0.05479389632578799,27.315478250085334,0.9683708097356848,0.9703388051894377,0.9709200015498569,0.11223581022996422,0.11518882958537789,0.7515338418425098,0.2629059579317433,0.2733642070188767,0.010698339869848306,0.12616760886682057,0.05479389632578799,27.315478250085334,0.9683708097356848,0.9703388051894377,0.9709200015498569,0.10035032685141253,0.11048667183680208,0.7503594277639469,0.2500824737836395,0.2692316682854253,0.012738718013862801,0.11643731242607859,0.050568082274290854,26.89301326945654,0.9684854345734342,0.9703388051894377,0.970881255125829,0.11195067158697812,0.1167225853788119,0.7503821470795106,0.255204810827535,0.2740788736674637,0.02248763565193975,0.12456303011983355,0.054097036630192254,27.315478255672392,0.9683038107108032,0.9703339618864343,0.9710580356854566,0.01564744603820145,0.27721057808957994,0.07136028911918402,ok,
759xd9YjKW5,f346ec806ac7467c97fab5a2e36793dd,f346ec806ac7467c97fab5a2e36793dd_i1_1,1,1,/home/bgao491/Matterport3D/v1/scans/759xd9YjKW5/undistorted_color_images/f346ec806ac7467c97fab5a2e36793dd_i1_1.jpg,/home/bgao491/Matterport3D/v1/scans/759xd9YjKW5/undistorted_depth_images/f346ec806ac7467c97fab5a2e36793dd_d1_1.png,1024,1280,406,504,1.4121168655554452,1284345,0.9798774719238281,-3.0037899017333984,8.58987045288086,1.6061500310897827,True,204624,1.0,True,,1.0,204624,0.9773121476173401,-0.02294918194140444,1.023239368090339,0.045922627943413466,log-depth Laplacian fallback,,,,0.03754386807134247,0.009901892147866647,0.14929665468252154,0.09705678102207342,0.0702222649279629,-0.02717352088013329,0.03820276934547274,0.016591251920161518,6.4751573375401215,0.9788911857795218,0.997151855615119,0.9990119477243264,0.05670201822834432,0.01436837773555736,0.19006969113608926,0.15385672800364636,0.08188437934908319,-0.05012270279411111,0.058439857739801274,0.025380107739606736,6.475157330905379,0.9783126807828114,0.9971464053661594,0.999268109425427,0.05670201822834432,0.01436837773555736,0.19006969113608926,0.15385672800364636,0.08188437934908319,-0.05012270279411111,0.058439857739801274,0.025380107739606736,6.475157330905379,0.9783126807828114,0.9971464053661594,0.999268109425427,0.07879068762196101,0.024842412992855206,0.25818625071538553,0.21819615797939365,0.10284424637586198,-0.07097419898657706,0.08198881145728498,0.035607288393705014,7.442850321505038,0.9768909444113536,0.9970708804877194,0.9985517909907384,0.02586092625055237,0.008168144424441968,0.1279974041829588,0.05961479267169569,0.06488764776989545,-0.004200068960203828,0.025824799933368617,0.011215568107317454,6.475157336960663,0.9791348897687148,0.9970615372037887,0.9987993880149025,0.009759951150044799,0.267228253884241,0.07518181391060352,ok,
759xd9YjKW5,f346ec806ac7467c97fab5a2e36793dd,f346ec806ac7467c97fab5a2e36793dd_i1_2,1,2,/home/bgao491/Matterport3D/v1/scans/759xd9YjKW5/undistorted_color_images/f346ec806ac7467c97fab5a2e36793dd_i1_2.jpg,/home/bgao491/Matterport3D/v1/scans/759xd9YjKW5/undistorted_depth_images/f346ec806ac7467c97fab5a2e36793dd_d1_2.png,1024,1280,406,504,1.4121168655554452,1228861,0.9375465393066407,-3.0012099742889404,8.592229843139648,1.606119990348816,True,204624,1.0,True,,1.0,204624,0.9470121264457703,-0.05444338076107396,0.9616377908640156,0.015325964771033186,log-depth Laplacian fallback,,,,0.08888929479465255,0.03298294455488324,0.2591626328449747,0.19758596310870877,0.11244998814629423,0.07937372840624139,0.08215682739771961,0.03568025678950751,7.965432237483375,0.9865615395069093,0.9915271133187562,1.0,0.06081565102235445,0.01875569782996453,0.20002994907198218,0.14002836814698869,0.08346456309737997,0.024930347512663226,0.05776879378663982,0.02508866836774454,7.965432233051994,0.9861457072850387,0.991999908858691,1.0,0.06081565102235445,0.01875569782996453,0.20002994907198218,0.14002836814698869,0.08346456309737997,0.024930347512663226,0.05776879378663982,0.02508866836774454,7.965432233051994,0.9861457072850387,0.991999908858691,1.0,0.04137161219292957,0.013425901529726008,0.1720953163584195,0.09925533128969914,0.06749455493540536,0.014237566678531592,0.03943852642236388,0.017127934399628227,6.597580345098361,0.9861188531493797,0.9923026282061194,1.0,0.059711653966098004,0.0208445990506968,0.20474436674241317,0.124347010170674,0.08924898939847031,0.04025631668867848,0.05574478541596743,0.024209652701035544,7.965432238936625,0.9863222935710385,0.9918330877129309,1.0,0.014259869931265712,0.27532608108595014,0.07490644906647503,ok,
759xd9YjKW5,f346ec806ac7467c97fab5a2e36793dd,f346ec806ac7467c97fab5a2e36793dd_i1_3,1,3,/home/bgao491/Matterport3D/v1/scans/759xd9YjKW5/undistorted_color_images/f346ec806ac7467c97fab5a2e36793dd_i1_3.jpg,/home/bgao491/Matterport3D/v1/scans/759xd9YjKW5/undistorted_depth_images/f346ec806ac7467c97fab5a2e36793dd_d1_3.png,1024,1280,406,504,1.4121168655554452,1233513,0.9410957336425781,-2.9978699684143066,8.591179847717285,1.6061700582504272,True,204624,1.0,True,,1.0,204624,0.9289220571517944,-0.07373044341703952,0.9404965040992161,0.012383096102855047,log-depth Laplacian fallback,,,,0.11012126995042266,0.05279134251502139,0.2570452876687283,0.1780686721489851,0.1555460882512128,0.09194018618341344,0.09560815390912988,0.041522093667691905,12.5465484236954,0.9229355507400409,0.9741453880096926,0.9845571145176419,0.06643471246781997,0.03374120230604713,0.1986441533499416,0.10006402814907331,0.12678005541433363,0.018209742750447337,0.05779968857150595,0.025102085802331493,12.546548417721917,0.9593226824524752,0.9765628736786722,0.9887792021648738,0.06643471246781997,0.03374120230604713,0.1986441533499416,0.10006402814907331,0.12678005541433363,0.018209742750447337,0.05779968857150595,0.025102085802331493,12.546548417721917,0.9593226824524752,0.9765628736786722,0.9887792021648738,0.08632328521754855,0.04187780371075718,0.22489145483249565,0.13589309074255482,0.1406863328727262,0.01004292756365297,0.0761324201855391,0.03306388998051943,14.03274166480903,0.9375304516450171,0.9755949065798253,0.9882303631984422,0.06572573120622303,0.03508965951246126,0.19968123974295843,0.09273160089143354,0.1291414323512819,0.03059283908584701,0.056275714297957996,0.0244402321847671,12.546548428316129,0.9569651880442281,0.9761032109106268,0.9884646533923842,0.010961204068735242,0.2978935551363975,0.07483298191800714,ok,
759xd9YjKW5,f346ec806ac7467c97fab5a2e36793dd,f346ec806ac7467c97fab5a2e36793dd_i1_4,1,4,/home/bgao491/Matterport3D/v1/scans/759xd9YjKW5/undistorted_color_images/f346ec806ac7467c97fab5a2e36793dd_i1_4.jpg,/home/bgao491/Matterport3D/v1/scans/759xd9YjKW5/undistorted_depth_images/f346ec806ac7467c97fab5a2e36793dd_d1_4.png,1024,1280,406,504,1.4121168655554452,1284625,0.9800910949707031,-2.997109889984131,8.587770462036133,1.6062599420547485,True,204624,1.0,True,,1.0,204624,0.9678145051002502,-0.032714837030903735,0.9444330240245683,0.02445566909143685,log-depth Laplacian fallback,,,,0.08266579724235386,0.034607302749035396,0.22873306854067438,0.14051510034948864,0.1214200424229372,0.07116048752200715,0.0739177202352635,0.032102058013043264,9.838196845773181,0.9746719859881289,0.9847130485550258,0.990433005740975,0.05776644293384685,0.026271890715692747,0.19630834519872944,0.09449118911151676,0.10562707871642057,0.03844565040364674,0.05127218549323568,0.022267227234832206,9.838196848612801,0.9780908825532743,0.986025493821154,0.9915492848107424,0.05776644293384685,0.026271890715692747,0.19630834519872944,0.09449118911151676,0.10562707871642057,0.03844565040364674,0.05127218549323568,0.022267227234832206,9.838196848612801,0.9780908825532743,0.986025493821154,0.9915492848107424,0.0640996004481134,0.028472191043305253,0.20172826557669019,0.10498223781799126,0.11090487481648975,0.04001789243773986,0.05697092454018628,0.024742158156729446,10.343335797943883,0.9768344847718206,0.9856572929843339,0.991477668580325,0.05260655628589317,0.023367223426015132,0.1891462615128396,0.09329114620910842,0.09937168398656533,0.013989991401960371,0.04744417050992734,0.020604741450938442,9.838196846424085,0.9787759073659629,0.9863695631020726,0.992106645908339,0.011024489998817444,0.27517954003997147,0.0719002028927207,ok,
759xd9YjKW5,f346ec806ac7467c97fab5a2e36793dd,f346ec806ac7467c97fab5a2e36793dd_i1_5,1,5,/home/bgao491/Matterport3D/v1/scans/759xd9YjKW5/undistorted_color_images/f346ec806ac7467c97fab5a2e36793dd_i1_5.jpg,/home/bgao491/Matterport3D/v1/scans/759xd9YjKW5/undistorted_depth_images/f346ec806ac7467c97fab5a2e36793dd_d1_5.png,1024,1280,406,504,1.4121168655554452,1229844,0.9382965087890625,-2.999690055847168,8.585399627685547,1.6062899827957153,True,204624,1.0,True,,1.0,204624,0.6545363664627075,-0.423828131443616,0.6018625417029851,0.0838980643438959,log-depth Laplacian fallback,,,,0.6562677240746619,0.6163598970725881,1.1199214810241787,0.9352046622752765,0.5521935953912724,0.41384005660215883,0.5350586043818112,0.2323729993778757,36.5587437342508,0.0,0.11175482418908414,0.9443344033877468,0.12644131220690605,0.18821067805135694,0.972627553281073,0.32601599877091975,0.3657238520288576,-0.009988074707352856,0.1630845081886658,0.07082670199024327,36.55874372930039,0.9394053229515288,0.9394053229515288,0.9394053229515288,0.12644131220690605,0.18821067805135694,0.972627553281073,0.32601599877091975,0.3657238520288576,-0.009988074707352856,0.1630845081886658,0.07082670199024327,36.55874372930039,0.9394053229515288,0.9394053229515288,0.9394053229515288,0.10428693359368559,0.18233354797514886,0.966570218396004,0.29932091864337973,0.35804030305708623,-0.0292206888039181,0.14213024027725576,0.061726379063995494,35.68459190729729,0.9394053229515288,0.9394053229515288,0.9394069491740416,0.08026363330866075,0.18891930239670668,0.9907741333286109,0.2784639978764955,0.37745036622567474,-0.09388612575909853,0.12505535520429248,0.054310850697675314,36.55874373577991,0.9394053229515288,0.9394053229515288,0.9394053229515288,0.011324479011818767,0.26833340618759394,0.0767798819579184,ok,
759xd9YjKW5,f346ec806ac7467c97fab5a2e36793dd,f346ec806ac7467c97fab5a2e36793dd_i2_0,2,0,/home/bgao491/Matterport3D/v1/scans/759xd9YjKW5/undistorted_color_images/f346ec806ac7467c97fab5a2e36793dd_i2_0.jpg,/home/bgao491/Matterport3D/v1/scans/759xd9YjKW5/undistorted_depth_images/f346ec806ac7467c97fab5a2e36793dd_d2_0.png,1024,1280,406,504,1.4165615917841592,1171572,0.8938385009765625,-3.0114901065826416,8.579790115356445,1.6395800113677979,True,204624,1.0,True,,1.0,204624,1.000314712524414,0.0003146630128152254,1.012005787901575,0.011619627106434556,log-depth Laplacian fallback,,,,0.07377318270997424,0.08642172821298084,0.5775057923528449,0.19702802495310492,0.256312816884442,-0.07014704211517202,0.09649582145127426,0.04190760278300982,24.65271842652039,0.8952194145985053,0.9333195057580754,0.9537510285326041,0.07373759242251125,0.08639650106467647,0.5774507903810787,0.19706585478611385,0.25622687929135296,-0.06983237890949118,0.09643702307488648,0.04188206697259972,24.65271841546624,0.8952535567596358,0.9333459659329516,0.9537885849098476,0.07373759242251125,0.08639650106467647,0.5774507903810787,0.19706585478611385,0.25622687929135296,-0.06983237890949118,0.09643702307488648,0.04188206697259972,24.65271841546624,0.8952535567596358,0.9333459659329516,0.9537885849098476,0.07286761293383566,0.08635054225101904,0.5767899529876029,0.1974450138299296,0.2550507215814339,-0.06639029942731982,0.09530175851926286,0.04138902784059207,24.62583982753906,0.8938468997210586,0.9331744015732708,0.9543442485822468,0.07347175143611798,0.085732721244601,0.5759291595444653,0.20046702973091524,0.2533068790834039,-0.05821273415336431,0.09531802726082862,0.04139609326528162,24.652718424823643,0.8971860030796229,0.9342515867569385,0.9552635262706859,0.011431722901761532,0.2646302841603756,0.07638768805190921,ok,
759xd9YjKW5,f346ec806ac7467c97fab5a2e36793dd,f346ec806ac7467c97fab5a2e36793dd_i2_1,2,1,/home/bgao491/Matterport3D/v1/scans/759xd9YjKW5/undistorted_color_images/f346ec806ac7467c97fab5a2e36793dd_i2_1.jpg,/home/bgao491/Matterport3D/v1/scans/759xd9YjKW5/undistorted_depth_images/f346ec806ac7467c97fab5a2e36793dd_d2_1.png,1024,1280,406,504,1.4165615917841592,1191964,0.9093963623046875,-3.014630079269409,8.593990325927734,1.6392099857330322,True,204624,1.0,True,,1.0,204624,1.0513224601745605,0.05004885756297189,1.0869546407080763,0.033331020826012005,log-depth Laplacian fallback,,,,0.08519870158729369,0.021027385678515077,0.19398095225595396,0.16225558183592098,0.10448208996947793,-0.05492956729938776,0.08597434488500483,0.03733818356880467,8.88777236471103,0.9854903336006792,0.9953933172478363,0.9978162092143722,0.05892583656918852,0.01515829039174803,0.14603765679727326,0.0978727938835416,0.08901163453899935,-0.004880709776361952,0.05615154273777171,0.024386305161368874,8.887772361724453,0.9766318445859103,0.9951886130789185,0.997295220325446,0.05892583656918852,0.01515829039174803,0.14603765679727326,0.0978727938835416,0.08901163453899935,-0.004880709776361952,0.05615154273777171,0.024386305161368874,8.887772361724453,0.9766318445859103,0.9951886130789185,0.997295220325446,0.06365861778932205,0.01650228099372861,0.15526951448719914,0.10794506398096199,0.09215877232031394,-0.010248011756417295,0.061239544781601235,0.026595996372916493,9.158721292095198,0.9780186314351775,0.9951642834850717,0.997176089210748,0.05284770231825553,0.01667092450570051,0.1492248804962054,0.08092071842859207,0.09332024168134442,0.028450267807774564,0.04825235745500845,0.020955732581533396,8.887772369458187,0.9691358128265619,0.994754036195724,0.9970208831810357,0.009894425980746746,0.26991324918344617,0.07102595106698573,ok,
759xd9YjKW5,f346ec806ac7467c97fab5a2e36793dd,f346ec806ac7467c97fab5a2e36793dd_i2_2,2,2,/home/bgao491/Matterport3D/v1/scans/759xd9YjKW5/undistorted_color_images/f346ec806ac7467c97fab5a2e36793dd_i2_2.jpg,/home/bgao491/Matterport3D/v1/scans/759xd9YjKW5/undistorted_depth_images/f346ec806ac7467c97fab5a2e36793dd_d2_2.png,1024,1280,406,504,1.4165615917841592,1211318,0.9241622924804688,-3.0039000511169434,8.60381031036377,1.6390700340270996,True,204624,1.0,True,,1.0,204624,1.0015499591827393,0.001548759235757722,1.0475054586332218,0.04486282467052122,log-depth Laplacian fallback,,,,0.06400479709323142,0.016643427862231358,0.17700317421405373,0.1263560676607321,0.09010422253712565,-0.05158240951850277,0.06483966434991056,0.028159508435625157,7.3878453877198424,0.977290851782934,0.994460579302875,0.9994328491775075,0.06267292202512995,0.01639563826990914,0.17543274956005,0.12339572998390116,0.08922663341835195,-0.05003365026866859,0.06340969317936793,0.027538479846977767,7.387845390887332,0.977643360372751,0.9943862800684874,0.9994295469893125,0.06267292202512995,0.01639563826990914,0.17543274956005,0.12339572998390116,0.08922663341835195,-0.05003365026866859,0.06340969317936793,0.027538479846977767,7.387845390887332,0.977643360372751,0.9943862800684874,0.9994295469893125,0.06695504988626753,0.018706320292701698,0.1854143031773985,0.1291744319797376,0.09778486297942741,-0.053995019998354855,0.06826959726682293,0.029649109374738507,8.15255619010544,0.974303197013501,0.9942418093349558,0.9994237681599712,0.042633715250311705,0.013530421373592028,0.1588690827104863,0.08824095582670892,0.0740591857995036,-0.005170788138915028,0.04118353542488935,0.017885782180296548,7.38784539044223,0.9847785635151133,0.9938150015107511,0.9994031294837524,0.01531313406303525,0.2738849148154259,0.07133433502167463,ok,
759xd9YjKW5,f346ec806ac7467c97fab5a2e36793dd,f346ec806ac7467c97fab5a2e36793dd_i2_3,2,3,/home/bgao491/Matterport3D/v1/scans/759xd9YjKW5/undistorted_color_images/f346ec806ac7467c97fab5a2e36793dd_i2_3.jpg,/home/bgao491/Matterport3D/v1/scans/759xd9YjKW5/undistorted_depth_images/f346ec806ac7467c97fab5a2e36793dd_d2_3.png,1024,1280,406,504,1.4165615917841592,1238932,0.9452301025390625,-2.99003005027771,8.59943962097168,1.6393100023269653,True,204624,1.0,True,,1.0,204624,0.9659261107444763,-0.03466793760767199,0.9568168815841174,0.009475314537638412,log-depth Laplacian fallback,,,,0.0746495126922442,0.02862894367560231,0.21848467376688815,0.13434856561345915,0.11097746716117092,0.05625467726783727,0.06825209130389533,0.029641506631638663,9.566299965504033,0.9637034155224016,0.9856844443439995,0.9962023743030287,0.06037391984719061,0.02152017511782438,0.18535363695236184,0.10589901952089655,0.0980683273478175,0.021586739618160385,0.05626474532517847,0.024435468420416794,9.56629996469713,0.9673573690888604,0.9886741160935386,0.9970732857009101,0.06037391984719061,0.02152017511782438,0.18535363695236184,0.10589901952089655,0.0980683273478175,0.021586739618160385,0.05626474532517847,0.024435468420416794,9.56629996469713,0.9673573690888604,0.9886741160935386,0.9970732857009101,0.05107427023274441,0.019343824321697522,0.17644299991651827,0.09007185157755104,0.09198746807322329,0.01099658762153765,0.047603464528099805,0.02067392196403093,9.132781253924852,0.9681225442558591,0.9887701665628138,0.9971733719041884,0.05921546257289747,0.020471449771001477,0.1802816492299442,0.10314925624556241,0.09642663208616037,0.012111394282474989,0.05567197687183139,0.024178032352081835,9.566299966033975,0.9682024517891216,0.9897791000636031,0.9972040434826125,0.010536107001826167,0.27275750786066055,0.07458409783430398,ok,
759xd9YjKW5,f346ec806ac7467c97fab5a2e36793dd,f346ec806ac7467c97fab5a2e36793dd_i2_4,2,4,/home/bgao491/Matterport3D/v1/scans/759xd9YjKW5/undistorted_color_images/f346ec806ac7467c97fab5a2e36793dd_i2_4.jpg,/home/bgao491/Matterport3D/v1/scans/759xd9YjKW5/undistorted_depth_images/f346ec806ac7467c97fab5a2e36793dd_d2_4.png,1024,1280,406,504,1.4165615917841592,1243796,0.9489410400390625,-2.98688006401062,8.585240364074707,1.639680027961731,True,204624,1.0,True,,1.0,204624,1.045180320739746,0.0441894262625609,1.0443735000973495,0.0007722420685670542,log-depth Laplacian fallback,,,,0.05998756376135644,0.0158661368181398,0.16988181922812506,0.10548893938068439,0.08737407753759194,-0.03634451750823839,0.05988602531601671,0.026008170337864504,7.945631172310026,0.9803134919231128,0.9947579828203339,0.9987546189246468,0.04659270106923679,0.01681386331082569,0.1849758064431803,0.0922730097476004,0.07984264570682162,0.007844908814292045,0.044235453893438824,0.019211213530406203,7.945631176414171,0.9777551945817481,0.9926595679677375,0.9981652939871168,0.04659270106923679,0.01681386331082569,0.1849758064431803,0.0922730097476004,0.07984264570682162,0.007844908814292045,0.044235453893438824,0.019211213530406203,7.945631176414171,0.9777551945817481,0.9926595679677375,0.9981652939871168,0.05252012543638061,0.01710323020248,0.185346293229251,0.10213508925515245,0.0811842036742496,0.01591654000153594,0.049862572394707046,0.021655040044522688,7.96086595829973,0.9776844434296299,0.9927126313318261,0.9981387623050726,0.04655090423757002,0.016729650302904752,0.18432027534648832,0.09197467512544838,0.07977047229501076,0.007072678364360016,0.04422962047769535,0.01920868011013815,7.9456311712307635,0.9777873541963473,0.9926925315727017,0.9981797658136865,0.010873863007873297,0.2669589128345251,0.07491770200431347,ok,
759xd9YjKW5,f346ec806ac7467c97fab5a2e36793dd,f346ec806ac7467c97fab5a2e36793dd_i2_5,2,5,/home/bgao491/Matterport3D/v1/scans/759xd9YjKW5/undistorted_color_images/f346ec806ac7467c97fab5a2e36793dd_i2_5.jpg,/home/bgao491/Matterport3D/v1/scans/759xd9YjKW5/undistorted_depth_images/f346ec806ac7467c97fab5a2e36793dd_d2_5.png,1024,1280,406,504,1.4165615917841592,1148163,0.8759788513183594,-2.997610092163086,8.575409889221191,1.6398099660873413,True,204624,1.0,True,,1.0,204624,1.088674545288086,0.08496094279955513,1.1452815294466943,0.05068954122981295,log-depth Laplacian fallback,,,,0.17018176951106562,0.13896546479568483,0.6799598725348909,0.36514859759907664,0.32594659647419955,-0.2101062789522339,0.21029978710443242,0.09133203708488372,24.91917641053988,0.8983950885022423,0.9059462811464922,0.9263205659823561,0.09702833573888245,0.10782767276827684,0.6269684946414493,0.2447970237589343,0.2788510184301683,-0.12514533635564332,0.12575403778965222,0.05461428468909903,24.919176404523277,0.8986633430967554,0.915308192303706,0.9369401382904692,0.09702833573888245,0.10782767276827684,0.6269684946414493,0.2447970237589343,0.2788510184301683,-0.12514533635564332,0.12575403778965222,0.05461428468909903,24.919176404523277,0.8986633430967554,0.915308192303706,0.9369401382904692,0.09612372427955904,0.11479086591854466,0.6435356805365785,0.24541687061161155,0.29290598774690546,-0.10945544051721133,0.12736129853916026,0.05531230916359001,27.168626060066703,0.8986441820542902,0.91246887419295,0.9305621240189764,0.07121234878310415,0.09729844098597397,0.603732397062948,0.19596765950251252,0.26007729156852377,-0.07445577409774738,0.09593200516060399,0.04166274047916456,24.919176409569427,0.8991946265469276,0.9197213287660376,0.9447186505748748,0.013478419976308942,0.27172515681013465,0.07416056212969124,ok,
759xd9YjKW5,f5f240dba39b4c19a1354c89c56d7a59,f5f240dba39b4c19a1354c89c56d7a59_i0_0,0,0,/home/bgao491/Matterport3D/v1/scans/759xd9YjKW5/undistorted_color_images/f5f240dba39b4c19a1354c89c56d7a59_i0_0.jpg,/home/bgao491/Matterport3D/v1/scans/759xd9YjKW5/undistorted_depth_images/f5f240dba39b4c19a1354c89c56d7a59_d0_0.png,1024,1280,406,504,1.4155678118069965,1204491,0.9189537048339844,-5.004129886627197,8.049409866333008,1.5716400146484375,True,204624,1.0,True,,1.0,204624,0.9325577616691589,-0.06982418657379348,0.8741068202525661,0.06472850425244882,log-depth Laplacian fallback,,,,0.14890843786613817,0.029867641664359592,0.1854190677292471,0.16751785926418902,0.15178621471706757,0.12751135985452805,0.13684000540589425,0.05942885925139098,8.234019726831354,0.9019461332629302,0.9964574247545228,1.0,0.08833776278006868,0.014257996947763219,0.15159108648843908,0.11465102543842577,0.10053714754014548,0.05768717340250862,0.08445713298500863,0.03667926681275838,8.23401971113616,0.9941460749810501,0.9970236390309267,1.0,0.08833776278006868,0.014257996947763219,0.15159108648843908,0.11465102543842577,0.10053714754014548,0.05768717340250862,0.08445713298500863,0.03667926681275838,8.23401971113616,0.9941460749810501,0.9970236390309267,1.0,0.07447083995040253,0.009259243824070404,0.11440460231521833,0.08902261609885309,0.0853999689766451,0.056629266011502144,0.07122681900451922,0.030933414457184366,6.392402468720563,0.9933623414371714,0.9971249266287585,1.0,0.05767900462679496,0.01248831254538468,0.17498966392378243,0.0953150628202717,0.08264071849811969,-0.007041326202478595,0.0582927314821785,0.02531621161777808,8.234019722587352,0.9897010438434161,0.9988775341617331,1.0,0.010765820974484086,0.2756184530444443,0.07110718614421785,ok,
759xd9YjKW5,f5f240dba39b4c19a1354c89c56d7a59,f5f240dba39b4c19a1354c89c56d7a59_i0_1,0,1,/home/bgao491/Matterport3D/v1/scans/759xd9YjKW5/undistorted_color_images/f5f240dba39b4c19a1354c89c56d7a59_i0_1.jpg,/home/bgao491/Matterport3D/v1/scans/759xd9YjKW5/undistorted_depth_images/f5f240dba39b4c19a1354c89c56d7a59_d0_1.png,1024,1280,406,504,1.4155678118069965,993871,0.7582633972167969,-5.014689922332764,8.059419631958008,1.5713800191879272,True,204624,1.0,True,,1.0,204624,0.9203439354896545,-0.08300783587736822,0.7732209831311752,0.1741825581005726,log-depth Laplacian fallback,,,,0.28696494721119886,0.07543040344660032,0.2649387213480227,0.24648933547886145,0.25659606342377433,0.25072458055734925,0.25083562543628446,0.10893652799172934,5.457769204463412,0.24202939818145414,0.9945294711285468,1.0,0.1866815947357755,0.03319173374339043,0.17591704531258134,0.1611225369191843,0.17637355497229099,0.16771674462262195,0.17014159403170276,0.07389155543019169,5.457769202480036,0.9586435261719076,0.9964904902145248,1.0,0.1866815947357755,0.03319173374339043,0.17591704531258134,0.1611225369191843,0.17637355497229099,0.16771674462262195,0.17014159403170276,0.07389155543019169,5.457769202480036,0.9586435261719076,0.9964904902145248,1.0,0.18078644971054492,0.028567930221193704,0.1573909520392389,0.1490726289688444,0.17130093041613698,0.16215857296882732,0.1652765120920009,0.07177867718977206,5.521418272643093,0.947824214611353,0.9965639403906543,1.0,0.034756496031197924,0.002654948483069872,0.05047954083278075,0.03051273731723813,0.054959363723422604,-0.0064658480505602025,0.0351774800911112,0.015277385490831102,5.457769205335205,0.9806725420099791,1.0,1.0,0.014615267049521208,0.271691715111956,0.07135632005520165,ok,
759xd9YjKW5,f5f240dba39b4c19a1354c89c56d7a59,f5f240dba39b4c19a1354c89c56d7a59_i0_2,0,2,/home/bgao491/Matterport3D/v1/scans/759xd9YjKW5/undistorted_color_images/f5f240dba39b4c19a1354c89c56d7a59_i0_2.jpg,/home/bgao491/Matterport3D/v1/scans/759xd9YjKW5/undistorted_depth_images/f5f240dba39b4c19a1354c89c56d7a59_d0_2.png,1024,1280,406,504,1.4155678118069965,1191506,0.9090469360351563,-5.011300086975098,8.073570251464844,1.571179986000061,True,204624,1.0,True,,1.0,204624,0.9074035882949829,-0.09716795728027881,1.1769334420628166,0.26008023515982875,log-depth Laplacian fallback,,,,0.14507515131849935,0.03727751039935778,0.24258781896223905,0.2101865382082608,0.17458413846937104,-0.14976762185153275,0.15866412814269032,0.06890695532836091,8.971778446901599,0.8217382035843713,0.9993470448323383,1.0,0.21766126766539262,0.07637536575481874,0.34553165372371925,0.30984054832833535,0.26272887369987435,-0.24693557911582334,0.24879483816682005,0.10805022534186251,8.971778442615193,0.2882780279746808,0.9997566105416171,1.0,0.21766126766539262,0.07637536575481874,0.34553165372371925,0.30984054832833535,0.26272887369987435,-0.24693557911582334,0.24879483816682005,0.10805022534186251,8.971778442615193,0.2882780279746808,0.9997566105416171,1.0,0.20805062907586241,0.07505605159530893,0.3436644112634052,0.30404061670476457,0.2577696051082814,-0.2340041636771228,0.23805117403438636,0.10338431129372462,10.810744978700436,0.24343226135663606,0.9998506092289926,1.0,0.06643156018688094,0.008497458561740981,0.09476468452996,0.07271977673068099,0.09067558691571821,0.013144626897573723,0.06419985268832684,0.02788164176154198,8.97177844478649,0.985394953949036,0.9980830981967359,0.9996760402381524,0.009828231995925307,0.2792639508843422,0.07455360377207398,ok,
759xd9YjKW5,f5f240dba39b4c19a1354c89c56d7a59,f5f240dba39b4c19a1354c89c56d7a59_i0_3,0,3,/home/bgao491/Matterport3D/v1/scans/759xd9YjKW5/undistorted_color_images/f5f240dba39b4c19a1354c89c56d7a59_i0_3.jpg,/home/bgao491/Matterport3D/v1/scans/759xd9YjKW5/undistorted_depth_images/f5f240dba39b4c19a1354c89c56d7a59_d0_3.png,1024,1280,406,504,1.4155678118069965,1248115,0.9522361755371094,-4.997350215911865,8.077699661254883,1.571239948272705,True,204624,1.0,True,,1.0,204624,1.0728434324264526,0.07031253727624621,1.1121671001508768,0.03599791718260423,log-depth Laplacian fallback,,,,0.09682973546759902,0.022262309873782537,0.22685195081314175,0.19521611962521648,0.11289085093852326,-0.10058054842674821,0.10286125566494755,0.04467207573692633,5.126302277273977,0.9994006962499449,1.0,1.0,0.04786377299857684,0.0069959615921041845,0.1298994211227357,0.09913413183174205,0.05953192427981366,-0.030268011147892772,0.04901696630843739,0.021287797987391947,5.126302282940898,1.0,1.0,1.0,0.04786377299857684,0.0069959615921041845,0.1298994211227357,0.09913413183174205,0.05953192427981366,-0.030268011147892772,0.04901696630843739,0.021287797987391947,5.126302282940898,1.0,1.0,1.0,0.02920751062753196,0.004457741292141517,0.10825994901020952,0.06391706362701026,0.04560780920660292,-0.020205954550389826,0.03011830986935152,0.013080215780511618,4.088754897683982,1.0,1.0,1.0,0.04209329608618568,0.006212439029657986,0.12328824971758937,0.08832721550691384,0.05158225988922897,0.005729923864595503,0.0416692453025302,0.018096723299961866,5.126302281163196,0.9999687528793421,1.0,1.0,0.011300681857392192,0.26707877102307975,0.07651428505778313,ok,
759xd9YjKW5,f5f240dba39b4c19a1354c89c56d7a59,f5f240dba39b4c19a1354c89c56d7a59_i0_4,0,4,/home/bgao491/Matterport3D/v1/scans/759xd9YjKW5/undistorted_color_images/f5f240dba39b4c19a1354c89c56d7a59_i0_4.jpg,/home/bgao491/Matterport3D/v1/scans/759xd9YjKW5/undistorted_depth_images/f5f240dba39b4c19a1354c89c56d7a59_d0_4.png,1024,1280,406,504,1.4155678118069965,1253467,0.9563194274902344,-4.986790180206299,8.067689895629883,1.5714900493621826,True,204624,1.0,True,,1.0,204624,1.0133944749832153,0.013305562084296564,1.0342433959556498,0.020364578908459476,log-depth Laplacian fallback,,,,0.04018116338685175,0.003989136842414209,0.08036756918289738,0.06638997651588294,0.05344571203319402,-0.03867208332483757,0.041549994547837775,0.018044933355236135,3.689056933759522,1.0,1.0,1.0,0.03352128785534491,0.002873105162788111,0.06912037346717556,0.056974856904357954,0.044770241130094986,-0.025366521103200295,0.03440406745922128,0.01494149665256702,3.689056922802552,1.0,1.0,1.0,0.03352128785534491,0.002873105162788111,0.06912037346717556,0.056974856904357954,0.044770241130094986,-0.025366521103200295,0.03440406745922128,0.01494149665256702,3.689056922802552,1.0,1.0,1.0,0.022841072336520732,0.0018037748143035603,0.06342371086599037,0.042955453711699856,0.032313450158171914,-0.019277654699302475,0.02333097100317359,0.010132511964123068,2.5933204399362637,1.0,1.0,1.0,0.030349777124947838,0.0024825886581063,0.072134753968346,0.05913294075530852,0.03722813485228984,-0.005001991313569152,0.03059522909920716,0.013287339170351464,3.6890569356940754,1.0,1.0,1.0,0.010630032047629356,0.271612019976601,0.07123210304416716,ok,
759xd9YjKW5,f5f240dba39b4c19a1354c89c56d7a59,f5f240dba39b4c19a1354c89c56d7a59_i0_5,0,5,/home/bgao491/Matterport3D/v1/scans/759xd9YjKW5/undistorted_color_images/f5f240dba39b4c19a1354c89c56d7a59_i0_5.jpg,/home/bgao491/Matterport3D/v1/scans/759xd9YjKW5/undistorted_depth_images/f5f240dba39b4c19a1354c89c56d7a59_d0_5.png,1024,1280,406,504,1.4155678118069965,1223330,0.9333267211914062,-4.990180015563965,8.053549766540527,1.5716899633407593,True,204624,1.0,True,,1.0,204624,0.8536763191223145,-0.15820317446000173,0.804761609936792,0.0590060076851924,log-depth Laplacian fallback,,,,0.2421612189722084,0.09037049722326744,0.35748333262081533,0.3303324094838579,0.22527520109264057,0.21395400582960847,0.21439329870728205,0.0931098265856082,7.051666197994281,0.543447802310088,0.9982425020231662,0.9984157994980912,0.07600762103313764,0.013594667033090337,0.14293465161517765,0.10656494055972207,0.08989301867103104,0.0557508313523007,0.07249614261667067,0.03148467469769128,7.051666192693511,0.9971994474099385,0.998361848397407,0.998806536257592,0.07600762103313764,0.013594667033090337,0.14293465161517765,0.10656494055972207,0.08989301867103104,0.0557508313523007,0.07249614261667067,0.03148467469769128,7.051666192693511,0.9971994474099385,0.998361848397407,0.998806536257592,0.06444331033122412,0.00991711817995719,0.12108505705850856,0.09012532600834544,0.07609084399531586,0.055111621153047234,0.06174193866638157,0.026814183264818534,5.246451899905775,0.9969762860389265,0.9983692053656822,0.9988318769260952,0.051686714885427254,0.008467001163724903,0.12262373245280941,0.07606606409395221,0.07059175566380091,-0.003255202828684972,0.051748478396086484,0.02247407861431003,7.051666201857465,0.9924354017313398,0.9984076250888967,0.9990705696745767,0.011098294984549284,0.2648743949830532,0.07546622911468148,ok,
759xd9YjKW5,f5f240dba39b4c19a1354c89c56d7a59,f5f240dba39b4c19a1354c89c56d7a59_i1_0,1,0,/home/bgao491/Matterport3D/v1/scans/759xd9YjKW5/undistorted_color_images/f5f240dba39b4c19a1354c89c56d7a59_i1_0.jpg,/home/bgao491/Matterport3D/v1/scans/759xd9YjKW5/undistorted_depth_images/f5f240dba39b4c19a1354c89c56d7a59_d1_0.png,1024,1280,406,504,1.4121168655554452,1278647,0.9755302429199219,-5.001850128173828,8.060689926147461,1.6047300100326538,True,204624,1.0,True,,1.0,204624,0.9311926960945129,-0.07128904557684024,0.9540229097072949,0.024221452122883,log-depth Laplacian fallback,,,,0.1552730623189779,0.04189216538426773,0.22827751121532253,0.1712889070022883,0.18963089333321465,0.11862052382300613,0.13665794006090398,0.059349789276715935,14.794947459963709,0.6122706266858641,0.9942032476516193,0.9988855407317265,0.13419544488729207,0.0300849397001914,0.22279840991459024,0.18246231232525906,0.15533613831948537,0.047331478128473096,0.12552219794480382,0.05451359792379601,14.794947463977074,0.8354448100218435,0.997539586766324,0.998733035779226,0.13419544488729207,0.0300849397001914,0.22279840991459024,0.18246231232525906,0.15533613831948537,0.047331478128473096,0.12552219794480382,0.05451359792379601,14.794947463977074,0.8354448100218435,0.997539586766324,0.998733035779226,0.12452239544057547,0.027104357827516613,0.20203314395253819,0.14835458194681342,0.1530947572815466,0.05731814223066066,0.1156140160540942,0.05021052920296712,14.195997773429461,0.8347620570806485,0.9948703590592243,0.9986751621049438,0.13379568233311714,0.031294834185113224,0.2059030596613669,0.15147017225189688,0.1643437406076019,0.07155290382843116,0.12188538964214224,0.052934152146210105,14.794947458716445,0.6818848360806383,0.9951026358330329,0.998779178303316,0.011785789160057902,0.2744079129770398,0.07124116481281817,ok,
759xd9YjKW5,f5f240dba39b4c19a1354c89c56d7a59,f5f240dba39b4c19a1354c89c56d7a59_i1_1,1,1,/home/bgao491/Matterport3D/v1/scans/759xd9YjKW5/undistorted_color_images/f5f240dba39b4c19a1354c89c56d7a59_i1_1.jpg,/home/bgao491/Matterport3D/v1/scans/759xd9YjKW5/undistorted_depth_images/f5f240dba39b4c19a1354c89c56d7a59_d1_1.png,1024,1280,406,504,1.4121168655554452,313542,0.23921356201171876,-5.004389762878418,8.06309986114502,1.6046700477600098,True,204624,1.0,True,,1.0,204624,0.8396210074424744,-0.17480467057393032,0.6843945180658064,0.20441607626180539,log-depth Laplacian fallback,,,,0.42202298160593543,0.09801757563143793,0.22594207573767006,0.21961978624713988,0.3571683286635357,0.34941950857943754,0.34941950857943754,0.1517509644453957,7.399474322144674,0.13202377990827385,0.9926134297797424,1.0,0.19401559190664758,0.02332090432658221,0.11021887913433318,0.10106626955361005,0.18964589040684096,0.17461483804630915,0.1746702441632967,0.07585832319281345,7.399474361239965,0.7122426979479624,1.0,1.0,0.19401559190664758,0.02332090432658221,0.11021887913433318,0.10106626955361005,0.18964589040684096,0.17461483804630915,0.1746702441632967,0.07585832319281345,7.399474361239965,0.7122426979479624,1.0,1.0,0.23503328075888166,0.03484796635738946,0.13485449070251213,0.1225228289165075,0.2263139809052266,0.2070571226327206,0.20705716688286602,0.08992378501574948,9.135297433707224,0.32751593088007347,1.0,1.0,0.0484350527642685,0.0028077603086468176,0.03793744209756133,0.024952542248235364,0.07977050865700044,-0.02980120855527339,0.0511376062892465,0.022208780229160778,7.39947431919436,1.0,1.0,1.0,0.009653009939938784,0.2688261230941862,0.07645870000123978,ok,
759xd9YjKW5,f5f240dba39b4c19a1354c89c56d7a59,f5f240dba39b4c19a1354c89c56d7a59_i1_2,1,2,/home/bgao491/Matterport3D/v1/scans/759xd9YjKW5/undistorted_color_images/f5f240dba39b4c19a1354c89c56d7a59_i1_2.jpg,/home/bgao491/Matterport3D/v1/scans/759xd9YjKW5/undistorted_depth_images/f5f240dba39b4c19a1354c89c56d7a59_d1_2.png,1024,1280,406,504,1.4121168655554452,1198859,0.9146568298339843,-5.003570079803467,8.066499710083008,1.6046199798583984,True,204624,1.0,True,,1.0,204624,0.873920738697052,-0.13476559542864897,1.025136954712931,0.1595918134474967,log-depth Laplacian fallback,,,,0.05616468878773897,0.007812443376127338,0.09391351903055552,0.061616781100740176,0.08626376020696742,-0.010634791643855874,0.05503336333541878,0.023900686017149116,8.560570969121715,0.9859749978938307,0.9948984826405775,0.9991925655977892,0.14050705197753466,0.032915843431013454,0.22310689099439757,0.19172919767339222,0.16872939899913886,-0.14540038711628164,0.15260352464216753,0.0662748686710803,8.560570958204854,0.9183523667086788,0.9952938585771971,0.9999224262402835,0.14050705197753466,0.032915843431013454,0.22310689099439757,0.19172919767339222,0.16872939899913886,-0.14540038711628164,0.15260352464216753,0.0662748686710803,8.560570958204854,0.9183523667086788,0.9952938585771971,0.9999224262402835,0.14237685941057604,0.032122974166509465,0.2221631195958136,0.1919722811285975,0.16500243994970581,-0.13504092675162271,0.15352543542694716,0.06667524943771719,9.481430952877917,0.9389069106542137,0.9954490060966302,0.9999941611148601,0.050639323196271006,0.007387555496008973,0.08449546314416806,0.04885699208383323,0.0867740394078603,0.014191419447125497,0.04820987783764781,0.020937283918120303,8.560570967659014,0.9855120577148773,0.9944547273699409,0.9982316519290425,0.00993484491482377,0.273451172048226,0.07484898902475834,ok,
759xd9YjKW5,f5f240dba39b4c19a1354c89c56d7a59,f5f240dba39b4c19a1354c89c56d7a59_i1_3,1,3,/home/bgao491/Matterport3D/v1/scans/759xd9YjKW5/undistorted_color_images/f5f240dba39b4c19a1354c89c56d7a59_i1_3.jpg,/home/bgao491/Matterport3D/v1/scans/759xd9YjKW5/undistorted_depth_images/f5f240dba39b4c19a1354c89c56d7a59_d1_3.png,1024,1280,406,504,1.4121168655554452,1218329,0.9295112609863281,-5.000219821929932,8.067500114440918,1.604640007019043,True,204624,1.0,True,,1.0,204624,1.0115406513214111,0.011474565964330496,1.003272084989688,0.008207822595745356,log-depth Laplacian fallback,,,,0.05936392558335367,0.049667454383486805,0.2512449476013579,0.09715828431333934,0.13836107217838176,0.021990806925796223,0.04965198429181166,0.021563582793480744,13.660230856432742,0.9240049280613036,0.9904615255813496,0.9917674125790324,0.062213937079312255,0.05160748821882872,0.25484151260276966,0.10298800298084196,0.14064182142270945,0.03346537310342015,0.051813796306837655,0.02250244582251868,13.66023086779509,0.9244350253502953,0.9904007866512248,0.9917337599285578,0.062213937079312255,0.05160748821882872,0.25484151260276966,0.10298800298084196,0.14064182142270945,0.03346537310342015,0.051813796306837655,0.02250244582251868,13.66023086779509,0.9244350253502953,0.9904007866512248,0.9917337599285578,0.06980548247462992,0.06363164638040726,0.27693999804230207,0.10636050141142069,0.15537851487740517,0.03876626863227912,0.05603019726698136,0.024333605493000662,15.046481084239593,0.9111537195617933,0.9872530326373253,0.9914193949253445,0.05915096913851551,0.050128360415675546,0.2516709187636361,0.09498401408885591,0.13891772067678676,0.025257521967037913,0.049245654948229294,0.021387116201727546,13.660230855340016,0.9241411802559079,0.9904442888579358,0.99175592143009,0.010849285870790482,0.27329807612113655,0.07462262501940131,ok,
759xd9YjKW5,f5f240dba39b4c19a1354c89c56d7a59,f5f240dba39b4c19a1354c89c56d7a59_i1_4,1,4,/home/bgao491/Matterport3D/v1/scans/759xd9YjKW5/undistorted_color_images/f5f240dba39b4c19a1354c89c56d7a59_i1_4.jpg,/home/bgao491/Matterport3D/v1/scans/759xd9YjKW5/undistorted_depth_images/f5f240dba39b4c19a1354c89c56d7a59_d1_4.png,1024,1280,406,504,1.4121168655554452,1247237,0.9515663146972656,-4.997680187225342,8.06509017944336,1.604699969291687,True,204624,1.0,True,,1.0,204624,0.9645121693611145,-0.03613282944159635,0.9751265285859403,0.0109447859461877,log-depth Laplacian fallback,,,,0.041235256724636585,0.01449039285609697,0.2227952946438018,0.1415445105480776,0.06351960266513447,0.022342016700374445,0.040241727489596674,0.01747676019098624,5.946069468562191,0.9857990101319958,0.9982970357678613,0.9997129655390274,0.031875925905010205,0.011256888519797325,0.1928587224348145,0.10155681409011369,0.06103900981381814,-0.013790812878723987,0.03206567631388564,0.01392594628161634,5.946069457377208,0.9884721187713321,0.9986450049188726,0.9996881105996696,0.031875925905010205,0.011256888519797325,0.1928587224348145,0.10155681409011369,0.06103900981381814,-0.013790812878723987,0.03206567631388564,0.01392594628161634,5.946069457377208,0.9884721187713321,0.9986450049188726,0.9996881105996696,0.0439529292123112,0.01396099961297535,0.2148603581202981,0.14359152347484155,0.06971193373842886,-0.022717870058886893,0.04457323289713548,0.01935790908781444,6.590638880669025,0.9776024925495315,0.9985303514889311,0.9997001371832298,0.029225260073711547,0.011204540028975753,0.19214951304338912,0.09360027783685114,0.059528767986993296,-0.002846051091716588,0.029085147891204272,0.012631519234490013,5.946069467499195,0.9876198348830254,0.9985111089552346,0.9996969300942804,0.01870928192511201,0.2705518009606749,0.07459655008278787,ok,
759xd9YjKW5,f5f240dba39b4c19a1354c89c56d7a59,f5f240dba39b4c19a1354c89c56d7a59_i1_5,1,5,/home/bgao491/Matterport3D/v1/scans/759xd9YjKW5/undistorted_color_images/f5f240dba39b4c19a1354c89c56d7a59_i1_5.jpg,/home/bgao491/Matterport3D/v1/scans/759xd9YjKW5/undistorted_depth_images/f5f240dba39b4c19a1354c89c56d7a59_d1_5.png,1024,1280,406,504,1.4121168655554452,1265896,0.965802001953125,-4.998489856719971,8.061690330505371,1.604740023612976,True,204624,1.0,True,,1.0,204624,1.0551795959472656,0.053710985565385796,1.0397208970138878,0.014758676685186045,log-depth Laplacian fallback,,,,0.08330044446601109,0.08862009327531668,0.5088248798285108,0.1802454143714091,0.2052218652520584,-0.05192255197823194,0.08759388440469057,0.03804154064542842,19.854486287386493,0.9584728919279308,0.9621122114296909,0.9645729191023591,0.08085138951818818,0.08916987183362636,0.4947164980168228,0.1555149110779969,0.19855291753214135,0.0017884336087195137,0.08090806507599596,0.03513792620397424,19.854486285409788,0.9593355220334056,0.9618349374672169,0.9636779008702137,0.08085138951818818,0.08916987183362636,0.4947164980168228,0.1555149110779969,0.19855291753214135,0.0017884336087195137,0.08090806507599596,0.03513792620397424,19.854486285409788,0.9593355220334056,0.9618349374672169,0.9636779008702137,0.08431220377315268,0.08541133756571415,0.48806721378789614,0.158405076905583,0.19538790472450535,0.019080452813824665,0.08430369743637066,0.036612630600657094,19.445402961381845,0.9592991841351897,0.9619542205678824,0.9641297547349861,0.07715699776570148,0.08815919152380307,0.49714756162490503,0.15673939110658894,0.19896806247622714,-0.012970247052265434,0.07837342847342783,0.03403714751384892,19.854486288228923,0.9592525768309561,0.9619155128067393,0.963942535563743,0.015732028055936098,0.2767187380231917,0.07129353401251137,ok,
759xd9YjKW5,f5f240dba39b4c19a1354c89c56d7a59,f5f240dba39b4c19a1354c89c56d7a59_i2_0,2,0,/home/bgao491/Matterport3D/v1/scans/759xd9YjKW5/undistorted_color_images/f5f240dba39b4c19a1354c89c56d7a59_i2_0.jpg,/home/bgao491/Matterport3D/v1/scans/759xd9YjKW5/undistorted_depth_images/f5f240dba39b4c19a1354c89c56d7a59_d2_0.png,1024,1280,406,504,1.4165615917841592,1223065,0.9331245422363281,-5.004720211029053,8.050490379333496,1.6381299495697021,True,204624,1.0,True,,1.0,204624,0.9873247146606445,-0.012756302103704136,1.045815711709416,0.05755346839003006,log-depth Laplacian fallback,,,,0.06620234488865205,0.011224683023020514,0.14149807581160123,0.092359417299872,0.08972818640828782,-0.044792022890251776,0.06793956720267691,0.029505779139017717,7.774845414231467,0.9826787619627738,0.9971399721192251,1.0,0.07298678149797261,0.011856489127039514,0.140120065528442,0.09823878854808617,0.09672968435608288,-0.05754832499456366,0.0756103067275833,0.032837138986801746,7.774845417079046,0.9813812021437944,0.9979714896591759,1.0,0.07298678149797261,0.011856489127039514,0.140120065528442,0.09823878854808617,0.09672968435608288,-0.05754832499456366,0.0756103067275833,0.032837138986801746,7.774845417079046,0.9813812021437944,0.9979714896591759,1.0,0.06601593797937205,0.013019984992747055,0.15864100146544416,0.10616258709138476,0.08883895098987707,-0.04063097857017549,0.06759654533383028,0.029356806634205493,7.900305559541175,0.9812798175076549,0.9979494139722745,1.0,0.05655133118752037,0.01359532072192102,0.17991386698383702,0.10519059052698851,0.07774845430706215,5.138203912581358e-06,0.0556322965972814,0.02416079942780438,7.774845413727652,0.9864438930065041,0.9957671914411744,1.0,0.0167265220079571,0.26858830894343555,0.07482396997511387,ok,
759xd9YjKW5,f5f240dba39b4c19a1354c89c56d7a59,f5f240dba39b4c19a1354c89c56d7a59_i2_1,2,1,/home/bgao491/Matterport3D/v1/scans/759xd9YjKW5/undistorted_color_images/f5f240dba39b4c19a1354c89c56d7a59_i2_1.jpg,/home/bgao491/Matterport3D/v1/scans/759xd9YjKW5/undistorted_depth_images/f5f240dba39b4c19a1354c89c56d7a59_d2_1.png,1024,1280,406,504,1.4165615917841592,914823,0.6979545593261719,-5.015270233154297,8.060500144958496,1.637869954109192,True,204624,1.0,True,,1.0,204624,1.2653535604476929,0.23535157755324662,1.116709322823793,0.12496532157027003,log-depth Laplacian fallback,,,,0.1152314136897696,0.012324906367080102,0.10054614051165917,0.09056340325567412,0.1357018774623362,-0.11075139314740261,0.12319364256241075,0.053502319170416604,7.84163787911197,0.9789543988290631,0.9993102490864353,1.0,0.1367380416814336,0.026577789696887403,0.16545081731958983,0.12162202321869688,0.1472220581186423,0.12460018442978243,0.12510910709387021,0.054334194846710836,7.8416378625597725,0.9314621516949181,0.9983548730191524,0.9997824715819345,0.1367380416814336,0.026577789696887403,0.16545081731958983,0.12162202321869688,0.1472220581186423,0.12460018442978243,0.12510910709387021,0.054334194846710836,7.8416378625597725,0.9314621516949181,0.9983548730191524,0.9997824715819345,0.15512042357569603,0.027040518772184764,0.15912078054170592,0.1313197682659324,0.15836930721178116,0.14107081194217289,0.14179805650545918,0.06158211348492642,7.197126846676814,0.8912478151511276,0.9990041789504637,0.9999158307126078,0.05971663145991868,0.006841521616752062,0.0852969947171035,0.053944437445531575,0.07841722880203848,-0.0003651114642990575,0.05891155553523178,0.02558496348928812,7.841637881597116,0.9827605995913964,0.9992763627499527,1.0,0.009865005034953356,0.2812128870282322,0.0722466460429132,ok,
759xd9YjKW5,f5f240dba39b4c19a1354c89c56d7a59,f5f240dba39b4c19a1354c89c56d7a59_i2_2,2,2,/home/bgao491/Matterport3D/v1/scans/759xd9YjKW5/undistorted_color_images/f5f240dba39b4c19a1354c89c56d7a59_i2_2.jpg,/home/bgao491/Matterport3D/v1/scans/759xd9YjKW5/undistorted_depth_images/f5f240dba39b4c19a1354c89c56d7a59_d2_2.png,1024,1280,406,504,1.4165615917841592,1150570,0.8778152465820312,-5.011879920959473,8.074649810791016,1.6376700401306152,True,204624,1.0,True,,1.0,204624,0.9659261107444763,-0.03466793760767199,1.039376492537205,0.0732889445666017,log-depth Laplacian fallback,,,,0.05480986245431959,0.009425033303280974,0.1250810968757826,0.08651514604321303,0.07483186322725892,-0.03472412812285752,0.055645168181257094,0.024166389485698363,6.628757560938974,0.9938647800655327,0.9977046159729526,0.9990778483708075,0.0744547182824373,0.014617777364809511,0.16057083211800482,0.11876321851850251,0.09596510539539121,-0.06939206558282224,0.07747614355573265,0.033647461625398896,6.628757566616719,0.9943254213129145,0.997722867795962,0.9991073989413942,0.0744547182824373,0.014617777364809511,0.16057083211800482,0.11876321851850251,0.09596510539539121,-0.06939206558282224,0.07747614355573265,0.033647461625398896,6.628757566616719,0.9943254213129145,0.997722867795962,0.9991073989413942,0.1049139101229517,0.021170577241552635,0.18594272453150293,0.15298811104364424,0.12427725979385848,-0.08527135369352544,0.11013049060289927,0.04782906435813709,9.040814974958773,0.9931799021354633,0.9976976628975204,0.9990926236561009,0.048875314561526835,0.00703732263275804,0.09746317774003524,0.06653833764672805,0.0664020208891104,0.003896883351286136,0.047754882965997995,0.020739682156068525,6.62875755953129,0.9930651763908324,0.9975081915919936,0.9990369990526434,0.015540934866294265,0.2776063308119774,0.07137146987952292,ok,
759xd9YjKW5,f5f240dba39b4c19a1354c89c56d7a59,f5f240dba39b4c19a1354c89c56d7a59_i2_3,2,3,/home/bgao491/Matterport3D/v1/scans/759xd9YjKW5/undistorted_color_images/f5f240dba39b4c19a1354c89c56d7a59_i2_3.jpg,/home/bgao491/Matterport3D/v1/scans/759xd9YjKW5/undistorted_depth_images/f5f240dba39b4c19a1354c89c56d7a59_d2_3.png,1024,1280,406,504,1.4165615917841592,1167173,0.8904823303222656,-4.99793004989624,8.078780174255371,1.6377300024032593,True,204624,1.0,True,,1.0,204624,0.9965726733207703,-0.0034332134176786235,1.0810431084976795,0.0813596296308594,log-depth Laplacian fallback,,,,0.12035997471902869,0.05245594547323843,0.2816619293044979,0.20823849580160864,0.15819642646885407,-0.04906862371546651,0.11957013590420429,0.05192865022361782,15.039408071525125,0.9737442521374295,0.9916430554853479,0.9934808293200751,0.12109420670071644,0.05273235674106387,0.28292529236003827,0.20952424270034528,0.15929476573260626,-0.05250183709153778,0.12071883016313996,0.05242752180166749,15.039408064089338,0.9743157184067829,0.9916619044477554,0.9935056756796122,0.12109420670071644,0.05273235674106387,0.28292529236003827,0.20952424270034528,0.15929476573260626,-0.05250183709153778,0.12071883016313996,0.05242752180166749,15.039408064089338,0.9743157184067829,0.9916619044477554,0.9935056756796122,0.11875084173714748,0.052851800135646686,0.2820519109462451,0.2047860895145439,0.15824546965935293,-0.060174915246145225,0.11897446872480219,0.051669955254552646,14.635780895746024,0.9762725834130844,0.9916687586159035,0.9934516991054454,0.11705797299253651,0.05861632232626109,0.3026881947474466,0.206742915340507,0.15313769143885797,0.028857807033849648,0.10717451591213423,0.04654530086129213,15.039408070938155,0.8937903806890667,0.9907717193595122,0.9929436338914626,0.014636636944487691,0.2818084158934653,0.07500115409493446,ok,
759xd9YjKW5,f5f240dba39b4c19a1354c89c56d7a59,f5f240dba39b4c19a1354c89c56d7a59_i2_4,2,4,/home/bgao491/Matterport3D/v1/scans/759xd9YjKW5/undistorted_color_images/f5f240dba39b4c19a1354c89c56d7a59_i2_4.jpg,/home/bgao491/Matterport3D/v1/scans/759xd9YjKW5/undistorted_depth_images/f5f240dba39b4c19a1354c89c56d7a59_d2_4.png,1024,1280,406,504,1.4165615917841592,1228115,0.9369773864746094,-4.987380027770996,8.068770408630371,1.6379799842834473,True,204624,1.0,True,,1.0,204624,1.0728434324264526,0.07031253727624621,1.1303974813598354,0.0522567870130575,log-depth Laplacian fallback,,,,0.11415031462629263,0.03621854084667528,0.30701531978841634,0.26937127735497296,0.13632580527351829,-0.11752335254471305,0.12227178215600144,0.05310196028282792,6.908680619426774,0.9849533634879469,0.9927124088542196,0.9987965296409538,0.05839548075748996,0.013995711649522216,0.19074378561324493,0.13366047284222063,0.08367704511302479,-0.04721081523154689,0.06049838674012566,0.026274115525285458,6.908680629483407,0.9861185638152778,0.9945290139767041,0.9988877263122753,0.05839548075748996,0.013995711649522216,0.19074378561324493,0.13366047284222063,0.08367704511302479,-0.04721081523154689,0.06049838674012566,0.026274115525285458,6.908680629483407,0.9861185638152778,0.9945290139767041,0.9988877263122753,0.06115429794781758,0.015351688873048773,0.19738145336106222,0.13629321992393184,0.08861832364968113,-0.05100448096138642,0.06354589835090564,0.02759763300138326,7.2468960309495305,0.984560892098867,0.9937758271823078,0.9989040114321541,0.03323883704322838,0.01054957714344878,0.16734500697283242,0.07583265694847081,0.06927083255639153,0.005045934297301669,0.03311727820814497,0.01438265118145217,6.9086806194257875,0.9825936496175033,0.9955753329289195,0.9989398386958876,0.0183372360188514,0.2773203691467643,0.07448514085263014,ok,
759xd9YjKW5,f5f240dba39b4c19a1354c89c56d7a59,f5f240dba39b4c19a1354c89c56d7a59_i2_5,2,5,/home/bgao491/Matterport3D/v1/scans/759xd9YjKW5/undistorted_color_images/f5f240dba39b4c19a1354c89c56d7a59_i2_5.jpg,/home/bgao491/Matterport3D/v1/scans/759xd9YjKW5/undistorted_depth_images/f5f240dba39b4c19a1354c89c56d7a59_d2_5.png,1024,1280,406,504,1.4165615917841592,1222611,0.9327781677246094,-4.990769863128662,8.054619789123535,1.6381800174713135,True,204624,1.0,True,,1.0,204624,0.9987038373947144,-0.0012970033506089396,0.9993982536002588,0.0006950758288396099,log-depth Laplacian fallback,,,,0.03957819329762339,0.030315614782026448,0.305195108043323,0.09125690997008669,0.12085506346108929,-0.003397569867721983,0.041547521485710115,0.018043859318000694,12.080729648153653,0.9680814257355774,0.9808082865277672,0.9887004124778854,0.03952963762182535,0.030267671790386794,0.3051452295924635,0.09113413825041987,0.12089847761655807,-0.004694573244188117,0.041550260002193314,0.01804504864059795,12.080729643550653,0.9681607641351174,0.980780477191846,0.9886488834142667,0.03952963762182535,0.030267671790386794,0.3051452295924635,0.09113413825041987,0.12089847761655807,-0.004694573244188117,0.041550260002193314,0.01804504864059795,12.080729643550653,0.9681607641351174,0.980780477191846,0.9886488834142667,0.04849643837836447,0.03050360061553239,0.3044638125420054,0.10666276172512242,0.12036898135407319,0.010215268243368924,0.0499912995715159,0.021710945547081747,11.993473211265048,0.9679644629403792,0.9814168202314555,0.9894504466261141,0.03954718244661451,0.030292625751612363,0.3051697214507631,0.09118692338360317,0.12087348362507372,-0.003999519452823401,0.04154032466721326,0.018040733779440255,12.080729650069754,0.9681182322095908,0.9807976535463856,0.9886775106718326,0.012581022921949625,0.2688498040661216,0.07443299214355648,ok,
759xd9YjKW5,fc30206582bb494190095c4439e2da29,fc30206582bb494190095c4439e2da29_i0_0,0,0,/home/bgao491/Matterport3D/v1/scans/759xd9YjKW5/undistorted_color_images/fc30206582bb494190095c4439e2da29_i0_0.jpg,/home/bgao491/Matterport3D/v1/scans/759xd9YjKW5/undistorted_depth_images/fc30206582bb494190095c4439e2da29_d0_0.png,1024,1280,406,504,1.4155678118069965,1239653,0.9457801818847656,-12.115400314331055,-10.280400276184082,1.5695699453353882,True,204624,1.0,True,,1.0,204624,0.9621603488922119,-0.03857415936633457,1.057076418503398,0.09408116118451668,log-depth Laplacian fallback,,,,0.1097358875097519,0.021131804907575734,0.1494548048419635,0.12414174494102664,0.15817101457664678,-0.09801663314416922,0.12037129108380883,0.052276587497268344,12.414028145322998,0.7971166124713932,0.9988448380312878,0.999650708706388,0.12458240402647351,0.027506256875675535,0.16972099482896677,0.13685091912939765,0.1845747927582255,-0.13659079255949622,0.13967041372971714,0.06065808996796039,12.414028157576638,0.6500302907345846,0.9989577728606311,1.0,0.12458240402647351,0.027506256875675535,0.16972099482896677,0.13685091912939765,0.1845747927582255,-0.13659079255949622,0.13967041372971714,0.06065808996796039,12.414028157576638,0.6500302907345846,0.9989577728606311,1.0,0.12058210780497111,0.025191787069674895,0.1656315634482978,0.13687044689712546,0.1716517448501252,-0.1301721143303889,0.1336569130841549,0.058046459820671005,11.189075994401255,0.6250813735779287,0.9989206657024183,1.0,0.10838255584094059,0.01859631500636274,0.15633472571531004,0.1426957100019289,0.13121690198591868,-0.04250959759242333,0.11303239807439704,0.04908934676000241,12.414028145333178,0.9403042625637981,0.9987036694946085,0.9993998320497752,0.011586703825742006,0.2658024609554559,0.07507226895540953,ok,
759xd9YjKW5,fc30206582bb494190095c4439e2da29,fc30206582bb494190095c4439e2da29_i0_1,0,1,/home/bgao491/Matterport3D/v1/scans/759xd9YjKW5/undistorted_color_images/fc30206582bb494190095c4439e2da29_i0_1.jpg,/home/bgao491/Matterport3D/v1/scans/759xd9YjKW5/undistorted_depth_images/fc30206582bb494190095c4439e2da29_d0_1.png,1024,1280,406,504,1.4155678118069965,1200582,0.9159713745117187,-12.111200332641602,-10.266400337219238,1.5696099996566772,True,204624,1.0,True,,1.0,204624,0.9959190487861633,-0.004089301019750942,1.048003170413126,0.05097591211739001,log-depth Laplacian fallback,,,,0.08846458744055588,0.024104529995979472,0.20445696181139025,0.11950001424200099,0.12313690226137687,-0.04402039613878247,0.09010113611739111,0.03913042622899676,11.499957140056022,0.9378659683386891,0.9953772420376118,0.9968406989276868,0.08993750859922948,0.024366396396275924,0.20589146157393654,0.1210335767063489,0.1246573077695502,-0.04810969702200789,0.09193878634712846,0.039928507583439944,11.49995714461709,0.9366057462130867,0.9953988982010392,0.9968565245855759,0.08993750859922948,0.024366396396275924,0.20589146157393654,0.1210335767063489,0.1246573077695502,-0.04810969702200789,0.09193878634712846,0.039928507583439944,11.49995714461709,0.9366057462130867,0.9953988982010392,0.9968565245855759,0.08533641892565323,0.019695878576781067,0.17813681598780207,0.1069679654695766,0.11492044464033618,-0.0436304767119758,0.08650603891649074,0.03756909535273986,10.631599173322098,0.9643314659057024,0.9955213388173403,0.9969523114622741,0.08235718892964929,0.023495797151078027,0.19482839986406292,0.11033316149804166,0.11503528481608256,0.002866240032679384,0.0800744883456758,0.034775908429753276,11.499957139395043,0.9534983866158246,0.9950973777717806,0.9965591688031304,0.016882918076589704,0.27274409402161837,0.0744583229534328,ok,
759xd9YjKW5,fc30206582bb494190095c4439e2da29,fc30206582bb494190095c4439e2da29_i0_2,0,2,/home/bgao491/Matterport3D/v1/scans/759xd9YjKW5/undistorted_color_images/fc30206582bb494190095c4439e2da29_i0_2.jpg,/home/bgao491/Matterport3D/v1/scans/759xd9YjKW5/undistorted_depth_images/fc30206582bb494190095c4439e2da29_d0_2.png,1024,1280,406,504,1.4155678118069965,1203087,0.9178825378417969,-12.097100257873535,-10.262999534606934,1.5698800086975098,True,204624,1.0,True,,1.0,204624,1.041614055633545,0.0407714866529574,1.0189096444163563,0.022038407181587626,log-depth Laplacian fallback,,,,0.11079667358405974,0.07062015906116664,0.5432273960462086,0.320351388549992,0.1536591015107835,-0.06059015694567715,0.11621658526996499,0.05047222168838454,14.120889617300843,0.8732186450356458,0.9971988725669881,0.9978879332916073,0.11548614651050207,0.057644656119568594,0.4694262616854381,0.2860223512573826,0.14259288930580682,-0.019818670396773385,0.11632885310297163,0.05052097898875455,14.120889626465516,0.9371425341641959,0.9962646092925947,0.9978413863669044,0.11548614651050207,0.057644656119568594,0.4694262616854381,0.2860223512573826,0.14259288930580682,-0.019818670396773385,0.11632885310297163,0.05052097898875455,14.120889626465516,0.9371425341641959,0.9962646092925947,0.9978413863669044,0.11136365306767512,0.05208400855776441,0.4338797899988325,0.26419406075035584,0.13766619880832837,-0.01018346504055293,0.11060020432034462,0.04803305843369788,13.72890357388456,0.9561744080020813,0.9959928085001334,0.997818112904553,0.11162604175953716,0.06407618296850501,0.5089311616741582,0.3038602113012415,0.14728191783723638,-0.04185703005776135,0.11496673087015621,0.04992941681936509,14.120889616648844,0.919038274040032,0.9966926747608444,0.9978663222194238,0.016511023975908756,0.27354366704821587,0.07473428803496063,ok,
759xd9YjKW5,fc30206582bb494190095c4439e2da29,fc30206582bb494190095c4439e2da29_i0_3,0,3,/home/bgao491/Matterport3D/v1/scans/759xd9YjKW5/undistorted_color_images/fc30206582bb494190095c4439e2da29_i0_3.jpg,/home/bgao491/Matterport3D/v1/scans/759xd9YjKW5/undistorted_depth_images/fc30206582bb494190095c4439e2da29_d0_3.png,1024,1280,406,504,1.4155678118069965,1209312,0.9226318359375,-12.0871000289917,-10.273599624633789,1.5701199769973755,True,204624,1.0,True,,1.0,204624,1.0655345916748047,0.06347663723349765,1.2766307243380506,0.1807477236346242,log-depth Laplacian fallback,,,,0.19897175157638836,0.0432443953805339,0.20836546253948243,0.1956245219403717,0.23391768909706195,-0.2173512797503538,0.22285165138020008,0.09678324247744811,8.646332438319257,0.33545520097377685,0.9981386110449578,0.9989258355163928,0.15281020228954548,0.02744048440604907,0.16615949575347508,0.15014148637812486,0.17650300866825921,-0.15387464255840408,0.1655322315633618,0.07188973474509935,8.64633242853348,0.943779603609325,0.99800465057818,0.9984817813765182,0.15281020228954548,0.02744048440604907,0.16615949575347508,0.15014148637812486,0.17650300866825921,-0.15387464255840408,0.1655322315633618,0.07188973474509935,8.64633242853348,0.943779603609325,0.99800465057818,0.9984817813765182,0.11151280372512463,0.016648870497525222,0.12800960977818884,0.10997927906625764,0.13454427426975377,-0.10444054046678258,0.11820112755124547,0.051334097450248334,8.481942728986725,0.9593281138366277,0.9979509010081765,0.9985214733666746,0.052191184044480095,0.018460858278868092,0.16706125116625892,0.07287581186486376,0.09054319643253128,0.026873108475013466,0.047729756858097445,0.0207287700260556,8.646332436999,0.9575270897832817,0.9976077306766161,0.9981080151358789,0.011991319945082068,0.26473821280524135,0.07488732994534075,ok,
759xd9YjKW5,fc30206582bb494190095c4439e2da29,fc30206582bb494190095c4439e2da29_i0_4,0,4,/home/bgao491/Matterport3D/v1/scans/759xd9YjKW5/undistorted_color_images/fc30206582bb494190095c4439e2da29_i0_4.jpg,/home/bgao491/Matterport3D/v1/scans/759xd9YjKW5/undistorted_depth_images/fc30206582bb494190095c4439e2da29_d0_4.png,1024,1280,406,504,1.4155678118069965,1250184,0.953814697265625,-12.09119987487793,-10.287500381469727,1.570080041885376,True,204624,1.0,True,,1.0,204624,1.028599500656128,0.028198168898836973,1.133912307107539,0.09747570282355977,log-depth Laplacian fallback,,,,0.12866514694396552,0.027717115935609996,0.19073044865178437,0.16635133087031262,0.17023594022650543,-0.13860368866395914,0.14194982111638782,0.06164802401800095,9.88397330710004,0.7583579697068592,1.0,1.0,0.10717746311513553,0.021252198475066292,0.16662840803508208,0.1371725756086746,0.14818458635750759,-0.11040551991201099,0.11714161414392027,0.05087395662394446,9.883973293622441,0.8340444286601012,1.0,1.0,0.10717746311513553,0.021252198475066292,0.16662840803508208,0.1371725756086746,0.14818458635750759,-0.11040551991201099,0.11714161414392027,0.05087395662394446,9.883973293622441,0.8340444286601012,1.0,1.0,0.09076453960733956,0.01592161977058055,0.14305493950924614,0.11260629845879719,0.1262478801021763,-0.09024799212458988,0.09816793341993563,0.04263379178412384,8.828265485231764,0.9655426721186642,1.0,1.0,0.0814343517937449,0.01411676875546061,0.1562469031969783,0.122477741542501,0.09968185688456208,-0.012929801225477097,0.08286391833416729,0.03598734248141057,9.883973306430955,0.9823481983452036,1.0,1.0,0.011195903876796365,0.2678279899992049,0.07470766897313297,ok,
759xd9YjKW5,fc30206582bb494190095c4439e2da29,fc30206582bb494190095c4439e2da29_i0_5,0,5,/home/bgao491/Matterport3D/v1/scans/759xd9YjKW5/undistorted_color_images/fc30206582bb494190095c4439e2da29_i0_5.jpg,/home/bgao491/Matterport3D/v1/scans/759xd9YjKW5/undistorted_depth_images/fc30206582bb494190095c4439e2da29_d0_5.png,1024,1280,406,504,1.4155678118069965,1251670,0.9549484252929688,-12.105400085449219,-10.290900230407715,1.5698100328445435,True,204624,1.0,True,,1.0,204624,1.1172159910202026,0.11083986846675803,1.1620965982503197,0.03938591753214088,log-depth Laplacian fallback,,,,0.1442558218411651,0.029504327248308884,0.20927856836763264,0.2031401432764257,0.16353406964331738,-0.1568488181867185,0.1568488181867185,0.06811857623153827,4.628001909609696,0.8932522150407056,1.0,1.0,0.049861422252870324,0.004288553460605347,0.07200472891936273,0.062380791032599164,0.06525843723221628,-0.04600894967469648,0.051844290407622,0.022515689242219927,4.628001922884604,1.0,1.0,1.0,0.049861422252870324,0.004288553460605347,0.07200472891936273,0.062380791032599164,0.06525843723221628,-0.04600894967469648,0.051844290407622,0.022515689242219927,4.628001922884604,1.0,1.0,1.0,0.03564393464632183,0.0033311210848296848,0.07549628824779989,0.05323167702038288,0.04886955277489783,-0.024523007807414943,0.03667555746446684,0.01592799222754356,4.227121096557314,0.9999976032021219,1.0,1.0,0.037063277726928634,0.0028355636377999497,0.06635875835946302,0.05263037956047534,0.04675151847141041,-0.006623013777642513,0.03741595114137882,0.0162495411158625,4.62800190998641,1.0,1.0,1.0,0.015919272089377046,0.2713910420425236,0.0716867670416832,ok,
759xd9YjKW5,fc30206582bb494190095c4439e2da29,fc30206582bb494190095c4439e2da29_i1_0,1,0,/home/bgao491/Matterport3D/v1/scans/759xd9YjKW5/undistorted_color_images/fc30206582bb494190095c4439e2da29_i1_0.jpg,/home/bgao491/Matterport3D/v1/scans/759xd9YjKW5/undistorted_depth_images/fc30206582bb494190095c4439e2da29_d1_0.png,1024,1280,406,504,1.4121168655554452,1172314,0.8944046020507812,-12.105299949645996,-10.277700424194336,1.6030199527740479,True,204624,1.0,True,,1.0,204624,0.9198946952819824,-0.08349607714030474,1.0417589886367673,0.12440669682453062,log-depth Laplacian fallback,,,,0.06019039402941162,0.009740637789178394,0.125266866139089,0.10133418868504843,0.08449301344215748,-0.0573497129457482,0.06346843813437508,0.027563992456777018,6.204901083479806,0.9975782938700724,1.0,1.0,0.1301740736718665,0.03379057448135301,0.24702074111810368,0.23986469354436507,0.15390781759818667,-0.140845790069545,0.14128174793252632,0.061357883520742354,6.204901076989346,0.8586974138328127,1.0,1.0,0.1301740736718665,0.03379057448135301,0.24702074111810368,0.23986469354436507,0.15390781759818667,-0.140845790069545,0.14128174793252632,0.061357883520742354,6.204901076989346,0.8586974138328127,1.0,1.0,0.1265155141750525,0.031865451169512955,0.24306227580541215,0.23650215046519077,0.14664520976748818,-0.1362627963152702,0.13664434845361265,0.05934388651666912,5.419656712462334,0.9352903744218699,1.0,1.0,0.05102353810773889,0.006475148862518943,0.10732696954259442,0.09185729736355283,0.0641897400092737,-0.016439068754036407,0.05210151754930143,0.022627401570447042,6.204901079758014,0.9990318293562988,1.0,1.0,0.016124810092151165,0.2848946820013225,0.07462691189721227,ok,
759xd9YjKW5,fc30206582bb494190095c4439e2da29,fc30206582bb494190095c4439e2da29_i1_1,1,1,/home/bgao491/Matterport3D/v1/scans/759xd9YjKW5/undistorted_color_images/fc30206582bb494190095c4439e2da29_i1_1.jpg,/home/bgao491/Matterport3D/v1/scans/759xd9YjKW5/undistorted_depth_images/fc30206582bb494190095c4439e2da29_d1_1.png,1024,1280,406,504,1.4121168655554452,1303922,0.9948135375976562,-12.104299545288086,-10.274299621582031,1.6030299663543701,True,204624,1.0,True,,1.0,204624,1.0395816564559937,0.03881837881997842,1.2893659651435048,0.21533221883918385,log-depth Laplacian fallback,,,,0.2468275774571089,0.08034960128789362,0.325081354271682,0.2924184963647171,0.28690361918341933,-0.23895150850819946,0.27745098689225284,0.12049543260591683,15.879503544569765,0.1938045373879726,0.9903567851451237,0.9983342561901709,0.22319401243260248,0.0687976449317181,0.30010469400465983,0.266237400223229,0.2554782434338375,-0.2001331296598452,0.24469180342967897,0.10626829999646481,15.879503544064196,0.44619540125866425,0.9902080032394576,0.9983097148449064,0.22319401243260248,0.0687976449317181,0.30010469400465983,0.266237400223229,0.2554782434338375,-0.2001331296598452,0.24469180342967897,0.10626829999646481,15.879503544064196,0.44619540125866425,0.9902080032394576,0.9983097148449064,0.1929080087844072,0.054360539623951085,0.2693805617953185,0.23358455964382122,0.2252706447098327,-0.17772214245038187,0.21079263162445347,0.09154607674036509,13.842580485888409,0.5337244098956839,0.9904871610418414,0.9983457599457636,0.1027835614739495,0.04999613871953886,0.24282254057312086,0.12771737925706386,0.15952077162395442,0.01519912150294072,0.09093027576403509,0.03949051700226146,15.879503545464091,0.9218381160836308,0.9357722317746,0.9902440483403149,0.010696468176320195,0.2754504659678787,0.07588417013175786,ok,
759xd9YjKW5,fc30206582bb494190095c4439e2da29,fc30206582bb494190095c4439e2da29_i1_2,1,2,/home/bgao491/Matterport3D/v1/scans/759xd9YjKW5/undistorted_color_images/fc30206582bb494190095c4439e2da29_i1_2.jpg,/home/bgao491/Matterport3D/v1/scans/759xd9YjKW5/undistorted_depth_images/fc30206582bb494190095c4439e2da29_d1_2.png,1024,1280,406,504,1.4121168655554452,1120794,0.8550979614257812,-12.100899696350098,-10.273500442504883,1.6030999422073364,True,204624,1.0,True,,1.0,204624,0.9822157025337219,-0.01794433840060896,0.9968353627187931,0.01477468306516359,log-depth Laplacian fallback,,,,0.18041137164331517,0.29375455364204534,0.7152762032675524,0.41456238833095366,0.2617393047986099,0.0976801941561773,0.13264724050493312,0.057607964590985994,24.282924730367867,0.8596637740744508,0.8797156301693264,0.9732056024568297,0.1782790797645641,0.278535629990792,0.7096404766233572,0.4375239007791825,0.255585308690811,0.07973585561438279,0.13372810581662317,0.05807737843153358,24.282924730769036,0.8645406738437215,0.8805222012252029,0.9775569819253137,0.1782790797645641,0.278535629990792,0.7096404766233572,0.4375239007791825,0.255585308690811,0.07973585561438279,0.13372810581662317,0.05807737843153358,24.282924730769036,0.8645406738437215,0.8805222012252029,0.9775569819253137,0.17667234812788443,0.2821387657196743,0.7081477340273119,0.4207738133319887,0.2568817213596666,0.08611592405844598,0.13129520151580112,0.0570207815186879,24.20170787202121,0.8633504462015321,0.8803044984180858,0.9766165771765374,0.17976166384523012,0.29078480621979147,0.7132481480104447,0.4170724539721403,0.2605729898595585,0.09451052706343659,0.13256830239276976,0.05757368220446159,24.28292472469925,0.8614990801164175,0.8798253737975043,0.9744127823667864,0.009917877148836851,0.26836961694061756,0.07113871816545725,ok,
759xd9YjKW5,fc30206582bb494190095c4439e2da29,fc30206582bb494190095c4439e2da29_i1_3,1,3,/home/bgao491/Matterport3D/v1/scans/759xd9YjKW5/undistorted_color_images/fc30206582bb494190095c4439e2da29_i1_3.jpg,/home/bgao491/Matterport3D/v1/scans/759xd9YjKW5/undistorted_depth_images/fc30206582bb494190095c4439e2da29_d1_3.png,1024,1280,406,504,1.4121168655554452,1199070,0.9148178100585938,-12.09850025177002,-10.276100158691406,1.6031500101089478,True,180982,0.8844612557666744,True,,1.0,180982,0.817771852016449,-0.2011718907972261,0.83203998784268,0.01729711379225521,log-depth Laplacian fallback,,,,0.24281135071410348,0.17428520222499733,0.46769237672203595,0.2802258347804233,0.24827685210881534,0.17493832068228068,0.20440286026395366,0.08877103429787647,17.61759894251373,0.6167838408099611,0.9881591566797602,0.9888455219461749,0.08600355466663476,0.12079076603276578,0.5690190994613069,0.20477608495868033,0.17811844233416785,-0.026233570102913616,0.07791270053131906,0.03383705591093242,17.617598956499663,0.9169281192924517,0.9859290950486627,0.9899430391887046,0.08600355466663476,0.12079076603276578,0.5690190994613069,0.20477608495868033,0.17811844233416785,-0.026233570102913616,0.07791270053131906,0.03383705591093242,17.617598956499663,0.9169281192924517,0.9859290950486627,0.9899430391887046,0.11073457333856451,0.11575014377503995,0.49855290556928106,0.20281997078224034,0.1765155616305322,-0.036392597088720315,0.09951385338112292,0.04321831739635096,17.272325371784852,0.9168071922406532,0.9884485476244089,0.9898980042866555,0.08583447804852892,0.12069767038549517,0.5549083188476895,0.1987765071335033,0.176402491455509,-0.008936427433137576,0.07626123277341491,0.03311983257663352,17.617598944363326,0.9169623124588222,0.9875686990751166,0.9898146063198979,0.011813302990049124,0.2657206498552114,0.07490036706440151,ok,
759xd9YjKW5,fc30206582bb494190095c4439e2da29,fc30206582bb494190095c4439e2da29_i1_4,1,4,/home/bgao491/Matterport3D/v1/scans/759xd9YjKW5/undistorted_color_images/fc30206582bb494190095c4439e2da29_i1_4.jpg,/home/bgao491/Matterport3D/v1/scans/759xd9YjKW5/undistorted_depth_images/fc30206582bb494190095c4439e2da29_d1_4.png,1024,1280,406,504,1.4121168655554452,1218508,0.9296478271484375,-12.099499702453613,-10.279399871826172,1.6031399965286255,True,180192,0.8806005160684963,True,,1.0,180192,0.9484003782272339,-0.05297852598536316,0.9902907556649223,0.0432218396034657,log-depth Laplacian fallback,,,,0.05016413559786865,0.048472520807725974,0.36806621345250906,0.15819830226787135,0.10329301424952106,0.017465801331587545,0.04517227266258231,0.019618068752388605,10.180566082786003,0.9703292879488686,0.9854075640045039,0.9918392000709064,0.06595059380670983,0.047927912216012086,0.3901420374052565,0.2129525134691348,0.10782182612769428,-0.03551272466721148,0.06378627838455614,0.0277020287235574,10.18056608260148,0.9739583162359213,0.9865803096902113,0.9928100595154074,0.06595059380670983,0.047927912216012086,0.3901420374052565,0.2129525134691348,0.10782182612769428,-0.03551272466721148,0.06378627838455614,0.0277020287235574,10.18056608260148,0.9739583162359213,0.9865803096902113,0.9928100595154074,0.07217337328410564,0.05732502408199051,0.41738247383039623,0.22875232086297176,0.11506701627448727,-0.033605139922870876,0.06897564949793832,0.02995574396264744,11.005050115777477,0.9690785780643213,0.9854961969884481,0.9916496239663588,0.0485445123014385,0.04698589120982414,0.36554672284040224,0.15352268084535553,0.10209712588733517,0.0077091203357693835,0.04403230556482636,0.01912298733228193,10.180566083525509,0.9709571049184741,0.9856504840345734,0.9919902044139226,0.011372667970135808,0.2703024859074503,0.07499955198727548,ok,
759xd9YjKW5,fc30206582bb494190095c4439e2da29,fc30206582bb494190095c4439e2da29_i1_5,1,5,/home/bgao491/Matterport3D/v1/scans/759xd9YjKW5/undistorted_color_images/fc30206582bb494190095c4439e2da29_i1_5.jpg,/home/bgao491/Matterport3D/v1/scans/759xd9YjKW5/undistorted_depth_images/fc30206582bb494190095c4439e2da29_d1_5.png,1024,1280,406,504,1.4121168655554452,1247126,0.9514816284179688,-12.102899551391602,-10.280200004577637,1.6030800342559814,True,204624,1.0,True,,1.0,204624,0.9770735502243042,-0.023193348069395204,1.0133724294021476,0.036477155722019386,log-depth Laplacian fallback,,,,0.022095324322845753,0.00461446265004612,0.09854828124474821,0.059813740144047015,0.041273637117171774,-0.012940744589514214,0.02178741454594381,0.009462153912242035,3.9192476961132967,0.9946653345371679,0.9983810777740181,0.9995285159639042,0.04053359014803576,0.007607733250613425,0.13799626812104798,0.11521566506660906,0.05330781268913623,-0.03613409263848935,0.04093540349384543,0.01777801985186016,3.919247686601478,0.9951664867864193,0.9984243773283533,0.9995894560774132,0.04053359014803576,0.007607733250613425,0.13799626812104798,0.11521566506660906,0.05330781268913623,-0.03613409263848935,0.04093540349384543,0.01777801985186016,3.919247686601478,0.9951664867864193,0.9984243773283533,0.9995894560774132,0.04958370607267452,0.010336057270653981,0.16616647091308465,0.14364645421627611,0.061962569118667946,-0.045890368822895045,0.0504988464580284,0.021931370359201313,4.1634529192538805,0.9950967263933236,0.9984315939207425,0.9996199261341677,0.01849096768068595,0.004314053109505634,0.09381977405399845,0.050866248951030625,0.03919397835439315,0.00034305505285280193,0.017921465013671475,0.007783193363059704,3.9192476988260774,0.994502560286611,0.9983506077172636,0.9995076680303353,0.011427986901253462,0.2751699830405414,0.07180923921987414,ok,
759xd9YjKW5,fc30206582bb494190095c4439e2da29,fc30206582bb494190095c4439e2da29_i2_0,2,0,/home/bgao491/Matterport3D/v1/scans/759xd9YjKW5/undistorted_color_images/fc30206582bb494190095c4439e2da29_i2_0.jpg,/home/bgao491/Matterport3D/v1/scans/759xd9YjKW5/undistorted_depth_images/fc30206582bb494190095c4439e2da29_d2_0.png,1024,1280,406,504,1.4165615917841592,1211119,0.9240104675292968,-12.116700172424316,-10.280099868774414,1.6360599994659424,True,204624,1.0,True,,1.0,204624,0.9853982329368591,-0.014709422118392934,1.0593637516885028,0.07237791577354136,log-depth Laplacian fallback,,,,0.05940099148622909,0.008188357224539327,0.11880350240514646,0.10696238753765738,0.07578835495281064,-0.055092516584075144,0.06147110916065511,0.026696563504944926,5.204507049554859,0.9770270303743893,0.9998654137206996,1.0,0.07240659525918314,0.011119580434719443,0.1409922089774371,0.1322304092775856,0.08706893837636144,-0.06980193872535635,0.07544610424950095,0.032765826756655736,5.204507066157392,0.9763714383144844,0.9995334892772717,1.0,0.07240659525918314,0.011119580434719443,0.1409922089774371,0.1322304092775856,0.08706893837636144,-0.06980193872535635,0.07544610424950095,0.032765826756655736,5.204507066157392,0.9763714383144844,0.9995334892772717,1.0,0.06771419902181365,0.010007806495899309,0.13198333056032044,0.12169254648831022,0.08369390103176304,-0.06476743791513877,0.07047913796803074,0.030608700708813736,5.300799992287195,0.9770790483841802,0.9995549570273441,1.0,0.02285414397858214,0.0038887386537614283,0.07835996695019155,0.03833404476364277,0.052108779333960256,0.0025759498124982684,0.02278446627084938,0.009895167974540656,5.204507052775367,0.979789764672175,1.0,1.0,0.010974531061947346,0.2718217629007995,0.07475725398398936,ok,
759xd9YjKW5,fc30206582bb494190095c4439e2da29,fc30206582bb494190095c4439e2da29_i2_1,2,1,/home/bgao491/Matterport3D/v1/scans/759xd9YjKW5/undistorted_color_images/fc30206582bb494190095c4439e2da29_i2_1.jpg,/home/bgao491/Matterport3D/v1/scans/759xd9YjKW5/undistorted_depth_images/fc30206582bb494190095c4439e2da29_d2_1.png,1024,1280,406,504,1.4165615917841592,1225263,0.9348014831542969,-12.112600326538086,-10.266200065612793,1.6360900402069092,True,204624,1.0,True,,1.0,204624,1.037806510925293,0.03710936170836192,1.252288276432229,0.18786313720684766,log-depth Laplacian fallback,,,,0.1945960897584266,0.06228640475801519,0.3264789772708295,0.30774678440092157,0.2199994096936793,-0.21553589100450965,0.21697753213741405,0.09423214490426444,4.409104165768237,0.48344151418919856,1.0,1.0,0.1649458809827371,0.04532922735172966,0.2789498714162376,0.26185043273828745,0.1837934882018432,-0.1784265292764037,0.18065298834847027,0.0784565959790731,4.4091041672631555,0.9533871503505778,1.0,1.0,0.1649458809827371,0.04532922735172966,0.2789498714162376,0.26185043273828745,0.1837934882018432,-0.1784265292764037,0.18065298834847027,0.0784565959790731,4.4091041672631555,0.9533871503505778,1.0,1.0,0.16163065800694248,0.0435583508493151,0.2717419405188005,0.25528889697705887,0.18120572699321658,-0.1747877760597068,0.17689937757530988,0.07682642353307692,4.779904638423163,0.8744824580518632,1.0,1.0,0.0301726823597981,0.0032275303547404637,0.0700645728872567,0.04061829633489454,0.045089563154733524,0.00943656465937043,0.029387314488616017,0.01276274852036141,4.409104164015887,0.9899490966429249,0.9995045961560906,1.0,0.012920951936393976,0.25371526391245425,0.07464778306894004,ok,
759xd9YjKW5,fc30206582bb494190095c4439e2da29,fc30206582bb494190095c4439e2da29_i2_2,2,2,/home/bgao491/Matterport3D/v1/scans/759xd9YjKW5/undistorted_color_images/fc30206582bb494190095c4439e2da29_i2_2.jpg,/home/bgao491/Matterport3D/v1/scans/759xd9YjKW5/undistorted_depth_images/fc30206582bb494190095c4439e2da29_d2_2.png,1024,1280,406,504,1.4165615917841592,1244971,0.9498374938964844,-12.098400115966797,-10.262800216674805,1.6363699436187744,True,204624,1.0,True,,1.0,204624,0.9428596496582031,-0.058837841298070605,1.1917044584764802,0.23422244167990897,log-depth Laplacian fallback,,,,0.1594968434141831,0.058117742810200025,0.35686789930526575,0.3373647333798197,0.18116170907958948,-0.16471715180313584,0.17241874286230252,0.07488050860179371,7.541766860955408,0.9057046308709199,0.9963685901117375,0.9979252528773762,0.20633959338091892,0.09352486933493671,0.46597829494800647,0.44518990384537327,0.23593359168741002,-0.22355499311694216,0.23003626310365022,0.0999034797035599,7.541766861290164,0.41952302503431804,0.9969027390999469,0.9981967451450676,0.20633959338091892,0.09352486933493671,0.46597829494800647,0.44518990384537327,0.23593359168741002,-0.22355499311694216,0.23003626310365022,0.0999034797035599,7.541766861290164,0.41952302503431804,0.9969027390999469,0.9981967451450676,0.20122150567510594,0.08651668982130445,0.43497858395693767,0.4187238207883426,0.23566457311474537,-0.21773908107804474,0.2245982443578455,0.09754177816977046,9.015255732725405,0.5333883279208913,0.9964199969316554,0.9980810798002524,0.043297718413638824,0.019955707977616376,0.2008960059180231,0.10359091517085647,0.07616836710766768,0.010667493180436877,0.040495316832520376,0.01758689264328746,7.541766860022767,0.9903202564557728,0.9944809959428774,0.9968232191753864,0.010557106928899884,0.2678602300584316,0.07472394197247922,ok,
759xd9YjKW5,fc30206582bb494190095c4439e2da29,fc30206582bb494190095c4439e2da29_i2_3,2,3,/home/bgao491/Matterport3D/v1/scans/759xd9YjKW5/undistorted_color_images/fc30206582bb494190095c4439e2da29_i2_3.jpg,/home/bgao491/Matterport3D/v1/scans/759xd9YjKW5/undistorted_depth_images/fc30206582bb494190095c4439e2da29_d2_3.png,1024,1280,406,504,1.4165615917841592,1214707,0.9267478942871094,-12.088399887084961,-10.27340030670166,1.6366000175476074,True,198639,0.9707512315270936,True,,1.0,198639,0.985698938369751,-0.014404307343127582,1.0149248024929138,0.029218830878481143,log-depth Laplacian fallback,,,,0.029935440673895926,0.028134386939710848,0.16440077102414052,0.04233363850376696,0.08134881220044425,-0.011435974122374218,0.025180034525430394,0.010935550048527781,8.054096934042658,0.9938536618295606,0.9960508995173322,0.9971762737845423,0.04187156654736012,0.02811265344493667,0.1674851290100507,0.0613613370606896,0.0845846787202638,-0.025840281506395387,0.03762872263891246,0.016341946603147646,8.054096923852164,0.994015017613301,0.9961776790616996,0.997209203536326,0.04187156654736012,0.02811265344493667,0.1674851290100507,0.0613613370606896,0.0845846787202638,-0.025840281506395387,0.03762872263891246,0.016341946603147646,8.054096923852164,0.994015017613301,0.9961776790616996,0.997209203536326,0.038110210342928365,0.02776441634718587,0.16469110178776747,0.05314825557248497,0.08391558200462378,-0.019552833737949887,0.033746303539578255,0.014655833411871013,8.16058306494752,0.9938199088339822,0.9960443135669754,0.9972199057056558,0.025028975017596974,0.02887512128171777,0.16560755530917556,0.03603598758445409,0.08061179865873762,0.0033785120596254675,0.01987851244907617,0.008633128265078874,8.05409693215808,0.9937030082151498,0.9959142410474295,0.9971433440327585,0.012446384876966476,0.2744230539537966,0.07475839415565133,ok,
759xd9YjKW5,fc30206582bb494190095c4439e2da29,fc30206582bb494190095c4439e2da29_i2_4,2,4,/home/bgao491/Matterport3D/v1/scans/759xd9YjKW5/undistorted_color_images/fc30206582bb494190095c4439e2da29_i2_4.jpg,/home/bgao491/Matterport3D/v1/scans/759xd9YjKW5/undistorted_depth_images/fc30206582bb494190095c4439e2da29_d2_4.png,1024,1280,406,504,1.4165615917841592,1246871,0.9512870788574219,-12.092599868774414,-10.287300109863281,1.6365699768066406,True,199330,0.9741281570099304,True,,1.0,199330,0.9909469485282898,-0.009094279356256323,0.9981577604481622,0.007250340794158733,log-depth Laplacian fallback,,,,0.04515456488348285,0.021363411501606137,0.19746380054708265,0.08520871180942374,0.12266772684423778,-0.004403154054848676,0.047368789550191276,0.020572003916084478,12.258867583713352,0.9550675250286518,0.9674208478663792,0.9983614985030529,0.04545338759826889,0.020750095117855846,0.19292738360181524,0.08391000612164208,0.12332949419204149,-0.013497433486305067,0.04807780825991086,0.02087992682928187,12.258867576961409,0.9558230161740869,0.9675940815048228,0.9972258557621438,0.04545338759826889,0.020750095117855846,0.19292738360181524,0.08391000612164208,0.12332949419204149,-0.013497433486305067,0.04807780825991086,0.02087992682928187,12.258867576961409,0.9558230161740869,0.9675940815048228,0.9972258557621438,0.049320624130918964,0.020231785833084045,0.19003532992890493,0.08989349909362244,0.12153620233433933,-0.023865964596947196,0.05217605381125688,0.022659772257715993,11.916989641562475,0.9577077339997482,0.968068067987787,0.9960621427557462,0.04502028546419248,0.021210307521212737,0.19639058187169656,0.08454613369102705,0.12274774892271408,-0.006247113496519342,0.04731763373842974,0.020549787229319178,12.258867581695815,0.9552223124926316,0.9674521261622092,0.9981489664929251,0.010675011202692986,0.2643829348962754,0.0748858789447695,ok,
759xd9YjKW5,fc30206582bb494190095c4439e2da29,fc30206582bb494190095c4439e2da29_i2_5,2,5,/home/bgao491/Matterport3D/v1/scans/759xd9YjKW5/undistorted_color_images/fc30206582bb494190095c4439e2da29_i2_5.jpg,/home/bgao491/Matterport3D/v1/scans/759xd9YjKW5/undistorted_depth_images/fc30206582bb494190095c4439e2da29_d2_5.png,1024,1280,406,504,1.4165615917841592,1252184,0.955340576171875,-12.10669994354248,-10.29069995880127,1.6362899541854858,True,204624,1.0,True,,1.0,204624,1.002689242362976,0.0026856328205740582,1.023859451200944,0.020893629689877385,log-depth Laplacian fallback,,,,0.03330520307786466,0.009430151461928682,0.13185393848227187,0.06946699927205927,0.05846079204595705,-0.012303737934051467,0.032150582785320535,0.013962820693638394,5.7151397528764045,0.9905237568919584,0.9956675696223558,0.9988060860065294,0.032016819809902355,0.009378841381697735,0.1314223655792411,0.06694222188703522,0.05795507039165778,-0.009618105217519143,0.030774512757013265,0.013365201073632088,5.715139749933276,0.9903600429329875,0.9956420142726629,0.9987805306568364,0.032016819809902355,0.009378841381697735,0.1314223655792411,0.06694222188703522,0.05795507039165778,-0.009618105217519143,0.030774512757013265,0.013365201073632088,5.715139749933276,0.9903600429329875,0.9956420142726629,0.9987805306568364,0.03080970295580055,0.009680025266845738,0.13378400609295218,0.0651356514385523,0.05828255563342847,-0.00601183870310842,0.029437468222256107,0.01278453001012816,5.797166623939226,0.9902434466500131,0.9954783003136919,0.9986303929773899,0.027048283699232397,0.010145505345886902,0.1390087607712984,0.06091116637380493,0.058253075359096795,0.01127557308553021,0.02520626736564448,0.010946942826277412,5.715139753659114,0.9888187359046274,0.9954575365920664,0.9985968515809178,0.014769242843613029,0.2765505048446357,0.0714505750220269,ok,
759xd9YjKW5,fffe7407b0324ceca095d418d02e2ea3,fffe7407b0324ceca095d418d02e2ea3_i0_0,0,0,/home/bgao491/Matterport3D/v1/scans/759xd9YjKW5/undistorted_color_images/fffe7407b0324ceca095d418d02e2ea3_i0_0.jpg,/home/bgao491/Matterport3D/v1/scans/759xd9YjKW5/undistorted_depth_images/fffe7407b0324ceca095d418d02e2ea3_d0_0.png,1024,1280,406,504,1.4155678118069965,1214575,0.9266471862792969,-3.2681000232696533,5.966989994049072,1.581220030784607,True,204624,1.0,True,,1.0,204624,0.999279260635376,-0.000720999222107063,1.0056631877495352,0.006368211410587847,log-depth Laplacian fallback,,,,0.07562939226127167,0.011007452829704566,0.11939524501746872,0.0993156775880944,0.09280422474162342,-0.0037506945395073482,0.07535835578296048,0.032727718081841724,9.272840136854004,0.9882312743140604,1.0,1.0,0.07560651833653594,0.010991835789900779,0.11929152226506004,0.09926132727122759,0.09283615923591751,-0.004471693724490265,0.07539000210614993,0.03274146190537544,9.272840134991538,0.9884494576292119,1.0,1.0,0.07560651833653594,0.010991835789900779,0.11929152226506004,0.09926132727122759,0.09283615923591751,-0.004471693724490265,0.07539000210614993,0.03274146190537544,9.272840134991538,0.9884494576292119,1.0,1.0,0.07203708561620852,0.01012310967571655,0.11618762344370288,0.09528848132661584,0.08623740254581597,0.006649239275421485,0.07073409587458145,0.030719427520746304,8.598067931173432,0.9956980836918263,1.0,1.0,0.07594507359189638,0.011181805157335755,0.12053193499332497,0.09995117590524223,0.09274779286506275,0.0018964866229604382,0.07524616140116885,0.03267899268092909,9.272840136565236,0.9862684478109627,1.0,1.0,0.01737360004335642,0.27508981991559267,0.07474433188326657,ok,
759xd9YjKW5,fffe7407b0324ceca095d418d02e2ea3,fffe7407b0324ceca095d418d02e2ea3_i0_1,0,1,/home/bgao491/Matterport3D/v1/scans/759xd9YjKW5/undistorted_color_images/fffe7407b0324ceca095d418d02e2ea3_i0_1.jpg,/home/bgao491/Matterport3D/v1/scans/759xd9YjKW5/undistorted_depth_images/fffe7407b0324ceca095d418d02e2ea3_d0_1.png,1024,1280,406,504,1.4155678118069965,1241622,0.9472824096679687,-3.263969898223877,5.95304012298584,1.5809400081634521,True,204624,1.0,True,,1.0,204624,1.0084584951400757,0.008422922523170681,1.101636846935254,0.08837419391116098,log-depth Laplacian fallback,,,,0.09787032347925444,0.020484374834810148,0.18271230983292086,0.16260700519697469,0.12692034330609248,-0.10487171954196586,0.10544461126249959,0.045794012817737026,7.1489131937992,0.9498502764931678,1.0,1.0,0.09048234294782867,0.01822878038501488,0.17110384882816496,0.14767308107875238,0.12005443122551053,-0.09644879721238832,0.09726346502724732,0.042240986152123496,7.148913185348128,0.9710564084721437,1.0,1.0,0.09048234294782867,0.01822878038501488,0.17110384882816496,0.14767308107875238,0.12005443122551053,-0.09644879721238832,0.09726346502724732,0.042240986152123496,7.148913185348128,0.9710564084721437,1.0,1.0,0.07768005568091357,0.012524796444242592,0.15637713548551788,0.14092797143258184,0.09062769464717799,-0.08136568094200759,0.08161645938118119,0.035445577941727854,3.9912466747941746,0.9963869841223818,1.0,1.0,0.062007306433378956,0.009589543947866241,0.1465332135578658,0.12330603681772105,0.07194369063345998,-0.008074567114575736,0.0626909719281518,0.02722634317354798,7.14891319563695,0.999765629152834,1.0,1.0,0.0104816360399127,0.2733295389916748,0.07518982491455972,ok,
759xd9YjKW5,fffe7407b0324ceca095d418d02e2ea3,fffe7407b0324ceca095d418d02e2ea3_i0_2,0,2,/home/bgao491/Matterport3D/v1/scans/759xd9YjKW5/undistorted_color_images/fffe7407b0324ceca095d418d02e2ea3_i0_2.jpg,/home/bgao491/Matterport3D/v1/scans/759xd9YjKW5/undistorted_depth_images/fffe7407b0324ceca095d418d02e2ea3_d0_2.png,1024,1280,406,504,1.4155678118069965,1226275,0.9355735778808594,-3.273979902267456,5.942490100860596,1.580680012702942,True,204624,1.0,True,,1.0,204624,1.0467125177383423,0.04565431704894236,1.0533476751220197,0.006319037411247515,log-depth Laplacian fallback,,,,0.06565726208368616,0.011003471702946683,0.1350998111526747,0.1068299860729335,0.08638169622768496,-0.051794632915576844,0.06836625598757863,0.029691087723790546,6.913113223658851,0.9911642983833153,0.9994014393182605,0.9997300768587797,0.05498071573113218,0.008579449989248688,0.12165895290900237,0.09155192929119517,0.06940329180822484,-0.006140316032015403,0.05501224426845133,0.023891514122902198,6.913113215364396,0.9957179262400359,0.9993834988073638,0.9996126480601822,0.05498071573113218,0.008579449989248688,0.12165895290900237,0.09155192929119517,0.06940329180822484,-0.006140316032015403,0.05501224426845133,0.023891514122902198,6.913113215364396,0.9957179262400359,0.9993834988073638,0.9996126480601822,0.04433177649346274,0.009783504515759097,0.13249756280912217,0.07762079740605445,0.0687873578927907,0.016679382656808576,0.04260591929705836,0.01850351564712772,6.673453978307356,0.9953672707997798,0.9993892071517401,0.9996787017593933,0.05514379449271715,0.008811401119495467,0.12411765740875422,0.09287123552688568,0.06913136333372669,0.00017875161809077005,0.054827579862660146,0.023811315390463147,6.913113223605382,0.9955866343193819,0.9993786059407556,0.9995963385048215,0.010266773868352175,0.27135924017056823,0.07467163307592273,ok,
759xd9YjKW5,fffe7407b0324ceca095d418d02e2ea3,fffe7407b0324ceca095d418d02e2ea3_i0_3,0,3,/home/bgao491/Matterport3D/v1/scans/759xd9YjKW5/undistorted_color_images/fffe7407b0324ceca095d418d02e2ea3_i0_3.jpg,/home/bgao491/Matterport3D/v1/scans/759xd9YjKW5/undistorted_depth_images/fffe7407b0324ceca095d418d02e2ea3_d0_3.png,1024,1280,406,504,1.4155678118069965,1238545,0.9449348449707031,-3.288130044937134,5.945889949798584,1.5807100534439087,True,204624,1.0,True,,1.0,204624,0.9729079604148865,-0.027465794883045142,1.0192479571420683,0.046530853322636394,log-depth Laplacian fallback,,,,0.030704708630448593,0.003120558280191843,0.08158514803494887,0.05620668088224364,0.04008690285564278,-0.015565988631401696,0.03095510422240445,0.013443630950530316,3.694130179737599,0.998419112749234,1.0,1.0,0.04757213285448598,0.00551471107390137,0.1062496005388436,0.08620282873394672,0.05671326267043949,-0.04303178345452224,0.048873748256469,0.021225599177713182,3.6941301756291303,0.9987767905082173,1.0,1.0,0.04757213285448598,0.00551471107390137,0.1062496005388436,0.08620282873394672,0.05671326267043949,-0.04303178345452224,0.048873748256469,0.021225599177713182,3.6941301756291303,0.9987767905082173,1.0,1.0,0.04933582942534969,0.006983058174642508,0.1275282752688928,0.09953687205880063,0.05843182414282146,-0.0367212595478134,0.05031800031798901,0.021852829878508683,4.545137148513493,0.9985200376247936,1.0,1.0,0.02770972890044482,0.0030999464654620505,0.08299302848434335,0.054524765265031784,0.037106651996388476,0.0034991204329867564,0.027415522086483977,0.011906409960656719,3.694130179861743,0.9975212850562555,1.0,1.0,0.010770828928798437,0.2657679219264537,0.07508209277875721,ok,
759xd9YjKW5,fffe7407b0324ceca095d418d02e2ea3,fffe7407b0324ceca095d418d02e2ea3_i0_4,0,4,/home/bgao491/Matterport3D/v1/scans/759xd9YjKW5/undistorted_color_images/fffe7407b0324ceca095d418d02e2ea3_i0_4.jpg,/home/bgao491/Matterport3D/v1/scans/759xd9YjKW5/undistorted_depth_images/fffe7407b0324ceca095d418d02e2ea3_d0_4.png,1024,1280,406,504,1.4155678118069965,1233123,0.9407981872558594,-3.292259931564331,5.959839820861816,1.580989956855774,True,204624,1.0,True,,1.0,204624,0.941479504108429,-0.06030270052344926,0.9383384645679501,0.0033418581118839635,log-depth Laplacian fallback,,,,0.07706492245531377,0.017356350477240302,0.18479920321142113,0.1419670116574615,0.08931375718933073,0.05367604221357202,0.07346322920299671,0.031904675065655294,7.138508048298019,0.9905694727938738,0.9985013660437767,1.0,0.05415830458026193,0.008559035554767514,0.12117952331880659,0.08942813042376872,0.07169199612500807,-0.006626658182034113,0.05435871230514436,0.023607688797490593,7.138508044211095,0.9926106317050286,0.9996147991725075,1.0,0.05415830458026193,0.008559035554767514,0.12117952331880659,0.08942813042376872,0.07169199612500807,-0.006626658182034113,0.05435871230514436,0.023607688797490593,7.138508044211095,0.9926106317050286,0.9996147991725075,1.0,0.02889737346473317,0.004829823609998183,0.0947812307487937,0.05023761663580406,0.049979931435219636,-0.0029447871878507206,0.02863720964426271,0.012436982125609885,4.989310347821156,0.9892792527590516,0.9996066896814024,1.0,0.053913072062528655,0.008478900942763375,0.12001271365177212,0.08836837120889966,0.07207774391433772,-0.009968522842871355,0.05429402357502662,0.02357959483895914,7.1385080514852675,0.992520616353762,0.9996204758162811,1.0,0.011173684848472476,0.2714636519085616,0.07122287200763822,ok,
759xd9YjKW5,fffe7407b0324ceca095d418d02e2ea3,fffe7407b0324ceca095d418d02e2ea3_i0_5,0,5,/home/bgao491/Matterport3D/v1/scans/759xd9YjKW5/undistorted_color_images/fffe7407b0324ceca095d418d02e2ea3_i0_5.jpg,/home/bgao491/Matterport3D/v1/scans/759xd9YjKW5/undistorted_depth_images/fffe7407b0324ceca095d418d02e2ea3_d0_5.png,1024,1280,406,504,1.4155678118069965,1186257,0.9050422668457031,-3.2822399139404297,5.9703898429870605,1.5812400579452515,True,204624,1.0,True,,1.0,204624,0.9758815765380859,-0.024414035445049786,0.9336857610313235,0.044201306210268076,log-depth Laplacian fallback,,,,0.09323576704104253,0.013121585870639996,0.1274259705361405,0.11226462444982865,0.10305043667891461,0.036343879747789645,0.09164995055634251,0.0398030677933254,9.642880744151718,0.9955001319275671,0.9997395168163391,1.0,0.07990485427270981,0.010958191446789636,0.11674887519371431,0.09653504795317365,0.09716396505440565,0.011929844291807956,0.08042818163476052,0.034929515473488965,9.642880752278844,0.9843044129560458,1.0,1.0,0.07990485427270981,0.010958191446789636,0.11674887519371431,0.09653504795317365,0.09716396505440565,0.011929844291807956,0.08042818163476052,0.034929515473488965,9.642880752278844,0.9843044129560458,1.0,1.0,0.07855225263588585,0.010137938506230267,0.11108024194317734,0.09358404442718371,0.09214112807734397,0.02339970210069591,0.0780120644959463,0.03388020913247006,8.912037603693216,0.9948004521785752,0.9994301403490138,1.0,0.06474647386033915,0.010878517882734693,0.11702018216798371,0.07886577607326078,0.1016855981522475,-0.032271442021893366,0.06839226635670428,0.029702383883574098,9.642880742500102,0.9333913308836113,1.0,1.0,0.012474729213863611,0.2683723890222609,0.07418693299405277,ok,
759xd9YjKW5,fffe7407b0324ceca095d418d02e2ea3,fffe7407b0324ceca095d418d02e2ea3_i1_0,1,0,/home/bgao491/Matterport3D/v1/scans/759xd9YjKW5/undistorted_color_images/fffe7407b0324ceca095d418d02e2ea3_i1_0.jpg,/home/bgao491/Matterport3D/v1/scans/759xd9YjKW5/undistorted_depth_images/fffe7407b0324ceca095d418d02e2ea3_d1_0.png,1024,1280,406,504,1.4121168655554452,1227373,0.9364112854003906,-3.275820016860962,5.958280086517334,1.6142699718475342,True,204624,1.0,True,,1.0,204624,1.0322473049163818,0.03173827489800159,0.9759162742270385,0.05611675575019982,log-depth Laplacian fallback,,,,0.07256505766845697,0.011710738037775593,0.1236954093378371,0.0931666159668128,0.102185432530449,-0.004073312904171309,0.07413377806706435,0.03219589073716636,10.210421511093289,0.9385850918995285,0.9993082787384112,1.0,0.08781617308661653,0.014076606580515846,0.13769766121423457,0.11422114870544446,0.10578573097273736,0.027664961938824922,0.08686100203839124,0.03772325387786042,10.210421518409381,0.9762476443591313,0.998886239146535,1.0,0.08781617308661653,0.014076606580515846,0.13769766121423457,0.11422114870544446,0.10578573097273736,0.027664961938824922,0.08686100203839124,0.03772325387786042,10.210421518409381,0.9762476443591313,0.998886239146535,1.0,0.0918107628670331,0.01602996646960367,0.14507304498939264,0.11651936363147097,0.11188676617979774,0.029459640457888247,0.08995694058280124,0.03906780290400928,10.793876982004512,0.9833326951138733,0.9991575503127411,0.9999951115105188,0.06678047829479308,0.011925930135855061,0.12572592614879188,0.08644601459208487,0.10599422518276426,-0.028451801733622602,0.07003443513629787,0.03041556872290539,10.210421514416126,0.8910477906879164,0.9991852517531346,1.0,0.012359871994704008,0.2750237740110606,0.07452584500424564,ok,
759xd9YjKW5,fffe7407b0324ceca095d418d02e2ea3,fffe7407b0324ceca095d418d02e2ea3_i1_1,1,1,/home/bgao491/Matterport3D/v1/scans/759xd9YjKW5/undistorted_color_images/fffe7407b0324ceca095d418d02e2ea3_i1_1.jpg,/home/bgao491/Matterport3D/v1/scans/759xd9YjKW5/undistorted_depth_images/fffe7407b0324ceca095d418d02e2ea3_d1_1.png,1024,1280,406,504,1.4121168655554452,1144193,0.8729499816894531,-3.27482008934021,5.954919815063477,1.6141999959945679,True,204624,1.0,True,,1.0,204624,1.012961745262146,0.012878460745130254,1.0691964348774625,0.054028910148718814,log-depth Laplacian fallback,,,,0.07393569294549243,0.03531563417844728,0.3947315944152268,0.2805485097880126,0.10272568894674942,-0.07561139923965647,0.07842327643774254,0.03405879620968489,6.953764070347508,0.9418673248306886,0.9968230884125318,0.9990438675992599,0.0627312716905445,0.02971755747494615,0.364151298445928,0.23930858498887503,0.09365311033047576,-0.06273293865443767,0.06633930031632031,0.028810792060700547,6.953764075916599,0.9455319163812399,0.9970074978609378,0.9990849445853978,0.0627312716905445,0.02971755747494615,0.364151298445928,0.23930858498887503,0.09365311033047576,-0.06273293865443767,0.06633930031632031,0.028810792060700547,6.953764075916599,0.9455319163812399,0.9970074978609378,0.9990849445853978,0.06120643377689637,0.03193630665152246,0.37952232999047786,0.23456079513224595,0.09698301917210518,-0.058159837113387486,0.06500931841153354,0.028233188258420503,7.760888708570144,0.9471601381934691,0.9971892853740584,0.9989389901878442,0.03490027835327757,0.017700182493008972,0.2823838351769132,0.13336442133988627,0.07008026209908733,-0.008704002378949341,0.03610953033160436,0.015682169767133883,6.95376407312185,0.9768142262712671,0.9974995477161632,0.9991330133989633,0.01034974493086338,0.2849224677775055,0.0715053859166801,ok,
759xd9YjKW5,fffe7407b0324ceca095d418d02e2ea3,fffe7407b0324ceca095d418d02e2ea3_i1_2,1,2,/home/bgao491/Matterport3D/v1/scans/759xd9YjKW5/undistorted_color_images/fffe7407b0324ceca095d418d02e2ea3_i1_2.jpg,/home/bgao491/Matterport3D/v1/scans/759xd9YjKW5/undistorted_depth_images/fffe7407b0324ceca095d418d02e2ea3_d1_2.png,1024,1280,406,504,1.4121168655554452,1203726,0.9183700561523438,-3.2772300243377686,5.952380180358887,1.6141400337219238,True,204624,1.0,True,,1.0,204624,1.1431516408920288,0.1337890452097696,0.9138356666011191,0.2238935647441929,log-depth Laplacian fallback,,,,0.10340163957796174,0.03881470956292117,0.2997546692183406,0.20365538018164575,0.11668116810351922,0.06147638567442985,0.09830479624476465,0.042693230553724856,9.91723196986461,0.9731126518825712,0.9938441140259494,0.9976871813020571,0.2260024442226976,0.12288434035918608,0.4943826263010719,0.408799305064349,0.2190062497806592,0.19526543077452632,0.19954088853091512,0.08665950680304828,9.917231966343811,0.48988307970418515,0.9916334780506527,0.9950520301131653,0.2260024442226976,0.12288434035918608,0.4943826263010719,0.408799305064349,0.2190062497806592,0.19526543077452632,0.19954088853091512,0.08665950680304828,9.917231966343811,0.48988307970418515,0.9916334780506527,0.9950520301131653,0.22969802122622832,0.12256042949479702,0.47568139546536337,0.39831551893784556,0.22440482790009958,0.19089386836302819,0.20217625893737695,0.08780403362834578,11.797058025741917,0.39688018701930505,0.9924791854624724,0.9961760400622733,0.05439664305793419,0.032887527777733,0.3257757650226866,0.15269609415189472,0.10322170516607121,-0.02862815778579585,0.056097035358337134,0.024362632907257407,9.917231972270745,0.9621849158363281,0.9950212922209871,0.998405783375951,0.010094397934153676,0.2658430489245802,0.07302963291294873,ok,
759xd9YjKW5,fffe7407b0324ceca095d418d02e2ea3,fffe7407b0324ceca095d418d02e2ea3_i1_3,1,3,/home/bgao491/Matterport3D/v1/scans/759xd9YjKW5/undistorted_color_images/fffe7407b0324ceca095d418d02e2ea3_i1_3.jpg,/home/bgao491/Matterport3D/v1/scans/759xd9YjKW5/undistorted_depth_images/fffe7407b0324ceca095d418d02e2ea3_d1_3.png,1024,1280,406,504,1.4121168655554452,1272907,0.9711509704589844,-3.280639886856079,5.953199863433838,1.6141400337219238,True,204624,1.0,True,,1.0,204624,0.9981935024261475,-0.0018081312583892836,0.9943950917643342,0.0038125434160025478,log-depth Laplacian fallback,,,,0.03044529440406556,0.005692202739501682,0.1178287844561801,0.0734516746977659,0.05051809936459793,-0.002590810635575734,0.03091654322817604,0.013426884123520198,5.045162102115231,0.9984869279531027,0.9999222252686174,1.0,0.029931525936181202,0.005703614679637431,0.11806049346043915,0.07220385507344038,0.05064303256267404,-0.004398941869128195,0.030457336560168535,0.013227453201551363,5.045162096083825,0.9985199232936892,0.9999222252686174,1.0,0.029931525936181202,0.005703614679637431,0.11806049346043915,0.07220385507344038,0.05064303256267404,-0.004398941869128195,0.030457336560168535,0.013227453201551363,5.045162096083825,0.9985199232936892,0.9999222252686174,1.0,0.03196343266859257,0.0060479356467444826,0.12382328001254034,0.07987055029971718,0.05105442955546521,-0.002874001325718491,0.03242624787623486,0.014082540521475837,5.097347245002765,0.998138120066902,0.9999222252686174,1.0,0.029415127537686485,0.005785984407837233,0.11927305218529431,0.07131524884092333,0.051115504416897724,-0.008211499904355877,0.0300538130178568,0.013052205153807327,5.045162099590709,0.998582771561473,0.9999222252686174,1.0,0.010128116933628917,0.26231647306121886,0.07513376488350332,ok,
759xd9YjKW5,fffe7407b0324ceca095d418d02e2ea3,fffe7407b0324ceca095d418d02e2ea3_i1_4,1,4,/home/bgao491/Matterport3D/v1/scans/759xd9YjKW5/undistorted_color_images/fffe7407b0324ceca095d418d02e2ea3_i1_4.jpg,/home/bgao491/Matterport3D/v1/scans/759xd9YjKW5/undistorted_depth_images/fffe7407b0324ceca095d418d02e2ea3_d1_4.png,1024,1280,406,504,1.4121168655554452,1272141,0.9705665588378907,-3.281630039215088,5.956560134887695,1.6142100095748901,True,204624,1.0,True,,1.0,204624,0.9490952491760254,-0.05224611746771671,0.9517210240491745,0.002762788366605394,log-depth Laplacian fallback,,,,0.07137250263839598,0.032482141655274216,0.2632614028668365,0.16396247090753363,0.10312123051346449,0.04693712865663943,0.06637798789076166,0.02882759386079866,9.181990054493173,0.9738849702981037,0.985019742308439,0.9954737721683367,0.03928485333288131,0.022183579660823086,0.20611343071852878,0.07200501961574184,0.09197325422388072,-0.005308988738393692,0.037010014001544175,0.016073244856032724,9.181990051784092,0.9681057367068587,0.986631198900122,0.9995126326405642,0.03928485333288131,0.022183579660823086,0.20611343071852878,0.07200501961574184,0.09197325422388072,-0.005308988738393692,0.037010014001544175,0.016073244856032724,9.181990051784092,0.9681057367068587,0.986631198900122,0.9995126326405642,0.042264026669226615,0.02188085489097359,0.20805749485591507,0.08296282265496578,0.0882278595502025,0.004904210659042861,0.03956967274058354,0.017184890521952947,8.809145201790006,0.9764656590739549,0.9861485479990032,0.9995330706266051,0.03915435812966615,0.02236521013445607,0.20719326153173384,0.07227971684981896,0.09185519764618741,-0.002546212473459892,0.03677126895375318,0.015969559199195373,9.181990054808463,0.9684932723652488,0.986521934282442,0.9995016275711576,0.015226300107315183,0.2683000660035759,0.07491857395507395,ok,
759xd9YjKW5,fffe7407b0324ceca095d418d02e2ea3,fffe7407b0324ceca095d418d02e2ea3_i1_5,1,5,/home/bgao491/Matterport3D/v1/scans/759xd9YjKW5/undistorted_color_images/fffe7407b0324ceca095d418d02e2ea3_i1_5.jpg,/home/bgao491/Matterport3D/v1/scans/759xd9YjKW5/undistorted_depth_images/fffe7407b0324ceca095d418d02e2ea3_d1_5.png,1024,1280,406,504,1.4121168655554452,1198821,0.9146278381347657,-3.2792201042175293,5.959099769592285,1.6142699718475342,True,204624,1.0,True,,1.0,204624,1.0128998756408691,0.01281738093527778,0.8704882986543231,0.15151834289679078,log-depth Laplacian fallback,,,,0.14222414941431574,0.023746494809099093,0.14620191728926207,0.13049164423183782,0.15084410543460164,0.07759518939919455,0.1328011911051387,0.05767482448714094,12.93558298897593,0.9772901876093262,1.0,1.0,0.1487803799683464,0.02634711783973808,0.15318618966542696,0.13567275311601357,0.15782066909974243,0.09041257025897091,0.1374932350013312,0.05971255326010521,12.935582991986502,0.9400736223339431,1.0,1.0,0.1487803799683464,0.02634711783973808,0.15318618966542696,0.13567275311601357,0.15782066909974243,0.09041257025897091,0.1374932350013312,0.05971255326010521,12.935582991986502,0.9400736223339431,1.0,1.0,0.1521964676628721,0.028541229947873246,0.15907926382704826,0.13759495179133088,0.16354246253863194,0.09517405351068015,0.13968739179400383,0.06066546344759347,13.299637811439089,0.8220401544517488,1.0,1.0,0.11175905219903925,0.019055847059096114,0.14734256678940708,0.11966386209534725,0.1430623917744935,-0.061105787106636084,0.1194368661537659,0.051870771906397814,12.93558298737136,0.7890235489701966,1.0,1.0,0.012098707957193255,0.2700013651046902,0.07439393689855933,ok,
759xd9YjKW5,fffe7407b0324ceca095d418d02e2ea3,fffe7407b0324ceca095d418d02e2ea3_i2_0,2,0,/home/bgao491/Matterport3D/v1/scans/759xd9YjKW5/undistorted_color_images/fffe7407b0324ceca095d418d02e2ea3_i2_0.jpg,/home/bgao491/Matterport3D/v1/scans/759xd9YjKW5/undistorted_depth_images/fffe7407b0324ceca095d418d02e2ea3_d2_0.png,1024,1280,406,504,1.4165615917841592,1134027,0.8651939392089844,-3.268320083618164,5.965590000152588,1.6476999521255493,True,204624,1.0,True,,1.0,204624,1.0738916397094727,0.07128909687126007,1.1110975827658016,0.03405924320166555,log-depth Laplacian fallback,,,,0.10149124541482941,0.013855023197147535,0.133047563205824,0.1265581926806132,0.11596479549770616,-0.1041438770749323,0.10759868899408974,0.04672951689015733,5.100869203014521,0.9953166899906263,1.0,1.0,0.045831861880468595,0.0038855842529142122,0.06727050875505211,0.05322281799849013,0.06067390924340734,-0.03285478029183106,0.04680489532849156,0.020327107767223167,5.100869214999283,0.9950010008580042,1.0,1.0,0.045831861880468595,0.0038855842529142122,0.06727050875505211,0.05322281799849013,0.06067390924340734,-0.03285478029183106,0.04680489532849156,0.020327107767223167,5.100869214999283,0.9950010008580042,1.0,1.0,0.04966001425373789,0.004342533417068526,0.07095280844712604,0.057514609228965514,0.06461530698452947,-0.03336251341170494,0.05069412357825696,0.02201617813495854,5.533606957092987,0.9950433278925458,1.0,1.0,0.03670052991235547,0.003460356650533657,0.06923523967865175,0.047581606691050084,0.05102291031651514,0.0012044553390185267,0.036319097874994995,0.01577318379481445,5.100869204854655,0.9949525011309255,1.0,1.0,0.016504697035998106,0.2779696888756007,0.07445824798196554,ok,
759xd9YjKW5,fffe7407b0324ceca095d418d02e2ea3,fffe7407b0324ceca095d418d02e2ea3_i2_1,2,1,/home/bgao491/Matterport3D/v1/scans/759xd9YjKW5/undistorted_color_images/fffe7407b0324ceca095d418d02e2ea3_i2_1.jpg,/home/bgao491/Matterport3D/v1/scans/759xd9YjKW5/undistorted_depth_images/fffe7407b0324ceca095d418d02e2ea3_d2_1.png,1024,1280,406,504,1.4165615917841592,1209685,0.9229164123535156,-3.2641899585723877,5.9516401290893555,1.647420048713684,True,204624,1.0,True,,1.0,204624,1.0860199928283691,0.0825196309448389,1.076881365660624,0.008450391427779355,log-depth Laplacian fallback,,,,0.0697269855679114,0.01215707220487092,0.1673727716979033,0.15592825533532817,0.07749370724530603,-0.06956783741363505,0.07232471759221404,0.0314102257555096,3.414074779806728,0.9978358002289852,0.9996255223467266,1.0,0.022709645970930097,0.003578035501047471,0.09217072411171355,0.05373709178442625,0.03651492328130915,0.012951793514887846,0.0221474035462235,0.009618495148609381,3.41407478973089,0.9958071729417163,0.9994246436055667,0.9999884267391924,0.022709645970930097,0.003578035501047471,0.09217072411171355,0.05373709178442625,0.03651492328130915,0.012951793514887846,0.0221474035462235,0.009618495148609381,3.41407478973089,0.9958071729417163,0.9994246436055667,0.9999884267391924,0.028697173596622313,0.005274364578224155,0.1128951135974566,0.06758050395183028,0.0443458140269626,0.014872234067318807,0.027882987472540113,0.01210942759830167,4.177760016517027,0.9957311200849808,0.9994014970839517,0.999902453944622,0.021262913352359632,0.0030568674866419715,0.08359896633462849,0.047366646463001816,0.03443622569453994,0.004501442069248538,0.020884627070832305,0.009070078293469744,3.4140747785930117,0.9959460520714071,0.9994411768352919,1.0,0.010346350958570838,0.2657787878997624,0.07442604098469019,ok,
759xd9YjKW5,fffe7407b0324ceca095d418d02e2ea3,fffe7407b0324ceca095d418d02e2ea3_i2_2,2,2,/home/bgao491/Matterport3D/v1/scans/759xd9YjKW5/undistorted_color_images/fffe7407b0324ceca095d418d02e2ea3_i2_2.jpg,/home/bgao491/Matterport3D/v1/scans/759xd9YjKW5/undistorted_depth_images/fffe7407b0324ceca095d418d02e2ea3_d2_2.png,1024,1280,406,504,1.4165615917841592,1228999,0.9376518249511718,-3.274209976196289,5.941090106964111,1.6471699476242065,True,204624,1.0,True,,1.0,204624,1.0686607360839844,0.0664062159879306,1.0864193773259634,0.01648109794735722,log-depth Laplacian fallback,,,,0.09579270255591629,0.02169889684742492,0.19369291069993305,0.1630650356397057,0.11646930227235704,-0.08443833512428037,0.09895275766315612,0.04297463662221843,8.0220109282208,0.9856077995181445,0.9927111413434836,0.9994336854627222,0.046023475511761856,0.013552770518253212,0.14593263139344353,0.07006500135153176,0.08222179301454453,-0.018032119068192458,0.044669173272481974,0.019399575463419146,8.022010925221391,0.9838266752047805,0.9894174039197754,0.9992538643237301,0.046023475511761856,0.013552770518253212,0.14593263139344353,0.07006500135153176,0.08222179301454453,-0.018032119068192458,0.044669173272481974,0.019399575463419146,8.022010925221391,0.9838266752047805,0.9894174039197754,0.9992538643237301,0.0476682181402603,0.013768015787658044,0.14512801247825746,0.07078085217472233,0.08581460130143877,-0.02482743427779593,0.046714162093574756,0.020287702823973564,8.214465474823434,0.9841204101874778,0.9894686651494428,0.9992912931580904,0.044278393678280424,0.013899526388399721,0.14857182635391422,0.0670614621546443,0.08023510265934478,-0.0015510519555148267,0.04218633727114276,0.018321293488566797,8.022010930301011,0.9831033222972516,0.9890284695105529,0.999203416764375,0.011224132962524891,0.2685787579976022,0.07489771815016866,ok,
759xd9YjKW5,fffe7407b0324ceca095d418d02e2ea3,fffe7407b0324ceca095d418d02e2ea3_i2_3,2,3,/home/bgao491/Matterport3D/v1/scans/759xd9YjKW5/undistorted_color_images/fffe7407b0324ceca095d418d02e2ea3_i2_3.jpg,/home/bgao491/Matterport3D/v1/scans/759xd9YjKW5/undistorted_depth_images/fffe7407b0324ceca095d418d02e2ea3_d2_3.png,1024,1280,406,504,1.4165615917841592,1221911,0.9322441101074219,-3.2883501052856445,5.9444899559021,1.647189974784851,True,204624,1.0,True,,1.0,204624,1.043395757675171,0.04248054573165511,1.0007153852254367,0.04176541627225526,log-depth Laplacian fallback,,,,0.06859618098836368,0.02396006331701499,0.18303145142578425,0.09937516236203756,0.10885788141369597,-0.0011320106245942358,0.06430919139503877,0.027929126958525386,10.885199537823869,0.9663977163639578,0.9763992631214549,0.9993878441228534,0.07580274238596907,0.03198223626862362,0.2271947118123336,0.13446525767800938,0.11644079294092416,0.04134853510435202,0.06847873925301472,0.029739938585275898,10.885199541320013,0.9641708766023057,0.974578344904007,0.996881114909351,0.07580274238596907,0.03198223626862362,0.2271947118123336,0.13446525767800938,0.11644079294092416,0.04134853510435202,0.06847873925301472,0.029739938585275898,10.885199541320013,0.9641708766023057,0.974578344904007,0.996881114909351,0.09093201941462842,0.03523722100753146,0.2322720161679817,0.14771215391185244,0.1266577029452895,0.033749620027804746,0.08363068982485784,0.03632034710869821,12.207840457409327,0.9640587571435235,0.9743802944731654,0.9956911755438816,0.06864398508944375,0.024036504559188147,0.18352081287309788,0.09983035831893104,0.10885279366143875,-0.0004168914766987777,0.06430792411970554,0.02792857658784113,10.885199533952704,0.9663518865121928,0.9763640723424211,0.9993870257326434,0.010315638035535812,0.2677965681068599,0.0748406418133527,ok,
759xd9YjKW5,fffe7407b0324ceca095d418d02e2ea3,fffe7407b0324ceca095d418d02e2ea3_i2_4,2,4,/home/bgao491/Matterport3D/v1/scans/759xd9YjKW5/undistorted_color_images/fffe7407b0324ceca095d418d02e2ea3_i2_4.jpg,/home/bgao491/Matterport3D/v1/scans/759xd9YjKW5/undistorted_depth_images/fffe7407b0324ceca095d418d02e2ea3_d2_4.png,1024,1280,406,504,1.4165615917841592,1231089,0.9392463684082031,-3.292479991912842,5.958439826965332,1.6474699974060059,True,204624,1.0,True,,1.0,204624,1.0250898599624634,0.024780277003796355,1.048417149311445,0.02250127293297223,log-depth Laplacian fallback,,,,0.07518699465500285,0.0207767981960577,0.17514454399133375,0.10733282772313862,0.11255414336481595,-0.05252753976331982,0.07555122156786016,0.032811478627971624,9.954543060834283,0.9786148686244455,0.9881722604945703,0.9979879602530768,0.06024124272056665,0.019617256437646766,0.17018556251333392,0.08489030434291545,0.10334023087783437,-0.02774726279614606,0.0589529485989944,0.025602940268469324,9.954543045868917,0.97744029879237,0.9872616845735768,0.9975322661481014,0.06024124272056665,0.019617256437646766,0.17018556251333392,0.08489030434291545,0.10334023087783437,-0.02774726279614606,0.0589529485989944,0.025602940268469324,9.954543045868917,0.97744029879237,0.9872616845735768,0.9975322661481014,0.05688598993922893,0.020927495598228138,0.1788991166628148,0.08592415966367933,0.1007265796323322,-0.012575741708286566,0.054353248136511295,0.023605315739205057,9.993845388495371,0.9760009227602553,0.9860131964463983,0.9961270062521881,0.05702425433483511,0.02042228405224894,0.17695879765000957,0.08816799084676473,0.09968356806061934,-0.005246045099886691,0.0544347111704514,0.02364069468532436,9.954543059380518,0.9762852238952667,0.9865135664440182,0.9966761135872386,0.017379355151206255,0.271432955050841,0.07449358189478517,ok,
759xd9YjKW5,fffe7407b0324ceca095d418d02e2ea3,fffe7407b0324ceca095d418d02e2ea3_i2_5,2,5,/home/bgao491/Matterport3D/v1/scans/759xd9YjKW5/undistorted_color_images/fffe7407b0324ceca095d418d02e2ea3_i2_5.jpg,/home/bgao491/Matterport3D/v1/scans/759xd9YjKW5/undistorted_depth_images/fffe7407b0324ceca095d418d02e2ea3_d2_5.png,1024,1280,406,504,1.4165615917841592,1182947,0.9025169372558594,-3.2824699878692627,5.968979835510254,1.6477299928665161,True,204624,1.0,True,,1.0,204624,1.030358910560608,0.029907198399513432,0.955523460414485,0.07540316097868785,log-depth Laplacian fallback,,,,0.06328961600309763,0.008347137787357633,0.0932816680493411,0.06757797286350857,0.08296001343834164,0.0529341460073653,0.059725655121046016,0.02593852244712698,6.38775392149757,0.9893553980017702,0.9994539062189599,1.0,0.089491294140854,0.013642341477103326,0.1205921695716308,0.09582661413842149,0.10460893072624716,0.0828413445135226,0.08367170960515166,0.03633816177292871,6.387753929888531,0.9883435183486665,0.9942947570770289,1.0,0.089491294140854,0.013642341477103326,0.1205921695716308,0.09582661413842149,0.10460893072624716,0.0828413445135226,0.08367170960515166,0.03633816177292871,6.387753929888531,0.9883435183486665,0.9942947570770289,1.0,0.08618780532852469,0.012470691664971138,0.11334430087887358,0.0906727675158755,0.10174027874841761,0.07808304356985457,0.08071331936904752,0.03505334921807219,6.522363549108488,0.9885700711866212,0.9964951937829843,1.0,0.0488517772706694,0.004570491650998122,0.06724899540274973,0.050147170381392436,0.06430914507058942,0.007438152916556359,0.047742107460854825,0.020734133824681315,6.387753925207232,0.9908778668866821,1.0,1.0,0.012797454837709665,0.2741369910072535,0.07468024780973792,ok,
